Wavenumber (cm^{-1}),Spectrum_OrigIdxInItem_1,Spectrum_OrigIdxInItem_2,Spectrum_OrigIdxInItem_3,Spectrum_OrigIdxInItem_4,Spectrum_OrigIdxInItem_5,Spectrum_OrigIdxInItem_6,Spectrum_OrigIdxInItem_7,Spectrum_OrigIdxInItem_8,Spectrum_OrigIdxInItem_10,Spectrum_OrigIdxInItem_11,Spectrum_OrigIdxInItem_12,Spectrum_OrigIdxInItem_13,Spectrum_OrigIdxInItem_14,Spectrum_OrigIdxInItem_15,Spectrum_OrigIdxInItem_16,Spectrum_OrigIdxInItem_17,Spectrum_OrigIdxInItem_18,Spectrum_OrigIdxInItem_19,Spectrum_OrigIdxInItem_20,Spectrum_OrigIdxInItem_21,Spectrum_OrigIdxInItem_22,Spectrum_OrigIdxInItem_23,Spectrum_OrigIdxInItem_24,Spectrum_OrigIdxInItem_25,Spectrum_OrigIdxInItem_26,Spectrum_OrigIdxInItem_27,Spectrum_OrigIdxInItem_28,Spectrum_OrigIdxInItem_29,Spectrum_OrigIdxInItem_30,Spectrum_OrigIdxInItem_31,Spectrum_OrigIdxInItem_32,Spectrum_OrigIdxInItem_33,Spectrum_OrigIdxInItem_34,Spectrum_OrigIdxInItem_35,Spectrum_OrigIdxInItem_36,Spectrum_OrigIdxInItem_37,Spectrum_OrigIdxInItem_38,Spectrum_OrigIdxInItem_39,Spectrum_OrigIdxInItem_40,Spectrum_OrigIdxInItem_41,Spectrum_OrigIdxInItem_42,Spectrum_OrigIdxInItem_43,Spectrum_OrigIdxInItem_44,Spectrum_OrigIdxInItem_45,Spectrum_OrigIdxInItem_46,Spectrum_OrigIdxInItem_47,Spectrum_OrigIdxInItem_48,Spectrum_OrigIdxInItem_49,Spectrum_OrigIdxInItem_50,Spectrum_OrigIdxInItem_51,Spectrum_OrigIdxInItem_52,Spectrum_OrigIdxInItem_53,Spectrum_OrigIdxInItem_54,Spectrum_OrigIdxInItem_55,Spectrum_OrigIdxInItem_56,Spectrum_OrigIdxInItem_57,Spectrum_OrigIdxInItem_58,Spectrum_OrigIdxInItem_59,Spectrum_OrigIdxInItem_60,Spectrum_OrigIdxInItem_61,Spectrum_OrigIdxInItem_62,Spectrum_OrigIdxInItem_63,Spectrum_OrigIdxInItem_64,Spectrum_OrigIdxInItem_65,Spectrum_OrigIdxInItem_66,Spectrum_OrigIdxInItem_67,Spectrum_OrigIdxInItem_68,Spectrum_OrigIdxInItem_70,Spectrum_OrigIdxInItem_71,Spectrum_OrigIdxInItem_72,Spectrum_OrigIdxInItem_73,Spectrum_OrigIdxInItem_74,Spectrum_OrigIdxInItem_75,Spectrum_OrigIdxInItem_76,Spectrum_OrigIdxInItem_77,Spectrum_OrigIdxInItem_79,Spectrum_OrigIdxInItem_80,Spectrum_OrigIdxInItem_81,Spectrum_OrigIdxInItem_82,Spectrum_OrigIdxInItem_83,Spectrum_OrigIdxInItem_84,Spectrum_OrigIdxInItem_85,Spectrum_OrigIdxInItem_86,Spectrum_OrigIdxInItem_87,Spectrum_OrigIdxInItem_88,Spectrum_OrigIdxInItem_89,Spectrum_OrigIdxInItem_91,Spectrum_OrigIdxInItem_93,Spectrum_OrigIdxInItem_94,Spectrum_OrigIdxInItem_95,Spectrum_OrigIdxInItem_96,Spectrum_OrigIdxInItem_97,Spectrum_OrigIdxInItem_98,Spectrum_OrigIdxInItem_99,Spectrum_OrigIdxInItem_100,Spectrum_OrigIdxInItem_101,Spectrum_OrigIdxInItem_102,Spectrum_OrigIdxInItem_103,Spectrum_OrigIdxInItem_104,Spectrum_OrigIdxInItem_105,Spectrum_OrigIdxInItem_106,Spectrum_OrigIdxInItem_107,Spectrum_OrigIdxInItem_109,Spectrum_OrigIdxInItem_110,Spectrum_OrigIdxInItem_111,Spectrum_OrigIdxInItem_112,Spectrum_OrigIdxInItem_113,Spectrum_OrigIdxInItem_114,Spectrum_OrigIdxInItem_115,Spectrum_OrigIdxInItem_116,Spectrum_OrigIdxInItem_117,Spectrum_OrigIdxInItem_118,Spectrum_OrigIdxInItem_119,Spectrum_OrigIdxInItem_120,Spectrum_OrigIdxInItem_121
380.958441887711,0,0,0,0,0,0,0,0,0,0,0,0,0,0,0,0,0,0,0,0,0,0,0,0,0,0,0,0,0,0,0,0,0,0,0,0,0,0,0,0,0,0,0,0,0,0,0,0,0,0,0,0,0,0,0,0,0,0,0,0,0,0,0,0,0,0,0,0,0,0,0,0,0,0,0,0,0,0,0,0,0,0,0,0,0,0,0,0,0,0,0,0,0,0,0,0,0,0,0,0,0,0,0,0,0,0.000263736110848901,0,0,0,0,0,0,0,0,0
384.515243875205,0.000798218328135921,0,0,0,0,0,0,0,0,0.00194372429018748,0,0,0,0,0,0,0.00037816003550403,0,0,0,0,0,0,0,0,0,0,0,0,0,0,0,0,0,0,0.00209012594637553,0,0,0,0,0,0,0,0,0,0,0.000374701349071061,0.00331405269292589,0,0,0,0,0.0030875362078119,0,0.000480686427413225,0,0.00070374575680516,0,0,0,0,0,0,0,0,0.0056384692455477,0,0,0,0,0,0,0.000180507533258361,0,0,0,0,0,0,0,0,0,0,0,0,0,0,0.00176667832048441,0,0.000136219085984958,0.000248433074669561,0,0,0.00417220318087473,0,0.0011574380480177,0,0,0,0,0,0,0,0,0,0,0,0,0,0,0,0,0,0,0
388.069349005981,0.00645406067888931,0,0.0120523159024546,0.01304717875174,0.00672710979664982,0.00380192948911313,0.0186456813363098,0.00228431782983763,0.00404365543670965,0.00275106933159746,0.0085819281994422,0.0148529410557923,0.00540469482005842,0.00653794802775748,0.0104597266875921,0.00123937375236791,0.0118695236465283,0.012439750278675,0.0148460901086628,0.0071238000072174,0.0155218889732227,0.00994894434534692,0.00126124135007222,0.00571885926610521,0.00280551311485043,0,0.00556834385006217,0.0129662623277797,0.000920134553297483,0.0170532778744617,0.00977551620146635,0.000682767468955752,0.00371504853241708,0.00289647769606592,0.0121732112249233,0.0108224513285917,0.00324339176859167,0.00857591547640519,0.00832188600173523,0.0102099139719131,0.0121528041674849,0.0103993108066433,0.00987743678617101,0.0117343110045057,0.00406658333035126,0.00585728422115639,0.0142120263387906,0.00681499641858881,0.00279135788447625,0.00720187740973677,0.0136870741452098,0.00333754809321799,0.0103102420443268,0.00826640472964169,0,0.00208510147752504,0.00627215491620828,0.00656124524276201,0.0126973786676533,0.00511463374877674,0.00174775873066252,0.0157765147364639,0.00464213954134102,0.00554273421837259,0.00710964930390202,0.00554670879289109,0.00658603381494314,0.015325374460786,0,0.00808100676254009,0.0161354273264176,9.9182415908008e-05,0.00416856622143461,0.017651692658478,0.00978742726427715,0.0107910349178019,0.00992463344888583,0.00747238581363775,0.00728720387378173,0.00733776686643845,0.0149539591012665,0.00753952574490283,0.00823762617823144,0.0119870739407111,0.0203174639567258,0.00245192210053276,0.00805208010082912,0.00723212101721229,0.0189639904048975,0.00254036345223709,0.0124110512158185,0.00102248286771222,0.00847540583156547,0.0044320163922407,0.00358515217115189,0.00675756989210155,0.0101765949566375,0.00914804146645927,0.0103164210817936,0.0059372547358518,0.00849497102559114,0.00179586883016054,0.00410065489666619,0.00307731838465093,0.0127303128260545,0.00201681457165516,0.00200896821556879,0.00681002497912951,0.000823671405992052,0.00641091265858578,0.00343749829869326,0.00959245431168345,0.0142188762937345,0.0162931399366233,0.0107296105257956
391.620760167868,0,0,0,0,0,0,0,0,0,0,0,0,0,0,0,0,0,0,0,0,0,0,0,0,0,0,0,0,0,0,0,0,0,0,0,0,0,0,0,0,0,0,0,0,0,0,0,0,0,0,0,0,0,0,0,0,0,0,0,0,0,0,0,0,0,0,0,0,0,0,0,0,0,0,0,0,0,0,0,0,0,0,0,0,0,0,0,0,0,0,0,0,0,0,0,0,0,0,0,0,0,0,0,0,0,0,0,0,0,0,0,0,0,0,0
395.169480244544,0,0,0,0,0,0,0,0.00128407218941959,0,0,0,0.000803360212365565,0.000891638594312295,0.00103359893916856,0.00767057545858988,0,0,0,0,0,0.000182449578524825,0,0,0,0.00321334783855094,0,0.00608593896451407,0,0.00243141737659567,0,0,0,0.00510848143659446,0,0,0,0,0,0,0,0.00152871791050861,0.00315653156356309,0.00108260879765569,0.00874250714315527,0.00174880777155757,0.000750701195273587,0.00267351522467934,0,0,0,0,0,0,0.00281501809096164,0,0,0.000687646821587947,0,0,0,0,0,0,0.00256463691747506,0,0,0,0,0,0,0,0.00207752651543036,0,0,0.000522619291448156,0,0,0.00305108637639838,9.80713929780379e-05,0,0.00928923498528247,0.00150649516391095,0.000901553134986527,0,0,0,0,0,0,0,0.00306422543512636,0,0,0,0.0029965067340278,0,0,0,0.00374524092675873,0,0,0.000627191296808372,0,0,0,0,0,0.00113070409668565,0,0,0,0,0,0,0
398.715512115511,0.0415187122273585,0.0412867635296659,0.0451439205158866,0.0427499874564958,0.0396967823707408,0.0339529492595505,0.0458232516017554,0.0434649738239478,0.0425254252796419,0.0444497141606462,0.0399473251024723,0.0418620563069971,0.0416432719271585,0.0341367459657212,0.0452461791585037,0.0391606809663087,0.0434855609746548,0.0513354586963857,0.0466964883009086,0.0489800429251933,0.0433712930988513,0.0456139963581143,0.0425182104585466,0.0516786095355645,0.046766898601297,0.0479212546467204,0.0375643919919565,0.0430907097420438,0.0469962492738307,0.0502447423071386,0.0426433066353871,0.0465445850999675,0.0471742200601106,0.0563092434283283,0.0477472412851101,0.0485889446978565,0.0365389285117492,0.0487382866223253,0.0411322332680821,0.042364154378252,0.0383524683092156,0.0501556578957093,0.039825200564762,0.0499730422706875,0.0410861729917559,0.0490547395447689,0.0484693771585779,0.0490748708870119,0.0464431118360851,0.0381857805654742,0.0469221801420348,0.0394914831978322,0.0555358247728806,0.0411011125530353,0.0459723622323695,0.0441210942384855,0.043710253989403,0.0481300733376166,0.0472116732150596,0.0431202453868891,0.0564063168794598,0.0523753451773323,0.0474015965345487,0.0433103526816872,0.0473818514806381,0.0517242484512694,0.0535365694228622,0.0444810439759379,0.0441877557308636,0.0430682149315201,0.0444401758591426,0.045102564935686,0.0395530704987582,0.0427450161443735,0.0431423499450328,0.0459996627527017,0.0420910921851814,0.0347076306317961,0.0467398743718902,0.0443046285744302,0.0427986866939466,0.0435772486792569,0.051204718309661,0.0425943700504302,0.0486479790137253,0.0373210563993819,0.0532039312537366,0.0375191699804117,0.0427759572298905,0.0510866210661063,0.041128418655344,0.0426582034985184,0.041327098645652,0.0466364717631191,0.0419837769248168,0.0487507837709172,0.0430907270317174,0.0394776319263227,0.0392054784592806,0.0494811961551205,0.0547717936576368,0.042074595878885,0.0465840516522306,0.0464958886693116,0.0488864480984781,0.0387568790405168,0.042137553833145,0.0540715425093729,0.0461429236473676,0.0442259415787145,0.0494893217787612,0.0494246380705926,0.0524148982036443,0.0477173075926181,0.0387915067173398
402.258858656118,0.00456044643405566,0.00458222526309425,0.00251655967180689,0.00681974483716699,0.000127752493020326,0,0.00140910777985172,0.0044531323863337,0.00754319610303537,0.00187685321216453,0,0.0113647624770867,0.00275188338522057,0.00997957343669688,0.00421217591201059,0.00547629524285671,0.00732643425681907,0.00542556242581269,0.00180882162359728,0.000324011207992067,0.00249547983574413,0.00679370025064022,0.00108392786530028,0.00941371385744308,0.00403153948201547,0.00100707685300023,0,0.00358897396791341,0.00652337627874046,0.00345064476422015,7.08196418355117e-05,0,0.00960494733364276,0,0.00255013709304057,0.00323790822301698,0.00504753564562527,0.00212478245236452,0.00533408880928681,0.00548718521219585,0.00721352451614424,0.00549211783190307,0.000747298201424177,0,0.00306562487578309,0,0.00133047697471637,0.00750530822603692,0.00127091572451733,0,0.00485930390716381,0.00839515087670221,0.0108280166479334,0.00321643932218792,0.00392932665123351,0.0102967828826004,0.000343595792595522,0.00160830024369197,0.0083255946177986,0.00148457122465933,0.00883304552959658,0.00605018350770974,0,0.0130147892472227,0,0,0.0061402124935951,0.00564995234941556,0.00866758857078656,0.00453320250249568,0.00363047166880762,0.0147911424321964,0.00854397294845994,0.00194318984979651,0.00779469257119597,0.00836572996132102,0.00465803036356568,0,0.00900461814330383,0.000167199782732467,0.00835350335281504,0.00555836665245602,0.00653597625099075,0.00638751664289455,0.00967773566918064,0.0062060778664108,0.00751169765707901,0.00116561724037133,0.00388890312319421,0,0.0049656447588131,0.0115516634863832,0.00360789486981355,0.00195707279845515,0.00387860884361941,0.0008789945183361,0.0178719205879645,0.00628713863060801,0.00192995435965879,0.00124866921771299,0.00478697523758073,0.00648134480025158,0.0019797206183121,0.01239846821295,0.0111136704010945,0,0.00068361765060793,0.0034964091333025,0.00776924560521366,0,0.0106020493641607,0.00476675661494688,0.00372685565855985,0,0.00495727726334514
405.799522737568,0,0,0,0,0,0,0,0,0,0,0,0,0,0,0,0,0,0,0,0,0,0,0,0,0,0,0,0,0,0,0,0,0,0,0,0,0,0,0,0,0,0,0,0,0,0,0,0,0,0,0,0,0,0,0,0,0,0,0,0,0,0,0,0,0,0,0,0,0,0,0,0,0,0,0,0,0,0,0,0,0,0,0,0,0,0,0,0,0,0,0,0,0,0,0,0,0,0,0,0,0,0,0,0,0,0.00138245478622774,0.000827716548547334,0,0,0,0,0,0,0,0
409.337507226919,0,0,0.00541019991009394,0.00113586857433042,0,0.00194067966362059,0,0.00319295624065345,0.00558917325685422,0.00422407692079585,0.00572521657600684,0.00244056676133078,0.0028629526834258,0.00152331751205114,0,0,0.00433512017162237,0,0.000526184059708673,0,0.0100725353795433,0.00529774061411834,0.0125414424119129,0.00525602199102406,0.00847582563288529,0,0.00296614450911257,0.00487493682105466,0,0.0088510821428732,0.00664182489302175,0.00842283666939091,0,0,0.00273650406368607,0,0.00522659617598201,0.00971810442098836,0.00773578929616438,0.00130407414275056,0.005103744688484,0.00123690495763275,0.000288983947663053,0,0.00372224915243343,0,0.00638103788151736,0,0.00905189146928705,0,0.00186228416535996,0.000143956078888048,0.00334705160016734,0.00240186508115232,0.00235543057112296,0,0.00416837050329851,0,0.00351904973270728,0.00165030017848602,0,0,0.00187639398272242,3.39074887957892e-05,0.00131303686646326,0,0.00463700263375403,0,0.00275754610803336,0,0.0048271721655366,0,0.00598730144356943,0.00590393381909683,0.00634274741252536,0.00696459914626555,0,0.00251142156728304,0.00372995553648145,0.00745034928122813,0,0.00626361065629998,0.00167967664350203,0,0.00661319815658682,0.000144599868325564,0.0043646108062076,0.0112434817197917,0.0029359665147604,0.00498311867403814,0,0.00207214445931896,0.00208336030773302,0,0,0.00241715841136677,0.0053026869336493,0.00685365399521029,0,0,0.00164247521071351,0.000657387025333352,0.00477670477155015,0.0130715858691103,0.00550133231953302,0,0.000385201189915479,0,0.00510316283454901,0,0,0.00107539482374036,0.00236354743810916,0.00285059836220528,0.00619811526846446
412.872814987094,0.00214163134370045,0.00167109082548162,0.00599843258111052,0.00593544133905943,0.00156141538740724,0.0057878084800199,0.00911563895737331,0.00117102751886947,0.00672714638186007,0.00102559229902169,0,0,0.0158700180363103,0.00642664152075882,0.00827195624235928,0.00382193278709977,0.00386151480128213,0.0105643819646911,0,0,0.00519654202589847,0.00210498872484237,0,0.0068376523095424,0,0.00514446883779381,0,0.0172609153921158,0.00674152125237182,0.00558275212930013,0.0082607180938583,0.0110964326364866,0.00912712896923086,0.00363650616845525,0.00715228145002415,0.0101873058458173,0,0,0.0018071684645666,0.00243132742241509,0.00619370647604495,0,0.00242822034116494,0.00451787028615612,0.00373622614456732,0.00439965099312242,0,0.00606910710783734,0.000345257112213951,0.00214808298135979,0.00672994414973879,0,0.00225912198208533,0.00901684338947552,0.0132839802522386,0.00777689150195941,0.00415790280194476,0.00217506412510734,0,0.0130770544394931,0.00461215261098288,0.0190763678053177,0.00679468179494404,0.00379722817408189,0.000782502370797749,0.0130067960555636,0.0041119372993267,0.00847631740196455,0.00331850975544598,0.00949318513442909,0.00374286793555247,0.0121815296885494,0.00117612695692098,0.00974738290367177,0.00798928853184424,0.0139327401283791,0.00373549468670134,0.00365494147573798,0.0075348087228103,0.00468663971312863,0.00618321302847922,0,0.000569624785554895,0.00613985316306647,0.000688016360145704,0.00919622472615964,0.00813148919148194,0.00659524430350239,0.00620503294200445,0,0.0056907105538268,0.00860577709440693,0.0179949064500746,0.0107128910310293,0.0185247528091023,0.013499616030656,0.00970005661742662,0.0111793438843026,0,0.00419767583467139,0.0110370004423721,0.0056741403253024,0.00532236915518045,0,0.0137766720706064,0.0145630252559191,0.0171182388129035,0.00354551264211014,0.0094095231398716,0.0034955627411199,0.00806588863706756,0.00491625771955602,0.00787924634978111,0.00454011498432195,0.0105461677190961
416.405448876898,0.0123891180422653,0.0123934093100077,0.0157589840341006,0.015476115807271,0.0107509337274981,0.0165385018241606,0.0139227408396517,0.0211540951275121,0.0159416877896774,0.0232071770378844,0.0262928801630902,0.0116763759422792,0.0196396124913122,0.0123787889390402,0.0126336923799187,0.0113307732683977,0.0135033809890089,0.0148644829887267,0.00943913806146271,0.0206716399085991,0.0126798893417839,0.0154087653315551,0.0153388823849111,0.0290344802891031,0.0165473731190245,0.0079199057684014,0.0181994521595699,0.0188983489272312,0.0181224984632607,0.0195156737776398,0.0152493998263991,0.0168982046234657,0.0214572221651451,0.018344062774414,0.0131754283333436,0.0208141013961579,0.0197561408735053,0.0273883193162875,0.0198185265342525,0.0160455225163579,0.00506154581142295,0.0189596070746217,0.0190220924680279,0.0185256819091159,0.0133857016229224,0.0180631312810122,0.0151099148870397,0.00823585269777634,0.0232561251736525,0.0184419864439356,0.0206510703763,0.016138932522481,0.0211079116689281,0.00798634687786655,0.0170702725333522,0.0131613651157327,0.0116267297447334,0.0189171277599461,0.0164490285541908,0.0223032327435747,0.0240910294996416,0.01742177052978,0.00952251914771824,0.0292130333853403,0.0149274087807577,0.0163678120684333,0.0144780554132163,0.0127817674087498,0.0109738799534147,0.0147929266739475,0.0184461073916443,0.0192145693610401,0.0210144596672259,0.016287990925109,0.0192800639789303,0.0245946456399374,0.0262512645218287,0.00693803978713779,0.0199600803075842,0.0245609188578056,0.0163609469291844,0.0143695191314282,0.0168894806907181,0.0109871375702406,0.0218949130160921,0.016667231732178,0.0221014588051003,0.0159905446962058,0.0159433840998927,0.0168746312885881,0.00785701071413364,0.0237333228950133,0.0174297920926165,0.0203281083544025,0.0286608572962078,0.0411261208574193,0.0322222588993437,0.0209253268468087,0.013656915831723,0.0172571834241794,0.0154444466194493,0.0145100800583186,0.0209183089309836,0.0168799280919616,0.0122496279406697,0.0395790238032602,0.0327099000643175,0.0187511242637009,0.0153100552388625,0.021570057050674,0.0151051182815023,0.0201919169884221,0.0247664188342115,0.0221716155409461,0.0240280984758904
419.93541175101,0.0242196465841234,0.0107973056611533,0.0103307134715292,0.0149139166304559,0.00647989800444364,0.00645435924691679,0.00596582443244174,0.0104687925005085,0.0164769123079216,0.0102149222926868,0.00792582602407543,0.0165168768935272,0.0125471520987876,0.0102017135426385,0.011003403048515,0.0230465778217982,0.00816309809693553,0.0117161003275625,0.0105858171189671,0.00873358520409782,0.0185170925206089,0.0100230922788704,0.0116233731752627,0.011499617820628,0.002053578069114,0.00464197103119277,0.00366664304843005,0.00121319991138413,0.00240069756727242,0.011341172912063,0.00114530515633492,0.0121408403439419,0.00471241525021163,0.00302211342730386,0.00988130345361091,0.0137804212114209,0.00151236157610865,0.0230273499435379,0.00946927837972724,0.0160224943134848,0.00444657382065926,0.0161870217420876,0.013053642584144,1.81423432541956e-05,0.000988262861068493,0.00761167228860879,0.012365139919379,0.00874738631233134,0.0144875720023293,0.00647436998288248,0.0137021514332285,0.000252714589050567,0.00592873575657444,0.0069243759556774,0.014808560219121,0.0163601057133246,0.0126289020251542,0.0101662616091763,0.00663353707190313,0.00763260680593412,0.0132024449709768,0.0189751763634844,0.013839240437033,0.00906537599956002,0.00562065655477276,0.0196972874455389,0.0166220135609712,0.00624180299829228,0.0180503701710615,0.00788172156018423,0.0107551552588949,0.00666918655256199,0.00648589331679202,0.0211611688873451,0.0133406766443963,0.0213914951802735,0.0063648821790493,0.00476394790983074,0.00369903905773608,0.00791263499581436,0.0130318610642299,0.00682511753865835,0.00535153785484159,0.00457381766609614,0.00667239669456884,0.0122337766014553,0.0150364042242913,0.00763487974675794,0.0110269852394965,0.0146858945481442,0.00945139425858059,0.0140332349811437,0.0157377620149355,0.0139079482809274,0.0212287583059899,0.0210718524785054,0.0162023828654046,0.00611512722164294,0.0087794015211934,0.0150679218512699,0.00990886485655522,0.00846322356939948,0.0106330612124176,0.00543498245144274,0.0161201566423919,0.0309434930246007,0.021072365964356,0.0121401178560257,0.010893989126894,0.00402381957253843,0.00802837874217834,0.0174201664184446,0.013930794154341,0.0144363305936388,0.0126823066741051
423.462706459995,0.0424738296426206,0.0337472192139097,0.0281504671772055,0.0365879660522713,0.037095057615074,0.0320794931380241,0.0314050897471202,0.03522591703605,0.03752090500374,0.0312536164832816,0.0316261408763831,0.0283178212712664,0.0362941694622147,0.0312094035163223,0.0369800584035802,0.0368506402165164,0.0305604139409337,0.0292007396803007,0.0377885696315003,0.0352669260132973,0.0313271475388312,0.028597963514799,0.0382836745589573,0.0394601559778386,0.0384268289974701,0.0352740384648969,0.0338479021181961,0.0408374089429309,0.0332121833548601,0.0262914584969743,0.0372358928555766,0.0347282176409778,0.0331182700814596,0.0340312448949707,0.0355068264629219,0.0350333186425548,0.0218344265368998,0.0358129525170267,0.024149905783275,0.031752244894914,0.0262622534994293,0.0403350265302754,0.0397804366781384,0.033457669285385,0.0438709848658947,0.0179293894183599,0.0302347558453367,0.0352198633983804,0.0335171718634872,0.0270503574495164,0.0334405730395617,0.0330726266643155,0.0382086361250534,0.0346549457089536,0.0371339700878969,0.0308432491196118,0.0307656475892854,0.0452679737031453,0.0314227867056768,0.033612035678641,0.0369546214958461,0.0388472210315709,0.0375611687316205,0.0327951659832502,0.0349553421157119,0.0320071042967835,0.0302035516597939,0.0326571363468569,0.0398950035157287,0.0290092996003949,0.0341247962265582,0.0386198572689813,0.0348486052349618,0.0440083806197401,0.0385454549428019,0.0341204775029974,0.0320383034308434,0.0324042120670984,0.0339062611043209,0.0299368451611076,0.037166169574073,0.0341757021933045,0.0494383824146017,0.0414466001526363,0.035423378387507,0.0387406201634271,0.0348710406223253,0.0305234152448876,0.0369542194490918,0.041047402709903,0.0283460045181703,0.0344897401862186,0.0353951634136693,0.0357332678053299,0.0435285340197504,0.0305105126038204,0.0430650857833278,0.0403278627880844,0.0277440957448868,0.0345883585661918,0.0307751083259751,0.0381394908608462,0.0380184736386512,0.041200593811651,0.0308169103656436,0.0350656633101854,0.0332715935299009,0.0349104095994151,0.0308113990338132,0.0318923700088721,0.0345103073500735,0.0364569270238152,0.0329281909677848,0.0303543219709163,0.0336509216017609
426.987335850322,0.00422576305255543,0.00591190777210127,0.0069617650706158,0,0,0.00753123318002663,0.0111849485438485,0,0,0.0138747976846119,0,0,0,0.00197645005510046,0,0.000301457786699625,0.00326618984401374,0.00108893140789682,0,0,0.0101706568836853,0.0060925015496634,0.000366026127566978,0.00122129460740664,0.0099427044225503,0.0083935374446471,0.00415888815983196,4.82397703276815e-05,0.000103223801149426,0.00190334863178661,0.000928730230585619,0,0,0.001739826471517,0.00101509474662402,0.00389870915310414,0,0.0109949864884679,0.00338783430353083,0,0,0,0.00424568645347306,0.00731088357516205,0.00187893566239415,0.000848274278214782,0,0.00372242605605685,0.0023150538980603,0,0.000782531437844937,0.00123422091159363,0.00516125006497011,0,0.00362982939549721,0.00273098742311808,0.00167051740712796,0.00828561590149452,0.00639454333349582,0.00152316790504291,0.00541986250205561,0,0.00564456736291727,0,0.00706880579898408,0.00770868199082972,6.67393769125039e-05,0.0055082715305744,0.00525458279167416,0,0,0,0.000409455605430482,0.00299096101653853,0,0.00371975745274109,0,0.000323886694670174,0.0040680540445004,0,0.00898018850494654,0.00400458945111897,0.00237382894452539,0.00449094745667547,0,0.00172331108093149,0,0,0.00327039914965064,0,0,0.00640028654544151,0,0,0.00308630612588283,0.000555767545112613,0,0.00856245665785821,0.00164504935692655,0.00190199813382007,0,0.00672798543396219,0,0.00417438529607162,0,0.0045894219581393,0,0.00481891546524818,0,0,0.00136908476380454,0.001412581198086,0.000312057202115065,0.00989010902929314,0.00229926536609648
430.50930276436,0.0294115513541079,0.0250620349295956,0.0285104084537065,0.0300129945331474,0.0251764767600461,0.0250937467154861,0.0349727873011124,0.0265976594799201,0.0287081816451471,0.0278239174116179,0.0389970666942274,0.026014980189377,0.0262905393298812,0.0196838763972357,0.0384433329631326,0.0283470191161572,0.0266716351563587,0.0312288540850419,0.0268769028090654,0.0226240685104947,0.0363881665564724,0.0224753165838596,0.0200303657693007,0.027005700404261,0.0360762554096319,0.0291093754831705,0.0337398094354097,0.0262146769103903,0.0248980912931609,0.0291795830702399,0.0288579826123105,0.0292747089615061,0.0209937074843661,0.0201432319881873,0.0227552770756173,0.0288328038101862,0.0291525355324356,0.0285519451377488,0.028903102315738,0.0266551479374213,0.0226890739055803,0.0346406973703684,0.0164278964170616,0.0298629042943544,0.0285921482736412,0.0324522630412267,0.0289384353240689,0.0220117929520784,0.0245576015954046,0.0203360987656525,0.0209953071176584,0.0244591227517846,0.0228111147381654,0.0312872863378956,0.0231598644095066,0.0236193781130146,0.0165296509873721,0.0281583764845919,0.0284182165510571,0.0279841482948255,0.0215277614077118,0.0337106167302639,0.0239068481044007,0.0368005883697773,0.0259941245723415,0.0353291448899754,0.0135876789776027,0.026996677437989,0.0264902831242131,0.023511024561577,0.0235007151970213,0.0242388375189665,0.0174460900813157,0.0290511380235483,0.0259782320392756,0.0264977569608934,0.0264418796829104,0.0235621389054115,0.0261051903290074,0.0280025419137449,0.0233521197542326,0.0291464172624773,0.0316685499324842,0.0257952509522057,0.0287288704048007,0.0224890246446128,0.0329798649405849,0.0256546816463459,0.0226379666949747,0.0311266829832337,0.0265101904389365,0.0262566810870305,0.0340526345882246,0.0280777686507871,0.0301099087109117,0.0140787394625409,0.0367319998865298,0.0280003878203622,0.0216337754514492,0.0311449669076994,0.0195510904948691,0.0236913408886471,0.0221481752103357,0.0273909683605011,0.0297190718538202,0.0351745942089172,0.0276043815365448,0.0248059744199427,0.0375318023854789,0.0278564245706539,0.0337503935983665,0.0274868300292455,0.0311938637755629,0.0180365321130172,0.0264425333997217
434.028610040384,0.0142302733752483,0.0201404882804271,0.0175472345243262,0.0224400059190304,0.0148741077618459,0.0164876793515569,0.0178766857645123,0.010412105668502,0.00750004996019545,0.0233602889167242,0.0129530886740249,0.00976038433417959,0.0228684695635542,0.0157653301535671,0.0204332474872735,0.0256390371077493,0.0158716892817465,0.00888474670992979,0.0148511671717378,0.0149009017009499,0.0157111450129889,0.0217686309469035,0.00872434342951866,0.0209993921717949,0.0214620090418185,0.027349201915015,0.010998090475472,0.0234131599613492,0.0209664496814041,0.0214255248558643,0.0146328891943473,0.0180802217501108,0.0181141578844945,0.0106994516727123,0.0144216866710105,0.0190104717992621,0.00864405624043383,0.0224615823303478,0.0146175734831833,0.022700551606263,0.0186659935300648,0.0209689786057819,0.0146320424058588,0.0150273206600491,0.0166122546469907,0.0153104573148115,0.0130325558565073,0.0164454368430926,0.0162126525607872,0.0142193098300717,0.0171325171310638,0.0195781332921454,0.0193851525887759,0.00725936951472859,0.0169485725693845,0.0202318436246936,0.0115130025634768,0.0209135032093194,0.015777423562824,0.0159038670185221,0.019728664307966,0.0221937680438575,0.0129852187905947,0.0219550948600927,0.017655646140338,0.0183901553395845,0.0052345591358346,0.0219585678040041,0.015357747332294,0.0212470544527301,0.0156891550369005,0.0142886335451213,0.0156753138303404,0.0185265888728308,0.0252934003641161,0.0199806943744776,0.0144810185201737,0.0109561262470303,0.0140498023684705,0.0101262700911979,0.0177488468826495,0.0230948877804818,0.00909803636661804,0.0165878071200618,0.0226198246554218,0.0132838966763249,0.0139472982811655,0.0124919603716856,0.0138102274306677,0.0169541959923011,0.00957109030085306,0.0202079191906463,0.0179867996962188,0.0220713564976471,0.0204333335789141,0.00944428011483098,0.0139896578101967,0.0141622390440348,0.0139212262476331,0.015246997715753,0.0232551550193159,0.0114708672096085,0.0160543447504613,0.0152828810688952,0.00903912729504179,0.0169547517792507,0.013068622135791,0.0180750868041648,0.0205452440435221,0.0140209254318973,0.00596709186052556,0.013129508496125,0.0158922182235967,0.0173403234875834,0.0133599335649945
437.545260512592,0.0302133764726427,0.0349571513851293,0.0309153946676593,0.0275611896738352,0.022268616714736,0.025454733279945,0.0294021656579274,0.0253697009597171,0.0235573106671893,0.0280577839485248,0.0235799064274249,0.0203645823114566,0.0297065560592404,0.0296331991414675,0.0186504535684388,0.0250198959225294,0.0322759231602332,0.0225395148506579,0.0294256342074479,0.0331770946577645,0.0176292189972431,0.0284962506210734,0.0235271206640442,0.0250219353497383,0.0244981592958543,0.0255582653272311,0.0281191703092311,0.0286200119325192,0.0186291148114168,0.0271042413548331,0.0219801307998914,0.0284402076613787,0.0189702168085158,0.0301335214448629,0.0257222623156585,0.0294612860232168,0.0283101762955786,0.0329815971849277,0.0248177115393873,0.0263354716239653,0.0277609924717981,0.0336794128130582,0.0251457718986316,0.0299409584190625,0.0287675265558353,0.0211278807853141,0.0275209253822178,0.0243863298381483,0.0231161588271328,0.0325031839355201,0.028201920527874,0.0220840453465171,0.0299606448007246,0.0245330551245258,0.0386073078036126,0.0151981064672936,0.0327500960031194,0.0228490993123068,0.0209657067068013,0.0260323084411139,0.0298180779285489,0.0279168060935071,0.0311872885505621,0.0293050150789285,0.0343423163800103,0.0284555862459543,0.0301635890843253,0.023920446605338,0.0173496280417382,0.0247792526011708,0.0274842035241508,0.0287439575623885,0.0229959985014204,0.0210663251921732,0.0218913928485566,0.032588898659177,0.0260900845823938,0.0221960461405518,0.0273767590968407,0.0237353297939236,0.0363750571130319,0.0293720201508306,0.028511960198782,0.0266023850059116,0.0208267506621477,0.0154040963267749,0.0228921717683664,0.0258829830396818,0.0228271990405398,0.0270184921941852,0.0261800623402113,0.0222148973524117,0.0260119766872456,0.0331074493646477,0.0213566662704357,0.0394827867428496,0.0269783179183916,0.0242762372926429,0.0246257965647433,0.0216028126209527,0.0296825084343324,0.02342278906238,0.0277045070898822,0.0183490589980798,0.0355569758139859,0.0309092726361508,0.0223702196121038,0.0303775907080967,0.0224786844471122,0.0236993503181339,0.0285374518995134,0.0222191816391017,0.0266233333252652,0.0254267643171387,0.0261234097598216
441.059257011108,0.00959451156518066,0.00379756380818991,0.00365160701779719,0.00667595473852392,0.000625115667921453,0.00131887165122371,0.0101249324236356,0.00697242083239677,0.00931546746552968,0.0024482880847611,0,0.00243665523887915,0.00131253795341824,0,0,0,0,0.00331451875990065,0,0.00478616614894201,0.00497374718843849,0.00907156766642602,0.00309224399383459,0.0030770116194451,0.00018086475534905,0.0100506851550141,0.00423891422456154,0.00271565992567695,0.0016430232722148,0.00583010988188943,0.0109357598469941,0,0,0.00535774985290451,0,0.00515596228680986,0.00077358800147078,0.00267803088272653,0.00611333950946193,0.00327190068976701,0,0.00701285287510769,0.00397789980354815,0.00421873509966277,0.00598893241337622,0.00337862327961731,0.00666526330711363,0.00197391585868122,0.00652610283922057,0.00243906265835121,0.00504338130857346,0.00496021345484967,0.00165221050497261,0.00370692612669921,0,0,0,0.00579376520401005,0.0055602138241674,0.00846797020694679,0.00683223901117277,0.0044690953517575,0,0.00789636697640129,0.0063358850596262,0.00138329299642185,0.00482166846777362,0.00530433141938476,0.00506095289478808,0,0.00106773891670728,0,0,0.000661433976891488,0,0.00206800547316524,0.00709763202852578,0,0.00769284248199159,0.00469305249330685,0,0,0.00206295249671948,0.00289689090199717,0.00922499016263705,0.00562077215893381,0.00864852668284946,0.00275983716759076,0,0.00847277220162614,0.00539085096624739,0,0.00604932211051941,0.00250092496720828,0.00630705310757044,0.0135542816907831,0.00582711559295922,0,0,0.00673219122963211,0.00469130921054433,0,0.00593430631965058,0,0.0115597263178736,0.00221535011646459,0.00555365243435592,0.000167390591814814,0.0140963879177432,0,0,0.00834859902801875,0.0042027666182238,0.00704573369414536,0.00220038769065943
444.570602361988,0.0357373643612652,0.0233638402256984,0.0175016555306398,0.0249925237112445,0.0203148865592197,0.0208946585575054,0.0231835878944248,0.0320807403230411,0.0263936238716891,0.0287124338122687,0.0258545016027121,0.0167455814851093,0.0270466359901315,0.0259654545062289,0.0269170031077715,0.0316378609397771,0.0270826183083104,0.0259168877446455,0.0275002632042159,0.0251709975596465,0.0326900237714946,0.023204504007279,0.0295709570964753,0.0208053581045863,0.0299460405691566,0.0311912095179158,0.0239954073085542,0.0244755671715399,0.0322739643917204,0.0222204904822469,0.0257844567507479,0.0206441828804729,0.0238217589562318,0.0247322019820207,0.0214669104950963,0.0257003058774826,0.0300296759927517,0.023874992077596,0.0260597021943159,0.0199092607842605,0.0168267015866602,0.0202039871712206,0.0262357131507813,0.0255716026808717,0.0213075880774899,0.0244624727901428,0.0172907232102154,0.0244754648779177,0.0231917119157284,0.019577750077487,0.0304814231863981,0.0180024257432302,0.0305173657586506,0.0247265373137255,0.0304133146320055,0.024438578273084,0.0236437485163122,0.0266324861186982,0.0269249909077841,0.0185367344231048,0.0244470865807374,0.0236255745212515,0.0221516675288304,0.0265715587110576,0.0196951366456811,0.0198692978462119,0.0236841822035126,0.0277555890948153,0.0195995398367905,0.0243415406594485,0.0220763879055458,0.0287872578534739,0.0278928567203882,0.0233286600534115,0.0273610883595956,0.0236622391791718,0.0197206750743591,0.0245086469256993,0.0166356298434281,0.0226654305261289,0.0363442095476323,0.020883675020859,0.0274201244845881,0.0160611136721598,0.0318188944277965,0.0211004973980082,0.0299228681747089,0.025475978064111,0.0272318042880211,0.025488463316459,0.0300646591858963,0.0266780463272817,0.0332023562880869,0.026282353135661,0.0294935651292782,0.0191913741083082,0.0286596786537976,0.0253413429658068,0.0177314713345718,0.0298772711235461,0.0286805775450489,0.0252336416045075,0.0250670427674241,0.0184200065730297,0.0309606196648746,0.0246386432087292,0.028671565681277,0.0222149365453259,0.0267999893897194,0.0243501534288581,0.0264572199966649,0.0244769288139457,0.0300773383618595,0.024986912591021,0.0256867279165369
448.079299387222,0.0338838084851619,0.0338184501619436,0.0340290033341784,0.0300264921852447,0.0335286866083985,0.0329726368694579,0.0330297366486295,0.0340466994260404,0.0201996981764464,0.0408897230102658,0.0282968803887261,0.0261848809649632,0.0262141446010293,0.0370445064682414,0.0342570615061669,0.0367564057941324,0.0268451707607154,0.0368332613539585,0.0245884273290044,0.0287148667608371,0.0393689077931177,0.0378415830478753,0.0352154283579234,0.033740913635405,0.0259289214582227,0.0282140050202158,0.0356356701751382,0.0306652767977053,0.0352618696214504,0.0358897720961552,0.0233219467597872,0.0351277833274734,0.029431127500913,0.0315321449998762,0.0359544530157007,0.0398049124539085,0.0249487386684018,0.0375282392651294,0.0329010300325226,0.0321629396566805,0.0324068420801343,0.0295931148195622,0.0323701259564721,0.0257801905912965,0.0253203383646247,0.0323798794369572,0.0371224577009926,0.0388251024874247,0.0354623066104741,0.0263718443335117,0.0371879899844796,0.023599224158603,0.0258953667731054,0.0299443355663673,0.0328370186271071,0.0311698881779547,0.0335297118921688,0.0252300025713716,0.0347314786359594,0.0220669732856311,0.0371571349038764,0.0330393601985672,0.0327061464415322,0.0305821651092938,0.0422844063566361,0.0256025662676717,0.0365101165142607,0.0371996129383453,0.0280794010763368,0.0362599134849606,0.0348738649745177,0.0377246441635416,0.0361995997104315,0.032326614101298,0.032470648710565,0.0297963492329964,0.0403598648474942,0.03077545282988,0.033118780335199,0.0367377574253434,0.0376333930371141,0.0329838393020577,0.0369246797287136,0.0382871661341603,0.0386285291487993,0.0153854090551822,0.0350106550042065,0.0293998337812792,0.0264112465434665,0.0327683390488289,0.0303383881359948,0.0399157044501205,0.0340124498667666,0.0372305901542577,0.0430849441248166,0.0398200152138185,0.0316569734804047,0.0364588228375202,0.0370274706633084,0.0334267209803856,0.0383225868274815,0.0282943728260627,0.0296297792607863,0.0311720003588691,0.0383890817425812,0.039457427130224,0.0312222437680116,0.0349741514805789,0.0351435971513109,0.0328439865976663,0.0326869816296242,0.032386467428251,0.0309451917977818,0.0307813355014566,0.0340498683110604
451.585350904754,0.0314632842573739,0.0260790266657824,0.0202107173968572,0.0217780005670485,0.0230767552871237,0.0231502412011907,0.0232156851618732,0.018782781569767,0.0231648691082089,0.0216791359180311,0.0247731121679836,0.0253769238353473,0.0318513587831028,0.0178600213467238,0.0350645099697599,0.0259541153981217,0.0265787336379533,0.0302355722469662,0.0211020436387145,0.0273482620050448,0.0303973163656045,0.0225949279760581,0.022159593607912,0.0228268616348586,0.0218826397590751,0.0290387301718744,0.0267606525239901,0.0228925893609936,0.0268500946947861,0.023683584811609,0.0170497606275688,0.0185223749877583,0.0188756689925612,0.0273940156103094,0.0198227254055719,0.0293048586222556,0.026271326361054,0.0312922577002295,0.0250030683067338,0.0269709234437942,0.0238530124852638,0.0217051144597923,0.026136634435006,0.0248773556384423,0.0228602570222304,0.0293204453650354,0.0308465760299888,0.017406962739147,0.0171461409077161,0.0298792066998635,0.0262319208617734,0.0206912680982312,0.0234031371502972,0.0204481594419799,0.0122553983346495,0.0163200005067733,0.022467829494345,0.0281327197912573,0.0143682540303573,0.0223132876465365,0.0227514339166816,0.0246156860950652,0.019476289520994,0.0248069128091384,0.0267171094658384,0.0228240694064279,0.0263705201516585,0.0282290629881084,0.0255677581175291,0.0259062423547995,0.0203693694788052,0.0167678676271969,0.0155058810295104,0.0205627413558045,0.0289512200758397,0.0279197382098205,0.0271798484021074,0.0272452940683893,0.027945754434236,0.0231353166156307,0.0345813996852694,0.0181898238058888,0.0131163814561453,0.021980646081931,0.0160724935041735,0.0318364808839172,0.0142173988245795,0.0213074460977187,0.0255616759211793,0.0308517951997796,0.0208347219596739,0.026170824393376,0.0167027457039047,0.0316112547382249,0.032200461840293,0.0329689809517622,0.0241719549689011,0.0241114647924678,0.0221121179722862,0.0206417113391986,0.0204012225373682,0.0258247121063342,0.0271626851789558,0.0270619749331784,0.019188307401663,0.0357799278622676,0.0226419062873837,0.0264627165985828,0.0207195785541471,0.020501897912557,0.0237185660811873,0.0156982767635871,0.0296115419813055,0.0227767893379562,0.0229773449337643
455.088759728477,0.0204084987886926,0.0193792599090158,0.0215213437200749,0.0161516057852858,0.0099094374480141,0.0154321327551558,0.012311718015793,0.024450560211324,0.0163711866211217,0.0240656206187065,0.0179819218675831,0.0153974140609215,0.0114638506214021,0.0202419446863553,0.0212107526949496,0.0177711135766428,0.0220114921125074,0.0172505476716042,0.0181282836209497,0.0178176057064736,0.0133168959339438,0.023846393861851,0.0229439786203729,0.0219423713240566,0.0172715797792783,0.0177897385988621,0.0189343158200599,0.0188419107194169,0.0184090416246263,0.0249108881385099,0.00534788358004134,0.011890474553513,0.0271167673823092,0.0139542607998361,0.01240112312778,0.017173746002249,0.0130913247986903,0.0201966824001345,0.025247535153487,0.0184840301482887,0.0229396666320553,0.0148664900196945,0.0155825827951717,0.0206975424252387,0.0284262848795524,0.0163790530818645,0.0131321396015007,0.018160650314211,0.0211728020485805,0.0132700393657395,0.020056103538179,0.0209330024728106,0.0268183575621074,0.0163604764488894,0.011885792974179,0.0122170267941701,0.0119137776375493,0.0190879686867141,0.0204935268850456,0.0154789618133733,0.0224019043210505,0.0199411061683569,0.0191743487306033,0.0309285508354088,0.0149333748438922,0.0125941652517123,0.0145634350390562,0.0224739972278961,0.0246711141160798,0.0155238678248552,0.01565401768753,0.0147873200383293,0.0119520542627143,0.0235006601256976,0.0243278216612987,0.020693005875737,0.0182618008415528,0.0128330487290774,0.0151743627069104,0.00839764056779162,0.0158677020469601,0.0151878803199305,0.0165610535242895,0.0184796352539513,0.0195636434099079,0.0193500518812177,0.0165549798389024,0.0215266755561823,0.0268498194627601,0.0256707785705904,0.0167179233622106,0.0183261893536415,0.0174545795958208,0.0307645927689636,0.016504280754737,0.0250535368977044,0.0183084106127771,0.0155508847676467,0.0158484090281631,0.0138060798865896,0.0228255580716803,0.0260757478839174,0.0155116103818585,0.0153210401349127,0.0233006685837888,0.0334959213644677,0.0218028460536912,0.0124758382909769,0.0170951948026258,0.0157959208049336,0.0201388295540989,0.0131763278941853,0.0206467588220549,0.0180477710303089,0.0167276897716849
458.589528668253,0.0410567925169451,0.0286787121504002,0.0330887708887119,0.0317025922165242,0.0332413238918583,0.0380904304199816,0.0385193894444848,0.0360006136927043,0.0403575851249326,0.0318294883369335,0.0381475172023344,0.031202022476143,0.0257082992137164,0.0328526551545674,0.0284624153957407,0.0349852200711681,0.0339693924726138,0.0328475601020333,0.0319725261969078,0.0283220332089966,0.0333767342901973,0.0351986468628348,0.0333011392635252,0.0353224609151259,0.0329905914722778,0.0322406270920322,0.0347988009527165,0.0340540947745898,0.0305135905617683,0.0384948709543865,0.0287205940998248,0.0326047569450251,0.0401700744787737,0.0326658217985038,0.0300769671399749,0.0461530112868835,0.034726206219306,0.0353741559263048,0.0363585740796563,0.0306496854530575,0.0351452783195973,0.029020767441909,0.0361157664598012,0.0386878579311412,0.0366486427862828,0.0313240548060033,0.036135391292936,0.0243001125554936,0.0366291518557844,0.0357207436143732,0.0325538005841146,0.030151721121605,0.0388394146939319,0.0280145130707785,0.0289930817221311,0.0204775050192858,0.0356601410626063,0.0349356031355631,0.0330841919813185,0.0379055540989111,0.0328582853680256,0.0276503227422082,0.0382790761170609,0.0440686392177735,0.036890459623971,0.0336104364198762,0.0327627809049805,0.0388607262377104,0.0347073567728376,0.034240910298669,0.0256370481486243,0.024181104426663,0.0292938541501615,0.0356845985328419,0.0358003048972682,0.0347207916538731,0.0334508973279101,0.0336629831006974,0.0413031604015763,0.0323339187829129,0.0364785697625528,0.037948131186811,0.034163559918052,0.0299233544078556,0.0360638431595765,0.0372892991210058,0.0269430059992155,0.0337062264673143,0.0367755692514875,0.0436489070742659,0.0309859472284106,0.0336318426089322,0.0390090956778837,0.0400257734379649,0.0347931320102073,0.0450786735447364,0.0371734301079361,0.0363935953235079,0.0393966216339231,0.0384646803922569,0.0373355809379323,0.0295976911823132,0.0420711734157435,0.0317871820537542,0.0425835620650048,0.0463388719202535,0.0314805270912169,0.0273270410923795,0.0410541420210983,0.0280343124003452,0.0224896698344093,0.0335562710295524,0.0377156158419576,0.0287117028358838,0.0303951466982545
462.087660529904,0.0423145283227716,0.0379495805352712,0.0365068430459076,0.0297303762831802,0.0415028786348426,0.042582835131129,0.0339252155934001,0.041608428042053,0.043775084973452,0.0444302282114369,0.0388545181669226,0.0442887035014302,0.0382992514060172,0.0400353856263064,0.043813656785753,0.0410463561993666,0.0394907976163464,0.044706715654177,0.0468732156227335,0.0333741504257655,0.0372478602708662,0.0449231266385701,0.0361608638535725,0.0460277640242854,0.0390371678564887,0.0422822800211145,0.0441649294176774,0.0449502837944281,0.0360918679757986,0.038588785193569,0.0401832481244114,0.0459203018130647,0.0435133703147006,0.0349854398442307,0.0460846875285159,0.0414455181609351,0.038642441170406,0.0467658595461088,0.0332755677360636,0.0422420405239251,0.0429393449315853,0.0366785630553207,0.0458909241878187,0.0404072856604911,0.0405465720204276,0.0424084133559114,0.0417241616966628,0.0374499692401401,0.0422344304203558,0.0364265055301786,0.0375419670158582,0.0398717142997947,0.0357219283914159,0.0374634950695941,0.0345836036972779,0.037329991606645,0.0411410361796751,0.0485877501775709,0.036987662824352,0.0396915697302338,0.0465364527295313,0.0326329963370048,0.0314403738022045,0.0387502554810215,0.0402997245187826,0.0376337814541192,0.0476566340766904,0.038996312082032,0.0408778684782573,0.0428671428380861,0.0426822385049556,0.0384333390284083,0.0342675633625373,0.0445660917628441,0.0381067489374046,0.0316927776168532,0.0405661452838978,0.0284172927530505,0.0355033106180289,0.0407597632847516,0.0441234182161162,0.0440234702621117,0.0320945708586568,0.0343863786317644,0.0405831989189177,0.035066762977371,0.0507675340870293,0.0338699546061493,0.0396313484234179,0.0405674511117096,0.033310710505025,0.0375881322207462,0.0451852522256549,0.0380548428449267,0.037109919535504,0.0438398973844548,0.0389545915252221,0.0441274600207632,0.044468391283481,0.0348321619830545,0.0352962208417963,0.0440915690706937,0.0427512535928679,0.0422516994409483,0.0515231768877388,0.0586813416603501,0.0422390289963776,0.045962261664035,0.0411630843636227,0.0336731693822269,0.0437733654095376,0.0375284648273596,0.0411808771260204,0.0432022419681902,0.0429559350102445
465.58315811524,0.0198792193182234,0.0162046396097155,0.0122866843036059,0.0155365745416071,0.0191158977361219,0.00970589086248857,0.0208135035514324,0.0143999174402315,0.0125703914223723,0.0142898071559165,0.0217222182176243,0.0105598579408635,0.0226996124206182,0.0218142160175054,0.0152406556825548,0.0163552702767593,0.0209540182981096,0.0162694159261963,0.0171758749178716,0.0134517340168926,0.0222370262746791,0.0231650833950919,0.0160532900216576,0.0212381128881615,0.0123737025150965,0.0249223088448325,0.0157653259985819,0.022592743481932,0.0178179264155964,0.0187310557365783,0.0148934431337829,0.0186714895958285,0.0113292735745399,0.0192769670844831,0.0118091189148041,0.00946261762265999,0.0130469007404441,0.0167982231111648,0.0198122627853285,0.0184288278192178,0.0101650490542969,0.0178966325684923,0.0196936502076036,0.0155689013332555,0.0111226293662031,0.0200745414200945,0.0217492029719202,0.0121251960805693,0.012888230062261,0.0110442638120938,0.0147154175337872,0.0161897022259913,0.02178323307357,0.00990141032195773,0.000210753699154651,0.00620070492293344,0.0165560648590766,0.0177872281167393,0.0235453799911873,0.0116162040668916,0.0146805050558922,0.0111442283421247,0.0186340966274221,0.0231045272343258,0.00718705008876223,0.0188332381223588,0.0144649617354289,0.0136881971216669,0.0179700857988503,0.0154523216142757,0.00569873822612371,0.0146469591203512,0.0150700177977424,0.0163185903385534,0.0172725421098817,0.016397924711204,0.0256625245904733,0.0112046858557879,0.00966991253517749,0.016535305789511,0.0285598690353099,0.0124590678154014,0.0174475118580829,0.0206386821761722,0.0222566222379491,0.0281686046508334,0.0126260245486326,0.00794497220335423,0.0175430017915078,0.0158873100991457,0.0204429052776434,0.0113281306863393,0.0211817961628672,0.0131149014688472,0.0255806307372006,0.0259988441469862,0.0214513801171437,0.012591214172998,0.0202125111920925,0.018670306179058,0.0266198175480826,0.0184017047075747,0.0159362743204264,0.0135918778842426,0.0197200514050459,0.026955718071533,0.017999405048123,0.0160945668798605,0.0190463827327707,0.0151914835183868,0.00976956315769593,0.0223632058608978,0.0234409995597929,0.0141519867247393,0.0215266094427027
469.076024222036,0.035063544268121,0.0328984792219077,0.036760448444294,0.0421360210761985,0.0369888584382885,0.0360111956361634,0.0278354558983253,0.0382228528629327,0.0321453564177401,0.037646048292829,0.0331662873752795,0.0300422113467288,0.0336087294089679,0.0386573840793046,0.0392046591423991,0.0366611257753935,0.034428665017163,0.0312500229010261,0.0331029015262986,0.0303757803760112,0.03628671736119,0.0344325510344289,0.0369924035889875,0.0382401741092555,0.0360433951499471,0.028883142318552,0.033159885470844,0.030752125022932,0.0255044298166075,0.03492341208344,0.0327795030030969,0.0371947205897529,0.0372064641028903,0.037356546585685,0.0343133261023555,0.042098219958187,0.0345960082110527,0.0238394118335413,0.0373735399142897,0.0337733213154852,0.0310497678567221,0.0330442873123388,0.0310218030794398,0.0372651835907739,0.0310737812155771,0.0327432561264575,0.0272801818583027,0.0338813712597309,0.034259979110696,0.0404664672148767,0.0399521068961301,0.0380372281608795,0.0347988418188649,0.0323438049246899,0.0199677794987113,0.0219184553182862,0.0364633139738427,0.0384257873364513,0.0338863270122505,0.0323289195240131,0.0391365362506236,0.0398158864436112,0.0387320201087008,0.0345340850262151,0.0448535171094377,0.0387007608354932,0.0303936486985619,0.0364781892690378,0.0317564386223567,0.029318141280475,0.0406868567839001,0.038073519758942,0.035546517815621,0.0371457473621146,0.0367217373602121,0.0345960988119047,0.0348664847706248,0.0319478755029784,0.0335507102031916,0.0293265402510392,0.0339926077192398,0.0378210914449823,0.030599637554591,0.0389487936589372,0.0278047755248762,0.0398239892889769,0.031008531343688,0.026817800617617,0.0414662328300213,0.0407902112318403,0.0351671414913261,0.0373280603449348,0.0344274544128755,0.0270923561706457,0.0443165941924734,0.0412782510948446,0.0385801474227398,0.0377101464241604,0.039333185943709,0.0372641471559523,0.0278268346797943,0.0344875735908566,0.0407966955810837,0.0392034540170362,0.0356589243560066,0.0548723852381588,0.0298098682554488,0.0314051011437769,0.0364243495921519,0.0382937324325942,0.0374975741134685,0.0317381849957481,0.0404228494491189,0.0291359582517723,0.0388824623614043
472.566261644077,0.0206389975449749,0.0159054806152776,0.0243931255752907,0.0252354954371282,0.0199161099370296,0.0164125177284766,0.0268707327207285,0.0200925307685575,0.0225036027597229,0.0252900249108128,0.0208344815261607,0.0285226516196014,0.0244511949246098,0.0284772686639486,0.0170770593714841,0.0262150552656808,0.0227774301069879,0.014411868650762,0.0201939354759875,0.0174450032682926,0.0233745703617561,0.0259464974560205,0.0248289904262298,0.0202769343225819,0.0178953945476722,0.0196761330462513,0.0230318233491398,0.0217346747712298,0.0255822225552854,0.0268565983199073,0.022554288513098,0.0183125390054596,0.0221779042045522,0.0243179729741918,0.0245604514601991,0.0196768562670601,0.019128824734876,0.0142128537401305,0.0243972450605024,0.0196993689044388,0.0256100758516091,0.0147453756612141,0.0213992519923559,0.0237411465603926,0.0257582401643584,0.0311518271352628,0.0192001730728251,0.0252855656944746,0.0141325827442744,0.0253423094051421,0.0208094967061105,0.0180071868604333,0.0175661990944614,0.0204946695578898,0.0276614315953882,0.024137883146321,0.015577229413488,0.0303230282745185,0.0263406425111734,0.0226381422587707,0.0240178221901179,0.0279852246976884,0.0226291678755137,0.024795284979925,0.0133178496332447,0.0177212471530717,0.0222654979644874,0.0246320646223999,0.014820492575381,0.018264797360176,0.0271011341656186,0.0256337697994657,0.0238043424519333,0.0295736768038326,0.0281931589452145,0.0229687697671402,0.0263426887745836,0.0179337007727676,0.016311762489523,0.020525845960197,0.0269988342284064,0.0201705970580548,0.0218981623297256,0.0197967558461288,0.0202860091660462,0.0235750572367651,0.0186635514544409,0.0164748609711506,0.0187798107278164,0.0230637942738731,0.02495074081325,0.0153230404899484,0.02845779304589,0.0197015997064968,0.0263539946328489,0.0306326882074051,0.0276221894002023,0.015383823946245,0.027498807350936,0.0237627805694403,0.0240491359330682,0.0191910063876783,0.0268522956247073,0.0224330011336323,0.0303979650524385,0.0472453587648367,0.0249395861880135,0.0210886135431154,0.0175004335658948,0.0213971869881025,0.0213152480396864,0.0219760056002114,0.0209964791980113,0.0237124205020356,0.0173968218961447
476.053873171131,0.0260860080519606,0.0245291901641916,0.0358173803106833,0.0279226313632218,0.0312855391873542,0.0239903771803074,0.0253475303627026,0.032569537563898,0.0290487121780006,0.0302066686432378,0.028983602709857,0.0242857509108192,0.027180149518419,0.0296064660172579,0.0306873513151596,0.0263348491993976,0.0255160767817691,0.031454844780995,0.0409524825659754,0.0245500561912309,0.030904388172412,0.023830092693029,0.0297073718224182,0.0271661747228804,0.0243642843197678,0.0191990775401938,0.0247352265582128,0.0298372707308554,0.0380847448715498,0.0311471785201112,0.0295825825537417,0.0278301479213301,0.0243331715321657,0.0287047997535626,0.025157308495299,0.0266127170803115,0.0213233964569868,0.0249556161789861,0.0277362519463675,0.0344425411280389,0.0300030759683671,0.0282202899296968,0.0321350642498431,0.0264322793088475,0.026858696653861,0.0350055519999182,0.0273904151933116,0.0253252101712551,0.0332644762341742,0.027019796180825,0.0192724227811728,0.0318526668141309,0.0289070878894306,0.0292826194299593,0.033138806164672,0.0301007057727738,0.024701168391324,0.0324858454455746,0.0301315905292967,0.0248519244429777,0.0354160205508029,0.0220631560542881,0.031332553553893,0.0377955364256981,0.0302299492490842,0.0290488923378878,0.0348608183788891,0.0316839732412719,0.025261228875008,0.0331339893667634,0.0303963486170346,0.0343431281464224,0.028666402488447,0.0312483577890465,0.0293113049288314,0.0341929718514229,0.0311997142625519,0.0228833348682346,0.0282414935997033,0.0282837072316686,0.0334545144920955,0.0234472509761527,0.0355397968637353,0.0252160346302436,0.0306663859784379,0.0289771845684538,0.0272959002124,0.0300810765000818,0.0361471523842952,0.0279579893891171,0.0201220779533547,0.0315627034970638,0.0241045502224285,0.0330894516434141,0.0322794213968064,0.0282465834780831,0.0325908802575914,0.0295468789775912,0.0270297925485964,0.0254512425492845,0.0185909326925465,0.0330190263193367,0.027960576346269,0.0251823908402232,0.0397654407261123,0.0514310576426083,0.0189304717859416,0.0270838260340146,0.0321160113808857,0.0187080696071352,0.0338179474843832,0.0285648130590724,0.0308623481649013,0.0276239250348406,0.028227740833222
479.538861588979,0.0169836581766417,0.0224397435782057,0.0141903773993644,0.0252806656923242,0.014155771902335,0.0203377208518423,0.0142462188479688,0.0229805271829697,0.0193498123886811,0.0123872153894314,0.0176748672385685,0.0151805499082072,0.0250068790622929,0.0199094878392796,0.0182572411638498,0.0205995401899203,0.0106050655306499,0.0341639649772804,0.0214616939184906,0.0191538062573387,0.0163207640304326,0.0227522511954251,0.0164200890959791,0.0160299134048887,0.0206257091263284,0.0148609817625653,0.0183237275507746,0.0196915577036148,0.0191554742036804,0.0246407959986733,0.0203811130292314,0.0183680565522887,0.0135519679992911,0.010155250150122,0.019716868382639,0.0271101149430919,0.0149130369783979,0.0217147560473103,0.00870997995651792,0.0165020272843765,0.0217677752468263,0.0131000253409771,0.0138732735559485,0.0166432196339521,0.0128956065037554,0.0235046986177645,0.00893094966503134,0.0172142616321977,0.0196281473108666,0.0107533899588996,0.0171731026759707,0.0255402457860179,0.0224119226722264,0.0239016490161005,0.0194414080373015,0.0128671115264603,0.0134148113152912,0.00969996648303504,0.0192832128898959,0.0210709153583931,0.0164492417395707,0.0144945819784216,0.0130134897664018,0.020412615230286,0.0160674509976434,0.0249746945116669,0.0135698058054483,0.0176187478153919,0.0115571932197708,0.0177883121380517,0.022208972251051,0.0137025035800646,0.0179420091483701,0.0236198175766064,0.0105143372831818,0.0134636142395041,0.0220837424513167,0.0147813665384037,0.0174348602446587,0.0161086490113597,0.0177805396369498,0.0266962272283634,0.0262368479302228,0.0188424195062835,0.0116822941394981,0.0276395160629234,0.0197429897469152,0.0170779201638335,0.0188213367283241,0.0220391707002799,0.0212228705054771,0.0132742009036859,0.0169822747655753,0.0123053315083563,0.021170598135559,0.0299765360645527,0.0221269442261645,0.0229713970150393,0.0205641292760679,0.0211330063489753,0.0125537272494338,0.0116144757950497,0.0215015895551895,0.0219308826598984,0.019247780843185,0.038542293434249,0.0128928007842359,0.0221580438188794,0.0125956199566351,0.0154430524662273,0.0121622008711074,0.0171086948967432,0.0189806979026774,0.0133313573032794,0.0169287890735169
483.021229679408,0.0304422973221596,0.0315421436628818,0.0309720036415673,0.0369251763220999,0.0297659426030152,0.0347935281553892,0.0397269691984142,0.0289495768262899,0.0436751361718263,0.0302231898829564,0.0360225072284181,0.0345493756247495,0.0314709318153312,0.0242215807823887,0.035604236985486,0.0413217849161072,0.0319779998978858,0.0463820279137822,0.0350952227725126,0.0370474143798387,0.0270274884027609,0.0365743116457245,0.0319107578540353,0.0233940952036144,0.0361466983260708,0.0351289292674614,0.0323695051477018,0.0229149773166088,0.0305187545846122,0.0407231509868137,0.0349141063901151,0.0346738408685315,0.0290985778843671,0.0341212280559685,0.0382824358134925,0.0377314399971445,0.0325974108499955,0.0420641122583053,0.035418439935341,0.0415295916876056,0.0321307805740798,0.0308318908525964,0.0331374723305087,0.033356677529451,0.041327279699587,0.0322281532253785,0.0333633554886638,0.0329007713800149,0.0310641358213542,0.0357194664169268,0.0337483027316857,0.0282058128318493,0.0320786716283788,0.0304565243333198,0.0330688852799907,0.0397871391956968,0.0342843097623484,0.0286020354064144,0.0246422719374021,0.0308219842769375,0.0337508627176549,0.0344212780518733,0.0362373425792489,0.0360682638158674,0.0291106918334127,0.0383651185461629,0.0386692300365027,0.0332667898002018,0.0329035584749928,0.0341910523110427,0.0390846494623244,0.0419044004321752,0.0329428697793455,0.0383325206273442,0.0303888742433222,0.0336771301169524,0.0252761747947744,0.026186132246794,0.0390412681416027,0.0398440590969839,0.0344240838957771,0.0422757293287053,0.0327296609103455,0.026879778637451,0.0388472423967061,0.0402102181601166,0.031013331488548,0.0269817506379191,0.0312583067005121,0.0419767776701356,0.0325858667316035,0.0343087894603651,0.0355974909509951,0.0325731878189376,0.0397961576151442,0.0316791425852797,0.0297906067627512,0.0338095578568138,0.0390283066354926,0.0352659139210628,0.0290660966105899,0.0264856142611176,0.0344041500658976,0.0403714953529672,0.0421299209872807,0.0521470006120931,0.0279191102482957,0.0368121928859004,0.0320290492344008,0.0329561830676232,0.032735641999115,0.0340151726901964,0.0320477542633534,0.0364641676293184,0.0336340810822128
486.500980220236,0.0234357471915038,0.0293974118385224,0.0228230943362321,0.0358188159839824,0.030306816219089,0.0326847796868152,0.0285705657766722,0.0381146928086295,0.033379166527551,0.0420838560594234,0.0365317278047301,0.0339924333286651,0.0314083236648579,0.0403833211465454,0.0317883708812469,0.0376492510116012,0.0447794786440738,0.0368488077102303,0.044894726605295,0.0272559515517043,0.0366294970958918,0.0397065216416482,0.032436749694791,0.0397303965959378,0.0334240890453867,0.0351129050384022,0.0361442960325929,0.033077040437192,0.0294009504655636,0.0368547239502487,0.0407784039938829,0.0330530956357192,0.0360119270690451,0.033514829240624,0.0387937397328467,0.0413803192260802,0.0357805087527319,0.0334006497591951,0.0294107347671804,0.039860581322167,0.0364397709551429,0.0372171954361456,0.0325245090780123,0.0392145036423107,0.0342899843480925,0.0392814564866228,0.0349493963316739,0.0339391016481369,0.0375610664918752,0.040027435552639,0.0390745340484759,0.0366710668977678,0.0384801518833423,0.0315443186858147,0.0329924142679468,0.0354290512722115,0.029379917459559,0.0306821019442767,0.0364678767710193,0.0318665110116242,0.0320642043886723,0.0359722948711939,0.032439039438713,0.0435656938257105,0.0350453157354651,0.0315830962790885,0.0440812043228708,0.0483463967462144,0.0301054439144173,0.0299120037503459,0.0412052964401232,0.0423856124412973,0.0345036199894734,0.0475614391833491,0.0335735348232517,0.0410926160957426,0.0364863396358872,0.0288806815724968,0.0384522773874175,0.0320358709632447,0.0397198515870697,0.037947483937442,0.0331929174316949,0.0332851631398596,0.0382778025897637,0.0382984354080816,0.038486278639074,0.0399862243243942,0.0404178437094048,0.045709117291314,0.036339224520634,0.0337529295361981,0.037738974000656,0.0357414343643669,0.0429821412082197,0.0349083811839559,0.0379767281455088,0.0375351944462147,0.0390170785760654,0.0314353187061541,0.0367396049587262,0.0396782909039386,0.0332768439929802,0.040865553991414,0.0470699319853362,0.0538867192211971,0.0423621010627966,0.0269292167580989,0.0411486112821556,0.0329200939464445,0.0386541193944253,0.0421584930727511,0.0304262963452607,0.0402916278503796,0.0330614657958855
489.978115985287,0.0346878456256369,0.0341706984710837,0.0357595353831634,0.0479389287825837,0.0394146412236856,0.0321483573726525,0.042323866882312,0.0413387871218738,0.044675831073619,0.043644068161662,0.0488870174579248,0.0307187392202298,0.0383586036819707,0.0376209239305094,0.039324760684156,0.0376568927475327,0.0356597649425791,0.0384143345341242,0.0437947623183111,0.0440083787672644,0.0413561878360851,0.0412121139856054,0.0361354618001485,0.0375122593243069,0.0403176300678584,0.030141409370415,0.0323437207899401,0.0448190326575158,0.0342111778575812,0.0415749276554038,0.0385142054568804,0.0335107015493697,0.0402086724112917,0.0356077680147577,0.0420080209377738,0.0359198287846922,0.0373278605933675,0.0408129551383797,0.0397189217910545,0.0310883691085391,0.0434602157261406,0.0495044127152839,0.0436868169889987,0.0407139334169137,0.027762350494563,0.034264814425223,0.041397136285942,0.0419889987891448,0.0440300627934722,0.0394215757326984,0.0427702514028684,0.0461684855867201,0.0399975618417956,0.0364105672583878,0.0465647915892459,0.0472073277788265,0.0448311416799345,0.0386942375274493,0.0401486142114123,0.0404769131405088,0.0363091567976865,0.0353375727040822,0.043729654662788,0.0369423297435665,0.041496914275617,0.0274231579745706,0.0401817609605238,0.0433907936553929,0.0360491261452532,0.038845680848969,0.0329347000166117,0.033608369014766,0.0360372488637757,0.0447596137382542,0.0297432939595779,0.0389027550073841,0.0331875893251509,0.037516348206488,0.0356731585611995,0.0496332907072129,0.0379806185277711,0.034666606671178,0.052180413912611,0.0423368781739779,0.0365939419616428,0.0441009338139439,0.0394690202192442,0.0357637632484541,0.0419669262540006,0.041325147839469,0.0368156911834589,0.0353253739576899,0.0425938576562449,0.0351477677316254,0.0328545367093957,0.040700285936891,0.0384329743268508,0.0455940622279102,0.0319245088977379,0.0346425693542946,0.0383277811486689,0.0429417132626863,0.0385856062224103,0.0407891258089757,0.030268012905702,0.0508650379961712,0.0356845907490999,0.0339031795769581,0.0280435347070444,0.0388789796451124,0.0467121892813997,0.0360791040939193,0.0396364225197092,0.0407866537159586,0.0405476126605541
493.452639744435,0.0313911643082086,0.0255600844239226,0.0259311791605555,0.031934194576001,0.0356021965534387,0.0337178418240006,0.0337658277568255,0.0396969805222886,0.0354049442866637,0.0403105846763758,0.0423247430260455,0.0333328757123608,0.0295757210744004,0.0218733697663486,0.0338273253764555,0.0386962891522016,0.0339887231283966,0.0404820188597026,0.0361435470091402,0.0319914562814483,0.0385143142566798,0.0298956528914881,0.0291373792336575,0.0310325354229658,0.0305751479197528,0.0278787692084824,0.0339062080865884,0.0361697518129327,0.0352036582605791,0.0365756944352026,0.0292017710025666,0.0323617211408861,0.0341588462842557,0.0327641511345046,0.0266220970349396,0.0368438296522723,0.0297348025893756,0.0374628134749928,0.0331104058110728,0.0309965345395429,0.0345659475030529,0.0337360263538699,0.0290709719611191,0.0318994391115944,0.0287254200005091,0.0314098721547239,0.0271719699175195,0.0256441872078514,0.0346470091562019,0.0284730213776077,0.0255989741222285,0.0333896099691792,0.0263777340752699,0.0254769587330059,0.0349453984757162,0.0250137790707318,0.0302176510884834,0.0271758522986694,0.0286494333424697,0.033329747650102,0.0345677247065341,0.0265809958237066,0.0312377047287816,0.0302920087200037,0.0370274622349625,0.0439089197609739,0.029155448551984,0.0297558307075349,0.0288106631274784,0.0281570555007673,0.03500030659422,0.0296908843836895,0.0209119727198057,0.0397478452809895,0.0371729806421022,0.0404099408336653,0.0395159183733078,0.0320157228940149,0.0269193043868812,0.0307112705766424,0.0367536430370186,0.0308213204320978,0.0373111709842033,0.037457198212164,0.0278199316190691,0.044712865362559,0.0248056655806666,0.0309936598155266,0.038072280942911,0.035835324483056,0.0350985629739439,0.0320185001924651,0.0276860992083005,0.0377278626331274,0.0397067137638066,0.039214072493888,0.0306093270340201,0.0274646679190446,0.0296872300536101,0.0340177239741635,0.0261212947539538,0.0368260913857959,0.0309419314715018,0.0336263857566361,0.042752238315804,0.0506591047248536,0.0323094999758056,0.0354032977335141,0.0306123069776133,0.0398822663137128,0.0357815336885349,0.0310642926843122,0.0270996178207366,0.0379493918938184,0.0383031890023933
496.92455426359,0.0366724996449295,0.0308132206117089,0.0339402964431242,0.0360481300088279,0.0312248676195288,0.0341927804553904,0.038975703253756,0.0278145805472846,0.0347545799102709,0.0310022337815252,0.0287187944640786,0.0343061093460086,0.031055475334458,0.0293136646970772,0.0364309446524461,0.0222276237202844,0.0376305163128088,0.0335149471406063,0.0398769814198742,0.038384402365368,0.0361841907360556,0.0265490769587749,0.0402488717455175,0.0277024013741306,0.033127914805074,0.0310623395160495,0.0354409552265035,0.0232059446819667,0.0242569360665724,0.0267034618014976,0.0290429022267333,0.0338178231592877,0.0286198974215091,0.0293475780189073,0.0346965379954952,0.0334671414147962,0.0339077345449025,0.0394533842940798,0.0335564943205581,0.0276115866829654,0.0376965830102648,0.0341110385288089,0.0299860433464577,0.0295553290546808,0.0253655083394864,0.0356430624936648,0.0417136703164053,0.0303899742787329,0.0339669430136067,0.0332411808405047,0.0372554606578358,0.0385948934414569,0.0283807500852991,0.0264797965255836,0.0243929310155272,0.034043261015198,0.0300597960654487,0.0345920702269528,0.0274054131695199,0.034833569717818,0.037674726032432,0.0372253645400549,0.0332950827950295,0.0328299762984912,0.0341646280393917,0.0354517868282151,0.0268392998643596,0.0312345411457045,0.0308623923654225,0.028033446463799,0.0332204261222625,0.0436653629909916,0.030439496088399,0.0319806899565831,0.0386630404140479,0.0381650660423503,0.0286538617020869,0.0281154162255448,0.0273298719886433,0.0250312792369154,0.025257478748916,0.0231879290857702,0.042057732883901,0.0277373616712344,0.0434650946501379,0.0463287892865442,0.0391993532544444,0.0293246174277852,0.0276507648323062,0.0313968102973135,0.0273969584110126,0.0297621085197591,0.0297452245766239,0.0301443087638996,0.038560196871549,0.0392549312695107,0.0348620462604755,0.0343798967671507,0.0306776860840652,0.0273869125885766,0.0221473767340358,0.0328828882402677,0.033504622389267,0.0329524186788594,0.0432661389973017,0.0447449260426998,0.0366774810886156,0.0352423142335337,0.0320715195279399,0.0260744549587589,0.0351170909922396,0.0402174634274975,0.0270236246137526,0.0323307750909401,0.0333363163695017
500.393862304703,0.0333214658081912,0.0296281896708027,0.0316362285201971,0.0284720658579424,0.0343405629563163,0.0319730210508529,0.0176299338375135,0.0239662169810908,0.0270498933271554,0.0362642799127829,0.0312770721956539,0.0293363706327756,0.0298001868223307,0.0410456886132496,0.0314201980634814,0.0258606807672432,0.0284294672984101,0.0339382040464487,0.0218412754935657,0.0393266896434378,0.0338272839445801,0.0381031241135719,0.0273276524223685,0.0333449518304085,0.0313674681088845,0.0303857735432846,0.0283225910786651,0.0364732730113068,0.0289846086885407,0.0297281003040859,0.0299369189276948,0.0252445854587765,0.0273570242633082,0.0280853523378347,0.0241710763118612,0.0348724290171448,0.0310847795157462,0.0355127019685877,0.0263477625267972,0.0307302831049183,0.0276519664445974,0.0306862082448573,0.0276553932495446,0.0363888672487722,0.0316445558233227,0.0327330388247622,0.0344961756822624,0.0324009482029733,0.0316223922301175,0.0298385439964878,0.0328544003913984,0.0337082135410189,0.0260397785464853,0.0372438455850838,0.0373367020275512,0.0311919838442873,0.0218294266128728,0.0316879825824556,0.0288403336079176,0.0406492536263539,0.0299200315082099,0.040827484568744,0.0326256568718905,0.0353412729825217,0.0367212808163895,0.0322677140713551,0.0250419684395002,0.0289009095062757,0.0263094983600982,0.023646212441872,0.0352315773018051,0.0364357673859377,0.0259909723889764,0.0340069016000133,0.0369010730715054,0.0390854467113997,0.0301009339552226,0.027986120030964,0.0255507467387017,0.030934746335398,0.0363761156398737,0.0235873236113673,0.0282256804298922,0.0281510696180629,0.0368090770114365,0.0412058593381905,0.0363314606614458,0.0380539024949431,0.0274935270290306,0.0334022923141615,0.028875132020462,0.0285563466066301,0.0328735884104892,0.0342708414396312,0.0379184938731598,0.0294282445055114,0.0297348350316356,0.0320030565524977,0.032725755086237,0.0397514799795669,0.038521064743666,0.0366128757662917,0.0268851762106109,0.0251924330988258,0.033981266420553,0.0354904530448975,0.0332469220500139,0.0372329723843804,0.0318799107756779,0.0281177075007642,0.0376761843614393,0.0302346416781236,0.0323498789959785,0.0332942986155847,0.0261862157705203
503.860566625786,0.0471540059285069,0.0401701400092275,0.0433803967377083,0.0378340726473994,0.0492469054135448,0.0382608105311008,0.0424174360637384,0.0432016070930608,0.0468841207439332,0.0501496025866903,0.0413642777548231,0.0453126650078053,0.0388078262430694,0.0446520380281099,0.0442652916931223,0.0501253237408161,0.0426973622876722,0.0433414460972736,0.0429093998988929,0.048375671630118,0.0465267186480513,0.051762996261802,0.0442521701757983,0.0373731400432831,0.0419025608395544,0.0406301305114118,0.0475924358601709,0.0454263668864668,0.043430982971187,0.0526499543318803,0.0372845194310569,0.0392814528261321,0.0422034009025318,0.0404316792634006,0.0480310585337493,0.0490738269310794,0.0448526252778673,0.0417439238998339,0.0419930991916421,0.0436183095744674,0.0466153558452454,0.0412490187636576,0.0413924248002592,0.048610227433148,0.0438037645282399,0.0478587471939918,0.0430068219078307,0.0376336448938892,0.0347071365473024,0.0421529120076977,0.0487317841303179,0.0441572734198955,0.0506545474279523,0.0501554143740105,0.0387654729376427,0.0444776502123606,0.0505832665774042,0.0460935070846344,0.0475658970219573,0.037216720756026,0.0448912684677827,0.0406254576076153,0.0448862004498971,0.0448728872056939,0.0495996415793974,0.0518502155170626,0.0461536785742477,0.0497924528297912,0.0409129276178029,0.0414754683019756,0.0443066380477294,0.0438404119354931,0.0397573707169619,0.0403707098509124,0.0415620573483371,0.0431712320135755,0.0470753938243178,0.0413954391422186,0.0442905912120675,0.0478689210086116,0.0512419199811136,0.0368554081300545,0.0449224494925152,0.0381636968009418,0.0382746810669739,0.0556704427745712,0.045286009120295,0.0384176136913144,0.0408505832419829,0.0450874426302066,0.0427826816301018,0.0397216050266202,0.0409087344733992,0.0426385758830245,0.0484109528069157,0.0594567630681601,0.0482377523108416,0.0377752203442249,0.0472255013773265,0.0444798611637416,0.0383471496932156,0.0441657660482394,0.0514767442529566,0.0472704006773793,0.0387831826821379,0.0494153895345488,0.032564168002354,0.0364735065447799,0.0414071254417537,0.0460121722482132,0.0402084267230305,0.0333281538072206,0.0452504411274347,0.0402893233049244,0.0400332519614016
507.324669980914,0.0329926183536995,0.0351917103722738,0.0345257997847916,0.0339159274462501,0.0232999939893992,0.0317189644107237,0.036404980949138,0.0339223836219183,0.0326384727977263,0.0331900941425766,0.0379316621545299,0.0365240785939369,0.0234176761895364,0.0304147774138649,0.0272777549252762,0.0404612279220914,0.0350447926136466,0.0288749485610572,0.0340560873823057,0.0362479383962397,0.0301110545284961,0.0334089670663158,0.033410131754792,0.0344935126577892,0.0277657943150507,0.0278542160017538,0.0312547136520842,0.0280940287392179,0.0307782666013697,0.036775200835333,0.0397446947471457,0.0322340239494792,0.0328192962714194,0.0314790988165717,0.0363580168163825,0.0311931247612307,0.0301825625352061,0.0350662095000284,0.0309159468172005,0.0412400255140298,0.0299426476171618,0.0356150382857769,0.0298883672484048,0.0321097980153008,0.0317717104731042,0.0301153717766038,0.0303018622457357,0.028760533948881,0.0404930035861807,0.0359816506047834,0.0303839847168468,0.0296819153668558,0.0369277880110095,0.0287769549412406,0.0325087608448216,0.0324128676606164,0.027817452949908,0.0317591636741569,0.0348770561629342,0.0364691170162931,0.0354577585881597,0.0306831683550114,0.0258064011506764,0.0326955214204207,0.0379406688228998,0.0406591710780794,0.0339263314952165,0.0301011173762078,0.0291803495804949,0.0312094110942271,0.0309911742173944,0.0338422922150015,0.0298907596403805,0.0205191334120551,0.0418963263277036,0.0344598798868702,0.0339874496131044,0.0319868701980187,0.0262375749151044,0.0271784499427401,0.0342757763773266,0.0264554682938302,0.0403127126904865,0.0283630475494644,0.0369968217059819,0.0360378751495664,0.0380564424344077,0.0314583384166576,0.0298069077398962,0.0249298265623771,0.0350005030415913,0.0298363622621799,0.0297300246878191,0.0392425900579662,0.0445276382835824,0.0423260844434914,0.0392055765045153,0.0277152527316405,0.0296865438597518,0.033419635267007,0.0265818728351411,0.021987901243469,0.0275705916460725,0.0405427384320066,0.0408436800494486,0.051002615471078,0.037959745714349,0.0335087195534083,0.0281690173947279,0.0381452601836005,0.0367546545412921,0.0303892257461386,0.0304319085921128,0.0378940086664772,0.035525099698115
510.786175120224,0.0526877987007579,0.045680406974656,0.0521710528244594,0.0527677592950425,0.0483584604539473,0.0486210955886068,0.0542419445982915,0.0579394319932588,0.0567423821729415,0.0524278685763784,0.0544417201464953,0.0486818220810837,0.0497021539108772,0.0485441481719609,0.0519906627219321,0.0493101595001345,0.049793468540599,0.053589418549218,0.0534367775480902,0.0555455899395511,0.0556859143585845,0.0454165614997016,0.0614827588290303,0.0474686719875229,0.0505698883382483,0.056108786757003,0.0499310167151631,0.0509263142587434,0.0451706330607936,0.0591061619010218,0.0567595802951761,0.0562200434989991,0.0486884382270738,0.0535891728883101,0.0525158530781779,0.0496165221085474,0.0455050349659059,0.0460754266403025,0.0546787410562161,0.0437330595702556,0.0488522310803323,0.0596002920786535,0.051619624877566,0.0502344051032686,0.0535437048046029,0.0566815530232702,0.0583167979637665,0.0469349959727001,0.0538911203158748,0.0536712090739222,0.0488797884427263,0.0506727336585635,0.0571724882841684,0.0557732378131597,0.0492016776677611,0.054804495744827,0.0457908539963394,0.0531545719509182,0.0535495381461972,0.0535940432395932,0.055793011261764,0.0514752573186975,0.0552891853165704,0.0519316823524157,0.0507652418534183,0.0601865368481987,0.0484310191485789,0.0493169237235157,0.0464702287060661,0.0511041294874786,0.0487399391769241,0.0504247584497729,0.0462870666409091,0.0519263208198862,0.0588661655814777,0.0565828972327014,0.0514450451757645,0.062706410921481,0.0530343754748079,0.0457170512236607,0.0453156632606435,0.0541779280260907,0.0444066277913538,0.0500871740432908,0.0563359004753832,0.0530277434125068,0.045881145607055,0.0463647252111538,0.0506937584636283,0.0473466766164677,0.0607694369153685,0.0528066877855152,0.0519647702794116,0.0491576347433089,0.0661281991612474,0.0614252921615003,0.0543539905141073,0.0546911172444707,0.0501002253838869,0.0592908772308312,0.0538876661017657,0.0426876622777614,0.0585729724530386,0.05442236887703,0.0553627162249152,0.0771901895985386,0.0638654444783116,0.0577502269716824,0.0522616656624855,0.0570805799217896,0.0506104913832551,0.0612737550856051,0.0476219717171383,0.0564016928638042,0.0444673264565429
514.245084789933,0.0422380242090639,0.0353063645717706,0.0427214908361731,0.0376639951346125,0.0357870754065622,0.0404249174655322,0.0333206042350424,0.0389300776866813,0.0419020570282146,0.0408211087366667,0.0439393626693834,0.0419905275659477,0.0423823382420256,0.0455908427137728,0.0360329112761969,0.0300574936621181,0.0383500080256301,0.0438377062161387,0.0450703678510997,0.045532502603694,0.0365243032184287,0.0435367255441703,0.0361835827364435,0.0376555122818218,0.0337010896266991,0.0350662086571924,0.0410864722625428,0.0394351640086121,0.0373371651472486,0.0561027180649149,0.0456649572553283,0.0454345989947707,0.0327972761658724,0.0331288040308189,0.0402420698534336,0.0418350311911864,0.0372144105738467,0.0393450920027409,0.0386441597511979,0.0358583840107082,0.0397956665239699,0.0425945588036931,0.0454276811288194,0.0336818397775816,0.0355519456784266,0.0361474466443346,0.034692032077693,0.0423401028379091,0.0345224842666346,0.0371312880696825,0.0331507009405203,0.0382635667915645,0.0342191127162032,0.0408659447691215,0.0439860274864587,0.038914781035581,0.0342367956788305,0.0414763158330119,0.040266732843784,0.030011470143771,0.0305961928077979,0.0366236875793608,0.0339961048640026,0.0380757860882911,0.0428654989263256,0.0457600597665773,0.0339657389331524,0.0360613557410266,0.0385205967406251,0.0444926168032349,0.0457348370625204,0.0490617481578591,0.0310029433903269,0.0407506635664641,0.0344227219853602,0.0382404069545567,0.0393768771867446,0.0423912387900799,0.0360097724469661,0.0382422762168982,0.0428525969254975,0.0437253590681291,0.0419265156461539,0.0300727476349626,0.0338169698979593,0.046244777551194,0.0353676605716225,0.0419602662736549,0.0390554834993291,0.0540986824096748,0.0280217977223251,0.0396331447262536,0.0434737556549446,0.0345051960432309,0.0404027604686198,0.0494218540847757,0.0392167753557784,0.0445789944862325,0.0401032005319302,0.0400245605186663,0.0409671814460159,0.0408077782698884,0.0319221635809596,0.041668646073714,0.0535693781425576,0.0593116516919826,0.0508896724512999,0.0411160633183722,0.0384299378472761,0.0349238041858748,0.0411444312280592,0.0408106827645153,0.0430659893096624,0.0374292770971074,0.0399063274213587
517.701401732335,0.0403671406951718,0.0500165056885618,0.0565239044901707,0.0469209367581245,0.0468249763917851,0.0492718136580512,0.0558802491170183,0.053217300582363,0.0556822837998802,0.0783878049645817,0.0528402566478623,0.0454903133119323,0.0458676139865097,0.0517890461538113,0.0558148276044741,0.0430906868553839,0.050910066720719,0.0488947726143702,0.0497200693732464,0.0620645104808727,0.0561214411270691,0.057624486729835,0.0444648816732588,0.047402940941508,0.04734430655408,0.0479376856967495,0.0494661149599131,0.0450658191935753,0.0489689113736501,0.0654583932387801,0.0685673327053211,0.0493632433174443,0.0513033552560939,0.0415496577232979,0.0465133947701414,0.0527271459624871,0.0439069949500904,0.0460078411441421,0.0405610533979303,0.0589796217937514,0.0531737065142361,0.0492792358506272,0.0515486456100053,0.0550031447586335,0.042772647432406,0.0500706195538095,0.0512441657375194,0.0458409306086488,0.0456842828530804,0.0520530976735022,0.0510594011498509,0.0523152729415997,0.0463167775252103,0.0438783110245918,0.0551556671751151,0.050477380555939,0.0500125407495642,0.0454829709313127,0.0545573589131827,0.0508797584939319,0.0514204316092373,0.0503481441220788,0.038590791162225,0.0480447962412923,0.0572708971254398,0.0599318971877232,0.0549703792381537,0.046031544923609,0.0475354702157976,0.0532133849769747,0.0547033277532686,0.0482154938919357,0.0532488169826556,0.0513721248003657,0.0508022204377357,0.0512646749942312,0.052491017794078,0.0459253731351973,0.0486962660716759,0.0434575091261427,0.0522234602695913,0.0520524363211509,0.0377832520001074,0.0485353966293898,0.0514726923876011,0.052339350674747,0.0426016816590917,0.0505609542303899,0.0485151204366498,0.0484215081733844,0.0542796012267904,0.0501514618342897,0.049757702677616,0.0491691429839801,0.0704547124598613,0.0570743976130512,0.052111598454279,0.0442515374820385,0.0414733089884509,0.0500809441250636,0.0528004643448853,0.0565029543276637,0.0510244216785883,0.0478935136128363,0.0539207249082588,0.072663622856924,0.0434376209963136,0.0500545165001373,0.0489355398657448,0.0477825930945385,0.0598233792126764,0.0519874850038802,0.0493427701371381,0.0476219313209543,0.0493350724779899
521.155128685819,0.045999633207216,0.0470697864170642,0.0389009020804248,0.0513806504779341,0.0503156310398701,0.0511574297828609,0.0386207292648904,0.047590268322905,0.0645711533455241,0.0818662878938884,0.049841057528163,0.0451991186225308,0.0514929093020293,0.044463376177126,0.0528096113983658,0.0460328287450054,0.0458221944337636,0.0422689289352097,0.0559723834091531,0.0639278590734428,0.0563002584755228,0.0551594885006992,0.048451951921661,0.0597715974493682,0.0491745237770625,0.0498331969037997,0.043802580592119,0.0463829700177113,0.0443309588526692,0.06940359198116,0.0725414323554833,0.0490542633857388,0.0450416646710148,0.0417625460778966,0.0462029706553576,0.0480999762510315,0.0521814901152713,0.0494240389141731,0.0478991902807843,0.0543172390593101,0.0594035332873688,0.0494698838001294,0.0474505209268191,0.0481446571219689,0.0505043098978184,0.0513778110933915,0.0438648198029289,0.0417344158459097,0.0519084981586395,0.0430608472027837,0.0443618107093893,0.0509784683820857,0.0508334324484888,0.0506704841679546,0.043869979375923,0.0458497001491776,0.0459160935825391,0.0489218710733663,0.0487987007567,0.0527372056571589,0.0478405045617249,0.0446190284569188,0.0431589741825839,0.0552776758608102,0.0569436944737892,0.0581736614130526,0.0480975425606392,0.0532717616346418,0.0400807610648807,0.0423130040851099,0.0461909721793546,0.0511441566053543,0.050252711551153,0.0412346975866323,0.0494183236319478,0.0461715048828327,0.0468067287197887,0.0488903062731621,0.0510837492096776,0.0420112794513438,0.0502479728002725,0.0463835808361169,0.0483460781826482,0.0487896601614469,0.0468281256247575,0.0553094127324749,0.0541185970716669,0.041935968769679,0.0481990273023939,0.0454144242938497,0.0512662012917863,0.0541744672645897,0.0505333670486491,0.0494024402684768,0.0563697195974865,0.0501987855479231,0.0495755489583849,0.0417182459872509,0.0563809686774659,0.0459798185589337,0.0469855237515885,0.043568088267845,0.0474810544031028,0.0540922022583201,0.0488170034109616,0.071784218560349,0.0470600671292912,0.0578775453118107,0.0475044866701741,0.046378852392712,0.0519301838726031,0.051672734816276,0.0458193082054684,0.0539326852172926,0.0501125556960634
524.60626838487,0.0338576816211734,0.0478369471039592,0.0494024213352068,0.0552844544717653,0.0484079220325624,0.045015046418736,0.0478640787671417,0.0440860056839997,0.0599205370372085,0.0836963751353771,0.0527525180241034,0.0502593034923218,0.0473436948708149,0.0489889774968741,0.042191065818634,0.0510674691950086,0.0455143177698696,0.0435642792953801,0.0507832880543012,0.0630530388983813,0.0483731354458728,0.048936827928549,0.0433439033429607,0.0551753118528199,0.0520501636665295,0.0456798620174139,0.0483552927566216,0.0476738540297144,0.0445396268853082,0.0663230256280242,0.0689285630512503,0.0450342457513524,0.0532765001422524,0.0528577150401937,0.0496894920988943,0.0477215114332215,0.0604298682955031,0.0474467604824656,0.0492179391122212,0.0512612257298984,0.0491721335384589,0.0507127922265404,0.0476184000622931,0.0439677269075825,0.0523031686349335,0.0455428198587246,0.050041330648948,0.0505973249923869,0.0553779323107526,0.0459861710665737,0.0504626229700749,0.0474968185096093,0.0477692195652722,0.0438395361257361,0.0429522925935822,0.0530494470863134,0.052521712417392,0.0507096398368911,0.0408494777152755,0.0437200910745637,0.047484970819789,0.0501971049339565,0.0509401032645476,0.0554380467815857,0.0522328598095487,0.054268152500272,0.0493899465803827,0.0572414023888833,0.0446579306531154,0.0472747908175509,0.0371070333020205,0.0442728178137994,0.048840464555444,0.0485299467877625,0.0539207678569273,0.0447767251716832,0.0512871760738295,0.0512861849329195,0.0512825518932361,0.0471734162992968,0.0552549851608536,0.0541215890848361,0.0545178619505256,0.0490178592576095,0.0557386885078437,0.0696087252228438,0.0516064749241133,0.0504861972084524,0.0521901292221408,0.0547841537908239,0.0520178431626679,0.0624834955992588,0.0452526952385265,0.0442747703067303,0.0576714489334268,0.0676409423420704,0.0563662113326796,0.0413394955995366,0.0490168734857756,0.0510920200607229,0.0416948535096742,0.0575596426505514,0.0492980251097414,0.0504909000041211,0.069743678674487,0.0737218417154861,0.0517660276920661,0.0536921545851382,0.0482134487302412,0.0548043144225909,0.0483450505954059,0.0447803012477192,0.0504140155350993,0.054709327616124,0.058950248881409
528.054823560073,0.0491190699844628,0.0378929822604808,0.0425542262084588,0.048559700581702,0.0427135505222962,0.0409800463332814,0.0438173095530704,0.0448546022375589,0.057405583949733,0.0536011855411478,0.0486216160431302,0.0461510303235658,0.0388358806989933,0.036211749670888,0.0472617327290609,0.0364765110944754,0.0446466327979651,0.0432439108323377,0.0499146552773559,0.0377486768100474,0.0474231996056546,0.0528178457349549,0.0376760622626406,0.0415546263167045,0.0479349478109529,0.048068977896881,0.0480297388490884,0.04465152686413,0.0436392188553624,0.0481396885019658,0.0501681016804751,0.0483585847837393,0.0405089102100973,0.0464728763268338,0.0367622583268949,0.0425093700843674,0.0397051477006343,0.0465173559265585,0.04942063905084,0.0454576783020963,0.0438451347430287,0.0346817567069599,0.0316662105415998,0.0484281665165812,0.0406514766214859,0.0424183680796182,0.0431525091797828,0.0399404060267553,0.0429967931140913,0.0380273612815608,0.0426444477043144,0.0318053959217882,0.0516947814308484,0.0467710030468424,0.0480263287034323,0.0445980051539681,0.0446193044129447,0.0356771357154524,0.0453213888535349,0.0379311989111349,0.0400610371640171,0.0449564555713665,0.0360199101416412,0.0376847567469159,0.0453172407122245,0.0349629808872064,0.0484718462042923,0.0465849142225224,0.041535447630357,0.0437373102806251,0.0449062180478234,0.047692717161725,0.0415010258765703,0.04597843543741,0.0428100720136189,0.0465483948060557,0.0482328807631235,0.0390046045677688,0.044967386616129,0.0357221272950903,0.0456814551264192,0.0441028045043121,0.0415665594911507,0.0444072103723532,0.0423492577608431,0.0591034347678124,0.0393741846639921,0.0407685870343616,0.0409893376402049,0.0398615467135509,0.0337885064521282,0.0395007779859642,0.0481690250672795,0.0433893185892571,0.0493814270148871,0.0570887034476619,0.0466259622804964,0.0420253706966554,0.0383710365817124,0.0491125623775268,0.0391313086102495,0.0412712664170623,0.0419339909926053,0.040890737935272,0.0510160212650218,0.0623754964354641,0.0492297081775795,0.0451236894752437,0.0369860441220078,0.0506101476741977,0.0469011011961104,0.0444135909145327,0.0414079321511199,0.0455457231246945,0.0461991663292066
531.500796938122,0.0541359127267308,0.0476911305056364,0.0513795254539105,0.0481712347119499,0.0525712923607487,0.0486543749175354,0.0439895431094786,0.0418339410980786,0.0499997210682042,0.0510536059483812,0.0536399572142103,0.0538477579663039,0.059547328255327,0.0477036341636229,0.0501385274320736,0.0478154382104402,0.05443317412215,0.0577329073580296,0.0658673124068234,0.053631783012876,0.0448317485504271,0.0508089985243968,0.047985477235245,0.0549061323897388,0.0496873006737794,0.0455044320361245,0.043904257042697,0.0512491808079017,0.0524586872198033,0.0493162409533241,0.0567643429211313,0.049025058110148,0.0470789189029018,0.054243201747878,0.0511205508599838,0.0495602067725185,0.0452214331786347,0.0520036402766677,0.0561346252925334,0.0488803806679746,0.0510923375502161,0.0488098226881444,0.0586068297858214,0.0566532984822115,0.0499168833143239,0.050215079016583,0.0476466681300117,0.0557904535840116,0.0562357023154264,0.0501299338291126,0.0551058731270272,0.0505215234641382,0.0480397644300715,0.0496758041702152,0.0497923348273433,0.049051879942123,0.0458100846222396,0.0552917246408165,0.0486853600538679,0.0435068067558528,0.0531972602352247,0.0510232836314068,0.0518470201660647,0.0643554161143314,0.0568946240964044,0.0553888885871029,0.0480738861750203,0.0477990716534363,0.0471565234373242,0.0512958889393693,0.0543159312737188,0.0532589624460603,0.0464760089477901,0.048311284912617,0.0477983322322466,0.0568075607868703,0.0510527933176047,0.0451465431748205,0.0472774123830536,0.0574188613880062,0.0527941425451928,0.0431927155769289,0.0525976066458364,0.0526052661545164,0.0512074384677279,0.0609601089836097,0.0459671543640567,0.0492689159339081,0.0465538730017234,0.0529544170170145,0.0496527186298206,0.0612338245357923,0.0455775106013163,0.0526147540315094,0.065513243418183,0.0599777085113686,0.050063873810913,0.0465011593376231,0.0461462964743391,0.0525421934389048,0.0486565444515719,0.0480591680541221,0.0480091791117411,0.0502697446629088,0.0632047138398733,0.0652119758606119,0.0533278317622089,0.0501459699984213,0.0533449666232864,0.0485799743189863,0.0486819904890367,0.0533025945152268,0.0535517756750645,0.0501257854287499,0.0592980596622379
534.944191241836,0.0467570359269057,0.0505182973156816,0.0488103818460057,0.0509383185132343,0.0516592719314924,0.0408330823096182,0.0515643737538633,0.0495362575030803,0.0620263665900206,0.0457767553341391,0.0338056282044607,0.0373185629247529,0.0466553559821333,0.048371707005037,0.0513635138218165,0.0448261932535188,0.0529802997337344,0.0467638277261555,0.0524432839014809,0.0548468352269536,0.0508338054811745,0.0557053809536867,0.0518674613688461,0.0486463296604065,0.0449848521372398,0.0423659044308509,0.0510736535420527,0.0508544847096945,0.0504234477562637,0.0407750806692943,0.0557740616170735,0.0470338114447044,0.0525478001535346,0.0521698540215732,0.0425105166848948,0.0373524698938563,0.0528562683506371,0.0483395119468247,0.0393960994411156,0.051732867401046,0.0506440809771597,0.0467422544965354,0.0479684875345754,0.0475277033097755,0.0441210524836786,0.0568910681651422,0.048855056618673,0.0477890457664375,0.0416197241466547,0.04211934365694,0.04777074246211,0.0527902386798856,0.0481369221733178,0.0433087057186907,0.0597385710130932,0.047553244956503,0.0432208855904994,0.0418335210791069,0.0390358242297937,0.0512261116458156,0.0527645696341259,0.057604532927224,0.0455129863573247,0.0427570619212403,0.0455698741408158,0.0487532069150635,0.0400047222942047,0.0495283223218271,0.0527516712654818,0.040822698562814,0.0506090270294716,0.0435956184802371,0.0465971154047209,0.0489815418697753,0.0473860690843935,0.0473536163454925,0.0436564933463271,0.0485493220258601,0.0403703659600423,0.0481269750365489,0.0485610522622312,0.0411826353935167,0.0483253162807757,0.0425955176496898,0.0551502972004415,0.0576280991617018,0.0546892297417692,0.0441926979259104,0.0434265504529645,0.0476870406804634,0.0497856952622822,0.0484410674320695,0.0467976917027551,0.0543456492132509,0.0598300221526031,0.0535185818040076,0.0496249688853652,0.0449564812100788,0.0457570018379785,0.0456194323360235,0.0421861823532942,0.0570211240436983,0.0513665277284185,0.0482202068917952,0.0536534324084793,0.0642360281081089,0.0568447300161156,0.0578660059094288,0.0512709498752521,0.0558319097153772,0.0498955761034509,0.0550683821476396,0.0569819227798945,0.048070605935433,0.0535038427543372
538.385009190145,0.0350500257283433,0.0335522740123598,0.0364710300123759,0.0441375720819091,0.0458866629344622,0.0340527497246626,0.0490329682916341,0.0351751466155506,0.045379649723476,0.0480433395501904,0.0425505771335107,0.0428124261228205,0.0277805025803657,0.0376762231099854,0.036847023290204,0.0428706057092087,0.0413561458007644,0.0426568585005892,0.0395356399993804,0.0435631353532044,0.0465757909798985,0.0429834854657242,0.0450545729775866,0.038656150729122,0.0413284102447342,0.0375586643369923,0.0420442339741853,0.0413240412155557,0.0429480517211264,0.0375936974913812,0.0336960323167533,0.0429114314052169,0.0391661528906417,0.036980396090891,0.0415216982550714,0.0475590460375442,0.0395593143983053,0.0349883526929394,0.0400651348700402,0.0436744176167164,0.0430483454015781,0.036025341442431,0.0356954576488256,0.0410842387667218,0.0345409686363079,0.0394571453214926,0.0375418514246732,0.0392204024143585,0.0351628394750013,0.0449411073723851,0.0414788793663489,0.0407306460614424,0.0476692145179875,0.0363713978084569,0.0455890573085239,0.0417186447643448,0.0330971384595143,0.0343094111006739,0.0407255169232466,0.0437321732905832,0.0403883126935241,0.0404156459753059,0.0375335355254341,0.0471527383436009,0.0445682988542337,0.0394407726734045,0.0477467760766129,0.0409578648149371,0.0407817681860278,0.0340314651959355,0.027240199058142,0.0425949416109698,0.0381088936007697,0.0463525781553262,0.0378109961427,0.040534481254434,0.0373075229251303,0.0416161761496403,0.0323565794435114,0.0360446943724717,0.0437639195722137,0.0386100146469638,0.0467558411210988,0.038977526756833,0.0476588417980161,0.0454941591522255,0.0429197595424713,0.0375282122738137,0.0386489046152884,0.0370016691972689,0.0390617595449436,0.0420911636377219,0.040865722490614,0.041113119427371,0.051464470614971,0.0522138948034997,0.0458595594085488,0.0417517120702924,0.0366607344164021,0.0359534898093624,0.0483555733333241,0.0379038489712534,0.045004723240815,0.0407152436075878,0.0397335352856492,0.0684454955426906,0.0442387909357074,0.0410511012253921,0.0394266161933011,0.0395139420222294,0.040248653919335,0.0382457486380679,0.0408389674787444,0.0465405394455674,0.0422935401510251
541.82325349812,0.0588143713742372,0.056096593043368,0.0549637344159082,0.058517655109188,0.0556666093484858,0.0587192164112654,0.0554961739616211,0.0659363298490361,0.0497872895134064,0.06542276280946,0.0604452090940165,0.0547339600587301,0.0635794115236365,0.0555694409532918,0.0548197314750415,0.0588996454521078,0.0601444556213579,0.0644862644404055,0.0581244473540912,0.0582832857931723,0.0525276071828492,0.0584920216485192,0.0574200775811631,0.0651670591424272,0.0542552027580429,0.0584549121552865,0.0604828367737801,0.0666006786596027,0.0592704193753062,0.0596958688898652,0.0547969520041705,0.0629800831330926,0.0553419710402957,0.0599455198426487,0.065633900334507,0.0566723781436956,0.050895623894982,0.05381812689398,0.0575970797298449,0.063347370599223,0.0562447398050028,0.0576240026540206,0.0539766415700469,0.0595214531923057,0.0544702861092512,0.0575762579878926,0.0517376706818345,0.0647400246292932,0.0597830788045915,0.0591382740760124,0.0570701005913224,0.0551329269823823,0.0541918577941117,0.0669332564818184,0.0631433456808798,0.0584881823374731,0.0535225176575083,0.0652251475286415,0.0629544542123986,0.0562817210931963,0.0539899816564963,0.0539624226718789,0.0570625254631733,0.0607385761758338,0.0582474414549892,0.0677394773361936,0.0576477110726897,0.0583179186867732,0.0616723612371024,0.0589910991182348,0.059482383631385,0.0638321404040329,0.0510562567626918,0.0600658400611171,0.0566976002666697,0.0576338887429064,0.0518510502472573,0.0558201717550497,0.0616244003599613,0.0642986234920968,0.0637396254615357,0.0596538020861199,0.0571651480224475,0.0551206827728442,0.0558963031893474,0.0663706673458981,0.0526689308985317,0.0548155395114379,0.0620115711051654,0.0624210220514666,0.0488924239490104,0.0588950927355096,0.0540953284864344,0.0593319991873813,0.0606122182861765,0.0695303319161123,0.0596740697176927,0.0581431281623555,0.0595501887249962,0.0577852780199562,0.0567020034062714,0.0704665440116616,0.0617768896001315,0.059791849451721,0.0675874457282069,0.0802083307146781,0.0610253231487952,0.0568903647533009,0.0676213535494106,0.0604027107188647,0.0614565223054031,0.0579777202080575,0.0637646440704783,0.0631608610270145,0.0596290176514334
545.258926876969,0.0449054697508577,0.0519025684825612,0.0431147809456018,0.0426544689952915,0.0423220023929368,0.0390851085757378,0.048139406027377,0.047222669515436,0.0482235841963762,0.0519589846830062,0.0443124469957921,0.041354460296078,0.0441123039565817,0.0426632330239275,0.0478386847580309,0.042060987234703,0.0463339932029439,0.0417839165672879,0.0484240607251923,0.0458632064017146,0.0428328640428361,0.044653867166448,0.0558903133683714,0.0461284654622936,0.0478693555210313,0.0437414028125231,0.0454718780623759,0.0505886732205771,0.0457881103486682,0.0403106353288662,0.044009316993581,0.0498579055780712,0.042448115524438,0.0436141189038522,0.0405587366692353,0.050267421867971,0.0396922646798361,0.0479316806737156,0.0478633650607605,0.0546934780564946,0.0409284772340233,0.0371549713025946,0.0448724116507489,0.0416585118034943,0.0432290356561128,0.044470008163953,0.044176219395304,0.0409586031091462,0.0429072751608114,0.042907590319595,0.0405751384205218,0.0472610757995204,0.0504362598298616,0.0447159719237604,0.0385494325647108,0.0385940966805868,0.0487128345515517,0.0397728328187271,0.0364531790055298,0.043854958395738,0.0448137032138015,0.0496756108448568,0.0474123257255309,0.0434019138523611,0.0430334714732951,0.0366408526742103,0.0495019910905443,0.0513191212430412,0.0452665162888203,0.0415578227956773,0.0556992796254071,0.0475770815643251,0.0494929271494375,0.0486565066455321,0.0449220621199755,0.0422504842642841,0.0475971680672544,0.0450373483129881,0.0465314462198365,0.0460830812654454,0.0443378446067159,0.0414492457491755,0.046815188988063,0.0487783136541764,0.0467238701850898,0.0557327498057328,0.0413882558654626,0.0460173802783276,0.04255915759662,0.0479103924689285,0.0419091383900411,0.0535720280544831,0.047016284674689,0.0476496819269096,0.0527285085214645,0.0479762832131747,0.0498062534511754,0.0499835153879611,0.0449768934876668,0.0388288744541291,0.0451985377487406,0.0463470528537412,0.0419015114920014,0.0489784318286096,0.0454736196855193,0.0748994068802763,0.0522532474463064,0.049828950662856,0.0476063081263742,0.0467711512849281,0.0463416719084785,0.0525699310461702,0.0443124497820164,0.0450563306480399,0.0537592214896659
548.692032034043,0.030433677682373,0.0289843235891685,0.0426091612206067,0.037899612003732,0.0343237502406663,0.031694503978076,0.0407577630013792,0.0333202725101498,0.0455533362730539,0.0368478562185999,0.0405679504653377,0.0344029274038114,0.0424920935573861,0.0437689014378503,0.037580676887492,0.0400289703052421,0.0346345677206823,0.0423690547825514,0.0343489624895933,0.035586606761181,0.0352680758253105,0.0446521171029433,0.0404654316508151,0.0429462259694259,0.0361008174915507,0.0443303055016146,0.0374436326809964,0.0393744107523491,0.0328219338282602,0.0402860017404685,0.0353567463691876,0.0367107983709828,0.0381352821367455,0.0338025816827627,0.032937546877452,0.0347555185584082,0.0338243838331729,0.0387998402252293,0.0397384880250776,0.0427486804122415,0.035447987970994,0.0409166496764819,0.0378892815673893,0.0378480461742938,0.0324999051213577,0.0340751861820793,0.0414789764594106,0.0398944540529785,0.0369193274449097,0.0380526027893242,0.0326047883478869,0.0335372051917566,0.0347836264388084,0.0420512374961579,0.0347185557801812,0.0386104444069273,0.0315415459497701,0.0343408124907178,0.0353619545253088,0.0351997108035732,0.0383211009782071,0.0351105969944228,0.0409761027881295,0.0379660262590698,0.0337857211902247,0.0389128645211485,0.0396927514775731,0.0351025523592701,0.0392492755488772,0.0362805286738483,0.0333455992184044,0.0345551075721135,0.0436128105648499,0.0432234522543892,0.0465587589135847,0.0422724871099561,0.0401002331705714,0.0353144117292932,0.0292508354578494,0.0389001737005018,0.0421620760574662,0.0285929613076944,0.0435335753146875,0.03545889503959,0.0364395432598549,0.0486821784026317,0.0381617522523964,0.0319828141833373,0.0414977330988428,0.0376887833872247,0.0468155379841381,0.0439110748439952,0.0300445361209634,0.0391434526285295,0.0554494113049681,0.039864212150949,0.0426641907322947,0.0385291559724112,0.0385166576564023,0.0437614351455656,0.0364230855937334,0.033203217319628,0.0381589333165377,0.0408549892448986,0.0461341427550964,0.057254477285865,0.0406802954423607,0.0394746519113547,0.0367705506847548,0.0374944702015598,0.0398699396920126,0.0433153251444266,0.040581145265811,0.0489579769355851,0.0376221013418862
552.122571672838,0.0374501167319141,0.038097142411546,0.0344993674796956,0.0442532220666493,0.0413413045941749,0.0461493367086179,0.0418405860205786,0.0425037513433821,0.0455603135717674,0.0422566131183065,0.0481324301951823,0.049475035884823,0.0468042492672101,0.0426897913304234,0.0397614162264913,0.0385014827447643,0.0357262083634073,0.0450483590255258,0.0354655634862696,0.0339610873813514,0.0524578458522639,0.0424932313648736,0.0506207638531852,0.0418571308029935,0.0430589924605685,0.0514627126744771,0.0504147067324577,0.042068095992166,0.0452782717923957,0.0391599990248896,0.0472012511193887,0.0477551514735072,0.0429414760147045,0.0386925141821853,0.037854314703798,0.0416584918957892,0.0386526975685302,0.0398419204795016,0.0392153809861756,0.0432965498549255,0.0408990774044336,0.0484267939889861,0.0442934575796805,0.038344553771166,0.0389297854395448,0.0428128803595116,0.0436460877045396,0.0474689803748806,0.0401823840675513,0.0375157375413415,0.0417087936505301,0.044686408257534,0.0450094478204963,0.0420799688100175,0.0505567501145446,0.0466837879609071,0.0406287067008776,0.0435116169058779,0.0553515693155233,0.0400794773973117,0.0453469847551916,0.0377901720247971,0.0474719036478836,0.0422627913810881,0.0424871694990531,0.0549419038547187,0.0495180112558591,0.0458984187529276,0.0375916575484488,0.0421001550674017,0.0420578925439335,0.0459434463928952,0.0495114627484635,0.04758596061107,0.0422581757566584,0.0438657147682864,0.0422328372754984,0.0331631417691074,0.0449268244606178,0.0433029436543425,0.0442745503703815,0.0474131050838575,0.0451379044680428,0.0472487533236063,0.0527498030172599,0.0395409073714472,0.0478368715540769,0.0439853669252559,0.0377032749379952,0.039845145625671,0.0435734829789593,0.0423107407737207,0.0470361782958917,0.0482180073223637,0.0623975528221302,0.0524454888706348,0.0360473662925753,0.0483064924890426,0.0412547575773546,0.0459513978125984,0.0441427113253146,0.0398361686425687,0.0419321167897465,0.0332496765238372,0.0435123528058273,0.0675265761596438,0.0462888773665536,0.0492478473556576,0.0372798325928914,0.046261204031374,0.0458337503157485,0.0460471495406198,0.0498559834378559,0.0550376774656847,0.044101365507658
555.550548493021,0.0379878331798523,0.0530622063699716,0.043688171968114,0.0452808975224559,0.0386643547843298,0.0435091394743273,0.0444905447861118,0.0414492254329841,0.0487851822908825,0.0303391507360704,0.0416394227944509,0.0387087823418167,0.0521747346193416,0.0383462644069399,0.0354139937935577,0.0443649400764324,0.0389291681194944,0.0376357383106232,0.0474259624034725,0.042071371985699,0.0416119062257076,0.0381773552523889,0.0388795499876649,0.0433906810356022,0.0355268249013208,0.0290076769610735,0.0450313273770755,0.0361626560814966,0.0457979089572777,0.0460868704683559,0.043359298508338,0.0398230124751495,0.0498745999592669,0.0375576808838447,0.0449306510561596,0.0383862692921038,0.0450643747294641,0.0462271631749172,0.0403014041778271,0.0383767820683518,0.0298902756206622,0.0392031630818054,0.0496001448752408,0.0312368427703418,0.0415761342883475,0.0389360743666154,0.0381819773765474,0.0360663511828821,0.0406919882399858,0.0374968329632833,0.0443758827110242,0.0436269895117024,0.0481953524807962,0.0339253987166686,0.0450352014300831,0.0347967270733356,0.0357453854679452,0.0380303506221148,0.0395994634584745,0.0411373260702027,0.0366378975164364,0.0431436644166246,0.0409854678728795,0.0384042188835472,0.0370021690179138,0.0502715088975274,0.0369282690371904,0.0388248477380482,0.037005196693442,0.0373032764628193,0.042018092429267,0.0421030752882103,0.0462649916278708,0.0415572925729351,0.0497576466923979,0.0395810631209315,0.0443407893850874,0.0402115917066874,0.036247607805538,0.0321992853667953,0.0420501409259075,0.0366568703336648,0.0418068668514851,0.0365535301848412,0.0527371408955907,0.0432789044237815,0.0434842506626176,0.0434546651941846,0.0355090890548624,0.0430552881589514,0.0338078467744499,0.0444586992501957,0.0382376212082147,0.0364613456546268,0.0411540154142142,0.0479103520026307,0.0393087290652133,0.0411636416955478,0.035286625099512,0.0394203630996865,0.0452291356444214,0.0502942528333829,0.042449738186275,0.044081545056494,0.0500939565064712,0.0536238647110667,0.0413260016443522,0.0344868402836283,0.0328921583566969,0.0363866035331305,0.037687249104067,0.0329211315337719,0.0373865523226744,0.0544830150673138,0.0430089682573667
558.97596519041,0.0594762479684185,0.0471664218470602,0.0539348807759075,0.0478746885620147,0.0477804037036099,0.0504457160611605,0.0561358338423921,0.0543436464275669,0.0606332626690276,0.0492144189525448,0.0442968232328799,0.0526553515356376,0.052104783649255,0.0528740925681035,0.0592211772734578,0.0507332200470425,0.0554574792921992,0.0619884220606048,0.0588166687595898,0.0566638880719942,0.0555208169724489,0.0429002076047639,0.0527188420966413,0.0591929278925069,0.0515435127664842,0.0547019489859831,0.0482483834000052,0.0645291340915019,0.0511656341300002,0.0502972305830873,0.0540741143881517,0.0560826259391447,0.0508668245107816,0.0603969465254149,0.0525279888243309,0.0575292092514514,0.0568119658689162,0.0515145109832103,0.0468102972890185,0.052481044522204,0.0457004813937956,0.0482815591021391,0.0575648438436824,0.0473862415885326,0.0538638980461784,0.0552868120539861,0.0506215318464773,0.0441324843338546,0.0488159006626652,0.0488540561612567,0.0512932088452009,0.0473107907927377,0.0475793702315042,0.047499199322584,0.0493360687152513,0.0514413135852052,0.0528296999075337,0.0525698002747749,0.0546695219137614,0.0519336234603813,0.0522822533803668,0.051171218297616,0.04959088316945,0.0486151042847133,0.0489219867361328,0.0635992666027023,0.0548953052776077,0.0501120471354473,0.0588660195377283,0.0510179978427988,0.0424990785699896,0.043668227628866,0.0547975770234322,0.0589642686960554,0.0491701686045555,0.0538948006467875,0.05607857170616,0.0488630023955155,0.0464676331221328,0.0481628853262131,0.0548958482319866,0.0591892778274095,0.0542747917248177,0.0504331044123091,0.0499832424197448,0.0583477246052838,0.0466476387254274,0.0439426510130273,0.0517063184411584,0.0446230860927725,0.0478469809959943,0.0514332169159746,0.0551797588231234,0.0636258417505125,0.0491166351949762,0.0671765160604968,0.0524484271836538,0.0514375694479018,0.0542515710746562,0.0643877900289233,0.0578548442252818,0.0651276838041817,0.0510219786810762,0.0565178300730977,0.0599077513516401,0.0638499732090251,0.0574303988277474,0.0529253738762278,0.0447224478567293,0.0472933901997271,0.0571457233052776,0.0530746199276098,0.0482401291606634,0.0522512031699933,0.0510563733411879
562.398824457005,0.0411408316564972,0.0433833180291201,0.038171562234573,0.0446126856189998,0.0439791387102005,0.0349532261994378,0.0406974994211751,0.0489380969470954,0.0492142020113399,0.0404912090887696,0.0458501911015194,0.0434527370633369,0.0400956331665068,0.0452415321804114,0.0412759536350338,0.045952779658087,0.0361837832712088,0.0407504245452706,0.0451800099030974,0.0473706573444887,0.0397782736116386,0.044400113356527,0.0387939529458739,0.0405629439494714,0.0412833986436523,0.0382179395805546,0.0438931780460071,0.0462488502037924,0.0413483098708203,0.0464064565441757,0.0366815029544387,0.0412579104589759,0.0389260520619061,0.0444858605623932,0.0437130652038478,0.0445923317732185,0.0438763846178312,0.0379908005900992,0.0374950566191386,0.0415247454229258,0.0406684298400354,0.0368533997501035,0.0461920428258908,0.0386061276642498,0.0424997095598749,0.0442444863840797,0.041304558622573,0.0418855927907285,0.0481843523879504,0.0460712032300572,0.0442929991421827,0.040905219194373,0.0447805892867294,0.0436446180385141,0.0393891745413516,0.0368110091503324,0.0318063707470468,0.0399969843176445,0.0350804890048881,0.0372119451513244,0.0446076591382945,0.0451435210920025,0.0403554053110571,0.0441661628559604,0.0493790205848591,0.0503967831215053,0.0384334481472536,0.0413671105688099,0.0374020281061641,0.0451133128821946,0.0462282719648218,0.0430370165238928,0.0434550518184688,0.0392463756880065,0.0453333031507863,0.0346623009768319,0.0484833173345028,0.0422957910709333,0.037739529417094,0.0469616431829394,0.0466934951983953,0.0456979066043427,0.0470754567737325,0.0338063440181978,0.0395989043354517,0.050162104080769,0.0427852455323306,0.0423221253200701,0.0397136272575657,0.0434701766752632,0.0434481692938668,0.0502970232028836,0.0468801837984739,0.0422172980126198,0.0565237938569194,0.0589676871218625,0.0397058783266573,0.0382512488683806,0.0390099203487815,0.0420457062721849,0.0423712444574388,0.0540831730784701,0.0434131802052302,0.0412368155819753,0.0474399251951709,0.0622142054945022,0.0379858101442433,0.0348475522398148,0.048407640396797,0.0461295669248115,0.0456997631512917,0.0426293930972808,0.0444084396839066,0.0417329681367728,0.0429072084916904
565.81912898098,0.0448320623165808,0.0534668621824127,0.0451208983280522,0.0460979658529463,0.0444505930432884,0.0546425926958092,0.0485803048488268,0.0494195319179341,0.0507427872272864,0.0533697980757179,0.0479188176351006,0.0449810384151168,0.0502667096386067,0.0510816905679513,0.0525694657376434,0.0490934374156372,0.0564014593025191,0.0533973722877789,0.050540228918687,0.0440176694192711,0.0547163227235693,0.0538727933079572,0.0477826218636265,0.0467891270023237,0.0481432971757881,0.0457961446315762,0.0438259444030482,0.0563460328889592,0.0472081683889332,0.0581076606121368,0.0532879307632306,0.0511516786102691,0.0517029659693128,0.0541854633226691,0.0452517423991236,0.0588792968710202,0.0416375840507699,0.0512813592154717,0.0494021452367925,0.0485042589050564,0.0536903666193068,0.0491176547955889,0.0460612121882169,0.0520005644958796,0.0525910503609644,0.0517879055992905,0.0444586226322052,0.0482779632632969,0.0524390884838508,0.0497786615356681,0.050627273955184,0.0524866694380251,0.0538299979177068,0.0533610226213027,0.0474707811633735,0.0464022518836771,0.0509881426243456,0.0496122135198712,0.0522667579828891,0.0555525860001782,0.0455765314580559,0.0477264286448822,0.0472918384469123,0.0478242563282291,0.0459988602970474,0.0557228659084674,0.0547130607189855,0.0434127749591577,0.0455109388804896,0.0450101345080492,0.0542967298390664,0.0456396104576502,0.0530126028952696,0.0538762482812887,0.053834422177349,0.051055351820847,0.0483727750093943,0.0514403790991852,0.0506143513715881,0.0457357039118904,0.0524833867479558,0.0472270402267953,0.055675376901658,0.0529848335169539,0.0454877772913446,0.0662126275197296,0.0453619671321964,0.044326683018186,0.0461126419343141,0.0498425330562893,0.0531060681073068,0.0475189756463857,0.0544540064455427,0.0501271673344337,0.0607183380486637,0.0533247526893382,0.0555475682261297,0.0517474821864858,0.0481590770697305,0.0544634026506371,0.0532954993637558,0.0556652405939673,0.0470907238093158,0.0465654122411288,0.0615471527067727,0.0733420108660695,0.0568157401367377,0.0505142175283645,0.0450306862351579,0.0487738183344921,0.0553580089995116,0.0485389287260715,0.0476107295196511,0.0482645688255843,0.0530624072074914
569.236881446697,0.0452721242834903,0.0469641112475346,0.0450081550588367,0.0464990599127933,0.03898842043026,0.0417679580090705,0.0463581753735858,0.0520257114678766,0.0533277943624141,0.0494634178764343,0.048343988593922,0.0432582008478574,0.0360426363781034,0.0434000495766151,0.0475809196920781,0.0506205038005741,0.0349434796196659,0.0474755986221597,0.0542442081568085,0.0455204964916936,0.0443126298650291,0.047327870229713,0.0519456852348083,0.0482274938344641,0.058193561268578,0.0413056185475043,0.0415776931100579,0.0423039745509969,0.0443805536482489,0.0477076255441458,0.0434073927246026,0.0515454608207363,0.0354112289961609,0.0436796751619768,0.0451269109341306,0.045360855288041,0.0447351303782984,0.05166558473381,0.037313415823021,0.0462069307829504,0.0513486593752832,0.0478827744548317,0.0448334708629561,0.0361343784837558,0.0481595943751051,0.0456226824799897,0.0421552252404725,0.0427331328017487,0.0441190112509886,0.0447753464255865,0.0478534573968277,0.0386165574961429,0.0455867560047482,0.0472808810089939,0.04513429071887,0.049503649018886,0.0454722515534438,0.0445759486725049,0.0396647445179093,0.0505451796005727,0.050313414103914,0.048126887632668,0.0461055753205505,0.0509164933569572,0.0480411199999827,0.0477715628255127,0.0463938618159702,0.0530047031231961,0.049758677960584,0.0364094269053534,0.0459773067399623,0.0455031298030098,0.0426953329202524,0.0526596163488932,0.052636560205398,0.0525255995229912,0.04555640068806,0.0529635482627734,0.0494074422341513,0.0522258602591989,0.0523197276795664,0.0471203133364847,0.0484277835270358,0.0405877399482907,0.0464628143912383,0.0600414261144606,0.0441447351824074,0.0421381168117146,0.0427379615784849,0.0491804399764273,0.0475757600659204,0.0425601638557058,0.0455576005921667,0.0510774533938187,0.0579801943852224,0.0678579524678122,0.0510089533082252,0.0488691291003958,0.0518579949411797,0.0489211148483913,0.0421681905796319,0.0445711659961631,0.0437432590828058,0.0496978778008557,0.0609729639246419,0.0711875401896906,0.0517533034017905,0.0443705471966204,0.0481268451169538,0.0502984697844812,0.0498230093023694,0.0506025198383536,0.0469875967589054,0.0520178898462145,0.0507948490876506
572.652084534703,0.0386963616104588,0.0329577151172038,0.0399989251144317,0.0415749391882596,0.0410223640168433,0.0352700905266018,0.0435816032174679,0.0384823178274809,0.0337271509546366,0.0406667561290634,0.0384904106250053,0.0334443817239961,0.0423743513413654,0.0454121682708361,0.0317296286043221,0.0304050338813529,0.0342873503842484,0.0399400197497173,0.0459654673282491,0.0339837918074067,0.0365785819228283,0.0386266817600081,0.0267446744533386,0.0369377982661913,0.033931040938274,0.0367902109556907,0.0317576274362926,0.0394913130471583,0.0393628940543189,0.0394379441191168,0.0324226226485062,0.0408600828907785,0.0406102756378708,0.0336950343947441,0.0324139443384446,0.0398329686351947,0.036015330015716,0.0418274557334717,0.0377305317062168,0.0351771668085951,0.0363826206745467,0.0428510845509428,0.0387536098148101,0.0316145430179409,0.0351124033743672,0.0372436315681062,0.0371109764187696,0.0387884925175635,0.0325005592634023,0.0305185084648262,0.0349029970830403,0.034257906668458,0.0335422091327348,0.0264920455401613,0.0422268007139961,0.0310289787481421,0.0388599001054745,0.0368070572859362,0.0351563915125332,0.0314108294565985,0.0403995178335873,0.0355518482232053,0.0378765311946719,0.0507326939473301,0.0299062486031294,0.0387353707370105,0.0342277768104585,0.0431056794592136,0.0364428438505541,0.0373177071719637,0.0381792572997194,0.0339396859574349,0.0446942063190725,0.0334142648338328,0.0374399423109195,0.0470545347406079,0.0378889332106864,0.035470083677012,0.0389850574919831,0.0304935581112568,0.0381164733102026,0.0373182718982386,0.038973736475372,0.0393967843726668,0.0479567780443796,0.0414564595214497,0.041826643730315,0.0331504532796561,0.030673025021598,0.0414840439825994,0.0431046484936983,0.0359597958813189,0.032251506708704,0.0418672898872349,0.0467151290579487,0.0569883740941377,0.0387439791739236,0.03179645290426,0.043596014464311,0.0368325811562765,0.0354219573699768,0.032902472773389,0.0339095034435117,0.034344441374669,0.0538602633416207,0.0623808202613103,0.0444461003123412,0.0392922633514523,0.0365814811512497,0.0331825277116281,0.0377629952243079,0.0373549651585699,0.0409102573302674,0.0414265914006522,0.0420345034438714
576.064740921757,0.0428532703718459,0.0402981009428209,0.0355069699881153,0.0445794118126692,0.0408832625051984,0.0452843597685312,0.0471482050064202,0.0458759252530482,0.0449116493405906,0.0475250675855239,0.050201413932535,0.0445796754455721,0.0378506068091044,0.0376820384267107,0.043491758075644,0.0419481788790687,0.0442873162286993,0.0382084907612566,0.050705493081059,0.0430295453275247,0.0471359684297034,0.0453624149381118,0.0404611005936799,0.0383294263060323,0.0369684333645804,0.0382719195416025,0.0434770005444466,0.040941671880591,0.0419012551546202,0.0386835205233785,0.0403157899581086,0.0396268576121616,0.0414827427714013,0.0373220279071581,0.0453497077410311,0.0374873827293029,0.0406730277280669,0.0443113234482241,0.0310408893288282,0.0393623716779334,0.0416623365852535,0.0404908503870047,0.0449891063651228,0.0498111063005998,0.0381512488412405,0.04416657218695,0.0369321138546371,0.0472739807399785,0.03286245971794,0.0374107402207857,0.0358218019469392,0.0436487790391398,0.0387427563595362,0.0399407766380915,0.0447660382585745,0.0459358678417339,0.0408062071955826,0.0371408807598611,0.0419888491319387,0.04588163906199,0.0423799213707857,0.0348257986306218,0.0479793698629438,0.0451047437842529,0.041704434608349,0.0450476035677818,0.0444277092660677,0.0439976936822158,0.0439307157523458,0.0419095281158815,0.0445390966329985,0.0440725570220033,0.0386218492131104,0.0376052824005105,0.0501689694675452,0.036770667517253,0.0436064789619242,0.0407431275814388,0.0404338136547643,0.0391466689234228,0.0416794432974349,0.0403879342962255,0.040954286682704,0.042994874290601,0.0445372025860623,0.0517539133364048,0.0443323261834957,0.0387339754222776,0.0364585771103348,0.0445488735433122,0.0310276786870782,0.0438897849958527,0.0457832268513121,0.0449039048829927,0.0529648341336201,0.0543825136685514,0.0396590596429522,0.0403166939564436,0.0450759703930223,0.0350465724014552,0.0369116804850526,0.038261292310801,0.0445182546601688,0.0450310183015977,0.0461805544189409,0.0758093734968352,0.0448854101689626,0.0336455420282396,0.043961819387129,0.0406814559228398,0.0446405942369601,0.0366408245593729,0.0407813836659554,0.0429285014381381,0.041336533302019
579.474853280809,0.0485999067769068,0.0470805694427923,0.0439837455385945,0.0422589576817186,0.0439431012367677,0.0419386661646475,0.0453854786297395,0.0430325931449885,0.0576935379902095,0.0494933933721029,0.0489353851557205,0.047624282192292,0.0592987028288523,0.041805533697491,0.0400561111670176,0.0407542022549094,0.0430497514476478,0.0491690299919937,0.0418325922079891,0.0477126723141696,0.0468963470972722,0.0371472297444402,0.0392168529922897,0.0434034126641788,0.0442681485332856,0.0380867252141228,0.051937612650383,0.0450475396157869,0.0438741846210206,0.049752308548688,0.0427845789327938,0.0415286472780942,0.0455588808281731,0.0425613211344367,0.039142768003063,0.0468724896303305,0.0485232790112841,0.0408672609906048,0.0341333909119065,0.0516873679597152,0.0441789965270309,0.0413412253948698,0.0474457307885472,0.039830329208338,0.0347226157238392,0.045591789392865,0.043791953395374,0.0541110151431912,0.0512071614707768,0.0404787489451842,0.045800862928848,0.0466591834066556,0.0466180567247276,0.0462949540372235,0.0429052010459104,0.0478877649712836,0.0395107890696984,0.0439522831788667,0.054209413343996,0.0511074766347794,0.0329602400803887,0.0486471785895127,0.045640887469622,0.0828186252860935,0.0431299235627987,0.0449742410195754,0.0453200554254592,0.0427029589003795,0.0448173476981184,0.0485962376528088,0.0443296864274449,0.0482087785709255,0.053450138402956,0.0445003448108668,0.0386872161333164,0.0504069758880104,0.0466186284188216,0.0405657406314952,0.0445623161087394,0.0400350338922608,0.0484536407852597,0.0418221679249964,0.0445481265221622,0.04229107239876,0.0503290330555381,0.0475731148572464,0.0408901258307701,0.042730910480477,0.0433037714969394,0.042197453605301,0.0519631211376292,0.0491003957002907,0.0581947471729725,0.0447158868669072,0.0528137519326119,0.0491636968491022,0.0394500518678832,0.0368230130313107,0.0313399261854956,0.0430197281267135,0.0433334474149932,0.0463461600132217,0.0459481318431933,0.0437479520996803,0.0515052443021397,0.0745353846609296,0.0475207545438387,0.0437702189344028,0.0502360365016575,0.0404908004597548,0.0471604870922414,0.0424545838576472,0.052030896914207,0.0444064958661104,0.0481620074131565
582.882424281026,0.0462554965406288,0.0426199729335981,0.0567676209813178,0.0489276774459931,0.0485904766497572,0.0529716747051327,0.0589859884737981,0.0525268164078178,0.0445066038737453,0.0525191495714236,0.0481853454841423,0.0538716630727925,0.0449791387338829,0.0507641921131701,0.0398479717400368,0.0543683228292649,0.0535365619422725,0.0548073502524132,0.0497833188080044,0.049660184900643,0.0520201897456398,0.0576973201792861,0.052885175302149,0.0532186199252531,0.0531515280739907,0.049373356437759,0.0522877555422977,0.0534167222615729,0.0501547894309728,0.0478745375213153,0.0598111682560249,0.0586737231584044,0.0555281600138539,0.0575945305224996,0.0471138424841479,0.0573031207762778,0.0488450788771772,0.055649917948254,0.0442841932604221,0.0558246244267405,0.0565328922543444,0.0577995866385006,0.0579261714746074,0.0476934211479385,0.0463063220999627,0.0541088225832321,0.0522577230867489,0.0522603736063101,0.0575233097818282,0.0435229861681139,0.0562907229744512,0.0544138135478585,0.0528510732926401,0.0488177992202803,0.0525089661153974,0.0600531687033986,0.0478470910790813,0.0523655718745331,0.0604536892894304,0.0552246167253103,0.0435611422324556,0.0424779138946162,0.0513767993487715,0.109125948007556,0.0570591880808086,0.0554786980302004,0.0489191438528033,0.0543625408778927,0.0528054338402116,0.0552595837704475,0.0544602750119407,0.052864521939082,0.0591344579939685,0.0502804598905728,0.054056419541505,0.0592307809344333,0.0426347111883066,0.0485039755382248,0.0400164568195964,0.0536162133525009,0.0492748611327039,0.0555910881210246,0.0546661296415488,0.0560024621035355,0.0533806671423489,0.0500784357933083,0.0546595573454779,0.0519172991259038,0.0587917866188341,0.0468327712256063,0.0398389641265387,0.0559042474970607,0.0502992264601129,0.0615764577171178,0.0659260529094849,0.0739625371756088,0.0573728761398121,0.0529272202424545,0.0544744613191773,0.0542301503562837,0.0568901159191539,0.0456059190068179,0.0522021793221323,0.0467853033968042,0.0633202802954647,0.0841314210524628,0.0517972205158189,0.0565946908296411,0.0532386562532216,0.0594399580758763,0.0572414296554014,0.0482447638887217,0.0529398487927169,0.0475130760136624,0.0511905019816654
586.287456587802,0.0460389333404633,0.0573695390984938,0.0489561121640698,0.0523923445749129,0.0424703078158226,0.0442438166088993,0.0470956110468607,0.0507094342722662,0.0453492433587663,0.0495738943000644,0.0528088762360388,0.0531042024648806,0.0463417691493901,0.0435023257144371,0.0477447298165866,0.0478296281377639,0.0485141717013137,0.0477058860769133,0.0468389678662702,0.046703081672824,0.0414992144718405,0.0457037320739506,0.0521265621929095,0.0497769725941012,0.0470101156994112,0.0589933887583445,0.0536921874062067,0.0413986046653068,0.0455828961764366,0.0481276904709012,0.0476512532719004,0.0463148131533746,0.0509518598399735,0.0513322236350983,0.0479597653720587,0.0532857050202978,0.0496794350610062,0.0457180931274874,0.0516870712266067,0.0490530055551415,0.0469498894806761,0.0451282405645901,0.043705336374466,0.0490364310603358,0.0482008871776758,0.0478232219904822,0.0482039696464278,0.0503860397411875,0.0447174160395508,0.0416574895960631,0.045383155475752,0.0473124112838858,0.0531247664794507,0.0513163830207631,0.051695369727911,0.0452550921063783,0.0454325277162969,0.0466698493585462,0.0563924687565616,0.0538939353003035,0.0552221162783227,0.0497770471045252,0.0457514500258972,0.0492218314595614,0.0562586484627594,0.0585376677695732,0.0399343439577819,0.0459910079820742,0.0465191451335708,0.0507781235665002,0.0394764386205343,0.0520669068364636,0.0492367838348795,0.0440339455257201,0.0532774913928238,0.0526004367509848,0.058472467151435,0.0471936183261805,0.0473421711568048,0.0550097156926934,0.0516903569621769,0.0478445214004678,0.0467548052258501,0.0499039289688166,0.0471731157383539,0.0525594283769951,0.0500938199087157,0.04752924713397,0.0460908955701827,0.0514446705633439,0.0488128616049,0.0605280748198223,0.0451211909009655,0.0528055984256892,0.054568217817778,0.071805353681645,0.0472138190698753,0.0504774421298498,0.0515419480474071,0.0474813227792174,0.0528013740560928,0.0624437047890539,0.0487390604842566,0.0476272511980049,0.0571975507268702,0.0624504814209656,0.0560497695458194,0.0541454323894351,0.0470143703513971,0.0531786788618789,0.0483375663135052,0.0501897273346464,0.0451373186571006,0.0583070246440045,0.0455704884346555
589.689952862748,0.0613960857932138,0.0656847129178528,0.0622342019613155,0.0643163304127782,0.0615740616695277,0.0573630198540593,0.0595885318251298,0.0644548212562083,0.0634647077392396,0.0633655298529136,0.0671238472544275,0.0679086844522192,0.0563462532029694,0.0702301574340877,0.0615788744000399,0.0576884643423109,0.0637603610493891,0.0612444813742372,0.0759367650863362,0.0719210772883958,0.0551957074496031,0.0592769777238135,0.0662808204019596,0.062193377693965,0.070312251758201,0.0587353558543631,0.0572292456273321,0.0540077654256154,0.062645055064186,0.0709740223890818,0.0613905885458055,0.0723628555060778,0.0597990984761361,0.0619547336502646,0.0640764839917401,0.0631364773780623,0.0547788960202549,0.0658221514898594,0.06560375287299,0.0656607905458553,0.062543724882257,0.0545332906108947,0.0648690498401574,0.0676821783440428,0.0559792215841953,0.0639559524594576,0.0593387489291578,0.0620254054482329,0.0558970725539987,0.0679993704328803,0.0649103005402537,0.0619072214645718,0.060390828891056,0.0608608537622246,0.0650819365178165,0.0573735813052185,0.0590866261069807,0.0593708623876046,0.0647549811159845,0.0650150719962363,0.0663181073010751,0.0651481291951534,0.0692562471104581,0.0657259600269209,0.0587027114866558,0.0631630372507994,0.0636920393681181,0.0662557555278808,0.0643257676756819,0.0616319693739338,0.0642874598068272,0.0588481350791321,0.056484595645093,0.0704994484086127,0.0707499722375292,0.0682944550913983,0.0721416184306473,0.0653945442945677,0.0638362162242138,0.0608027834404267,0.0605519863417996,0.06532829087748,0.0611913905169088,0.066777197971536,0.0713646165909923,0.0761804612024345,0.0692030891737226,0.0655312966352262,0.061532339079292,0.0722109254102167,0.0620961342694018,0.0575814334157015,0.0651369631450852,0.0664186419282242,0.0729493221940051,0.0742868683326751,0.0678406866647056,0.0649007000172031,0.0637776358490667,0.0629926988471968,0.0696147531128771,0.0677063668003507,0.0641033025205992,0.0587628788070628,0.0743938264713267,0.0734237836726262,0.067494368805036,0.0636554211811471,0.0570093400272297,0.0644149043936106,0.0637894510214731,0.059754967942224,0.0666318761863718,0.0608157211468639,0.0658028986043705
593.089915763704,0.05844387646494,0.0547432807184031,0.0646617071359906,0.0597828807479799,0.0623899895298933,0.0624571799133942,0.0587940765184523,0.0658139357258766,0.0604764483035785,0.0663205026258907,0.0646843594520557,0.0649430751941451,0.0619949175981692,0.0667005266042135,0.0629254086811961,0.0585187508320364,0.0645656250364672,0.0662822784942238,0.0680514437132438,0.0640357788799777,0.062405192847645,0.0637642298785167,0.0686756762238141,0.0613532099561806,0.062517038491948,0.062832873209073,0.0650554581603278,0.0671294820260091,0.0645234873344093,0.0614890609208477,0.0599851428635246,0.0668014338337183,0.0616311546843351,0.0583726252264855,0.0605048475252645,0.0590737506819874,0.0657517823096127,0.0601384771811895,0.0615184333780178,0.0740812762299902,0.0704446001333949,0.0655325006125922,0.0640141716276588,0.0635653908658154,0.0642715508951663,0.0636442467105961,0.0650171007550088,0.0573966769868875,0.0583225967589736,0.0606580465867371,0.0614372530381673,0.0616462850745802,0.0616978555527752,0.0611359816901606,0.0691455404324681,0.0710852349426573,0.0630629199019301,0.0585049114095366,0.0682239728909286,0.0663494094973805,0.0692649876050004,0.0594496673089548,0.068442869052041,0.054019934482274,0.063302174970569,0.0656442496778275,0.0601214565221386,0.0697341604319762,0.0640215924729859,0.0666372915748186,0.0639843459056919,0.0612623004502337,0.0604905174809522,0.0658429067349477,0.0677746842335953,0.0669383521544167,0.0627245677429912,0.0662076221550714,0.0624647889051567,0.0488794352310182,0.0607656687062123,0.067744538502143,0.0630553026082575,0.0686537600066852,0.0564178404609527,0.0657082611719041,0.0699774708809952,0.058492269349788,0.0634095852621167,0.0654520844310948,0.060192215505075,0.0664706008423223,0.0653943314109097,0.0650705850587354,0.0615459842587751,0.0751919026830545,0.0680882717995346,0.060225222462157,0.0602553383562575,0.0654366535391377,0.0654789502086147,0.0597438627919206,0.0622106327422903,0.0611874260795142,0.0703955361220934,0.0744307434319639,0.0667039670746586,0.0617045645582284,0.0648159525364868,0.0652244526024423,0.0640491038491595,0.0616534989973945,0.0663837845156569,0.0688089400068992,0.0622929920707444
596.487347944762,0.0592334379522253,0.0662180400288828,0.0670660048478491,0.0753722691687876,0.0621081239316583,0.0627270406198184,0.0717717134827266,0.0725239196635487,0.0628699425947749,0.0622235850429073,0.0713968894788317,0.0581897281728799,0.0665373629018325,0.0642273975451118,0.0680419605633502,0.0693903071978981,0.0717559000493373,0.0707669708517549,0.0748163554364957,0.0713109720899336,0.066898556270385,0.0682287178552391,0.0646457602584029,0.0652548327400633,0.0697001110973494,0.0641693586404498,0.0658499794889791,0.0657590801686293,0.0690858639862183,0.0681358486930227,0.0698977608681512,0.0659550791469971,0.0758113141526386,0.071675631441205,0.0672881554218985,0.0656739016591239,0.0691967962911487,0.0775130136592751,0.070484800506871,0.0694162972505329,0.0722961550697468,0.072735911688158,0.0668918546685621,0.0675474115917483,0.0666341119571825,0.0720670455573801,0.0695855106575001,0.0657404537770599,0.0743663595351272,0.0636086592415799,0.068093892205764,0.0661301502960716,0.0694578936703668,0.0668257598838655,0.0775626515915266,0.0723814160914065,0.0648709793769708,0.0657425459664649,0.0689642624610544,0.0703725000751016,0.0678550356909988,0.06668037859782,0.0724651757867008,0.0645159258690914,0.0613423909959454,0.0665115627441241,0.0625348015210372,0.0721080381376387,0.0615017254917925,0.0663238317464523,0.0674763579048638,0.0734276129243144,0.0639372611613041,0.071529427810742,0.0728387781934614,0.0783293002322897,0.0629389439017289,0.0707958215353444,0.0680992656104195,0.06347207643106,0.0652694533896899,0.0674514612100922,0.0670788704055795,0.0678334651812497,0.0615484470752401,0.0789574151904027,0.0718063573740806,0.0634191606692768,0.0695970707231919,0.071612365241434,0.0642226862714696,0.0694067729167943,0.0650804239699658,0.0653001394091662,0.0708470579609632,0.0921306883314742,0.0694131601780519,0.0702429533906788,0.0670184336458649,0.0662269204673425,0.0662759325234093,0.0666095234953257,0.0694512892914452,0.0690189702141137,0.0739738942076527,0.091517493318683,0.0670002231098483,0.0640880531634333,0.0655617056324329,0.0698434047733727,0.0729538985617645,0.0700806618690553,0.0671982468590053,0.0707203379946746,0.0700807818852023
599.882252056245,0.0659162318686242,0.058970748573535,0.0597027323770578,0.0644317155546679,0.0591170603976277,0.053905284636666,0.0619119074073062,0.0614730863340035,0.0555108661968105,0.0597255006594117,0.059736105574916,0.0605554404292522,0.0596837902335045,0.0601114506834216,0.0557939513759776,0.066995897963355,0.0639715394753034,0.0593334429730467,0.065795244193582,0.0671746904750506,0.0622118075145773,0.0657399887702438,0.0557915682230421,0.0585469628837245,0.0602516845100869,0.0556282305354356,0.0520656304809562,0.0606144326422995,0.052508962790903,0.0580674523032338,0.0635857788650785,0.0608744499850389,0.0652270292902867,0.0571385267938321,0.0636694686643357,0.0578265711246992,0.0543929282323663,0.0594382902951438,0.0587254660638325,0.0598298474118033,0.0565940521970988,0.0594343459297019,0.0600902575291764,0.0639270700489291,0.051253222190414,0.0492668437806949,0.0632648597877031,0.0610653677237081,0.0560100697224292,0.0589356139627983,0.0608345845420962,0.0573477759995343,0.0556093925728825,0.0605272638677005,0.0580572906068581,0.0558742796241384,0.0602198447577152,0.0594135022866497,0.0626466443995584,0.0608122212806997,0.0577545297044236,0.0598574094047828,0.061347618375263,0.0571012823659674,0.0648063488708014,0.075306964153317,0.0660173266948448,0.0679700592923387,0.0611511307975321,0.0596325360038587,0.0611272634045071,0.0600490545196473,0.0539486404521824,0.0520957031367619,0.0628303016954789,0.072138331851187,0.0636669042202164,0.0596243720728459,0.0520838052518385,0.0597956942357919,0.0551957023479927,0.061225362390988,0.0558018716127868,0.0621773800951731,0.0579637220564112,0.0715348586759752,0.059070772944031,0.0605056238473696,0.0573458373327238,0.0637291969750646,0.0568572818484692,0.0642338597740134,0.0554241943039792,0.0639064370951637,0.0758740666488068,0.075380780261284,0.0575112036838668,0.0568019998920512,0.05965153966921,0.0610156117352373,0.0598909534389127,0.0674011271449094,0.0658981955985208,0.0589087656550976,0.0693863935435505,0.0905876203200964,0.0683832865739799,0.0637254948558462,0.0641193854377003,0.0591081498217948,0.0612491937665499,0.0621058976198099,0.0614737240832976,0.0610422092635779,0.065986188692535
603.274630744735,0.0612818747936194,0.0634546434604309,0.0620610547256379,0.0672525264286877,0.0679209154915284,0.0626637183399354,0.0605187320842521,0.0622232413294127,0.0594795277228645,0.0631516841528948,0.0691013655104134,0.063973702969774,0.0571400511224321,0.0678501686633647,0.0603222398444275,0.0677567798302103,0.0679124258615558,0.0680107311861141,0.0649025902866956,0.0662688627641002,0.0634280702428659,0.0584306800050976,0.0650515288034357,0.0676977168123812,0.0604242192946813,0.0623919237135045,0.0641346705698864,0.0650928432724103,0.0597324649263348,0.0609002301424872,0.0631916049306686,0.0647207004480255,0.0648396769155372,0.0545779496206854,0.0627586764449984,0.0611766676306315,0.0647609970301353,0.0612014636158243,0.0611077114536175,0.066003806983415,0.0616867193314506,0.0633586690692767,0.0575579906220695,0.0629915769376636,0.0659213259260203,0.0620223245365813,0.0650705347525134,0.067738611581405,0.0643682479338871,0.0580399820429248,0.0690487588925889,0.0575484159985827,0.0627846844665709,0.0634506408974359,0.0686172182977215,0.0598187103490895,0.0641285200016471,0.0595630525017277,0.053059447358387,0.0593650794457741,0.0611746884780621,0.0611069598026326,0.0647839445714737,0.0583373233884152,0.0644347260214281,0.0591642994440936,0.0672925823326116,0.0611056034824318,0.0657104657900612,0.0635107311562899,0.0711190553104851,0.0634809658031663,0.0578869992406972,0.0571907116580952,0.0619364813441014,0.0632641116161297,0.0590087208951381,0.0560267943146395,0.0603762621782592,0.0610723731139595,0.0628893244808333,0.0678721233057705,0.0668733691311884,0.0639853570176822,0.0652212287071586,0.0785423651297435,0.064086278520678,0.0586125957500493,0.0629462640767087,0.0666084231496397,0.058134433213015,0.0687409637953281,0.0632875652840457,0.0571551092317214,0.0745013174633984,0.0689675348044879,0.0615413016088842,0.0569644816617242,0.0712514111380015,0.0628469766679487,0.0700032706614105,0.0621188224514837,0.0569372297934143,0.067237786866931,0.081061446469767,0.0905837962842908,0.0702982442725476,0.0764120829008386,0.0653617785901093,0.0609431682864999,0.0619822068114618,0.0655737779583904,0.0595269383423386,0.0700678866029318,0.0554001095039511
606.664486653076,0.0544736069128289,0.0540251620226659,0.056276186422603,0.0573275045308525,0.0541400584962008,0.056463065613652,0.0601642800450835,0.0634873599759638,0.0542364353922189,0.0600670838581126,0.0595538901816308,0.0566135676946081,0.0491579255307287,0.0469516974567695,0.0594084174718583,0.0526034259312939,0.0584809519510853,0.0634192773012566,0.0607248965461898,0.0582901669020325,0.0586965778893259,0.0548309007874125,0.0577516427799844,0.0577695110982872,0.0514662112883296,0.0598257463001553,0.0492259569976226,0.0668690739324234,0.0588115493094426,0.0567106916366002,0.066555165538463,0.058015684110957,0.0525969368303589,0.05363084981527,0.0525386689537852,0.0522166331168871,0.0547362464609292,0.0527437243415091,0.0542053322656842,0.0585484908585415,0.0475825305874702,0.0532464320024359,0.0576857593737094,0.0555368588242916,0.0472734991551946,0.0501234868496909,0.0543575699700796,0.0543539188606842,0.0546965946448336,0.0576645022594785,0.0558663689564064,0.0503102542422864,0.0564464474899642,0.0641752739672739,0.0572725541223841,0.0540421052226142,0.0524596965461228,0.0548143778160366,0.0553555344785905,0.0595223133909441,0.0531959175076488,0.0563980158090221,0.0590194228827754,0.0600932207394832,0.0651297412267406,0.063142376375989,0.0543465295462744,0.0644927521723314,0.0598330182903852,0.0488305957653448,0.0581791103920706,0.0527723538493985,0.055901474289062,0.053533517618983,0.0604826318840941,0.0612844024202216,0.064518748611634,0.0524063227108222,0.057291973768149,0.0551383896907247,0.0554666188316629,0.0562280952359061,0.0577338639966588,0.0540058287925916,0.056701300753009,0.0638460735344183,0.0491517028109916,0.0504430918248032,0.0566080076707904,0.0522089702404438,0.0545149041361175,0.0624439832564082,0.0541341132479826,0.0557163428099997,0.0677918772415752,0.0599425065234978,0.0578464998910664,0.0532896126430461,0.0562425406995708,0.0608510761627675,0.0553122591395545,0.0606638810725905,0.0506471350844416,0.0462224103633514,0.0661140326651492,0.0772992631219632,0.0660844911823852,0.0623880145206807,0.0557539094563853,0.0545422442775419,0.0551081393229421,0.0624674674432886,0.0532133742587041,0.0559378427655642,0.0555730839155528
610.051822420375,0.0358106595842716,0.0445733349494301,0.0461378077702507,0.0383678306992141,0.0446338420598476,0.0422381103104374,0.04440087628695,0.0421537664945271,0.0392412265992679,0.0423619409801754,0.0364909898080489,0.0508440556892077,0.0395285931269806,0.0389879747388622,0.0443819806046866,0.0421947990440872,0.0484931379171354,0.0566857979542453,0.0500012782893154,0.0383581698475701,0.0399373165052057,0.0464108334991827,0.0418937909983582,0.0414671233652791,0.0392711858755708,0.0419080047753931,0.0504672194153534,0.0450437118421028,0.0400004468654633,0.0454989834822471,0.0482940237359112,0.0360215951176333,0.0354912061968374,0.0330255676440324,0.0401107074099475,0.0405634000323944,0.040400557975812,0.0405064244438924,0.0429216698822865,0.0461721486057497,0.0372905990522431,0.0458070966170612,0.0395510214861862,0.0393973672323891,0.0414912082529769,0.0398439999632456,0.0474248875914547,0.0355316744388307,0.044456507238712,0.0382648880817284,0.0405241881702682,0.0366929209270258,0.0452291956567907,0.0447543999347296,0.0415291431620058,0.0310014369017032,0.0407687691670571,0.0440841057525099,0.0381472793500291,0.0379604989593332,0.053862498028771,0.0397944687851744,0.0402750238163729,0.0439389206955042,0.0440152121591518,0.0480138163419033,0.0435623007314359,0.0429830811917918,0.0385860269158253,0.0399538476527806,0.0397621486850033,0.0382404152536681,0.0394079957010415,0.0476713659398318,0.0434191684658412,0.0534292025117395,0.0388980333973917,0.0379103815977851,0.0330988763524996,0.0408880909662185,0.0383185301202574,0.0440245495664124,0.0414787837665338,0.0450734181750214,0.0427260605679003,0.0522237517453733,0.0433510591026411,0.0333911438091073,0.0502474092080126,0.0453366775917782,0.0470819917327654,0.0437258965127978,0.0422171754946853,0.0387837091419817,0.0509627512050771,0.0514135052963707,0.0381744760629417,0.0403272507055552,0.0455514177986255,0.0381794349376576,0.0389465071116429,0.0393837788462032,0.0507980636800535,0.0425605534200867,0.0571153183209176,0.0592582803589164,0.0402004229891311,0.0369038435657574,0.040709975340932,0.0360727831085671,0.0444194252917531,0.0435056440020855,0.0436191365007137,0.0428867767963167,0.036317073434052
613.436640682001,0.0477816426338543,0.0420447440825562,0.0424732926651217,0.0517250687443028,0.0410139602508414,0.0439934821335442,0.0450631531455621,0.0460587202783043,0.0366552342785049,0.0484233104379687,0.0436297114236391,0.0423630994015003,0.0504567990921268,0.0504378544192588,0.0482999425015317,0.0518927124655109,0.0470270317605908,0.0515192958336509,0.0506676261851682,0.0541943379472289,0.0491672748259385,0.0512967884048047,0.0414832870933009,0.0484348060569939,0.0441982076495106,0.0475071421594705,0.0495293841263452,0.052133744445227,0.0466144976150762,0.0455734454068952,0.0483723946115,0.0487503772254975,0.0549381993319951,0.0587593949152572,0.0429545770051942,0.0513275918492498,0.0346194524582287,0.0486442045865565,0.052317606916341,0.049556649523763,0.041219875781561,0.0475089236432019,0.0498276042543147,0.045975848468716,0.038371745045646,0.0492470415486778,0.0475323849834178,0.048093303306801,0.0483810496803331,0.050873969048764,0.0417246149037049,0.0468917554735561,0.0501793312189141,0.0541342966633609,0.0514750272756612,0.0494259058310356,0.0510477647701327,0.0528350951725184,0.0409401173024347,0.0451237830376616,0.0382548454505345,0.0436760366280611,0.0468826059622725,0.0461928969479224,0.0544693841009281,0.0588374319554759,0.0447698227479548,0.0474069682631425,0.0463658827525732,0.0411174173561526,0.0496865078915839,0.0540944254582052,0.0524008136423944,0.0565177342854189,0.0548204514450473,0.0508725417671434,0.0486543501386236,0.0472678299258978,0.0543005828414291,0.0409906463906546,0.0437899460822183,0.0430823694677383,0.0497551721482321,0.0505575066897625,0.0504587193300571,0.0555481672642279,0.042914355652386,0.0460273843685302,0.0525309331770618,0.0459916851842574,0.0520830928859538,0.0497819163608656,0.052205862787769,0.0527720120294729,0.0585589937307247,0.0558113366080122,0.045988398765344,0.05077926057707,0.0521997924271134,0.0426605500681228,0.0440345741841069,0.0483343161725384,0.0455415468049144,0.049736387954563,0.052436903293474,0.0639277186569364,0.0470423360825954,0.0457108465230626,0.0456761257390337,0.04495748824372,0.0494193851018695,0.0485441801792272,0.0437758259373289,0.0612080007337828,0.0526178313963734
616.818944069617,0.0371416624579544,0.036822773319187,0.0355382838928631,0.0390832527272671,0.0228675869021881,0.0291899237884297,0.0345613698493741,0.034891052965962,0.0318846577236441,0.0371611336962534,0.0307767230279843,0.0349352844000733,0.0332008834993936,0.0310914334512024,0.0402732520492921,0.0387905701861858,0.042334899799952,0.038912701984104,0.0355487462835098,0.0407242957753379,0.0341348842362028,0.0353690720687112,0.0303813230903631,0.0379120467614529,0.0367805631780287,0.0339229370975016,0.0372479934375162,0.030799515993044,0.0369629791500049,0.0348566930258494,0.0343871361868797,0.0293443014678851,0.041553522504029,0.0332003361187794,0.0326660147503936,0.0289457301987353,0.0298882699203628,0.0363629453907009,0.0344510162661281,0.0338697683605773,0.0352658943539594,0.0416427495193106,0.0337947887132968,0.0319585113113418,0.0325453367533749,0.0312593980939165,0.0329485274643618,0.0303091540133115,0.0375501958849207,0.0406589040065467,0.0386281336389732,0.0358789753365955,0.0292044875224444,0.0324920802508671,0.0356874026733108,0.0311898506316898,0.0419949872442463,0.031225585365586,0.0290994242802509,0.0376196290447741,0.0442944258539856,0.033504651755772,0.0388909558610755,0.0327052294948558,0.0343995225780082,0.0542654347815243,0.0383096747893904,0.0318010624158703,0.0338435755829371,0.0337854835143006,0.0328614039403574,0.0400612931032948,0.0369366163992493,0.0255136460785034,0.0371751567415599,0.0477615843978441,0.0396163140814451,0.0392384688998,0.034388661797546,0.0421765312397315,0.0400753425687011,0.031909441979242,0.0378210067283286,0.0399763763249251,0.0364385237901373,0.0454284565029751,0.0332998110205955,0.0383145536465661,0.0396263454140893,0.039075029807383,0.0386485759178372,0.0407218324046318,0.0402443788574353,0.0411302040129864,0.0395605807292876,0.0379159496685169,0.0334240766172824,0.0355932031641013,0.0392932557992371,0.0357057885080734,0.0314785703535135,0.0347096843917787,0.0251834185977055,0.0335412448163877,0.0412219329736328,0.0562639782217137,0.0383199255104014,0.0359775005848971,0.0327541953683013,0.0291806372760064,0.0359776062000891,0.0382734667460513,0.0352223645588165,0.0442566825657888,0.0403256267593438
620.198735211165,0.0302444707365328,0.0321131543914,0.0307465400801724,0.0354321921948805,0.0331695404955075,0.0362347394190403,0.0293434838198424,0.0371375761949896,0.0335779094934386,0.0318239640567415,0.0270767666722169,0.0334007453499886,0.0213386867409131,0.033858371595511,0.03330803610906,0.0330821530952485,0.0349508822986253,0.0299927260372956,0.0405162515715013,0.0310277472628722,0.0325477074113184,0.0380788872116332,0.032593201805472,0.0379550193566583,0.0357700344599921,0.0361917364097923,0.0319524092655783,0.0351656452412444,0.0321621914945507,0.0311185846547315,0.0333411289906256,0.0362383395595407,0.036215036336913,0.0343451666029342,0.027271045405924,0.0418039411789105,0.0304956109095189,0.0353320202512541,0.0269131491195824,0.0382980632629106,0.0314811078880243,0.0379108971934179,0.0370534333597873,0.0319966417068583,0.0379739092362099,0.0373334894520018,0.0302947709028199,0.0298304414734821,0.0425212534430932,0.0260784746982177,0.0333722906692017,0.030141740622819,0.0341109665373779,0.0358440041253767,0.034101259162278,0.040410454827395,0.0323841469354429,0.0334316975658877,0.0253544072187111,0.0349748893657176,0.0318931359110931,0.0341047912289732,0.028717537516468,0.0235324485940626,0.0328264637021296,0.0417194059643852,0.0323734906449618,0.0329362961353719,0.0278762359172845,0.0322573622937422,0.0312869949545508,0.0281782952521262,0.0316445183921477,0.0337699637607422,0.0350951301113004,0.0440964798528729,0.0305563831059131,0.0311868033866656,0.034459938855433,0.031729129704803,0.0287921031364154,0.037371224395385,0.0307756986584035,0.0357904929751378,0.0300017309141229,0.0399317896874061,0.0312038510635433,0.0290168195459501,0.03536616925479,0.0310579051422316,0.0371067859422396,0.0311003843782582,0.0337428347939627,0.0364020423029059,0.0455192912189386,0.0469321831026915,0.0351420333730451,0.0312861429109272,0.0317900390629977,0.0287288787004304,0.0337685561451162,0.0353641852647052,0.0328096492140058,0.0352430433756385,0.0435560169649863,0.0447913487679919,0.0356807840278473,0.0284008929180662,0.0355113946710475,0.0265223214120417,0.0360577676296958,0.0345323990679775,0.035334167608337,0.0311387068950858,0.0360976773177616
623.576016730871,0.0572086127315019,0.0583691026400067,0.0475872067380038,0.0487242228784589,0.0584903971929181,0.052325696241417,0.0522243417298617,0.0619356786092841,0.0460592725648029,0.0486317603498084,0.0562774356073701,0.0399107346330546,0.0446569898156931,0.0457813857669047,0.0485391479476753,0.0464212825442123,0.0563807845290314,0.0512513144672127,0.0552436697795312,0.0478809133233325,0.0562567911561898,0.0476976862302661,0.0523866586667714,0.048034506264861,0.0518819882839899,0.0510290490836897,0.0546674592803104,0.0502274772481145,0.049538349899959,0.0537444044126743,0.0554955594059791,0.0504808062896332,0.0518316308169528,0.0485582571552694,0.0508043119931844,0.056777914982456,0.049306995039239,0.0546766052663622,0.0509512832483853,0.05195656965912,0.0545181068382266,0.0524838052315373,0.0526294584558901,0.0563774434246855,0.0525096451930759,0.051048529173452,0.0520669760613552,0.0509892268221716,0.0578377383485409,0.0532793775996856,0.0441251320454162,0.0545779835432828,0.0497887865210114,0.0538571532676589,0.0510931628696717,0.0576911209316715,0.0543986272778188,0.0497019009805364,0.0535166078767453,0.0556315991436298,0.0568496246380226,0.0524921727877088,0.0573936102307792,0.0495723551007906,0.0590098158093797,0.0620173455087331,0.0526280679080361,0.0481090809846933,0.0547728845159658,0.0550691641043611,0.0504179713679037,0.0569987131177645,0.0542296005689494,0.0589176067446975,0.0571803612561488,0.0675460294487734,0.0531194424910153,0.0535005947653674,0.0496484492708636,0.0428227556617158,0.0530666849311571,0.0573186418670626,0.0515361038921321,0.0524387745532245,0.0441867501178079,0.0628035425705632,0.0457826430847011,0.0567048113471717,0.0451669934911587,0.0494423938810452,0.0496241655753301,0.060808064637222,0.05572573832797,0.0551262236814158,0.0689948297672707,0.0683577432612386,0.0522427465821554,0.0536640480294271,0.0524780920480893,0.0532531834687876,0.0487019749020009,0.0541484023515003,0.0533403463344116,0.0537559366648555,0.0637821080945435,0.0787606757682837,0.0496712500175048,0.0649197024274419,0.0555720841876524,0.0528612130627743,0.051827033068601,0.0520622746942821,0.0527990180239772,0.0593075762500352,0.0447857943734222
626.950791249269,0.0470408516384805,0.0439993277178755,0.0416688168734889,0.0498014403367091,0.044037560999624,0.0406560714638493,0.0459020352391438,0.0426374612452973,0.0314927390373807,0.0443318336934597,0.0465968118855505,0.0437098689368598,0.054955738055258,0.0404058689646304,0.0491164757008,0.0417282151671579,0.0452154047966718,0.0449364778688396,0.0460337229746768,0.0522392429233783,0.0411596677437793,0.0466325748425123,0.0540208247993991,0.0422120559316661,0.0427914463994421,0.0417565053616791,0.0396237666101437,0.0497267500300669,0.0463178628825596,0.0505021050867955,0.0490053238536726,0.0552257684159545,0.0399956390364725,0.043113902710245,0.0409947640629492,0.0402090517806298,0.0429019326702489,0.0455510830003458,0.0499065339722446,0.0443671104433636,0.0435676709750377,0.0454748882042235,0.0397506022048446,0.052041490375094,0.0493030969084445,0.0499627117064999,0.0461092600744231,0.0412611846596303,0.0469403285055924,0.03974085226927,0.0447036492061639,0.0435000535045069,0.0492557150504505,0.0462870970639313,0.04563431618338,0.0474712694722593,0.0393809808485579,0.0426549175606437,0.0464813161188179,0.0469762793995732,0.0379040725187044,0.0460338382207059,0.0477160310829397,0.0474035726717403,0.0454101104528952,0.0526073892696053,0.0488324450545317,0.0448747507404825,0.046569064856844,0.0423763413118496,0.0471635622841678,0.0461583907827592,0.0462120469336607,0.0453064105184995,0.0432320809961034,0.0468103911228693,0.0488433104848528,0.0405210266459107,0.0377814126919397,0.0433891970998516,0.0395844875862961,0.0487673194605358,0.0444474891197437,0.0466050414243146,0.0523739401527373,0.0479702216823977,0.047413896312529,0.0442376777562635,0.0386968551520291,0.0494705819207881,0.0409984901209872,0.0473690248788458,0.0371201373297286,0.0444862179685239,0.0414289887418908,0.0545419288539665,0.0401630156624983,0.0416838573249106,0.0481860111147628,0.0494934312143186,0.0415863518890466,0.0448572746666329,0.0420740862175082,0.0494412847029366,0.0525009830938785,0.0511465699092814,0.0514282178622968,0.0393260840907348,0.0534138840158279,0.0457784224036734,0.0464462197809211,0.049915588207384,0.0338623235537697,0.0477980708504181,0.0496788153315394
630.323061383193,0.056751177060089,0.057389829380367,0.0514281621709149,0.0519176472596568,0.052661674836013,0.056703032921513,0.0570672767640079,0.049116032570123,0.0466326930037443,0.0524452846213615,0.0530859543637833,0.0566293842815218,0.0468193073872535,0.0452665097170299,0.0518395516207467,0.0582018441315434,0.0553883178491736,0.0592634578988703,0.0541930995807925,0.0565754989580325,0.0556685176156777,0.061539821650777,0.0492317018298238,0.0559548700723723,0.0508236806985279,0.0549067089778775,0.0401918343329109,0.0550990464772292,0.0582359053532253,0.0510080231596081,0.0565348952887925,0.0573170887169616,0.0523422066896099,0.0501926734716863,0.057382566757176,0.0546065726322754,0.049340634789227,0.0487498627161074,0.0548325617238433,0.0481851793069175,0.0484826753699188,0.0551539935271286,0.0488460370575396,0.0536400754203094,0.0594999371831625,0.0603496919863417,0.0504522134306125,0.052629449298012,0.0512996130277899,0.0506111369053486,0.0506041405646752,0.0525308292913373,0.0513995597865909,0.056097796954762,0.0582067619750467,0.0533937509345773,0.0538433971759603,0.048047036156588,0.0513303146179946,0.0605378924136979,0.0595669946303343,0.0573630358121815,0.0563726861596247,0.0593072683250778,0.0513969987892695,0.0606687583497365,0.0504761179706147,0.055678266811096,0.0558826894424007,0.0503165405374472,0.0537057414848227,0.0586457196472993,0.0499765631699313,0.0567707005641102,0.0658116350863525,0.0606389588015398,0.0574181584205457,0.0546513987051006,0.0486013989911896,0.0466982689325748,0.0524960613283651,0.0525526936162277,0.0564347081167645,0.054118995236493,0.0485875709348578,0.0594408319453335,0.0554869869085075,0.0468651943062066,0.0457463632340294,0.0575660516804568,0.0485985750624272,0.0533142412221925,0.0491920738370884,0.0476958163277119,0.0584847362835548,0.0629766727423067,0.0511686411300616,0.0612941837037989,0.0552659276883148,0.0571255517933901,0.0559252846531132,0.0580966599278441,0.0539454631427139,0.0472770988073435,0.0634549684041951,0.0680275670264837,0.0592689046576384,0.0518369618423407,0.0485274966437145,0.0567424337479128,0.065422884507717,0.0499312335417699,0.0442244663672641,0.0544427481910575,0.0529331818506801
633.692829745791,0.0433134336884601,0.0419087149547672,0.0476318816214993,0.0524222550521202,0.0489087597188087,0.0487237349994672,0.0507022781814971,0.0448226154899153,0.0395896979907018,0.0405326274303941,0.0449812604676538,0.0485539260452884,0.0467850535673898,0.0452464524287426,0.0437025466091801,0.040222465971124,0.0404421584130667,0.0491963162009504,0.0503725778387483,0.047874925063155,0.0442997062614412,0.0444385427025082,0.0529559860621732,0.0511492323336056,0.0550841547684056,0.0428524742923172,0.040738068908968,0.0390143296926557,0.0425188720848833,0.0504160148889139,0.0494615159101149,0.0420145921088299,0.0587510626479829,0.0479774790501346,0.0497139023585616,0.0492153854435657,0.0487891262088018,0.0395818240975446,0.0499303542094823,0.0454504826306606,0.0522804686298163,0.043251561008304,0.0471906881397296,0.0438477654027233,0.0455108755924731,0.0417046223454272,0.037931380754229,0.0450239443944394,0.0436325559351319,0.0473444203068134,0.0490023453614962,0.0461778496218177,0.0508239886418161,0.0528340407859014,0.0483287476110057,0.0539067583077004,0.0414653340109287,0.041499211135891,0.042628835967732,0.0442453567481891,0.0459958914782472,0.0406088425308741,0.0504308409539234,0.0457128721901732,0.0448348404476076,0.0554557010668367,0.0477294494921367,0.0502379416456147,0.0465391858975419,0.0513507535427836,0.0471355539121623,0.0521066741682069,0.0435262408500471,0.0452985898264961,0.0442956093538526,0.0520983079990466,0.047199374326649,0.0486825127937409,0.0448017338997708,0.0521972170026675,0.0546050928989256,0.0477199547348273,0.0449382826465209,0.0482423048095668,0.048039106615649,0.0450792908375208,0.0586916694989996,0.0468659184213649,0.0457331601021012,0.043530728110401,0.048595268462086,0.0603158597966521,0.0513749545865273,0.0466161026232187,0.0537297040906825,0.0511907110561547,0.043447245444372,0.0498168635777357,0.0460470724710696,0.0419089411365469,0.0471141132526645,0.0504118012205115,0.045868771400445,0.0478065209942472,0.0581018457337792,0.0555277752522247,0.0476605749975615,0.0419956228708468,0.0457857057682665,0.0364751943439966,0.0475388584199768,0.0455577310898336,0.0491350595213362,0.0489485848794852,0.0416112486412918
637.060098946525,0.0583593256837724,0.0520511064554488,0.0622204396618474,0.0576771659040991,0.05856378270225,0.0609932611726576,0.0607639682733042,0.0582440260574739,0.0514431617895282,0.0642820507435178,0.0600629180616094,0.0608924572807158,0.0537699709110447,0.0560027432219208,0.0561367198536562,0.0550637585304658,0.0564464757778725,0.0544729232921994,0.0563125948624829,0.05542120927728,0.0560730282815558,0.0561048501771525,0.0635934830238632,0.0553219624739386,0.0496796400256046,0.057053373807502,0.058513643276414,0.0647072881822206,0.0489793787337015,0.0551879397874149,0.0591085127752523,0.0609095472064541,0.0586844831674838,0.0577402751608046,0.0611417867836241,0.0582286341925285,0.0530408137812883,0.0609884403424489,0.0564472062328173,0.0595661672943209,0.055509029421912,0.0636687285975245,0.0599992164974852,0.0502773383217847,0.0578132958841723,0.0591640570016696,0.0574431929809636,0.054724614644629,0.0626814245311667,0.0636007032747713,0.0548602154110849,0.0535769785345257,0.0480687937608368,0.0626005774004282,0.0532000041363168,0.0570924199071283,0.062322335703145,0.0582259739230446,0.0625881557442744,0.0539669061969211,0.0573232938738723,0.0545942946709166,0.0574246910955961,0.0554063386036106,0.0551361956938578,0.0708948913992937,0.0629826522313714,0.0642432280471446,0.0618387448320477,0.0566007060542939,0.056907704832179,0.0678095702281459,0.0595885451605965,0.0627213975632385,0.0641451256115811,0.0589669400854981,0.0562680809690048,0.0568005952167338,0.0566605630385604,0.0637565127166662,0.0610059407884013,0.0525376662498473,0.0574287085643035,0.0546440535307137,0.0539882630865765,0.0668298024307494,0.0537965460981136,0.0510158887773254,0.0608648327893779,0.0580546245813353,0.0474876145534775,0.0608272021479121,0.0590185034705156,0.0593862842551024,0.0633033274569942,0.0683888752781731,0.0588115005287572,0.0492192565036086,0.0612221184140214,0.0543896118112797,0.057555088458406,0.0548065739948398,0.0544671235392193,0.062432638269909,0.0597843269481158,0.0666865481716705,0.060453332557263,0.0566426585099582,0.0603479797433992,0.051228648243519,0.0605136598153985,0.0580880082077397,0.0578248620256967,0.0605073270684469,0.0529093050010675
640.424871591182,0.0475682959645937,0.0482815791102338,0.0562159637947064,0.0544288600587532,0.0467099464728199,0.0476365215217998,0.054887429190833,0.0528314863238015,0.0416544892881852,0.0561111240045418,0.0432801539683388,0.0533118609308553,0.0488190569606398,0.0489211957101126,0.0577111081252968,0.0587597044338371,0.0489339923004334,0.0517806288411883,0.0497295192343578,0.0472195261285437,0.0505878171339749,0.0496241090379487,0.045936756821735,0.0536511446646861,0.045325506939218,0.0471450168957003,0.0525475189154046,0.0453645392499805,0.0440483027656786,0.0556313670735417,0.0492923603074563,0.0524086139708183,0.0532183426338503,0.0549368123461661,0.0452360672682149,0.0474534565127888,0.0427977786442186,0.0528519896034741,0.0471433348171507,0.0540672380787379,0.0504988522715483,0.0457953351421379,0.0481087898945431,0.0550619394048429,0.0502260396974736,0.0486864676739718,0.0454226260704946,0.0535741509598074,0.0527886681096345,0.051061946608544,0.0414603834967742,0.0493008215271372,0.0523081285995002,0.0462406581858003,0.0438268868620148,0.050019709325378,0.049366100835375,0.0592207613907978,0.0527622316060422,0.0517340874639359,0.0534610884748829,0.0485915371905557,0.060078118019039,0.046648842451069,0.0561568434726494,0.0619278290492079,0.0454486497957994,0.0484862840169343,0.0497118381295684,0.0470009725884543,0.0535677807370184,0.0498253189079923,0.0584616214173335,0.0517521818771649,0.0495741829978682,0.0620897837290224,0.0545887229751776,0.046447620496827,0.0414644197721502,0.043225991625316,0.0495964986090968,0.0557225366245091,0.051346506891537,0.0513988358515697,0.0474210443527682,0.0539730708269257,0.0483420216948698,0.0478483397114484,0.0521430863876861,0.0547620502930627,0.0458173335525276,0.0489187688918839,0.0490984942621919,0.0513288852703653,0.0601012873800056,0.0565615797821181,0.0548988591684564,0.0535061871586036,0.0459919445665703,0.0478263731550944,0.0553091101664116,0.0481785187823644,0.0576591643053168,0.0558607780032525,0.0614455090681998,0.0650395703904716,0.0521321849844433,0.0500270787176056,0.0472778882763663,0.053914893029433,0.0458378981451714,0.0520342386999783,0.0442311111776737,0.0450563287182972,0.0517876496360707
643.78715028188,0.0432102160090789,0.0396827751455318,0.0469421675265496,0.0432076308462803,0.0423553230064396,0.0417265112901059,0.0426231552323571,0.0495470360181281,0.0421143096266618,0.0419717114207472,0.042667740111263,0.0435589241189935,0.0395145200368714,0.0401987531637431,0.0386713777696606,0.0423053293663519,0.0424685941259023,0.044298598977352,0.0360585819822336,0.0487575479713186,0.0418498343155775,0.040457018564898,0.0421283654477247,0.0450782043386726,0.0350570092691058,0.0421419118607279,0.0357781187514854,0.0426131226134968,0.0450518642152411,0.0334382514740015,0.0432355652020139,0.0449397040832188,0.0294440444250814,0.0439306884996697,0.045695999108942,0.0403976873476479,0.0421827459414524,0.0430844875841351,0.0329148667470409,0.0382061971297928,0.0493023941527398,0.0349083693243455,0.0431718239284372,0.0435832569821193,0.0447659207026382,0.0485875355789827,0.0485929481164155,0.0448216383943257,0.0439659429011505,0.0406736563119249,0.0397953075231345,0.0407658897554997,0.0473527094253448,0.0445428690354303,0.0519385959225696,0.0375379669793029,0.0385347463236722,0.0466507559980807,0.0391272982230463,0.0386318677294668,0.0382015575398963,0.0387905024300713,0.0459739529678361,0.0432913673445606,0.0435395361185398,0.0508189460409518,0.0388155259637029,0.0391973166740395,0.0424966250856145,0.0400284719088953,0.0365704783586377,0.0443092614502554,0.0379995629478025,0.0413074342244193,0.0322948699255506,0.0460363942756845,0.0421614477448336,0.0344454628672375,0.0419270596288363,0.042025785048045,0.0424791605770181,0.0416928230631651,0.0392414599402119,0.0427849554874859,0.0413758706619928,0.0467728817958106,0.0482527278027696,0.0446605335880747,0.0450253834872942,0.0406634547295802,0.0354609489239642,0.0380671851882909,0.0418984500956389,0.0411166198060363,0.0499697918982982,0.0410882248146251,0.0432629320357308,0.039241566127683,0.0377938267147434,0.0379809880501935,0.0458830942575229,0.03767859436159,0.0360564057665389,0.0367790485276018,0.0543999383806764,0.0477455886319,0.0482301673241033,0.0477478805412264,0.043932486816068,0.0368685784608118,0.0468521123468331,0.0410457913962558,0.042561522563125,0.0455569580721631,0.0425590244427581
647.146937617074,0.0377556286761943,0.0369401266009102,0.0452264223793381,0.0335562604800534,0.032070469335686,0.0309944222937642,0.0398885288203367,0.0414035328171055,0.0333641771516987,0.0402464179216098,0.0463520935826907,0.0316337966510648,0.037229591975287,0.0373940632600856,0.042370930158416,0.0390726909046233,0.03758441900467,0.0410341961813073,0.0419317727622283,0.0323787584452261,0.0384780620105883,0.0397992911774547,0.0430998338015463,0.0423079027802231,0.0354828802379338,0.0431390877340117,0.038933968872121,0.0285871188687148,0.0406199753520075,0.0376100674335584,0.0398581634814424,0.0379765226075272,0.0395345807921274,0.0399941178202582,0.0390334652921707,0.0418698542193521,0.0388665435933603,0.0392008092886439,0.0426362584292207,0.0364746969740397,0.0332935115117,0.0390931111879029,0.0382142338215607,0.0364155569530561,0.0446550321057897,0.0358780926692832,0.0392464121187186,0.039297015241128,0.0454896737578923,0.0362362798264267,0.0354376775034908,0.03644817114763,0.0380595115490128,0.0411919869607058,0.0414298055560188,0.042815676421404,0.0410925442008462,0.0351436247675508,0.0406243839780926,0.0444928569609251,0.0435070949091438,0.0338258841194214,0.0404868594629828,0.0334086410298142,0.0445181362831026,0.0412791113932035,0.0414451235703819,0.0374579582818774,0.0325198282393698,0.0404497360216259,0.0430068585044508,0.0404014959775601,0.038441019963775,0.0412079381242436,0.0440192466975492,0.040603931192118,0.0409768196341975,0.0430423382765543,0.0380435205244221,0.0363812131769033,0.0374977507495876,0.0400005228859485,0.0402109745053854,0.034150254470466,0.0385691952498033,0.0457455937253738,0.037909703416123,0.151430802703029,0.0368036445341135,0.0357113756584271,0.0353737238206831,0.0304288317317342,0.0423523062231941,0.0410201700887829,0.0515100924108026,0.0457943917436626,0.0360074923385516,0.0429424537040052,0.0393407396992102,0.0362671806285394,0.0491015462593751,0.0381586193377941,0.0370534168824768,0.0426543852938711,0.0419048673916063,0.0384829680973779,0.0420866770590484,0.0443586453368945,0.0432736580765504,0.0384173341761268,0.0418862523168722,0.042047838923192,0.0414137206714433,0.0333685531884365,0.0451693310992824
650.504236191561,0.039809934934354,0.04165656953862,0.0445725388186146,0.0477410301429206,0.0491609064528691,0.0527806886983318,0.041377945561818,0.0477505568475901,0.0483757459528063,0.0428254816245557,0.047856783619534,0.0455010007183983,0.0441307189797603,0.0475258797227629,0.0449656250762646,0.0427053775096933,0.0438935044023157,0.0520544528205034,0.0412609205067651,0.0447200322227394,0.050168835099427,0.0572472751143414,0.0456506218656687,0.0448110211221154,0.0439244606682212,0.044114849353492,0.0377559699836986,0.0483010698337614,0.0442887755256389,0.0423001035282093,0.0402404106852927,0.0583676490291613,0.0447638599316654,0.0431272440942308,0.0443669650878384,0.0417190550145197,0.0516113189993532,0.041201096194633,0.0463437500355992,0.0510499043949105,0.0402727592333798,0.0427184244809084,0.0439657406314158,0.0395146426118064,0.0407646588645437,0.0439475225543857,0.0407447203140528,0.045122765959868,0.0426270919612244,0.0448076684986495,0.0502959896928987,0.0432344289309963,0.0460145753639439,0.0438019996211668,0.0412944510306991,0.0437622411808631,0.0495302154029757,0.0447446122954783,0.0399362501579636,0.0400271484937496,0.0477085244906416,0.0531255613558028,0.052255109797046,0.0522349861176278,0.0558247448410269,0.0502717419496213,0.0424156110220528,0.0394831251535958,0.0510233795008074,0.049853706512772,0.0385134268308788,0.0467901988116459,0.0399351390886291,0.0558185697837587,0.044973187818461,0.0516455213839503,0.0440624099991993,0.0461918691153152,0.0411681937997368,0.046196922506454,0.0475903049730701,0.0420488756499868,0.0438881104004266,0.047955186143923,0.0471500821849269,0.056053367774528,0.0480127073028776,0.176870232042899,0.0480605124614113,0.0469162517194819,0.0455558028052343,0.0432537261080677,0.0482674117049507,0.0467716667660279,0.0482470719628909,0.0509983488961564,0.0402848223941505,0.0449879635383599,0.0424943294980177,0.0508376528491336,0.0462416092890517,0.047968556427518,0.042338855414293,0.0419931095262892,0.0505601080782853,0.0505116893090427,0.0531290545744315,0.0365915824249799,0.0436773320280089,0.0481581337455472,0.0434008218772321,0.0452130903111048,0.0489325094589393,0.0426399075046132,0.0445246281718814
653.859048596493,0.0493732813732421,0.0426126995173435,0.0455220245622928,0.0470614081169355,0.0485033690151264,0.051608455055961,0.0545195952722494,0.056226126829588,0.0509345617884455,0.0426804653128162,0.0520393894268479,0.0485918810797618,0.0455955102486192,0.0473789556021101,0.0442879479306803,0.0489658352096187,0.0475121474467933,0.0519273810090494,0.0470903454664439,0.0489059718051815,0.0467563673435168,0.0512175664632991,0.050314325894003,0.0488821889774541,0.0453805913832458,0.0631348903911043,0.0462607221129302,0.0556689567246838,0.0544340947166004,0.0604319353294021,0.0557236033219169,0.0550485542406428,0.0537378574660162,0.0484213380411985,0.0524105934609552,0.0543706012768203,0.0600470463122196,0.0447913612393249,0.0456718828352508,0.0563519529228522,0.049422670244623,0.0511745517640203,0.0566711408066393,0.046383569748194,0.0492046960321404,0.053638217262002,0.048198392986166,0.0520107412249979,0.0555678963987976,0.051186752362604,0.046431533487143,0.0547679287523642,0.0490925008235585,0.0545484415907849,0.0542679423712096,0.0533089748482728,0.052047380624202,0.0440318047916609,0.0560039295755991,0.0463888159069413,0.0524311903394647,0.044882372559179,0.0548245784736271,0.0542371441293144,0.0573065592224172,0.0576531215175609,0.0548335119636178,0.0523026736876871,0.0481301837338905,0.0502341621886944,0.0492721496346471,0.046642453949991,0.0516027916960423,0.0627702394419252,0.0534315068564888,0.0536210283318052,0.0541001238164864,0.0460647446382008,0.0523825835645887,0.0587563026472314,0.0549673632149263,0.0505245576592483,0.0480904696979957,0.0574614344139598,0.0508208474779869,0.0575645446153969,0.0494780369625625,0.0636442355845898,0.050088961200608,0.0516295751325534,0.0497600882424095,0.0501281498067809,0.0486799297052708,0.0541032432415809,0.052935920655758,0.0634335158000812,0.0472924356379384,0.0475583525023273,0.0521378464387241,0.0441907900687397,0.0510703451803116,0.0539070698312656,0.0481428536485159,0.0532572637415298,0.0564804005321743,0.0558915541021506,0.0580448206303566,0.0582155240563505,0.045143651875049,0.0518552048923668,0.0519377213564772,0.0505416916294374,0.0504576543546481,0.0540937089864117,0.0508674757456597
657.211377419369,0.0347139278580632,0.0376716044268098,0.0361650821054008,0.031517539965179,0.0397673070802287,0.0296116026432557,0.0421733992404738,0.0388812160347059,0.0367166401843316,0.0317016129016346,0.0373114667437689,0.0344532641189969,0.0356667820022286,0.0385731175402351,0.0322093158902057,0.0356062769017751,0.0350906379590075,0.0385337843626691,0.0371364239020435,0.0340909750481117,0.0347049342650096,0.035571498034484,0.0357531752614552,0.0307003965020044,0.041458700107774,0.0350539244086028,0.0374936557966306,0.0346143440544322,0.0364039342312348,0.0300809389193464,0.0371629144447035,0.0359159875019986,0.0336469807781895,0.0384227601330899,0.0358525668140273,0.0424260462443118,0.0314743742636044,0.0317216909186734,0.0427999988781282,0.037141826595377,0.034447451359801,0.0294260043999558,0.0307298654197424,0.0342826716026867,0.0345338377301057,0.0386768199195381,0.0355295651602106,0.038842999275987,0.0357481787973198,0.0358292502346039,0.0318597088108298,0.035026474198156,0.0381194246510979,0.0315553529038909,0.03494506255446,0.0358953119308369,0.0336253377237947,0.0313800696939699,0.0347107429678376,0.0380848129202758,0.0273381915497164,0.0382380732570325,0.0400971643726362,0.0312842935046972,0.0331681755045425,0.0411591271297568,0.0355571516697585,0.0375237220098069,0.0309657120277411,0.0347064626552134,0.0294649891870374,0.038329401642053,0.0348151608991374,0.0353291214671214,0.0430573262425818,0.0321641921795394,0.0356908972603226,0.0421184758864917,0.0376240878343074,0.0464143498166335,0.0402222194907452,0.0278162743430103,0.0337209375985699,0.0386045148395049,0.036543371817639,0.0394390721842208,0.0358427590547935,0.032230762424495,0.0369310426473556,0.0396056674328014,0.0376968014683506,0.0381148384328065,0.0238548458302208,0.0315384452215141,0.0390037788620455,0.0401106778851731,0.0350238914921037,0.0315777666979672,0.0330045949492916,0.0358928777050283,0.0349527230210338,0.0345218913371627,0.0377697909752059,0.0324642388324144,0.0352376344931254,0.0546227110447179,0.0446227453890843,0.0357020184139642,0.0341376554313813,0.0418431971460819,0.0328247926905501,0.0356490746763927,0.0400165544288503,0.0319290948204814,0.04155688963013
660.561225244057,0.0345556754323577,0.0530123806839815,0.0381563012951353,0.0408705335151495,0.0471261273284206,0.0438675745736812,0.0451937460174362,0.0494643918123555,0.0451798368511578,0.0520605809119328,0.0436120511593962,0.0407296563622372,0.0425066032468856,0.0481031580905487,0.0450382123673296,0.0428850111857279,0.0418727333928417,0.0484325008105185,0.0548798598460403,0.0425736166789495,0.0425645733850308,0.0470946495843151,0.046776943281679,0.0458484699344491,0.0487675228274447,0.0523895625934102,0.0459569564434048,0.0456924748848599,0.0438009737578991,0.0422497291554999,0.0580059245715354,0.047296801466648,0.0490351129097018,0.0491300907979315,0.0427620305036408,0.0464897135766827,0.0409414592993971,0.0417129411291377,0.0366386505016959,0.052743542916216,0.0473912912735684,0.0491612149519505,0.0482233320365689,0.044360316291445,0.0423965174410445,0.0439473750834422,0.0423986928656507,0.0473143703954282,0.0448280629954326,0.0427102633222666,0.0498630086846649,0.0444005947478788,0.0514104602304595,0.0455228021158674,0.0506134229117726,0.0421684682242943,0.0521940620615506,0.0463379985986866,0.0388323468780975,0.0509142391138212,0.0488140147761784,0.0423670131133116,0.0393862374309038,0.0402933303985319,0.046047271843054,0.0410776576678602,0.0468419597728827,0.0416506441707781,0.0389934171244364,0.0403426756687593,0.0440011802844011,0.0500872895139681,0.0448332612852735,0.0520604914650585,0.0498626409937755,0.0516579599197108,0.041397331947835,0.0424927495862693,0.0515013789122284,0.0445570023854994,0.0443250239641565,0.0400128323368142,0.0449761743667386,0.041118130556224,0.0504949981972838,0.0538133503658866,0.0485784250301281,0.0414531158344384,0.0502935481420031,0.0496709446361705,0.0461931764170219,0.0481823997452107,0.0406725751686487,0.0457651210887763,0.0516249048142106,0.05768571502818,0.0397902019164497,0.0466439383073918,0.0523730031782901,0.040075155786745,0.0419430073298477,0.0541704140926491,0.0467656228577957,0.0415158296151398,0.053059688669856,0.053808773759971,0.048386987824924,0.0469370574742637,0.0447679504564964,0.0449514951582454,0.0418629127330048,0.044758840367578,0.0480160747301497,0.0449942959826476,0.0478593343779409
663.908594650793,0.0644957030049811,0.0603191660579523,0.0655712264279013,0.0639874744918617,0.0668197010322295,0.0666380330807982,0.0572138862089784,0.0761511685819507,0.0665950122636302,0.0529354414215416,0.066623579859385,0.0598923403639213,0.063948828210414,0.0570729760997189,0.055679016581229,0.062326789753507,0.0635866343134237,0.0614899103903724,0.0660798821879779,0.0597122911090559,0.0557911481917725,0.0671278960253948,0.0647151098659924,0.0636237468692765,0.0619496002652139,0.0554709379401793,0.068416217211597,0.0631809861381597,0.0614650547917463,0.0619375111046559,0.0610069890889599,0.0591840742561015,0.0627897575504231,0.0592716795987452,0.0665842812984605,0.05908203039095,0.0637898262653523,0.0661770090166724,0.0615102870533506,0.066147869535635,0.0570279161932215,0.0661815459202244,0.0694522625293673,0.0690367244096265,0.0668859844282926,0.0606922018197447,0.0617431374270778,0.0590143666223287,0.063709482701005,0.0750873602801177,0.0662431872538369,0.0579926498199821,0.0560472586311457,0.0643640655524757,0.0744676070399664,0.0613526244700271,0.0648427180087456,0.0661518469718188,0.0629572105394412,0.0669777731508286,0.0578099243332578,0.0664435548927086,0.0624098426621467,0.0612080286888343,0.0648975761288048,0.0711915170887018,0.0581065463788423,0.0673873298961361,0.0590590190116787,0.0629061632151719,0.0645172467198281,0.0672552175603371,0.060196710838315,0.0654980735333394,0.0759975687281146,0.0535726663399245,0.0615652510509559,0.0618388894250233,0.0637366121653798,0.058160533045735,0.0618851336995972,0.0623983029322425,0.0649416200854553,0.0548418089511019,0.0622532576313371,0.0831367168257941,0.0639872383944928,0.062122962251785,0.0630943905545079,0.0710404879641562,0.0611684181352609,0.0630811101596599,0.059662952670057,0.0674408404133729,0.0562545368003336,0.0664361328834795,0.0571902009436363,0.0622354252169032,0.068465587495841,0.0681513616479725,0.059926469829607,0.0600468458182921,0.0632818928053245,0.0603213037324671,0.0659758457900157,0.0747602869635112,0.0698927636200024,0.0592414169457607,0.0597097524200781,0.0726785019476687,0.0665918811361855,0.0647678971255241,0.0570810979928432,0.0552853222597022,0.0633060658777053
667.253488216186,0.0476246559879706,0.0547837195768737,0.0566948167671251,0.0536854666455942,0.049964448245519,0.0616496751434659,0.0490523572692379,0.0662682207948775,0.0550183909833869,0.0548714382530247,0.0556129940166492,0.0516082056438226,0.0442113056441189,0.0471263524373005,0.0543773893797398,0.0563221432867836,0.0516389954512299,0.0612812319286758,0.0604100057494753,0.05134302175784,0.0533763815399245,0.0530215720212739,0.0586278230248419,0.0559703228930481,0.0552885388107939,0.0552470089153929,0.0595876320532148,0.0602857196733445,0.0525784102362904,0.054681938292377,0.0521068521027662,0.054731865902298,0.0582372453067967,0.0541210325249479,0.0526955835292412,0.0497499962743321,0.0582071407693312,0.0584153300238251,0.0482256477515804,0.0566732207100592,0.0540443201672028,0.0551536585905598,0.0418418339281967,0.0568767235468874,0.0505442462170212,0.0560695622335387,0.0506429669853962,0.0549909975580304,0.0558331139166506,0.0547829409979173,0.0521454605749038,0.0498455022895928,0.0493317223964452,0.0510977744525536,0.0583671087320948,0.0578872060224204,0.0527978716815995,0.0539820746214959,0.0491804657778628,0.0553582612796975,0.0554095197125302,0.0565018777543713,0.0573393397722198,0.0571681432006821,0.046689953132984,0.0546360907375672,0.0540602797460016,0.0579554831071293,0.0527955414433452,0.0542035483733364,0.0501042159643533,0.0507371665429421,0.0535434620749081,0.0609110393604399,0.0505135117082933,0.055467404564899,0.0500685480940057,0.0583740585113033,0.0527027776818434,0.0562625260265401,0.0508545168191885,0.048764470200426,0.0570597872583994,0.0487590683610891,0.0571502376104151,0.0613356873205058,0.0508311181525757,0.0520213740600134,0.0585427138570821,0.0567993373348401,0.0501281680506599,0.0542409927613797,0.0643801401340294,0.0528185856655347,0.0635220243636852,0.0617005855880236,0.0536639828722837,0.0549161262162808,0.0601223668881231,0.0467486050644992,0.0520079224811519,0.0499510804182658,0.0404628796876351,0.0546719868839229,0.0560721966994457,0.0672795604884114,0.0575193883049619,0.0579095153497104,0.0616382586216073,0.0505595126027969,0.066921976079002,0.0487230699914891,0.0574381795235745,0.0561928980906193,0.0587871959900321
670.595908513231,0.0517090963200223,0.0417488355571968,0.0494225124533947,0.0465447630482048,0.0454442428723658,0.0513068348364539,0.0440545896864228,0.0526022541708917,0.0553130121443793,0.0508401320389674,0.0537576354027367,0.0519084425405959,0.0472001107968752,0.0490373386895141,0.0514298767902312,0.0465894476552592,0.0540894552286948,0.0546944836725564,0.0568931359808847,0.0445803445440621,0.0444779350575366,0.0559555878323227,0.0562545370753346,0.0456507891755283,0.0491434111505978,0.0495281640989946,0.052356124458033,0.0552269462013433,0.0463789422516592,0.0506378288037046,0.0502075801604186,0.045522004716499,0.0472107471502597,0.0576772616490589,0.0469801502271913,0.0436042403293218,0.0467079602574734,0.0490237536118275,0.0392791700920883,0.054798076086028,0.0417276459922264,0.0575814687508957,0.0469370167192216,0.0479458605508842,0.0470706398285021,0.05252155858643,0.0552781597729287,0.0487816499956653,0.0512106089313152,0.0502026812750563,0.0471119002346147,0.0448570938420224,0.0463741292813459,0.0519509690216275,0.0488115663422967,0.0500915175498459,0.0482429256057293,0.0445014659165019,0.0483720824040058,0.0507700076887756,0.0535310762953151,0.053556258753232,0.0527886874151455,0.0498563981768871,0.0551514500472447,0.0576742670176594,0.0499940823767112,0.0512075463195904,0.0437715072508194,0.0460109253630252,0.0602168088457357,0.0488604801546269,0.0597470360811738,0.0508481388373987,0.0475843021884831,0.0488288939304584,0.0439156407083864,0.048920125669022,0.0492187080472466,0.040521841038148,0.0484297790744122,0.0469317520995327,0.0464300916880843,0.0426565247621978,0.0503974047994608,0.0601622652332829,0.0441185584353274,0.0460704351410523,0.0425967629177279,0.0544019947274428,0.0536906972992659,0.0443026721165767,0.0493422853142192,0.0445786567226881,0.0564207906286334,0.0652328701320799,0.048467461388377,0.049757507960456,0.0452482091536561,0.0541316035684409,0.0484747281625252,0.0513863702896466,0.0467075048050333,0.0446589187646095,0.0553770572180878,0.0664105013289797,0.0490112791343332,0.0516560007716544,0.0505536100861736,0.0508693849510207,0.0466456251877083,0.0534052591153757,0.0501734210206831,0.0471663846732159,0.0542486322523249
673.935858111305,0.0466307619366055,0.0489964043768536,0.0426717368800189,0.0473368217574868,0.0468130226560364,0.0478786172822394,0.0427513003570869,0.0448281377905675,0.0458583572007255,0.0435449753867961,0.0454059177578262,0.0484243325346211,0.0442118815302348,0.0466092919133438,0.04412704957835,0.0484905185373641,0.0453064292265603,0.0459685054883315,0.046833317877323,0.0372552588919983,0.0436402424854785,0.0455421054555533,0.0597291915630236,0.0453699035810516,0.0467289285802774,0.0580224173515256,0.0429481804171466,0.0442536129240672,0.0434082356104509,0.0487283722685903,0.047208498751793,0.0473478335101892,0.0479978038378482,0.0432143969667774,0.0456144548088019,0.0486588840585582,0.047518377479227,0.0541054209283745,0.0515597470352099,0.0431063968773442,0.03870433209332,0.047053632555408,0.046647942548497,0.0400785798296341,0.0360596203961028,0.0451220565593508,0.0365318364874028,0.0528407282211977,0.046022468863271,0.0477741979896109,0.0554174477591745,0.0515034101503791,0.0460953273394323,0.0451699708082191,0.0479893327639493,0.0444312909994169,0.0431322084740001,0.0436695178925316,0.0470029948730322,0.0477890710568962,0.048382607335712,0.0489722856936183,0.0471383830460832,0.0441515186335711,0.0483422905186226,0.0601623311884303,0.0513690913229267,0.0547141202632984,0.0456896027305878,0.0409764323822124,0.0452187855997105,0.0502222557644373,0.043397687076195,0.0533140293066637,0.0451729764393633,0.0485557859724652,0.0436430216297045,0.0519268657697929,0.044633688604153,0.0485360185095883,0.0411340856680483,0.0434676306454728,0.0412372204191639,0.0525774036833381,0.0496005643391116,0.0553551916370593,0.0433111081587093,0.0432278372170004,0.0493803062654339,0.045513970212351,0.0404448042616203,0.0488989965685603,0.0512788876016979,0.0459222031643666,0.0477060253248442,0.0646024760880704,0.0493030891009927,0.0451246264075568,0.0504290373239381,0.0468201890506246,0.0405162094168597,0.0434505078523004,0.0448543719159622,0.0427711753227427,0.0459765195633169,0.060787706361815,0.0476989593588196,0.0453829277185255,0.0437808962606816,0.0506117673021064,0.0501868758082868,0.0460564847485727,0.0553771272686483,0.0557451684686933,0.0496905193890995
677.273339576184,0.0576677448684063,0.0546217333765412,0.056472998788638,0.0486397372564093,0.0497734664519212,0.0534988989378529,0.0552235502836318,0.0563831232277681,0.0520588560656458,0.0529905535782292,0.0559245819135181,0.0556759941884593,0.0569097866235875,0.0527997912124994,0.0595648374002033,0.0503718209559554,0.0482518152004278,0.0568267260476188,0.0639281392402102,0.053770851207367,0.0557115446699781,0.0537686139667057,0.0546488336107169,0.0567158852461797,0.0555458910431312,0.0429565164233268,0.0534668165753782,0.0552319300057841,0.057743870573232,0.049492187858271,0.0539108487562439,0.0591566194510871,0.0536063195539038,0.0494581798333917,0.0535147937631791,0.0563658232933984,0.0525976775505714,0.0575574775322565,0.0545588172028792,0.054797927340149,0.055931164801768,0.0505207882906798,0.0527772929432263,0.0560148339958777,0.0508048112510386,0.050292141178899,0.0557961357553346,0.0590460377383172,0.0500907838057206,0.0572698512516948,0.0503447384450066,0.0554816086646711,0.0565901743297873,0.0535964455462976,0.0559005543938792,0.0532990393363404,0.0557030345262527,0.0531116533536298,0.0591437235836803,0.0540093165129539,0.0545910516353908,0.0535432915840667,0.0598243677924753,0.052521127719887,0.0573090561726082,0.0567994204022011,0.0532705620914981,0.0533344347919114,0.0453955356038777,0.0512809875243357,0.0476557628926365,0.0635106745855868,0.0533182806651526,0.0519411197111247,0.0561794473737301,0.0546482296944639,0.0648050374630696,0.0581696118232992,0.0481393978137581,0.055977483963142,0.0516088956823325,0.0544914391711538,0.0556678545028408,0.0507138425579643,0.0591059544376279,0.0665302384655943,0.0500246794245413,0.05443940020554,0.0583109871114514,0.056019591616881,0.0547997737305708,0.0583270586790044,0.0488103215329443,0.0584498768417144,0.0565104402636241,0.0613633822790521,0.0534201884067992,0.0508281378064925,0.0566751582668763,0.056881236021469,0.0534636311507935,0.0508964288434786,0.054830822757544,0.056610859248218,0.0506704441969527,0.0693539001005649,0.0452566390221232,0.0565194421660726,0.0575623877574017,0.0596424472886697,0.0575009416674884,0.0534293577709233,0.0540452429238189,0.0576948650739973,0.0553554178858664
680.608355470042,0.0584665859694765,0.0468711490849008,0.0496829933111229,0.0515139462303541,0.0548629058586719,0.0462970810814076,0.0453924117844214,0.0496434704416799,0.0474293451395777,0.0494406878167218,0.0480734527901615,0.0467747390024355,0.0533410119053703,0.0400744434310433,0.0468033153843859,0.0458769483869125,0.0495759014115496,0.0528299398418473,0.0560010853542899,0.0545402826247022,0.0456779557139116,0.0523797710631495,0.0522160229293072,0.0479273309466725,0.0536282404407323,0.0519579432067886,0.0564183657273818,0.0495782611885689,0.0509437689229729,0.045929228486194,0.0519529183076947,0.0530471871807116,0.0527412824731491,0.0491372139337975,0.0542941563894247,0.0544370898693474,0.0555133188812158,0.0486447341922311,0.0515453168920285,0.0468766137411305,0.0501295556925209,0.0523517945376352,0.0470849269019996,0.0497337160410518,0.0467360514160591,0.0499689279002544,0.0489627541560782,0.0484455908051474,0.0514111036835803,0.0461157387709492,0.0543366255118443,0.0483159867096783,0.0514160839525633,0.0516697996851073,0.0528514835847374,0.0540653650517021,0.0532359143043545,0.051157627278521,0.0436656217868277,0.0537010450845314,0.0504872295160299,0.0532382718605676,0.0503555477238668,0.0440676990478694,0.0450140417191126,0.0613683390848571,0.0546064435772649,0.0519353584732498,0.0511109771607383,0.0440895999530356,0.0495278811094733,0.0545167446954661,0.0487339424277811,0.0456383750769416,0.0462044836333946,0.0468869795520801,0.0462577339907308,0.0437725209535198,0.0478410538155742,0.0501296161178889,0.0485877710931263,0.0542126170700306,0.049890705482429,0.042948451147735,0.0430584826557578,0.0585859361340279,0.0518718514735761,0.049995558706308,0.0520563112057477,0.0449357147104611,0.0431398383608486,0.0531808877945594,0.0468705257327971,0.0528192249625518,0.0546667954626926,0.058623399752127,0.058068082198315,0.0434319562266269,0.0455394439326817,0.0424650936063546,0.047117756408947,0.0445709997690494,0.0513240670510966,0.041652361756708,0.0444878707904863,0.0532769281165366,0.0544509072929313,0.052386310306695,0.0491272818977392,0.0533224716847607,0.0523353210022474,0.055869151677176,0.0478068477001488,0.0497109112108781,0.048602341288586
683.940908351461,0.0565570315932438,0.0583349262430136,0.056948986430726,0.0644419377065518,0.0529493655945763,0.0582792818290421,0.0572957210094744,0.0579333517279819,0.0546716708477352,0.0528999653592478,0.0580135691307367,0.0545250935253723,0.0535440019628396,0.0586434406995514,0.0654533589892703,0.0599025475036267,0.0663666526758706,0.0530523976263109,0.0654458612687384,0.0552900416790421,0.0593272001971349,0.0589687615998689,0.0572319395276673,0.0650586271152962,0.053298627755929,0.0598445847530411,0.0577330132939022,0.0540870475391474,0.0614503060648745,0.0595786868927974,0.0532160584699293,0.0600796441286794,0.0620766415970614,0.0569782804680825,0.0594237047594495,0.0594350606287973,0.0541212167842311,0.063867468170074,0.0539601635156698,0.0558077363828903,0.0563609085020835,0.0552418448528178,0.0585408556724199,0.052637970331891,0.0469441271079785,0.0600261399133296,0.0551488637652873,0.054611884506384,0.0581685300647702,0.0577440708253101,0.063118453749041,0.0607316277726695,0.0591745227599982,0.0567932442622964,0.0519715309097039,0.0569675891171652,0.0598684280104805,0.0632702957674058,0.0595561779146737,0.0571701657114234,0.0609910109946493,0.0512953266834314,0.0527447132050729,0.0540255623189876,0.0566653590623717,0.0600865944534701,0.0575612792449136,0.0651172073690916,0.064480383658731,0.0564743434544878,0.0579261982579724,0.0607077625431373,0.0500323248861914,0.0627766838020244,0.0555600031952554,0.0582617238854443,0.0550452241615355,0.0597435334019732,0.0572557652165248,0.061955128166274,0.0590248073344916,0.0566012737146341,0.0511877249602647,0.0570893830093259,0.0595872463420379,0.055783859573521,0.0574702048186197,0.0590849379362138,0.0517405757430116,0.054863535596573,0.0601642080276645,0.0561011028807073,0.068484015724445,0.0551719806525974,0.0570561215314424,0.0615621165223872,0.0560947731372529,0.0610882269471663,0.060969961378215,0.0492262300770421,0.0589247381922036,0.060228396712234,0.0682643521659112,0.061969476219604,0.0616285147051118,0.0717525129384455,0.0525243473008098,0.0629397787468161,0.0542084124927262,0.0606713740063773,0.0547350885914996,0.0599276363030953,0.0757564539370391,0.0609850494327932,0.0655494313639151
687.271000775435,0.0637714602955296,0.064971312426511,0.0609475650851939,0.0747003423184757,0.061222871691926,0.0611737081222697,0.0728940921478866,0.067278331950711,0.0672997869710688,0.0671531618115374,0.0630770554137138,0.0660205677792837,0.0580604787728052,0.0696346429373061,0.0732456926524486,0.0760276759945584,0.068720527317759,0.0569644101446236,0.0623697348758918,0.0663237465087633,0.0627227457677296,0.0650057717858266,0.06702949320751,0.0636437455394704,0.0679512299160329,0.0731858819750068,0.0665755160439439,0.0676866677260472,0.061108755239742,0.0721325193882408,0.0663412951978146,0.0676195764060545,0.071393115146734,0.0615274777198571,0.0689035901279882,0.0761682749424028,0.0607508364236396,0.0672624575693913,0.0579899157911908,0.0728833578331517,0.0614773982653151,0.0667372246829508,0.0742697344673768,0.0701419868680326,0.0605580444821875,0.0684219033169433,0.0629454807877919,0.0629248510584848,0.0698175502021769,0.0688102633400883,0.0697438146326025,0.0736580284321201,0.0701519813607871,0.0640723198396978,0.0658430558574614,0.0711654408059813,0.0686276832255037,0.0574859689496685,0.0646044119109743,0.0671288705316745,0.0633497481080539,0.0719992841587096,0.0686116642391404,0.0672170633911289,0.0672081421119602,0.0778691291647771,0.0692345070849508,0.0728724886371871,0.0663203369352726,0.0720178005419807,0.0663054054734003,0.0706808298643674,0.0722359539898584,0.0706207227097566,0.0702714096528943,0.0664248615535925,0.0772225178815992,0.0675556363878196,0.0655701075882527,0.069890954873328,0.0699822528210785,0.0670306193403607,0.0644697861224261,0.063724468681926,0.0706641146156472,0.0648347711522533,0.0695128356361008,0.0665922133687735,0.0741549239000508,0.0636937966595066,0.0668796360308864,0.0703222083820688,0.0670539975200204,0.077778838721536,0.0626156451293105,0.0712155665665107,0.0711574993858349,0.0694602923423692,0.0633594743676009,0.0597726725258885,0.0690603703806638,0.0725659219279712,0.0620273923857964,0.0632626455145009,0.0662644107405066,0.0807392760752648,0.0750011208581984,0.0609471712056775,0.0679332869170111,0.0756664155623183,0.063075125731084,0.0601452688135373,0.0618773796121975,0.0634273998710047,0.0743914343281105
690.598635293377,0.0526807498374706,0.0576979519416581,0.0535584548794171,0.0637341648721171,0.0555103031916247,0.0635154327299586,0.0577002987677222,0.0556417030541408,0.0550449028024775,0.0592201228675267,0.0546286166916847,0.0575991243789302,0.0576838018881953,0.060630644146464,0.0609678863908516,0.054523996088719,0.0593076386515771,0.0576782533134122,0.0576430046414879,0.0534774169758832,0.0617901867546374,0.0550303905242721,0.0586705560543392,0.0595636039906872,0.0595471442364503,0.0591355314822445,0.0662340866997285,0.0571523310657028,0.0683282215323347,0.0658211387856281,0.0600055942753613,0.065138324295381,0.0537976042855235,0.0573306406207807,0.0608844027973985,0.0629641338070627,0.0512797406568968,0.0599033761766455,0.0554627427615233,0.048576331355817,0.0610965121923963,0.0571925261946604,0.0604735076602774,0.0573076865383344,0.0548214460477493,0.0532617682917245,0.0625734919742296,0.0571399472682875,0.0590751185701228,0.0434829981648684,0.0597853894138213,0.0494837501489516,0.0514300892668286,0.0571918015884867,0.058360726109138,0.062175932469975,0.0553763761410002,0.0538499090356572,0.0631398102327845,0.0586265060469086,0.0564801176533923,0.0581463587852437,0.0601647128895806,0.0494922734245307,0.0597576252647597,0.0558747944999007,0.056860319471734,0.0633049039988601,0.0659487139295922,0.0515297647430305,0.0621201839719613,0.0621729962792574,0.0611571006699143,0.0495293443264995,0.0629268335044871,0.0575422124780212,0.0607636147487932,0.0601546982451543,0.0598079327932285,0.0590088557953772,0.0534281243990129,0.0570235498484106,0.0619095860689864,0.0591104618631079,0.0589048643670394,0.0635422107509338,0.0589160221330784,0.0574020518518705,0.0521355127860334,0.0547097676576024,0.0546210602467297,0.0618836358462929,0.0579301969546702,0.0603542162995738,0.0596533905087814,0.0658302472528894,0.0542917258540266,0.0500173092051949,0.051080427034587,0.0539949200761916,0.0593524628702059,0.0573809812120757,0.0541562588526029,0.0536769680515269,0.0583957087973118,0.0674511404944479,0.0586042253243553,0.0665609232144252,0.0556521547756288,0.063265450476706,0.0627281934171987,0.0543383196516122,0.0523228541558149,0.055385752630397,0.0573390211175245
693.92381445313,0.0684626628954735,0.0642967474711669,0.0623912302690031,0.0628222045193251,0.0637453631468429,0.0626374378148762,0.0631802448808006,0.0595725516137778,0.0552028239629621,0.0647846028301368,0.0623527200245522,0.0669052922902974,0.066495087205621,0.0634852933223075,0.0643865393033948,0.0568383642983679,0.0690998121354852,0.0631416185819562,0.0653970102876334,0.0666416782883988,0.0635324765124398,0.0620963609024659,0.0582942400702843,0.0639348891944696,0.0575533864787819,0.0653210378558922,0.0658734823727177,0.0589244367842568,0.0652413306789538,0.067030037955771,0.073093055846097,0.0668499186204819,0.064152462159974,0.0629325725221514,0.0637707164875467,0.0582899251779786,0.0584075747567141,0.0648713415995126,0.0605435561084031,0.0677907246381417,0.0596010553862245,0.0573314655954679,0.0654354555463606,0.06990192239567,0.0619539882824245,0.0627139877236406,0.0659854738161427,0.0610828632789751,0.069594488153291,0.0691694638599813,0.068510450113488,0.0655510475539712,0.0575134100210371,0.0628002840244353,0.0563302728906457,0.0704091324874344,0.0614164997326436,0.0664480177584943,0.064903550330033,0.060410880009677,0.0609681285470482,0.0658613048968439,0.0635761916299907,0.0691514733598831,0.0631817018849404,0.0656674956989409,0.0679494962541797,0.0634519613529191,0.0595289485733623,0.0612102843696491,0.0546434147162842,0.0699365550159057,0.0634725930514551,0.0693383862137828,0.0695382828882005,0.0672639212398527,0.0668127846278963,0.0684711359151873,0.0686253603945569,0.0624831669042209,0.0638095698441309,0.0615051346676705,0.0669696304127144,0.0587558266494986,0.0634244648609384,0.0704895490915641,0.0623040320022482,0.0554908577574169,0.066387600233544,0.0710519123683855,0.0607573066623625,0.0647462497267598,0.0635889335244757,0.063183986778071,0.0683649892458891,0.0635343464405331,0.0621645882552679,0.0632576156213352,0.0648254917559457,0.0568943001259527,0.0639431234434963,0.0729803162199053,0.057576846963398,0.0663354163914492,0.0635365215299734,0.0678791330109449,0.0782672828013363,0.0672540800292404,0.0633845468562655,0.067271489849431,0.068321820915832,0.0703513450278917,0.0660972246861917,0.0743136305959238,0.0612918412834422
697.246540798959,0.0686288708678599,0.0601916739595884,0.0647088625053358,0.0618918177679729,0.0553087237483745,0.0585398712547274,0.0628053337298761,0.0726212201625386,0.0575038813071867,0.0616796608912456,0.0560254759914195,0.0713525904136505,0.0644561764357589,0.0765790607859559,0.0574898374430756,0.0591338422775602,0.0607175771816864,0.0669966175047034,0.0693266970557944,0.0732794162768962,0.0609469508635599,0.0718095213644451,0.0648337960462098,0.0645824801447954,0.0667919527633591,0.0627281883780348,0.0698066087662472,0.0622854101224183,0.0637599107302002,0.0644513533814718,0.0753607512737553,0.061172820772877,0.061042247249989,0.0559707469295136,0.0655454239278835,0.0568031296958031,0.0655167075739104,0.0580119922284437,0.0623365318996031,0.063038955891955,0.0657564920224913,0.0660761670079115,0.0617952805266218,0.0656937356157053,0.0690680117264961,0.067221010559634,0.0655754820433899,0.0628409744461873,0.0669989855064074,0.0655204766669983,0.0601176645900235,0.0604101724711019,0.0635782955603191,0.060231777121799,0.0739752154163587,0.0651536449216029,0.0577832658148876,0.0703594836845543,0.0606959120878447,0.0610915571709809,0.0638123281862713,0.0611457029411027,0.0637295129838743,0.0562684752507105,0.0600509361158813,0.0674897493378127,0.0620908417586061,0.0706100698418913,0.0618599389944191,0.0586915688624878,0.0580570682597216,0.0673645384772882,0.0609411114928675,0.0662138099403509,0.0605439279911952,0.0641968574225422,0.0669435185544244,0.0583190083836118,0.0649885955351498,0.0631740399867713,0.0644693449725969,0.0670428547523964,0.0621897021548988,0.0589173212785361,0.0624926093643585,0.0598669243934001,0.0645964873237225,0.0592951003495699,0.0535388638023755,0.0587949748935775,0.0598344926684278,0.0692071363421396,0.0631987776466139,0.0601266974375111,0.0653663430938173,0.0607024027229587,0.0656174926172537,0.0672141414039465,0.0628171572292304,0.062492416254446,0.0569506925315902,0.0638077934527892,0.0615178361839213,0.0664863171707262,0.0681157430067705,0.0654486440062946,0.0607221566595194,0.0684733527203952,0.0635189745234229,0.060855428909586,0.0646870116238265,0.056863416687634,0.0727939127512069,0.0651326814598934,0.0592963032390196
700.566816871583,0.0547930052022531,0.048054202232246,0.0480601879445893,0.0556416834716794,0.0495391499385068,0.0506894491286975,0.0518005378932146,0.0507141420772833,0.0489758248626688,0.0558527138102936,0.0545370530936354,0.05104342021647,0.053733520647464,0.0599599881466542,0.0559934878743358,0.0449894798255408,0.0475109454574189,0.0538781426212878,0.0563880503789346,0.0430226644283548,0.0540337555661875,0.0468514342584986,0.0526838584838693,0.0493312584464232,0.0529742699197475,0.0475250524229846,0.0510788803997143,0.051694703668818,0.0525138703642682,0.0489311329677116,0.0560077287454556,0.0512658200918817,0.0503836181997144,0.0495356580812504,0.0580150907157729,0.0435444534318565,0.050628928208394,0.0500608102112453,0.0532146374347573,0.0522816177773735,0.0494321923593239,0.050008155082829,0.0479436936834727,0.0555117589931615,0.0466291034274562,0.0596672386884431,0.0515644062809529,0.0537505939079864,0.05401707972732,0.0520806156647795,0.059187296005161,0.0610780313985245,0.0539751061257238,0.0467672056224045,0.0571374753341685,0.0491036163446236,0.0498406953599151,0.0509569304186839,0.0575522308292019,0.0601262759094637,0.0579703285114434,0.0520945935572931,0.0525265753051639,0.048787948330678,0.0503654767316695,0.056040692690593,0.0573057784534384,0.0582827627509256,0.0482772505865743,0.0513881515578271,0.0489067354932704,0.0495700761513403,0.0530262875284719,0.0521587728853586,0.0574435347639072,0.0435523703353815,0.0515016297936532,0.0546597335555635,0.0461943954570954,0.054446786958423,0.0554075922059447,0.0467715287249688,0.0535719485460579,0.0515735488608608,0.051763357049424,0.0647113177810491,0.0474814738293639,0.0495296685051804,0.0525878887397629,0.0529906147156021,0.0551022138314554,0.0585556147753051,0.0496332859111921,0.0575845167163988,0.0527834392526346,0.0547448420385144,0.0525469566339,0.0515314800988927,0.0461407081515262,0.0479622487329952,0.0504902070612342,0.0529661774732483,0.0492836015856519,0.0503288366699227,0.0525909144315943,0.0682104134301805,0.0481537713837396,0.0549685045518299,0.0533485588265226,0.04949277590473,0.055074442622879,0.0531844409097497,0.0523228999018049,0.0460189642420128,0.0486571804801153
703.884645208148,0.0592249391106042,0.0599403427868774,0.0497992829117478,0.0514939972430842,0.0550317252265439,0.0540224387301658,0.0535112883193492,0.0556621674901858,0.0463748202685842,0.0483852322472535,0.0470933006006817,0.0543778471873797,0.0576150218086845,0.0519606512075082,0.0598976377847104,0.0530744553413697,0.0519078187845825,0.0476289781750428,0.0499520335278557,0.0561301557425834,0.052489230291193,0.0522631940224993,0.0490504334107714,0.0536484304208641,0.0477103978903278,0.055295421120707,0.0517398263323535,0.0582338504672437,0.060741110531343,0.0549320031052063,0.0614788594248257,0.0550280214009411,0.0579942220777957,0.0539906388324512,0.0493734517519851,0.0473643761486167,0.0560929170897431,0.0555106368223727,0.0517011738905429,0.0507580197804911,0.0517157229920189,0.0511703518460552,0.0469494386827529,0.0561402885764565,0.0461886312112973,0.0510001198558356,0.0489438345435434,0.0500565572913895,0.0552037855777571,0.0505660626831649,0.059307283978949,0.0564302182005141,0.0583846078763885,0.0599320696376372,0.0473932147170677,0.0470439361204367,0.0488530684806811,0.0510395394723927,0.046813958480049,0.0607696352029541,0.0602360059606891,0.0516599489693188,0.0488634412554669,0.0559251277223185,0.054823093886835,0.0610061861125796,0.0519561557571869,0.0524260522108456,0.051667135309439,0.0599545416342016,0.0566471181643161,0.0605364876963641,0.0515315615550622,0.0506338472191173,0.0553998350926131,0.0457693989508895,0.0569591856840199,0.0477260060318645,0.0522531204445232,0.0490183267937591,0.0441715676915917,0.0506608012631993,0.0569399645831174,0.052232970231688,0.0513375234829414,0.0602452676466377,0.0588936366259694,0.0506921825077718,0.0516186297371311,0.0584922584819981,0.0427695936018019,0.0645963121754738,0.0475615712322871,0.0566245933202367,0.0577208912191535,0.0586104149298858,0.0559630196202889,0.0505465881344538,0.0582016446584174,0.0491752028959711,0.0506192556200874,0.0547572282378119,0.047264367067074,0.0515289430285205,0.0506189021798615,0.0681139858073967,0.0516635241549541,0.0566957884971041,0.0566952406291118,0.0523474200106563,0.0557369060030759,0.0549468093986938,0.0551812271735211,0.0527736340134561,0.0557892700996674
707.200028342264,0.0593360093426421,0.0568489360469485,0.0666781279287593,0.068004029654513,0.0631916606743463,0.0600040623329699,0.061570833167788,0.063816140042282,0.0578087651093275,0.0663103925424285,0.0676963993856007,0.0668360448112736,0.0723097996604185,0.0655386260688898,0.0648671098858906,0.0643192594446458,0.0626944633115508,0.0599056634058773,0.0684980385417479,0.0686767427538662,0.0654710374822735,0.0629881891146088,0.0608684909920286,0.0674763172657893,0.0643945069172015,0.0646892634135281,0.0577731331895631,0.063146989521265,0.0651598638413115,0.0614535328370755,0.0734124261153505,0.0645629716645126,0.0537537835231675,0.0584272186976242,0.0614702033797614,0.0623861228324975,0.0593944104183272,0.0620159853724212,0.0605202812177335,0.0649993782283318,0.0720594022259674,0.0727969646465936,0.0598856170267485,0.0659551948056394,0.0693577145360192,0.0658512132015138,0.0636901253923513,0.070711146599136,0.0651026133986489,0.0642343676542117,0.0588747223166712,0.0628888299017348,0.0611571635015092,0.0649203987341748,0.0633423653277455,0.065979132600762,0.0644755045780518,0.0706074552707192,0.0593278310448984,0.0570552872552042,0.0662756401340363,0.0587625924379072,0.0629980369860149,0.0662968068917574,0.0603517516027058,0.0648930236582942,0.0755314765189411,0.0492548514772036,0.0676449297319314,0.0647957174962421,0.0643692680050594,0.055194740709026,0.0720159709343255,0.0627303602168871,0.0608628597222765,0.062866753415476,0.0623986123785158,0.0619365966571341,0.0599157371666743,0.0667933128629141,0.0641843135863484,0.0577558655862917,0.0646549900258299,0.061430500982731,0.0677343932639683,0.0671169465100687,0.0627475977884111,0.0617403373780274,0.0695888067088175,0.0666719913027547,0.0580391426681787,0.0636107828153329,0.0624657701471333,0.0679171107107633,0.0663608825485727,0.0738530982608344,0.0659628614062631,0.0691648667635268,0.063733267345856,0.0672184350644139,0.0678008438992195,0.067530909553224,0.0559988453028115,0.0603128329748783,0.0676283590264082,0.0684744553552065,0.066256002717316,0.0649408465303826,0.0589412423276163,0.059016334335038,0.0682998122560537,0.0714321404564694,0.0639937676203876,0.0606115226503432,0.0655986320741648
710.512968803987,0.0508237320425708,0.0601507059053799,0.0461848218536099,0.0484462485838416,0.0466227331093402,0.0510311809262734,0.0536951785796354,0.048839481989464,0.0503062957997853,0.0474523737284575,0.056977857962289,0.0507737808789253,0.0512424796218985,0.0483244287050569,0.0513930836097574,0.0511789662952769,0.0553072810333348,0.0552093197275851,0.0549579842377472,0.0622247846295416,0.0536558617854988,0.0545029272908367,0.0566647416639144,0.0484663223164178,0.0440930201180881,0.0570937427364809,0.0530061130299977,0.0460706003904281,0.049527078893537,0.0534185268160663,0.0648058263940558,0.0635511726014167,0.0537983865295515,0.0573912342075505,0.0484214402040885,0.0549510989055926,0.0519566350210757,0.0545475309909846,0.0464393962852868,0.0509211177524359,0.0573236383340652,0.0529019838034671,0.0475894038152191,0.0465154966799126,0.0431056035994653,0.0549578364950376,0.0539699330369209,0.0561506496383172,0.0515195513258953,0.0567113172585372,0.0504088529231375,0.0566156905626139,0.0547378495750992,0.0530308074478398,0.0513739142664951,0.0601114545618794,0.0484332685414769,0.0538595465787453,0.0534240337182852,0.056034691246825,0.0555035108793162,0.0566732203642799,0.0538993839205862,0.0565943495681413,0.0440752754607706,0.0608100370032495,0.0575850874666086,0.0547175213152786,0.0551031412760153,0.0457870554111086,0.0524369555173007,0.058523079166523,0.0559996801063242,0.0611688956498084,0.053408121555851,0.0538737005138363,0.0485113903926711,0.0549660337560257,0.0486366017031432,0.0552461083061998,0.052912796617267,0.0530122851333944,0.0548917195358738,0.0492191943285082,0.0536903804944786,0.0631298946299122,0.0515032391977653,0.0503584466251906,0.0496258398637176,0.0564990516784297,0.0537939905260778,0.0555991754216818,0.0565202813705834,0.0509160703236124,0.0579766154886289,0.0548939612398264,0.051737393467452,0.0468882664712706,0.0497141134201524,0.049372206684122,0.0491701582716375,0.0533330838000091,0.0474813812366867,0.0500737943914517,0.0601914152987014,0.0721333512606122,0.0552972192254389,0.0546496262648942,0.0465515968934116,0.0481457804081887,0.0499646647899026,0.0578711304376983,0.057584553607083,0.0480521671254592,0.0500535280085778
713.823469119842,0.046058313597488,0.0538178624024831,0.0543655884783257,0.059619255429143,0.0558203560371144,0.0495081243555163,0.0521686067065844,0.0558810213454439,0.0481908101844271,0.0529059717030966,0.0586547315096887,0.0497511261716996,0.0469460618891583,0.0570069813269612,0.0487391592681168,0.048085059948738,0.0532421694964804,0.0579125609543558,0.0560736332002057,0.0622619592307454,0.0525965657999658,0.0539968015285533,0.044441057764256,0.0484957897920353,0.0553835037016664,0.0587861654151427,0.0536117491454442,0.0573781064073405,0.0479536166121953,0.0582894214443925,0.0534810253732936,0.0467283718660876,0.05328739387698,0.0514282640445845,0.0522876939538964,0.0507041986806905,0.0503975147821857,0.0524290200474988,0.0470497656523552,0.0482540621765936,0.0507873367797955,0.0491596290233158,0.0583440570231823,0.0492566409862607,0.046370244980108,0.0533514846198537,0.0550973945385533,0.0583582200136533,0.0537425328904069,0.0573137066683631,0.0526120776730121,0.0492652353017285,0.0499197645260663,0.0579818830999584,0.0552522219565773,0.0472214118123347,0.0549016441989716,0.0538884345419785,0.0594081376898084,0.051741500117581,0.0522977614681957,0.0470109560008747,0.0588195735927658,0.0485004865097021,0.0512017764702106,0.0540584004252809,0.04890436957479,0.0536732936448366,0.0513128440739742,0.0532406142571798,0.0524867066182276,0.0515165738591331,0.0485499767884792,0.0541334692855338,0.0582978137681563,0.0533762000934877,0.0544513415118691,0.0544889087489498,0.0541006461263619,0.0575032973706986,0.0610305998746433,0.0579224605267947,0.0500213866022241,0.0551721378613891,0.0608154585280106,0.0555110739836747,0.0542445605220088,0.0566808210040793,0.0523941126967123,0.0457689706663829,0.0522388542217876,0.0437959951007395,0.0604244096889199,0.056837796375972,0.0517008013181007,0.0566352229572553,0.0595006114647074,0.0518455222829528,0.0514111835758549,0.0478130452360814,0.0542004260823362,0.059469240531212,0.0588736552739058,0.0463328367835211,0.0581649855150521,0.0667781383475862,0.0548663980505233,0.0497871591346884,0.0509279018876592,0.0514929652692116,0.0614081594861296,0.0470220625305315,0.0587587790831446,0.0580569285834521,0.0592880419140299
717.131531812825,0.0498803547366519,0.0528099564107686,0.0581975388026543,0.0516894274406231,0.0564049236913787,0.0586356364906104,0.0474409177206982,0.059141668560858,0.0574081398034293,0.0583416094778637,0.0527577139626505,0.052474913487073,0.0502138992638033,0.0537939176463473,0.058531229239696,0.0518594068028287,0.0511593289224981,0.0547696276914864,0.055539930517939,0.0574003726734408,0.0579838725994718,0.0577380982986093,0.0492696412807207,0.0564483172973753,0.0586197858968631,0.0599127490274396,0.0520428660849818,0.0515193529531677,0.0566495422200353,0.044834736017777,0.062660524755438,0.0583156744744024,0.0565238672851424,0.0547196598125826,0.0512195654051323,0.0560567496843312,0.0525729648189039,0.0519032292465368,0.0536347606415482,0.0504672862309955,0.0546419675718698,0.0604920184930157,0.0572785840524214,0.0557703474048135,0.0560611345143321,0.0561060204238014,0.0578366908196279,0.0459276090803764,0.0537648045878384,0.0535549612477584,0.0558662378707776,0.0493134511941563,0.0531788218149389,0.052037644261888,0.056377645084057,0.0520938890150097,0.0559886251703457,0.0544414641453108,0.0577982262810116,0.0468879042351365,0.0572002675522471,0.0513623214523508,0.0583229558336907,0.0533987118764033,0.0583104105170052,0.0610714281077686,0.0560426509072973,0.0580187471469582,0.0507931644199928,0.05273259984526,0.0563368448304799,0.0548094505845855,0.0544956193476221,0.0541728266988881,0.0572574112699528,0.0544572387028496,0.0485738606643666,0.0561642785015936,0.0563029083579928,0.0492372965421512,0.0551149576980292,0.0488450533027816,0.0527723152581525,0.051481465257109,0.0543410528848307,0.0618114554855479,0.058045547495712,0.052561559811455,0.0551446817555464,0.0555127877588013,0.0587896283337695,0.0556933815509634,0.0544431266551355,0.048870809348084,0.0608200903878237,0.0650925401113155,0.0523916172172259,0.0529701415213043,0.0585158534614008,0.051127511726941,0.0537059336535742,0.0633869835702256,0.0562457074998175,0.0599500445615857,0.0610063697899124,0.0741929269470965,0.0655187512947028,0.0530768695487797,0.049331317551728,0.0570122562740186,0.0576647851674603,0.0547181683832754,0.0582859774211127,0.0597820055678751,0.0534107990490492
720.437159402404,0.0682061213232103,0.0731550707724423,0.0685080459641895,0.0644178924859176,0.0720126690905653,0.0624108798104978,0.0676327127634721,0.0704462306172084,0.0590403530952568,0.0702473644653417,0.0738287071456875,0.0659363906611484,0.0707945059040926,0.0629805734284749,0.0699311322669208,0.0683289987684407,0.077360610174948,0.0643249366038347,0.0680317230899895,0.0725854141607307,0.0698179301769777,0.0726575589216139,0.0732844424424518,0.0675598190144393,0.0693390856590447,0.0708750200967422,0.07255886945228,0.0713653638243354,0.0691177298791967,0.0690561465028716,0.0691221169049662,0.0683061502897425,0.0694244659699836,0.0710835904495381,0.0697979496198771,0.067269038194283,0.078853319919691,0.0717571402604545,0.0618361436939585,0.0733443611242225,0.0639571897679438,0.0647998924670107,0.0572686265578646,0.0747195531132275,0.0635865501454303,0.0719794317920524,0.0735971090608433,0.0730079172112361,0.0614084596794039,0.0736660763154674,0.063911931011104,0.0737121789671144,0.0639755206664881,0.06674129310874,0.0738971774095443,0.069879849552032,0.067785982245501,0.0668957389267254,0.0664530018401182,0.0647976163562561,0.0615434446056272,0.0648705279360662,0.0637472265627178,0.0664105933374292,0.0670353478079852,0.080789070614012,0.0702624983846971,0.0650502939810646,0.0694392032238366,0.0675655179917544,0.0634420629082851,0.0711168697590737,0.0765193277769616,0.0705621684771352,0.0685617341440195,0.0725475614792896,0.0668146580560539,0.0730155624891639,0.0736266109896355,0.0647282364548351,0.0567291797329659,0.0687647221599656,0.0702379259267616,0.0643510268992193,0.065776466806577,0.0779015913680429,0.0661378842892531,0.0666680688423526,0.0703355285551005,0.0738670736436574,0.0609902339428434,0.0713463174030816,0.0698239387714925,0.066494386764169,0.082677327896666,0.0818198881035928,0.0711227571883293,0.066068100021354,0.0731985435194932,0.0652942985412732,0.0686125419734948,0.0711371453343521,0.0622177491285016,0.0681196908820751,0.065458617132494,0.0692789401408271,0.0767082397831388,0.06179562325005,0.0682908051161055,0.0751069823299139,0.0679894523164845,0.0673103805296764,0.0686547747141283,0.0758097267569082,0.0706962425339402
723.740354404523,0.0617742572436528,0.0539471887453529,0.0511914890272652,0.0538026359871854,0.0526856428789631,0.0549662375936355,0.0538503438005779,0.0537834073829415,0.0498444989436568,0.0561837405656188,0.0603403491238201,0.0557179869854803,0.0523641476651003,0.0640511582899028,0.0525917265533185,0.0598843636368088,0.0592229066899687,0.0558481294043542,0.0669173212715994,0.0595536164578526,0.0633197106795556,0.0555723943120503,0.0626073354785133,0.0590679856137167,0.0570031554238042,0.0577317984394261,0.0510076448201697,0.0627917947431761,0.0539548050747402,0.0593364455469365,0.050723698244605,0.0577480952968117,0.0591795813976201,0.0519768339801823,0.0528528720219424,0.0544223229316712,0.0568709551992521,0.0588509853202304,0.0591236933114669,0.0586500491824994,0.0551763609425856,0.0496861641722241,0.0545589755506583,0.0481719917667457,0.0646506981548648,0.0560879451043348,0.0578288278604362,0.0589173405833117,0.0630320539580555,0.0606425935950443,0.0612531420688366,0.0594224444526262,0.0542483260292591,0.0564099358981219,0.0541997940212148,0.053165137118549,0.0570378245463085,0.0619963654627343,0.0610200275747887,0.0604508740029759,0.0572014383541846,0.0616320551388658,0.0615954497596486,0.0528441402426076,0.0626705229020114,0.0628518096929652,0.04678392443769,0.059086412797592,0.0507966180039297,0.065433962052712,0.0514388590296646,0.0531977814512536,0.0486300702938379,0.0552896020062461,0.0561990704677901,0.0528421004570852,0.0571477559335198,0.0605467285970759,0.0622769148846923,0.0580853180083321,0.0513182721372536,0.0585778978224538,0.0620412776845614,0.0579514097387217,0.0587233406202239,0.0753906193958765,0.0505150345372347,0.0494842988337772,0.056260128767285,0.0593094076350626,0.0566745152176696,0.0567942309555728,0.0528434572063952,0.0584924979948405,0.0651895713232219,0.0638280635865176,0.0480238952632202,0.0622530151025791,0.0618202366110652,0.0598773285056419,0.0642277651331963,0.06291763442915,0.0600941544845237,0.0632399550421749,0.0568649210768788,0.0662432541306274,0.0606818724041147,0.0547019647623547,0.0612457198500026,0.0537613955834259,0.0550012126971537,0.0520407123721639,0.0610875185607931,0.0626282212032189,0.0620887206670819
727.041119331624,0.0617789779647075,0.04433880116887,0.0598427881016803,0.0553636172144136,0.0596629468296688,0.0592394742176432,0.0580902785123143,0.0548395194058887,0.0584681089345546,0.0572410998871243,0.0603274224094394,0.051935353733283,0.0523300020613256,0.0580856052426787,0.053117920581141,0.0593678500598795,0.0592237218138824,0.0574206772444422,0.0581754594323328,0.0454195278262489,0.0584204321778947,0.0571293975245998,0.0561801924366459,0.0579702827540036,0.0617942356786287,0.0588040915005477,0.0553152632808282,0.0536648708753958,0.0523103525847064,0.0549845527570506,0.0566104060415993,0.0603338243280236,0.0473039544176928,0.0513972160038552,0.0517309344705364,0.0538468164274246,0.0488086973141115,0.0545159542644933,0.0569383285641492,0.0613543475692254,0.0622652294656365,0.0518036541933331,0.0518321713475592,0.0454301240622109,0.0554947791633934,0.0555050876811497,0.0539953797773316,0.0518486081111493,0.0542704245939233,0.0535735350320247,0.0580426721060359,0.048823636199201,0.053678003971944,0.0607444650515877,0.0574614459266457,0.0558297840481318,0.0575367172692449,0.0554545283370665,0.0528639878767235,0.0560865764969694,0.056092525116279,0.0567575161838242,0.0588862559292417,0.0555225977596758,0.0637350144311111,0.0687516144882046,0.0571460628784013,0.0514829403426623,0.0562529606550565,0.0511044710010981,0.0552364862580155,0.0575245624184356,0.0539875946906761,0.067279139931771,0.0524189931436718,0.0544029369945268,0.0592633338091393,0.0534866511772963,0.0584794466623931,0.0580596461298635,0.0523593554396852,0.0542842617510493,0.0554643330438933,0.0542083116433641,0.0554555378869892,0.0666675048933517,0.05695728733437,0.0479204642177234,0.0508337825183957,0.0609120539240472,0.0517999434734087,0.0562401051096993,0.0621591557556475,0.0579424043514937,0.0710692595868139,0.0660192779743588,0.0628690851420996,0.0606010374440479,0.0601905120581899,0.0582474197855435,0.0587240836274458,0.0513800335936652,0.055260797127661,0.0567139257617276,0.0591108432960234,0.0622446238602932,0.0524087554138159,0.0584842043382804,0.0590562641912968,0.0619651411528161,0.0555395487260661,0.0542247209754293,0.0562174970489159,0.0598941581609955,0.0653236085456148
730.339456692637,0.0612286538942114,0.0539468028562637,0.0538599915994171,0.0590281966017344,0.0601765185834264,0.0554937187142738,0.0601908214373558,0.0612525789303266,0.0638311847451876,0.0561184486985858,0.061376626873499,0.0535130823365131,0.0598606985081813,0.0602010706100222,0.0601296296745049,0.0588339097317379,0.0570714076982005,0.0605653464231515,0.0548504643055561,0.0594668251212842,0.0578136260541448,0.0634675252985887,0.0566703988166257,0.0568558224234808,0.0633535453579305,0.0489097767759666,0.0536752918196854,0.0552383418614413,0.0566043579575771,0.0565390856149215,0.054379100611919,0.0592173990154466,0.0553123096611782,0.0584362599878758,0.0620623728346171,0.0537888142503283,0.0557387945928606,0.0625095548449707,0.058548988910144,0.0553331188939414,0.0561888311884725,0.0582162688084179,0.0528437115484934,0.0562070246950133,0.0570616226559303,0.0598310729872255,0.0593804467030944,0.0593827148343418,0.0547676123003752,0.0540877448707521,0.0558837166859462,0.0525106978674858,0.0584871643968815,0.0617981201846641,0.0596119595847937,0.0493175993209085,0.0521184005715569,0.0597308487626444,0.0598435820246304,0.0620106338018889,0.0587585827856333,0.0572626288495209,0.0588590917729972,0.0549317861247039,0.0664162478727237,0.0544901870415197,0.0587533323032663,0.0600846715033601,0.0616918994367207,0.0600603314197211,0.0579259931813117,0.0526032318666719,0.059328205962784,0.0536085691072951,0.0625965501782064,0.0548824629335097,0.0559982781351544,0.0616029241440404,0.0600716333465661,0.0613339503318424,0.0555399399480842,0.0580331811046771,0.0565092344282057,0.0579348026378532,0.0554299447138793,0.0677346160227534,0.0499178526254524,0.0572856949261488,0.0578481445025439,0.0619582823584261,0.0528655625808647,0.0637544380531591,0.0583008306721127,0.0557747187234872,0.0540795100197577,0.0676759173890471,0.0518393510502642,0.0578421368779876,0.0607135765967341,0.0571436942911237,0.0625645019497645,0.0618273434076016,0.0525649768373125,0.0545147167873257,0.0662251815425618,0.0662809226793489,0.0591048492539261,0.0562581387070683,0.0590155576365966,0.0581056573391233,0.0609365254203821,0.0542076754513627,0.0583886741055005,0.0587951224505936,0.0572208381333921
733.63536899299,0.0466777139243996,0.0410987202766786,0.049484085496278,0.0414700770480242,0.0493918526234901,0.0527974786237415,0.0415820058447772,0.0563607255553814,0.0437726918462585,0.045787349222599,0.0494555221195905,0.043242466872808,0.0446281474032007,0.039083906711499,0.0416539773521516,0.0529855607491981,0.0474261668518643,0.0403799838731968,0.0531379422334517,0.0507206202745448,0.0485711774669991,0.0425995741247028,0.0395394935943781,0.0461962837220547,0.0477514408501047,0.041187582406193,0.0595652409875038,0.0417898317578694,0.0424721783262858,0.047845899238094,0.0418697131558157,0.0486081259099509,0.0434028134364061,0.0501860129092631,0.0477955778903293,0.0478372718100506,0.0540748715429845,0.0490156298665119,0.0487014631313181,0.0454848155612203,0.0429734721964312,0.0500588057306239,0.0420358510985014,0.0496416604465855,0.0543156000284443,0.0504556474538071,0.04192994484358,0.0436155428770119,0.0448798746517404,0.0431838421016381,0.0488985685579022,0.0519428625380847,0.0465504008091149,0.0503256745964494,0.0486163237574181,0.0449435027383753,0.0477560562783654,0.0471957184187411,0.046783012253582,0.046221087671726,0.0527398931894082,0.0410214968659343,0.0501765565920595,0.0456512057534024,0.0445700009323752,0.0508135913212467,0.0477831854567103,0.0486617039740313,0.0539591368307814,0.0430489716552329,0.0453257034184237,0.0492939780530043,0.0458740769285366,0.0421031984330552,0.0496450543305379,0.0447032202276436,0.051643548695877,0.049624343449552,0.045426475381087,0.0413690389363962,0.0452268758670988,0.0445713991527581,0.052626494831553,0.0439968642363601,0.0461517021445193,0.0548468921427889,0.0439388014175752,0.0489128696305454,0.0442630231329884,0.0419565935465486,0.0463321449592202,0.0410642019431342,0.0462024239497894,0.048788576452003,0.0514226779590181,0.0506700839845794,0.0468444007572879,0.0490711989194302,0.0465700032998306,0.0543922826690923,0.0372018070571727,0.0436540066042684,0.0455439591930375,0.0512125021474024,0.0499798731847973,0.0570418771495166,0.043581108256798,0.0474792585881631,0.0470472286026887,0.0525862688045528,0.049522092461485,0.0525356899538073,0.0469680634272112,0.0433585027074547,0.0410150087695204
736.928858734616,0.0428664232811672,0.0383848232493368,0.0526701887295722,0.0519930126263477,0.0444989754884828,0.0532846325534564,0.0526685605062813,0.049838829273102,0.040993595643046,0.0494963509684655,0.0488514227715895,0.0480124858092686,0.0477922412650961,0.0406251629171325,0.0475473491992321,0.0450012282796181,0.0473759598776656,0.0482588414647489,0.0508640218433394,0.0500914599512037,0.0457761997090226,0.0542353994761957,0.0485303556467477,0.0545771981060436,0.0487410191787106,0.0460390245069075,0.0514214770584621,0.0551185805080038,0.0478147419911992,0.0434439967379221,0.0504055582953517,0.0506166297128088,0.0524533152805834,0.0468275679466165,0.049898604515784,0.0456091112694911,0.0529300476874713,0.0489241575466819,0.0437398563862606,0.044871719668245,0.0527500622823725,0.0472747757840709,0.0494515541534657,0.046849717288997,0.0510157990289381,0.0476314539011322,0.0472805503296687,0.0402855450469538,0.0562558440640953,0.0480070078003168,0.0467056754887607,0.0508284557563991,0.0464691782356728,0.0437303433211565,0.0430744765802345,0.0427076392356356,0.0444498272890859,0.0465625523687706,0.0429055132719772,0.0434322323569251,0.0504964647112613,0.0544449751488838,0.0441763461737509,0.0450270616390518,0.0455830872043066,0.0603724930458418,0.0444414351705493,0.0469552674868206,0.0451130621820853,0.0456160535811484,0.0490721350594711,0.0568279811438319,0.0586924783318316,0.0442205813746051,0.0495765051756379,0.051001912063046,0.0461992909354241,0.0452255011068866,0.0577984026252721,0.0462676094629651,0.0510696529873281,0.04721205358582,0.0432706258192583,0.0412721914350913,0.0553272779989649,0.0460715034776689,0.053023609060832,0.0499057212214827,0.0490769910625206,0.0494399741502264,0.052779680942572,0.0512394195126996,0.0549186362907474,0.0492546623424172,0.0476865668603611,0.0595451208451876,0.0467840483501035,0.0500941966816334,0.0459734190079902,0.0499933317275047,0.0558761220952893,0.0540666176769509,0.0444307719620692,0.044635440080643,0.0510888373415117,0.0695714261337368,0.051352814200826,0.0577465561899759,0.0399349589229477,0.0552627620608262,0.0429665911050249,0.0541226282818669,0.0485616932925027,0.0504870217185954,0.0393473897883476
740.219928415972,0.0519462379815294,0.0516821619181774,0.0574634753231898,0.0397031018820694,0.0492583163404602,0.0532212980064995,0.04569892023528,0.0502867882153167,0.0441431935082508,0.0456191830379284,0.0557864700693444,0.049001105461548,0.0466069525081854,0.0529473417506642,0.0485464519579023,0.0513021510281436,0.0499790053020754,0.0518820649889002,0.0480288597772055,0.0478183162840687,0.0537382549462003,0.0477285200830838,0.0473686745916932,0.0470610098925513,0.0497138315488245,0.0547052088181951,0.0470342682076638,0.0512820978110195,0.0466430903481896,0.0481798047333865,0.0529840538461891,0.0510291768185007,0.0458891722442729,0.0521790866524886,0.0525306788442193,0.0428303502885912,0.050696296537857,0.0563308480910043,0.0485674996346882,0.0524054661902786,0.0455270058995191,0.0450132339221715,0.0541682889888378,0.0510798821008139,0.0439404144357431,0.0519060024743579,0.0509842727982144,0.0526418002899211,0.048516565597513,0.0473842615066222,0.0455647305676676,0.0475784005805742,0.0474506897467643,0.0507138016288671,0.0539276140927274,0.0544637241148355,0.0443454057356324,0.0513303762949445,0.0514582350776839,0.059610705402427,0.0487780431022095,0.0505828356812155,0.0494967343034362,0.0411340815301557,0.0552941201518542,0.0587823613457244,0.0454516323709868,0.0484765429164299,0.0581740901384688,0.0555809449484959,0.0473472480725383,0.0502272912094628,0.0393035947506324,0.0474122698864252,0.0489537909661836,0.0524951165872286,0.0530744395645161,0.0484065403824904,0.0506892038275175,0.0511491829728682,0.0504270957328532,0.0541345492372683,0.0557235755422362,0.0454827719478229,0.0530774564497452,0.0568946208147725,0.0529358798550377,0.0534884915712065,0.0462912433388988,0.0482785680441476,0.0489205960404968,0.0576242478067341,0.0499130664429929,0.0507711007642603,0.0646611890277511,0.0611527486413949,0.0588105826845551,0.0532808718806088,0.0507854667234582,0.0493820260291949,0.0618679196630231,0.0545609892711162,0.0524569941885712,0.0516165810886274,0.0554381180400817,0.068825916183094,0.0663233051548466,0.0554701099873191,0.0506725895480107,0.0502567547033955,0.0553557856241799,0.0453194193642238,0.0539390996656262,0.0460321742350821,0.0506008999949182
743.508580532013,0.0518663327829544,0.0606888424508653,0.0541195885531265,0.0655673164038169,0.0534635362822832,0.04994045842747,0.0583440230752979,0.0587797233194839,0.0591673201222673,0.0552417522443223,0.0589267999069346,0.0542751227455532,0.0573196944815376,0.0512155163224715,0.05819932411561,0.051759392919605,0.0488275169791589,0.0570779981615093,0.058763792692298,0.0601699686770959,0.0589905548477447,0.0529339331215316,0.0568590686395724,0.0564681232327708,0.0533488291541487,0.0573323554600644,0.0620375010270275,0.0608260252440418,0.051410483185795,0.0593610892506085,0.0571661118823756,0.0593218329121502,0.0527552136024277,0.0602409788571728,0.0622468159858171,0.0517892363698773,0.0538064508640562,0.0556696141301162,0.062639747306183,0.0528470437497926,0.0541743754040418,0.057288579680973,0.0594050736179961,0.0531280883725903,0.0551062500930444,0.0610899845741711,0.0524979671481241,0.0552344573195527,0.050036691933282,0.0548882672029773,0.0561628812553631,0.0564958279845566,0.0597483840682943,0.0489785326521253,0.0576526243772418,0.0586599597579951,0.0587070721257679,0.0533729391120488,0.0529592681739188,0.0557032437697991,0.0513769046767839,0.0618147914591062,0.0612789240400597,0.0578232411585993,0.0595417170611858,0.0608862047050843,0.0546366178663232,0.0607961348799905,0.0520347413202026,0.0533486255415652,0.0488784626037865,0.0577281623969377,0.048870091421166,0.0565887318164535,0.0639017684359072,0.0513113396757954,0.0577876467180219,0.064051337115786,0.0614058464399112,0.0576726164613475,0.0589326400232735,0.0578167412640027,0.0610667795401543,0.052350598606173,0.0595030506274964,0.0578929763606614,0.0539089629091005,0.0481944165272447,0.0548634924890874,0.0524931175882177,0.0596674815467842,0.0586016556570155,0.0635296133028808,0.0570725496816412,0.0699276233676586,0.0653340531819936,0.0548657461246939,0.0564512530904939,0.0561231939213928,0.0590805587561932,0.0546266632430947,0.0605390051362799,0.0577741637563341,0.0607531371851467,0.0586850638948785,0.0590675721553576,0.0596294698517588,0.0618916644213489,0.0516486477620614,0.0561846012345613,0.0563515563189777,0.0561544843693643,0.0582136362223731,0.0525762789854149,0.0580643807475457
746.794817574235,0.074896578180431,0.0696791233262817,0.064834488930419,0.065968235460069,0.0759162188142871,0.0653130103755733,0.0646058600617833,0.0667180411634963,0.0644454615930307,0.059981751180968,0.0642094216945331,0.077279113031812,0.0685575301957462,0.0640441640415723,0.0656678021528232,0.0670319010732884,0.0626114399862278,0.0749733547831034,0.0705683212892959,0.0725048053382094,0.0647653083030195,0.0687855440617092,0.0706003150362967,0.0690353495053124,0.0741117151364574,0.0714387187115153,0.0586947076703321,0.0666021607735685,0.068072910820112,0.0716032344382287,0.0656521552191932,0.069177466313216,0.0687486741452091,0.0715588252387441,0.0724923024215849,0.0719516571680827,0.0665491181371035,0.0700215695534007,0.0701575904083665,0.0685110879569382,0.0578746982588964,0.0652356164016132,0.0651620529619888,0.0654472377433983,0.0684037051183777,0.0680678069237532,0.0681205465772042,0.0697232441262506,0.0771862891997524,0.0743194854601584,0.0662102228294146,0.0616886744817462,0.075267698938828,0.0608223573432434,0.0695671293173342,0.0682276619203549,0.0751980677812318,0.06081678284551,0.0663496490494141,0.0685937772712325,0.0653357285160441,0.0660149441762674,0.0671057484899598,0.0631128880154485,0.0724875594524168,0.0852377425419334,0.0719965457690098,0.0687732761487529,0.065610387315867,0.0659287945032281,0.0694841167956597,0.0836747701679476,0.0686141543044901,0.0755692599317649,0.0664710869583628,0.0623492334472238,0.0721387990389417,0.0634003203875482,0.0688620114254356,0.0686025749605505,0.0652657690068209,0.0695422102411444,0.0734869254465173,0.0698973638509967,0.0697148603167732,0.0707471441096952,0.0737164742481302,0.0658182374110114,0.0612527649061121,0.0734081066557748,0.0628159104834638,0.0627967325240443,0.0705512599050605,0.0724271737529896,0.0778354401726538,0.0757147886669535,0.0745615567788867,0.0726861765262113,0.0744657935028009,0.0698495139521979,0.0726998702579606,0.0753011906406919,0.0630752868556545,0.0649862906054595,0.080372434865807,0.0848116131902097,0.0712359724829552,0.0672075503095276,0.06397804756031,0.0714038482330486,0.0654572217171937,0.0762545745931855,0.0717020205606397,0.0651624238850965,0.0730585442073631
750.078642030654,0.0495058864119072,0.0508713897711372,0.0473821400633793,0.04779790279943,0.0494685284350694,0.0491964063476463,0.0506896287667164,0.0499150982426736,0.0480863967681126,0.0409162081750461,0.0576018922105735,0.0481022211230948,0.0418687263000652,0.0509414492883573,0.0503592317579442,0.0441485350196618,0.051281343055174,0.0456967700331991,0.046484118907869,0.0479474009506052,0.0516702669678193,0.0510343229863979,0.0512511812158374,0.0440021672150443,0.0439609554294909,0.049944540904073,0.0553352501554703,0.0568211549729796,0.0468180460635923,0.0552901736559267,0.0498194241504903,0.0516420122752174,0.054067703463743,0.0474071618136432,0.0428456087697909,0.0456170500029354,0.0503283076897828,0.0532249141654438,0.0493292261390518,0.05259173907344,0.0577237837389132,0.0510671547184023,0.0462248519825397,0.0485134999482342,0.0489284433033863,0.0454713752913696,0.0462394012994732,0.0538721126737199,0.0497529256162353,0.0519308594928081,0.050592431823203,0.0493838317835922,0.0481387124546938,0.0438254640349226,0.0480952675064367,0.0508390426140525,0.0466164122897043,0.0481993378651089,0.0445478711903203,0.046753632427302,0.0467742691104833,0.0480729656071083,0.049161203091639,0.0477880639383307,0.0407536999646426,0.0523218553766388,0.0516592252957967,0.0502374770156111,0.0517644188415552,0.0520128598750317,0.049709779339991,0.0444448992601602,0.0502497055050897,0.0536139953954236,0.0485995361320195,0.0478306001591861,0.0542925908133917,0.048081545912871,0.0476459413779418,0.0557411467232134,0.0451680612814404,0.0495504154637724,0.0438768908182136,0.0617588772331309,0.051117351036048,0.0505478468563385,0.0525750609306995,0.0558014611093897,0.0530013693455267,0.044695439182074,0.0464513771666918,0.0481082132637482,0.049050175030195,0.0429514246156628,0.0564971800543889,0.0555210741579847,0.0496777069367306,0.0496630154719072,0.0450458990849524,0.0496222971334928,0.0505571565015248,0.0454916635454738,0.0527418833139692,0.0453112870051167,0.0537297990753141,0.0612901259848596,0.0517423810186148,0.0518102785114924,0.0394759373173155,0.0477315029712168,0.0458335927027566,0.0499310018439018,0.055853005599931,0.0496420917023731,0.0492231073534146
753.360056385828,0.061747010790899,0.0625006216690632,0.0656433226472328,0.0619505236379629,0.0584584722337955,0.0629355804733065,0.0595720251173892,0.0680318027674208,0.0630609101576309,0.0661684988919409,0.0596135256281012,0.0678466494891877,0.0595729309550175,0.0631973655057505,0.063213843009199,0.0694526352820869,0.0634308571067231,0.0656786017369961,0.0696679188777797,0.0613336181332105,0.0644158115869023,0.0599232622821127,0.0633590482446746,0.0586551582165758,0.0695131760413908,0.0618275074418273,0.0686712094927657,0.0561339137301815,0.055867461719638,0.065346648239117,0.0631334927845557,0.0709413123913476,0.0614231923719784,0.0652373467635049,0.0683524373991547,0.0678848537291566,0.0662547109233132,0.0637873712934058,0.0649858409301892,0.0633245235079478,0.0630349274005839,0.0632942367331911,0.0551685659965857,0.0553865958307272,0.0648785820234365,0.0644582559622551,0.0607424104873178,0.0656206030110332,0.0643192378466712,0.0642715736819395,0.0627446818767105,0.0609011925168137,0.0711809794309872,0.0659687112837626,0.0638069852524424,0.0689949158331358,0.0609298210098782,0.0594032961565244,0.0692705038848804,0.061238482592568,0.068826653679694,0.0678912163902873,0.0625135291007998,0.0595505902551488,0.0694624380110117,0.0660386606950912,0.0613411035534347,0.0668340509437243,0.0598261464282021,0.0603240903268623,0.0664647279061324,0.0660152195706623,0.0678157554723198,0.0676514709308136,0.0613488467802868,0.0551115439235569,0.061102467200934,0.0636765975162293,0.0642612588047033,0.0594504048574277,0.065485474358227,0.0671540400877448,0.0666318920081424,0.0749950136719286,0.0634694173942167,0.0711118983467399,0.0642717013311428,0.063490633909794,0.05935827808738,0.0564106683277053,0.0641899496304833,0.0646687178376514,0.061521226150505,0.071077803585589,0.0696882035247285,0.0736396186568004,0.0649397418120825,0.0685912051654725,0.0709513939951451,0.0609020139488359,0.0680467947630645,0.0690216283549946,0.0698599467971258,0.0641729376727498,0.0683275998646321,0.075165563410093,0.0638709297408234,0.0598171682030005,0.0615187361169178,0.072225879456152,0.0711594794380697,0.0629010245284043,0.063335542008753,0.0666017636123195,0.06472404276828
756.63906312085,0.045467161924943,0.0420580202698023,0.0384139921149337,0.0426880828049251,0.0470190885782058,0.0409184346583448,0.0498683679382046,0.0474329602124124,0.0482907672623815,0.0422044959610613,0.0427190108498735,0.0407882715772846,0.0469328540811839,0.0452030715734063,0.0413695604474219,0.035942357706642,0.0429907204555651,0.0437871592100781,0.0477236832489441,0.0492159437746832,0.0383607881583257,0.0400077699078256,0.0429102870213125,0.0372961142677281,0.0457593322112371,0.0424897692746924,0.0404805184428801,0.0447128034211022,0.0367458072357587,0.0393095444323661,0.0402478820392791,0.03916001705191,0.035415227286101,0.0470528913512166,0.0424963760126966,0.035641939340321,0.0382083264049541,0.0421279806349767,0.0403109831308276,0.0484610266873317,0.0458688310196877,0.0420869045430751,0.0421007902753257,0.0449184288261617,0.0389274387001688,0.0467554392673651,0.0480645456328375,0.0470294732308672,0.0379444933602599,0.0418504590781596,0.037476391183261,0.0411479056793894,0.0434805258546001,0.0440438598660557,0.0488678970935495,0.0488799848093147,0.0500172168242647,0.0359187454331576,0.0431073840733453,0.0475018568971235,0.043190515432046,0.0434415794048553,0.0439965352667202,0.0382314558563731,0.0382408932823679,0.046873034741802,0.0442480183518711,0.0466437849886455,0.043755168874706,0.0400211163613071,0.0477490725136697,0.0414144494723861,0.0397623962816545,0.0385710943644381,0.047207699294667,0.0543952099888468,0.0442969112284369,0.0466971917481436,0.0370656378150121,0.0421330951756189,0.0426608854111217,0.040682645595034,0.0424462862273009,0.0454335613216198,0.0540748615829513,0.0550093958580183,0.0447143323869863,0.0398909331780385,0.0494498751484685,0.0486967601511083,0.0472517505149737,0.0488694510049442,0.0421806496886432,0.0485055817551357,0.0435357007615172,0.0482354013726779,0.0499267024777266,0.0351809179106666,0.0501798282602994,0.0422728676935544,0.0436687837343055,0.0419295036083017,0.0395679543118016,0.0428368119623158,0.0459955512469608,0.0473527629300572,0.0382389381048205,0.0394860093801678,0.0499787392372493,0.0364750772748595,0.0439191445068406,0.0425509393091118,0.0420239601062943,0.0378301405657858,0.0419347513610066
759.915664713369,0.0625167838417187,0.0606008984652925,0.0653047632846191,0.0615804898457935,0.064034239315242,0.0652937765174143,0.0629636262227693,0.0644414889822761,0.0670165694257289,0.0668839112480972,0.0560325394806112,0.0578115049331646,0.05431517415214,0.0574267379131803,0.0590689787907435,0.0596249469464679,0.0508364275045743,0.0626770411336236,0.0561990443434214,0.0663655864562913,0.0570003418209454,0.0627263925287981,0.0731229512446951,0.0566822362743275,0.052527982828548,0.0625513167015962,0.0672612461776196,0.0568546657546328,0.0625475921314282,0.0487963480451731,0.0567703987897448,0.0594805169391887,0.0556479044179723,0.0555785066601553,0.0586843999522145,0.0600156898161458,0.0648238454276964,0.0537324149044461,0.0586589736067193,0.0629712332145832,0.0533392113868611,0.0521264873677271,0.0579871726962207,0.0566331057390662,0.0537718923965501,0.0580468395184601,0.0592754108178081,0.056579742699232,0.0595720024831431,0.0541589650434404,0.059215027473658,0.0536929489948494,0.0578568908718292,0.0531017640429044,0.0596245751204794,0.0605382439529944,0.0541078070734997,0.0682197095259877,0.0629277935416325,0.0641240254445457,0.0489590438486449,0.0664663276733695,0.0681142524037966,0.0537571121875702,0.0625601647385013,0.0653286833615044,0.0620893111303121,0.0605046852880282,0.0512364809721626,0.0594223579042656,0.0519266226746083,0.0596950781007914,0.0578335699130475,0.0591235168103318,0.0615377437444483,0.0568556240579017,0.0596566457094062,0.0546629063347706,0.0574338965878091,0.0601854604652157,0.0586344626348965,0.0528815620411914,0.0662609145012502,0.0650550334651257,0.0663947365794213,0.0610873414018941,0.0617654249521074,0.0538039253497159,0.0590248695880749,0.0582231201542451,0.0546685975171865,0.0562336212967239,0.0579088918816828,0.0616622045199734,0.0678565800669593,0.0761641183147108,0.0646067049333263,0.0557128806562543,0.0576055971159012,0.0594989714522282,0.0583727354247165,0.053325485565271,0.0604249197820314,0.0616666205139286,0.0621899877793011,0.0611992883378132,0.0642116337433072,0.0610776108516261,0.0600793404438712,0.0560092397768895,0.0616286127535638,0.0582189171572294,0.0516458956278337,0.061917843617763,0.060099336514725
763.189863637582,0.0483565794619211,0.0545519362103203,0.0548257328874511,0.05129929377823,0.0514882316963442,0.0437778683060792,0.0564119680900245,0.0470346511626045,0.0565385278960903,0.0488352530037924,0.0547579314263431,0.0484677485460413,0.0481423493189318,0.0550573902678707,0.0458632117855121,0.0515088091985293,0.0495885251756187,0.0550591938017957,0.0385694353483912,0.055842483277769,0.0443811056263714,0.0518427689677997,0.055842726293222,0.0474676347713991,0.0507087118371365,0.0519399007697849,0.0449682980292341,0.0518323208240028,0.0547641988810439,0.0464212974843006,0.0489747380741956,0.0592542418286199,0.0489717946389642,0.0537250345525153,0.0551916828217366,0.0528524320945778,0.0496110977209194,0.04331386150805,0.0584677324421236,0.0535182197709964,0.0591502719820069,0.0540654126253631,0.0540082692335924,0.0466754123190287,0.0503429971622774,0.0446908640226803,0.0481953259075445,0.0449960133287726,0.0555373335339196,0.050707466950301,0.0499456165555791,0.0572167278614154,0.0517110978147343,0.0436526216355437,0.0517659006731014,0.046857167459381,0.0485279100959343,0.0474126125067714,0.0551329811639613,0.0508977838226112,0.0530866630441896,0.0500804106838887,0.0533444571606064,0.0513792018778242,0.0525491417219126,0.0524925179483118,0.0542481320206425,0.0521792092807716,0.0537689436880868,0.0507392832085886,0.0484520584313562,0.0480949728762241,0.0517461648796287,0.0496525747787967,0.0457526815190484,0.0555757732247912,0.0487194799532819,0.0490467245066924,0.0469677961049164,0.0478122041668244,0.0535685698524624,0.0489456855976359,0.0551392213486232,0.0499007590792136,0.0602278520894596,0.0542442645934789,0.0626433144519614,0.0536286852441881,0.0539597769921153,0.045624363467646,0.0506966889609047,0.0544178475993034,0.0489523892250869,0.0529296182962811,0.0592117484991111,0.0553909271354189,0.0473614315593998,0.0500680354326575,0.0595896949172579,0.048990520879478,0.0526857256736718,0.0493036495836701,0.0489521648666748,0.0462719123258513,0.0593689342890863,0.058930351292511,0.054089275999033,0.0521528287362021,0.0593364155866627,0.0497932671343725,0.0473588396509858,0.0531243603066397,0.0536501207516132,0.0496378887797314,0.0545289992706843
766.461662364247,0.0443995051146446,0.0447475928303218,0.0394587287724776,0.0494850363078654,0.0442981579274563,0.0467839968639669,0.0376415906491275,0.0446611500878103,0.0584765810487894,0.0459093562412896,0.0432130512749832,0.0434104225269844,0.0403291908739349,0.0407946435633569,0.0418541669903779,0.0465551327444337,0.0461890823667381,0.0484852501293113,0.0480986862545401,0.0463880386464204,0.0425200609494248,0.0446756176673263,0.0481487228949319,0.039825919415501,0.0376228624148975,0.0374802694064399,0.040988640286775,0.0441148356054053,0.043716405496151,0.0429540588176805,0.0379231829652352,0.0500630139024693,0.0438938632167395,0.0398563319073591,0.0407581951576331,0.0397970574989509,0.039743278828483,0.0425416908642238,0.0413718026070342,0.0418723705419107,0.0375540475319951,0.0414357059705322,0.0408938070561221,0.0410338535064121,0.0420656907625312,0.0515715622419993,0.0457920882698584,0.0426018426100379,0.0433018687506857,0.0320390169479686,0.034248415480739,0.0469517199309423,0.0374551889018613,0.0418011710716413,0.046080022909769,0.0498632036699946,0.0375687723841157,0.0433846228446492,0.0413698296095043,0.0381981657365653,0.0366128619995468,0.0417740201494641,0.0374791340620568,0.0451915422945398,0.0381650617846802,0.0502427426306189,0.0365615075491713,0.0438381318087994,0.0409387720810075,0.039922393482474,0.0460528010907931,0.0446244257969318,0.0402782957067035,0.044530659587638,0.0385519644975739,0.0351252198292475,0.0442030147433931,0.0412441524315424,0.0445963352250922,0.0409521661452436,0.036627699079466,0.0439197370583436,0.0456389818611141,0.0411481400262687,0.039377193291997,0.0453205305564629,0.0371149387257163,0.0445775804854594,0.0461709320628085,0.0384025835730864,0.0375024729697784,0.0396488692962477,0.0432694469524615,0.0372460252777783,0.0500204205281505,0.0459974870962848,0.0350520792054877,0.0405926970945675,0.0485363315124926,0.0368358523302752,0.0469829362289089,0.04086538396002,0.0444656636831446,0.04443657493341,0.0445895946320173,0.0448081759323077,0.0495017117481953,0.0404892853795297,0.0493743214937885,0.0484892909819555,0.0455338672344306,0.0387327598819009,0.0415210567659502,0.0422992825831704,0.0419351973385762
769.731063360692,0.0506457025798722,0.0482844716428594,0.042482422271933,0.0423540544162715,0.0451500790060795,0.0487075324794612,0.0501597459270738,0.0471089350592157,0.0544533091515309,0.0510777777079526,0.0456852087043535,0.0453285549242275,0.0411657776352395,0.045412542548875,0.0405390025822612,0.0527097532913349,0.0507841335211442,0.0493133896253999,0.0538070647492703,0.0483058644339205,0.0481852861894252,0.0513544050041376,0.0431062578533627,0.0512260757676274,0.0497023236029159,0.0503766756444112,0.0596351700961574,0.0487071584809046,0.0483547474406661,0.0486258220290798,0.046298170171607,0.0424357815063094,0.0474064920965503,0.04669839451091,0.0410573005699696,0.0432888552968943,0.0464777274234031,0.0439013150878355,0.0498656117344982,0.0449057544032921,0.0537427056462271,0.0471171089009146,0.0502961875097107,0.0548684453085635,0.0445128755901155,0.044205110141451,0.059671933541362,0.039109077703935,0.0550599038315439,0.0437574077810249,0.0484593641333248,0.0462066432345216,0.0436906189312712,0.0475475612920481,0.0513199290373971,0.0426165639190365,0.043222414519374,0.0539688385407346,0.0449087137200325,0.0433823790510475,0.048835487137022,0.0469438861321497,0.041573860659487,0.0482038224677601,0.0493651467238745,0.0442667624736,0.0510791987352282,0.0430520524233738,0.0423436009504578,0.0476261885382849,0.0485471790390357,0.0498265819443677,0.0481097165885799,0.0432123246123286,0.0517605189945464,0.044988411805934,0.0444983372652184,0.042650690722769,0.0476162642229425,0.0445816151169622,0.0455475173149555,0.0447888412627646,0.047581788246548,0.0473536251066417,0.0511066262048865,0.041026902040577,0.0433481394122097,0.0381176564841372,0.0497412441597034,0.0532747867307263,0.0584120797310004,0.0545124704327477,0.0468903987140033,0.0487556706656178,0.0556950870871959,0.052127504097198,0.0447338879754131,0.0403676915963209,0.0439780656354224,0.0529278124161063,0.0473219555590002,0.0461628781147917,0.0437341174706908,0.0387848486673017,0.0439089304547127,0.0491410801219427,0.0454535262291716,0.0440607785370852,0.0453525266601839,0.042241820860997,0.0518197993450106,0.0423426884645587,0.0467515217583335,0.0465115835976424,0.0428029033326216
772.998069090809,0.0525739459532419,0.0459292009712697,0.0503629325025993,0.0410395642216512,0.0454492054361254,0.0442142947944637,0.0456842977665141,0.0441659604247067,0.0525766123760043,0.0567714198987038,0.0524596850103876,0.0488445274206137,0.0398207466385267,0.0527144482226917,0.047878937343691,0.0498437330256145,0.0521599445116216,0.0474768720553667,0.0616733030184173,0.0447851948965193,0.0506033799510857,0.0484218914487481,0.0497840925395559,0.0493773480833576,0.0451578877992349,0.0473814730404573,0.0556241010948271,0.0463175468438223,0.0464803427321816,0.047282445961627,0.0503374476801222,0.0463750452821083,0.0444496197746191,0.0497069840149601,0.0446181364187214,0.0414230840705756,0.0424756742952201,0.0522237781919152,0.0441790224455273,0.0452023379353948,0.0436200391095355,0.0479323459947859,0.0457349872509803,0.052445338985546,0.0437229128725711,0.0450336038206012,0.0447417672047166,0.0426402042732536,0.0509781466576642,0.0451452445469864,0.0455558079791055,0.0454463156842838,0.0450541050115923,0.0467519592189985,0.0450566102424917,0.0493633320535887,0.0327693574199652,0.0472015787757105,0.0527617420804208,0.0485510968323713,0.0474995125452334,0.0429244569834152,0.0413340484551263,0.033312970484782,0.0480223522097927,0.0499376883338593,0.050290746757872,0.0465766349922624,0.0448291386204585,0.0404860804429444,0.0417535183367956,0.0468685247958461,0.0484149064273917,0.051153627369306,0.0461417070165173,0.0436625397218877,0.0490692410752428,0.0429564031728338,0.0479175509804027,0.0465368388619465,0.0458271166487711,0.0461800792022203,0.0451443395480899,0.0433832017991412,0.0514121479557524,0.054784747609414,0.0490276747444784,0.0425886146391284,0.0484215137885563,0.052493358932804,0.0478950956873245,0.0472591636686764,0.0461104134499921,0.0442450690010646,0.0448797473587819,0.0494377467317277,0.0494489411726555,0.0483031045159294,0.0524258442140344,0.0570472736716006,0.0492975189927331,0.0497945493057527,0.0386790744819967,0.0401768159148392,0.0502700389912235,0.0529865954979963,0.0502708071108676,0.0497957054641955,0.0407743208053463,0.0507622781588003,0.0440048360713403,0.0421155493985069,0.0535953295670036,0.0446498292262302,0.0495852194776502
776.262682015076,0.0431926082242275,0.0505042701300932,0.0381977935052845,0.0455417089184879,0.0462700517117831,0.0493074142417598,0.0454383708349092,0.0535693542681044,0.0496035401636381,0.0413640087087863,0.0473451825563524,0.0410518483249135,0.0487504800675994,0.0438042528260439,0.0389460049849255,0.0363680832765867,0.0449767169549752,0.0456250252249811,0.0559358520819034,0.0482987942443613,0.0513905182900485,0.0396100796274862,0.0457775603816936,0.0416909048170984,0.0422055737583656,0.0432757055895184,0.0483629827116868,0.0433767771747523,0.0494635724509468,0.0416164551699136,0.0522013799993299,0.0481935144031043,0.0506214620942788,0.0439733685979884,0.0399698424100619,0.0480907872152297,0.0422108079542856,0.0433547292386708,0.0477385145152518,0.0471163130182878,0.0356734655742135,0.0492716589336847,0.045450635189452,0.0505488262039909,0.034863023593559,0.0409204411075629,0.0455516870649363,0.0472389880142576,0.0463353251666528,0.0367455719419699,0.043705792052464,0.0393734796074093,0.0517990927298579,0.0437652792590793,0.0431547386695504,0.0399309319638859,0.0464387864632041,0.0458368985647868,0.0411176557926651,0.0433987054673041,0.0488570723869974,0.0388900858898845,0.0405390250399884,0.0379215640632803,0.048298353264979,0.05559343418988,0.0434799795409047,0.0408933549410179,0.0352410956715471,0.0439229616814562,0.0480356041182325,0.0444384322886354,0.0449496015239622,0.0448942965156998,0.0469577158379238,0.0428537149328933,0.0471888387934414,0.0421614365238873,0.0427969479268847,0.0390773465086809,0.0428574283192235,0.0437951443789183,0.0432375061097156,0.0463496341053232,0.0386641233848429,0.0427171868642364,0.0417661223965882,0.0449600268941163,0.0454617548779832,0.0446865045494258,0.0449450600504487,0.0496935619969288,0.0469598269461338,0.0429204239742601,0.0388329536080013,0.0581281856677355,0.0464465590253713,0.0447780518566929,0.0472940402690182,0.0437593391938635,0.0523590978884888,0.0479101119146332,0.0443807163035413,0.0431826538872184,0.0463018635911074,0.0577655597883705,0.053962578405094,0.0489797109420312,0.0340156351713429,0.039008545479377,0.0502603688511733,0.0456950475206375,0.0441343811317431,0.0438743663872904,0.0450319081621151
779.524904590552,0.0536958939865346,0.0401049862352579,0.0460478742747299,0.0441974145877804,0.0476127653327538,0.056518981346853,0.0430552147848929,0.0468326086885372,0.049858374901658,0.0448645704410941,0.0432950026518402,0.0445372822392147,0.0343774448460051,0.0462166456821306,0.0467972006228314,0.050422259037364,0.0431184457517544,0.0511757020074383,0.0523565733067847,0.0447473357185756,0.0435440397666465,0.0409127824181452,0.0428226649307633,0.0514586843042945,0.0381667225213068,0.0446288096979402,0.0443210965834587,0.0441720820681516,0.0475586680839862,0.0472438010887709,0.0432492394894907,0.04210049530773,0.0503240920298144,0.0474969134636969,0.0500545871915842,0.0467298772081422,0.0403227022847001,0.0495003055163534,0.0469242756029308,0.05064782703038,0.0430510954885856,0.0425110353658701,0.0478338389754861,0.0437648088711448,0.0485418724128395,0.0444551533539808,0.0392835761586777,0.0458662133596902,0.0422229139232528,0.0457035661741419,0.0487873118505057,0.0433507425147597,0.0488155955022482,0.0462015091869399,0.0450674083185142,0.0477250224958613,0.0440018019076398,0.0439155846151674,0.0500230478137375,0.0469096460027165,0.0409901851532885,0.046173761723516,0.0429681184132975,0.0457678215682935,0.0501932967254015,0.0405601821420188,0.0475761120247636,0.0427655087280312,0.0415327950762437,0.0452266029346682,0.040120852600649,0.0479664697198382,0.0500537526694271,0.0489860791601696,0.0434588872509427,0.0489471580287748,0.0463661980419454,0.0456922970848186,0.0457715612892867,0.047636812956326,0.0474201747136241,0.0494549188761967,0.0451352496819798,0.0402099879204701,0.0465448886213022,0.0523148169485022,0.0463387538933476,0.0421046958476595,0.047361849768053,0.0390216844936182,0.0414384933750331,0.0467221685223581,0.0439567941053951,0.0479828904948859,0.0481840554570472,0.0284763215641849,0.0461800172964303,0.044508446851823,0.0464875075493101,0.0424133641083334,0.0476960146862217,0.0443601483770867,0.0479134366134761,0.047259511664183,0.0477472112272031,0.0497447275171387,0.0443176124849469,0.040523628643127,0.0483569918105698,0.0442131757896915,0.0499998623882906,0.0432538941152771,0.0444317258002386,0.0463884801193924,0.046393496451489
782.784739270879,0.0378306895169067,0.0355678041204742,0.0365594064977862,0.0391274104561625,0.0419569240667108,0.0306425803161518,0.0486158896760482,0.0427678220224456,0.0468550668120295,0.0332116459176207,0.0403092909740795,0.036714360745175,0.0400278229761417,0.0291778813535329,0.0334985869594077,0.0347974424881542,0.0252255141954161,0.0392267518323174,0.0444135397869953,0.0417229957206252,0.0356829292230191,0.0304721334743707,0.0414530015564478,0.0315678795153746,0.0367918058723728,0.0339228423506938,0.0337948926206391,0.0395935503375899,0.0331856238154015,0.0361638686012299,0.036442487675265,0.0433628901297517,0.0338760952340526,0.0439148405872271,0.039367011622452,0.0330663747444624,0.036811502987096,0.0384546598841211,0.0302956913297664,0.037292334802767,0.0438397977080192,0.0362747775780363,0.0400092488616474,0.0326348572846239,0.0380413335417277,0.0337433087322747,0.036260128621475,0.0401464956798928,0.0424607039486913,0.0351021325245325,0.0372891093600259,0.0361886433146681,0.0388019970054696,0.0366577431636209,0.0338361391504775,0.037723841863379,0.0324315826794291,0.0381872238867218,0.0345611032717047,0.03359087326674,0.0396092533529125,0.0388719782383704,0.0362041670993527,0.0340851861613713,0.0390011258582002,0.0355839977319304,0.0336360486409595,0.0316448663382291,0.0357512086254409,0.0369827639291293,0.0376457758492491,0.0379047117505072,0.040657429890468,0.0405142953142028,0.0351078789675937,0.0411915366185815,0.0374834876360771,0.0378126893980117,0.0314296517008275,0.0335121942897263,0.0368741826688447,0.0400553759622165,0.0371968160290373,0.0361945650366031,0.0402858830874805,0.0350549533290612,0.0368934063759861,0.0303742049959197,0.0405808243778158,0.039273818040127,0.0362923916296638,0.0318764308839137,0.0371014618860733,0.0375590468900914,0.043702892545366,0.0386918845804957,0.0414973213894437,0.0355038058205877,0.0391550579462018,0.0328998558557449,0.0253962489611629,0.0242931432975019,0.0304273268385621,0.0377466177350086,0.0508062808321585,0.030344918835872,0.0324373134200022,0.0374993539992905,0.0339893474631319,0.0296914514385577,0.0329301245621232,0.0386140150853153,0.038198198953284,0.0373211316662332,0.0369588224988837
786.042188506305,0.0375477694627197,0.0417012443218557,0.0400487564591083,0.0404046187793213,0.037897612630237,0.04102461107571,0.0371835376371024,0.0408376613263071,0.0422153156443495,0.0356010422238257,0.0351499059005912,0.0390942923598312,0.0380814147631698,0.0369593151302607,0.0386101415192522,0.0398164787942634,0.0420274928571238,0.0415684874628312,0.0467815940830543,0.0381413493110887,0.0353488107039111,0.0461399519688387,0.0459363013501116,0.0338958085246599,0.0482604274544388,0.0379825333141605,0.0453565133298033,0.0425025861028789,0.0361237638561496,0.0406853670477511,0.0361017060499482,0.0377669686812369,0.033549483516792,0.0403178983874329,0.0368579107759045,0.0396906090188534,0.0375739829636861,0.0413503930943555,0.0463399560258457,0.0364397875138476,0.0396832140403534,0.0316410486076588,0.0343160260305199,0.0420646147995538,0.0436359238951884,0.0416269215955808,0.0391979501481342,0.0403682789921151,0.0366812377609224,0.0364296514893965,0.039669281436003,0.0369579692425601,0.0357892748661669,0.0314494972717107,0.0411901212272069,0.0427942483483062,0.0390840196948872,0.0351530764143805,0.0428959309044285,0.0441231568890562,0.038755358738841,0.0401902310785273,0.0359039242307671,0.0391921071594933,0.0419556963830489,0.0390747313397999,0.0322414739406701,0.0351096537668828,0.0403686435115148,0.0393163465889,0.0438832462673469,0.0446614129098383,0.0355387448040859,0.0434850991443993,0.0380295406335357,0.0419347493078831,0.0409222100953562,0.0434840127466469,0.0392408820706682,0.0359597314509522,0.0387126206491218,0.0419246669349753,0.0401565179917498,0.0380468944931994,0.0427042201933801,0.0497846037540872,0.0398211175527014,0.0405208306386544,0.033785141247241,0.0378934996483194,0.04737886635426,0.0445077712492311,0.0400989506286918,0.0399246237688837,0.0450536367740504,0.0499291991103455,0.04065108745137,0.0493759226635092,0.0377758742624374,0.0336980831858983,0.0372235171458665,0.043815537264806,0.0371626457016746,0.0428799561346113,0.0332223641734926,0.0469228412417335,0.0416344516293834,0.0453535929725401,0.0396392236630775,0.0447216917529549,0.0413081603376979,0.0416029888785936,0.0411802805553366,0.0409069904062945,0.0382910056877865
789.297254743676,0.0340232803155345,0.0376691477442204,0.0299893810996942,0.0278836294856872,0.0348977944404036,0.0289876316148091,0.0305118593236945,0.0270676965641806,0.0381013372282899,0.0336504567907773,0.036452426385735,0.037695035193928,0.0301630935196663,0.0317686028956981,0.0334104943479793,0.0374047473040414,0.0251732985566889,0.0380672857683485,0.0371771111209254,0.0399677084512334,0.0350003474708934,0.0308723073381486,0.0296003192022826,0.0356801808668614,0.0264972966443344,0.0398373822193042,0.0337221879126864,0.0303921375335877,0.0303841365998963,0.0311922571888584,0.0281856263474288,0.0289979574337427,0.0321327394032357,0.0328882196155817,0.0359725696708507,0.0329440054083399,0.037785774129208,0.0318860947158036,0.0280470306125576,0.0333954310314708,0.0229118493346775,0.0356171158877584,0.0377285374711583,0.0314474279520552,0.034180274361361,0.0380010953825219,0.0203893119676191,0.0324529893056963,0.0357979305552585,0.0399140587582722,0.0286761251959084,0.0340045824556371,0.0333018035902423,0.0338399912283089,0.0354004593717127,0.0381516550047468,0.0355307344448814,0.0261451352287416,0.0284872206185784,0.0237234111889141,0.0378869134309055,0.0350182020174579,0.0350490584149522,0.0366958380599883,0.0274660579007796,0.0308886664010709,0.034108853138856,0.0374783640715529,0.0290763774412379,0.0331619369658076,0.0342879563756589,0.0372856088795837,0.0352343522242697,0.0317102685028102,0.0334118652385415,0.0341500903255622,0.0325466937251555,0.0350319828861718,0.0324392728201787,0.0334163682491249,0.0362241858041204,0.0351826051039271,0.0316434279871482,0.0361412761417443,0.0266369988522175,0.0350760717880499,0.0362713930844091,0.0386652398824563,0.0253500122399568,0.0300275935596986,0.0302889332394675,0.0377182425260636,0.0397926305070593,0.0305386953012552,0.0394813918997544,0.0414706434406966,0.0309876768739878,0.0370723758113805,0.0298710712013275,0.0366556383856072,0.0369211612013467,0.0281190870528421,0.034189449512103,0.0382248130524664,0.0411378791895756,0.0407565051465437,0.0363851800813876,0.0335857465747139,0.0290326853704365,0.0378357309663389,0.032335502116699,0.0298362538249143,0.0294871329975325,0.041724234179857,0.0347570350133196
792.549940426439,0.0514596498277835,0.048582079431623,0.0491489467050032,0.0476873010238743,0.0490731210065234,0.0526759442363163,0.0466405251669728,0.0492941506192555,0.0442425772185858,0.0489864526177691,0.0409787114656639,0.0475744801151571,0.0460596502941508,0.051938281469284,0.0417440718442764,0.0408052082111878,0.0499562288636661,0.0546852620577108,0.0574502765996506,0.0493713749410763,0.0475659391651694,0.0518427455530466,0.0479237775519031,0.0369211385961631,0.0572243012195106,0.0438670630291794,0.0484887382872089,0.048812633008513,0.0489947019015331,0.0432240994741732,0.0494181000739064,0.0491688251831308,0.0371561079258324,0.0532609346296749,0.0470896699022099,0.0475539542418588,0.0460239362738555,0.0454884899334972,0.0446064420488797,0.0461198446744904,0.0433785447381438,0.0525152070111336,0.0534658061290008,0.0457216287946956,0.0451159742254323,0.0485921086695268,0.0520921593536503,0.0483486395987991,0.0463588911346796,0.0412122959241884,0.0481264783717527,0.0543453747200379,0.0513066814231838,0.0525309076569044,0.044366976315863,0.0491197402197135,0.0475184587165089,0.0539625480830146,0.0492400981405819,0.0521257920997072,0.0516308539968748,0.0487200228320969,0.0509159738633222,0.0455687718681671,0.0510891105322894,0.0481330919856692,0.0523447095559049,0.0528105613563009,0.0484631805824245,0.0460588190136205,0.0448600509584814,0.0489005633279721,0.0424269622537555,0.0472004552501991,0.0459795447207913,0.0391212757265508,0.0493653356349379,0.0515265331208737,0.0456283808322606,0.0502099720743882,0.0418078350004986,0.0456200313824728,0.0443958466213543,0.049729549927579,0.0507565525263717,0.0518411671869607,0.0472493732286819,0.0446140357430023,0.0510241235847292,0.0453351908577733,0.0494701315536989,0.0465468015098149,0.0438574335925381,0.0446125058224028,0.0418671886147459,0.0531980709738309,0.0515689207171586,0.0416505598402252,0.0485373611063317,0.0450336910629904,0.0481684106228081,0.0536625256802196,0.046282229004172,0.0487591910931986,0.0566389206921382,0.0483105979132075,0.0422225215983483,0.0517596717823868,0.0503548447924508,0.0490037941112302,0.0493526617757204,0.0535430562841173,0.0547017143730903,0.0524410573484481,0.047380954364109
795.80024799466,0.0457550835475172,0.0530696141971456,0.0498878293697567,0.0494518923383722,0.0455068124525506,0.0486112089176847,0.0383485563154405,0.0564562021838802,0.0465857569284068,0.0464662515802182,0.0541260573164099,0.0482972645776807,0.0543598629690522,0.0531972841402062,0.0468116450166806,0.0553151385404516,0.0469572030255807,0.0543340349395715,0.0543375703742175,0.0473724334172966,0.0428798014424098,0.0504079621724612,0.0528965217338508,0.0445004901597303,0.0573986463843184,0.051166608817998,0.0405987294379466,0.0506062796285171,0.0524305179183683,0.0590113369707433,0.0441736590788476,0.0498472592411186,0.0529226547665508,0.0501656959466356,0.056007161846612,0.0482590818719944,0.0504953585832827,0.0435105426034487,0.0480760938059263,0.0582855150162542,0.0550655802169447,0.046221809005387,0.0525581110514957,0.0529433487676145,0.0528155409432257,0.0504107986604511,0.0506397095081331,0.0512341068098999,0.047629057252726,0.0506396224421197,0.0456541907791983,0.0508336117450858,0.0531080292253574,0.0570670483590651,0.0637134067709382,0.0492975190435711,0.0460824210676174,0.0460096715018279,0.0483320604594994,0.0452571658883457,0.0480250765011311,0.0451386586920211,0.0457130035593506,0.0452126092802881,0.0507321561598208,0.0558214380982021,0.0525449569284644,0.0502838187620914,0.0481038641763867,0.0483496018551058,0.0494178604333668,0.0556143381403579,0.046386455045918,0.0539468037821117,0.0493957098889561,0.0525917451377651,0.0527609737245491,0.0571538400114577,0.0523151146793381,0.0504020125491773,0.0452212132006584,0.0517448434168281,0.0549515793000825,0.0606297095909726,0.0509582327221739,0.0536220065821132,0.0544431545836747,0.0437731203123084,0.0485184883498382,0.0455294328335394,0.0431830844262976,0.0499703104478292,0.0468115157447381,0.0512031154514649,0.0580572352988411,0.0509273093302614,0.0457280092791608,0.0543901650139121,0.0585080640869805,0.0512233369263259,0.0467356494926839,0.0472877794035656,0.0502824944348288,0.0473333896000771,0.0525831269599269,0.0601139453909768,0.0552611913012722,0.0535797388596486,0.0543380668263309,0.0519443321035678,0.0522699432375191,0.0575807232898124,0.05546777241873,0.047721508446609,0.0567562352677695
799.048179885027,0.0550955573574326,0.0468577788026035,0.0516951737416578,0.0549135422667303,0.0494466428165911,0.0455989398792434,0.0496737783590303,0.0555412876270623,0.0629680762448992,0.0536636857702261,0.0494485836961105,0.0506190679153434,0.0496481137710464,0.0506627572229731,0.0502391070791799,0.060275888012035,0.0540899487972567,0.0550281802176083,0.0506664401446084,0.0589162659380036,0.0543400755887543,0.0580223206659427,0.0519869642494896,0.0525954317056188,0.0532727612158941,0.0611887320355693,0.0526407645904408,0.0572086541892955,0.0504376407562423,0.0516302908790672,0.0486361083957554,0.0547231974678392,0.0536150250761251,0.0557830722627604,0.0523466534217621,0.0516217588405265,0.0469117259227012,0.0549377884373758,0.0498968953329376,0.049755117889981,0.055781761605672,0.0528507245781174,0.0494905286522809,0.0509470285571743,0.0497612295679442,0.0533098748344875,0.05406253866425,0.0562712386266391,0.0477935271398659,0.0529949642346143,0.0522517090326114,0.0557835933491363,0.0554350610583413,0.0545185503160345,0.0589755743663802,0.0489223106643987,0.0537510354935674,0.0580879019917058,0.0506569856048831,0.05518888370803,0.0514477141784407,0.051796883747212,0.0529130472682476,0.0432163942748976,0.0411015398596785,0.0555441667182694,0.0527310068600771,0.0531503988891059,0.0586922650030718,0.0448008172795504,0.0479615279548888,0.0547120645416765,0.0417478395673547,0.050858271819611,0.051185368309015,0.0559385217334942,0.0550698364580744,0.0519140433882278,0.0503368996289061,0.053344235161325,0.0534724909792993,0.047646811619415,0.0523980432852177,0.0517292691148546,0.0522321946887622,0.0657125676787156,0.0535441575308769,0.0549066575648989,0.0492486430062252,0.055955389010147,0.0525876236121813,0.0506842091908734,0.0519442177632729,0.0535116747904187,0.0492550893487896,0.0693607642948942,0.0525267819357868,0.0529451587364773,0.0505596791342426,0.0481591698783301,0.0596061761920795,0.0662014403933205,0.0548075529180903,0.0551244369996312,0.0561131602903791,0.0543826994531117,0.0582943979914625,0.0483052457725048,0.048562147043035,0.0526803802872369,0.055173111053737,0.0550526401063415,0.050246670229858,0.0589604664065097,0.0521015256621619
802.293738530839,0.041295381864301,0.0454403868539906,0.0372475686439429,0.0529393184526932,0.0394054158673662,0.0457730154882441,0.0498430132793181,0.0562242756757046,0.0393380146538998,0.0403019129659088,0.047995314290897,0.0421711734032978,0.0465470921671704,0.0427151703937724,0.0411882927261147,0.0440339163527146,0.0366449834826847,0.0514694820970849,0.0431760012120434,0.048754320458702,0.0415460988767463,0.0432317382724729,0.0387938780394399,0.0463840478671322,0.0394891835508335,0.0471089854491197,0.0350183057147654,0.0471844638183101,0.0500549353051847,0.0415432074061216,0.040123299279305,0.0469507040741275,0.0456877358635071,0.0401145076246834,0.0361082981462434,0.0458882836072216,0.0417058718896557,0.0502482069382718,0.0457106063618324,0.0368564791231773,0.0416924097809634,0.0379054674146623,0.0394348939167942,0.0418985090310616,0.0418600954597594,0.0403211796181413,0.0444321551360189,0.0358442180191564,0.0457611210677246,0.0428494579411767,0.0444077702517558,0.0442976661581454,0.0383209614669231,0.0437978742328008,0.0410946829301413,0.0415286772056744,0.0442414580847492,0.0430642762977964,0.0416034743809321,0.0417828624852693,0.038062656240177,0.0417118659897341,0.0439024438324544,0.0390382067912432,0.0456184001794058,0.0526024525569482,0.0452576195507877,0.0451880378548979,0.0385727962785649,0.0370014082405627,0.0410366549978356,0.0407638685591912,0.0456796861486293,0.0379350086423175,0.0427488218752561,0.0475654836485994,0.0471740884640538,0.0412336547365779,0.0413159172271269,0.0463200200415754,0.0493112788823692,0.0440722076300841,0.0471024716552442,0.0385366955609947,0.0388240130197199,0.0519789798513352,0.0440139361310385,0.0535173090588821,0.0364237442174812,0.0426402119351697,0.0441062499811905,0.0459933516640419,0.0384241173157999,0.0478038154763925,0.0367193028893188,0.0422017335332885,0.0406059935739363,0.0422209417578338,0.0518207029412068,0.0418198793737535,0.0432766845093004,0.0399957119043755,0.0388531977973683,0.0428106372396942,0.0352010075602206,0.0491124744222347,0.0457716634720356,0.0381149662735533,0.0427725097879085,0.0358810946945201,0.0423514196289737,0.0410452361646795,0.0455542826596426,0.0442984309232071,0.0495892082922619
805.536926362046,0.0430783649908907,0.0397350890420133,0.0341545811433845,0.0366374645421664,0.036333439086234,0.0368646301885693,0.0383258301573124,0.0488306014547101,0.0351525577726946,0.0371987324461047,0.0346543830611103,0.0369359233467112,0.0358501607091217,0.0347536029393157,0.038084481774424,0.037842430296789,0.0432159255304207,0.0463072696414278,0.0394755071137906,0.0347822471934988,0.034125277323985,0.0321593661513347,0.0447908418603555,0.0422766140153733,0.0385500222146424,0.0368470007883732,0.0416409388798712,0.035538666595615,0.0399123134952456,0.045981467006967,0.0321367479500985,0.0349529691343541,0.0431254128710961,0.0402494528788052,0.0384278450108169,0.0380042529353279,0.0348779427799868,0.0380302114703446,0.043144554187197,0.035917412262323,0.047311098320878,0.0407338985982092,0.0459964250693121,0.0409578094906355,0.0339452104057097,0.039907822695763,0.029898094309383,0.0419361776732516,0.0398949965225484,0.0419192813858831,0.0408247759140774,0.0407440306048677,0.0357636707686537,0.0368697764515505,0.0357823540740696,0.0448971201005159,0.037400171489285,0.0383203705899,0.0422772335040795,0.0364989446163486,0.0333315029486562,0.0413270636953349,0.038657018917905,0.0321361275138365,0.0403172185380714,0.0353342095411494,0.0350398362884872,0.041537797191858,0.0431038785503008,0.0313067068519359,0.0433706628608028,0.0382049890805233,0.0313564743279596,0.0430023061584112,0.0396734356533217,0.0503526242961355,0.0387282086630293,0.0435624450884375,0.0366065618688207,0.0354114509390908,0.0413629870055947,0.036185419161903,0.0385193754565679,0.0408385980622567,0.0411564604114311,0.0495878283708538,0.0468576378178546,0.0354354343539029,0.0355012408076881,0.0395570402307208,0.0334447844397874,0.0412884742801787,0.0451734981553685,0.0367471947299194,0.0310792256491173,0.0336754352241581,0.0330727121697872,0.0369334309725324,0.037875773055352,0.0414451758266296,0.0351933356410141,0.0401788106722633,0.0336568068780289,0.0337410124622854,0.0359890882187641,0.053774718859629,0.0426709564588688,0.0300895782416148,0.035345085794358,0.0354938187580175,0.0354752087366544,0.0434030586890696,0.0392188488157201,0.0334779330817283,0.0341253439012919
808.777745805219,0.0410828220310724,0.0479070173581314,0.0499954117476175,0.0388771967402454,0.0402308578577109,0.0370106438941779,0.0411205255319454,0.0392727462381085,0.0347368688477081,0.0384070249463159,0.0466662491229189,0.0456689950470905,0.0348878810011289,0.0418952003939793,0.0506823020343151,0.0406421448462535,0.0358893333467909,0.0390118546263303,0.0428261544649666,0.0424877063949666,0.0412352648926888,0.044530865937153,0.0401049175276618,0.0355090412124727,0.0456335724309384,0.0446363759418005,0.0342331142411682,0.0453144933153453,0.0487062287074093,0.0396368316886257,0.0403381805952705,0.0413670489872699,0.0443146058281385,0.0518246076218138,0.0445570009879438,0.0423949751767379,0.0350049966249254,0.0402913728863293,0.040564491363402,0.0469380636069291,0.0452463665891605,0.0424708200527744,0.042351319089409,0.045959375908807,0.0453484150322511,0.0411226582411523,0.0408848421782951,0.046931306258213,0.0514761784314448,0.0447755721919148,0.0361593691889701,0.0430038666525158,0.0348117911677666,0.0391728589765741,0.0424916776089717,0.0401698330274149,0.0412731262974469,0.0362716890964811,0.044560883640316,0.0344555981890157,0.0394213269071403,0.0474046625823817,0.0463549296874192,0.0425666768087323,0.0437170643073132,0.0546293756063263,0.0362763733769859,0.038955340135508,0.0399476608463685,0.0425456233491401,0.0440546052448198,0.0356325279392858,0.0540392160125999,0.0458734412229953,0.0451842964666732,0.0435486075241427,0.0388503169339393,0.0399083005122065,0.0421564387449021,0.0405231730956178,0.0404093384237769,0.0444042263069777,0.0397441644464627,0.0447311190460556,0.03695597971692,0.0466666610865205,0.0356845061907808,0.0428802238913945,0.0394398949736651,0.0445490013001464,0.0341427382932648,0.0408821939649714,0.0387523614493475,0.0352800025679631,0.0493417287123396,0.0474076328620307,0.0458818543320437,0.0414429942122403,0.0434493134556551,0.0410566638656646,0.0419643877530329,0.0452984643525167,0.0435270999938368,0.0420336223355842,0.0503347994019901,0.0470591398872361,0.0439968618809819,0.0405689068178238,0.0381909096871628,0.035640172894467,0.0421291838855574,0.040833475900972,0.0453579186955544,0.0430226515181103,0.0434452844700637
812.016199283575,0.040687183886045,0.0464486860219779,0.0452508442812228,0.0400432450913333,0.0435772518213445,0.0430106078866424,0.0343513911308428,0.0474377729440319,0.0451178123844223,0.0439269394008886,0.0446318863448663,0.0334150580130792,0.0442019742965103,0.0387651461051794,0.0405058934957871,0.0391903907456826,0.0435010342386457,0.0454784660619407,0.0450754973107767,0.0458410479908826,0.0424064705998701,0.0478259260731412,0.0487414113972568,0.0456677523703715,0.0494890004536401,0.0463898807884584,0.0440624486880738,0.0475742601343817,0.0428675634667762,0.041356110991273,0.0420454555856953,0.0477676965459638,0.0503311893739624,0.0377508178953599,0.0490335297730953,0.0360871777889389,0.0436953509214707,0.0468332721549802,0.0423289529682634,0.0339977093156492,0.0437158431610972,0.0371872687068926,0.0354739479754057,0.0422849002341781,0.0411653975107605,0.0445131986379512,0.039362118711796,0.0389169821590716,0.0444910193630293,0.0508755769035693,0.0437704448690877,0.0463096566437638,0.0360051141896741,0.0430934357114184,0.0382465955105819,0.0386617331125017,0.0360141351081474,0.0428777320766757,0.0419605504727936,0.0427042782099025,0.0487480157607283,0.0383584276909695,0.0437813510931494,0.0399743998942327,0.0422012294226967,0.045285573540067,0.0396836967701528,0.0423075333345839,0.0439030330257599,0.0394719697555879,0.0419977189233434,0.0363046418456885,0.0396892163473166,0.0427294216677889,0.0426193541926009,0.0479050669428951,0.0373498781724743,0.0465504476167186,0.0439080545364808,0.0483856704251052,0.046450475686864,0.0397142356101843,0.0480488049947172,0.0454014797181553,0.0376312014814046,0.0380536304070817,0.0444258376480304,0.0378025518998918,0.0395735371459087,0.0387423605326295,0.041867658987744,0.0415403065007205,0.0416370150887363,0.041268376472576,0.0516474491853122,0.042998820072083,0.046023689595995,0.0372188058104768,0.0414131323141307,0.045546023881861,0.0558805238742184,0.0454537075954213,0.0388427114407564,0.0405387693095484,0.045124428152179,0.0493291853978807,0.0408685287820072,0.047766856638741,0.0393992322893382,0.0456284060798086,0.0406433043441965,0.0475318171243187,0.047139351345008,0.0393348719520582,0.0430484141548752
815.25228921698,0.0316728549455274,0.0209351110631453,0.0302068903457974,0.0353644370871511,0.0334803638955457,0.0303267664361019,0.0376498254398352,0.035701945478963,0.0344050638959294,0.0261849445127569,0.0388060200015137,0.0335164072734518,0.0302149081229755,0.0259034833934709,0.0243547951896895,0.0361358775735922,0.0356135068866831,0.0264993835928197,0.0348100478813707,0.0339966699074877,0.0338682973558842,0.0313822426872543,0.0338925609082375,0.0346390438528591,0.0351151423536609,0.0300639757589406,0.035009770732246,0.0369592538556908,0.0299766249964014,0.0285234523691928,0.035098500829279,0.032571020329236,0.0326684864738158,0.0312995174899004,0.0338317044440621,0.0292320477431255,0.0293217806616407,0.0340383261887485,0.0364525227498157,0.0330173672318926,0.0251890530065557,0.0270394305495355,0.0269738946420696,0.0239788664883566,0.0310621538832632,0.0259955539637722,0.030219698203427,0.0346795246919869,0.0314899331219894,0.0319886032582159,0.034803246172911,0.0337098577327236,0.0344869581007036,0.0285093744210761,0.0279707291300117,0.0376789730604183,0.032887475221412,0.0353847385727198,0.0355587157836933,0.0259885928040063,0.0293494654498398,0.0357748801814168,0.0303965497272738,0.0330324696546233,0.0346805130130254,0.0258565249551372,0.0387087667713611,0.0337498782126278,0.0292093691857134,0.0300298746859908,0.0312001512815871,0.0358774613270018,0.0306911777860137,0.0302968503136754,0.0352036974815644,0.0336251510327882,0.0320816317931262,0.0379851409522726,0.0240191694018561,0.0379887813612688,0.0336107502528758,0.0317871047569527,0.0323321873585325,0.0321544398942056,0.0241681405740449,0.0320081002743965,0.0256858837730347,0.0311482381175704,0.035360667437417,0.0313045782052338,0.0225004855571031,0.0297864953361391,0.037929832079262,0.0365734077406194,0.0390594542709006,0.0344336382235602,0.0351488571831144,0.0291662664961895,0.026884279781553,0.0353472669163629,0.0279316783020697,0.032393761835,0.0346838239999052,0.0352295644937925,0.047500636130308,0.0421159502996981,0.0349512949651998,0.0266293855927339,0.0248936897644709,0.0358917558248957,0.0386022798835665,0.0296481758734345,0.0375045915348859,0.0345320026506384,0.0323958033925347
818.486018021954,0.0296370062401543,0.025861380727653,0.0308490262350779,0.0375644262755335,0.0260558485308126,0.0384332833223596,0.0255484020362709,0.0395393663052322,0.0290840830024182,0.0295153368064982,0.0378242315062114,0.0352176586400108,0.0313786854633617,0.034084245420609,0.0304087501801177,0.0272410525765953,0.0341206555248238,0.0297599935323947,0.0392053049985472,0.0335268118195884,0.0333972404567678,0.0346510104282385,0.0387677977728922,0.0283616495501751,0.0298359574160696,0.0279577989604735,0.0307953793185087,0.0343691684313757,0.0257353080867881,0.0296782294939363,0.0275982843898374,0.031575077822557,0.0365072612912013,0.031379987163844,0.0360958994800628,0.03999474726594,0.0294084286690905,0.0319656041217679,0.0240249495228469,0.0336563271933978,0.0291100405625538,0.0314317933384932,0.0286538339949853,0.0289410910077824,0.0279266262534272,0.0277169343059179,0.0362759841319521,0.0266382307863199,0.0288429680757872,0.0272036499888404,0.0354410692099483,0.0311618830889952,0.0248609955411656,0.0351215419774342,0.0286228499220092,0.0345277062064551,0.0318932893674249,0.0316709223000787,0.038884727151778,0.029870982534769,0.0364825834573386,0.0250833618078418,0.0310352890241584,0.0271616735586792,0.0374952855594532,0.0334495191595378,0.0355361259757652,0.021934473430008,0.0227237932750766,0.0375218303544611,0.0236620499844762,0.0256631034062449,0.026508726466925,0.0233068320330041,0.0374497072498301,0.0390194358123338,0.029481940364006,0.0326621527463725,0.0370984367151587,0.0364248936082384,0.0374695165185901,0.0410406114730658,0.0302433444835988,0.0365415328475372,0.0318789048193059,0.0316274305699509,0.0311693915264301,0.0265659813399006,0.0273430771525031,0.0308638561462536,0.0269493806327112,0.03580818784763,0.0369503422724628,0.0227957504387093,0.0227385539310545,0.0356967301033717,0.0319631025127367,0.0385416253724794,0.0313317671720967,0.0387227335447428,0.0269525610880195,0.0314216206260139,0.0375134528385487,0.0293641355282113,0.0276068122069576,0.0382058405386415,0.0317959349748683,0.0294436307015447,0.0320313080594614,0.0327120681309762,0.0343809915575303,0.0308601812746192,0.0376298925779521,0.0302665438856111,0.0335896452787492
821.717388111677,0.0442606956926723,0.047871042478452,0.0493428454436207,0.043992626452874,0.0422540023428192,0.0470598687500183,0.0484518326408019,0.0417506972643767,0.041586895299277,0.0371577954548435,0.0411469519389964,0.0508878238621281,0.0482350309196293,0.0492703752759917,0.0434942802793791,0.0437591010230242,0.0545084583206706,0.053670942606801,0.0495653180279478,0.0498545006210637,0.053921704028521,0.0517680330913902,0.0329607394067155,0.0501275028862219,0.0422237616108655,0.0384291771888274,0.0427404005439262,0.0424835776191019,0.044762626371183,0.0426666833284957,0.0411471319687917,0.0468857737803593,0.0440981314334753,0.0439921137669518,0.0388928680096835,0.0454020103939662,0.0423472694768603,0.0459829140477226,0.0431822554083406,0.0435343152167188,0.0395918290741771,0.0438963903362098,0.0448057450427598,0.0468846682164245,0.0446467564239948,0.0513195864961665,0.0412323712292672,0.0510730286406636,0.0392785863022066,0.0408640615876062,0.0382031583987849,0.0413145749183779,0.0422044437477117,0.0390008917259913,0.0423913162201413,0.0469884319951794,0.040541143039522,0.0506980164979153,0.0486917227474567,0.0429610247178445,0.0484782014844805,0.0483774390766379,0.0467774840474599,0.0413344017593727,0.0495563484708759,0.0537519602102102,0.045456691279207,0.0430914858402558,0.048014812005112,0.286498578557821,0.0455653730097276,0.0414998339018634,0.0496755620099207,0.0468566941339556,0.0488200419192325,0.0428045015940713,0.0467141976715316,0.0392638020779826,0.0436764895316867,0.0398238343373551,0.0461671825024622,0.0379230589388417,0.0456018726452302,0.0403807497123786,0.0417495140977007,0.0374279786571008,0.0479503596867044,0.0402138233319384,0.0485612346258258,0.0417343694936449,0.0487156010823505,0.0488243653479438,0.0408914876965264,0.0468836795153729,0.0494533861935687,0.0478241302825913,0.0463695342552614,0.0495392063339435,0.0411915790792829,0.0415414738964984,0.0325682875137856,0.0469379277045271,0.0430231577958779,0.0452054979215867,0.0484137303645961,0.0551209188538202,0.0497196613558131,0.0420486794666091,0.0429458993988675,0.0536106238143278,0.0545255660837623,0.0440703886312649,0.0431715852410283,0.0513239505002854,0.0460910119519384
824.946401895993,0.0362825884710539,0.0319350198054259,0.0385900747918398,0.0350337677077742,0.0385631170252811,0.0407371166167113,0.0342021363594291,0.0385737012190482,0.034077498548624,0.0410025639103072,0.0336623163994281,0.0439582354869571,0.0434153789388907,0.0379886530115843,0.0478959832638675,0.0380160381353792,0.0401736684002342,0.0425995818644043,0.0463239925736745,0.0358008662388296,0.0394193809302749,0.034219317016562,0.0426104796164212,0.0353549507497453,0.0363827208311357,0.0264420783132826,0.0433511738222486,0.0339724548763269,0.0367048438165846,0.0421805809955742,0.03524110240826,0.0390202630074754,0.0403810340077608,0.0380464895620375,0.0389453275232422,0.0449197099487222,0.0375831928054129,0.0385167458221592,0.0334519812533341,0.0387042310751626,0.0385561095259835,0.0310147617923844,0.0410951234950021,0.0350372380768319,0.0393373434984871,0.0327620022870467,0.0336798755896649,0.0413808757040202,0.0431530559949534,0.0376814482625851,0.0404179086774646,0.0334431502711136,0.0330923620855877,0.0390598815353386,0.0326237585319288,0.0330350046906379,0.0379120753221619,0.0355813951204992,0.0390037691184266,0.0332567736456291,0.0425836728571612,0.0344222221044119,0.034972520685326,0.0348959802577586,0.0332813255479773,0.0443558526287512,0.0389812664589741,0.0442278899614313,0.0393103919924555,0.0625293778371727,0.0390920896204685,0.0410336548052054,0.0374197745048609,0.036566847079933,0.0365279421418666,0.033806622493748,0.037652315175569,0.0436817037909315,0.0405093964195178,0.0376805991922866,0.0370625714465108,0.040703002458412,0.0402133969772482,0.0377897729102638,0.0396553270199429,0.0334076872626946,0.0485608533280515,0.0345638704348986,0.0416009461702996,0.0423461183074208,0.037974408362013,0.0408041200188371,0.0404340303329869,0.0357476291027251,0.0490513610981867,0.0392213864428011,0.0376561141766229,0.0409030322011006,0.0293355271738868,0.0351075741977858,0.0370695385294532,0.0360380060653871,0.0393644756706968,0.0409430377805995,0.0328368120071427,0.0355599174360554,0.0348815586248545,0.0344885878530947,0.041395477139082,0.0361685300298639,0.0410683868861641,0.0294232403591729,0.036754551238242,0.0310594247964632,0.0467198482693507
828.173061781417,0.029905114428159,0.0384253208289278,0.0305311715397142,0.0393158938296308,0.0305616601242972,0.0333344286049389,0.0294900142553583,0.0391457598753812,0.0254741205743593,0.0318585619260185,0.0310221967346461,0.028949015782672,0.035333444985097,0.0326328060735016,0.0316918610433245,0.0370273535350179,0.0338359743656501,0.0325749199065923,0.0392646106498883,0.0293261924057285,0.0335232900559114,0.0331847559836427,0.0362437397046932,0.0311570891177614,0.0283858100151503,0.0275802762633514,0.0353233168110983,0.0318790345211924,0.035672805173744,0.0287585418923864,0.0282421988246605,0.0300891687168241,0.0371891335254564,0.0364513556461241,0.0346147113004473,0.0374794570199614,0.0290538306857095,0.0321114386215117,0.0384181403842332,0.027874314006788,0.0287421885131273,0.0267446654874889,0.0303976083414424,0.037795718113847,0.0259603171864764,0.0295176119268486,0.0342637371821042,0.0257193726160396,0.0366468770320072,0.0247136653756854,0.0356732638789421,0.0319157989808665,0.0347605631459536,0.0325794342496783,0.0365198934321952,0.0346938618339447,0.0272245549778348,0.032370781735655,0.0276795676900732,0.0381845516643636,0.0410101991252492,0.0296285628148596,0.0339522435797588,0.030613252997157,0.0338783238605073,0.026465427500381,0.0374078584009998,0.0350772674405565,0.0316891812001219,0.0270853446662522,0.031515074160269,0.0362107516148788,0.032126061131751,0.0311744019994664,0.0381978718956552,0.0359699638668069,0.0264322622227873,0.0394043708931742,0.0286786615665809,0.0338656558464929,0.0354925402891793,0.0284256433777823,0.0309927814119357,0.0389293649509057,0.0277695374643517,0.0360851279141424,0.0313852451080502,0.0278590588914667,0.0330029508197249,0.038091783315001,0.0337193357036958,0.0327708921818401,0.0284515297675043,0.0336683775886862,0.0279101470464756,0.0425191329029557,0.0311305650108907,0.0278940516703294,0.0304880269762485,0.0281172419554037,0.0305442860735847,0.0405267074671075,0.0362318611169378,0.0350387958032611,0.0340755281072185,0.0453485684434888,0.0305766553036768,0.0269157813709237,0.0273801859772195,0.0313067340453582,0.0351829658795402,0.030050395328324,0.0324963419141433,0.0361180577999002,0.0338590746262564
831.397370171139,0.0418011001323239,0.0481085788934477,0.0441139173373839,0.0372237363146378,0.0451089524031445,0.0445889615239668,0.0374990529160741,0.042929541488797,0.0379380816148592,0.0394622600055346,0.0407827434253248,0.0332869131436471,0.048360274326367,0.0434609445655569,0.0393191382258058,0.0482091720869689,0.0376314921937754,0.0421413620585619,0.0457795500451633,0.0401917997387808,0.042159022264333,0.0396014123917486,0.0448006483095702,0.0470625190319737,0.0423424134534292,0.0407490430655421,0.041838034983881,0.037275233508657,0.0373351392347005,0.0460172740790618,0.0455331319906152,0.0437824266814758,0.0442041359691062,0.046842891450259,0.0433808029670346,0.0369722972596232,0.0430261256460274,0.0251568373122454,0.0433713264260153,0.0437000425940257,0.0419244672359807,0.0407884170665753,0.0427561606056755,0.035127560544009,0.0410312463517934,0.0388497351582278,0.0440706887727548,0.0387439738356354,0.0475890365964105,0.0415925975405758,0.0560303773363435,0.0425598062859216,0.0407334229966396,0.0511027420754774,0.0398565034973452,0.0395727817887679,0.0395891848320536,0.0361904798348374,0.0385306546997757,0.044726707141017,0.0410492594008276,0.0431708098958045,0.0345387869075974,0.0420379703501374,0.0469900969780214,0.0430190950118377,0.0358217231592008,0.0421363593750584,0.0487196931594585,0.037703890805677,0.0315617439905053,0.0444073333789168,0.0402327216722183,0.0421369147896968,0.0398552316298169,0.0391849798135818,0.040944456653941,0.0416257587312842,0.0460319165086646,0.0399901099571539,0.0441526264320182,0.0408517835380457,0.0463132432479607,0.0416605943980697,0.042490781729118,0.039782252449,0.0443581659859863,0.037821099022759,0.0438915363460328,0.0456883764439039,0.0489483230910822,0.0457481155707646,0.0471554564007598,0.03584455391592,0.0455534257426297,0.0426971332753973,0.0339451704851388,0.0344936550425951,0.0370532930172118,0.045571791217729,0.0300636449054807,0.0411520147638808,0.0422426221455003,0.0388958519384286,0.0434444257953829,0.0404454268580473,0.0406905361153014,0.0378487107791949,0.0415054832322996,0.0466908740814224,0.0460792742852879,0.0464979694632939,0.0417996207733305,0.0439178264687419,0.0447049718163323
834.619329465039,0.0251796137074171,0.0230521719046549,0.0252023508103467,0.029817732383584,0.0258008749162011,0.0211575945197227,0.0226809128314921,0.0327257066367697,0.0244446035497219,0.0221829582909495,0.0219257918445543,0.027394367088914,0.0218395550563847,0.0267418924438938,0.0268828061738555,0.0297143365909925,0.0285986199960165,0.0241436485753859,0.0392371278177929,0.0255571282904427,0.0200778317995437,0.0257470737696965,0.0250720707697899,0.0232538193738698,0.0321772388043121,0.0276276998850296,0.0343234748186614,0.021759258836707,0.025448805347009,0.0228780744529199,0.0266279365001347,0.029561957663633,0.0232378082178904,0.0234050554332078,0.0220909066067722,0.0214934925147633,0.0291108531600306,0.0240942804727131,0.0259749540306439,0.0197823878662235,0.0178415774971893,0.0208622256092319,0.0202312088008957,0.0259500620121083,0.0222592543880262,0.0262745584141735,0.0239838603444905,0.0219739889713931,0.0246873133115767,0.0253419258279033,0.0266803716394011,0.0235258460639799,0.0186322455142931,0.0250177229534101,0.0185634286674614,0.0282751625293393,0.027804029871898,0.0280790482115546,0.0196050418510426,0.0268477838517183,0.0318663389652497,0.0302573796335157,0.027554287827056,0.0241789409420495,0.0219620938856101,0.0145017256154079,0.0243932297011283,0.0216048225351305,0.0180526683805963,0.0303036864984975,0.0206867943353658,0.0232693938988103,0.0338412102808611,0.0296263867838601,0.0243004837862874,0.0195078075403144,0.0216540310870398,0.0280979399629837,0.0244438269506251,0.0245386545332919,0.018299423446429,0.0264001728419745,0.019607336859656,0.0251276052579134,0.026233539149916,0.0264322018993203,0.0271577104969567,0.0201462037020979,0.0179358014321346,0.0290060427663754,0.0213804123000854,0.03445500949717,0.0247318819757971,0.0326732750918974,0.0259825453451614,0.0174839281546784,0.0180416874430633,0.0192798288601278,0.029499072392149,0.0217074234680633,0.0235128840630616,0.0186619166940176,0.0326225464780685,0.0318804696627673,0.0267440925413763,0.0293748093059378,0.021928479109071,0.0226257225443761,0.0220514352488701,0.0215446746477663,0.0298753256045977,0.0214394111949045,0.0304569838964981,0.0269196443036329,0.0253502441473164
837.838942059678,0.0467315324388025,0.0503413220862013,0.0463390031629321,0.0473163632612032,0.0483804477918363,0.0403882074783869,0.0455212191471432,0.0450833261827951,0.0498558109553513,0.0394934414333809,0.0451541011825775,0.0446136691679017,0.0435066589049165,0.044023585193198,0.0491164794328038,0.0557027724388317,0.0451850780313294,0.046930772588088,0.0582264964120448,0.0434470881244172,0.0410786428903596,0.0481328449073557,0.0517408637111345,0.0423111265958467,0.0487877240036262,0.0478874064524945,0.0488991083327922,0.0512451965387387,0.0449534373382622,0.0422664043472151,0.0444341293966246,0.0469156120232741,0.0495913186118434,0.0424983022670171,0.0521347133355017,0.0455382497910215,0.0430581017546094,0.0482475071580702,0.041798601220103,0.0470121702218839,0.0403119488752354,0.0445836240416979,0.0486595115806562,0.0492458953533244,0.0432123297926559,0.0498128668209562,0.0435447597737314,0.0441786978917182,0.052519693514083,0.0438243697916631,0.0427377121729297,0.046328977039869,0.0499439225446058,0.0473221148307735,0.0503222636894068,0.0471378265446303,0.0471171255220392,0.0502938846197894,0.047748737071396,0.0425856224405667,0.0481324955856675,0.048092310729777,0.0507907051908775,0.0518411824258105,0.0453976477722959,0.0373920213655398,0.0582785159684776,0.0464836119854312,0.0498566604344993,0.0461935902732302,0.0392539981757297,0.0423013225603008,0.0429964149990212,0.0405637935371787,0.0393703955585678,0.0477064550968548,0.0468684456398532,0.0492862049762764,0.0477196908967595,0.04943654351996,0.0447247709809247,0.0516969267981152,0.0507265914907673,0.0438770073918273,0.0447325442074615,0.0466227775721103,0.0487235052449428,0.0394661222699818,0.0407157403604822,0.0457450749542457,0.0436250334763164,0.0420164172235368,0.0472482018120587,0.0449612498072363,0.0467908319853658,0.0564840281329138,0.046689180256861,0.0460210348039891,0.0392943805936454,0.0407673516499674,0.0422807012312673,0.0396140310596392,0.0466875990698117,0.0460296125606069,0.0398882494170428,0.0486014124871231,0.0464487529151181,0.0498736345188743,0.0496874101650944,0.051139430695237,0.0445390167986622,0.0460516076523598,0.048422465621668,0.0402021185340332,0.0394058107227636
841.056210348311,0.0499850111598361,0.0444938888180178,0.0495983868655187,0.048898508561431,0.0505345333347859,0.0500045573963165,0.0487180806355503,0.055278287380236,0.047688323058219,0.0470597145705392,0.051099213622433,0.0440739482251235,0.0527052888911217,0.0510349582817399,0.0496610900824474,0.047777139601798,0.0446714799533893,0.0516910848949109,0.0603542655082189,0.0483096826230074,0.0502165301147043,0.0550460123632143,0.0447899816758178,0.0465344638277432,0.0418124780675729,0.0582805215400284,0.053758514265783,0.0448144453012922,0.0411637788760947,0.0481808988208607,0.0481867286342208,0.0458317463145781,0.0522667042508497,0.0506705711208973,0.0439292446704566,0.0449948662115341,0.0494882475526032,0.0466238461869491,0.0537961366840472,0.0497380193978752,0.0507177219387582,0.0483496199969739,0.0497153024398957,0.0454585556346194,0.0464325209161875,0.0443284244850416,0.042991429625179,0.0501263469034839,0.0525107832204391,0.046007419687021,0.0555766942299287,0.0548168958785654,0.0477853726790174,0.0500353796269322,0.0486988648998002,0.0476690471877387,0.0546176322698941,0.0475756427898602,0.0488218585380207,0.0490901145348999,0.0497596305173014,0.047027079247793,0.0491801127968375,0.0469675727091052,0.0492126436075383,0.0454274001472593,0.0446408984814082,0.0448535559984645,0.0520507638368769,0.0440650279104841,0.0528998805873389,0.0423160593728811,0.0564317055048272,0.0465785499885891,0.0581906170346355,0.0466281400597062,0.0511529657669449,0.0574387396705986,0.048274852166059,0.0505472057117871,0.0414888255467611,0.0458177601523187,0.0474586710427514,0.0503144853553985,0.0469214074003389,0.0492502915657326,0.0498108242926746,0.0462648463989412,0.0439842817413839,0.0500690554255142,0.0404034430572341,0.0474091991981185,0.045083283197064,0.046033540960442,0.0404829959382929,0.0452318958850027,0.0461657466599994,0.0405935506210488,0.0523326370525937,0.0473143551451879,0.053326669350585,0.0495524011731668,0.0532006938302189,0.0460486251612785,0.0465060841939965,0.0498216883874867,0.0398731360193438,0.0515105719453561,0.0410372976866865,0.0527974553092229,0.0532311779538269,0.0455370196328694,0.0430274374073184,0.0435581216991669,0.055066438516259
844.271136720895,0.0306375607605804,0.0284833846355306,0.0295670313281194,0.030323138798501,0.0295773559514222,0.0260023073614463,0.0296187617034033,0.0278367800016523,0.0395629496980548,0.0308247459665142,0.0219506822040375,0.029539786667571,0.0283141312613404,0.0321192545981828,0.0290586991598763,0.0239478273861944,0.0270579701275703,0.0288876740305688,0.0309459017023136,0.0287570170619245,0.0340246906303473,0.0219630838461933,0.0244906016857926,0.0248074289054901,0.0321463303033692,0.0303402708381988,0.0197907415623321,0.0265820156598033,0.0303231675508965,0.0271597893083854,0.0346455477786365,0.0231518691905163,0.0199689514140383,0.0331953641858824,0.0302489706254165,0.0305487888685696,0.0269591415480432,0.0337161352741382,0.0200182206252432,0.0334026289494542,0.0227630904299694,0.0219191664875864,0.031445902624282,0.0367865743933669,0.0292350068631395,0.0300738713864388,0.0261270594248864,0.0251968599975114,0.0301173612108105,0.0297196144773716,0.0315333898498266,0.0262109031456599,0.0321236913845852,0.0260876704879646,0.0208050616035326,0.0212481940214823,0.0234863141948064,0.0248003078964677,0.0347302425138213,0.0176137601736482,0.0340392204328016,0.0227445558608244,0.0281214889927051,0.0220257416513078,0.0252371087034189,0.0359575085969693,0.0337216416348314,0.0291519742966926,0.0246351165757082,0.0318621288235272,0.0321700210730746,0.0249427541141035,0.0210323950748025,0.0280295195955288,0.0248622944376308,0.0205297249160571,0.0302169131226633,0.0270517848533402,0.0304348791503791,0.0273178823278407,0.0253031752373546,0.0264939289253834,0.0196251721261265,0.0337447884477513,0.0338867950605404,0.0296690974210325,0.0271882698948281,0.0342878318861987,0.0277415623953746,0.0263397668408127,0.024172006082784,0.0263758603360577,0.0302976507665601,0.0310887776143414,0.0331007306092615,0.0256811593266984,0.0230735051856714,0.0226185464795757,0.025751202825638,0.0315655033722918,0.025262364527254,0.0237243809224763,0.0279261835705084,0.022163710634137,0.0254265884082406,0.0268794286346525,0.0305099662531262,0.0286259865931025,0.0312925223133326,0.0352794539028813,0.0288642080290745,0.0264474124916203,0.0283894541238506,0.0265228896597511,0.0329798213542109
847.483723564093,0.045699158973839,0.0445168325877142,0.0522911495024107,0.0440748866757227,0.0472851765759393,0.0467962214109792,0.0455254587341827,0.0492939090907685,0.0443979225887429,0.0453953940801369,0.0392055717073496,0.0440334610138905,0.0445291888241283,0.0520637857987059,0.0496297505049284,0.0504290599543951,0.0425401427321979,0.0500485685325467,0.04826656863445,0.054202056984597,0.0393682067637069,0.0507105761468762,0.0601911070524768,0.0480642693333944,0.0481847592058903,0.0450880207003826,0.0483456783122207,0.0469213149245238,0.0460010112312147,0.050282077771813,0.0470151124032682,0.0494190672717123,0.0441351677052618,0.050070232280857,0.0531544148059195,0.046544197731232,0.0435501965044045,0.0438775792785398,0.0554174686903678,0.0415466038130653,0.0495796558323956,0.0488389191713764,0.047499357986045,0.0497598796861209,0.0453191035613905,0.0513858876488826,0.0510840351562986,0.05602869309194,0.0491822131459682,0.048165370823148,0.0464856711663696,0.051626469477145,0.0477497668351708,0.038565222258873,0.0476047722097725,0.0460012049299599,0.0449091748240611,0.0545638260010448,0.0482263293790188,0.0517567014621942,0.0502691243711293,0.0470195802962709,0.0459223542609129,0.0415214826022567,0.0404661151155362,0.0471498390109343,0.0457265505515813,0.0491277238829325,0.0536618244885432,0.0498345620237746,0.049064589327882,0.0531697806570458,0.0510759714095364,0.0460230525352746,0.0522585340699575,0.0460322063758437,0.0478862813613008,0.0444046242062858,0.0509711615565962,0.0416738385300212,0.0527712546144703,0.046918894656419,0.047434729387114,0.0519231621994169,0.0474599660160699,0.0565340098139077,0.0438709880481372,0.0421057124693745,0.0461522025691106,0.0522098967705919,0.0490883444658003,0.0479160607366705,0.0500365741347855,0.0433407409447297,0.0448396680307564,0.0537699480519449,0.0401313684367154,0.0460539807327688,0.0550419903474743,0.0456973080834979,0.0395880566541898,0.0369385333905073,0.0446487079509698,0.0476795949924478,0.0428776378393743,0.0432325626913597,0.0438922679754976,0.0449448098426152,0.0475234407447381,0.0500539132283773,0.0478256755518447,0.0526612575891755,0.0506617119788747,0.0430734628305992,0.0410694962766708
850.693973261278,0.0220252664682044,0.0220714914526512,0.0181604320035182,0.0196444382652738,0.0236177914001998,0.0302378035273134,0.0232190314061131,0.0196777790968759,0.0157089706888731,0.0183233070942759,0.0165096884857266,0.028399690507289,0.0157816776354615,0.0163874282155974,0.0230421488067678,0.0207487388497413,0.0168929605301913,0.0192735775793102,0.0258988185749514,0.0270331780449596,0.0209983263000002,0.0208029855933884,0.0206634294603229,0.0236673031326664,0.0272438696096649,0.0198603996715984,0.0240572827119789,0.0216984223688154,0.0194346162609456,0.0265454292731661,0.0161685753087725,0.0198719515946408,0.0188062011871206,0.022753272754654,0.019238914878396,0.0197868621928477,0.0161726992027457,0.0159169425040822,0.0221600282787495,0.0170232513019274,0.0210533194910566,0.0148389598179283,0.0233052347646171,0.0231976842928663,0.0211170949504804,0.0234231028610739,0.0293059097219894,0.0245772930409679,0.01857967735147,0.0199097301134552,0.0272277147030852,0.0251156893324787,0.0223509786088603,0.0162244282349052,0.0229699555276995,0.0249444832677395,0.0175091502832566,0.0198462374608651,0.0200407280956456,0.0262227519901318,0.0161060632515549,0.0232532659046407,0.0167414510257218,0.0203508474204376,0.0213688005523031,0.0222836442458952,0.0293224669421647,0.026913399123157,0.0196448766041929,0.0196018203810414,0.0206746222676774,0.0216548963810596,0.0172628715610157,0.0219941797960716,0.0199816679966231,0.0183141575632542,0.0194176600129248,0.0210477372941318,0.025537994366422,0.0178675435659887,0.0225463521134259,0.029720697099638,0.0233971962346472,0.0246343390634735,0.0224497317588166,0.014216288265169,0.0131461816041882,0.0207236838850439,0.0233860824100662,0.0219858540605261,0.0274174829067264,0.0123041000318069,0.0237149280754162,0.0225038904673947,0.0214910216940331,0.0165865600488122,0.0159151247001918,0.0117048182615479,0.0192127443936646,0.0244894626729402,0.0263679859032344,0.0165868508169817,0.0171967439089274,0.024313983356455,0.0288317065603402,0.0235842969711067,0.0256240644659283,0.0187687526284318,0.0188062337955618,0.0160857361824601,0.0272272496151353,0.0177148225996002,0.0180812351060618,0.0199556343224257,0.0232718651233532
853.901888192535,0.0236176226696595,0.0252592176654931,0.0284095544691054,0.0254208015032092,0.0208886395384254,0.0168680975674697,0.034857753299123,0.0298233496805552,0.0264659619891264,0.0253010873760466,0.0267246434678493,0.0213585417300534,0.0211417552857915,0.0287497654872823,0.0240803922857127,0.0175421869481854,0.0280796991155399,0.0261051434010599,0.0323246765024349,0.0285936763101949,0.0230867284981604,0.0234043737513562,0.030201106024378,0.0209627026955156,0.0212926300014592,0.0291094588207184,0.0250943831456279,0.0312963472323801,0.0248013606322006,0.0302597031256365,0.024734431375242,0.0271640823192066,0.0214346731171442,0.01887806188634,0.0219094250946619,0.0202656988213798,0.029523812076826,0.0282022625351758,0.0150409807968279,0.0251433794343,0.0226460291276681,0.022870282754786,0.0184128434578439,0.0193639077477179,0.0226790978207479,0.0217219830160062,0.0297909177731684,0.0207300601599146,0.0272530439785836,0.0220447320070237,0.0250572749139548,0.0234910418209914,0.0282402288760232,0.0313968744273133,0.0245822168898999,0.0286607889680809,0.0260355726299509,0.0165391627719245,0.0281017991706568,0.0277974050215504,0.0193109240515991,0.0275377285073212,0.0291197339484983,0.0251878833255546,0.0305828325032181,0.0249713079792352,0.0325662476523921,0.0209098126147889,0.0305604364279642,0.0248406817645222,0.0288184555816679,0.0308536152008533,0.020994248001282,0.0225051570375627,0.0274675309848289,0.0272988028356945,0.029554738069041,0.0275239400179701,0.0292898344312236,0.0272235915322406,0.0278892794975644,0.0221824368710016,0.0239017611686135,0.024072333034438,0.0240475728158436,0.0255717946556375,0.0287285832919641,0.0264339417544158,0.0293155166760577,0.027340919352458,0.0268564226787345,0.030586189696891,0.026436135520167,0.0256630424238175,0.0215155529601484,0.0197917730677211,0.0169948293266083,0.027486823195862,0.0278621046155507,0.0260970138083463,0.0219469433625276,0.0358276916508904,0.0295877935284012,0.0286295865034411,0.024545560960668,0.0271304856457216,0.022330756911072,0.0258051665786028,0.0268930844233365,0.0280986824504213,0.0255785861090719,0.0269801859369008,0.0267551026483181,0.028220760540036,0.0297209872916331
857.107470734681,0.0219714637703392,0.0209557756492817,0.0164512588561052,0.0269446190343909,0.0143874279163737,0.0194896224370323,0.016772839191644,0.0173826305357024,0.020455342931092,0.0225353973500185,0.0255939930907777,0.0153812875924686,0.0189082667109337,0.0227441308740348,0.0256488509395578,0.0190913274882091,0.0141572023805021,0.0276266973232708,0.0278682991105781,0.0225504338883543,0.0127742513695813,0.0201300817325945,0.0226567418978258,0.0145413798828484,0.0174729187131298,0.0219233942625573,0.0218069391616656,0.0130166148932924,0.0274492582469424,0.0205008572053389,0.0192474355115385,0.0228631444056723,0.0170595443560667,0.0264452607791519,0.0196519645279994,0.0185962522722547,0.0187407836072063,0.0211526221477698,0.0226196918356731,0.0191011676117755,0.0275141606871693,0.0179540534198221,0.0178009141702735,0.0252645084828706,0.0220816934430619,0.023293359785673,0.0237447319904287,0.0174126657645018,0.0162708193817666,0.0133100807043366,0.0244783428421549,0.0192061792487203,0.0173890479061102,0.0253474132660155,0.0207126586174725,0.0140463889029376,0.0147043188850367,0.0235141084575641,0.0258692315675377,0.025563527955525,0.0192538841864334,0.0231762764623752,0.0242101138168371,0.0142937927106649,0.0207217152882316,0.0149252415235424,0.0210538092162753,0.0235466462183565,0.0173478614717764,0.0205353875877127,0.0167689678986496,0.0194068670422899,0.0241778047530442,0.0197309891313326,0.0231172156233494,0.0266945348103932,0.0198353516240502,0.0166240620705914,0.0222166231205831,0.0238512129468012,0.0159704469647235,0.016781966638713,0.0145735046928433,0.0197554372243708,0.018028192938005,0.0229784267129803,0.0146772151349758,0.0159751460934172,0.0200674335582043,0.0159676357749025,0.0257423145456412,0.0175912378105979,0.020374609437436,0.0160067379591561,0.0241864636840345,0.0281655230359854,0.0224643762877217,0.0105558381587143,0.0229355815634393,0.0162793784527517,0.0213689867525357,0.0209529332214831,0.0150389779785314,0.0247887559786872,0.0142766961244259,0.00604111202489277,0.0218011186696641,0.0192137746133328,0.0208921456737729,0.0154608560794129,0.0255436774725001,0.0111195014558805,0.0164130246786824,0.0177475978844485,0.0248381033609721
860.310723261252,0.0391379017381614,0.035340253976701,0.0385872304805367,0.0417108613129808,0.0368824857294509,0.0370356657194975,0.0363473769428299,0.0420164927736956,0.0409185752197959,0.0370594010322439,0.0336270356379923,0.0373568957908625,0.0383264271831109,0.0361631654178183,0.0309991658339297,0.0349311346342028,0.0343989412619405,0.0386737943224648,0.0500318185001986,0.0452368636702714,0.0374646256639942,0.0307057730914586,0.0428401038337566,0.0398705165140806,0.040965641985613,0.0377180629851016,0.0362979618890692,0.0418833554743573,0.0376658088952063,0.0387316896833792,0.0450723138497372,0.0401349890709748,0.0390285484976112,0.0350918389011552,0.035408696222121,0.0388206054799959,0.0283164873372057,0.0344888731484918,0.0367243448338083,0.0348176212405988,0.043875345754213,0.0388991055332194,0.0230790277057138,0.0354853945748813,0.038119731777506,0.0385373083069836,0.0394186767803364,0.0389922721314157,0.0358341717105629,0.0371379569244965,0.0415215650180479,0.0413969492171315,0.0410640730519685,0.0366892185079506,0.0376199448784284,0.0382140591617687,0.0441272833661758,0.0391459485891332,0.0333663871590448,0.0352511084093141,0.040313068863708,0.0328347415376444,0.0398045426195417,0.0402489421678339,0.0397169130826254,0.0361440586934624,0.0444802952974682,0.0359055426290782,0.0342693378975283,0.041110005995084,0.0341626570040736,0.0399859763886887,0.0370074376160322,0.0420425538327541,0.0386427848327981,0.03725298021107,0.0422857360536792,0.0393560145689796,0.0340558121343583,0.039266007932994,0.0455495902776498,0.03877281679567,0.0428828939051203,0.0352136407868269,0.0386171804560611,0.0384407699221481,0.0377773197753735,0.0393848088906209,0.0395151915129143,0.0412522492939296,0.0414056972805245,0.0380064100244478,0.0400670296064197,0.0431507604378248,0.0438533244767622,0.0344567355003315,0.0345245732505442,0.0361259049223224,0.0434981232921139,0.0379734833650831,0.0384011741373423,0.0368700115262442,0.0430263227436051,0.0399414798764526,0.0343962229757555,0.0261420123574894,0.0412422369371393,0.0387546149356687,0.0408674673881765,0.0416864865822613,0.0336237241044253,0.044384612708158,0.0478685619938151,0.0419623897609785,0.0420459672459666
863.51164814252,0.010577669223524,0.0251373975154967,0.0249820456286628,0.02041606654167,0.0255235061057427,0.0294989255049449,0.0288514369370579,0.0290148093714421,0.0289395113001894,0.0283237176643041,0.0276161879630708,0.0222145610950159,0.0236141137131624,0.0220363402629173,0.0238740210204301,0.0279818761421122,0.0215218187960744,0.0279862523040697,0.0335945561727843,0.0201905718727304,0.0260526079560878,0.0252767508276933,0.0235369018888775,0.0276042429661456,0.0205147473125619,0.0195598126907851,0.0249009629363664,0.0300114678103818,0.0337935713235448,0.0203352154473873,0.0179606979674249,0.0268622170783657,0.0179573233282414,0.013728391563281,0.0232957366154959,0.0189641160371091,0.0260876497001238,0.027953680573889,0.0170400107964174,0.0260311697719185,0.0229726724854211,0.0188683860236639,0.0272731069737555,0.0251212018349305,0.0240750865707584,0.0307805516827341,0.0213971268482843,0.0291541419060062,0.0237376290417111,0.025665943563496,0.0270268811350961,0.0196080607055898,0.0264130543910221,0.0251778746569597,0.0238812901313993,0.0203441781191292,0.0182912887356475,0.0228028501851231,0.0246173412575206,0.0259430189007954,0.0261483965565579,0.025752686996282,0.0300131100375571,0.0336692555703767,0.0227523530843848,0.0133534450186998,0.026938103314805,0.0212158674075975,0.0287072745904655,0.0224832148591263,0.0209996798490206,0.0290598666563579,0.0251464409915656,0.0283338017239243,0.0267452507427825,0.025452666137206,0.0303984464173629,0.0273478261257236,0.0150651418428037,0.0292359035007542,0.0255225150741687,0.0199172502894234,0.032441041507494,0.0265960137948138,0.0238829292839447,0.0291143435793354,0.0307053430158924,0.0190008900499194,0.0280780219246824,0.0255423852253137,0.025104983087082,0.0276838862433119,0.0219224576699046,0.0238690116085446,0.0193983671535552,0.0334861151404719,0.0234666773264311,0.0202628049879006,0.0249844333137209,0.0254155381359718,0.0322935997292876,0.0258225872005199,0.0214540181345622,0.0235891923709973,0.0262764737001096,0.0315525176726418,0.0190423261717851,0.0277835946517347,0.0250991111176268,0.0230028245864788,0.0259816676515094,0.0224956898057512,0.0304447014626205,0.0149428918154665,0.0268982088442827
866.7102477455,0.0417052808655504,0.0389653974851755,0.0368096515957666,0.0319793920900094,0.0345661634836534,0.0262183463767926,0.0356699692508528,0.02943871971556,0.0391104704085779,0.0287681202042739,0.0329281846381072,0.0323365058540193,0.0305537438549549,0.0386722315745207,0.0357046621382589,0.0273778895532938,0.0337313290463523,0.0390107775002002,0.0399729574718761,0.0303817017545238,0.0307900360369958,0.0283667808931941,0.0399634433027528,0.0391483393281627,0.035948756194977,0.0336890843522174,0.0323609163308188,0.0374203020142283,0.0266614870440432,0.0369288976746822,0.0372827798261626,0.043059121493267,0.0388285913748077,0.0299884668720047,0.0302897460102525,0.0348926110075207,0.0351048698215517,0.0251649117282549,0.037659404340085,0.0379151719799915,0.0354766246019781,0.0252382471753674,0.0352116065765835,0.0277403630458536,0.0347210482047726,0.035601933847529,0.0321587968248025,0.035007993402526,0.0318193599112515,0.0331842443648826,0.0408416439291681,0.0401872981987802,0.0225440521060512,0.0256196435588543,0.0298256704203974,0.0380238770834736,0.0396464536745001,0.037870837149698,0.0358805026076767,0.0307263147527235,0.0325585080391893,0.0364684533605307,0.0418057909209793,0.0297890553250612,0.0362784268059616,0.0318999627765727,0.0345053535343988,0.042204391861741,0.0401251288639084,0.0319142199523923,0.0394619964054763,0.0306118410901969,0.0358081256551508,0.0293448489593363,0.0417112699899712,0.0375855061251604,0.0394178421668451,0.0446306861408958,0.0312075078124109,0.0413106893913858,0.035133973655601,0.0381248068641893,0.0394486044410253,0.0281279336276551,0.0390169137132028,0.0476517499285089,0.0403187303280261,0.0288371541933309,0.0366706736156652,0.0265383314488992,0.0282899236398437,0.0367562659416093,0.0393997091567551,0.0355193697632959,0.0342609791645478,0.0413100810926629,0.0327538369058679,0.0343654001598739,0.0417263084317932,0.038391093700459,0.0382897033216297,0.0318157541362977,0.0343395711448877,0.0311177221029936,0.0387741157317546,0.0407418475627592,0.040681157386317,0.036409229132727,0.0363901137100091,0.0349698924010537,0.0356646853116574,0.0399054341646796,0.0390724274072514,0.0303226237735556,0.0381540848427586
869.906524433941,0.0265686804638612,0.0244664993015891,0.0177686426666054,0.0207356294261133,0.016738461235307,0.0250603441677276,0.0201934794754487,0.0212515288350313,0.0206230472726803,0.0140630418853512,0.0166405800017946,0.0193229910835506,0.0158194306434302,0.0202040563555164,0.0188026742069345,0.0135199590030838,0.0122882720786444,0.0277711204993189,0.0251431160519491,0.0215816546636583,0.0198950953742975,0.0213167303829148,0.0297064658205545,0.0183908955321136,0.0160116153814981,0.0226247859949621,0.0150113347505312,0.0228467982930706,0.02655705572131,0.0217418441222182,0.0301313393985408,0.0192357803434508,0.0215006960643544,0.0244202732258696,0.0225240862685788,0.0230286511149057,0.0274933211216726,0.0234388781177993,0.0184973247720772,0.025840814101151,0.0227693214316725,0.0289023135669578,0.0200707258611498,0.022768909312925,0.0168955922386185,0.0185176364370157,0.023350858710905,0.0175667418714313,0.0224287371082497,0.0162609580572475,0.0247218391616836,0.0231440439346579,0.0159660246666907,0.017348549175087,0.016612508213438,0.0195930959568874,0.0202254025662312,0.0269235294006583,0.0152038770016598,0.0235655438025112,0.0227057069236976,0.0120955705671807,0.0238938375168943,0.0177672006406093,0.02473851843928,0.0159791955384248,0.0213098832325873,0.0161370019206114,0.0180977011290958,0.0206800687480159,0.0142770267202761,0.0272659823002783,0.0180238767474974,0.0254345632916095,0.0206546340832001,0.0193785471358756,0.016245261612759,0.0174062449881938,0.0197643747366096,0.0229647444578292,0.0167026618281791,0.0160235393677928,0.025711201965546,0.0248360065988521,0.0302364346491619,0.0290118910467787,0.0213760853591511,0.0126016940734786,0.0230450020595774,0.0183560583602423,0.0233403509737381,0.0194037127965282,0.0173956630921573,0.0215508098888198,0.0156312697941934,0.0180470709345836,0.0255251705172498,0.0222959044499388,0.0237327806263059,0.0198324066331881,0.0189436341030905,0.021845952432447,0.0143615200731946,0.0239744372193014,0.0230327811403409,0.0262433414859225,0.0290051948770367,0.0194251993067682,0.0168103654700891,0.0255719806192656,0.0231248326780842,0.0240001720835151,0.0227120413048133,0.0220075904924725,0.0262188933193746
873.100480568356,0.0243291482571157,0.0238477270245452,0.0203711870116007,0.0190238402312894,0.0198498702093219,0.0126892537063392,0.0206234714837317,0.0109031995017806,0.0161781974702367,0.0134042854213835,0.0149143977475728,0.0159785311907924,0.0254452252932054,0.0200813571775412,0.0224825131716232,0.0256069505842986,0.0180681071397983,0.0207592356422702,0.021715603177771,0.0149397923771189,0.0181470836683833,0.0185210437595719,0.0290405793965523,0.0108569275046061,0.0169583616118985,0.0197609342649731,0.0122062444575632,0.0232672206425223,0.0194029949041752,0.0119290531985882,0.0164885466618104,0.0233030831699554,0.0143815859829307,0.0177503229728765,0.0191172541472615,0.0159625698919596,0.016118524469062,0.0222389575683077,0.0232953209413635,0.0197423044859123,0.0215556546775325,0.0212365736345506,0.0194041302992245,0.018869767715643,0.0200020867879099,0.0216748716091786,0.0243112201032155,0.0185252079787202,0.017392444891033,0.0188711743425353,0.0187438695901475,0.0230416780538492,0.0126152354598504,0.0155924114993177,0.030194354154369,0.0162378436730434,0.0163489482935374,0.0208413748987474,0.0167044164658871,0.0163938374356771,0.0182594563504344,0.0195519293681635,0.0205478112784764,0.0106133775048137,0.0186345285158121,0.0122402667058902,0.0223021672498664,0.0176368996610333,0.0262049176056031,0.0179088428374437,0.019081276113712,0.0211944443098671,0.0216895669774333,0.018785456309646,0.0146370612452146,0.0181878796822085,0.0327519517448811,0.0221863201435726,0.021827437616676,0.0156659313727736,0.0235975299337931,0.0154038019150368,0.0196020570788244,0.0177899178137891,0.00949339313114256,0.0237825660323649,0.0266593438289819,0.0250230220115573,0.0240329926466457,0.018251824439391,0.0178384568533218,0.0187510637573821,0.0178569537718908,0.0155740787076753,0.0341935829982173,0.024814658339121,0.0226870796196121,0.0298368498673943,0.0182073100527904,0.0316990433170627,0.0194110048442736,0.0239664816902309,0.0196858653693472,0.0222503665410699,0.00999508343385019,0.015997506034091,0.0239790894940801,0.0204041438041415,0.0134621756409028,0.0210909335665883,0.0214092881057053,0.0195494727567058,0.020458037450309,0.0175371640493023,0.0218200215940616
876.292118506005,0.0285328848319855,0.0226840899060645,0.0251284348951149,0.0305551911539644,0.0218760198238128,0.0227114689518757,0.0311237709085109,0.0306429147270841,0.0295596810181614,0.0257106783017069,0.0255909237386486,0.0217654941660118,0.0280199057917949,0.0204878167716012,0.0239838788663674,0.0292077042189028,0.0307792118403113,0.0285719861461404,0.0226249840704821,0.0256403091545406,0.0282395309370693,0.0258442087684041,0.0166280162665054,0.0228988720896748,0.0291454455599768,0.0327618447643462,0.026102166568805,0.0236769149348015,0.0257741538436257,0.0263373194598238,0.0260575431573128,0.0310449437925241,0.0255393635462661,0.0279779737064158,0.0211618741151881,0.0286539341076184,0.0304637588696839,0.0263961918173584,0.027537619042911,0.029416385948503,0.0329314346090226,0.0232625479701772,0.0283836539927503,0.0230815915460687,0.0220240240455094,0.023726573877131,0.0296071105196199,0.0286782215669241,0.0281695584215431,0.0198419198967525,0.0229078739012273,0.0271665792694816,0.0211261827044817,0.0268775249592586,0.0251660037672413,0.0295746572716978,0.0306991651593143,0.0223333125872836,0.0328059144226339,0.0341621207766748,0.0257206931945743,0.0302357379226751,0.0306880888186302,0.0256737771893815,0.0304941044287741,0.0302251663236128,0.0249220789364742,0.0234521192896412,0.0249836181717538,0.0236006845554293,0.0331476234442686,0.0221714054337255,0.029636919243413,0.0301301296296218,0.0252711613847107,0.0255002240691852,0.0224304741307635,0.0302113559004855,0.0227985272279584,0.0205201952996296,0.0213176767722266,0.0276688376027378,0.0200300396089606,0.031589194853348,0.0251381524118372,0.0252533267559282,0.0238532692067399,0.0264883631189305,0.0223021606188854,0.0283827902658032,0.0242406020006588,0.0277907038766224,0.0259823531015667,0.0213238268093142,0.0251099300951139,0.0248389436430404,0.0247898740583187,0.0302819857720364,0.0240649043812098,0.0288803464378533,0.0160128798868448,0.0266261937533437,0.0239226857072557,0.0232306708525531,0.0246322782363652,0.0289471322528591,0.0228276768614744,0.0246404922412364,0.0301355121558252,0.0352152803161289,0.0310599497645555,0.0249155715958857,0.0230799520069891,0.0284779639856903,0.0244185371126815
879.481440600911,0.0381043812689945,0.0268526391418709,0.0239201177031913,0.026701931446384,0.0265773412092283,0.0209874584746659,0.0235740770949256,0.0310223078677144,0.0223909823501885,0.0207053939413374,0.0287008683657854,0.0280796071975674,0.0219188896721073,0.0311416544058867,0.024390749721966,0.0237926497247253,0.0295959603905999,0.0194193608828127,0.0191753073217722,0.0243998373445532,0.0216226893615658,0.0219614832067974,0.02180855215151,0.0222259907012006,0.0198916013188774,0.0276863617317082,0.0189626590147287,0.026755456280971,0.0229302187798396,0.0229656635222205,0.0199545542359198,0.0324591503723512,0.0232401799236928,0.0223775323604653,0.03630543825575,0.0253071099573091,0.0244282641737989,0.0224915654689808,0.0203284004861088,0.0243848965944825,0.0229312232498743,0.0295902855748807,0.0293056412685206,0.0310731348576345,0.0283314641685495,0.0252202548253323,0.0213100456073534,0.0279908275027552,0.0280227227439592,0.0208020419503143,0.0254583002516722,0.0238646094329104,0.0328646611872586,0.0294502266628941,0.0245038071867887,0.0251205814469679,0.0246563162796575,0.0205642962389447,0.0299560931677913,0.0258841619614772,0.0228785164443287,0.023640082506725,0.0278605521180709,0.0244619929776599,0.0270922745735276,0.0291162036203995,0.0302619637455461,0.0276345942286209,0.0237516739610001,0.0266341652304871,0.0210216682091715,0.0258529968537465,0.0230881136043446,0.0223685444853178,0.0251450895750088,0.0232246989675682,0.026580038339498,0.0268303283163762,0.0221371098424988,0.0248109265418537,0.0303482410654791,0.0307892416204357,0.0269952960212444,0.021848138509537,0.0244745562363432,0.0385863343240968,0.0258841556173358,0.0232525262356639,0.025977320210202,0.0255611972629487,0.0241333943650149,0.0271166740589142,0.0225850446776108,0.0243956622145538,0.0165478450029182,0.0258892388009588,0.0153287648039592,0.0252665393825772,0.0266564143181152,0.0276815720636557,0.0296751056563114,0.0221243722100183,0.0292264136931485,0.0307164745471132,0.0278593056347987,0.0324163092273263,0.0249960440704839,0.0234198928166966,0.0175627441682989,0.0235948064541262,0.0222804590616725,0.0242655301648254,0.0180894645247403,0.023435419753528,0.0205377277681352
882.668449203865,0.0299171517541579,0.0203255938129969,0.0227013529662474,0.0281399077507893,0.0232103129287193,0.0229869126094161,0.0170752151203459,0.0287035312262302,0.0195360072898254,0.0248809350503558,0.0247840893310634,0.0284676980086182,0.0271806141729763,0.0250483745610487,0.0264128510941707,0.0247235984286332,0.0187904493406406,0.0288005173677843,0.0244108914996887,0.0198951248127216,0.0171504072848103,0.0255322886965208,0.0200437377738123,0.0199549581786386,0.0256287128304877,0.0291694567746854,0.0150471075258125,0.0303594490352555,0.0265730841740607,0.0217378397022408,0.0154614713796535,0.0249136478725478,0.0160900089673782,0.0271298200861442,0.0208490076885708,0.0288956501716801,0.0242789828061604,0.0330694132857568,0.0294525261317852,0.021519905410578,0.0178511054143566,0.0256666681817576,0.0194878414376848,0.0190218826156524,0.0120749743965954,0.02122978154692,0.0249548904657521,0.0240440214024102,0.0262283614225153,0.0255519906022097,0.0312044432832938,0.025849674335951,0.020308794020189,0.023854509166821,0.0287549640536429,0.0201173140039768,0.0314765566205977,0.0274531807563802,0.0243901399332225,0.0251894249111531,0.0216511939130828,0.0170342054373688,0.0217832421054787,0.0281186708552898,0.0258587569513608,0.019515572477152,0.0230311990983245,0.0274807350032514,0.0214130290079616,0.0333646159336511,0.0279762834046934,0.0262663435534931,0.0294054687012632,0.0216892148261345,0.0287712243815153,0.0166823453861072,0.0258921352139702,0.0261519179022059,0.0198433302423678,0.0246679535255857,0.0221181839334127,0.0258397664644715,0.0306765260678405,0.0233268950156211,0.0178247083349166,0.0328097191311133,0.024673301888967,0.0168793204900136,0.019350922304383,0.0318965897394668,0.0288900474838952,0.0194244146213455,0.0235629434556299,0.0210552183421145,0.0271085790055167,0.033663077561393,0.0223622869129791,0.0229660810344311,0.020556319766116,0.031363888985596,0.022401163392895,0.02311258651469,0.0199785780709608,0.0273320226426954,0.0234762662648477,0.0169338668009556,0.0238235916035314,0.0238230202595209,0.0244703869835064,0.0245571341846575,0.0275762375907311,0.0154156205945686,0.0255768667430248,0.0205855675459713,0.023654595072833
885.853146662431,0.0125766058716256,0.0153911762436656,0.0117277909721859,0.00518108121360633,0.00855198593240815,0.00577238192635308,0.0116273284844044,0.0134745426259701,0.00640096464532678,0.00796047413802428,0.00574501981171911,0.00625884669245912,0.0172680299770601,0.0108464148223272,0.0121671224530063,0.007633923400472,0.0127806642067595,0.015388396392492,0.0122435695308351,0.00887259952743099,0.0142841513901323,0.0125662715294839,0.00653269389351675,0.0134391234051153,0.0115324720174871,0.0125764622197811,0.0138165645056802,0.00662298721560018,0.0161281929152242,0.010269044842551,0.00879806137541384,0.0152523030706973,0.0121569605609433,0.00350940943970227,0.0124831973934193,0.00736377703707821,0.0166146332679057,0.0130414984004696,0.00969188824090046,0.00558240961930862,0.00454326409117957,0.00664075940008384,0.00751406526185125,0.000463588119567944,0.0119180879632267,0.00135538546447512,0.0160936606158657,0.0125060386069536,0.0140560094904431,0.00314658689561564,0.0118258993425445,0.0135215361063357,0.0125996876438189,0.011178217591517,0.0154904701762097,0.00432783501674909,0.0103945966541435,0.00182639017964544,0.0123200253605055,0.0136361749905433,0.0128294131683804,0.008799272689837,0.0151557216480897,0.0111669363605253,0.00609608756746724,0.00142342889395411,0.0157902080806789,0.00893127582585116,0.0102944121177685,0.0167826352172314,0.00928434729576907,0.0130945567492671,0.00781412669276405,0.00735983400979204,0.0173375573345156,0.0106621154635295,0.00856718101855348,0.014067739834048,0.00996987401385304,0.0117978857373657,0.0128000182761069,0.0101340298428217,0.011430981074147,0.0151696107449096,0.019856802806091,0.00947223852039073,0.00514034791798101,0.00684766570704819,0.00783956164620918,0.00586658674959789,0.0135982698320833,0.0106437199091766,0.00863283709442165,0.00810163464142326,0.0153383891593881,0.00879683885575891,0.00792923928843606,0.0130252148080611,0.0122755703219409,0.00351270421500116,0.0118128462250163,0.00703845689051492,0.00802792671607573,0.0119914705310147,0.0120261614258588,0.00807249660146223,0.0148699703389796,0.00787637222911806,0.0107946795059228,0.0189386747430458,0.0133586462291901,0.00819342122398971,0.0140496469908095,0.0111160027415081,0.0111281658916096
889.035535320943,0.0140499625497094,0.0173921713717381,0.0131953754884922,0.0145512235537229,0.0137591356862277,0.0125520418116584,0.0189031936626941,0.0127471759812669,0.0175790446574224,0.0191442407402274,0.0212375336025153,0.0109286271011653,0.019260053356124,0.0139108781009733,0.00983331274759838,0.0196681749425438,0.0190426613811795,0.016801498404644,0.0223494888752827,0.0103124659431395,0.0162561285685874,0.0193158824346806,0.0239513806902779,0.0222649029419197,0.0226069307769998,0.0189655551349019,0.0174275540159781,0.0171730584452218,0.0175847906138728,0.0176371214060446,0.0102255030168254,0.0240064091148272,0.0195091423018673,0.0131500993818184,0.0199479639697875,0.0221521382998771,0.0239497561965804,0.0128640083347725,0.0187952454925325,0.0195687264624822,0.0219038984375004,0.0172504909757984,0.0175259924623846,0.0165465910484999,0.0187320931878843,0.0203336336846565,0.0170014671368719,0.0150365910808502,0.0209716327382742,0.0198198240617497,0.0164830056150019,0.0191944784604644,0.0183718374853084,0.0158945395936755,0.0137042530015637,0.0154681670201568,0.0166584624936648,0.0216974243227073,0.0213454593271633,0.0215994185670418,0.0191660955765517,0.0124269027071664,0.0160763793958205,0.0153458751612107,0.0130123490947756,0.0315608319003907,0.0232838032882824,0.0130831046884678,0.0194453408167938,0.0102531010838229,0.021673265697245,0.0183748883220368,0.0248418584945079,0.0208454498420286,0.0198687016718184,0.0142096709667451,0.0169770762792096,0.0122833733486104,0.0179287595346483,0.0138460005679037,0.0191053260357956,0.0159105364763685,0.011272772410909,0.0160933515245011,0.0148164210295413,0.0170968930888101,0.0157584862973569,0.0103580413165825,0.0271919180655483,0.0170350372802761,0.0140021355356524,0.0131730791177253,0.0161687892329355,0.0143441288602768,0.0221598522026129,0.0227669876633465,0.0264960478772422,0.017245215392905,0.018091307992954,0.019131647538895,0.0166332913737114,0.0322086693046362,0.0127632123776958,0.0145597839653627,0.026623001461414,0.0171979399384786,0.013677076937005,0.0164292917871604,0.00577158649418631,0.016595210404413,0.0121331023818985,0.0118805353158105,0.0215163334102439,0.0159566785327186,0.0153030367161067
892.215617520531,0.0278834279489079,0.029534312020935,0.0238560894045942,0.0217909896783224,0.0259395155953694,0.0305236695072803,0.0266997496935336,0.0302839722239138,0.0271256195843866,0.0297773961118495,0.0388789211955437,0.0236550169597526,0.0271995025967975,0.0299227749919585,0.0340432880042508,0.0311626110745574,0.0236927445375994,0.0309206290883343,0.0302710063342169,0.0252994520412126,0.0306079678084566,0.0303207281324919,0.0312244791927652,0.0247287296774689,0.0272423512230111,0.0269867157641614,0.0226456602292785,0.0261054820040319,0.0368988652354872,0.0228416541116161,0.0213641093474459,0.0316978442503342,0.0268515518061648,0.023326210895652,0.03450364949151,0.0251770060427164,0.0291306735988526,0.029316489034299,0.0267988491820443,0.0308236892824222,0.0310371055988775,0.0246164314200619,0.0237727955822671,0.0277471094805472,0.0260732398231112,0.0261650768480262,0.0293083355128857,0.0262209368056037,0.0316968101828609,0.027796620927639,0.0312828138953373,0.0280359282157124,0.0289910362133975,0.025495186133054,0.0277728787795939,0.0276761459451615,0.021303391801135,0.0236805816201028,0.0249493566455853,0.0262981599496235,0.0260346035150875,0.0235999692728165,0.0245453637706319,0.0178889375639555,0.0340801974831139,0.0325330598315902,0.0225759829106991,0.021550984765288,0.0209127943881787,0.0280753198544319,0.0171431982054126,0.0258174319652327,0.0322026325142239,0.023954853629919,0.03313986588641,0.0283893434625354,0.0291315667440941,0.0191710564435383,0.0307438612596376,0.0280479363998641,0.0237837314450799,0.031348702825027,0.0181980549410039,0.0239591873447606,0.0190015389042739,0.0298738163409076,0.030136985842885,0.0263681484504842,0.0254102624410925,0.0292721096953841,0.0360591157123286,0.0237782923834814,0.0215020009704784,0.031246831901242,0.0257832499642648,0.0253330684865877,0.0263474005554382,0.0187303486999377,0.0238969525184003,0.0195224926273802,0.0308052128664852,0.027665411742953,0.0196431178202071,0.0312361353259022,0.0211246723391975,0.0286826473291626,0.0252406228783983,0.0238830975267703,0.0343058390850386,0.0295726650831487,0.02877554210324,0.0286609879178803,0.0289728857796757,0.0273967631995471,0.0270150943845014
895.393395599108,0.0164291563874961,0.0176248316995375,0.0242210842966525,0.020538766361982,0.0155481842796282,0.0202133935502019,0.012202439546056,0.010724231606849,0.0150417259745319,0.012827064919569,0.0160318547825284,0.0202382223747994,0.0172572037593902,0.014071146754968,0.020309254398846,0.0188100170478882,0.0171191636410353,0.021717084284845,0.0213335896643244,0.0250924755133822,0.0212484340682579,0.0199910804788219,0.00968145452049538,0.0187133079604937,0.00668724801379373,0.0213117604572731,0.0127591096794789,0.011449088357463,0.0161365151836296,0.0188825957415731,0.0168314689334826,0.0188484753352808,0.0201998556927986,0.0154932442448384,0.0129975512189492,0.0132329255310434,0.0284051284660637,0.0151636413143223,0.0113661150232528,0.0202984914241741,0.0127689032587615,0.0168805085398412,0.0123061672609715,0.0161982857680361,0.0210538716546153,0.0221340390136979,0.0171571489654321,0.0189847588029356,0.0189485127968943,0.0178478045646418,0.0193553164525877,0.0162077223662532,0.0174750564394792,0.0176826432693952,0.0287027155763254,0.021016366682804,0.023256752269741,0.0164441512009574,0.0236730271676425,0.0157995613918091,0.0101405668602386,0.0234305413811778,0.0211270358952206,0.00687085690379167,0.0235471474573102,0.0154724083824848,0.0229505735090996,0.0127051947149499,0.0240146427909393,0.0135823647950673,0.0295124675432695,0.0120732520317455,0.0143377008651499,0.0188705512900771,0.027051744148173,0.0186154835991311,0.0203586234671072,0.0124828704602686,0.018137329852217,0.0206767759300161,0.011741168745476,0.0172253174971372,0.0191117150346472,0.0120288045388235,0.0150279555062017,0.0245741449140694,0.0186535524290285,0.0220410987487258,0.0198273645358632,0.0172330227082882,0.012614083702285,0.0198190491982846,0.0169578311255194,0.023598781719109,0.0192997476225094,0.0227105613471307,0.018486730920389,0.0169357284878004,0.0237244169192147,0.0144684451638808,0.015230732837428,0.0187116734438069,0.0135877477436162,0.0120649593398608,0.013445380597245,0.0141128128921969,0.0179222001918615,0.0155322173669845,0.0157283624364318,0.0184486444344714,0.0177787263806938,0.0186792252011994,0.0163293009543799,0.00853383897633839,0.0139200243394514
898.568871891376,0.0194865979323528,0.0185281074872648,0.0164559494324431,0.0192770356051356,0.0126675601752279,0.020028513194798,0.0189185056082324,0.0115788933127308,0.022406763206393,0.0180341485464943,0.0169225327169339,0.0200383428467301,0.0181368014258669,0.0144066031878318,0.0217390806528649,0.0170418597553335,0.0185458485108166,0.0162126507014608,0.0221692321564305,0.0140299841652293,0.0145728615640432,0.0213806665034528,0.0190686112835883,0.0280399316309464,0.0230900192914274,0.0194589344793706,0.0184964188091958,0.0192901884945907,0.021353528955733,0.0229913234111365,0.00850892815768755,0.0228356786448514,0.0146144041096008,0.0201954641321369,0.0187934903159826,0.0157046324289311,0.016948752579295,0.0240822504493951,0.0166258491110879,0.0190158498001539,0.012021662148916,0.0156032529167523,0.0158514574358638,0.0208827906751671,0.0213948561440197,0.0180932292079757,0.0174919030555907,0.0139047969975645,0.0149210338823317,0.0127753477002522,0.0213112589886341,0.021851291214247,0.0156632387698114,0.0245439423791151,0.0197762233576103,0.0224289018835319,0.0144728780205761,0.0124487484541199,0.0131872717057843,0.0172241844548747,0.0261991488345805,0.0135377388122273,0.0198584994569191,0.020236263813333,0.0189958641241298,0.0100647399045753,0.0118474496800609,0.0243981463978976,0.0166927995346686,0.0165566694297661,0.0184175833241078,0.0135236173119619,0.0206064256056438,0.0175956911004535,0.0128917804250281,0.0226665740335337,0.0190850226486398,0.0209786577740099,0.0195788332848132,0.0171661925509401,0.0223305345085749,0.018136939044286,0.0161964408260392,0.0102494225319788,0.0181071252496552,0.0151354478378052,0.0114693532681946,0.0203108297065485,0.0131515937735378,0.0197441838324817,0.0178629262263687,0.0277093672801286,0.0228197862658558,0.019142207168648,0.0229049771066026,0.0180072787427797,0.0249207689412113,0.0233070937536357,0.0170312819111133,0.0191877510904517,0.0117614051735037,0.0108482222917947,0.0177558703363896,0.0156900591475492,0.0144422797978251,0.0203716054454156,0.0144795182994178,0.0175202893672117,0.021504653426625,0.0182655564122111,0.0224831672120449,0.0152394704386164,0.0188792289378666,0.0183019921503501,0.018065765724521
901.742048728847,0.0187697312373697,0.0215589998477201,0.0292529675687477,0.0233074035326051,0.0178349722733156,0.0193005220325687,0.0208499498491266,0.0247858500384091,0.0297622910505112,0.0205284206056958,0.0242802297121978,0.021979972754368,0.0195485087422438,0.0233707921678709,0.024243110359837,0.0195017330029576,0.0194290391181787,0.0334815720682873,0.0338651057493653,0.0289876765030598,0.0197389052287576,0.0270259192291335,0.0295130253009972,0.0220059237562466,0.0223389728206721,0.0241655905633482,0.023145817043436,0.0174757926797939,0.0211465539939171,0.0276293166180978,0.025019519501998,0.0268135253680976,0.0203147634235534,0.0281606984196819,0.0213022600272029,0.0229754941840204,0.0178121476189856,0.0254767759852493,0.0256894571210487,0.0247988882179332,0.0276998647069758,0.0256358961992964,0.0242157162552509,0.0255580487414237,0.0179674805040536,0.0238953552314137,0.0248798268098713,0.0180205563400065,0.0207058444509061,0.0261519083223032,0.0237920360508934,0.0200689950495802,0.023555726321775,0.0221500335155179,0.0223285973712541,0.019521530811426,0.0287443101842075,0.0198209093580567,0.0210918049126574,0.0235208693399089,0.0243710720680279,0.0300788777412161,0.0293780304576068,0.0254614583748239,0.0280519304656471,0.0200209235894439,0.0198482903888481,0.027970412791428,0.0263524873340734,0.0216400130009814,0.0253132386234293,0.0203946410309517,0.0204276981151917,0.019584828421532,0.0266719579862607,0.0203233741178683,0.0274563152588504,0.0272942223567792,0.0258769840751747,0.0164105278497864,0.0275198755719627,0.0260241183991205,0.0203650962370834,0.0207602626478529,0.028239199212314,0.0191086978153819,0.0231264466690505,0.0185713675178579,0.0183825636333274,0.0211673834825084,0.0258102027203217,0.0221136388530638,0.0204492476207693,0.025346274384945,0.0265013429223899,0.0158848664434921,0.0214424186536767,0.0280340771550093,0.0314885976855538,0.0195494643752289,0.0248027853171726,0.0238774266575569,0.0256847566641795,0.0258216775634012,0.0268297717865964,0.00247039247191708,0.0243487876473866,0.0244008993895955,0.0240232410101063,0.0175253067579298,0.0212188252976061,0.0259854265743161,0.0306500730714664,0.0159433198748744,0.0297491292929809
904.912928439833,0.0255730994690642,0.0240463330273487,0.011182983952434,0.0161954810279454,0.0170838014697005,0.0137621070263585,0.0190580638155094,0.0213211179247741,0.0214334768387144,0.0305825775867533,0.0138179338157489,0.0228366003163955,0.0220340475774825,0.0269266491580792,0.0180670121051546,0.0198332330339391,0.0187008915948961,0.0253089116770918,0.0248979639183399,0.0200752522447401,0.0178930074260069,0.019333946537345,0.0228776097026176,0.0207270676072448,0.0183640334415864,0.0157240236390615,0.0213165077180705,0.0145802169070474,0.0149742973677408,0.0236426228988132,0.0215388688734419,0.014988964848732,0.0184758254513378,0.0126629844809423,0.0205240081449584,0.0179491598980862,0.0208103738247869,0.0220311926355399,0.0173099506607894,0.0153332754580984,0.0121422756166806,0.0178720594019518,0.0191588061699959,0.0193957209762986,0.0182897712648846,0.0209301716430695,0.0165028086953429,0.0237513364748806,0.0215701820533432,0.0205174933843735,0.0257290923432854,0.024634219967111,0.0157892378397265,0.0251848952189672,0.0111955709960149,0.0246867661071648,0.0188691096980534,0.0223079937737006,0.0197872010264058,0.0216719633362173,0.0176580697491094,0.0185485077868764,0.0221517399408639,0.0192941933832776,0.0223924368092149,0.0225467333567473,0.0152795133454949,0.0158516809464456,0.0244925735888773,0.0166517657481239,0.0147450337416823,0.0115093972841002,0.0234588994567804,0.0161086545429419,0.0162558807382401,0.0206315495897746,0.0261639902821356,0.0270886205803588,0.0218929310398419,0.0228331518255272,0.0203013045428828,0.0231558941312287,0.016340021180601,0.0146839363579833,0.019347793387099,0.0112002290726237,0.020232422301109,0.0163016295789591,0.0241458848154906,0.0134139630412707,0.0212919634417403,0.0202818888650556,0.0191657436736823,0.0187370587624026,0.00936204700174655,0.0261844133336079,0.0168544603186522,0.0191261923722713,0.0139249713777733,0.0160972344167166,0.0268212059470851,0.0247957324663995,0.0196016433498474,0.0267130506892571,0.019122695951344,0.0106073309483776,0.0219972860629369,0.0165665708885677,0.0243670757760588,0.0211558605288075,0.0231956736298201,0.0121534771351104,0.0190633577597982,0.0190830710268427,0.0133913496415577
908.081513349454,0.000635374574957461,0.00622247785859264,0.0152995282104608,0.00907448413038344,0.00933982867727393,0.0146154997782845,0.0146041407428869,0.0103220779587888,0.0147170011499688,0.011972517195171,0.000647805251407787,0.0134661719529289,0.00609685080693246,0.0088775350297057,0.00917200656817716,0.0069125446957756,0.00674965954486933,0.0155374439016544,0.0170082426930364,0.00898436553283915,0.00634192832368667,0.0158979299384158,0.0151659526217081,0.0167924798548696,0.0202732823823704,0.0121999194156047,0.00923498043396615,0.00738829501688384,0.0142071371348331,0.0104929127596173,0.00724805182603887,0.00631397986644894,0.017703564958407,0.0129734845142958,0.00717283126647451,0.0161194680308587,0.0211190627090559,0.0142824125080281,0.017092999355807,0.015654914138088,0.0157495832603798,0.00740416133898911,0.0130198865232305,0.0078101941895869,0.0153809825836795,0.0163135648492511,0.00974633817427065,0.0121451581712013,0.0104205702375479,0.0197598755927932,0.00467987618615586,0.0196549052990213,0.00207757485634849,0.0211402304251874,0.00497707548145032,0.0212219979933776,0.0132759497665367,0.0107002320561878,0.0114382768118445,0.00950798197427172,0.00822722097756313,0.0145642914993697,0.012216737177765,0.00769732347600812,0.010732319343683,0.0139316116900824,0.0150703281295383,0.0129164502101894,0.0160461193736624,0.0105952534527389,0.0134403872642017,0.0199911429182447,0.0119952371373565,0.0137144076406555,0.00959318411642247,0.0145457334338167,0.00930832820571685,0.0203619988624489,0.00600478840632835,0.013212298838195,0.0157691764987764,0.0111443304433201,0.00848645001930057,0.0203633557910758,0.00229828414361233,0.00947721477339855,0.0124820366830843,0.0155866465700337,0.00498440477368091,0.015897196718878,0.016764573607229,0.0173627374243571,0.00965003888923727,0.0089177366350244,0.0124096660977966,0.00747051999976495,0.0117072050775027,0.00966426950186814,0.00557562678199693,0.0131792366854074,0.00790463893483634,0.012503163113163,0.0140481398348865,0.0161923352096548,0.00652100893177463,0.00784439678398334,0.00464985320822276,0.00981247947339468,0.0117082174486694,0.00670842096929069,0.0137864824579257,0.0103236559256403,0.0101821309263216,0.0122994257886701,0.0110403724580472
911.247805779648,0.0149500431858006,0.00815738987368259,0.00533156128258275,0.00936660038629076,0.0128674341062222,0.00692473692999874,0.00908004856214639,0.0213505001170756,0.0209638574910184,0.0101138639953959,0.00851741900980588,0.00408659161092368,0.0101889135327995,0.0151144868677599,0.00351931074812777,0.0130522734422126,0.00920719631322038,0.0174132140575607,0.00965259132170376,0.00710319968051148,0.00663289761022435,0.00978742478894043,0.0127795750887698,0.00914358619544043,0.00717219259871076,0.0114036659311774,0.0165515630746421,0.00983319697513599,0.00801642981789545,0.00971937036289722,0.0123902646180924,0.0128968239226303,0.0131573471474199,0.0138202847771135,0.0140231824825611,0.00840405021659641,0.0144499027455659,0.00276734955378968,0.0130531885437048,0.0159673514746387,0.00674768283871135,0.010941639946381,0.0154557194312372,0.00812717462902745,0.0103152425865691,0.0111404117090341,0.0111300616420048,0.010818121523163,0.00962935371170842,0.00813508509551257,0.0130108204015213,0.0136070380474598,0.0083239419573451,0.00892850136406466,0.00750262166178073,0.00643338351118022,0.00338277840359774,0.00991870885508448,0.0101155456957046,0.0125222586287661,0.00528812706170294,0.00841250319925963,0.0136101233920995,0.0128956209232991,0.00995661933482183,0.0111389753601487,0.00393011732672724,0.0148388900831098,0.0108791002090504,0.00347062120815552,0.00939944639488137,0.0138029153195826,0.0123260016655806,0.0107654614821349,0.00775899271016928,0.0127078586897878,0.011215967261651,0.0103703225822426,0.0122754288310542,0.00468810318288093,0.0128454756652514,0.00825797968894782,0.0104454237101121,0.0164078980251629,0.00697016346538044,0.00155100060668852,0.00903145639288346,0.00548088449968463,0.00422983519751342,0.00812559548088309,0.00897873086472769,0.0074266899316004,0.00999284253573072,0.0134939992849626,0.0133230219243165,0.0172351548341851,0.0137031014872985,0.0078238741509205,0.0107812356760903,0.00699109313521281,0.00880328089339313,0.0106525244205365,0.00740866965024152,0.00837759809077611,0.0139959678373903,0.00696802150763789,0.0111610037519271,0.0177551701682918,0.00770297726183093,0.0190810218127517,0.00707701770425485,0.00957673839230084,0.011065235337011,0.00936214345928794,0.0108367054505705
914.411808049184,0.0184992202274902,0.0132890265633948,0.0137608838690418,0.0165418283196958,0.01369999932881,0.00509264368317559,0.0115056937001016,0.0130202696125908,0.0207156030428549,0.0114902545878499,0.0142192047379624,0.016209058334235,0.0126473702122725,0.0202626927076479,0.0146569533550813,0.0202423450533414,0.0169957507355348,0.019279977091041,0.0175058472445394,0.00629759329276575,0.00476045494380383,0.0164631178150578,0.0141182804670392,0.00942642164400025,0.0112065578873591,0.0111456526504405,0.0163116944002218,0.0074461603611217,0.0169770227974146,0.0164758541216247,0.0159035322975678,0.0126271777046857,0.0225868422184234,0.0113855178756943,0.0115783379370723,0.0161736594150975,0.0195650376208485,0.0137876907228726,0.0139074381735857,0.0146379679185846,0.0201979610599344,0.0214775184045833,0.013590958667268,0.0160154146225542,0.015443499709104,0.0223791570608249,0.0125047509849202,0.020311862080665,0.0121030560503181,0.0171314967767896,0.0213328309058701,0.00860972213241691,0.0183390726339025,0.0124790543092877,0.011660677279881,0.0191145547435918,0.0203001905973769,0.0140042128728527,0.0120309753722772,0.0193243690875908,0.018050389722854,0.0168227205862423,0.0252522820411602,0.0153749213388124,0.017342112847016,0.0146990820906998,0.007525666099844,0.0145894397032093,0.0111840669062623,0.0122251692372349,0.0129859908295929,0.0217239588166224,0.0153306125681588,0.0099899169040264,0.0102159626104642,0.013521806759601,0.0147238061619573,0.020989713696683,0.0147524431676225,0.0160593970240546,0.0131475809986428,0.0177208204092294,0.0140325510013176,0.0151174008587555,0.0154359737196849,0.0101345641801499,0.0206526156417334,0.0183002831001237,0.00238311711672176,0.0159834733352813,0.01472339278479,0.0109581155381982,0.0075857263864356,0.0127264388320144,0.0073191203294179,0.00213019580699442,0.0189911452349019,0.0185104039087576,0.0105521189399026,0.00785951586555851,0.0212571350012048,0.0126432227712286,0.0109933995259751,0.0211878755306961,0.00463391278632871,0.0108197446192156,0.00989233371960642,0.0191532031533761,0.011268687060749,0.0161136008323408,0.0252793583793303,0.0120967434752579,0.0173690041420577,0.00806823193139805,0.0143977162141805
917.573522473643,0.0424771071099118,0.0349741453158536,0.0389635754240565,0.0443841292949585,0.0343993813610073,0.0347241385954373,0.036206738684087,0.0455297611369189,0.0437008034311459,0.0431348679276339,0.0393419005297709,0.0380026541558656,0.0345938144330419,0.0345802682015291,0.0442108512234172,0.0380177384263731,0.0418633496066906,0.0386224762658161,0.0394811638958038,0.0407318161502078,0.0330453818950243,0.0412563902790722,0.0405201426827452,0.0382861356700717,0.0430917593242483,0.0404403827418896,0.0376266194633535,0.0372034487571165,0.041630519055806,0.0377627068934839,0.0458708532719209,0.0434088632626994,0.0336213178563536,0.0296682854685844,0.0380751485337261,0.0415655161294671,0.038072793045624,0.0414391736059299,0.0398134440723466,0.0410567206192187,0.0391177883937851,0.0330828388129234,0.0449792822885226,0.036889307392822,0.0323768809684031,0.0385353040589955,0.0372321121658451,0.0411680289357685,0.0407596998684085,0.0375199601972447,0.0414017595469442,0.0401556945825398,0.0364402971743433,0.0388620427294776,0.0371452847198465,0.0441793202553523,0.0441820261910632,0.0386679285047322,0.0420784565329486,0.0342537325561836,0.0454307104062856,0.0392554413593912,0.036885587832597,0.0346496872283605,0.0405143959586199,0.0410452461296004,0.0422401032580351,0.041368580427262,0.037789033073009,0.0416254528483249,0.0351092658523311,0.0328943853936186,0.0397871858866302,0.0332115646895135,0.0390013443445974,0.0318862283893752,0.0412860617412519,0.0435381604440546,0.0366851516398101,0.0412444186170993,0.0409341969314704,0.0459806888068204,0.031797609284613,0.0394870960397636,0.0298689116541736,0.0347118607600226,0.0392668256352539,0.0373658723121914,0.036276233961995,0.040549498361584,0.0399560397066426,0.0322696391536621,0.0369653766447721,0.0428933166359875,0.0363834583140494,0.0336321095876969,0.040225276982524,0.0362737282906811,0.0455809376068207,0.0413293350255685,0.0392089188766129,0.0443283237948858,0.0312653519270667,0.0426773979298349,0.0457484173383175,0.0212939682801956,0.054129999210907,0.0379716010475394,0.0413546509162731,0.0328485665769882,0.0391389124171289,0.039722566436658,0.0453829085343569,0.0321015764689569,0.0400520870098636
920.732951365446,0.0239578884094998,0.0251290959904159,0.0224727631127609,0.0207937200897698,0.0223217336800696,0.0206053553675121,0.0184532286088272,0.0275068057557428,0.0245170847669579,0.0228674429759001,0.0272155921553164,0.023218718165776,0.0251202849806891,0.0294530266259971,0.0211901825900397,0.0181747323365067,0.0266727385117362,0.0261660868914914,0.0288370899711591,0.0296051612697476,0.0198437379695392,0.0212589287155692,0.0274380883060904,0.0226713173402624,0.0224637708118774,0.0199091162024459,0.0228133751129968,0.0192582205844624,0.018628595429193,0.0267326303117149,0.0126432741047281,0.0294346595656508,0.0279735161051304,0.0283068543502006,0.0328812682266124,0.0167280199363343,0.0233363215379458,0.0293614328316279,0.0188579490866842,0.0233819931177635,0.0268025414705077,0.0182682369605826,0.0237841765591359,0.0252693583243742,0.0203041547902208,0.024577647870972,0.0255501653289536,0.0257356786689257,0.0186608599649506,0.021525344193797,0.027797973458163,0.0234866582538531,0.0237731272338986,0.0195530616524513,0.0308924871986095,0.0239763406629306,0.0246079790160086,0.0183570586297411,0.0163770403906848,0.0182570800947962,0.0256716346322166,0.0239034859166147,0.0215160206445434,0.0230183899185918,0.01411269260999,0.029215905960208,0.0245204206503509,0.0281238291718039,0.0254700430636141,0.0212349298456625,0.0244966751440612,0.0174492240386777,0.019704712589695,0.0187787564259585,0.0253165276623429,0.0252341279195804,0.0195680951636926,0.0384033592385324,0.0261685556376028,0.0299291364432028,0.0201953106165424,0.026411720392778,0.0211811274463956,0.0242752563606694,0.0247358485595335,0.0283088073344051,0.0266343378785674,0.0246285086011336,0.0159963053188286,0.0181918557090191,0.0202293957542445,0.0233851826044448,0.0175466705994666,0.0207685001994234,0.0122938013416123,0.0278340628019776,0.0223891580447904,0.0218719203667196,0.0268868623316047,0.0237011058037188,0.0141992333744614,0.020998425680818,0.0299859913479044,0.0261485487275021,0.0146554845693366,0.0194481973450839,0.0206502460965922,0.0197448705885817,0.0162089456863053,0.0216504822332394,0.0253603528869448,0.0253002030025254,0.0266919593035809,0.0258330756913183,0.0236500906713453
923.890097033857,0.0129597851002293,0.00993298247148034,0.00543205715644419,0.0173405232202448,0.0129213258644724,0.00914509556273466,0.0128944922450237,0.0105500545885876,0.0107300746312454,0.0134047620643625,0.0134616099265603,0.00842622356362249,0.00697311009284368,0.0113598369990326,0.0122507369064542,0.00997676596665747,0.0120076387390665,0.0147608077874226,0.00622705716878539,0.00599733359506261,0.00878853797943152,0.0103162556253035,0.0122136398651129,0.0149886634235483,0.00718495095274608,0.0146974432864892,0.0123042011858593,0.00719921419977006,0.00969554837432872,0.011386541390692,0.00532998951514658,0.0138728039806465,0.0051057259833749,0.0160282637827808,0.0123840105245184,0.0169927691718481,0.0166321881173774,0.0129812205777426,0.0164169264721508,0.00787568381140858,0.0040700050012753,0.00883544338903234,0.0192115981929621,0.0141825913190631,0.00768603411363647,0.0155376853247433,0.0122297559601891,0.0151681723514135,0.0145603046199648,0.00932246127873539,0.0141856904228754,0.0142254926645267,0.0164940987882757,0.0116560607324753,0.00821990877558675,0.00484247501499306,0.00717115067488665,0.00995653465070303,0.00798460308127126,0.0109303827342273,0.0205309007486133,0.0101621518104908,0.0131563741328847,0.00487408187400971,0.016570249818459,0.0110173301987518,0.00952277738825512,0.0159521103346115,0.0186234858242958,0.00930965342715364,0.00460292502531344,0.0106837564095011,0.0119537636911513,0.00815656820002951,0.00409853618240357,0.0127208720041211,0.0144686158696087,0.0153529140711705,0.0118587694286725,0.0141820777823413,0.0177768790833423,0.0116701012459198,0.000734887326468966,0.0160069743445966,0.00655607085415611,0.0105411771054731,0.0139935166804805,0.00927682414218753,0.00870743135807226,0.00607160704897669,0.0156584273349773,0.0177265356160876,0.0107280604501487,0.0135733651844363,0.00679741409827265,0.0111513611080531,0.0133472783662854,0.00691679240432896,0.0125247130393442,0.00932536775874549,0.0150627975147922,0.011411434837062,0.00500117003616013,0.00852528814734166,0.0172110578508188,0.0024411731639402,0.00714425626414923,0.0107689538359226,0.00946271787572159,0.0104438081238701,0.0115733299873342,0.0070476160600989,0.0085353350514043,0.0140481866549124,0.00400524983873655
927.044961784968,0.00195333912771016,0,0,0,0,0,0,0,0,0,0.000238959794411133,0,0,0,0,0,0,0,0,0,0,0.000431675282657197,0,0,0.00154152237376451,0,0,0,0,0,0,0,0,0,0,0.000687196346349922,0,0,0,0,0,0,0,0,0,0,0,0.000801826056671254,0,0.00254015402272154,0,0.000188316237509416,0,0,0,0,0,0,0,0,0,0,0,0,0,0,0,0,0,0,0,0,0,0,0,0.000731683419354784,0,0,0,0.000638226825100612,0,0,0,0,0,0,0,0,0,0,0,0,0,0,0,0,0,0.0028540783615647,0,0,0,0,0.0010125775035923,0,0,0,0,0.00178483649641155,0,0.00306143721754316,0,0,0,0.00831353314175747,0.00268067215510848
930.197547921736,0.0162166249293589,0.0206544070346324,0.0108449627375142,0.00987948965419907,0.014508027535502,0.0182051882194671,0.0144860486737863,0.0228344740167926,0.0134001817348308,0.0171623121067266,0.0247880868848446,0.0196871441853166,0.017229507307388,0.0156404611882902,0.0160232831651969,0.0211005368608803,0.0157601837492881,0.0152379269511006,0.014788358967236,0.017323635971926,0.00873967420541943,0.0107977239003333,0.0142798347015582,0.0107157849027367,0.014641559804725,0.0141023858975091,0.0198323729446351,0.0141375680117346,0.0183348881364811,0.0135173597449989,0.0203819875737594,0.0169432552394723,0.0201244222105291,0.0170812970487438,0.0101469484458108,0.0132239921453782,0.0219609301489199,0.0134758651901842,0.00824064624756973,0.0138471901008351,0.0150067469535135,0.0131229666810163,0.00843259690749236,0.0114761599970899,0.0141076492768627,0.0116640516978995,0.0187045619160895,0.0156676214485571,0.0134275533252586,0.0174655801323417,0.0147223989893074,0.0195165476708769,0.0224182119446941,0.0154147475900569,0.010444290004087,0.010731314771812,0.0146476347027992,0.0120925249755453,0.013362955093965,0.0146937072501088,0.0140167686827555,0.0144948654101742,0.0136882329746422,0.01788915148591,0.0149244316700252,0.0212457322604233,0.0133608187793509,0.0175397056439364,0.0191558400443648,0.0119145825262603,0.0106088744956198,0.01776245142702,0.0141325127800727,0.0152579412214066,0.0164621748174127,0.0174674304506318,0.0256990407115853,0.0180638979482181,0.0172771812967852,0.0147312432310467,0.0172285061370169,0.0106394177160429,0.0127447181098042,0.0213711884637401,0.0185219854647217,0.0173104816675906,0.0172326886295022,0.0155561909950362,0.0136041945400599,0.0190148795335849,0.00757494565413605,0.0144700811852685,0.012415530411956,0.0226326272248199,0.0170401276027985,0.0067679540459596,0.0128441670891555,0.0118640305743778,0.0147014568566483,0.0131590772887588,0.0211702837188266,0.01806500708227,0.0201746401025409,0.0101778580408944,0.0152411301183137,0.0148157630289238,0.0156313730570037,0.0129449338980174,0.0127295332967099,0.0192147820857887,0.0208137721639497,0.0120112757930811,0.0205216399546329,0.0251527972568496,0.00889501444119056
933.347857743968,0.0127235185233834,0.0086394740298928,0.00189993088665201,0.00852267138269963,0.00347091143157685,0.00405271514917459,0.00147480403366969,0.00961470586364278,0.00661538970813134,0.0028091605115951,0.00992994946628692,0.00325650881618255,0.00447363945637413,0.00778056814670395,0.00218171386498064,0.00863981185912041,0.0032064605308045,0,0.0068275150659652,0.00345219215498892,0.0116661408874732,0.00409599918902571,0.0102328565538181,0.0125377667690726,0.00416010707476657,0.0077704943698941,0.0028288853157908,0.00955625259481318,0.0023383144936794,0.00407074930651599,0.00332358474653572,0.0103067384428371,0.00530048338993983,0.0107777048569093,0.00491918091400324,0.00224530190275548,0.0093354658846361,0.00190238863923386,0.00958806198398584,0.00702401219117041,0.00320626702667947,0.00636120603940862,0,0.00144836617777349,0.000928182377390937,0.0053360205221,0.00481597487770004,0.0121146574680512,0.00439105830635391,0.00632364031403333,0.00429157995537692,0.00705230877529341,0.00540138601706097,0.00422922744419111,0.00634776112907918,0.00773679133559983,0.00201412686905349,0.00800181957013889,0.00711081544924063,0.0160206743010751,0.0066845983794594,0.00828452968109646,0.013941904341192,0.00839399893523499,0.00918732761377078,0.00832507329668805,0.0119911392979241,0.0102101841347884,0.00406288183458881,0.00102433395551284,0.00869068803829225,0.0131448407366667,0,0.0100669751466748,5.75192201654907e-05,0.00705890345278977,0.0109208415144632,0.00746900625422841,0.00943107029256302,0.00227682011746505,0.00346556347143783,0.00447031175149935,0.00373275464156597,0.00452212669815914,0.00520709385095382,0.0098433020888688,0,0.000701934711748256,0.00466598251014041,0.00417392587119811,0.00352114787254678,0.00393516407659177,0,0.00207570566560935,0.00301775522893435,0.0118163229504832,0.0037779619114277,0.00942051801549108,0.00628257638801182,0.0118026860810163,0.00163406427831016,0.00240228461913572,0.00270592410436561,0.0104490892397663,0.00148747744614129,0.00915376881303305,0.00543115887126978,0.00557881401003676,0.00758354701704426,0,0.0102527383247014,0.00574551637112229,0.00831265963614739,0.0100384489678522,0.00324175109403271
936.49589354832,0.016752101080321,0.0121103585381893,0.0135186609275853,0.0230624605210861,0.0128386714304139,0.0133632211381769,0.0176372806802847,0.0141237475721495,0.0219839067273275,0.0176437872126158,0.0193510233415831,0.01101783886755,0.0193302612734566,0.0139499602950217,0.0219309033196052,0.0083544169841743,0.0173445261252919,0.017801889729502,0.0227727867295594,0.0199408823259253,0.0162009487971582,0.0219101766067699,0.0173802672975757,0.0169988864404486,0.0188515461252978,0.0145690281279411,0.0165456700200942,0.0205076808453867,0.0123228619888356,0.019386403574613,0.0121800491008734,0.0273522619332757,0.0211270685664164,0.0213745146801579,0.0160704675157314,0.0179722064184767,0.0186804015974018,0.0171594626288305,0.0141961808498558,0.0197860089900317,0.020432979585929,0.0152230087088801,0.0212270847433842,0.0163183997005024,0.0194233857954023,0.0192524720651557,0.0142809361860435,0.0210079693582405,0.0171730693482554,0.0168897296347209,0.0195016343236963,0.0221266325070092,0.0126609316744554,0.00935088705450476,0.0224845562341644,0.0165879227869551,0.0151194356545884,0.0141967490454966,0.0149212100036938,0.0189668714886912,0.0096374736631201,0.0128595880276451,0.0141875997301977,0.0216578779850983,0.0148804900064061,0.015010795706386,0.014436276497796,0.0255841462083318,0.0114340844960463,0.0181950529030572,0.0154919212683655,0.0172075023023915,0.0178893748092566,0.018507848774048,0.0142820647809537,0.0184584560859017,0.0191979206119347,0.017486211694693,0.0107686253685326,0.0185653697661237,0.00910179250366511,0.0144125468909898,0.0159928574473927,0.0127993515433805,0.0174176118560679,0.0070143876745378,0.019363048692282,0.0165921610138506,0.0103443291694539,0.0119737682225199,0.0157067450286765,0.0149546359159628,0.0173599934723454,0.0183225976763279,0.00918362048251269,0.0210010091117539,0.0145098626988277,0.0205949903649473,0.0195583359587977,0.0136993624076803,0.0178838486606171,0.0208353377994253,0.0186210316948796,0.0183144330483859,0.0197543788289912,0.0129565276539285,0.0190907288965743,0.0194465170739104,0.0165063654400561,0.0164549105091233,0.0159364534214613,0.0174888468347653,0.02161552496617,0.0213538054631747,0.0126747371680911
939.641657628323,0,0.00595678796821547,0.00185106153332726,0.0036652507263081,0.00608298551944953,0.000261651732740174,0.000896422354007873,0.00626264434121683,0,0,0.00393741959170115,0.00371359977766765,0.0038509472400076,0,0,0.00223427190755975,0.00584310912114505,0.00317697066502447,0,8.84969981607909e-05,0.00133582891544706,0,0,0.00133685286800573,0,0.00712611709790578,0.00707345013329217,0.000369941369201532,0,0.000232099427477444,0,0.00438074118889943,0,0,0.000994355580617059,0.010183903849999,0.000678627236338316,0,0.00190761451327115,0.0107699033559384,0.00204285794992849,0.00844595857907305,0.0015936215217165,0.00573397661336745,0,0,0,0.00498493801557291,0,0,0,0.00328980754621523,0.00480273683261684,0.00141222636031774,0,0.00549574204509211,0.00676162940591672,0,0.00757120617793906,0.00129370437284309,0.000664493328918562,0.00393551587657116,0.00200815893798379,0.00564275811260257,0,0,0,0.00201659759378025,0,0,0.00101272286537155,0,0.00258795717347819,0,0.00216201074197435,0.00856701105498768,0,0.0101311478027657,0.00290692831368444,0,0.00340984395062372,0.00285483897939859,0.00150921149558438,0.00823439486395601,0.00354389221075231,0.0129534990916187,0.00614409793986989,0,0,0,0,0.000630552428965118,0.001729948070734,0.000417745145242857,0.00418172301345267,0,0,0.00941570958642773,0,0,0.00163591928303938,0,0.0129856798069163,0.00445220377554473,0,0,0.00443436357479653,0.00280585487396279,0,0.00301734140007295,0,0.00192603017451098,0,0.00346976706194949,0
942.785152274379,0.0151052047687374,0.0088781532594027,0.00912343524040988,0,0.0100631707571102,0.00582246107388029,0.00908497907438049,0.0139807173679486,0,0.00836244780200376,0.00524731127524014,0.00124166761641638,0.00731920869506235,0.00412994462282598,0.00558857996923551,0.00934917152251351,0.0119558726407472,0.00973780630031239,0.00681079260299572,0.00788510709195884,0.0085490725928486,0.0100680632352615,0.0103137128582831,0.00948859434460467,0.00320748573748742,0.00624464825516455,0.00352346402654847,0.00112409345029563,0.0111524723710007,0.00637882167600369,0.000707375779624585,0.00667086999886241,0.000584717685482365,0.00600099818280747,0.00175135691676269,0.0157448497789641,0.00679176723175605,0.00202574297683094,0.0108583886894888,0.0028345795869252,0.0121323906685904,0.00705157771200393,0.00341185059442763,0.00488779872844646,0.00591367256653164,0.00382016025719002,0.00276310525785955,0.0106137929016436,0.00942812819690639,0.00162417213090018,0,0,0.00611107496599727,0.00216720969824743,0.0120657833733703,0.000322725689325889,0.0101968608176418,0.00435165044382424,0.00346066464019612,0,0,0.00255916780480437,0.00817705469374787,0.00534012184661785,0.00663546453614253,0.00556631461485192,0.005104942167852,0.00169356882261167,0.00368092007295362,0.00432026813608912,0.00452596106136864,0.000332044082005797,0.00981266737743608,0.0102691863734183,0.00508423955643357,0.000264556255883302,0.00622980221023859,0.0114504856103888,0.0107173249500662,0,0.00957024915432809,0.00525953524650236,0.00338719995978922,0.00580093984909543,0.00433065870043246,0.0106261780206236,0.00745958996264209,0.00769484869770946,0.00488708607973461,0.00813734326309134,0.00810207868441566,0.00840021141453984,0.00582745143686132,0.0038454505627246,0.00873915460399997,0.00620082265324552,0.00954290145503497,0.00694944373782426,0.00322359509045986,0.00279483929045342,0.00630602730723062,0.00377182229375528,0.00895864147888147,0.00470033933153967,0,0.00965089116567179,0.00642227035879094,0.0123012116812286,0.00292802061557275,0.00545058616931941,0.00452709846764013,0.00764840411305466,0.00801732747094106,0.0081602304428475,0.00833760835098452
945.926379773757,0.0158839589291546,0.0139291662472846,0.0082678803701877,0.0136219491141919,0.019407543286199,0.0151096884769677,0.0167355286884391,0.0157787581998935,0.00750590268147706,0.0210116858829344,0.0135659818561455,0.0202732629881503,0.0156542323023112,0.0199945109816094,0.0247727479289363,0.0196347293161197,0.0201971356903178,0.0184104514065546,0.0167538698368726,0.0102513299378084,0.0152163837789712,0.0139987666976581,0.00676900198070881,0.0171037489960253,0.0184119551042786,0.0163042966809343,0.0274596346579883,0.0190190858791417,0.0173238960967453,0.0130568185390987,0.0165621857839385,0.0131651989123517,0.0174646504562457,0.0209382780473827,0.0221652948190415,0.0122160368837791,0.0112892304629855,0.0210177489478453,0.0143535389510253,0.00958656957017561,0.0134491517490435,0.0137350589059379,0.0116605092866653,0.0121557369541314,0.0184793482222779,0.025376594924103,0.0154647025489741,0.0140691525326836,0.0200042876293934,0.0170532614158666,0.0105820043429422,0.0153889619256894,0.0138878550754926,0.0121598344622964,0.0227100828606583,0.0210045638063469,0.0195250159504287,0.0153998916464547,0.0107072496050515,0.0169107931924891,0.00869908623002228,0.0222221724095236,0.0240563144607108,0.0153294696155984,0.0161185576192946,0.0154114160828739,0.00971173000068613,0.0181262429054393,0.0143176162025865,0.0114061702050783,0.0173045141277098,0.023377369967217,0.0122014781516624,0.014867994522264,0.0203614510463335,0.0111101801905113,0.0187750426869193,0.0154753771438938,0.019060971223882,0.0165176563220245,0.0162624981055619,0.016253720651589,0.0118055231786512,0.0135206704039057,0.0165184950226709,0.0139699937608097,0.0157694136407217,0.00844750107782415,0.0213756645699023,0.0169930045291336,0.0105166682400648,0.0193967172633407,0.0159476784303364,0.0120673140735029,0.0143527002982852,0.0174364571392741,0.0164010797509581,0.00665599259746462,0.0208166940417221,0.0187996260036927,0.019228768620929,0.0117304323188973,0.0119257859339644,0.0168869987972857,0.0120831810741848,0.0191175894524024,0.00784766362609374,0.00980680468337462,0.016159820086537,0.0155417654608153,0.0112715198384429,0.0144552839160903,0.0174960192320962,0.0062337616304454,0.0128963085216625
949.065342410614,0.0193445279338378,0.0146988006571061,0.00902904108547465,0.027601909955517,0.0217610283492092,0.0195885584314713,0.0174813189719987,0.0213316325174777,0.0136556670102158,0.0185151435493057,0.0154007119586818,0.0204752926327549,0.0153167762025043,0.0110166651235799,0.017395643259705,0.0161402834902498,0.0177511797157128,0.0212475102083282,0.0147322358968296,0.0191176407172725,0.0245699718808792,0.0168560836843713,0.0208206480659516,0.0178301484324551,0.0164647890146287,0.0165024754485716,0.0238944814435547,0.0192224936690793,0.0164492142480628,0.0154199474185818,0.0172883090005604,0.0191259162056636,0.0214286682013238,0.0205961302319236,0.0196297076002995,0.0231052903669009,0.0254283653956657,0.0206789720291605,0.0123932107766246,0.0201409145529969,0.0153064305543332,0.0134042748976702,0.013464250461282,0.0156266075989779,0.0176129805138131,0.0146311026966715,0.017293053292425,0.011560736821477,0.0120204480695311,0.0167308241740549,0.0129374120374526,0.020367965394927,0.0130230942874064,0.0216010368582273,0.0191239849183041,0.0115063521233961,0.0138271281087531,0.0183145199802424,0.0190289155829283,0.0165720292224084,0.0181226942827381,0.0175932844759712,0.0150935623908951,0.0117601162157549,0.0223263051196489,0.0157079174421302,0.0186800235443372,0.0210329479094764,0.0205620909834075,0.0190144826985091,0.0202576185824448,0.012749397159954,0.0194117715815207,0.0156403158363722,0.0157443788135159,0.0182242016476352,0.014149771908257,0.0211206983312729,0.023071904027119,0.0134242280059404,0.0127051523011792,0.0159572091248164,0.0185797894769981,0.0142811168860793,0.0172905860337633,0.0167906976965677,0.0197633296334918,0.0170114032224711,0.0178161225003066,0.013438557983066,0.0096745451981157,0.0196046895907039,0.0150966041401093,0.0144134499963019,0.00188994234713193,0.0177886112233338,0.0172002155613212,0.0123506984550443,0.0145294190312227,0.0146874068950522,0.00295829227205197,0.0202316478857698,0.0127315170312455,0.0073465209221885,0.0162070587739496,0.018633404310662,0.0159265053234914,0.0187429950550625,0.0212634277262299,0.0212452510272877,0.0196338964061555,0.0250766596975384,0.0182795957388749,0.0164171818740544,0.0163696105713056
952.20204246599,0.0039739149843114,0.012789993711338,0.0124897865869488,0.000223391772294047,0,0.00485653203866367,0.00336387667159945,0.0139774816803699,0.00628539948053183,0,0,0.0104523258405643,0.00197438307496957,0.0101300240189693,0.00675978776458096,0.00840080914221797,0.00355016289008894,0.000234702054015684,0.00781163673236643,0.00465837143883225,0.00428933325993541,0.0090439556203358,0.00605882536255028,0.00108075579267277,0.0139747222583391,0.00245981111354181,0.00199275945725895,0.00923686065595913,0.011777211784881,0.0064681605236954,0.00774638119988396,0.00454844887481676,0.000643891584579059,0.00879271618928317,0.0138093332372086,0.00567150762103291,0,0.00852428466939912,0.00497755290597662,0.00129816472194528,0.00400857234264903,0.00821540836586126,0.00345842847059309,0.00176495136323323,0.0145915381484141,0.0181098273639681,0.00879159370086314,0.000922736984160587,0.0094859531593507,0.0196585282216668,0.0083390692223064,0.0136854772504597,0.00297728958827438,0.00384252900829441,0.0106075314069915,0.00738894522160516,0.00114915515453229,0.00117696482807009,0.00894374759741489,0.00266579634558303,0,0,0.00936286974639825,0.00709968488618575,0.00673992629630173,0,0.0057972186768825,0.00608784949616008,0.00816384415484316,0.00437259178603543,0.0101126890846272,0.00591540929996682,0.00676407773147959,0.00767597678345828,0.006282895994361,0.00883662348392986,0.0105900891809189,0.0126501487181909,0.00652991066616146,0,0.00536730328119162,0.00866859298196263,0.0106148758857033,0.00968673150557535,0.00936338355218823,0.0108292396188248,0.0011294290457455,0,0.00287492246400138,0.00879847718204166,0.0066590040936432,0.00471180654762551,0.00491897122082474,0.00928349671355206,0.00377009553501908,0.0155445411557848,0.00698897257326184,0.0131331351776111,0.00552202297687839,0.00350241810381378,0.00209953571757721,0.00507289201999152,0,0.00105690942040619,0.00295287666881309,0.00393638286376392,0.00457100860405033,0.0037072727862876,0.00686949128014663,0.00723019489025105,0.00198488174459071,0,0.0114541569427021,0.00566356134658729,0.0106715418744126
955.336482217814,0.00365546297068798,0.000723192359079738,0.00240943104692968,0.0104783422340439,0.000124087689569082,0.00718718242066669,0.000912069993611486,0.00177872394854078,0.00377281099417216,0.00430956411492475,0.0136515125010181,0.00257337567819811,0.00595542459228893,0.00599698336942189,0.0150838657938294,0.0011838675365248,0,0.00623643536466277,0.000340285112242257,0.00429151508099865,0.00662632108107023,0.00548995370773587,0,0.00232276240519891,0.00397700879899621,0.0108549657037289,0.0048821644732847,0.00567479485105084,0.00493235590472377,0.000201982644055966,0.00899868157441667,0.00470441600975222,0.00835905021980615,0.00298197316826509,0.00470432254215294,0.000519014003411214,0.00168757627652415,0.00226712975050721,0.00136828535014429,0.00530700608855877,0.010782149724806,0.00140266329271264,0.00471177972683848,0.00955344120203644,0.00887817445179113,0.00187630865136448,0.00408606410751338,0.00381486972897333,0.000942017538960357,0.00140598796177629,0.00533672128203623,0.00964462908996062,0.00587612735195792,0.00674287152796289,0.00536665841257744,0.00541969585731453,0.00991976435709328,0.00461934506517554,0.0069691342281452,0.00719433382607047,0.000110751175050144,0.00183851179401404,0.00470485006515864,0.00460070524553487,0.00639741667892481,0,0.00328330074820477,0.000328439626299513,0.00123949807965359,0.00243417380788255,0,0.00993457432805985,0.00644933940202095,0.00897962925502359,0.00326444282836689,0.00476325660992904,0.00595073305263491,0.000373964596080212,0.00133517006738234,0.0016868162210833,0.00664790861375045,0.00191030479614024,0.000460560648487623,0.0120373541450971,0.00523204241747912,0,0.00133926297622344,0.00753612827048642,0.00688431142725871,0.00469066876898692,0.00851066158118332,0.00328832618172009,0.00953568246959764,0.00361312153097887,0,0.00552495024216597,0.0132757300473898,0.0013730469270621,0.00356085356503578,0.000462908612032421,0,0.00475864512486391,0.00301214984081027,0,0,0.0105441177431665,0.00153444701791985,0,0.00221398905117945,0.00306365920602826,0.00437376675893931,0.00316660736358217,0,0.00591855369640881,0.00981818227119267
958.468663940918,0.0124732032134286,0.0185683589435651,0.0193902034305412,0.014364765552832,0.01212525176646,0.0116445418106688,0.00163685034267434,0.0169845539415866,0.0169283817025898,0.0136865804314435,0.016544452276509,0.00598078756133675,0.0153453895572517,0.0164341572941206,0.0158141631337791,0.00826212913751289,0.0125067233920832,0.0111715490742857,0.00916704760980764,0.0153057840221469,0.00949530777322332,0.0168566687502218,0.0133218480159692,0.00938105530822064,0.0100452753887754,0.0154109496642666,0.0174682039252673,0.0144311849830247,0.0126994223089324,0.0160066951676785,0.011864428900949,0.01011804499851,0.0101509643448285,0.00916378349817593,0.0174417995898758,0.0129906005203188,0.00830069311005711,0.016400343646946,0.00537914294576242,0.0207382224991301,0.00440088435199422,0.00805845357069716,0.0118596611377889,0.0135452931596106,0.0117498591548742,0.0146461407172896,0.0124125732433594,0.014822392341145,0.0049413430803759,0.0157205156130971,0.0135488130942054,0.0108942645057745,0.0109268055322113,0.0150745405743498,0.0044956168191589,0.0126031315727921,0.017074449303269,0.0140142967946153,0.0179757338086812,0.013343131989161,0.0122219965046497,0.0117596264009333,0.00867801142202326,0.00968396384614072,0.0104054378546422,0.0176185885366584,0.0160533061364745,0.0113253140677517,0.00910692159411003,0.0184953624148681,0.00889296374495368,0.0117749922005735,0.0109565137352473,0.00754841665584806,0.0120640666897067,0.0177102134767359,0.0120315822682962,0.0103388123677669,0.0161386773492321,0.00520698801671,0.0133126388085062,0.00642860958572174,0.01539878641695,0.0175897462277968,0.00598323192159536,0.013340300540583,0.0101597701198419,0.0155583712952352,0.0141367400675772,0.0129788584697993,0.0184791137404192,0.0104828671908114,0.0108563166743069,0.0144745199787862,0,0.00948364689077985,0.011853389623483,0.0163126260795521,0.015156859352461,0.0061125264668888,0.0190839527711607,0.0132383749945964,0.0113373836767254,0.0096337943506542,0.0133383661424874,0.0076749589889129,0.013477718916461,0.0133751992091716,0.0116282943580607,0.0114834649841273,0.00513051130383176,0.00830730464359172,0.00918437949622773,0.0133268134271673,0.0138096764643016
961.59858990703,0,0,0,0,0,0,0,0,0,0.000889825367670726,0,0,0,0,0,0,0.000954972330390079,0,0,0,0,0,0,0,0,0,0,0,0,0,0,0,0,0,0,0,0,0,0,0,0,0,0,0,0,0,0,0,0.000203206004040226,0,0,0,0,0,0,0,0,0,0,0,0,0,0,0,0,0.00198652769720382,0,0,0,0,0,0,0,0,0,0,0,0,0,0,0,0,0,0,0,0,0,0,0,0,0,0,0,0,0,0,0,0,0,0,0,0,0,0,0,0,0,0,0,0,0,0,0,0,0
964.726262384784,0.00265933571291839,0.00722352594994261,0.00677449319270113,0.00833406003570943,0.00441316609426786,0.00453580265762314,0.00943330470763358,0,0.00376195250043708,0.000521714165161368,0.00989669409513122,0.00793537848673785,0.00377717448952161,0.00489483458657468,0.00587423255184945,0.0102147450556647,0.00114447821777147,0.00830545191108565,0.00288562766918427,0.0118266653186381,0.0049789541024682,0.00385135415076501,0,0.00336258475126401,0.0087678251212286,0.00862647692276242,0.0145867686012187,0.00941659822626486,5.84345471662725e-05,0.0147497618964585,0.00407499586230913,0.0103968785264108,0.00403360000449558,0.00787145479275028,0.00957562107487492,0.00372132071074897,0.00864136205845503,0.01780875313162,0,0.00695128651322288,0.00312278988704189,0.000868125947204969,0.00521311013455826,0.0101396498816138,0.00888148342452431,0.00130259914963624,0.000794101062467287,0,0.0140109248939434,0.00415459260571557,0.00964754191158936,0.0101949142629271,0.00589836125403722,0.00778788415336496,0.00765782893589583,0.00270397753184285,0.00615388773936014,0.00407115519241831,0.00371076383137399,0.00555130826317311,0.00771263122445913,0.0121543204683098,0.0155243182963481,0.0089897859236561,0.00805267064125941,0.0112632695738415,0.00935352863255422,0.00193573977308039,0.0100227039387474,0.0108781205725347,0,0.00837716491679112,0,0,0.00868166518887994,0.0058067858719169,0.00701013292081159,0.00854254252567137,0.0105816154082694,0.00559230354816829,0.0131457010117039,0.00254993938231954,0.00815242967326589,0.00460994827316471,0.00311966085371483,0,0.00569889843496225,0.0107344881456235,0.0102057658903207,0.00796516326583705,0,0.0124534451750526,0.00415813460147051,0.00896898746502741,0,0.00702411315035711,0.00898891525145914,0.00420497751075584,0.00468934251222709,0.00380396767237345,0.0112608207121487,0.00652473183149186,0.0101954233518867,0.00406604200444843,0.00578419037433993,0,0.00903611849914477,0.00340909637163851,0.00553277922184708,0.00530627098756665,0.00554043922195079,0.00710339026819564,0.00417214160489194,0.00939644272533571,0.00344426556911165
967.851683639732,0.000700702296707078,0.00634982414010102,0.00424636213218178,0.00106795179579461,0.00887346779897442,0.00257178805603176,0.00748550120286454,0,0.000141947294068426,0.00176918659224918,0.00143571948494665,0,0.0071901858894949,0,0.0038749506676806,0.0140945061318113,0.00506547397412148,0.00845207614200501,0,0.00329874123800723,0.00351935358198971,0.00347011980811387,0.00149395622144946,0.00828430942206589,0.00249392147438701,0.00604537126649297,0.000197778701785808,0.00475597322800118,0.00184969985426641,0.00307316271530387,0.00260103955205887,0.00631525321058473,0.00688190060452969,0.00748820990865698,0,0.00602268307240939,0.000761032675642082,0.00884159973893919,0.00484053484619505,0.00657898066862182,0,0,0.00375798223446473,0,0.0063636620902454,0.0025577480007858,0.00366767529948288,0.00827599354651967,0.00271156905404155,0.00813397053960686,0,0.00347855446267452,0,0.00902907227831942,0.00840906203298855,0.00771242176304456,0,0.00423669975193742,0.00170971801204882,0.0116800918365129,0,0.00316784374984454,0,0.00321263688081335,0.00223685003587785,0.00781173483220469,0.00462871152774939,0.00534244031594608,0.00307135518091462,0,0.00564998343424902,0.0036822131885033,0.00673429608096042,0.00321478504457839,0,0,0.00663515575362611,0,0,0,0.00523616023374432,6.36194387721117e-05,0.00724794362178346,0.0069340543287685,0.00113498024947306,2.55418006454994e-05,0.00372818911912548,0.00153720298683926,0.00389745614101497,0,0.00176951112666279,0.00561260056423541,0.00162160076938553,0.00433938294289904,0,8.82318411451639e-05,0.00644674450194724,0.00059426189626019,0.0010733857502152,0,0.00045600386746776,0.00618332624326718,0.00772995889797985,0,0,0.00140330072267564,0.00541798216621565,0.000322803945549721,0.00734818060710392,0.00713562653205478,0,0.00185100623958053,0.00599986613826316,0,0.0036426586447239
970.974855934344,0,0.000127230563178874,0.00604277893325526,0,0,0,0.00393969201002719,0,0,0,0,0,0,0,0,0.00101701195615856,0,0,0,0,0,0,2.77704519560165e-05,0,0,0,0,0,0,0,0,0,0.00111821148489879,8.03035630420336e-06,0,0.000838219717549895,0,0,0,0,0,0.000659832100730513,0,0,8.06588727344873e-05,0.0049012452468868,0,0,0,0.00124894859790682,0,0,0,0,0,0,0,0,0,0,0,0,0,0,0,0,0.00208203205825045,0.000631657486454864,0,0,0.000374488552082498,0,0,0,0,0,0,0,0,0,0,0.00401871240226564,0,0,0,0,0,0,0.000291120440229295,0.00400437625014224,0,0,0.00291615994656308,0,0,0,0,0.000247560185742111,0,0.00364345975546613,0.0045131156128951,0,0.0020269270341346,0.00335970626280664,0,0.0023018039654099,0,0,0,0,0,0.00423591216968305,0,0,0
974.095781528001,0,0,0,0,0,0,0,0,0,0,0,0,0,0,0,0,0,0,0,0,0,0,0,0,0,0,0,0,0,0,0,0,0,0,0,0,0,0,0,0,0,0,0,0,0,0,0,0,0,0,0,0,0,0,0,0,0,0,0,0,0,0,0,0,0,0,0,0,0,0,0,0,0,0,0,0,0,0,0,0,0,0,0,0,0,0,0,0,0,0,0,0,0,0,0,0,0,0,0,0,0,0,0,0,0,0,0,0,0,0,0,0,0,0,0
977.214462677025,0.000165804775739435,0,0.000955398973469332,0.00680061489912235,0.00287753584589354,0.00997755954298599,0,0,0,0.0043933818418013,0,0.0085410471671552,0,9.63119463416417e-05,0,0,0.00611121203234626,0.00249633799839387,0,0,0,0,0.00507853578019393,0,0,0,0,0.00520561845013522,0,0.000854651628325002,0,0,0,0.00630105740947837,0.00414367351599394,0.00754802603712534,0.00817387686435217,0.00122723670370307,0.00206461159094146,0.000525900465166764,0,0,0.00257509279798282,0,0,0,0.00410135280075762,0.00113082643480405,0.0107917434124146,0,0.000165389576740021,0,0,0.00618791707641057,0,0.00384254584351859,0.00622977595535244,0.0019878613382163,0,0.00290834482336128,0.00566045002639986,0.00585294121763333,0.000526236671046689,0,0,0.002724722249265,0,0.00254751121018018,0.00465176406987889,0.00139448827363238,0,0.000421033771775415,0,0.000461013666098426,0,0.00800048029199667,0,0.00324408433808893,0.00209502428350452,0.00739210173803538,0.00357378841689034,8.99551169671458e-05,0,0,0.00112005446541548,0,0,0.00309770990552398,0,0,0.000709343359015826,0,0.00219776842690281,0.00215101627892735,0,0.00566260431718869,0.004835381527821,0.00226140046897502,0,0.00237115155002102,0.00765284054790566,0.00292094945240332,0.0029902136654555,0.00425797013202757,0,0.00361080316548029,0,0.00192064369097352,0.000847292139813005,0.00546804127887843,0.0117016871965327,0.00625765673735355,0,0,0.00527914232032866
980.330901634669,0,0,0,0,0,0,0,0,0,0,0,0,0,0,0,0,0,0,0,0,0,0,0,0,0,0,0,0,0,0,0,0,0,0,0,0,0,0,0,0,0,0,0,0,0,0,0,0,0,0,0,0.000389423232057236,0,0,0,0,0,0,0,0,0,0,0,0,0,0,0,0,0,0,0,0,0,0,0,0,0,0,0,0,0,0,0,0,0.00128440940670791,0,0,0,0,0,0,0,0,0,0,0,0,0,0,0,0,0,0,0,0,0,0,0,0,0,0,0,0,0,0
983.445100651119,0,0,0,0,0,0,0,0,0,0,0,0,0,0,0,0,0,0,0,0,0,0,0,0,0,0,0,0,0,0,0,0,0,0,0,0,0,0,0,0,0,0,0,0,0,0,0,0,0,0,0,0,0,0,0,0,0,0,0,0,0,0,0,0,0,0,0,0,0,0,0,0,0,0,0,0,0,0,0,0,0,0,0,0,0,0,0,0,0,0,0,0,0,0,0,0,0,0,0,0,0,0,0,0,0,0,0,0,0,0,0,0,0,0,0
986.557061973506,0,0,0,0,0,0,0,0,0,0,0,0,0,0,0,0,0,0,0,0,0,0,0,0,0,0,0,0,0,0,0,0,0,0,0,0,0,0,0,0,0,0,0,0,0,0,0,0,0,0,0,0,0,0,0,0,0,0,0,0,0,0,0,0,0,0,0,0,0,0,0,0,0,0,0,0,0,0,0,0,0,0,0,0,0,0,0,0,0,0,0,0,0,0,0,0,0,0,0,0,0,0,0,0,0,0,0,0,0,0,0,0,0,0,0
989.666787845913,0,0,0,0,0,0,0,0,0,0,0,0,0,0,0,0,0,0,0,0,0,0,0,0,0,0,0,0,0,0,0,0,0,0,0,0,0,0,0,0,0,0,0,0,0,0,0,0,0,0,0,0,0,0,0,0,0,0,0,0,0,0,0,0,0,0,0,0,0,0,0,0,0,0,0,0,0,0,0,0,0,0,0,0,0,0,0,0,0,0,0,0,0,0,0,0,0,0,0,0,0,0,0,0,0,0,0,0,0,0,0,0,0,0,0
992.774280509374,0.0289186201425221,0.0231893085882549,0.0173697552365675,0.0201293743164445,0.0201620946776682,0.0229139418713892,0.0192788981409261,0.0129036162410626,0.0120497212563319,0.0223496692540366,0.0188067688002846,0.0226106097278348,0.0196590958772813,0.0271708220752285,0.0142176400775094,0.0205459217774966,0.0169941126978282,0.0184156442559592,0.0281167926487101,0.0178306827543519,0.0174916066707645,0.0268678496098973,0.0237386179826079,0.0151597985923919,0.0163807401560735,0.0185695803812681,0.0115523435479019,0.0197722078353046,0.0181289417475248,0.0219959400566025,0.022464439001786,0.0224118431546884,0.0278451863286603,0.0249329563472423,0.0249411691342752,0.0204857128730287,0.0179108072357562,0.0163354774338001,0.0174773195765111,0.0175328331054206,0.0154221979237546,0.0205017609768915,0.0203407548210269,0.00995241534221624,0.0241349783716801,0.0216868230980617,0.0117702477064535,0.0196096047884457,0.0228681770537225,0.0180353142302882,0.0211772110460898,0.0236950081120179,0.0185910672244176,0.0198238554540999,0.0180446519002937,0.023319258055829,0.019739868939497,0.0194354388354328,0.0206645315408953,0.0187276839753462,0.0204356241789218,0.0255045821678778,0.0168739713572017,0.013705201082004,0.021402274511224,0.0277174119131879,0.0190427318281482,0.0194042220374942,0.0228811529157198,0.0189368730610786,0.0216471174002664,0.0196703546852163,0.0150667926061219,0.024126415960714,0.02514827141118,0.0176704265462189,0.018440507066052,0.0213124576296092,0.0217696622655554,0.018633268946395,0.0129109098786996,0.0272427001254507,0.0172639347173766,0.0205006714778721,0.0165550575424238,0.018992504074185,0.0146812879455194,0.0220919836155765,0.022007046617827,0.0201550409067816,0.0172416224284698,0.0202091805531987,0.0178441294408341,0.0193748936811695,0.0250290357824239,0.0283180951275929,0.0293612035040843,0.01837134811438,0.0169606864570543,0.0227320165800734,0.0244878078291934,0.0191853280049156,0.0190346774841159,0.019164992594891,0.0200908590848468,0.0349828466197219,0.0295463374444163,0.0217185509406419,0.0200385844948659,0.0215531787800865,0.0179180125978268,0.0251347014596435,0.0220307219230489,0.0211476273999771,0.0201115086514919
995.879542201883,0,0,0,0.000619283030979616,0.0057680438798505,9.34646424576749e-05,0.000301352732377818,0,0,0.000838489679393917,0,0.00282177445135267,0,0,0,0.00265467917194692,0,0,0.00534727315456828,0.00111702384848769,0.0019766940548835,0,0,0,0.000947764238578543,0.00443927402869099,0,0,0,0,0.00905944093399415,0,0.00482576189352504,0,0,0,0.00193775212226371,0.000339930779752748,0,0.00295749207683297,0,0.00121586303901335,0,0,0,0,0,0,0.000603191394352294,0,0,0,0,0.00415247384324228,0.00288265242647107,0,0,0.00221398779465386,0,0.00148079740880359,0,0.00513442917911996,0.000259680917147997,0,0,0.00778725253011657,0.00607539425607374,0.00112974951791424,0,0,0.00050874103834705,0,0.000726730964742003,0,0.00377939472772717,0,0,0,0,0,0,0,0,0,0,0.00933955759778238,0,0.00033537669765635,0,0,0,0,0,0,0.0050435826491731,0.00838829676955353,0.00421166340465595,0.00162967280984031,0,0,0,0.00338977729497561,0,0,0,0.012641737383395,0,0,0,0,0.00451789588567314,0.0050899712986046,0,0,0
998.9825751584,0,0,0,0,0,0,0,0,0,0.000408160879192337,0,0,0,0,0.0019812813616385,0,0.00176588384204503,0.00270485491887543,0,0,0.00261730904188079,0,0,0,0,0,0,0,0,0.00338557875511303,0.00213030469327181,0,0,0,0,0,0,0.000979270127254532,0,0,0.00306043169420282,0.00510256401172387,0,0,0,0,0,0,0.00179666699107802,0,0,0.00273702477205155,0,0,0.00631576766735306,0,0,0,0,0.0021283410932876,0,0,0,0,0,0.0217793406779238,0,0,0,0,0,0,0,0,0.00121788253151256,0.0115008876663688,0,0,0,0,0,0,0,0,0.00324400610258234,0.0218788280631827,0,0,0,0,0,0,0,0.0014737111899589,0.00631222681280878,0,0,0,0,0,0.0033204467269877,0,0.00376585392448026,0,0.0129602015527947,0.0438097853857239,0.000555922901809861,0,0,0,0,0.00196531628122673,0,0,0
1002.08338161085,0.00835179748820938,0.00330397557232837,0,0.00611683691215384,0.0065097684050376,0.00671377173484442,0.00583857379302723,0.0136746808297451,0.008590603814558,0,0.00512713792334015,0.00463798037637481,0,0,0.00533921702942374,0.00234770463849781,0.000285311289868931,0.0033194311259778,0.0119699122292615,0.0105157009288825,0,0,0.00478450267799475,0.00488163486726522,0,0.000250819899058095,0.00486962519377852,0.00776389678149209,0.00275718084256102,0.00888149474648268,0.021119151091863,0.0047377300271606,0.0055667289452697,0.00506854402229635,0.00119423609416711,0.00585519746897905,0.0107170431823065,3.5727698697016e-06,0.000401189686857116,0.00535853962470341,0.0108419679266102,0.00575052082059396,0.00186179588648962,0.00384002445432887,0.000304176994717276,0.000102118408604023,0,0,0.00080255633989932,0,0.00336996342842743,0.00284540948179669,0.0011405340059655,0.00379354186467806,0.00317972234495558,0.00476970702834789,0.00396863467747991,0,0.00854077188412401,0,0.0110358547409835,0.00215565106534925,0.0080472665793071,0,0.00378649679090754,0.0405382269154339,0.00852321740109216,0.00187758432619478,0.00459610315222007,0.00969976096843487,0.0089446473288932,0,0.0111977187075265,0.000507753794624083,0.0024141481928727,0.0179869904138582,0.00481181384540284,0.0015928226045351,0.00864068459215259,0.00905960213857366,0.00519129485275964,0.0110185524781618,0.00511054613701218,0.00430974855760328,0.000655755531404431,0.0375110550600637,0.00106276584463607,0.0130998309736929,0.0110390014691335,0.00380956521061455,0,0.00167327636771138,0.00732437236892223,0.00745398391820514,0.0240519739750439,0.0337769101471535,0,0,0.00865365329570551,0.00303594667253719,0.00567030707352278,0.00753761911869315,0.009319340457725,0.00600140853383988,0.0245879354681148,0.0522431083495387,0.0107537921565138,0.00303537041831276,0.00474703655842083,0.0109913684754957,0.00587407510068478,0,0.00833618719469743,0,0.00760146045282963
1005.18196378813,0,0,0,0,0,0,0,0,0,0,0,0,0,0,0,0,0,0,5.58423259918401e-05,0,0.00388472222995975,0,0,0,0,0,0,0,0,0,0,0,0,0,0,0,0,0,0,0,0,0,0,0,0.000942951305401373,0,0,0,0,0.000597135939510279,0,0,0,0,0,0,0,0,0,0,0.000308765042199972,0.00119888196188521,0.00221597665417235,0,0,0.0248365332605734,0,0,0,0,0,0,0.00542778941333345,0,0,0.00105686240930009,0,0,0,0.00364715376555009,0,0,0,0,0,0.0237157758605386,0,0,0,0,0,0.000695954561425842,0,0,0.00883717940188101,0.0200499818303449,0,0,8.75091179850908e-05,0,0,0,0,0.000699073709074277,0.0101545616770025,0.0393625840044454,0,0,0,0,0,0.00498317607762812,0,0.00364727696848145,0
1008.27832391613,0,0,0,0,0,0,0,0,0,0,0,0,0,0,0,0,0,0,0,0,0,0,0,0,0,0,0,0,0,0,0,0,0,0,0,0,0,0,0,0,0,0,0,0,0,0,0,0,0,0,0,0,0,0,0,0,0,0,0,0,0,0,0,0,0,0,0,0,0,0,0,0,0,0,0,0.00114945254667069,0,0,0,0,0,0,0,0,0,0.00268975916762209,0,0,0,0,0,0,0,0,0,0,0,0,0,0,0,0,0,0,0.00114554564873929,0.0151131830085673,0,0,0.00120698862219384,0,0,0,0,0,0
1011.37246421771,0,0,0,0,0,0,0,0,0,0,0,0,0,0,0,0,0,0,0,0,0,0,0,0,0,0,0,0,0,0,0,0,0,0,0,0,0,0,0,0,0,0,0,0,0,0,0,0,0,0,0,0,0,0,0,0,0,0,0,0,0,0,0,0,0,0,0,0,0,0,0,0,0,0,0,0,0,0,0,0,0,0,0,0,0,0,0,0,0,0,0,0,0,0,0,0,0,0,0,0,0,0,0,0,0,0,0,0,0,0,0,0,0,0,0
1014.46438691273,0.00452856097766071,0.00165806046822799,0,0,0.00901058659811634,0.00389487280539012,0,0,0.0030141978949465,0.000891285209106642,0.00984984242820762,0,0.00626780300762297,0.00353225489949877,0.00897053326484814,0.00220656387985649,0.00286100976080852,0.00520193351819414,0.00885432510478267,0,0,0,0.000250810906077444,0.0025841198993394,0.00522379503100085,0.00221856458736838,0,8.29989902181501e-05,0.00800439557389009,0,0.00306141432989478,0.00550091250408135,0.00430569491923863,0.0076069894776162,0,0.00249090283186772,0.0046333296010577,0,0.00081084198794213,0.00248473381814514,0.00576591561965567,0,0.00326855425200715,0.00537314066523961,0.00605476097461359,0,0.00642851166659443,0.000214109635291613,0.00551036202257052,0.00850674402234525,0.00538821537245753,0,0.00964884116811274,0.00519375230580396,0.00153424556675162,0.00457698143724186,0.00111357271507646,0.00768099911368586,0.00349536916299797,0,0.00493867610498955,0.0058573665821935,0.00143151095769051,0.00968283598180413,0.00147652289514544,0,0.00899555589082032,0.00548125311825842,0.00225676963688328,0.00685278829199887,0,0.00210480130172569,0.0111622181398425,0.000413361508907607,0.000168229208068616,0.000258618102150582,0.00034213840792793,0.0128557204959509,0.000442291020408074,0.00397012838821579,0.00184387840856426,0.00185866522602428,0.00230234320009558,0.0101087421574067,0.000580280844381919,0.00811700106789058,0.00258915298502528,0.00417428826825756,0.00176689798950147,0.010172072446621,0,0.00528411550172536,0.00839982563257212,0.0105239848027225,0.00196677072445329,0.00474382227138548,0.00451218053831445,0.00736291668914513,0,0.00189126812604809,0.0128214152164217,0.00422580555036728,0.00240603790346484,0.00702854864558387,0.00754394024846686,0.0106466245082136,0.00543050057984164,0.00511253158623884,0.000356894744183299,0.00377849224143532,0.00257181701977554,0.00483567039176997,0.00394628702582506,0.00520679750441092,0.00109945359986517
1017.55409421804,0,0.00123603401107167,0,0,0,0,0,0,0,0.00259722289144439,0,0.00398933692443092,0.000391607534549247,0,0,0,0,0.000495898819951513,0.0121410510483414,0.00600561490381121,0.0009815556021916,0,0,0,0,0,0,0,0,0,0.00474745772789795,0.000811847005342171,0,0,0,0,0,0,0,0,0,0,0,0,0,0,0,0,0,0.00208634550972558,0,0,0,0,0,0.00303644396995875,0,0.00505573780378024,0,0,0.000695083586388859,2.6509820878605e-05,0,0,0,0.00493150971485462,0,0.00231596083652765,0,0.00109945672739092,0,0,0,0,0.000268443291713865,0,0,0,0,0.000199035619238661,0,0,0,0,0,0,0,0,0.002959013781377,0,0,0,0,0,2.38931290338948e-05,0.00705860003111282,0,0.000400656232647596,0,0.00254549113677464,0,0,0,0,0,0,0,0,0,0.00059564733878255,0,0,0.00188763111059897,0,0
1020.64158834748,0.00312941323765953,0,0,0,0,0,0,0,0,0,0,0.000297697660868917,0,0,0,0,0,0,0.00129263136148771,0,0,0,0,0,0,0,0,0,0,0.00299767843702312,0,0,0,0,0,0,0,0,0.00153445524280116,0,0,0,0,0,0.00246112993098155,0.000597386696362282,0,0,0,0,0,0,0,0,0,0,0,0,0,0,0,0,0,0.000674871750923318,0,0.00193479111846916,0,0,0.00078739273477429,0,0.00196395928518839,0,0,0.00170480691825526,0,0,0,0,0,0,0,0,0,0,0,0.000109194765292517,0,0,0,0,0,0,0,0,0.000203576944237359,0,0,0,0,0,0,0,0,0,0,0.000959362471904102,0.000801486528702986,0,0,0,0,0,0,0,0
1023.72687151192,0.0145251574334229,0.00144886804877912,0.00327216509645759,0.00454470275630476,0,0,0.00863065903778364,0,0.00595143202411569,0.00113166958894352,0,0.00359330635176544,0.00270860759459988,0,0.00704363853916976,0,0.00421461693545627,0.00219851248652256,0.00783263744473881,0.00937911166212047,0.00220006518138637,0,0.00414111232131887,0.00439207545969435,0.00114355217139901,0.00679727925196091,0.00600536996262542,0.00513012333744243,0.00120220519424605,0,0.00378795362480209,0.00510982972121784,0,0,0.0104432784249692,0.00219602991848705,0.00806718676399418,0,0.00597626732925047,0.00491090478895042,0.0054763643494221,0.000464981202100121,0.00454946423477385,0,0,0.00394970096361985,0.00228871765905439,0.0015058503585382,0,0.00877797967656704,0.00832717253746851,0.00347877755620627,0.00721820125949241,0.00320734694343605,0.00135389675490087,0.0047927893561181,0.00563419368586672,0.000335426398059747,0,0,0,0.000225659422213806,0.0011495528607664,0.00023084393597933,0.00610067323676918,0.0143080009187663,0,0,0.0118309952340808,0.00335090762764032,0.000968322434285392,0.0029695059919565,0.00666711270429043,0,0.0031451466822322,0,0.00271239951686346,0.00118021595603452,0.000197385805760916,0,0.00373875365463452,0.00166147655779385,0.0151592567145116,0.00184753884220375,0.00306166608925953,0.00487590225082165,0.00934624778632709,0.00134669665154645,0,0,0,0.00875722244199356,0.00765518486049698,0.00811566135490589,0.00888349069711729,0.0194476437070776,0,0.00772078315235945,0.00339783486720675,0,0.00051931364217075,0.00898578168306097,0,0.00843450613145404,0.0065286261011352,0.015054412296999,0,0.00485796309190964,0.000135066525753691,0.00297861521782198,0.0023537416173961,0.00738122617357469,0.00807475407856669,0,0.0019747933071649
1026.80994591922,0.023765896374065,0.0149063689634734,0.0201376498404139,0.00831849095510319,0.0189638466527446,0.0154111645210949,0.0256888383105161,0.0243088603005828,0.0125085898311832,0.0114769930087965,0.0220621317794811,0.0149518673765148,0.0174010095306302,0.0119126646780717,0.0141611921234507,0.0189481730838082,0.0128460911431455,0.0165550037332782,0.0198040718469583,0.0181101121514465,0.0178869791551923,0.0154855529667621,0.0239231014512793,0.0213976127798082,0.0167417743941366,0.0178047504769613,0.0168560530205148,0.0212738482692318,0.00993646002813586,0.0144678504424088,0.0189645169309721,0.0204144565568372,0.0250333135510793,0.0144428543605503,0.0165083492791384,0.0215021046250833,0.0177810813498412,0.0145889837409351,0.0207654668706607,0.0185926349485008,0.0170594522111075,0.0231800714184752,0.0228517765157026,0.0133401314086704,0.0224800117324785,0.0204350509980806,0.0246249218329372,0.0199784533736505,0.00578574429536068,0.0170041989490751,0.0185612541059813,0.0104397057777343,0.0191723106723063,0.0282794095979172,0.0304630334628764,0.021021143172081,0.0180402083843931,0.0215363500710458,0.017866749945334,0.0175164498715039,0.0253207133015265,0.0170491488647603,0.0179642950048717,0.0209238460705519,0.0165309449483168,0.0309191538794178,0.0214172351446719,0.0225380563522733,0.0162936385367361,0.0198295719794624,0.00869635172229917,0.0161015271482764,0.0185743063441798,0.00625447307633982,0.0209716645765976,0.013332291359715,0.0177977390133992,0.0131978983038753,0.0219156035061753,0.0231425364628168,0.0232309281200565,0.0157372813480206,0.012526290475134,0.0190510551090822,0.0129358479646754,0.0209960292390321,0.0137455689228588,0.0129061516785532,0.0205951356636115,0.0256367456219307,0.0180964551882462,0.0190714122772437,0.0176324855932568,0.0220657555817836,0.013840198245762,0.0253786489885556,0.0264535113184273,0.0149180848619174,0.0192178987591035,0.0120937853016547,0.0204572817628916,0.0140484877142735,0.0272044684102122,0.0242806429891956,0.0143262565976105,0.0315148307557473,0.0172500179636139,0.0103939431547152,0.0110623908118586,0.0244232649090548,0.0197902186093126,0.0200515781429086,0.0206646506248056,0.0222835172945738,0.0204079659396113
1029.89081377425,0,0,0,0,0,0,0.00135862838460433,0,0,0,0,0,0,0,0,0,0,0,0,0,0,0,0,0,0,0,0,0,0,0,0,0,0,0,0,0,0.000152456533162875,0,0,0,0,0,0.000378244902021714,0,0,0,0,0,0,0,0,0,0,0,0,0,0,0,0,0,0,0,0,0,0,0.00830005601298808,0,0,0,0,0,0.000451034740716293,0.000433335376051125,0,0,0,0,0,0,0,0,0,0,0,0,0.00097929741328865,0,0,0,0,0,0,0,0,0,0,0,0,0,0,0,0,0,0.0010274917319073,0.00203533606926681,0.0105612920168504,0,0,0,0,0,0,0,0,0
1032.96947727891,0.0379342497399471,0.0332628105785241,0.0262486696335473,0.0386521364169276,0.0325128248458167,0.0267480009448386,0.0290213639716685,0.0383498856734052,0.0337206719407633,0.0305355180162891,0.0405597447185644,0.0231384936825345,0.0272788236608455,0.0287687892618518,0.0273019457026634,0.0392149360803134,0.028496463618594,0.02671316024115,0.0323229796162898,0.0323081568446018,0.0250104013225343,0.0310564314322459,0.0298692327231633,0.0299894064147442,0.0232828659527195,0.0381666696787277,0.0315383347902403,0.0353306859391305,0.0290187388599651,0.0356172903703297,0.0250053453543872,0.0336411682081652,0.0305353058760262,0.0309293260086209,0.028627757013083,0.0307195425130313,0.0329098183145254,0.0345694707826971,0.0350787219201837,0.0279849509734778,0.0237803039523793,0.0314085412822975,0.0320858686041724,0.0367940746431881,0.0344300360814087,0.0342373928337389,0.0301697139273926,0.02821412869826,0.0326387582448498,0.0410465791512324,0.0363470727843846,0.0391836169090011,0.0311981312475729,0.0305542142416464,0.0317783412017686,0.0227558495282706,0.0305050673001415,0.0287135447436776,0.0299013718594656,0.0311986186590627,0.0335939249575689,0.0404322483603029,0.0294480181890275,0.0281498678617224,0.0232196368871492,0.0471702102973133,0.0363442950645479,0.0421301230567516,0.0241120980916818,0.0300039686722676,0.0323239954245103,0.0363825257905432,0.0278927716001982,0.039160754717112,0.0308153023922431,0.0342163613926608,0.0340129440865809,0.0252844292136426,0.0312788544983777,0.0332599139193473,0.0347122446449206,0.0342069372783741,0.0399886150029611,0.0368698869505763,0.0424528695204154,0.0320637275806757,0.0284584609981149,0.040705876480861,0.0332375821531464,0.0284942704031466,0.0345465716485484,0.0305254035146527,0.0320946602769223,0.0350177302752485,0.0359688269117552,0.0408579115656072,0.0365777763608702,0.0320276526456586,0.0389109193158573,0.0323912001582197,0.0371943608492155,0.0368147119312881,0.0285417337124925,0.03967271368096,0.0342551952627832,0.0492747973802755,0.0442311128335803,0.0274470839865277,0.0361554031597971,0.0218565069735635,0.0308154565402612,0.0350085088661849,0.0344311169975545,0.0291475467906731,0.0292321092018935
1036.04593863214,0.0122058907367599,0.0114487926120294,0.0100808759483644,0.0143181735063481,0.0169890350130682,0.0134744631424836,0.000439897390577268,0.0201035899936783,0.0143233172775334,0.00897199646335649,0.00878519941351887,0.012975746167707,0.0159656078495995,0.0207252203653044,0.0143583740347019,0.021268373071817,0.0136218627508923,0.018806256154023,0.0154785241779923,0.0182531233131744,0.00944438063126962,0.0156463117157098,0.0171005591391628,0.00516579416020296,0.0131544973523198,0.01631726318334,0.0111109491735164,0.0171674890435011,0.0144607980823147,0.0125325732812088,0.0180301206124501,0.0105059168730357,0.00853975381797192,0.0151686360195793,0.015564014613685,0.0152885184158217,0.0115220539218104,0.0163746391273639,0.0160798972430161,0.00736813929741675,0.0161791936271537,0.0228513122210731,0.0106789000921372,0.0195501128884124,0.0135505466467989,0.0145863462875232,0.0177249279984596,0.0109381159984378,0.0135932098482629,0.0194028287981233,0.0134411029044049,0.00746305895380874,0.00914455539986685,0.0197218640960466,0.0182081768655766,0.0136504811962129,0.0214455946825992,0.0103560124009546,0.00506716813651491,0.0182367647714464,0.00820111775304955,0.0178504862855176,0.00738089287060657,0.0098045825065974,0.0162102987392613,0.0139441171139998,0.0145866682619466,0.00487621164946702,0.0126694473170892,0.00834159572017152,0.0122238547970756,0.00497860812576554,0.0167201046025273,0.0114160256120307,0.00993293403480518,0.0119306008946992,0.0152980565071417,0.0182992897945815,0.017842807203032,0.00679819042997512,0.0153809896872007,0.0138849531669404,0.0111554390243401,0.0219771537292666,0.0137457078570029,0.0110094047035244,0.0134585709546218,0.0105575317183485,0.0192422215769035,0.0134709035928315,0.00864750674324746,0.00740783169156121,0.0113626374020546,0.0094787920119367,0.00318379334160871,0.0245092658375911,0.00532422566734437,0.0103285110659643,0.0129429512102167,0.00910941086846787,0.0125173494871687,0.0110635931158644,0.0184340930888138,0.0120690520291579,0.0219585420513585,0.0283171098192626,0.0138669513562082,0.011731692980799,0.00863319262256991,0.0181042193517086,0.0135693926943769,0.0176404805300937,0.0225765107321888,0.0033829674519138,0.0185452106759627
1039.12020002989,0,0,0,0,0,0,0,0,0,0,0.00129471742664508,0,0,0,0,0,0,0,0,0,0,0,0.00112806086104566,0,0,0,0.000384051555120034,0,0,0,0,0,0,0,0,0,0,0,0,0,0,0,0,0,0,0,0,0,0,0,0,0,0,0,0,0,0,0,0,0,0,0,0,0.000129420305579999,0,0,0,0,0,0,0,0,0,0.00112713758699142,0,0,0,0,0,0,0,0,0,0,0.00730931999936585,0,0,0,0,0,0,0,0,0,0,0,0,0,0,0,0,0,0,0,0,0,0,0,0,0,0,0,0,0,0
1042.19226366514,0,0,0,0,0,0,0.00110044635330193,0,0,0,0,0,0,0,0,0,0,0,0.00515153113299871,0,0,0,0,0,0,0,0,0,0,0,0,0,0,0,0,0,0,0,0,0,0,0,0,0,0,0,0,0,0,0,0,0,0.000105678273313501,0,0,0,0,0,0,0,0,0,0,0,0,0,0,0,0,0,0,0,0,0,0,0,0,0,0,0,0,0,0,0,0,0,0,0,0,0,0,0,0,0,0,0,0.00497696815305539,0,0,0,0,0,0,0,0,0,0,0,0,0,0,0,0,0.000313666150557149,0
1045.26213172793,0,0,0,0,0,0,0,0,0,0,0,0,0,0,0,0,0,0,0,0,0,0,0,0,0,0,0,0,0,0,0.000328084381137104,0,0,0,0,0,0,0,0,0,0,0,0,0,0,0,0,0,0,0,0,0,0,0,0,0,0,0,0,0,0,0,0,0,0,0,0,0,0,0,0,0,0,0,0,0,0,0,0.00238795948989882,0,0,0,0,0,0,0,0,0,0,0,0,0,0,0,0,0,0,0,0,0,0,0,0,0,0,0,0,0,0,0,0,0,0,0,0
1048.32980640533,0.0205934197509896,0.0187284576173245,0.0141329540607518,0.0129100207213823,0.0150277165532039,0.0184941557328441,0.0203198289261517,0.0158865059995182,0.0161620741210661,0.0162238643334463,0.0192845885179238,0.0120905985530997,0.0140099928555784,0.0182160158188892,0.0129526275365448,0.0188437380127285,0.016036809116917,0.016289863484247,0.0170975096348389,0.0178600628841724,0.0112552292272784,0.0179525577361224,0.0193408146346331,0.0196554189210779,0.0111867557893915,0.0219544691648467,0.0177821989453083,0.0205809927178207,0.00547029012008268,0.0133226241524114,0.0122441491035305,0.0205927496604686,0.018420683802477,0.0120938451479429,0.0129864892158241,0.0117709999452552,0.0181429476746589,0.0144199748225386,0.0190499464384081,0.0119516102927661,0.0103980961452564,0.0182398860413854,0.0215890204342493,0.0198485748146124,0.0143112085684312,0.0164149635857568,0.0206153704672313,0.0121978976505942,0.0165021719591859,0.0153185779776808,0.0169016185645719,0.0230507131211243,0.0180383555197137,0.0193255902898381,0.0120420180055168,0.0106050570964983,0.011461788976368,0.0203281048955476,0.0155583672627052,0.0124641776546311,0.0187392762142752,0.0133001068316443,0.0211206308306377,0.0139109730847735,0.0246371521247248,0.0103636677781241,0.0214565177115983,0.0115665328053929,0.0145537068896378,0.0132842349251599,0.0168854959273983,0.0264885230929703,0.0181413771221997,0.0204377623547836,0.017749387511467,0.00949316538861608,0.0219349251912949,0.0169171727988885,0.0181370954385076,0.0203491166340953,0.0156553858344834,0.0120888809100808,0.0147437329999569,0.0185279041696168,0.0124306541166555,0.00987832703128143,0.00567337435388458,0.013986422792708,0.0173961690991555,0.0196766279766044,0.0111709184740755,0.0194858304028902,0.0166652427767115,0.0182629532805425,0.0123266217981691,0.0119225044899195,0.0194733789631797,0.0161581703225344,0.0202673473370853,0.0105222212150868,0.0118004297740678,0.00429006851953904,0.0167520976742399,0.0172839222428761,0.0129179498773023,0.0107680829467249,0.0128308439531496,0.00603093748480668,0.0105868150636735,0.0129208475904945,0.012274857457,0.0207530408977779,0.0191086629395546,0.0176120772906204,0.0113474768071153
1051.39528988146,0.00506971296264507,0,0.00390603502929302,0.00499688479681999,0.00700984966054782,0.00520616436047614,0.00764149601773842,0.0126755691446938,0,0.0054601076873864,0,0.00675374881892281,0,0.0020602473439077,0.00758179205890231,0,0.000613919029240441,0.00677928865167684,0.00241355109462251,0.00433376617789293,0,0,0,0.00170007778632075,0.00961675184962286,0.000638175862116458,0.00380930164285856,0.00454728471769576,0,0.00584067001810605,0,0.0100787698324785,0.000176758753222549,0.00286432304465544,0.0102868732240433,0,0.00210149334442674,0.00694690561941854,0.00221580409191919,0.0103693640403581,0,0.000506163954991919,0,0,0.0100646151581879,0.00167599919130863,0.00163691411583,0.00682046587709254,0.00671857850306847,0.00669006123804954,0.00680577617731648,0.0119755694892022,0.00784348654592511,0.00467170779204319,0.00447709057483166,0,0,0.00304038258636107,0.00423948234384375,0.00274254426711614,0.00795926633458403,0.00203728157250244,0,0.00476763695518745,0.00672055073549117,0,0.000777446493355674,0.00295831266365179,0.00145247175648283,0.00272988209529198,0.00495351186583911,0.00213031990670433,0.00641879103207598,0.000862884407399352,0.00545386207899052,0,0.00266985081270953,0.0120879373575543,0.00414637885221783,0,0.00655333419470662,0.00357359398489615,0.00444903861526554,0.00789947822914714,0.0021810838275384,0.00688078022081334,0.0127419531890537,0.00571571176293745,0.00392860636644656,0.00949273351024451,0.00583789385151193,0.00282310960068029,0.00578682152895092,0,0.00450969549978945,0,0.00581162758993037,0,0.0024236051030199,0.00570541916352579,0.00418045136104158,0,0.0136322597840224,0.00215545489746207,0,0,0,0.0044632728547404,0.00145891544593973,0.00805929173407215,0.0134343515406225,0.00446306588993909,0.00723948765840227,0,0.00280305897215484
1054.45858433751,0.00137586078153775,0.00071511605760673,0,0,6.386286202776e-05,0.00365125618744981,0,0.00462488458110668,0,0,0,0,0.00164383013484348,0,0,0,0.000674446140958333,0,0.00348906740045861,0,0,0.00629593910354092,0,0.000681987366293984,0,0,0.0011549098858164,0,0.000147043434063118,0,0,0,0,0.00617736045392727,0.00649234202324836,0,0,0.001618621537354,0.00444716413239785,0,0,0,0.00288753256801268,0,0.000982752709814995,0,0,0,0,0.00728842254743289,0,0,0,0,0,0,0,0,0,0.00440909135625131,0.00151075935072655,0,0,0,0.00568655364247022,0,0.00303226194140164,0,0,0,0,0,0,0.000926937034352569,0,0,0.00646558542353948,0.00291512262158716,0,0.00056970080432128,0,0.000966300800951324,0.00233669569304728,0.00208164748856785,0,0,0,0.00109123379299931,0.000208323640791798,0.00523830986880945,0.000502540155564428,0,0.000388035814037367,0,0.00625738878823953,0,0,0.00107180620650222,0.00139703434492032,0.00034272029300661,0.000963539508307187,0,0,0,0,0,0,0.00234871814168918,0.00044982453410379,0.00374287542203505,0.000505821389178156,0.00181997724967857,0,0.000200866382640419,0.00234243320587388
1057.51969195172,0,0.00613023682277533,0.00618238731122342,0.00665865618753817,0.0103054219804069,0.00262748041128857,0.00403138035227662,0.00570920274505441,0.0114352855377272,0.00609310127323219,0.00864664964108595,0.00844193792455784,0.00493502600012844,0.00483498027106009,0.00712955235094466,0.00732971930623512,0.000732691190879986,0.00523571981495728,0.00945406887979387,0.00655809631679498,0.0070668452172119,0.00632878941196951,0.00232303716567161,0.00813153622750506,0.00325534153363046,0.00617330926424452,0.013592834351121,0.00248253338166911,0.00235493712259443,0.00702465613509604,0.0134156626587736,0.0127341067415471,0.00940082237172087,0.00457930210698214,0.00105680585857794,0.00656921963602995,0.0096797471949832,0.00272940149388628,0,0.0142730313761635,0,0,0.00345842291746529,0.00109710500643841,0.00854545153803253,0.00503292603984425,0,0.00363940992876019,0.0013315302083893,0.0116847961615006,0.00584358470920439,0.0131266276417601,0.00741403740778423,0.010706675654324,0.0117704664173253,0.00640830210997723,0.00837277072201951,0.0128824975006746,0.00161805973705836,0.0125822872697939,0.00643643315110991,0.00217041691895877,0.0115575747281065,0.00382058589230019,0.00682908858169349,0,0.00801543311660178,0.0062833697144565,0.00758092778155766,0.00756484971151283,0.00453737194377326,0.0066216208724163,0.00818316000907924,0.0053535021005228,0.0109559458485421,0,0.00382290738189948,0.00676324193740007,0.0091394151220163,0.0061579247361266,0.00936677406022405,0.00910290457030168,0.0111350319675593,0,0.00775199333536669,0,0.0166390911677096,0.00011312765454932,0.0138184975542125,0.00529573820306477,0.00491335545452552,0.00614685509252945,0.00266182724787164,0.0050855848545114,3.16646657299925e-05,0.00738342894645425,0.00819041278547624,0.00388086563168984,0.00525130108161983,0.0123699089728908,0,0.0116965314912197,0,0.000670585215948495,0,0,0.00384126451167279,0,0.00539406643953861,0.0125650713140288,0.00274418948872987,0.00299647544476193,0.00466999287741414,0.0102185079405247,0.00187962188795414
1060.57861489938,0.0224865223069063,0.00994052082066202,0.0262650203287871,0.0199448819289264,0.0124870273617475,0.0277397851389569,0.0162833355311009,0.0148537078008527,0.0130988194532864,0.0185714717122963,0.0167900923522194,0.0186939365156194,0.0168894339770471,0.0199865261750466,0.0169256903697989,0.0142579426028136,0.0205466027975387,0.0158522036424982,0.0192216993389398,0.0174284325197975,0.0108739323715332,0.0175552860042342,0.0199399591949838,0.0129323192406395,0.0198946894273619,0.023718544470403,0.0233330959737813,0.0148441238804566,0.0186381790964426,0.0199986995247893,0.0199229002583218,0.0180071083818467,0.0158923669550085,0.020432984190372,0.0174686986261112,0.0140917331691334,0.017754074627394,0.0226250372092413,0.0274262688440967,0.0148609331490323,0.0171775898104011,0.0135904512285065,0.0211946947047082,0.0195675874033854,0.0155691090693966,0.0176554639693632,0.0153158279938861,0.0182903500790602,0.0117306738906658,0.0225938372490659,0.0181836300506751,0.013698819086917,0.0231158768389598,0.0232381386391279,0.012952741997359,0.0226058167370911,0.0218213184236991,0.0259268616855357,0.0168098370481643,0.0223806012936183,0.0249033743513519,0.0259788477725405,0.015383992678089,0.0158116142664553,0.0199524492178376,0.0120582548143924,0.0151810088306528,0.0220021750804933,0.0191374869794543,0.0213656652540571,0.0242353394481325,0.0159233278899936,0.020060863305453,0.0168706868504537,0.0206914911255013,0.0229855516541547,0.0145869900687766,0.0198339906341778,0.0194725965223886,0.022249273530711,0.018587155957753,0.0247597152277953,0.0193858292766498,0.0187823646163011,0.0132508026376558,0.0169787225786825,0.0188538392901705,0.0163333398231947,0.016593722487199,0.0161362162558819,0.0190704894645645,0.0185867913011599,0.0169939413535584,0.0168718676444542,0.0140000563448085,0.013291343138458,0.0143282696914977,0.0192235798529947,0.0101885835366988,0.0260255158439065,0.0165503364910991,0.0178280271634741,0.0150309481872742,0.01485747190418,0.00981609450074444,0.0064580037938438,0.013977198888809,0.0139085364966117,0.0282026985465836,0.018647487830892,0.0158155621027927,0.0156362745923873,0.0193997445648415,0.019683265971289,0.0127353422073121
1063.63535535287,0.0128702669967948,0.0116118476067734,0.00845038984881654,0.0136137887649978,0.00822037630781738,0.0107088479976897,0.00253515611325479,0.00518432024955385,0.00935544612303271,0.00834027847941482,0.00927983132112139,0.0085084648135776,0.0023047519146729,0.00328247982008733,0.00992049764222106,0.00105500660571252,0.000308918000960948,0.0153401679117201,0.00126868440658913,0.00552085714347847,0.00444437868200531,0.00745507538115482,0.0119493920712004,0.0108495999481851,0.00385069114069127,0.0193641698766683,0.0195939358736912,0.00416066902752394,0.0116375347483289,0.004431721767946,0.0102267780675248,0.0159081559825403,0.00301894943598649,0.00628601451994059,0.0120290318847198,0.00985854355440755,0.0043841068363948,0.00923925698456355,0.0111279706392349,0.00728299273223945,0.0101020588150436,0.00501184417598041,0.00834981106374131,0.00988218423261605,0.0027221452184676,0.00728670476750993,0.00828113431030607,0.0107382399228774,0.00521224862309143,0.0155851281965022,0.0102163602593232,0.00844182829964356,0.0150713541625768,0.0118383454873122,0.00811584818336555,0.0129390362738496,0.00254830625133777,0.00592196309814043,0.00927061058896756,0.0110229947214294,0.0184486327578274,0.000676288523763216,0.00895067356518982,0.00611827852526358,0.00910824612676116,0.00744304294809789,0.0125149461525914,0.00365197502596393,0.0126046967780296,0.00921425192351866,0.0068404932443233,0.00947617180822432,0.00940316548186218,0.0109270120013395,0,0.000681302147744926,0.0108676658701294,0.0149956827393717,0.0043919311683064,0.00958774586118228,0.0137896627712984,0.0114000058302352,0.00362685663665792,0.00547162436803402,0.00516630058210843,0.00365180498878732,0.00598617052269789,0.00544802925078397,0.0150338839563109,0.00378686963722441,0,0.00407188100747118,0.0170709427660169,0.00784972627112657,0,0,0.00781050692269135,0.00949308126789186,0.00915565367489368,0.0108734332073916,0.010573877379831,0.0113061305082914,0.0145956055088695,0.00515059355875914,0.00238674723626453,0,0.00801454904569728,0.00361830281530428,0.00877991080259038,0.0143247652923352,0.00884003510263161,0.0135330032058625,0.00806454077963474,0.00821623093890281,0.00687784472624973
1066.68991548165,0.0107818169741099,0.00954156730966921,0.01066435000244,0.00834125078794476,0.00610056234517501,0.0112793552091244,0.020619666787899,0.00250045444761366,0.0131777240795375,0.00567668639539714,0.0125620612456732,0.0117656357668693,0.00667351870495092,0.00979212819350905,0.0105003494794025,0.0206923765608578,0.0153130345744283,0.0164158391716646,0.00614136780780076,0.00391509620760732,0.008786766090934,0.00588318604731998,0.00395701758112522,0.00982391439296666,0.00387779771191464,0.0024168384982215,0.0147746888641049,0.0100879050690527,0.00734228646784687,0.0109406814448773,0.0134904290550737,0.0106489194823023,0.0164992483738492,0.0134091007343663,0.0158735929087486,0.00882924357242617,0.00494980557970913,0.00282974539992835,0.00844778401124109,0.0122210946558598,0.00302478998915185,0.0131409040213646,0.00891524197869914,0.00777506624105124,0.0129640867093261,0.00129505894879488,0.0121104940704731,0.00535027877552247,0.0117879266873296,0.0118319697763794,0.0145373110275569,0.0116588000143717,0.00648548466000967,0.0189274549917981,0.00491867354998502,0.0135076607804827,0.00955655986825427,0.0135451133758285,0.0174235125598231,0.0137662070732788,0.0130755723491967,0.00883086369659077,0.0165525302353206,0.00672255300614615,0.000985692366994913,0.00653769920273599,0.00875498404639547,0.0150411206679356,0.0049738758986761,0.0150675219284653,0.0101712350028234,0.0122584139115549,0.0180582923143927,0.00498155787936424,0.0138205177297246,0.00710858882005779,0.0119737585891253,0.0123260208764714,0.0141807172864251,0.00466512098792717,0.0116859062230222,0.0120084704253628,0.00805482396930434,0.0119456173675392,0.00957519197465918,0.00374514779429224,0.0168147343398984,0.01332498899003,0.0140139354559166,0.0049171346564385,0.0035116155816985,0.0132738410076849,0.00289297605478409,0.00522791875370619,0.00154235313001355,0.0121550598089582,0.00734288744460767,0.0128415521922983,0.0184296806696883,0.0125681801181769,0.00900107618061216,0.00698267605018676,0.014697097515921,0.00847392207915825,0.0112416216948806,0.00240371716694624,0.0109312908829423,0.00748749454131231,0.016425682047593,0.011095308523923,0.00836376025410487,0.00979006493134803,0.00324318669309996,0.00390759550661882,0.0107219445361821
1069.74229745223,0.017834804551085,0.0277717458151099,0.0188316425032387,0.0216222605313018,0.0238548125806696,0.0198496530392269,0.0270298586741148,0.0197018946052523,0.0229442536452647,0.0159874533034537,0.0266369318178908,0.0187856077868206,0.0299958893159851,0.0276379677595636,0.0305875552058357,0.0186097380373932,0.0233735187940901,0.0201390383563528,0.0159041643706121,0.0136958757637659,0.0168984286478073,0.0197703616387228,0.0205016182953525,0.0220306784010916,0.0135470158416716,0.0232412875489259,0.0196574042126424,0.0170852761405192,0.0219957922316224,0.0152942695897484,0.0178327852993108,0.0296044558636027,0.0197585823396829,0.0248940172252007,0.0268175763583089,0.0158123709498109,0.0264200729843915,0.0189628917312159,0.0319162381929901,0.0171574932777579,0.0134765742898525,0.0191124146513845,0.0250370530450217,0.0192020482896746,0.0194454666107677,0.0193858210514983,0.0230010095588551,0.0286596296495092,0.0178162542698807,0.0178493239942883,0.0274061759449436,0.026528327290255,0.0259597624900584,0.0227517676824031,0.0153965301983667,0.0237730381555766,0.0283637538999199,0.0249590029840567,0.0228689468047163,0.020304613392416,0.022327681370504,0.0299356445545661,0.0230729681119969,0.0273817558229522,0.0249973712328029,0.0178240085597606,0.0159154590208998,0.0226434159581433,0.0126882372452675,0.0219784336803658,0.0205913315371034,0.0210121862423269,0.022419777928412,0.0235860975132486,0.0219388653440266,0.0241765146910584,0.0259507004118169,0.0259337073442786,0.0169390362278724,0.0257273618932669,0.0214403841949584,0.0190629565902785,0.0293960640161829,0.0264395564885194,0.0145258711976624,0.010032103036856,0.0152541201278838,0.0253701094844939,0.0205754130519934,0.0189879048438646,0.0247039851093422,0.0176226810301003,0.0166715591169732,0.0260786642305627,0.0181648208831884,0.0232391977832602,0.0189773761727327,0.0221837583313899,0.0244466281587631,0.0240443467117214,0.02614968652895,0.0186093725887553,0.019644154136143,0.0139676546755357,0.0255238632826996,0.0169506152930436,0.0277231422300084,0.0184357217196981,0.0273183401528328,0.0138870891619987,0.0311813023034287,0.0224245893832809,0.0250260022152703,0.0188747792116247,0.0226505646646088
1072.79250342824,0.00928923517109306,0.00646485611729076,0.00913249589374354,0.00892461698477892,0.0115251400912112,0.005480752589923,0.00690976423745524,0.0137900184193592,0.0100077748823156,0.0138616599539231,0.0185819474463745,0.0150485401916246,0.0137817681845822,0.00445045851672435,0.0105714675330128,0.00593121449790028,0.00953865333240428,0.00584627882028295,0.00501238046866782,0,0.0153125601917757,0.0203281069051631,0.00877192692014507,0.00247445986814168,0.00714193448292796,0.00574334220549081,0.00944385556951503,0.00961221988227477,0.010658645688528,0.0131848137167341,0.0119128318693719,0.00433763045181842,0.00956990116675204,0.0112876002872855,0.00553189094445099,0.0121087517703824,0.0109007958608546,0.0104033289237718,0.0134335835384366,0.00794167001280805,0.00639626689238972,0.0164583924683468,0.00306742284277015,0.0073463928738268,0.00766763127342136,0.00572788214755785,0.0148747747352399,0.0162291093205707,0.00638178612366299,0.0070351695850944,0.0130215926732461,0.0186173908393055,0,0.0135221983238365,0.00344406953649442,0.00601935759471818,0.0139134209031667,0.0119922268850188,0.0104543239260106,0.00460272197441094,0.0104506765173389,0.0105644142310336,0.0133953853546283,0.00359028835666149,0.0114250531573498,0.00154448943303938,0.00614544187498916,0.00699208877325073,0.0154681458520453,0.00770394336361648,0.0146463502993811,0.00207147347221953,0.0106844573159422,0.0105448283853063,0.0053313572435917,0.00665759415675718,0.0104267985196897,0.0107800382844009,0.00671956036787082,0.00753199977616109,0.013942935388367,0.0132205597242234,0.00872195384254027,0.00617198453007482,0.0102397759199317,0.00754301738246754,0.00830614564815317,0.00092809746828428,0.00817783464123912,0.00285897743703124,0.00365201132842453,0.0128060720836447,0.00906886958420231,0.00531482695226695,0.00927642320036202,0.0104971325882982,0.00255205570640428,0.00318300094850667,0.0103870479304095,0.0159528366884693,0.0113575589516516,0.00163131282372913,0.00735540360915804,0.00479901324070424,0,0,0,0.0086856265338567,0.00247686459258497,0.00244142226074141,0.0171579520415538,0.00994306001921402,0.00499794803275841,0.00409804577972384,0.0113974947990688
1075.84053557036,0.0158015148405223,0.0140069528309393,0.0205451045142731,0.0232631626504385,0.018532644451232,0.0193824054564886,0.020745099975447,0.0245388482429662,0.0159882567990191,0.0133566412532949,0.0256376196908357,0.019914564161311,0.0203125771303404,0.0136552830097134,0.0225271044296582,0.0229151626837139,0.00851824841836813,0.016984320137811,0.00607661819233392,0.00939282750556425,0.0228830368879397,0.0160865326493751,0.0151781253678912,0.0178547202833231,0.0178799209078398,0.0123314513316585,0.0197144661300322,0.01071200077451,0.0209777514592293,0.0186128552940522,0.0254337612716295,0.0232906104890896,0.0235839165205461,0.0194971174163838,0.0148342167482498,0.0180206437019963,0.0211109015385661,0.0141881389259525,0.022734265665133,0.0117865879069617,0.0157496431703395,0.00895205563536655,0.0122123688324823,0.0187707696079835,0.0173681628806265,0.0172473801811642,0.015983161236499,0.0151685130361412,0.0178638224120243,0.00870632631501212,0.0130630705775131,0.0128239602451443,0.0157962428163204,0.018431213813402,0.0237667377256617,0.00873870710246078,0.0166261944841985,0.0109428839925558,0.0240144768963497,0.0154774995436618,0.0229503397319329,0.00900061389875293,0.0177534225169362,0.00852707573911109,0.0201831196515653,0.00699876840868892,0.022586944892196,0.00810260712328345,0.0176985661100755,0.00772737354828732,0.0217910250102958,0.0113656846290546,0.01397028315296,0.0160523395143754,0.0220471379791296,0.0114855845500424,0.0265463688321587,0.0097334645574655,0.0278581266134309,0.0186392230239556,0.0166867685454652,0.0148990857131397,0.01969359739043,0.0254760768610984,0.010298596307108,0.00608585443086995,0.0191303422719313,0.0187038321582934,0.0163614620281772,0.0153092212971747,0.0156348251498211,0.0139178238307618,0.0146216330310132,0.0133588561270048,0.00676491274059791,0.0164004211317073,0.0262875656592636,0.013612516742092,0.0239970301857067,0.0219910753120531,0.020793910564702,0.0182056986686161,0.0139154106307598,0.0276659341633974,0.00740041822449702,0.00957909181689637,0.0113473910586074,0.0109167691817399,0.00849421153028242,0.0178236563283402,0.0226364223328689,0.0187530082867579,0.0148322256638061,0.00969899522813118,0.0303313144655986
1078.88639603641,0.0276908677630452,0.0279590587546833,0.0146329277558584,0.0269976054775607,0.0276875786787276,0.0183466558200839,0.0223759703794172,0.0239993267507845,0.0225082677002252,0.0193384957776321,0.0251360450528044,0.0290816103854741,0.0219680705530535,0.0217791871858688,0.0236432263082381,0.0287738064170055,0.033662324300897,0.0233526176656211,0.0190970356875669,0.0213391332333505,0.0218336260059364,0.0214401069165048,0.0242503521295888,0.0268815519362983,0.0243306562179444,0.0254876505687215,0.0208191542661622,0.0284230669897509,0.0242569137845256,0.027270724840056,0.0281526202192432,0.0196055864926469,0.0225366094703602,0.025523725902235,0.0192191451721364,0.0233971316004935,0.0163101287671625,0.0244130288188082,0.0233168865986533,0.0210728076398754,0.0267453694482443,0.0251611049694684,0.0149184642007244,0.0356083122955566,0.0238455576387367,0.0282182971960804,0.0214366822917407,0.0281854395016424,0.021705315105852,0.0158052235511801,0.0264620537176786,0.0218619607826511,0.0152997363237422,0.0179004968739261,0.0293181245226602,0.0281596418777946,0.024701678699172,0.0239781612317308,0.0278323976788324,0.0312327361482155,0.0267810567597158,0.0247047254996787,0.016171525957727,0.0177993372670882,0.0245826487704895,0.0145732328244149,0.0281053454925776,0.0211083899051979,0.0204758497655872,0.0257560688207203,0.0234800202629512,0.0174008198673661,0.0328139181625914,0.0188306987330299,0.0258621532660179,0.0274867526139235,0.028719604355408,0.032561597864739,0.0311530741270486,0.0231104502657266,0.0199685919665189,0.0294717507261965,0.0279360294319884,0.023922969396644,0.0168755281744903,0.0185657788733809,0.0218745134904744,0.0182355380187666,0.0261688532440186,0.0293760707893725,0.0292412019325182,0.0182627880330845,0.0267516022402237,0.0224687802461684,0.0228540182698882,0.011944344224434,0.0241642170140183,0.0240408771856305,0.0234990231808031,0.0122664608638835,0.0296784194472891,0.0309284395427648,0.0247828360850021,0.0271828074123403,0.0200516048449862,0.0118127880639469,0.019809805863994,0.0267632699454044,0.022090114463194,0.0244441000092264,0.0216125949345869,0.0150044861304906,0.0360677502143623,0.0252128594118139,0.0244665039047786
1081.93008698127,0.0164524859250487,0.0119912962008915,0.0135919466903715,0.0121758796308164,0.0110565006289557,0.0167763523445723,0.0112719418087862,0.00625927372511893,0.0187576119277737,0.00315233352992257,0.0138390768168162,0.00813206913298899,0.0057505635101978,0.0164047605979467,0.00795890070310304,0.0123833043728322,0.0208916296562831,0.0143545780468739,0.0130938623614292,0.00671240491376866,0.0116257941442147,0.0177296658693646,0.00451527608642734,0.0136742953114041,0.0120287143884933,0.0118181670261473,0.017609922261253,0.0107645645987759,0.0134575505328561,0.0149270999272056,0.0179093314752575,0.0138138870838513,0.00750385499823369,0.0113683245791662,0.0175943439222527,0.0164844965372662,0.0163327686622474,0.0131662391931858,0.00755440569547382,0.0134859619066061,0.0114441103969132,0.0165747367091028,0.0170871281946384,0.0194179879083704,0.0179710838380356,0.0183882521798178,0.0100470659657683,0.0141267736589202,0.0135410937510289,0.0207313886193304,0.00779886463871717,0.0112983742528059,0.0104850655184913,0.00540404259279958,0.0047808867677371,0.0168679542915412,0.00702949988951327,0.0158837676696981,0.00783783246847221,0.00793342220310539,0.0192342996913339,0.0134247582998573,0.0135087968516649,0.0151452637777868,0.00828353765366801,0.0115455950741486,0.0172397883730398,0.0130239764244403,0.0122899922710039,0.0125373974928824,0.0142589273410873,0.0125749855158235,0.00980850068622344,0.0177888680535678,0.0226889450087684,0.00730524843258086,0.00729230423315832,0.019031894489162,0.0133604659378123,0.0109935614101782,0.0210931494842772,0.0150287499919858,0.0138064672951017,0.0100691268642129,0.0120430828803643,0.0129785284664381,0.018154571700369,0.0135963856768744,0.00455977387126147,0.00461557795475163,0.0163093506956217,0.0118255682731393,0.0153079296315583,0.00970414009959728,0.00652371917851132,0.00230848816152064,0.0143376102495123,0.00776178580658027,0.0126911462823228,0.0128673557722641,0.0115787224462935,0.00844611017864489,0.0178763023671644,0.00986574776706622,0.0131596480006618,0.00883738337520304,0.00773402869626585,0.0137420241108174,0.0118632225335636,0.0140898522851674,0.0151701254189374,0.0139847783209203,0.0192936764021394,0.0153895209877048,0.0121317647032731
1084.97161055694,0.0202723932839856,0.0334212025533162,0.0244600129713631,0.0360540184724342,0.0271926539905789,0.0306746497818548,0.0320014816945569,0.0223798955736181,0.0258166107663727,0.0204863946808129,0.0327652385318141,0.0285904844811831,0.0361077856485824,0.0277662007765033,0.01991141274755,0.0267151475555183,0.0321497293591082,0.0233700708079089,0.018503675200012,0.0257067901989143,0.021886981749639,0.0326777589888179,0.0306558726599972,0.0343452390613901,0.0281212812218916,0.0255198444682385,0.0311116325971834,0.0268660121460302,0.0183590375010311,0.0235833286778955,0.0325079279262437,0.0348698979576946,0.0231286160067913,0.0321196645227917,0.0307170647722511,0.0352157949043214,0.0265395484872789,0.0373452596852949,0.0331956871202916,0.0293011760953793,0.0366816322504269,0.0246969097032679,0.0283751425201043,0.0384194851837204,0.0260575215810135,0.0364729267098269,0.0334272798884383,0.0303906343252777,0.0353874660860281,0.0338000982933887,0.0308140655574313,0.0288100329625908,0.0315726782660547,0.0211866274734392,0.0289308161657502,0.0260497415801135,0.0295855516156514,0.0218742845185505,0.0333005673728088,0.032907598478478,0.0360646545881921,0.0275078947923821,0.0194832913432594,0.0357992361034066,0.0257534265037432,0.0148792691282568,0.0260330033330811,0.029813066387336,0.0331526223274319,0.0284458779373279,0.0257643064489745,0.0251244661756989,0.029723394430987,0.0303859355546159,0.0291898765662249,0.0302226113679576,0.0228724363553521,0.0310051063505487,0.0350365337123188,0.0265209962305797,0.0319203420094326,0.0403455311428034,0.0258667328976932,0.024022448463114,0.0311134257031779,0.0146180748608035,0.03436160143328,0.0344962613778113,0.0219482841128574,0.0176020246683351,0.018540738054642,0.0291061166427331,0.0323697492834486,0.0268148123241243,0.0236752118190454,0.0227131958982792,0.0259666583394954,0.0339941094222639,0.0252127375857933,0.0281419450830495,0.0336775923466282,0.0244672445183238,0.0308961052904703,0.0305576683687361,0.0268956180139174,0.0172278040272418,0.0217454925356943,0.0235955976184973,0.0270815399301248,0.0239935231755621,0.0325639566270047,0.029343265501103,0.0302104775837066,0.021538028135152,0.0224372981007534
1088.01096891253,0.0240915161022193,0.0211916711606316,0.0245000740454179,0.0323637719096432,0.0207661955237173,0.0259019461496706,0.0288543271559806,0.032587473926235,0.0215242063473497,0.00916480127948704,0.0268636931658702,0.0178570513764657,0.0171808630115168,0.0218503465672948,0.0150637736237769,0.0267438402422321,0.0209791982622674,0.0212582149840708,0.017390882065114,0.0213821688453247,0.0186806122455332,0.0193696880855136,0.0210546233359399,0.014254778806464,0.0142104621652743,0.0244398495216712,0.0273614303616832,0.0188518013697824,0.025425510204919,0.0252387521769182,0.028744115362101,0.0301296888750696,0.0226167573691813,0.0310529919493718,0.0219894038263676,0.0197533265533587,0.0206637661905605,0.0212660212738644,0.0250585827835972,0.0222567934856861,0.0180918007576502,0.0312014091063225,0.0230316191018687,0.0233105483312291,0.0271623049199225,0.0266411767137468,0.0334451344776623,0.0184962129352265,0.0184908563263914,0.0191799882607677,0.016958221777499,0.0208932370471738,0.0170428104973705,0.0293545485088368,0.0180689366849733,0.0228383788539628,0.0215667297994117,0.0229882359026817,0.0241277195824322,0.026963655630253,0.0214736653722181,0.021622817768399,0.0238373643173221,0.0185080236561509,0.0176228929806314,0.0113218656185291,0.0178964549076648,0.0244307504782616,0.0211283000899124,0.0210512730308533,0.0241780676320641,0.0289852787218517,0.0271040294106556,0.0178850191740809,0.0270904046180235,0.0196180474900969,0.0234339633050016,0.0266983368779302,0.0237303866632981,0.0188257654044444,0.0211836762240192,0.018915793007026,0.0177378429337331,0.0267448667255743,0.0262796626747072,0.0152253702958088,0.0230997664401234,0.0277704924827561,0.0274198555375636,0.0273522215727431,0.0294366034159596,0.0226673469511901,0.0242136155758804,0.0241852184665257,0.0243513961735689,0.0218821541228004,0.0199897622253249,0.025343820633143,0.0214565098973286,0.0233060809770996,0.0166776490726412,0.0206853598215416,0.0164479035827737,0.0208410017003859,0.0183744943051516,0.00951741000328101,0.0179943776330636,0.0241893695135482,0.0233499910234809,0.0218506233799466,0.0266615001948323,0.019586418813772,0.0183213560131701,0.0238302542089553,0.0257341169891587
1091.04816419427,0.0322126351520598,0.0196468490222354,0.02020861850848,0.0239016120159274,0.0240083372027268,0.0259294676538662,0.0272982383457643,0.0132328190323942,0.0291227912344569,0.0216318314927326,0.0225806488868858,0.031322997157281,0.0166669963327816,0.0159339479792355,0.0215957808177193,0.023063796632651,0.0194198843077493,0.0233844276266756,0.0195387754811994,0.0235645489464141,0.0267860258380898,0.0188560862538681,0.0237220729774629,0.0275134452585819,0.0179792080696337,0.0222643667224155,0.017680464817099,0.0301288987604881,0.0314084722109237,0.0312015313447477,0.0271401520324395,0.0301269713472214,0.0221043823943057,0.023985973639794,0.0356569206430419,0.0267294790419991,0.027652706417739,0.0250466290549463,0.0174655966678839,0.0201100449686138,0.0214147257383433,0.0226131090940643,0.0332454951283601,0.0152396229825694,0.0341734021165909,0.0233771850378987,0.0231398039301203,0.0206799036753629,0.0206918485619764,0.0322471730168368,0.0185978679542666,0.0325761225536628,0.0262569248057344,0.0309956436154922,0.0247124952147322,0.025014397030241,0.0274934065590223,0.0241016113884331,0.0209071200632639,0.0204766628570242,0.0263844737575191,0.0238320044421884,0.0319700027382306,0.0201886241494636,0.0241980326647574,0.0210174085530566,0.0294189740210598,0.029862790763438,0.0239020966004925,0.0279553169365421,0.0204094655448905,0.0279585856307995,0.0287762528617832,0.0152041510070364,0.0223030755172554,0.0175268091696242,0.0229221914509103,0.0153365619106224,0.0253999193349745,0.0188706241471821,0.0228453306917039,0.0248880634598181,0.0281601587567809,0.0294666979200896,0.0236185119932293,0.0158329722765126,0.0226091497182118,0.029904877587918,0.0274743749879035,0.0236204719680828,0.0278756405878222,0.0226967398885287,0.0231834711577457,0.028490626358985,0.0255591415351283,0.0184614952046744,0.0206143479005142,0.0215982098681844,0.0258381547631272,0.0211871033186324,0.0239069295415258,0.029004235559839,0.0181563064512085,0.0198117319238372,0.0179960422062916,0.0155409506084152,0.0153529728290623,0.0324078565495439,0.0207007089513806,0.024634924133281,0.0283429694684986,0.0229322427470434,0.0259787351019612,0.0167584905510164,0.0220223638380541
1094.08319854548,0.0241983779007919,0.0271840853303622,0.0164580508824306,0.0180897444175125,0.0256383532304384,0.0275567600247164,0.0241499068512157,0.0255893629180985,0.0210461323405133,0.0157160624915071,0.0226148291498753,0.0254284891408191,0.0194021900224888,0.0283735419238242,0.0237920078369608,0.0236208661698177,0.0237339658854996,0.0292190196566354,0.0146208678354516,0.0273734854508749,0.0144213526104851,0.0247396191007627,0.0242552485967917,0.0222441089452923,0.0153183817257698,0.0233730785100218,0.0241717897351188,0.0264007009864532,0.024937814041456,0.0247790185249104,0.0222956296931091,0.0253859554829627,0.0178265778942376,0.0169185082495583,0.0258356308139804,0.0267597389830726,0.0271363044064552,0.0234591540959801,0.030574450986238,0.0342904670845564,0.0230937337301007,0.0307337872473637,0.0225362804491417,0.0169139731624485,0.0266852330186157,0.0239442698960893,0.0264163286946819,0.0315269515142343,0.0163443593213709,0.0284838626602567,0.0170308660315848,0.0331338472406836,0.0257569671017287,0.026653908326292,0.0209619279440264,0.0331167431251695,0.0285921327940146,0.0262980768860235,0.0263447583627041,0.030803867304825,0.0275026629225489,0.023882052042735,0.0228258750662665,0.0175323751221691,0.017155891078897,0.0105696412595433,0.0240120220216787,0.0266424093584884,0.0129728251648331,0.0237373588865841,0.0182768348602173,0.0242165437227232,0.030448095360785,0.0277993965389012,0.0153655272128307,0.0164997861554039,0.0234826758814922,0.0229664984861875,0.0281503289504708,0.0277615288614443,0.0196548909727419,0.0265613662807689,0.0145741506267487,0.0273751552020063,0.0138946703665584,0.0143762366628637,0.0226566709481312,0.0179657129233387,0.0302366727357115,0.024202323515002,0.0328131440409684,0.0211085501166242,0.021604662161404,0.0258601150037667,0.0150750140159058,0.0202205249628351,0.026740231237437,0.0167620954050342,0.0215382211958794,0.02124165358452,0.0245276528370385,0.0235710747399527,0.0220185404272364,0.0318139876736915,0.0105606047319411,0.0225123045541075,0.0227024350635698,0.0248309432221719,0.0202166471183152,0.0224909194290253,0.0294821747139076,0.0344671601272148,0.0271198235903964,0.0179480169919231,0.0258572152256758
1097.11607410663,0.0231755540863284,0.0181588005091153,0.0219103086512355,0.0186393419621608,0.0272679443273634,0.0206487314461869,0.0210012031403368,0.0212836168179398,0.0232392100631855,0.0260199600519413,0.0280458116149833,0.0238358871324179,0.020512402928802,0.0154378758119582,0.0324909322960289,0.0284151957022989,0.0253776672536543,0.0233968643010415,0.0183990357059002,0.0230479361088665,0.0198328897541789,0.0215598580099197,0.0258549915308365,0.0328553091680141,0.0260513183167089,0.0195545138159226,0.0171853124145019,0.0242798435188547,0.0238812260005124,0.0188948087156115,0.0174510295468641,0.0243298404158778,0.0275330478694853,0.0256682642349422,0.0236613467453002,0.019309981374039,0.0217949960069578,0.0240184854940948,0.030062935594183,0.016903623066282,0.0247724702994877,0.0318471157862446,0.0161186775186378,0.0250851937744763,0.0202707325871053,0.0299846763214911,0.0237163082502421,0.0277534138555026,0.0223641338238324,0.0317778775867095,0.0202726244135835,0.0241557768402861,0.0203999163031136,0.0212241125994503,0.0193996046350805,0.0288263735753036,0.0291541585768257,0.0225348871797352,0.0242057030778077,0.0194343481216441,0.0275370474700839,0.0309473299694825,0.0244790984043961,0.0278855085575483,0.0226410164368057,0.0160256408909604,0.0207892392342206,0.0277477013129206,0.0305445293716591,0.0237559407583005,0.0215985100890241,0.0215603185360423,0.0203163887146582,0.0136603219223582,0.0148777594289226,0.020793847147153,0.0165339209668097,0.0229990860141471,0.0298190424910273,0.022829572233623,0.0143078998482915,0.0276969944451127,0.0239047345314556,0.0215399248591828,0.0172089743148251,0.0118877208900773,0.0275511993594447,0.0279175735792185,0.0216241047049175,0.0242446299218923,0.0177120478340586,0.0329965946333737,0.0266039340280108,0.0200283477452237,0.00778004130426401,0.0116210716973852,0.026263917150419,0.0244613551882236,0.0232061849983898,0.0164043179960887,0.0207426749726225,0.0170374683125879,0.0258804528465494,0.0155800794173735,0.0210394446878033,0.0247488366104381,0.0178403955982933,0.0183431501622495,0.0283948119181778,0.0165138297104856,0.0235781927106941,0.0268928390533935,0.022287745760399,0.0152817009709117,0.0156758057221586
1100.14679301532,0.0194633800529653,0.0208871896284199,0.0235728521775831,0.018658635496164,0.0224510434263364,0.0201416714461693,0.0215662989197968,0.0261150086976792,0.0140814822060191,0.0190226744532079,0.0162056875142253,0.017403120025256,0.0162067460194477,0.0213983918820831,0.0222226244365117,0.022085237618081,0.0216811568567331,0.0165148496068163,0.0118506700248632,0.0111303410552873,0.0198576197930438,0.0269100145033568,0.0242538577330579,0.0212332670558639,0.0185682108832578,0.0157357967349443,0.0344578532256552,0.0237664728232378,0.0212001258870285,0.0216262005972554,0.0190871649144664,0.0238001266522203,0.0243306643641687,0.0224183664590742,0.0198481423349717,0.0204083422608658,0.015381334761573,0.0133055808178722,0.0251927867773924,0.0223753224376336,0.0198770853919965,0.015712034729907,0.00970099125199948,0.0294663545540942,0.0143930522988425,0.0228881191063922,0.0237325782014677,0.0288530938970595,0.0212900569660492,0.0171558852924508,0.0213767259502894,0.0225937737339818,0.0150427528041132,0.0212325647831506,0.0216668318660559,0.022380628713229,0.0184518591087574,0.0198550762803048,0.0231488059525948,0.0205400453981986,0.028112974560422,0.0191242826025588,0.0234327190189003,0.0105932739934781,0.0128751289035077,0.01088047393874,0.0279422698705585,0.0158748805031146,0.0223552003771547,0.0258928073777028,0.0151018840121246,0.0248770809787005,0.013940188528423,0.0147976541992557,0.0197649371866148,0.0282807827663364,0.0219211151779346,0.020860839721642,0.0255400890140944,0.0178974974681715,0.0208205764803568,0.0282950916095186,0.0152292918059691,0.0258651778881562,0.0183502409382212,0.00475417967351685,0.0238281102470688,0.0248386120361726,0.0216777075768597,0.0232082819380845,0.0199412214477084,0.0200877884826628,0.0206390335175207,0.0232660278446367,0.0190867127774106,0.0138989846960058,0.0197357171423724,0.0196247783113797,0.0221611104653394,0.0235238865030908,0.0285217867681429,0.0182045667752186,0.0173549895183093,0.0243239388288805,0.0152331457112367,0.0165679128703163,0.0262999010751513,0.0151232508649682,0.0230377314003005,0.0225823549140231,0.0192992589213247,0.0247780543600257,0.0239711418376499,0.0230801099593967,0.0216664934883422
1103.17535740627,0.0211294414804714,0.0236155660296591,0.0241526375370909,0.0213286519997311,0.025691780179823,0.019634523938439,0.0162949816330878,0.0239591419385765,0.0243825831925732,0.0201354337836274,0.0221761153451082,0.0249525486913477,0.021107929321174,0.0257392730275661,0.0238764748474826,0.0316465316075198,0.0211885002980838,0.0170505132404134,0.016716230903489,0.0284964606448825,0.0311947136405223,0.0215977955933052,0.0247864848019753,0.0334324472860071,0.020728825482393,0.0272454391081689,0.0226191182351908,0.0253966223457329,0.0190604233251938,0.0216653194327797,0.0212635729447527,0.0285349276294046,0.0222040742230382,0.0213501896107362,0.0247747198109967,0.0156297695377011,0.0245132683454915,0.0208427943597262,0.0268601411276246,0.0365550435561026,0.0116947250416833,0.0346127306180398,0.0215236787308609,0.0219362216524093,0.0321430210611044,0.0212651783076723,0.0237488212149812,0.036992101729325,0.0158505983449958,0.0285930683657174,0.0246181231495187,0.0289777225304405,0.0258750718060131,0.0321178819873616,0.0201050123722607,0.0234780477835337,0.0179409138629935,0.0177170277957505,0.0172213502277811,0.031409060468796,0.0292305893001591,0.0191736944812564,0.0304845652101883,0.0128154915413033,0.0227175770868834,0.0158082658557819,0.029634366239212,0.0229282154029837,0.0229354502209929,0.0206153041475448,0.0309689783620766,0.0222209143385497,0.0274150608062826,0.0219364771712319,0.0155149540814647,0.0176771422878775,0.0278446490791695,0.0312031056634812,0.0250458441113074,0.0317641823813179,0.0267942282721107,0.0165350445046639,0.0245600014917202,0.0243079534809818,0.0200349278277034,0.0234315858963111,0.019027817372746,0.0254081271234002,0.0195647122218555,0.0210934250240136,0.0227119635809385,0.026046108739346,0.0239935056157207,0.0195682246453882,0.00966713081165348,0.0172134750354636,0.0203597500785028,0.0224185971254232,0.0254565259024199,0.0186863010027167,0.0280407507996803,0.0248722689494535,0.0271409937119129,0.0205788629757143,0.00942736624132144,0.0159651403968637,0.0125570699587901,0.021707276241779,0.0230947327093074,0.0187951905429897,0.0291058972116718,0.0237551948583074,0.027283358040331,0.027573755285509,0.0238836400483521
1106.20176941133,0.0308630320837285,0.0210014232153366,0.0182361911467928,0.0192274745547352,0.0144285526472982,0.0207277373707594,0.0147377520260482,0.0228784430370399,0.0249547294807977,0.0180044994295883,0.0265274815905981,0.0276621072487188,0.0292587599968538,0.0246814086017246,0.0320334671163284,0.0242569799006759,0.0233658469548286,0.0223548178802125,0.0215822161386844,0.0230867573244614,0.0193689039217749,0.0194845511429094,0.0215850816684712,0.0260454683427421,0.0218180693836611,0.0217845440508208,0.0301878408928457,0.0259551180762597,0.0223352311867121,0.0184738313814004,0.0218201789017781,0.0285320125795238,0.017926229254999,0.0230093127345433,0.0269701959627503,0.0258107970380226,0.0256043834123943,0.0171080605489179,0.0230795594837151,0.0246105017489413,0.0248780203907351,0.0244070670604675,0.0220804956259061,0.0246933643512824,0.0235804623362793,0.0218318071769721,0.0243084779965488,0.0185981705217289,0.0251441630354087,0.0232003400434132,0.0177068872845236,0.0316534611918095,0.0140423334980931,0.0239686509957303,0.018543665462325,0.0251143815004458,0.0201120285559127,0.0247890577490565,0.0226585562687418,0.0254634760842355,0.0292648344143685,0.0176041995645669,0.019720348349201,0.0204586098522116,0.0205773557506509,0.00854489760315893,0.021496875539404,0.0256556953646597,0.024611988725147,0.0275187735724479,0.0282907734715988,0.0249950239441531,0.0188930470664581,0.02634746671662,0.0134152646840724,0.0177159339912369,0.0203594982711364,0.0323205501561955,0.0202262605432705,0.0257265059660693,0.0273772771887433,0.0187450459969262,0.0246151654429356,0.0307724238193564,0.0162873024924175,0.0152676706191791,0.0233836871647067,0.0207654552692541,0.0136603269748259,0.0276067890587077,0.0211502378684836,0.0190671865560053,0.0295408973122694,0.0222726467548111,0.0114090458719772,0.0122416986366033,0.0220843415749391,0.024667512767174,0.0287520373859429,0.0203708663673225,0.025907842868481,0.0205388426628083,0.0186155939696525,0.0233499207258076,0.00687935839127443,0.00163023234467451,0.0149113977348216,0.026657572970009,0.0193620696636041,0.0237687192466262,0.0221181806906476,0.0205485890353846,0.0295096518782009,0.0182978570792356,0.0180147870240658
1109.22603115951,0.039521198563583,0.0301413912414071,0.0366812973312657,0.0356817273556161,0.0439915181948697,0.0330232669967315,0.0397095009654766,0.0320103096340993,0.0336351428178146,0.0364191192511115,0.040054246929526,0.0341363846596252,0.0276615460477924,0.0371212354416188,0.0304362516649276,0.0354075430989704,0.0415632233075384,0.0318980754599239,0.0346013986461256,0.0290655539220612,0.0296293137353214,0.0365641264584913,0.0311867158854052,0.0408919200192595,0.0389804753419611,0.0393164963430219,0.0329048759181454,0.0302650881523258,0.0429363977700613,0.0362833521615706,0.0396590793810605,0.0301088175997376,0.0394662831696752,0.0383045241732586,0.0313508771657918,0.0375949090462382,0.0320562810116989,0.0337708081815315,0.040546364804661,0.0393347476031867,0.0375138025925098,0.0336061606030665,0.0339037427641413,0.0404450543771398,0.0375718617289099,0.0306091765128359,0.0400806119828554,0.0354013664951579,0.0398946070672695,0.0406096744499741,0.0417881964163695,0.0417457008785014,0.0405249568022272,0.0386612134329085,0.0240946298409224,0.0337553731039312,0.0383750611805113,0.0405295551671263,0.0356723878549509,0.0352480094711381,0.0325497280677386,0.0370816789903367,0.0354107107375664,0.0362331036892138,0.0375010942199193,0.0251374451935634,0.0346576387240727,0.0359539209358621,0.0377989161973539,0.0434257654270462,0.0419765760886065,0.0293985359159753,0.0302223961116808,0.0400337963221408,0.031740707048491,0.0326540282679305,0.0364741410308711,0.041577707270452,0.0294645852087546,0.0395936976790114,0.0317342264001097,0.0376117794608719,0.0361291340727442,0.0441891972851241,0.029924514676018,0.0272368111266809,0.0352800938763483,0.038014373953513,0.0288803982073058,0.0384344846435575,0.0390855244295586,0.0309556873882177,0.0285101532480684,0.0447170101011838,0.029095744089937,0.0181477282356696,0.033162122675916,0.0296418454243834,0.0423565838115161,0.03890432284169,0.0397448902912261,0.0360079500809891,0.0305562417681707,0.0386102374727052,0.0298461332546998,0.0119221139565476,0.023926964019525,0.0414120913552235,0.0356617191194312,0.0303851173494342,0.0275910598755641,0.0353592559424397,0.0415097333280772,0.0321551924918309,0.0310138446428971
1112.24814477697,0.0153721444658173,0.004020283687241,0.00911103332786402,0.0123753517999069,0.0139273027565624,0.0170471645975259,0.0100323238553302,0.0105060335897477,0.0115067214058362,0.0148253681016478,0.012562995836612,0.0126466471510305,0.0109006698336822,0.00906950450047561,0.0158334780217101,0.00947843574269236,0.0143713240771741,0.00541281786568833,0.00196667273426423,0.0111842491187387,0.014572396045294,0.00779562073803111,0.00718147229979327,0.0186836100715487,0.0095320277462244,0.0218126348470745,0.00651107960314214,0.00724524626305869,0.0180569324771511,0.0115537192161292,0.0191546853354545,0.0143136169564851,0.0201290481367495,0.00778388771781753,0.0149748433431448,0.0178577137233194,0.0117056099847825,0.012323515428994,0.00516797786556671,0.0121515792756308,0.00961039406280805,0.00992610798505214,0.0237318038755589,0.00259615110368228,0.0134371776678786,0.0153028575906411,0.016192762990448,0.0137591272781035,0.00717260495989106,0.0162159032330552,0.0129690702980377,0.0174050207308668,0.0108845995373379,0.0163725864732758,0.0192523500885201,0.00468079589533163,0.0148001953741011,0.00371968889166672,0.0172987956057884,0.0114035427949201,0.0109152435334147,0.00960906188128486,0.010070288201233,0.0135214911685766,0.0135746690968703,0.0099253803193705,0.0123224140053206,0.00191123717746357,0.00987851718530406,0.0095508151256467,0.00602639806090557,0.011539469354121,0.0104344042952936,0.0193482391899095,0.0102924446389287,0.014071382827943,0.0123627540733592,0.00742419935272961,0.0116693231445342,0.00867614671338195,0.0129112176850546,0.0183300510033449,0.00781217646435765,0.00466414230789418,0.016399232183463,0,0.0121685069927739,0.00991715333778676,0.00781062721987958,0.00774000211525718,0.0136951747666319,0.0115792139209685,0.0148712196925416,0.00954357073812728,0.004266769925539,0,0.00792949615578256,0.0155405557539691,0.0147263619858083,0.0145012875056251,0.00677481149105987,0.00747246100529483,0.0144914399271487,0.0131461601075233,0.0023288048890605,0.0136913599665891,0.0074102650092439,0.00987127103074319,0.008649403267329,0.0118152477750721,0.00760178505387851,0.0064927833996804,0.0144157213298571,0.0124149972204445,0.0116688021038253
1115.268112387,0.0331743114890394,0.0339975796796341,0.0373016139458823,0.0420842692993336,0.0316729764914957,0.0437462659109795,0.0371272146649497,0.0287762995316691,0.0309989407687206,0.0310786308293963,0.0320275294877096,0.02503746716469,0.0266350093455663,0.0290689678421848,0.032662451279592,0.0370508322275435,0.0266955272645864,0.0276731120142429,0.0253141273901846,0.0312638786819281,0.0339915889618937,0.0318069887327958,0.029053395416841,0.0245319744677444,0.0320530856274293,0.0273019228349192,0.031870902324711,0.0313839979140409,0.0332446310890274,0.0315183753350074,0.0294342717103953,0.0353699662429181,0.0276857336167637,0.0372613435106978,0.0275500575453934,0.0259029459010354,0.0299516220666827,0.0327446956836946,0.0411588177255496,0.0350405274655533,0.0315604068716334,0.0277505385536458,0.0291184247826549,0.0313431513915853,0.0301144920460745,0.0322916639878542,0.0325091674059349,0.0370611378861211,0.037202554556991,0.0325402440841147,0.0290359057229145,0.0359737922016764,0.0427647812333875,0.0375922256607248,0.0291814215734191,0.0354135305447727,0.0303822367344789,0.0340887356012342,0.0254430411760504,0.0271555013223723,0.0342452192288918,0.0366426493532422,0.0295407946364946,0.035259918956964,0.0348569043432006,0.0222802544636543,0.0254843316824505,0.0305958680269305,0.0296435744447577,0.0339324712887914,0.0333496959509458,0.0268042607212089,0.0265934863281343,0.0330355510266144,0.0345316813147463,0.0204980477690265,0.0338419083684346,0.0362170352614827,0.0328035140902116,0.0225444286272367,0.0291290339582081,0.0334364796704313,0.0275119868834229,0.0319859446630345,0.0322108489174616,0.0196912525432693,0.0364534592158394,0.033942779508291,0.0311563680780199,0.0320500805808241,0.0397550988343887,0.0288594259284637,0.0368658456367464,0.0399915857064887,0.0187671153602254,0.0221941644917016,0.027260944108387,0.0248760896755701,0.0261615625082642,0.0254265957278427,0.0266703635762137,0.0355940038139876,0.0258944274419657,0.0349234966338239,0.022040570779736,0.000308202307951088,0.0280835678553196,0.0393327448427573,0.0260329204167664,0.0315734796253659,0.0358292662984008,0.0404133738537848,0.0302174491519097,0.035085822775056,0.0268251427496418
1118.28593611007,0.031615287436993,0.0420707214277946,0.0351766175734937,0.0410453480415738,0.0349152750773467,0.0272378785297144,0.0350410910539181,0.0266229425028387,0.0342765949023563,0.0224623376362801,0.0282849587818562,0.0358156744228147,0.0337048991903866,0.031252717786945,0.0343184960524802,0.0444946903582364,0.0256704580358335,0.0329793210839755,0.0171391886076987,0.0383294786290264,0.0340192042349585,0.037692981115267,0.0263873699165155,0.0287929913017527,0.0320728765383945,0.0311496388937967,0.0308156664144939,0.0271214564542696,0.0240681855323236,0.0380219347777923,0.0213529204643937,0.0316844269199773,0.0287888183514448,0.0291047244976743,0.0270162117537379,0.0355516875358079,0.0267559393845362,0.0322326869307689,0.0335663514231155,0.0345270859532403,0.0206411880843747,0.0299444589080388,0.0286045494581309,0.0341025273839233,0.0269237684659765,0.0388812213668631,0.0330707840914969,0.0327478154317794,0.0273996581940019,0.0320352560995614,0.0349506883277085,0.0360021722715641,0.0293152361760788,0.0316202153921987,0.0298116490914704,0.0343577848782898,0.0341644250966818,0.037370471072218,0.037917331006226,0.0331447747914149,0.0380734489098176,0.0366938626470579,0.0333553649396772,0.0271855735271649,0.0354422521508833,0.0160833717665375,0.0299094520865468,0.0322438178002728,0.0324181219278334,0.0360716811456811,0.0257646110857594,0.0246937909105487,0.0304135129900157,0.0309014033459112,0.0222224494387704,0.0279901235212641,0.0285041396900988,0.0346227926147299,0.029607803817209,0.0225908862805771,0.0302533795361928,0.0254393358025149,0.0357542892582656,0.0304308785596055,0.0224900516649602,0.0218572748901384,0.0348867478999219,0.0293017088593328,0.0263372403209238,0.0299374071408764,0.0300717363931377,0.0240389732159507,0.0347403707433252,0.0218916347300367,0.0343318021753165,0.0156733708246465,0.0328390683325163,0.0309421451837691,0.0354271810480226,0.0292870237961997,0.0316983802293919,0.0323626908380288,0.0367595138401807,0.0344386610306405,0.0200395980121992,0.0139200854268312,0.0282204713363518,0.0246778003175239,0.0250094050027533,0.0310735665562974,0.0375113705908289,0.022467568051235,0.0395040669518791,0.0362766922342736,0.0285053100516553
1121.30161806379,0.0332840550747201,0.0362538213364289,0.0368420025702652,0.0362962445028016,0.0392326980256219,0.0438031885737637,0.0440978373654228,0.0336077901855384,0.034312248111225,0.0311482247281591,0.0385758129818585,0.033688080152668,0.0445667464341853,0.0404560233595704,0.0408526745602679,0.0360478555843356,0.0390640107355947,0.0319283274314607,0.0258141953643113,0.0334657701900839,0.0329704496117905,0.0451793031181377,0.0407925698749726,0.0420540069778175,0.0401299829553809,0.0464945361388281,0.037308529561528,0.0367928279502427,0.0425060629136947,0.0456034230339124,0.0381152341083811,0.0448459809984029,0.0422637451528594,0.0269487347720894,0.0412316849049278,0.0366530120279069,0.0348182635862604,0.0386995499745168,0.0390498747084974,0.0438110634032785,0.0354710319804623,0.0359124006698067,0.0409671259253951,0.0390285205512509,0.0371587051199099,0.0449242584637503,0.0320033801473669,0.0425140822928436,0.0454264844959007,0.0309881376332443,0.0349883676406547,0.0344420242179537,0.0390714798591443,0.0381575153819306,0.0408370982765047,0.0365356830535823,0.0395566152117297,0.0417365973189892,0.0374043856834433,0.0272018669349965,0.0354016911984116,0.039983828976201,0.0323118240688099,0.0375424224039166,0.0409305932797357,0.0305624152831507,0.0430731201772362,0.0403816009164289,0.0445112377008666,0.0323861851108188,0.0350895741445106,0.0356163682836587,0.0347709672492129,0.040225550910743,0.037863813398145,0.0306947683271896,0.030676165299474,0.0406262131016913,0.0361451479468437,0.0419899028292981,0.0383866792365121,0.036248729252988,0.043451965842914,0.0401068598253208,0.0393901447297089,0.0333167745125663,0.0397839658976882,0.0444678989754787,0.039393281556753,0.0332181553313741,0.0328454830939216,0.0423990185833414,0.0353567451154266,0.0416712979999663,0.0312969607014782,0.0138156422510353,0.0367676547669698,0.0288335962248426,0.0408956593967068,0.0396703383735384,0.0345245856003927,0.0335327497331114,0.0352382121026328,0.0393846933476393,0.0278113520634976,0.0190097581510879,0.0250280774713029,0.0432479275901238,0.035897697313738,0.0387875516571242,0.0354019779987263,0.0383727396467859,0.0373889136200434,0.0363668168552326,0.031803557092759
1124.31516036295,0.0247350213442794,0.0229582103607055,0.0282224979331139,0.0304878403397279,0.0344188817371974,0.028896845054087,0.0245044238308797,0.0352188972861538,0.0208362185840267,0.0252374168703643,0.02889814364885,0.0283348306479117,0.0234766302785367,0.0264449617828161,0.0349237987468531,0.0291910315705421,0.0327006317864787,0.0287589752284442,0.023620410649758,0.0323992741372008,0.0378482901501932,0.0297424162186686,0.0279928604670454,0.0341416293420359,0.0305079645896603,0.0333735146662546,0.027629434743313,0.0261014946344617,0.0300827937040242,0.0246467279308677,0.0262558430455217,0.0258957559831957,0.0331493863678905,0.0280663607690242,0.027589913863187,0.0227958604050673,0.0278718784617829,0.0333585569269987,0.0227423613228948,0.0313257066190091,0.0294842620358338,0.0300231906792882,0.0302621294258806,0.0287956669092681,0.0210819731187353,0.0219578952635613,0.0287638100387949,0.0306216989340937,0.0236207469790956,0.0266845255504221,0.0371643565769789,0.0334124572594744,0.0277824673442416,0.0294680904368681,0.023417129579407,0.0311713736465438,0.0175939653699499,0.0293091447502516,0.0266101960157503,0.0272264413185939,0.0343561050829325,0.0314021940062352,0.0237108982910887,0.0294701556125821,0.0257223343914344,0.0142976763601105,0.0245640789388087,0.0333794370684509,0.032488790045692,0.0218169285758342,0.0220519201247006,0.0302499767767346,0.0182054205612632,0.0299093826589811,0.023406889682239,0.0227591398893447,0.0296310747706424,0.0298087675506223,0.0302478256491058,0.023239607484027,0.0254969065651465,0.0293279075243152,0.0222320303097658,0.0283930379931281,0.0215226615925508,0.0117414983465514,0.0231385276665079,0.018979513147778,0.0188682769693028,0.0240970608651846,0.0318292071168216,0.0230259547832086,0.0337813128504434,0.0305088678480482,0.0155087970678305,0.0295697206779234,0.0274933686485806,0.025635970743224,0.0290029435479563,0.0288579335876247,0.0268889635552974,0.0259028205934321,0.0304864197769268,0.0269558206856955,0.0220134228576211,0.000896854049799092,0.022947040483729,0.0351309555136632,0.0305448580723929,0.0235059976017978,0.0322100126163243,0.0291643109732342,0.0331027652511372,0.0292977003174524,0.0291729720489542
1127.32656511951,0.0333976379028437,0.0294315615231166,0.0450481577958775,0.0427055878663504,0.0387382559540563,0.0363958173801168,0.0330325869052863,0.0287689894888672,0.0349279815984485,0.0371697491173458,0.0435087931692115,0.0321249614930226,0.0419228259043812,0.044288880148344,0.0317056857242275,0.0429940606251394,0.0322122396759969,0.0361875043155494,0.0236021764595637,0.0351301405723622,0.0427274076449423,0.0308336051962479,0.0279970793167945,0.0399937768517425,0.0439248961430424,0.0339397423914127,0.0389761236694695,0.0298802545858212,0.0382354122799781,0.0284612490942513,0.032219689252937,0.0364274996281413,0.0390964880940905,0.0308214538507091,0.0363451186349955,0.0308447756888976,0.0370083178923752,0.0317761177653169,0.0363999190739929,0.0427887420327561,0.0284291873051297,0.0262912579077329,0.0426269979057286,0.0413038746075007,0.0425958710343994,0.0405924769458172,0.0401943122780273,0.037682614984516,0.0312820207243418,0.0305255048432785,0.0323948282766243,0.0350325806826607,0.0391598836818059,0.0289375021862304,0.0393689159261871,0.0333513988286179,0.0439074113019605,0.0401785724709931,0.0444991087911109,0.0283369587326783,0.0425211161958675,0.0298372222347305,0.0361665973084655,0.0251936034224254,0.0301235944962155,0.0197693786936208,0.036637878828797,0.028000664858956,0.044583983406404,0.0276664588572404,0.0330155306572631,0.0390029312166719,0.0327589024278837,0.032688579551282,0.0347508918613061,0.0270632606917469,0.0307325408163157,0.039612572331344,0.0346245274455498,0.0337944393929102,0.0384841796269514,0.0304677653914528,0.0402992677368368,0.0295148658525497,0.0319061523735144,0.0103002171872064,0.0318079862344006,0.0362325177276459,0.037884565865121,0.0354688145719865,0.0378545720498742,0.0349195820997917,0.0360444221431035,0.0396207551190144,0.0273584171674958,0.0271976298486818,0.0374761343226936,0.0295248562156768,0.0306755565439396,0.0348953007901929,0.0374268943647851,0.0435769507394084,0.0375843486415948,0.0281030770825589,0.0216457193995021,0.0154621916320478,0.0347439609852959,0.0319171621020893,0.030607248285187,0.0432679290255612,0.0371454687814336,0.0423417908443423,0.0337044855537456,0.0326946312771114,0.0346296618761138
1130.33583444261,0.0350697213651448,0.0343034099730853,0.0310174541426261,0.0331885699876914,0.0441331972015795,0.0369613900743616,0.0362562080595535,0.0336076838032418,0.0349678433926382,0.0388309736060256,0.0354526300082579,0.0364541765332871,0.0381657324068985,0.039998513400621,0.0355338170671506,0.0414365501950722,0.035996992877791,0.0298415499354439,0.0257596494378563,0.0308127464899118,0.0395277676397648,0.0383236683574854,0.0397384765127255,0.0352600194137246,0.03591265726381,0.0279380247913668,0.0379248184772666,0.0352679684995101,0.0306875229019875,0.0333541285710853,0.0371049694577279,0.0432755740432333,0.0434313574962158,0.0330324330373248,0.0374542539989852,0.0404977686869923,0.0338166297598832,0.042003894294932,0.0348043318113705,0.0439121323307444,0.0410712882727446,0.040348064408751,0.0319245809623954,0.0381120959101473,0.0308174781554416,0.0324074175212036,0.0364139046611534,0.0344564795231163,0.0362162330662709,0.0381680080921868,0.0377791681468645,0.0361240898503406,0.0424439004443715,0.035478207519825,0.0400048588069128,0.038226706364463,0.0417935256197833,0.036963515286743,0.040201335477108,0.040839350856045,0.0322684193342737,0.0336700745654773,0.0324270571977096,0.0344700881419406,0.0405176396255568,0.0236532028902111,0.0372449657127637,0.0383048805355205,0.0440740681840993,0.0319285186596475,0.0374350332693425,0.0374402398146326,0.0312182998723838,0.0409249978325689,0.0380340320690353,0.0350938397790416,0.0259354164620703,0.0429059129900505,0.0373804458215561,0.0338454575819893,0.0353003873601164,0.0380565253476646,0.0327230075848227,0.0402638673936023,0.0281663235370003,0.0248634877271045,0.0345542134810112,0.0347226335152966,0.031986432841847,0.0398315656968958,0.0314249889897028,0.0344162069216525,0.0306340143432585,0.0380639431154604,0.0349583678865746,0.0206839994716379,0.0320556565545096,0.0301448321604039,0.0388602630755207,0.0403904295802488,0.0369526150573051,0.0431003201468519,0.0409134966510486,0.0308806514168902,0.0305083437062343,0.0125080150083731,0.0215645727315974,0.0477677883495377,0.0306709565072943,0.0389395415398372,0.0361228387398218,0.0314978973951919,0.0326784837584374,0.0344404711081571,0.037931337497028
1133.34297043855,0.0426593272780072,0.0295599199296624,0.0337704133469566,0.0385171075931964,0.0393229704057773,0.0348611811527581,0.033644854389766,0.0411353710888213,0.0350094070653264,0.0313025601572639,0.0290170140833607,0.0268026219918477,0.0333269888158593,0.0297708337742788,0.0279831720872594,0.0314049259426313,0.0323071384871512,0.0367429577009447,0.0246579083700157,0.0330044584033615,0.0309429081180207,0.034619674326601,0.0280095505235508,0.0204698619257531,0.0364740805350998,0.0361712984187812,0.0325621001546298,0.0299393815463192,0.0404671703042053,0.034479213632264,0.0317308814018089,0.0264353615922222,0.0396997486006462,0.0286996920248913,0.0276400285219647,0.035192708864965,0.0290181286687521,0.0296888901440756,0.0277621395052896,0.0210896025083382,0.0197492132270681,0.029072876667994,0.0410734384353923,0.0360046563494795,0.0319283327485053,0.0318869153825968,0.035351413330108,0.0333977255757238,0.0335125466420906,0.0322393184019041,0.0303404159760679,0.0372168698162197,0.0370950110202151,0.0382134214528934,0.0302485842689656,0.0350214435530358,0.0294896634482417,0.0342916651593395,0.0375284796230933,0.0316467729530892,0.030143141267455,0.0385836100142637,0.042186059827103,0.0301964784624894,0.0351176016605999,0.0116365592393648,0.0373074865141361,0.0437438022433256,0.034795911233071,0.0287776498656106,0.0244014567087699,0.0255620484520177,0.0323617569827655,0.0344318688035118,0.0278815448966488,0.0367413137738285,0.0324031362202125,0.0348051988308828,0.0293241699782995,0.0350037942023876,0.0278054369932593,0.0375870320583637,0.0295134377163606,0.0392493696796896,0.0325770691218953,0.0291052573556955,0.0351474881383507,0.0295654925833985,0.0315061938468017,0.0344891825743869,0.0331204890581536,0.0382268306255656,0.0246768385914354,0.0237045665695015,0.0207706197881844,0.0131366381016351,0.035989540636515,0.0373065763859538,0.0399930105015596,0.0306688305935327,0.0309730483833237,0.0349242717935025,0.0307796728614589,0.0293157107856464,0.0372015909797223,0.0185541062069515,0.0250387567180261,0.0352977748298998,0.0312775314304957,0.0231143256387126,0.0372686054350766,0.0381264769056808,0.0359976674386519,0.0323322230002456,0.0331483119127111
1136.34797521083,0.0185185281025114,0.0194753600516517,0.0110809302965391,0.0215810213428332,0.0146384021138938,0.0258278675186693,0.0114037075900633,0.0244779435589716,0.010729537465998,0.0178286283600059,0.0128680615966277,0.0198415578575522,0.0171167853583808,0.024943766155488,0.0160988182238456,0.0245530395170479,0.014734880091764,0.0134452241665424,0.00127434111551345,0.0113372649226539,0.0115861929396257,0.0143905361464541,0.0120146257787536,0.0173272136311917,0.0204284875490565,0.0181290267014261,0.0212708310868839,0.0176458510714287,0.0220934615700321,0.0210671014378245,0.0177177421774978,0.0143348293604245,0.0273639416570601,0.0118236282997697,0.0134574737896771,0.0202724084978604,0.0215408437146287,0.0103975226567628,0.0250798833710609,0.00806523057006005,0.0203421054399683,0.0194163899089934,0.0115973789256405,0.0219874943422217,0.0223008896203317,0.0220627755845721,0.014731964427875,0.025301158362433,0.00789250067948978,0.0154540949197401,0.021834445776088,0.0123537387688946,0.0166375794855434,0.0175648101405179,0.00298855187374259,0.0205029588124017,0.0166509678598675,0.0218697082819441,0.0191632629387198,0.0197437137612407,0.0274776779298781,0.0219122254618827,0.0292715027542552,0.00586813789362367,0.00629818006136105,0.00333336574762629,0.0302723873133036,0.0113319396563543,0.0194901778778111,0.0176843979190191,0.020096825047562,0.0153145714362057,0.01472884516743,0.00611664794394148,0.0118184546995775,0.0197677589367089,0.0286817325938079,0.0245354127180605,0.0180253626859381,0.023446995798723,0.016538553405894,0.0236863559165343,0.00829958569392982,0.0125674900987627,0.0163456466520233,0.0137340829339486,0.018507407995286,0.0113792080106437,0.0245277831945922,0.0189025585152165,0.0158624226392695,0.0145470733534544,0.0203658412877177,0.0125478561866664,0.00552225520005506,0.00818129973875317,0.0151676576970992,0.0188534778513581,0.0172543396528673,0.0176877626417074,0.0178363112086754,0.0168487060847614,0.0152616322127769,0.0179784213132624,0.00535464652588836,0,0.0124179417002231,0.0141149448604023,0.0151021431550963,0.012766065136892,0.0129533672654303,0.0174581578595199,0.0208571006703733,0.0285731763454527,0.0116555260323127
1139.35085086015,0.0331031446540214,0.0302288732317448,0.0344089557211936,0.0258525454441312,0.0340046180806441,0.0408007624162779,0.0374465825543677,0.0250219116591338,0.0350982380856241,0.0367962891932783,0.034500901455199,0.0381577967167643,0.0377355930820059,0.0357754454713056,0.0351054850000559,0.0394210191675198,0.031339932316659,0.0351853750426016,0.0306131673797502,0.0346819659090094,0.0466378562686618,0.0400118396869482,0.0360301238620382,0.0390662215938533,0.0327800472448382,0.0384094825516229,0.0374750831217331,0.0364354954189654,0.0324178414041167,0.0313498237130066,0.0312494328817907,0.0338226081150198,0.0290144422033153,0.0325841324520886,0.0287736042800614,0.0379440797971051,0.0355075491423621,0.0340493249881521,0.0354745052898226,0.0325962493390317,0.0335369459257308,0.0302441280582612,0.0336252036094152,0.0285462641703829,0.0298589241356917,0.0308508037466388,0.0370344235899754,0.0302020794809867,0.039023286715946,0.0317875317372841,0.0309636935960186,0.0261632808540729,0.0328780160941874,0.0317241267438393,0.0320770942590625,0.0323873865609113,0.0338517285320964,0.0332869687162182,0.0381404367519191,0.0387597163185046,0.0399824690976259,0.0262892507099255,0.0293158981430068,0.0346640386465123,0.031403399101076,0.0300197800218987,0.0347072176436015,0.0357003538709636,0.0343318008355005,0.0304249124452614,0.0332485751577233,0.0284180705150242,0.0346537100078658,0.0421830388735146,0.0290817484605984,0.0304651645010359,0.0297892296142355,0.0348874636980804,0.0315995071794693,0.0306907411428427,0.0338446858952864,0.0431003815342256,0.0301929418808564,0.0372253088940493,0.0348849370638947,0.0231433319031764,0.0341844805053787,0.0302014067301923,0.0408418732212514,0.0362122272138508,0.0338085219643162,0.027525194954817,0.0412737769063779,0.0376711216514245,0.0179122639000636,0.02083850380173,0.0389110334549213,0.0396442151903432,0.0346674174078801,0.032427147978491,0.0338872670076756,0.0334288611775784,0.0363682767273182,0.0473677466941642,0.0332235536272853,0.0136061311868261,0.0331028896439345,0.0321492890989164,0.0406167214241288,0.0347241930222058,0.0298132307784946,0.0382852667214669,0.0312381613961213,0.0380346925010796,0.0322123443276616
1142.35159948438,0.0353195144139865,0.0468611814869921,0.0360843680165705,0.0333068121154857,0.0377942658352835,0.0392390365556631,0.044390529448159,0.0336301797108374,0.0275785590716158,0.0400868209731079,0.0383249601396707,0.0387292641855219,0.0334438135145818,0.0325718427759229,0.0373146545572459,0.0399884727533048,0.0367328463468835,0.0346742372980091,0.0300613711573724,0.0347103502435266,0.0326717743277111,0.0432439298009638,0.0397764424254795,0.0391033305596938,0.0408474149508859,0.0444584140882435,0.0428992199786715,0.0402221848919989,0.035163916138701,0.0351727961775226,0.0356023119191359,0.0364662751010028,0.0376591409938406,0.0424379066038618,0.044637865727317,0.0465350628615076,0.0387548849895879,0.0528721284934252,0.0327957713830305,0.044611191838177,0.0335857172294814,0.0421518462869489,0.0352687276809485,0.0399797808744429,0.0401037749572083,0.0336196847779781,0.0376070472593107,0.0405197685678812,0.0401443651452432,0.0334644132996694,0.037422959598024,0.045271945160812,0.0404859840508898,0.039359171173756,0.0436621738884295,0.0367304839272424,0.035499059372858,0.0354961724331532,0.0354726732987528,0.0311995037241095,0.0416544135041983,0.0333663701217927,0.043399162711658,0.0379848413503701,0.0303661510245701,0.0392158862977332,0.0418745243444226,0.0362777292769401,0.038761317665271,0.0373417342938238,0.0404022583775357,0.0360935363661443,0.0406311236239405,0.0384230843388509,0.0243100004851762,0.0326515527987551,0.0384075376002998,0.0403575501359661,0.0462568503507681,0.0390422506945261,0.0247378024286974,0.0265165999259123,0.0411755915878905,0.0324726435129103,0.0316958314851767,0.0330717531231636,0.0428617151352154,0.0406857590488502,0.0474082068211753,0.0341106115604584,0.0328013449328401,0.041044344347906,0.0419001743110355,0.0350541825038301,0.0297734102563356,0.0376418499680614,0.0307467787256973,0.0320952453084063,0.0347201890609041,0.0411898331770366,0.0394772825751869,0.0450603636739315,0.0359337684227894,0.0327761306115444,0.0355809748249569,0.0201342463192809,0.0404684537829308,0.0392924773034716,0.0347316723786734,0.0369728888017741,0.0369233001583346,0.0449190430694146,0.0340193307421201,0.0414394173181543,0.0349815407377259
1145.35022317861,0.0402270104482163,0.0362479703047184,0.0269345538846962,0.0333410153543979,0.0340652597671703,0.0392795908411839,0.0354191375981746,0.0331033745567329,0.0238448028064718,0.0314849992084632,0.0297375368984657,0.0290849947290489,0.0356530440443845,0.0401682371115559,0.0379001408732016,0.0442658169929864,0.0330497435035709,0.0384038174162103,0.0267944944734459,0.0320295335453269,0.0294814088320271,0.0368819100651313,0.0312554611309321,0.0285552449074618,0.034451249576352,0.0302541063551788,0.0299960458672233,0.0332931578899232,0.0384534459885146,0.0309207282375118,0.0291563564979948,0.0317419109434132,0.0420030019603476,0.0332036065990508,0.0288222401760944,0.0412370917114918,0.0296748181256284,0.0368070603337437,0.0344774183663472,0.030503770267648,0.0363757315963673,0.040586387602445,0.0320860156004545,0.0395040028508684,0.031018870733923,0.0402221523505864,0.0284024312054622,0.0286383421188338,0.0238061665346532,0.0362290391527116,0.0294566576315014,0.0325979653073565,0.0400012717361082,0.0301369994539853,0.0410262500788765,0.0313771944507467,0.0350028176549009,0.0257886568582439,0.0301010485817971,0.0464225081410748,0.0292432485069433,0.0334298350259736,0.0380486132740815,0.0385974353156403,0.0282416413956825,0.0266810347245375,0.0403063509077409,0.0368571253545533,0.0333269745927209,0.0230765987515651,0.018648874003224,0.0291100589773327,0.032661224323289,0.0341195685105104,0.0410401320429959,0.0492069506542771,0.0277191559739459,0.0257519723143268,0.0322601428560387,0.0363377798365884,0.0382743438300005,0.0298151242544978,0.0243329204831045,0.0341392571669813,0.0252493896686486,0.0290659042180481,0.03646038432377,0.0350140375071724,0.0301441271719861,0.0303932679210676,0.0285467365912302,0.029768851223501,0.029919980196397,0.0281713036188913,0.026224964605408,0.0290687025406214,0.030286974063648,0.0327237047330633,0.0315195679157219,0.0401714251274371,0.0373598898984777,0.0286407125555754,0.0403483711130003,0.0355625071149729,0.0276268683732481,0.0266654626471746,0.0272989603625748,0.0382679372009038,0.0293900633356719,0.0222499784752235,0.0332002032366015,0.0313539584316074,0.0400603195052443,0.0382367099747512,0.0258930859807786
1148.34672403512,0.0370691842680036,0.0331166381704574,0.035110498219937,0.0349678059845455,0.031412704778925,0.0361216669042219,0.0338778845745489,0.0368787777200711,0.0341669513145879,0.0320767736075097,0.0335657080365778,0.0436429198977112,0.0438218551856943,0.0321099600627169,0.0281914232022065,0.0453669171268786,0.0288346943184371,0.0426654016520204,0.0305958350872159,0.034231707891563,0.0322187959969287,0.0374527569970965,0.0371397930738853,0.0434186081064867,0.0334149023084269,0.0428767090925542,0.0338069278179966,0.0311892867306855,0.0428280190991211,0.0331326527521593,0.032433836193226,0.0338635711071798,0.0366675098510734,0.0376073131507111,0.0441444792433469,0.0386125827373965,0.0420391828811992,0.0314795417168019,0.031257999686034,0.0425228011448024,0.0386201355702743,0.0368671282318329,0.0331973756291107,0.0368647278088445,0.0380458958292146,0.0391636674861854,0.0398451501278338,0.0292133560899504,0.0282053775676075,0.038995751484033,0.0257672287876912,0.0400561520415304,0.0292654283184197,0.0399516554385724,0.0394869651962345,0.0346468623909633,0.0441637002640408,0.0323361402312568,0.0398843027349712,0.0404936834442371,0.0385035867028508,0.0367333404877506,0.0370193091078658,0.0381281612162918,0.0353788488501931,0.045425536794713,0.0305489446829532,0.0368979395001422,0.0273466696981017,0.0347640683089404,0.0361705437052435,0.0367899510956963,0.0316682195786848,0.0325461918325677,0.0373479842009407,0.0375642891418174,0.041705168670948,0.0328539487427486,0.0350266331871224,0.0336355595568192,0.0361797560678978,0.0395634142427123,0.0238616861206991,0.0304603445940294,0.0334734108349223,0.0317739433215026,0.0354470924574961,0.0382051361409306,0.0345480488975922,0.048787562669171,0.0383752736665647,0.0352064745487638,0.0343879557595527,0.0372957376249937,0.030651310907044,0.0179087261927943,0.0303796101963285,0.0257238724499118,0.0380873352551846,0.0364376354023753,0.0352447239775643,0.0408265434442281,0.0307621352597737,0.0356360898791808,0.0468180477092247,0.0275171515062578,0.039109736293114,0.0334330744401648,0.0402927986183157,0.0354536132442265,0.0348967624845061,0.0281644689288291,0.0406736223773075,0.0372392901329079,0.0389088845511933
1151.34110414341,0.0425189018785806,0.0412071875417338,0.0357096832889594,0.0397777708542373,0.0405804454630482,0.0340328842408028,0.0387057627597556,0.0406566597620163,0.035843418683814,0.0288864148867336,0.0314592801141825,0.0431454012758158,0.0471188557782235,0.0424104951079741,0.0320329882752918,0.0438216331420037,0.0299617919193355,0.0384519014323521,0.0414655507509703,0.0440284681613798,0.0365746526350414,0.0342941432488371,0.0366250633261767,0.0307575293991136,0.0366669943257809,0.0407207927709585,0.041932814096407,0.0408772502949511,0.0369175193621095,0.0353469846958668,0.0330136142771706,0.0438842847449768,0.0523111646729799,0.0376499100544632,0.0392581686829953,0.0391959446108189,0.0318913219912088,0.0454780015225071,0.0416608538486225,0.0382163871853624,0.0359364081480987,0.0358453123586185,0.0439677560925121,0.0428906057788314,0.0364833150774777,0.0370127695525883,0.0349914037466,0.0314151420864566,0.0358808720618516,0.0319924594051752,0.0541410905143358,0.0321539677155696,0.0455143633509285,0.0334532419444135,0.0308386653299727,0.0427680352695797,0.0340168548619658,0.045928832826699,0.046422816038603,0.0340247498987477,0.0336811057185091,0.0508322818680485,0.0349125532639475,0.0403716227318462,0.0381610363574154,0.0503909157098532,0.0328081572307302,0.041267051935242,0.0421965655480483,0.0395690762344121,0.0416945708349299,0.0417572596849002,0.0408713401535925,0.0478885032253528,0.035270838969521,0.0339058532436388,0.0422846631007364,0.0448418730849081,0.0383360723191944,0.0342531628369905,0.042173714532877,0.0450154653695881,0.03321438785126,0.0412225605114893,0.0362673441805961,0.0298396271434756,0.0408991651601831,0.0492167486957322,0.0454540290117075,0.0445354731378511,0.0444150945909833,0.0422636865228677,0.0355690369749317,0.0330849735642911,0.0308290181543589,0.0331669162121959,0.0321251650394976,0.0410725298062333,0.0441148463798458,0.0403152067700519,0.038638709343474,0.0381630300155653,0.0524154234008816,0.0313680298634916,0.0328982937735258,0.0226894568433275,0.0314958802483324,0.0351365280433095,0.0452423939476949,0.0448268188259664,0.0382208313591223,0.0369886282565305,0.0385742777869878,0.0307363028829464,0.0346765648821873
1154.33336559018,0.0194660613834509,0.0145729400936453,0.0254840815403171,0.0239144142620613,0.0207425812178821,0.0260787492103081,0.02231297904158,0.0148754867476617,0.0159019337296847,0.0197514258149045,0.0169418102863259,0.0179125856917745,0.0222563866993796,0.0224795103576013,0.0201614788069617,0.0274466920708479,0.0177413443495414,0.0289424887526942,0.019727721656596,0.0115294021332443,0.023695373418429,0.0242074728750076,0.027044173161776,0.0334503386222626,0.0211698936401805,0.0248813925725842,0.0247235882995474,0.0168067943582751,0.0212635375283227,0.0273327965542517,0.0168543873838074,0.0286384037585992,0.027079533487766,0.0207866046590251,0.020172100560252,0.0157397125549663,0.0254982521451795,0.0208316511512907,0.0226469510837303,0.0279255587419748,0.0151766976943286,0.0170386663317133,0.0187964801988263,0.0164334574394681,0.0214983367610485,0.016253897200177,0.0219907415941515,0.0206235974284856,0.0260975313578281,0.022277036836404,0.0199981909897287,0.0237243193355977,0.0320850980603288,0.014448841229743,0.011252126629494,0.0191024599245478,0.0174357603785891,0.0178083771633989,0.0215759113416812,0.0205069387964945,0.0256106383974726,0.0212210654401699,0.0133724284572089,0.0160564214954153,0.0148013364779001,0.0193130656631021,0.0192330309996303,0.0245494404679504,0.0214222023871466,0.0231925580409605,0.0259483477292105,0.0184909831511182,0.0125209464038891,0.0212226733102456,0.0176091284006907,0.0169481853349153,0.0246306069880912,0.019932814738694,0.0243461721426775,0.0238152302735512,0.0260678638655992,0.0257537362553713,0.0256549503570805,0.0204357862035151,0.0254824044182463,0.0170687113249551,0.0301959200944895,0.0268723098593433,0.018988880897743,0.018715658642393,0.0271696049520213,0.0218313993168342,0.0208547638457948,0.0256757111931488,0.0193177944823451,0.0106184014786632,0.0272712977587405,0.0259019276847882,0.0170481635682607,0.0208244985435207,0.0255148865411084,0.0184500707401729,0.0207522487002998,0.0260164617620408,0.0227815677827379,0.00744686707785452,0.0255499414878813,0.0150562544748554,0.0193343340869576,0.0229929034374796,0.0160847591880109,0.0239764555594868,0.0180160655421367,0.0148723968141821,0.0164307273046487
1157.32351045935,0.0614931737751549,0.0493818090690259,0.0564046253405891,0.0462242575040707,0.0519398024701091,0.0581347349092373,0.054735675173161,0.0605826323353938,0.0570418317365211,0.0533314965151401,0.0563984979685805,0.0652824224069334,0.0618442414236917,0.0619395982563668,0.0554393929894053,0.0502730599292377,0.0599909123101875,0.0485767379956831,0.0496262272918027,0.0668839557094911,0.0592998937275907,0.0525083958414277,0.0553408143613773,0.0525559022578511,0.0555013220321206,0.049007960653063,0.0571137036464022,0.0532941903359256,0.0559661749633396,0.0532453835521167,0.05200334060593,0.0602485169664509,0.0540235591592346,0.056287437377252,0.0458803432351346,0.056932322593601,0.0550236357523498,0.0546956250274893,0.0613844001802518,0.0502927096261073,0.0519421554774119,0.0483627231606758,0.0542501374242807,0.0554914044904656,0.0543083132706938,0.0480447710075272,0.0578891175185847,0.053695401949488,0.0572416518850449,0.0592537172430257,0.0563921720511295,0.0566169316466537,0.0537356360111525,0.0574456225104903,0.0589561265755594,0.0541686798161527,0.048059430221592,0.0465754371247751,0.061130758894688,0.0487572741761889,0.0614232260199283,0.0488163906247747,0.0539216129488631,0.0605862526621823,0.0546266579549777,0.0470803154996217,0.0580862292144263,0.0570425268021261,0.0614898585141074,0.0528938941881964,0.0565685542363753,0.0582157943940247,0.0528470366288958,0.0502098808217457,0.0606867382367069,0.0452213519113645,0.0606144467881148,0.0633985705594638,0.0617234167388277,0.0559536169559894,0.0520129070418994,0.059150649274538,0.0464714074293619,0.0584763880087908,0.0570747509700304,0.0414679550313354,0.0523492918939068,0.061343732335689,0.0531906852839006,0.0570698100073546,0.0602932972885003,0.0558468694234496,0.056029318746374,0.0582818322424864,0.0572356695312058,0.0528161701648908,0.049378272109811,0.0488859691597876,0.0529219847861827,0.0529693532548584,0.0553465955604367,0.0476953683705716,0.0564133431072733,0.0592204010104297,0.0479533315897474,0.0514034930341144,0.0573511752874809,0.0592482884296787,0.0616459905981486,0.0575578931047636,0.0584201770822577,0.0633799955450279,0.0528441755827308,0.0540896523478502,0.053173188877047
1160.31154083208,0.0266133373036978,0.025424224304353,0.0245298843475129,0.029836047668135,0.0192146931492373,0.0176464076882696,0.0229613560719915,0.0251324351577813,0.0230528299502654,0.0247384230584874,0.0186785202275587,0.0244594489402224,0.0212815307191243,0.0231178639890345,0.0208128387073598,0.0275466533254959,0.0168038326557407,0.0189388682410963,0.0170245654368928,0.0257140946316202,0.0248790549676563,0.0120392129655722,0.0174925057742872,0.0139639077028693,0.0196506596058035,0.0222252974136269,0.0151112873804937,0.0201190188500027,0.0175770153054581,0.0193898078378536,0.0234287159256142,0.0155275282267609,0.0169643574189763,0.026884615961663,0.02297600149733,0.0286729289981042,0.0223688876018519,0.022003141097839,0.0113222090569849,0.0231351771032385,0.0169442441621299,0.0144692629861129,0.0264019284563506,0.0241668331346989,0.0183858895388604,0.0201755117437685,0.0296816428566565,0.0244984981383977,0.0179977256063397,0.0180551660685406,0.0243918126679514,0.0179969969206726,0.0241223056923433,0.0221312326893306,0.0191347009960851,0.0245816372117355,0.020755811637648,0.0152097614033938,0.0200540325866341,0.0265662389542488,0.0203122283486076,0.0116550807343212,0.0237486999679913,0.0194725425691348,0.0307277746868824,0.0117694664599096,0.0144811587370563,0.0143743488594211,0.0281144279825747,0.0201051658679322,0.0217368688223545,0.0349551018746518,0.018600398025301,0.0170023231569438,0.0247561154277465,0.024013450313915,0.0220479533093367,0.0140759789816925,0.0244895386832286,0.016770201080409,0.027287164994701,0.0329090760450471,0.0241854264567488,0.0216518685730147,0.0169594574709384,0.0183807156305106,0.0254935716248216,0.0160704348112944,0.0288974499871719,0.0274805868906442,0.0181406614338312,0.0208655165218793,0.0199405725505498,0.0178008598885233,0.0276616318303525,0.0152541115215086,0.010419697929415,0.0233650476506378,0.0247755207158809,0.0160917926451077,0.0108396310367061,0.0197369176477127,0.0301410695551653,0.0234663428731738,0.0166720556490873,0.0120166414384628,0.0225478556368328,0.0299144062665696,0.0075901941292827,0.0247786254173823,0.0243706722574904,0.0247125882564335,0.0176307712078434,0.018402765206379,0.0144477988383316
1163.29745878673,0.0170143528008706,0.0185660232624784,0.0153952655706944,0.0219330648789786,0.0160375719663483,0.0235697017798305,0.0230243830820062,0.0262343252135523,0.0290653282284372,0.0226408608766581,0.0241386763793933,0.0159060855653993,0.0180905947783233,0.0280305659975659,0.0197880858616122,0.0175361552557152,0.0195431323280665,0.0210941392071441,0.0159497599408298,0.0208807305847241,0.0173951639731454,0.0136897748375594,0.00952028573724548,0.0166648828607508,0.0175559505545448,0.0228177416717161,0.0221694081836771,0.0196358674562429,0.0160087441800768,0.0178458612953681,0.0224001117489092,0.0234536727469115,0.0197101829467419,0.0154840018933183,0.0235629099717539,0.0244583873897245,0.0213444155298805,0.0204461092682813,0.024459657143392,0.0313572018922814,0.0257759619388639,0.0253166835623562,0.0226982885885675,0.0155850501104375,0.0120009488675922,0.0246037554798535,0.0194057832146097,0.0175056094232752,0.0185902244259562,0.0197486958284756,0.0201805150210293,0.0265267650063434,0.0193357396407473,0.0292398428174906,0.0110456436412743,0.0187046868174523,0.0251019734007128,0.0277296219443755,0.0195678852862705,0.0179383406232832,0.023084574949841,0.0203677172339498,0.0270515261009885,0.0228112024915788,0.0215381016740566,0.00720864820609342,0.0265813060952601,0.0198356596602405,0.0122811797638924,0.0164473732439516,0.0174536854262662,0.0198424757582903,0.0144014971386265,0.0176244012633299,0.0157031692100409,0.0187717246145458,0.021565410074972,0.0249889318063432,0.0213213430701902,0.0146343588845771,0.0225103109858442,0.0195656828205758,0.0122696063209882,0.0227989673941062,0.017048697324153,0.0164617474903203,0.01856857003973,0.011455330891923,0.0208564851147072,0.0178467150461042,0.022024886785472,0.0203870011387002,0.0134575381675196,0.0221370854641087,0.00340581173891111,0.00359284777926154,0.0248302111379499,0.0207382203039334,0.0156218466397985,0.0101968983055226,0.0131432330324199,0.02148481890541,0.0189516691554531,0.0164941179147623,0.0179653196933319,0.010992440793336,0.0149458089105401,0.0212805264156818,0.0222957975793364,0.0254020167369985,0.0249963744759128,0.0193522431835534,0.0247725063294944,0.0168674765739538,0.0129215053808958
1166.2812663989,0.0246289105688028,0.0234646922121838,0.0300836311125766,0.0209250074374705,0.0311276991956041,0.025228536208466,0.0214986261804413,0.0198146614818436,0.031838068034333,0.0319004304228038,0.0204266694803596,0.0310180198039099,0.0251927291234205,0.0259277905828838,0.0306886053776125,0.0255388439552745,0.0302952780073098,0.0274911571022021,0.0230311264344304,0.0241849899116312,0.0309228918288856,0.0249396873402806,0.0228891007138462,0.0236037470078858,0.0261795559372239,0.0310775363340688,0.022222263183269,0.0229069766070552,0.0247308928398546,0.0254591539781338,0.0262353252732391,0.0350680704749336,0.0224591089601387,0.0204494348198177,0.0257916156537725,0.0309321618014659,0.0219310805762115,0.0205024360003512,0.0190769392435626,0.0319626295151865,0.0214627831868503,0.0259260061412494,0.0248990290744938,0.0232490862394858,0.0211918069459881,0.0175403715578609,0.0270616764188998,0.0310924020439689,0.0262793968114348,0.0257884041927957,0.0218500119090319,0.028702487692389,0.025884856837226,0.0325446142595638,0.021012759974155,0.0192963688358006,0.0230144571704349,0.0185820767275126,0.0255787696647573,0.0348067350082554,0.0182756411524114,0.0242263441524079,0.0163204130477984,0.0234426617831993,0.0216110261418729,0.0190852791714965,0.0321314054600129,0.0220555225680599,0.0249523030856424,0.0149110430298294,0.0175372623977552,0.0269961356009466,0.0263010960758728,0.012793614372318,0.0270781455073722,0.0289642315024106,0.0296675427864347,0.0272226336001891,0.0154527419217298,0.0268771612805078,0.0177365131115016,0.0196579126975743,0.023273740196399,0.0335749878429506,0.0258334070842833,0.01712800911539,0.0261885129581627,0.0261283631799815,0.0144434881229583,0.0184617414923146,0.0269953050231607,0.0182944543521603,0.0267127470019454,0.0259429080125975,0.0179503444104409,0.0219760967673672,0.0199880766858119,0.0202944936024247,0.0308867819894259,0.0227841916024026,0.0270141770932727,0.0243359457297939,0.0239224237585215,0.0269009008855654,0.0143766111289699,0.0222850201126429,0.0195584765823274,0.0235429500938233,0.0267177359716541,0.0238383238959445,0.0202074830681484,0.0167247878424865,0.021057658881367,0.0246985676538274,0.0254141983850765
1169.26296574145,0.0354735888083465,0.0379833176797918,0.0371961192048235,0.0315833471808034,0.0381631698994814,0.0444938526168713,0.0332403492736338,0.0408101353226504,0.0297496456013882,0.0379194187392581,0.0318298588065309,0.0386042876490073,0.0512533170175375,0.030307039971995,0.0410504618367184,0.0414903076840331,0.0250306220704507,0.0344212088601622,0.0295726969051448,0.0231543831536638,0.0299096005976219,0.0335272568108103,0.0351942380209779,0.028957680383417,0.0358779038650192,0.0311290195618445,0.033060155824963,0.036363139555332,0.03453911476809,0.0443837439922641,0.0333143374487291,0.0419478084946951,0.0408093901943579,0.0314178540227877,0.0373096291099463,0.0395461267850898,0.0369944346144807,0.0334443911466172,0.0333101780158856,0.0325712038846109,0.0346835229671548,0.0416308943293283,0.0405150202836803,0.0357891583086675,0.0341447685233072,0.0378484898016126,0.0352640862398744,0.037642997654771,0.0334260839309471,0.0426892648106402,0.0416905318735582,0.033529912983218,0.0367543710329412,0.0342210841039767,0.0370010272391618,0.0252792299784508,0.0300486790150834,0.0359840029969333,0.0375456633312261,0.0332363812094766,0.0438069769372049,0.0329449955129483,0.0379855589364342,0.0365449021471447,0.0347594235356692,0.0330867669019516,0.0360465031526365,0.024278571579163,0.0431076309393089,0.0335027273864379,0.026896848791955,0.0363251140901058,0.0414229982774434,0.0456119012987288,0.0303941649411525,0.0306470636770088,0.0308002624163101,0.0316299756525143,0.0447314639041243,0.0358058285741197,0.0339900440857573,0.0347978326937642,0.0331899436686594,0.0363326489337766,0.0395109029622071,0.0281226572723198,0.0413518652736514,0.0282950135311806,0.0351159645040028,0.0341791080237606,0.0373846703327411,0.034533239485424,0.0383265407377571,0.0329529928683656,0.0346246356231893,0.0403632553795939,0.0322043809182175,0.0389299359068783,0.0271650333367763,0.0397226979540509,0.0331788964973702,0.0332410140399371,0.0369748679732454,0.0345959106111351,0.0303343401751839,0.0283726272731852,0.0230644943423275,0.0307105913384358,0.034391288440469,0.0337761117907359,0.0473853050101003,0.0343014003787321,0.0450378333913452,0.033083614961208,0.0379100631889614
1172.24255888445,0.0231948769989238,0.0236549326637743,0.0161611054936326,0.0178581967560243,0.0183426576391803,0.0168202823582849,0.020048245048844,0.0198853026868458,0.0206381405250831,0.0228561395575191,0.0124725421425109,0.0193050281173325,0.0193685791372164,0.0109343886226023,0.00968812279972649,0.0246027179106086,0.0208371609454587,0.0100942034562885,0.019269390684201,0.0205005037620478,0.0224356124066565,0.0186608061387491,0.0224306215029656,0.0157872950272804,0.0203987845231126,0.00983374019737888,0.0201811103422202,0.0160617608176242,0.0145714172676025,0.0159257285665445,0.0112339438530868,0.0167180901673312,0.0150580628547533,0.0102091537147534,0.0160566158513642,0.0123674760712559,0.0198975264543719,0.0200880646317455,0.0290235431071016,0.0125013090115412,0.0117506562142429,0.00882818538707549,0.019653740367483,0.00718425985659267,0.0175664073467596,0.0160127780517541,0.0146753171639183,0.0187468523225785,0.0203864949830043,0.0215902348832434,0.0118395955789535,0.013462627593996,0.0190258494945737,0.0157786087809901,0.0223580130069413,0.0226446182375831,0.0183125681976181,0.00950660651482186,0.0143398198654207,0.0170242943943785,0.0265445833667227,0.0200804397327774,0.014843650269701,0.0182107502326742,0.011417980424476,0.00892554892631347,0.0126600404869374,0.01947522584397,0.0196104441325928,0.016084946812414,0.0106234197083015,0.026652432166163,0.0211383008573972,0.0129624568282879,0.0181264975486277,0.0184994680474204,0.0255000658921296,0.0203040725667694,0.0167014082722054,0.0148811060891321,0.0152066992654264,0.0155533036576683,0.0141908633221955,0.0230505368311672,0.00973099495179609,0.0138280472242727,0.0145083884689028,0.0205615392471446,0.0195014769098995,0.0191622866342921,0.0163659566320609,0.0173537556446755,0.0192444447623541,0.0186263530031595,0.012506424137556,0.0214625455063644,0.00921351991940501,0.0183264970290808,0.0191060853119253,0.0245977192339951,0.0145665290899289,0.0157464571974315,0.0166389422676452,0.0189453607305032,0.00829653472284316,0.011259963605276,0.0115874340697957,0.0155507196165742,0.0149978850483003,0.0212682523116466,0.00955566422989471,0.00929570385310625,0.0109226066450538,0.0172374029497919,0.0159084024666612
1175.22004789522,0.0302814652844663,0.0317691635069648,0.0254458659895941,0.032234304420352,0.0307566444976893,0.0355589221713618,0.0275519689928609,0.0365881323377818,0.0293675098426603,0.0337483009901125,0.0416930988118744,0.0295870684124428,0.0318966967529827,0.0342169652706039,0.0325210090272768,0.0262584721563419,0.0342688963169726,0.0302770173498584,0.0198402661037268,0.0314075861344965,0.0305868935259861,0.0293878479079324,0.0288746929869938,0.0343819606388354,0.0440338238660838,0.0285053267995784,0.0294084067613733,0.0359554042662953,0.0254693385984861,0.0246262102084021,0.0264211599170443,0.0288692922470538,0.0350288634984028,0.0260933640594148,0.0319514474761561,0.0380846473392218,0.0312151203499629,0.0341103881258629,0.0356363680131034,0.032709866782216,0.0337436688906485,0.0196889107719263,0.0277659263605818,0.0240625726199635,0.0364330253477126,0.0292119874268343,0.0337504790837381,0.0361340654424472,0.0308139697027624,0.0384977506571585,0.0354271571945323,0.0315400087595224,0.0342193964208699,0.0316020253602814,0.045465540918635,0.0345610781842708,0.0376904218546196,0.0317911715640083,0.0295604459172259,0.0339026797383838,0.0390810186737783,0.0395988902158417,0.0311167917971428,0.0421612781400317,0.033288149125073,0.027177224347174,0.0258658756573419,0.0303570553453284,0.028454798284644,0.0182658697284883,0.0270808908999495,0.0332734410737725,0.0276828274433313,0.0381492969375313,0.0278996672156474,0.0302999964386688,0.026639569000965,0.0312296839665896,0.0281444045503671,0.0298987355244639,0.0320061368619567,0.0285505884476099,0.0350269307568043,0.0300931939708007,0.0299349274387779,0.0279291387267565,0.0388344805422578,0.0331590739212668,0.0325976935875442,0.0311117059716394,0.0300115829430584,0.0292870975025432,0.0357988429520667,0.0320453964155715,0.0238744025019818,0.0279452819989365,0.029139180000204,0.0336984371351159,0.0251573986923053,0.0268683638144812,0.0411132854481835,0.0219081523899035,0.0350837068596359,0.0271902352118917,0.0345765288438461,0.0258806459780998,0.0178761683246887,0.034707862121198,0.0378375824101966,0.0328555129519882,0.0215709680839102,0.0334307620134559,0.035995433247572,0.0322386564825693,0.0327236415466266
1178.19543483834,0.0432877593952629,0.0356128844050456,0.0385237976402502,0.0508551813634155,0.0378023403702532,0.0398984473437398,0.0387732447182434,0.0473824735080089,0.042424966243535,0.0311277543639084,0.0406931551611806,0.0420238863245679,0.0395543217984754,0.0434660340423473,0.0434354257240016,0.0369228667073832,0.0386262030992359,0.0382772133768137,0.0426991475503649,0.0363533868681498,0.0365871964267273,0.0438504644361157,0.0390565718164865,0.0466278821638816,0.0398128732844104,0.0367792904564958,0.0434911347179153,0.0510297070921361,0.0396195395684716,0.0327919143158842,0.0426923978733762,0.0299689774578228,0.0453217618413172,0.0457992795206663,0.0402025948324955,0.0467088310051821,0.0430723192685252,0.0422318994172496,0.0466112056434292,0.0355057916080126,0.0453315417413651,0.0332483818395961,0.0439289966324093,0.0409445269618414,0.0348974902552675,0.0429622131086002,0.0441366155913157,0.044861049669587,0.0477930487366999,0.0391217519712923,0.0381785279652247,0.0347880559592734,0.0364650116323393,0.0403591248904078,0.0456008279598116,0.0357051560671781,0.0372254505633377,0.0334924303570501,0.0366671061650306,0.0372244462138241,0.0429532833525015,0.0369947570331311,0.0495531175869038,0.0400963564198729,0.0366430597596016,0.0406629018620754,0.0254229487402376,0.0374572717824281,0.0411394866084191,0.0352792406681823,0.0479057153529254,0.0420702053796773,0.0390596302451636,0.042607273347907,0.0382141778918263,0.0452972837291847,0.0433369199427738,0.049213117161605,0.0455384552292062,0.039391057583331,0.0396448397589896,0.0463871583056925,0.0411345743178307,0.0371394867333046,0.0457966369129088,0.0301624861251092,0.0405433107915214,0.0395053332745456,0.0408227070998824,0.0392899791925226,0.0382450723003776,0.0444585426108444,0.0370072529245491,0.0417336022944739,0.0304636035222782,0.0292529414743859,0.0347642693463591,0.0310879457159427,0.0355528984889272,0.0432737497337463,0.0439846051233796,0.0357744253064464,0.0298347172341981,0.0316377756465196,0.0255755415342077,0.0352967796145405,0.0330498386660168,0.0386183311130586,0.0433559121433268,0.0362333762529882,0.0335898194813735,0.0400984133846187,0.0360948317608665,0.0466927363220188,0.0398391246301367
1181.16872177565,0.0272549690784812,0.031446381027765,0.0310337377459671,0.0307790045856717,0.0292733760652249,0.0181034541160818,0.0319586067903029,0.0377563702771824,0.0295416697768802,0.0317551578083701,0.0272834801478546,0.0318778390015477,0.025552713234216,0.0241045894118939,0.0185871709942763,0.0248132111491974,0.0264332865542851,0.0272070468803599,0.0296908421559209,0.0358803432959022,0.0361272352951348,0.0364588607194051,0.0295046304460013,0.0339975788325797,0.0361314846381715,0.0275390317432033,0.0354746492952288,0.036098107739545,0.0321158730168417,0.025884091141596,0.0303447219580795,0.0237023779163312,0.0287251865194856,0.0355102354318169,0.0266079593853507,0.0280890874470379,0.0292023897441393,0.0331806110211216,0.0341634093355115,0.0312301094172614,0.0339142420852916,0.0274072854133653,0.0284435479426618,0.0329246928308571,0.0322916963027763,0.0353689534904488,0.0322515301966893,0.038430055123681,0.0233053530338652,0.0332346206741413,0.028109118328386,0.0322125151365965,0.0333179205133943,0.0387869715171354,0.0304227682676539,0.029309796618533,0.0340822380124985,0.0249039837779403,0.0318717531216934,0.0280745570746852,0.0316607063175186,0.0279183441936331,0.0318209686571524,0.0326146239606678,0.0269296089984403,0.0228776678425614,0.0222534075375203,0.0407760189181898,0.0319038081616602,0.0295235828274903,0.0278251859204378,0.0248067022555998,0.0423925038513885,0.0334292278131222,0.0329454396700308,0.0352906932191704,0.0316113130230668,0.0286729667728644,0.0315767873591994,0.0217949508152538,0.02949765992585,0.0293023944787671,0.0237837387543689,0.0361680006582737,0.0252637899440538,0.0313684474276226,0.0341769783416517,0.0385580063742119,0.0268439828068224,0.0210485364800861,0.0313181967475574,0.0310636950124844,0.0305446233338846,0.0370210530964517,0.0354629342866474,0.0196882918972614,0.0326909199425206,0.0252109708369195,0.0285900053345007,0.0330511368093402,0.0242819864136486,0.03699309251553,0.0288979649116707,0.0241431535751318,0.0339501914775685,0.0148831826701293,0.0132586060731191,0.0278269255424963,0.0369670680074319,0.0275692304276623,0.0331519724399473,0.0358504347973873,0.0345690131721214,0.0385683475020677,0.0286297815311313
1184.13991076622,0.0429580024678088,0.0427774803987354,0.0462848258349271,0.0435758547358737,0.0309547761355669,0.0421876828598783,0.0378815966667208,0.0415715519116189,0.043147981771661,0.0404966150639439,0.040323770689782,0.0432468700976034,0.0359260554067223,0.0403802009425477,0.046850762851009,0.0497873303387322,0.0345359794017208,0.0362746318184057,0.034079285166194,0.0305308941953999,0.0399807283127008,0.0434655929880739,0.0460956677272871,0.0393693915058038,0.0394189529299032,0.0352735420382903,0.0404003261317451,0.0393906061853146,0.0386935999553186,0.0469810844804528,0.0369032059063889,0.0406032280123675,0.0357986799933481,0.0334066440533127,0.0403293017338889,0.0393921260811265,0.0474998168125595,0.040773052194962,0.0424219167081573,0.0449187932102101,0.0433186012323365,0.0355844543536301,0.036567200764729,0.0384444161291383,0.0355966989185645,0.0480321833941916,0.038299090501849,0.039583849227916,0.0528424118615027,0.0441812958598204,0.0372801595983919,0.0381165530959287,0.0355712446938317,0.0410257377939799,0.0360370372431285,0.0547075554597414,0.042743428142825,0.0461163049941743,0.0379036583975629,0.0411673913149688,0.0480004595173686,0.0479874081266462,0.0367679035076846,0.0327258025935865,0.0411858766245438,0.037433857129023,0.0382014060185838,0.0413949383392125,0.0456923656952503,0.0359526614620937,0.0366578153302217,0.0417564340302726,0.0403641633911946,0.0433508550179987,0.0384306669335066,0.0492326794581163,0.0391983157774146,0.0325553271157573,0.041408897506709,0.0418003600912559,0.033909564375812,0.0482210381379785,0.0359013863900746,0.0389438347903539,0.0411336828059998,0.0346443788822512,0.0358933621975535,0.0344870263390227,0.0513260360887008,0.0351663244981454,0.0395593639473514,0.0397743441976401,0.0416283184591155,0.0333794806154034,0.0340894042616968,0.0251486593481336,0.0482269117912401,0.0460443012197204,0.0384506611780553,0.0309850014882672,0.042580131391274,0.0448165090457226,0.0365821845287391,0.0421733911376734,0.0374437719721311,0.0479872793172205,0.0262203228137566,0.0333792762425152,0.0419516402113894,0.0347875989232007,0.0354267393631841,0.0343362197539243,0.0455355636775706,0.0376080771153958,0.0335966007287169
1187.10900386642,0.0194034775648165,0.0316734758689948,0.014982819409193,0.0245678605623973,0.0229708459321104,0.0220009301512769,0.025238385007487,0.0169043161126092,0.0254086630226772,0.0151806657927915,0.0226042786336226,0.0212777706916251,0.0251820338809732,0.0269658062500782,0.0279717225009706,0.0228534191111478,0.0234187609643003,0.0257423109248699,0.0134710144260754,0.0219320567886649,0.0228299221646407,0.0291515172191923,0.0210817521688467,0.023570789023972,0.0244945903272745,0.0150927367286179,0.0205316071007129,0.018572259840388,0.0230763116120543,0.0169268415593717,0.0170032967046674,0.00907567301102098,0.0197480534699778,0.0280345728159735,0.0190953970642731,0.00956058749543715,0.0223804680930189,0.019384087970576,0.0201756907011527,0.0232347946997824,0.0225962464084756,0.0243613425441291,0.0286005544355033,0.0163555112836594,0.0163520077953371,0.0223838711554435,0.023162312880124,0.0239554871377955,0.0256343666258134,0.0171288073327511,0.0127910066732425,0.0212455596517113,0.0270356625804965,0.0177078370101396,0.0181324534092976,0.0213801537541582,0.0251255522233924,0.0153235958718416,0.0206692760329853,0.0244317473995914,0.0145046548280782,0.0140943276040012,0.0158044679800497,0.0247101303220854,0.0205870565558248,0.0207194456957206,0.0268485749384776,0.0247139701621394,0.0238582708522296,0.0185537979674269,0.030767271592859,0.0212431224496099,0.0200984051231396,0.0194498339870104,0.0326328674274294,0.0168874762889592,0.0312351234376881,0.0158214389047485,0.0193449004672605,0.021447933760763,0.0162232313927345,0.0236217138066625,0.0174675635470153,0.022471998407671,0.0249554152051232,0.0152128408852806,0.0333050085714352,0.0158256050201937,0.0162310548141557,0.0309535139810751,0.0288494229979517,0.0226142976866281,0.0159866461477305,0.0308090299406798,0.0141195829310001,0.0197370108492737,0.0230547989546518,0.0287295154660588,0.0255275363539977,0.0224008514703032,0.0201322676827846,0.0256909748289426,0.0194959244015755,0.031428809930245,0.0203137792697494,0.0147975160662964,0.0158737622789772,0.0236853867782627,0.0279910509275247,0.0206561287631703,0.0133264654605079,0.0202687575458368,0.0282712495260005,0.0234329932049082,0.0240124137820768
1190.07600312986,0.0173663011030496,0.0200394004791831,0.0264526587984468,0.0214684548439925,0.0166026165057891,0.0210219948343644,0.020557907196199,0.0175033433923633,0.0163221704343008,0.0147395760880559,0.0205407244934719,0.0165218200198337,0.0220243715797879,0.0178748955364177,0.0183095597815459,0.0234687242617792,0.0144415957185652,0.026870637194971,0.00971629595894646,0.0323178207214368,0.0143022898357945,0.0201729647242182,0.0248783563331255,0.0173048193329548,0.0165393771665674,0.0266679301363412,0.0146835367502814,0.0197295106369,0.0285794437473386,0.020262475305392,0.0143896728756577,0.0228263831008175,0.0198376603175335,0.0204850341308655,0.0208078457802503,0.0149947764398056,0.0235321199377314,0.0216171230376159,0.0137328652804419,0.0178826852952289,0.0221480085508203,0.0276957957597573,0.0179557634171717,0.011596426760917,0.0121472845386512,0.0109713178299051,0.0205255403375542,0.0159122078780938,0.0246224554437556,0.0221116734453833,0.0273135914470725,0.0218600381492289,0.0239007843252691,0.0248496558324999,0.0144558502538956,0.0193073617252918,0.0230670875395623,0.0202913138856056,0.0234623238826741,0.020175743868357,0.0167674830933799,0.0287747931633636,0.0148209839227482,0.0199511311512613,0.0125200644538963,0.0124922005971248,0.0269681757322298,0.0188521754314612,0.0272411169307027,0.021813563405513,0.0188809976919663,0.0159382252472679,0.0180783599605281,0.0195591086813651,0.0160896805448213,0.0116836890563002,0.0163035327832821,0.0197118878682514,0.0145868109748584,0.0132637264942355,0.0276514350153587,0.0258918548638958,0.021409229190873,0.0172345621025056,0.0185603328163303,0.0164347857926897,0.0242576968159053,0.0195807898626982,0.020680430310507,0.0251271572437225,0.0192268371694382,0.0135444846550827,0.0281750006026697,0.0245083199109262,0.0116928874575802,0.00915087100522964,0.0198936470203951,0.0244995737466247,0.0142363490321897,0.0208864601394554,0.0136583533160019,0.0263720004428085,0.0250338442864446,0.0168874775159604,0.0183884743359033,0.0043440462763246,0.0210734933940198,0.0237996527951312,0.0226971358300461,0.031715592070037,0.0161510887067952,0.0253144445501652,0.0148119474486206,0.0164223204093709,0.0187450139062729
1193.04091060743,0.0476032141997373,0.0468767784707965,0.0547091046427241,0.0491219161080892,0.0478416261641695,0.036050419713926,0.0493079476101844,0.0412188458550102,0.0396714262945952,0.0489054063407518,0.0449275747359484,0.0515658409419814,0.0448668313644721,0.0455012723481207,0.046044098782717,0.0447471106684576,0.0465862961588402,0.0465476463714844,0.0445556035993791,0.0454196751328166,0.0547988754157978,0.0479843753467383,0.0489504411548537,0.0401579575884047,0.0482349641178383,0.0475541630585634,0.0449591875749622,0.0444701695622533,0.0508716195217083,0.0472955375760326,0.0431039371450391,0.0523748106127761,0.0462871002869677,0.050029303574565,0.0487442421056032,0.0396668343953202,0.0439861559199646,0.0426413927665927,0.0454303778885892,0.0435575505209794,0.0463567040674116,0.0445099389331449,0.0475513977204324,0.0436586175118228,0.0482213512202311,0.0499208261907341,0.0466877262404092,0.0517340478707239,0.0410761832206361,0.0520723197111612,0.0471839296457646,0.0526739356172619,0.0526095518723302,0.0461359408634767,0.0567364759368578,0.0404073202956804,0.04944151244219,0.0431414884204952,0.0506123095904321,0.052807974401071,0.0417874643042295,0.0510147379662703,0.04137598180487,0.0450101698395544,0.042584790693591,0.0434981670622569,0.0467518606756798,0.0513878659704933,0.0520043333854466,0.0483801094532094,0.038635598414783,0.0519060423674241,0.0461074922471594,0.0513171229830413,0.0479252803425545,0.0527767144341399,0.0458935770468288,0.0496532024822138,0.0520060490032348,0.0587157070950217,0.0536391587037448,0.0491212242647079,0.0520916334787939,0.0419486410887626,0.0420492869817042,0.0398589672305737,0.0459143611592045,0.0415829327303705,0.052216451516585,0.0451894105561723,0.0513099598284405,0.0405961678160408,0.051879918291574,0.0443536619987996,0.0496622341230203,0.0467385726150644,0.0425947621127103,0.0486154574653236,0.0468975609049686,0.0508997084461247,0.0440842876204163,0.0424592306100873,0.0456560529850425,0.0463333810086845,0.049039211022813,0.0417259525869929,0.0390443515743836,0.0413474285017059,0.0563887602908375,0.0488023546071603,0.0422754904618985,0.052203282208295,0.039365434801429,0.0490725715594546,0.0393575717122965
1196.00372834731,0.0439613013679998,0.0432655051061821,0.0418265132021633,0.0465614063251045,0.0500770889918991,0.046815861290113,0.0456972450429178,0.0520394628713544,0.050593620741163,0.0473922880851968,0.0439522395058787,0.0371388297513426,0.0503834046177548,0.0493769240347767,0.0461454588454495,0.0437818900870382,0.0477636172005571,0.0540429144801363,0.0386369355444,0.0509342802669218,0.0382001190717746,0.0416804428262396,0.044220800589628,0.0455466326676626,0.0488608598622953,0.0449050628055791,0.0466672160870939,0.0413492111550146,0.0542178654098264,0.0393321172182567,0.0356392417061548,0.0508678223784675,0.0436963263530115,0.0435795907798482,0.0433645544889187,0.0488495547054314,0.0419301418030872,0.0486406584908799,0.0477132029536489,0.0447453179704013,0.0497522963018217,0.0446192880783878,0.0422803527950975,0.0497368876985853,0.0488583207542144,0.0434434773717739,0.0429733191119532,0.0447826048887095,0.037890474560279,0.046205844213062,0.044081530477969,0.0400533029003714,0.0446266946228237,0.0473044774287913,0.0306403030145182,0.0404985694760782,0.0463189661274513,0.0464927388916722,0.0469200602973793,0.0333733558633398,0.0418921104384277,0.0317051590041635,0.0479597804834909,0.0397180923558149,0.0426969503753688,0.0432340004985526,0.0425117550141359,0.0476979106796116,0.0389529208877454,0.0463527392615228,0.0360310814737936,0.0411801941026516,0.0489249486251954,0.03724989040903,0.0416037335575939,0.0459867276000326,0.0513522147918724,0.0508391432008887,0.0440126129473547,0.0455644461194583,0.0478256179251563,0.034743437539313,0.0456753506501545,0.0367200737500667,0.0590238582703503,0.0462543480053304,0.0524948957861321,0.0484738297726572,0.0463833632849123,0.0501570309601332,0.0416962091834538,0.0439338417385288,0.0459865052919496,0.0465979574374952,0.0398054465834413,0.027875678990908,0.0427436894925878,0.057474913821537,0.0470092082340045,0.0466766144802474,0.056893126893009,0.0392988392881928,0.0420467777516648,0.0448329094049557,0.0400670734505553,0.0364926082063155,0.0348175059650365,0.0409261111443204,0.0500208250455315,0.0423495681137425,0.0418582591780952,0.0457924466891865,0.0498059437812868,0.0525356576059494,0.0405678764933558
1198.96445839494,0.0607615197299569,0.0615637511106653,0.0592648837221324,0.0662716956194267,0.061449287807968,0.0565190701665019,0.0617223830599167,0.0628649923018484,0.0588182184064052,0.0615632322227087,0.0586332851583062,0.0517565309930885,0.0613204710666118,0.0581163976680342,0.0560060581424937,0.0629503350937806,0.05375140252395,0.0626025243584146,0.0620729778333322,0.0542846742196754,0.0614683426777882,0.0615042966217002,0.0661683363078246,0.0599390103111358,0.0612782078220198,0.0537570702268583,0.0623963415787382,0.051630100049309,0.0597345354340328,0.0529125051576785,0.0535621202514385,0.0635795172956931,0.0626248879573377,0.0589518813160171,0.0549230330754947,0.0564340167413328,0.0570325722214515,0.0578651768119333,0.0625310783941824,0.0606326486062782,0.0701354530302799,0.0565915844110309,0.0568637759664106,0.0536540940219096,0.0623877259457829,0.0594128252517488,0.0555624200507681,0.0687008061412497,0.055990360435739,0.0582597151402147,0.0575485545127329,0.0571026401663655,0.0647102366223699,0.0631616304422636,0.0745720128698998,0.0616076691585526,0.0603654342169854,0.0677267417532988,0.0675850447021644,0.0622178837598602,0.0647542084856474,0.0642075375674931,0.0588673272600069,0.053403030864784,0.0586094347494874,0.0397952369520091,0.058482131363525,0.05590906590248,0.0620809636563125,0.0602180363399072,0.0683404806148119,0.0559802637748926,0.066232953846029,0.0553772883360706,0.0535617642037357,0.0466512657422822,0.0568154768091606,0.0617971210125001,0.056569604903553,0.058957367652832,0.0603454461782458,0.0531459360882805,0.0572699026379912,0.0593042388184228,0.0591622029492433,0.0464612874153978,0.051539717187527,0.0569327929101116,0.0557209963315701,0.0642966477256526,0.0564580273376543,0.0515887732043213,0.0614775558159871,0.0584500063624589,0.0480236792266894,0.050453637782946,0.0588521947310203,0.0505330484640015,0.0666579926104407,0.0582198068538803,0.0675039920557794,0.0504448255702504,0.0567535218009498,0.0612560565002205,0.0511857227316319,0.0378948201252785,0.0489127190611352,0.0519473630872815,0.0588168667954836,0.0484948168670379,0.0539059781819919,0.0574032648345001,0.0569931851958796,0.0571049490732413,0.0579550722728631
1201.92310279306,0.0474480033146899,0.0526192218986618,0.0507226567239208,0.040394006122212,0.0540247406033861,0.0486237307286032,0.0533456972641132,0.0435963996088603,0.0519134591178933,0.0470841180029751,0.0447141336578549,0.0523968433438203,0.0505993185385625,0.0479644825883544,0.0431110200262444,0.0524594604535943,0.0544038786174967,0.0515629555461387,0.0474688899504443,0.0646899200094809,0.0475726187791003,0.0472130878194175,0.0566471852557149,0.0462799871924899,0.0522698711053354,0.0489279992523277,0.0544099911979149,0.0495903907340328,0.0528028596017583,0.0465740651253315,0.0536682334134158,0.0426038729951731,0.0508999169936915,0.0514208549357867,0.0555615710262995,0.0512007504016415,0.0528415898184856,0.0456237541360591,0.042486549158758,0.0504003936951411,0.0445054381449384,0.0561714619829538,0.0537481763337276,0.0527032513063894,0.0522941605138093,0.0529449795716208,0.0572904937666088,0.0530949482831759,0.0500857778421706,0.0578315482586294,0.0480431252153024,0.0455504962562031,0.0394680491027316,0.0458489959776795,0.0534095323774238,0.0525487376712284,0.0518882669097655,0.0467081179072194,0.0563257322123666,0.0411654867944848,0.0491578825988822,0.0594779599926803,0.0449449964087286,0.0481205175044464,0.0489270402672188,0.0527957806858252,0.0542517091717522,0.0473618039391683,0.0550681105208097,0.0497265017011755,0.0499273251335004,0.0474360947762154,0.0438436637316198,0.0505946135357839,0.0370377794059733,0.0489174845528092,0.0542382083730054,0.0537674853140309,0.0539922843792463,0.0480274074345798,0.0491504984261303,0.0527473302814453,0.0421331640006744,0.0535503524417212,0.0468105681713849,0.0373827443777894,0.0387402384615416,0.0554930258680597,0.0450224840187557,0.0563315965983525,0.0544357630224925,0.0554752081245413,0.0523043668113342,0.0468327589994858,0.0424294994320001,0.03937081745788,0.0606612897129433,0.0643070247431377,0.0488743772998486,0.0496580792642852,0.0428763498471121,0.0522446223344668,0.0515376542463238,0.0445611156471718,0.0351673542123,0.0369350209466222,0.05302191722727,0.0488124130376049,0.0492098624581141,0.050264603147005,0.0556650315094787,0.0455421560582168,0.045180926960983,0.0401983639067439,0.0489323114772871
1204.8796635817,0.0518877598978217,0.0559677213620328,0.0578848973031805,0.0542822802129585,0.0584231501896311,0.0519354395565083,0.057177077122588,0.0576571198390263,0.0617700410581775,0.0542366426699843,0.0567062623458325,0.0654110440787304,0.0631709975210706,0.0550942577814002,0.0508138583972026,0.0573351175321633,0.0502551852121773,0.0543041241407153,0.0502626493174036,0.0506974051286566,0.0557677649107482,0.0579837084639014,0.0503317232489049,0.0601525728581539,0.0566605663742267,0.0649068554593284,0.0518194972678291,0.0609528238199479,0.0529148736462638,0.0580103786059411,0.0472989059441792,0.0584841823251763,0.0531644462463243,0.0509854488134582,0.058390085232919,0.0614660587815918,0.0556242251680722,0.0537844538335124,0.0545901661836815,0.0488811662241037,0.05175045808768,0.0519832462493408,0.0576118028630934,0.061502993691621,0.0572412934619002,0.0453873749325579,0.0514174488064812,0.0548217513430846,0.0490971299980145,0.0546937313794307,0.0519012993550286,0.0657875804164864,0.0498476353318242,0.0535583747942652,0.0694520204708364,0.0591199470945921,0.0648715155307443,0.0576583323388876,0.0548123548465772,0.0510354120309427,0.0595697080791961,0.0525945321470032,0.0666600183171277,0.0612732446253201,0.0523218860870487,0.0541404183942312,0.0593100566052078,0.0490936982951004,0.0601184642614148,0.0572463260865483,0.0637011007041502,0.0546440754981925,0.0520406503797167,0.056728753720353,0.0538434204835229,0.0506571720078737,0.0618565662756426,0.0609365574498798,0.0616927614365953,0.0669593550539296,0.0535938029915725,0.0577266087019672,0.0570115757782136,0.0563577438717624,0.0583676864730945,0.056701451600168,0.0485664470862793,0.0524942580194142,0.052744861156603,0.0532247897410675,0.0540431548696705,0.0550542336557832,0.0502627186996396,0.0549601150372773,0.0432185209650633,0.0474575761351791,0.0553232787714247,0.0453840285630008,0.0522558996887627,0.0595804584619504,0.0584532300575451,0.05129913586956,0.058713773633067,0.0577360501328377,0.0598683744273089,0.0265098941382175,0.0482553762394697,0.0576649825525264,0.0493530626039383,0.0580622774741645,0.0563454191656109,0.0527949323557447,0.0534637720960731,0.0579962256445566,0.0582430354221167
1207.83414279818,0.064399997378824,0.059321284230084,0.0601799738146411,0.066054986941037,0.0585291083888903,0.0461838430344678,0.0673803312880853,0.0598985279436822,0.0564975646607959,0.0554472020609409,0.0638459973830637,0.0510036921045247,0.0589589437505838,0.0562904076916505,0.0623152935535691,0.0659237412534838,0.0610633081187202,0.0586399125413025,0.0552361870890425,0.0475560651154039,0.0634294145243977,0.058630128771095,0.0498893455744481,0.0549731722206489,0.0567702726865228,0.0595407428342987,0.0583986793795014,0.0562437381849159,0.0568220764449867,0.0619131371741756,0.0609170371936017,0.0559442447491299,0.0624263612187959,0.0625547038150076,0.053030157208689,0.0535712496752326,0.06270032972654,0.0576560839361939,0.0596164772994811,0.0587963996286167,0.0595484700175351,0.0677435833608473,0.0668453593769092,0.0540650351130031,0.0589714938122707,0.0515190487985358,0.0607617697020555,0.0717153987659536,0.0606638783703486,0.0613331655132773,0.0600392442833425,0.0680183049914738,0.0569944093216723,0.0623606415742915,0.0565061444982558,0.0554590273752007,0.0601589158595125,0.0631959897100248,0.053845167155515,0.0522318716923512,0.0607770735906303,0.0619058721855896,0.0592263771950431,0.0505802117552072,0.0557219029338731,0.0512507250533999,0.0605509107204019,0.0594826498532583,0.0575004507619531,0.0573568259243259,0.0660254579708924,0.0553412128856518,0.0532680281633737,0.0552297058421472,0.0577545860817488,0.0508062966655785,0.0625073897366507,0.0534594107084075,0.0575032945669596,0.0538280510878071,0.0601984878619654,0.0605616070221053,0.0577086499445682,0.0634483926352041,0.0655840596350811,0.0481518058715373,0.0583976529118658,0.0531488729610434,0.0512643096478261,0.074389566054958,0.0677366044886885,0.0551775394647635,0.0674131713257826,0.0572240691123508,0.0477335922978709,0.0451912978129638,0.0560422954127796,0.0558976416779452,0.0616107922164954,0.0570072846801099,0.0608190186066327,0.054209273508031,0.0664333876700722,0.0600561236465595,0.0514613299068039,0.0336127223448782,0.0573708377983445,0.0539956132295743,0.0511255217806474,0.0647700065274799,0.0619066052301822,0.0556850259385392,0.0590367696169479,0.0570724338242429,0.0573163671942875
1210.78654247712,0.0672364725739761,0.0696255099903512,0.0673525600599761,0.0720012334165056,0.068846763776226,0.0724435281469665,0.0648548649627824,0.076120078844836,0.0744729430210414,0.0658544759330097,0.0596568889325738,0.064566091567862,0.0796647490274187,0.0726089676958188,0.0656932960332041,0.0782254788017695,0.0724105087860854,0.0635107926734641,0.0689117568863762,0.0606889396316236,0.072173748876777,0.0662124575305727,0.0697233424201435,0.0640916500097285,0.0697435415555503,0.0755303038445168,0.068217630134719,0.0633294267540685,0.0715633543466705,0.0706674723615925,0.0750807547782568,0.0697293397128881,0.0733071460705579,0.0735838191488714,0.0728026018716726,0.0761347845239585,0.068709459681622,0.0797830574236298,0.0679168311149923,0.0676283243009723,0.0657082853939891,0.0673388530666265,0.070182897679142,0.0737035690816526,0.0746686971201111,0.0642243884635589,0.0635918548402261,0.0669546337334119,0.0733272019095144,0.0761212916577148,0.0794036794230242,0.0750217132140292,0.0603688651068611,0.0776944201232902,0.0605245499699349,0.0690449429654434,0.059742566825128,0.0649465176464099,0.0669535635806283,0.0794692633546666,0.0674069620980364,0.0733809375907454,0.0631355735855102,0.0756688212198852,0.0700207525735364,0.0600298917393601,0.0738113320490456,0.0698768280821976,0.0718788699885281,0.065946164097139,0.0667187542553416,0.0679897689624891,0.065230926994425,0.0788331784433806,0.06650863461829,0.0733090743549129,0.0706723639166675,0.0725766590059453,0.0776496017707856,0.0700060490581113,0.0759727462819699,0.0741478560264552,0.0633218437481463,0.0732181324272091,0.0728059354403501,0.0550947297236264,0.0698497735768532,0.0652753771735399,0.0741630516886201,0.0680575547269003,0.0733116267857247,0.0714780209300463,0.0659300271964977,0.0701633654317373,0.0586321566544892,0.0569154563781432,0.0622683200002619,0.0713216523766617,0.0563216013449086,0.0691139746049605,0.0675955580110283,0.0653756905451983,0.0746966380304468,0.065639441107766,0.0696598686580897,0.040721780347399,0.0598311124452355,0.0693946091386191,0.0691453449879113,0.0775059205649702,0.0723487354055156,0.07332153792449,0.0689587887427047,0.0594585773433404,0.0752625517006412
1213.73686465044,0.0845996805571839,0.0783322925282162,0.0794028034923818,0.0715910144943707,0.0737978921623307,0.0757709107704155,0.0782519315014909,0.0772977070551305,0.0773195615127607,0.0778893473158776,0.0749029082444639,0.0727561409972367,0.0760050301549311,0.0824543033299238,0.0744959427200005,0.0709330473185832,0.0789569728477213,0.0726257753994483,0.0777018133543434,0.0705737760162844,0.0852329866367139,0.0753996008924348,0.0778268812731569,0.0838026268013534,0.0730784860802655,0.0723649640400101,0.0710336712757216,0.080602376079922,0.0836028198358841,0.0778117942207573,0.0681879545314562,0.0766761893125079,0.0734360214586625,0.084618374210401,0.0751008144649178,0.0746615437638731,0.0763320554144847,0.077224052049521,0.0822153775006161,0.0726557996300902,0.0746127214059119,0.0787977950412049,0.0772812137295048,0.083601796252756,0.0780203673025062,0.0670825490663963,0.0734901966686199,0.0779024994039707,0.0783566010266902,0.0854856945192649,0.0854145672696808,0.0815005296640872,0.0820967635819898,0.0892267619247444,0.0771309558026165,0.0723990208125847,0.0845417931222174,0.0715782452716743,0.0757379099228735,0.0719977908860811,0.0800012547494496,0.0708300366979367,0.0724490231239656,0.0758278243067535,0.0766996068072108,0.0613944321332529,0.0838006549772807,0.0716243984955538,0.0709157672442079,0.0766592783975732,0.0679629607829884,0.0724987620641961,0.0755896520866183,0.07625360238648,0.0795682215482245,0.0740021537386076,0.0724064461101869,0.0775906193641821,0.0788774104902584,0.0778959875549484,0.0804316531359877,0.0791424187717342,0.0765794915507967,0.0674848978615765,0.0626490611507512,0.0666901860383353,0.0796914033877404,0.0706310572476481,0.0689015276750218,0.0779085886579637,0.0648110249993045,0.0802371759612849,0.0715788625924569,0.0767060465458796,0.0674110071624818,0.0531074441923766,0.0767523308474089,0.0818456587899269,0.0808790906359401,0.0774214908383003,0.0798843528903225,0.0792979040885056,0.081887943051272,0.0793731356833105,0.0520364000603848,0.0473636470756724,0.0722882463508403,0.0728166144077428,0.086629093323418,0.085866961465832,0.0784620963262995,0.0729464025859521,0.07074146767792,0.0717642369481365,0.0754245687198489
1216.68511134738,0.0933630760929066,0.0966613580331255,0.0963308514258226,0.098223795483453,0.0970187951757851,0.0972405829862609,0.0974907308314117,0.0940682393898129,0.0871988000156997,0.0910113024199579,0.0858366876875938,0.10515179585002,0.100512930475548,0.0982441382015728,0.10064556262333,0.0880128794577684,0.0929847488477236,0.0838656575077698,0.0941071984525439,0.090767950727769,0.0912950134680399,0.0968541839866174,0.0864694522933911,0.0929318129646493,0.0951706782081936,0.0982197947479213,0.0975754312486537,0.0871631193563868,0.0880676447472101,0.0871155909832789,0.0942444107551586,0.0815229116701281,0.0983123056574963,0.0989311126315623,0.0926993737776864,0.0913587877169914,0.0925370311435388,0.0998986704032025,0.0921610611709036,0.0869411507512343,0.0955751022103298,0.0956524174383514,0.0961876637519427,0.0870084118467401,0.0990982874290457,0.0940304004667006,0.0964331783599372,0.0866899312507416,0.0893938579110915,0.0926839340349532,0.0924995501518533,0.0975199963542965,0.0962750889642197,0.0915193419584813,0.0828022059443779,0.0913838284237717,0.098082271637184,0.091217743088616,0.0964334536783317,0.0921947790059169,0.10126877295351,0.0979658667744132,0.0958050320510799,0.0900861205015356,0.102447726746313,0.0776087448899103,0.0817814170179111,0.0944666877866892,0.0885937045435878,0.0804931006978958,0.0970310404442285,0.0981905269629018,0.0859538911317158,0.0998680293480745,0.079196279768985,0.091728281235543,0.0923820393026142,0.0896643118822102,0.0914649598685107,0.086897392119374,0.0924431778528032,0.0900527501581149,0.0811126119477736,0.0959825300701173,0.0975887772141084,0.0870679184996284,0.0857683186837295,0.0895438075577974,0.0945193498184135,0.0931577062779959,0.100725199839986,0.0916972972956036,0.0953238396966745,0.0917903490085889,0.0788534250520391,0.0886693446282271,0.0901416493913031,0.0934651360131406,0.082654262588912,0.0938871009386768,0.099888264529403,0.0827745426360437,0.0890845930480801,0.0903973822821818,0.0854470555828669,0.0596947827664603,0.0891917561797574,0.092039332255689,0.0905831611953951,0.100256483301814,0.0970412818906806,0.0955075325644952,0.0937058037123137,0.0928879889367785,0.0933815783130676
1219.63128459449,0.0892241632087942,0.0866799802877129,0.079700096161263,0.0851010756366515,0.0923116800152577,0.0856429883827989,0.0891451068109518,0.0775206439060089,0.0770849163315376,0.0841346738569028,0.0854420602364888,0.0886153461042103,0.083325121071651,0.0875849385134877,0.0904924939326136,0.0849691198795964,0.0963381212738079,0.0861039935551813,0.0735604066053012,0.0833113771017879,0.0871278993059524,0.0831283139343447,0.0849822064162228,0.0888325440554028,0.0888731376937162,0.0999930431698944,0.0836906120894094,0.0744376006058478,0.084957975167744,0.0899633597845692,0.0814227847186646,0.0832167690856675,0.082854321840142,0.0887051085254737,0.0895465514699462,0.0866908723110011,0.0910576354374269,0.0882257624178418,0.0884924249417728,0.0985108613616406,0.0968212065211728,0.0737039167796078,0.0904217027174052,0.0958349249640344,0.0922581460042487,0.0897840699842183,0.0862409623313291,0.0857361962102824,0.0813385088511635,0.0901155197441324,0.0851625685886194,0.0944741873616745,0.0775404668410915,0.0813092257455196,0.0780855011039801,0.0898998783704717,0.0842724612382925,0.0848583160768063,0.0824997055634195,0.0879889873992237,0.0884126010556271,0.0857119381614743,0.0819146851752335,0.0821254239316546,0.080814807071058,0.0789873320950555,0.0934204903188184,0.0918994466065581,0.0942190329512317,0.0816845805594719,0.0890138357818538,0.0891358454932912,0.0813013714941485,0.0863878405515239,0.0809802041008682,0.0839203760393925,0.0796457095124627,0.0849218169004996,0.0910817803418839,0.0848465069549406,0.0872097454479394,0.081088216047062,0.090016652465601,0.0998863721446926,0.0782081851777409,0.0857723404863705,0.0913122117639745,0.0938676446392663,0.0811442598079639,0.0868422778164369,0.0841121102977761,0.0875304809489805,0.0741220177626726,0.0791381928894367,0.0754214038253149,0.061566600350798,0.0848311006015192,0.0947345883357164,0.0876905538482748,0.0913356727720463,0.0879586131195414,0.0807563242383126,0.0855152405518781,0.0824223672928517,0.0862931087075462,0.0753475014552845,0.0655816739503298,0.0845795804722858,0.084797533074023,0.0807044149773332,0.084745920274198,0.0880459570575018,0.0916987524885328,0.0881304464019086,0.0843904148236315
1222.57538641562,0.110369021127087,0.110897401595104,0.110173730863167,0.10909445628823,0.117155528201553,0.111391618292662,0.104681093013895,0.114190243887791,0.107516056954757,0.101053225936479,0.120134774624426,0.100587023132362,0.115968318535161,0.108785477845948,0.103105866957264,0.106827632881849,0.111979057559576,0.0984150886202837,0.092696233147532,0.108398294469419,0.10612988757515,0.10459450514356,0.115507829348667,0.109089583560903,0.102404662876095,0.114363495616877,0.105391924469802,0.105660699862839,0.104053242933987,0.10358653667759,0.104250993480614,0.106500659830849,0.107204293794195,0.105211191274019,0.107703021749849,0.11782455287965,0.107809975104972,0.105544147192148,0.1044424316384,0.108453592658085,0.0997167037088624,0.117520678404458,0.106657298987457,0.114412885075892,0.0972376141140103,0.106343528014632,0.112455321393085,0.101033026841284,0.107120251946981,0.108183142333633,0.112029787588373,0.108385704533528,0.10630078319583,0.100472812614051,0.095804201478398,0.109973757261008,0.106942837470641,0.109926846203617,0.108618291968559,0.11036713297176,0.10373240107221,0.107462318429672,0.112300744425065,0.102900094794744,0.10929796906555,0.101577201420705,0.10451940805568,0.117997701752411,0.104783108556035,0.0992994900945888,0.109911711287506,0.0990922130472672,0.110455089185757,0.107285841263531,0.102657353974961,0.104319714611948,0.109287088599852,0.113285967387574,0.114494280522009,0.101600334750947,0.107318884777285,0.115651289805472,0.118023974895101,0.110213284235709,0.115332996136079,0.0989375413435704,0.102247733741197,0.10184556632312,0.105690213851912,0.106416932593131,0.117871432699528,0.104392978426033,0.111035284873003,0.110239167323718,0.094317232648192,0.0950696940483564,0.0987823024482981,0.105275252161708,0.0981583869200108,0.104551709050779,0.107974211395084,0.101846691367203,0.103494494256667,0.101060119055572,0.0931170458099577,0.080588644358954,0.102479648555943,0.108715917600258,0.104463750590405,0.110436563814109,0.101169366414237,0.108434671869744,0.114131527238162,0.105410157995818,0.113679423828663
1225.51741883196,0.106779600097024,0.0993249483319687,0.115750658973392,0.114008394237737,0.111922909444763,0.109941054150252,0.113855991043283,0.103029911359589,0.0974146974167643,0.100676800305199,0.103560366336722,0.0958935912114834,0.103125055451913,0.10407717197345,0.102177372090767,0.108033131239189,0.103595980530636,0.107553146297796,0.100968583058191,0.104207895860777,0.111670949862632,0.11007299653845,0.101229688994897,0.107119316828465,0.106298444493168,0.100820568826576,0.105535318418535,0.106344190320667,0.111242777616936,0.106984626662917,0.101702821427279,0.101889223778014,0.111121339378047,0.104269451494253,0.107839609731511,0.0939345070430956,0.0993734042714586,0.101934503806804,0.109502415448796,0.101530280769987,0.105357408490137,0.101513152667413,0.0955383685652391,0.103759780410812,0.110814875078193,0.112509026421279,0.101188423316807,0.1049645095271,0.100168045266653,0.109969571758562,0.106841718823332,0.111178363117659,0.102688089031083,0.106590156456847,0.105870508360789,0.0993419575938325,0.113527387700056,0.104662643873283,0.110931277216512,0.112682073506927,0.101180848217167,0.106013060608926,0.108140164236336,0.111213250715502,0.112732093809134,0.0950189510260642,0.106340707947007,0.104627244372444,0.109872110155351,0.110035540106738,0.102451894235926,0.103624615851403,0.109033403949209,0.104729338805827,0.100153589332738,0.0949285972761274,0.0992442365232615,0.106384533368018,0.10871592887754,0.0956911686208877,0.102636219968209,0.102937082450876,0.093656195840614,0.101294405033684,0.10520020822678,0.0986889392013054,0.104033054140332,0.0983622003943706,0.0972016553439554,0.0968777538131256,0.0974790483285046,0.108863195934,0.103002042795113,0.10666842944255,0.0823951493691929,0.0881799836828557,0.105587420635139,0.115276723356397,0.108632223471336,0.103642548772223,0.110924851293351,0.104240978591864,0.102629411645532,0.105042888767691,0.0896335294935366,0.0844160447302242,0.105525089508428,0.102902125685105,0.113849152535223,0.106774954031823,0.108388812965486,0.092795296964749,0.105620440964177,0.0879962865474533,0.104699950929245
1228.45738386203,0.116641979301468,0.131034101614907,0.115378722752841,0.123699692829251,0.120663173018765,0.120232157110681,0.119322825766039,0.107463090614779,0.122453481035323,0.125177174736141,0.120994159313851,0.128850813430583,0.13523889675667,0.122050691125535,0.123473697901624,0.115071478608192,0.121918645475669,0.122525554811946,0.11740039421755,0.124426951265012,0.117218206123403,0.126753257523501,0.114697114935198,0.122094591290651,0.11877056460512,0.116298418199412,0.112693040824807,0.117751562989989,0.108151050053142,0.110388853362847,0.119143146517497,0.110971489000537,0.119347453680079,0.124060333322551,0.125462105019913,0.119203028317208,0.117209747620063,0.126779674714763,0.118926931574807,0.128901279175298,0.119769641381979,0.127015660122095,0.12734403438724,0.114228349798343,0.121176213362601,0.119228044402467,0.125785103626352,0.124605361568636,0.112865924467242,0.114476544875358,0.128911566609242,0.124571730890255,0.124445003254973,0.123046845837518,0.1208667993506,0.130203900260161,0.117435988644853,0.116740884499593,0.119203165686063,0.122054473473915,0.121388209178431,0.107268046786853,0.123961465635329,0.119532556590166,0.117261768266065,0.125575291217746,0.116905855471674,0.115596584530865,0.115515324026185,0.112833672571608,0.119543799377528,0.123367333823591,0.124786282604539,0.125093870259233,0.112705920710956,0.116405472105883,0.12192502247409,0.125535746984061,0.113216537547288,0.123515441238451,0.130304465168056,0.125691152695241,0.122221522570158,0.124467893610543,0.109741902427238,0.10257745091221,0.11821198147999,0.125115651865606,0.117426440750152,0.126171082562478,0.126376213990457,0.117113092002295,0.115258329949491,0.115374417133755,0.108744971849845,0.105122465794593,0.129453916863088,0.122013992335116,0.114771661717689,0.12393620233302,0.121591197457314,0.122593324924328,0.121158920950881,0.123149748677946,0.113299325496572,0.093933268294251,0.119678260745897,0.116702237021993,0.127571847641944,0.11352271322537,0.129158176455807,0.111558147502475,0.121006496920891,0.129522640790197,0.119445886981969
1231.39528352165,0.156091200098329,0.158475347028895,0.158322072309737,0.157783967381667,0.164863877478913,0.165202749024947,0.163527830657928,0.150601804638763,0.149120448218043,0.175635806605728,0.160562534709676,0.167192128570491,0.165734331526565,0.161086494315199,0.162117731746585,0.167141675915157,0.160005245843674,0.159757425442478,0.156123020864347,0.15875211187612,0.171252902880786,0.156234801206536,0.162311649836698,0.16036787668228,0.165537780549916,0.161344632902131,0.162445586680455,0.163997902316976,0.170038580612599,0.159569978979559,0.148471268713476,0.163228319696233,0.160389693001743,0.172220039148381,0.162755616792175,0.159971408118449,0.167215798357853,0.159145831834712,0.169762541558853,0.1611768260027,0.163223402744087,0.163843692077058,0.161301900012163,0.168558610444398,0.168059299422347,0.16207955826289,0.165057041992235,0.159955728124275,0.163220997826308,0.16025029106368,0.160071508155413,0.158101305872169,0.162937277602229,0.165614601556869,0.154469550114047,0.16268848675201,0.159434375856729,0.16891570274312,0.164280801446469,0.162892943601992,0.156770338062089,0.169510829773038,0.160844562068139,0.151709066091337,0.169184577654588,0.149248028590209,0.165704420665138,0.159557848190166,0.161176354834183,0.160654108020674,0.166642131342152,0.163750541242127,0.160932952561102,0.162923649417216,0.17041398386571,0.159172848113452,0.150511914107682,0.153375339902933,0.158274351155812,0.166274536460966,0.163908797579173,0.160809400035584,0.15515834790268,0.16529507264873,0.158294398571717,0.146220899511393,0.168482687215391,0.169075440315895,0.166906358104019,0.153313642426516,0.162861679382045,0.167416092426918,0.16589491283017,0.163565939391221,0.149982605411435,0.13605635109707,0.15387694670188,0.157098964481446,0.152928947053115,0.155106207808701,0.164203231983606,0.162954568484964,0.160698881920701,0.165154814013108,0.154886105914061,0.122873692445776,0.166586750342445,0.1566522925668,0.162956973567884,0.161342073434905,0.154267739350541,0.165815305123219,0.163547710361321,0.16279343999859,0.162769055484996
1234.33111982401,0.113796604361996,0.118071218527458,0.118984716028901,0.117653848555223,0.122046914524058,0.12963115835944,0.123377491597702,0.133011401256291,0.115796736792317,0.124997339651995,0.124037287161576,0.131326502286499,0.119332265896204,0.122923907809034,0.123816029972491,0.131815303369532,0.124406655051364,0.128646669400689,0.118218195659625,0.125840184749338,0.124022447008254,0.118549180807891,0.127247930348919,0.114479063805571,0.122303273526779,0.120449039290193,0.114628095506138,0.125580431207847,0.119854137583861,0.113985423127248,0.124880585755285,0.117573550284186,0.118606952561713,0.120026582068942,0.118665783238827,0.120071652348883,0.128778398821225,0.130326762090946,0.128533341672196,0.110187359262445,0.127795556393051,0.123599505835104,0.122841297522084,0.1238143282114,0.130640717731794,0.128306195741994,0.119038297735082,0.123294149197282,0.116999699206373,0.117537238555429,0.113756690577192,0.119062379549088,0.118329944406623,0.118454086868187,0.121338594390969,0.125135396013112,0.119371473640068,0.117620391522981,0.124942208675298,0.124003514266887,0.120649789496913,0.130843193103953,0.12376986808804,0.123180605708829,0.118170160697818,0.111967168660282,0.11184262787903,0.119709432318277,0.125724458225732,0.109975185490165,0.11883754145458,0.113458678876489,0.126802562327634,0.130923982483761,0.115255558443868,0.119473303905387,0.110988272629183,0.125872186175226,0.12926527810897,0.113940561267694,0.125821724873182,0.121248104894509,0.123716490136424,0.124308706867941,0.121561375646259,0.119669243414373,0.128276291529007,0.115572320862023,0.123229430748611,0.130851098350502,0.118658634138499,0.131476002458541,0.127181169307599,0.123735863266287,0.117354692771468,0.11313147073414,0.121089207000212,0.120791220689482,0.131410130166388,0.119431414655901,0.115959886094166,0.123563163111594,0.118381730164786,0.119200529810738,0.112881286187368,0.0940470857405469,0.128577403655004,0.121990693974914,0.128507039544958,0.123752080760241,0.124666195225266,0.127809876126746,0.111616997890967,0.124468426367768,0.122541798574887
1237.26489477963,0.139275072411548,0.133771503381384,0.146782896355498,0.140087647279236,0.146384624057714,0.141008343008501,0.144780385364614,0.135852330460272,0.143558460425548,0.126269198203283,0.137172445221008,0.1368764144972,0.130885595398491,0.139297370995488,0.134293534122747,0.129337644101654,0.140612041723026,0.132511775120469,0.135214976440806,0.136318272299751,0.134975942567872,0.126718821236181,0.134333363317647,0.130531891086196,0.150331788125675,0.140873768080949,0.144446976851692,0.137007072655314,0.138980778520976,0.140024991951011,0.143421146959696,0.129834000300084,0.130617413073601,0.138200570779539,0.134122830716853,0.128262353528671,0.142345186188105,0.134257085081023,0.139066736681967,0.147918391459984,0.141679388425239,0.136185024313121,0.145546065363656,0.132136261165701,0.136725090085434,0.135591923558535,0.126268980656335,0.143495726797779,0.141721486385946,0.138350258146227,0.133173556742996,0.142539311593573,0.139026697379691,0.133842716022565,0.133620010469551,0.132309286136941,0.131344768707456,0.1318847483539,0.14405646014376,0.145328197946818,0.139792686269486,0.145608380955127,0.123953810277703,0.129893026338969,0.13524685331112,0.129824737021933,0.13007278085703,0.143135166936216,0.147829987146323,0.129739692953289,0.138676160295024,0.133220918047491,0.140965022539968,0.1376679766821,0.14180255822085,0.137246697632759,0.130470025963464,0.139615981207658,0.141895059906283,0.139019943390237,0.132484847663575,0.134349365289226,0.139206155682479,0.137340747862539,0.134272076264716,0.122548869383131,0.141935484604064,0.135046846335034,0.141848367674447,0.140750429510075,0.144325474988577,0.140284614250615,0.132330021112225,0.13406167833524,0.139474283828151,0.116110957588716,0.137823090143971,0.136812803945819,0.130515514237245,0.147896814690561,0.1354566038636,0.133134055065644,0.137468396812391,0.141127629687436,0.137654185287552,0.112110507975288,0.144416066119921,0.143435525972516,0.140624506149182,0.129971670437212,0.138953362972577,0.140586213194848,0.125936209127547,0.139025423137085,0.137306789357725
1240.19661039634,0.142709140364609,0.136121803039423,0.131820138040425,0.140791983785745,0.142258161478766,0.14759131739654,0.140191594953934,0.129025561936493,0.134031547268183,0.142686533131034,0.132503624212173,0.144584196869599,0.145695156603158,0.138401043210785,0.137191000832864,0.131633990259936,0.133862130244299,0.136383604737282,0.147871159409667,0.133788469131348,0.145397530903519,0.143425188460009,0.136624511722159,0.136533422754483,0.136041758132351,0.138312853857267,0.145700427153483,0.135579128297906,0.139163680195602,0.13699346508802,0.1436067987552,0.135783954982874,0.137255926827441,0.137836606390527,0.14193931202977,0.138596654330613,0.144125268763959,0.13819407073011,0.14415885139205,0.138305696297164,0.133656633878929,0.138536041461303,0.136068705129433,0.138840558604574,0.141205098158081,0.139600194225407,0.133506428936187,0.140419878501874,0.139712380045842,0.142882814278814,0.13282595185248,0.132648938047506,0.146238885262858,0.132922768421503,0.142079144039421,0.138951058217389,0.141715466497174,0.136404039020874,0.145318703511186,0.142251129027179,0.132938930422832,0.138253968894516,0.138181487713584,0.14040663540387,0.139258111108933,0.114294196534194,0.139572151224004,0.136285647647285,0.138152204471446,0.127267639116688,0.148157877505017,0.137785856917112,0.135283098151301,0.132961243249642,0.13180708790279,0.134808014097468,0.136549593587339,0.136001976698711,0.132363558764233,0.125402832525666,0.141310923361427,0.14315869388061,0.145426821103158,0.137544978133823,0.139927350412742,0.122339458024202,0.134596177232181,0.134721191742637,0.144224560604957,0.129086232371985,0.147794349000685,0.13131108417996,0.14077476067326,0.13639167355276,0.143000280778739,0.115990236279731,0.138058794969179,0.138670147727203,0.136138463312167,0.131257931725997,0.138990457480796,0.133360688361667,0.134479989933516,0.141884492067257,0.12986358240007,0.10129437655165,0.142499786102142,0.133296982775326,0.137047810958543,0.143315995079124,0.13049334286778,0.133168327644036,0.13809017046315,0.133760798873608,0.130515380702256
1243.12626867938,0.134317725334974,0.130464920678082,0.136353294570618,0.140972920478003,0.144047536875179,0.150447098426705,0.145159865391739,0.141017974661026,0.142889468116927,0.142891106607679,0.145652242836885,0.135089977639731,0.13126645727591,0.135892017527488,0.144972674581158,0.143471916399764,0.135662821062712,0.132844577969788,0.136077115865434,0.146449953244284,0.144513778756173,0.145744096879429,0.15225881725246,0.144659101170988,0.151225543339243,0.1538246202759,0.146960693276332,0.142732247848119,0.135021911834038,0.14473834923903,0.137858983116108,0.13963509239302,0.126151714107208,0.144570178345803,0.142115376728091,0.150006161474461,0.14108756122758,0.135696642074402,0.140541032988098,0.141217744736486,0.148649822660833,0.135503806044527,0.134645414740681,0.142303086798983,0.148913828895005,0.13595222245632,0.140750790138776,0.142765796276942,0.146986451659459,0.140364397906327,0.140500318389186,0.139187153636631,0.142125250791395,0.146149848391951,0.141245610884391,0.136440049692047,0.14511981685417,0.14255540437759,0.140093657776513,0.134299227073917,0.132592764436504,0.14439773977942,0.137299263968262,0.130870666955931,0.138374218674669,0.13534890182488,0.141979188710968,0.142961676574193,0.130673679294374,0.124272800914847,0.142373734117406,0.140728729304136,0.14033827678414,0.140264418965994,0.142243352574986,0.127588018486653,0.13459065617164,0.137821112115818,0.133111741505234,0.144966995628066,0.142057559104923,0.141765849240068,0.145106821070849,0.145242838223956,0.137440822594719,0.125235544460586,0.140728376268142,0.131274682922946,0.142274379912134,0.140616858558165,0.150186884051096,0.134203876902293,0.133876708746524,0.138195040452423,0.124212630798751,0.126235932413769,0.143252950739556,0.139989155231184,0.135800046612236,0.135279087626805,0.138125836117632,0.135244477489582,0.139038244346968,0.144820202120253,0.120452022511185,0.104692866433108,0.132264781844376,0.132424566320031,0.14647162272487,0.134218191352568,0.139376257868274,0.135038760086085,0.136676476427009,0.134010865711572,0.142598418080854
1246.05387163129,0.138303320844407,0.137103098375873,0.137103918103719,0.14540193232746,0.138860449674983,0.13357280338909,0.139523448656018,0.141193052336931,0.143647007303593,0.138777627549864,0.138298594686424,0.137971711596351,0.136883179873707,0.144727912844024,0.135420097930086,0.144192711719124,0.14975222877163,0.135670621350829,0.120486296512232,0.136884935537444,0.131247472840193,0.13527506400461,0.134292844434991,0.138498882628374,0.131591755918643,0.143066393910712,0.135828710963716,0.139174625674437,0.143340307937585,0.130951116462983,0.139139197136114,0.138228909640604,0.134417694261229,0.129493495406106,0.14393726429108,0.135777646802818,0.149850041935325,0.134816470092759,0.139654234361032,0.139238444601214,0.151049895668848,0.142180785554677,0.149860029691515,0.145231117506771,0.149648548398014,0.141616520610063,0.140939390346431,0.147284678426793,0.13516924281479,0.135681278318723,0.133219671161583,0.137256226814882,0.128844534860449,0.144156348018284,0.138778304470649,0.14040162221907,0.148531025135326,0.154673082063147,0.135957849863008,0.138829770062965,0.138212598370497,0.146770677992733,0.137503832436917,0.13760369628643,0.150569622665131,0.124076017430269,0.136201839830665,0.139370450593916,0.130327491179537,0.137172946753298,0.135505740342415,0.136619646380299,0.141108287905484,0.133389196489132,0.139787051478583,0.13687046700833,0.133711368321168,0.1363913276493,0.136570227767486,0.15237439029532,0.154131807340126,0.141991747252064,0.147522139224812,0.136904554479109,0.132788528378923,0.143626031709275,0.143097293386349,0.134089501505826,0.138164556815587,0.137055313454806,0.139588544201454,0.141955356173044,0.145076256340956,0.134136891602071,0.132005634974772,0.126130534644935,0.13965154880357,0.143495121169362,0.135468666744215,0.14528577782537,0.146079161931857,0.138785571054673,0.140910388034009,0.142332925652455,0.136019260202532,0.106678614106787,0.128697899308496,0.137550473788056,0.141284371979874,0.142101088120687,0.142306724875709,0.138008101773809,0.137441657830943,0.133166335610181,0.135820726401645
1248.97942125198,0.159506539260067,0.152296619482997,0.151395759481268,0.156729901737683,0.158390980901101,0.162047569011356,0.154586478471224,0.153200303010767,0.15630346554267,0.140618818261966,0.151461258264931,0.154305101534552,0.166878085529678,0.155730667054414,0.159473635020489,0.154455378771904,0.152100685246383,0.140623180312132,0.157080165963006,0.149561261094534,0.159466649758633,0.157333768141964,0.151541766822128,0.150343920359137,0.160719534408846,0.159140224996923,0.153815032721884,0.155451998157851,0.156538832861634,0.148402740012052,0.154468318210846,0.147885237036264,0.152372416976078,0.163512967066089,0.154506251091569,0.154680667661743,0.15861955491118,0.145752299200348,0.156208208855474,0.159580815197967,0.152909346260082,0.148864916282579,0.143622566094123,0.150873347745593,0.158445221500374,0.153309035893895,0.15308766586986,0.15018623201805,0.151188133578776,0.146749386675656,0.160678875492169,0.163408498148969,0.151187771309798,0.148152464844163,0.143977277455839,0.159995529235867,0.153022013379738,0.145669132418791,0.149146529644751,0.149333980530866,0.153590720982573,0.148610893834667,0.152832345642808,0.149222477735471,0.161138223420766,0.139846882333697,0.151183576410092,0.144438324460635,0.156297411524648,0.149020995314179,0.150463207801099,0.150436912077949,0.165492040659816,0.151618402223378,0.144325500717144,0.153077882677815,0.15107518632071,0.153960923611261,0.145983244209526,0.149836784802522,0.152736094153732,0.150284224986943,0.161403120070681,0.155311942832416,0.156393312412576,0.127439884432495,0.149781945889036,0.139517215643026,0.155727684478932,0.14644302760008,0.160408739908161,0.153487548526916,0.157379325326378,0.142889986511229,0.145121106358287,0.140017429021667,0.153662711984612,0.155728552309902,0.147623549175041,0.148777520544473,0.146330239511706,0.136833295621831,0.138480839669065,0.150169765920658,0.142908803821732,0.104883959317897,0.154556862167828,0.159023352495123,0.159384629761353,0.161489458728008,0.146869478949819,0.146444260032932,0.144186712903868,0.151055657190524,0.155464832193056
1251.90291953874,0.151674156118952,0.158949127979728,0.151619471697715,0.15587165007797,0.142474523998572,0.152122354265234,0.150555892827528,0.141028362261663,0.15167104417933,0.140304900088655,0.152757407338388,0.15558804587031,0.154637319481786,0.148924329135237,0.149935704352794,0.153601209023577,0.158728209345168,0.165187040544908,0.145309937300929,0.15573776465578,0.145676224443206,0.145812989038827,0.152794550178124,0.151079510837922,0.149136643769609,0.151134135314686,0.158331208885425,0.151908835030905,0.155125740649179,0.138399277742323,0.141182054881134,0.144914355818906,0.148819784959557,0.152268870965986,0.160712711941548,0.158097031571104,0.160427477915868,0.157232135725372,0.158059892594696,0.144553715441911,0.162993662823164,0.150705239261232,0.16099754411463,0.155439941011612,0.151139282276657,0.148040519767701,0.148401185122101,0.150387621262774,0.157938017312522,0.153481473319095,0.144862711128871,0.153015591593045,0.153031580545139,0.144542165504575,0.154107409226828,0.1526566784399,0.154838199709945,0.151841732860666,0.154766012964771,0.152251747687342,0.14513971297139,0.15639446412654,0.163849095431232,0.158680295393278,0.15101652037579,0.143434266697789,0.147059212034647,0.144105974320622,0.150484609583666,0.141810667354431,0.154518903580971,0.157202513150343,0.152327003047925,0.143666463099817,0.155321354315714,0.148541733579875,0.152891985590336,0.156886497594971,0.153240730087364,0.158917610663541,0.146495855431451,0.154822654550656,0.148555287873212,0.147522833329838,0.144693620229108,0.133975223529048,0.154857969572851,0.148600413964879,0.155965356540385,0.152602481909085,0.144950567086235,0.148855373941162,0.158725647542722,0.143647843135936,0.145489620782399,0.124389708211704,0.151726450392822,0.152708256038665,0.148391823137644,0.159342100608398,0.147690066018642,0.150290202288441,0.156524161116368,0.1569278986301,0.142749355953478,0.110200939479525,0.144344413267785,0.143466861290328,0.137428025633262,0.154603385817473,0.153064664619837,0.164715140338831,0.150396044213366,0.15518259230878,0.161100182496527
1254.8243684862,0.150303088853266,0.159732098770911,0.144271553362271,0.15130968710157,0.161482499790134,0.154473565336026,0.15289948722245,0.154663516544863,0.155694735042883,0.14270197733124,0.151902079894486,0.153114036394051,0.149444556668214,0.149684091953816,0.157204749350854,0.155402918647022,0.155217059957121,0.151080218316101,0.152570729070446,0.145653397685499,0.147514982068376,0.154558384658748,0.14658653992348,0.157645342220593,0.148812215959951,0.151347367657493,0.150455581073811,0.15319610861422,0.160217395783475,0.15478865639535,0.161387015342918,0.149847626889603,0.153880452471777,0.154668091829473,0.153270707428635,0.151369555754835,0.14884124775123,0.154763378485527,0.153381437359894,0.148583035419866,0.151719963986773,0.15578707124289,0.158530176756893,0.16001389174497,0.152969572715645,0.154274181465363,0.157847850234688,0.150596449916022,0.155964708197879,0.157506392440273,0.163786685159978,0.153224684718137,0.15056558531514,0.154535646284182,0.152210198711843,0.152868446656265,0.155588895606195,0.162897555031548,0.154439955535674,0.155176963128469,0.146447283882624,0.153931697461213,0.14787907017032,0.154051840985272,0.151251174031884,0.148090820769021,0.148403413857492,0.148107024561805,0.150708377744538,0.148906952815273,0.148763887683382,0.147685539327196,0.153118729198296,0.147725018301904,0.146975193181929,0.148270401321189,0.154179808715802,0.16253260855051,0.154558068425475,0.151971781428451,0.146731930790956,0.156681795680369,0.158086159030975,0.147762706061693,0.151472578115522,0.130711738618504,0.159402691034435,0.150914746974313,0.14646077009928,0.154455311494385,0.153329149626476,0.153933871380883,0.143633362554494,0.153482710100632,0.131516952271022,0.131559574047696,0.15034789513602,0.149695225019065,0.151337851216858,0.156326455129082,0.149608110940548,0.154953657961231,0.149800249524331,0.15337649553311,0.144769496621513,0.119788325713999,0.162447977341021,0.155150793177015,0.140924841021282,0.158675544868055,0.154933106387025,0.155694916757286,0.159870649518814,0.145547289015698,0.14787524124695
1257.74377008637,0.158620461971962,0.154111411659406,0.169412980319856,0.156828000306202,0.165994008834003,0.154698624253509,0.161086829159986,0.160781827626015,0.156483301956884,0.155920123525823,0.162928041145915,0.170545461183707,0.151299944205688,0.15693031375936,0.154185061295362,0.160390367924792,0.163995202933405,0.156055153718581,0.161470449814271,0.156726243897191,0.1585189203781,0.160112648264654,0.155856224096974,0.154690094205712,0.16242521005036,0.160874956938692,0.166846831650063,0.16252928986715,0.16369232325656,0.160416049162237,0.15837744986122,0.154262133078107,0.15948657051474,0.153256929284615,0.170417223533676,0.153732007370901,0.157096672649629,0.15605952834368,0.16233059688128,0.163505059655129,0.156341098811574,0.157103407507733,0.161971678525076,0.144021170408839,0.166084210673541,0.160515470209876,0.161325933365875,0.165974622052184,0.158909989760894,0.160995900378159,0.159740950135715,0.159797985653176,0.150265720469839,0.159642247911214,0.162356131636411,0.164941383012894,0.154201465896542,0.162583894314951,0.167650625797827,0.158652184176427,0.151554494682862,0.158491893404536,0.156751355562067,0.152141306212575,0.143868033263,0.153286600387512,0.149755324562284,0.161849107937638,0.160257483837361,0.157069977512811,0.16647113737405,0.153923335438035,0.168403876662453,0.164339805462319,0.143474256993655,0.160245384270617,0.160302334750246,0.169271489478672,0.154801526984963,0.156091774807512,0.151288139945334,0.160697561699302,0.164350918372354,0.154962164750507,0.153913313956741,0.13158693041327,0.156414564027416,0.150108926471093,0.153754749671848,0.157394216120885,0.163881576262368,0.154707623190098,0.157603272021451,0.148920591704913,0.141468227046936,0.144435108575292,0.169333171373282,0.167400753971576,0.160802329045177,0.159840434142161,0.155939268057254,0.156874507345269,0.152239429271317,0.155262658364142,0.152769315783747,0.115177415007143,0.146145624454494,0.15213662582674,0.1601299083289,0.152352134129422,0.163310076282313,0.161423438230031,0.156321317719665,0.16951749855962,0.167541438608108
1260.66112632864,0.165869822994193,0.169334754307055,0.168576744623846,0.163944367575038,0.165141349652499,0.173601612975191,0.168751149914196,0.167983212392534,0.168630865699046,0.158873679620011,0.160468779906564,0.178842443733308,0.172659902570385,0.173902507079562,0.177727149464146,0.169093416618854,0.16797491865276,0.168985403980424,0.178531344265329,0.173772360845073,0.17868817995157,0.171539029153145,0.175269249591076,0.159682814356517,0.169081025460682,0.167125882517982,0.168690189560838,0.172406099781564,0.17258940799889,0.171974410479591,0.168337266650003,0.167633963200326,0.177471337469875,0.169307406151711,0.165175725120237,0.170527200557927,0.179297244622652,0.164341339308803,0.170742714493993,0.167549639180396,0.166996203745606,0.178370893382467,0.183661243801236,0.177305820122158,0.167929612282494,0.1733329309839,0.163725227686918,0.172155173918629,0.169502335826942,0.169379167758321,0.162649349581959,0.173795120207566,0.169400903280176,0.170195218817941,0.157739753021546,0.175405621007366,0.167304121719585,0.181239544597235,0.175998383873162,0.170813710834348,0.171837920950042,0.172773499014922,0.174809437376722,0.171379079274577,0.176798702488625,0.154780967618637,0.170228603172541,0.166406162969118,0.17639155519881,0.167359086626983,0.161277019258762,0.174830036648084,0.161699593583457,0.170596077745359,0.167393310334694,0.167972041146362,0.170723354280659,0.174932735984178,0.16965097788681,0.167960309848347,0.16393819031132,0.170093941773094,0.167349712396449,0.173399518590905,0.166140796702102,0.14227912955009,0.164744435078793,0.161819825307571,0.171347679799777,0.174361468825538,0.182023752962247,0.173278243103081,0.18638229717236,0.172108382764601,0.148770686494998,0.156801162443755,0.161368142899154,0.168217894040399,0.176242833817846,0.179123774773577,0.172190463381971,0.165403971878129,0.179460492177847,0.162586532183294,0.153177748692524,0.130938233694047,0.166485520541345,0.158934115443688,0.17555274936471,0.171223215418543,0.165735323030735,0.168797565665987,0.164725212671599,0.177522617484521,0.163495951889688
1263.57643919976,0.161294722613131,0.158386905518654,0.160169319998462,0.145621395355952,0.158924669682919,0.157305824333416,0.15573070783607,0.142406255079177,0.161328082283815,0.154266103735408,0.153699616082547,0.155418452567782,0.159908437108724,0.152010317160118,0.157381945759637,0.157675076172658,0.155942442372456,0.154901842443547,0.157011926522208,0.148528198377883,0.162773894172583,0.14725401657753,0.155214945217077,0.162036429534598,0.162350658006561,0.141085859326164,0.160837668374612,0.151209328389712,0.159295286792571,0.151231967042249,0.148062125970254,0.153112372334023,0.158351217047599,0.158094188422062,0.146286208193311,0.154739753620395,0.151116029994994,0.157601454098093,0.150833133553867,0.156362863549305,0.151363230031885,0.154369296891356,0.154929513423372,0.164577086630491,0.146155071110153,0.154411057613452,0.159069648372981,0.156142462903878,0.153364974014457,0.149539290081203,0.149534903070771,0.150188173086395,0.157783906324148,0.158458500911531,0.147114058671031,0.155166086966393,0.165395596298332,0.155478546336577,0.155671893250671,0.149896103491865,0.15420769466254,0.152524449534474,0.155083494076491,0.149969778903964,0.150912363813113,0.152574079277877,0.160128265833465,0.161778336585956,0.153070049682296,0.144291182585882,0.154999928273131,0.152304437858975,0.154466608859394,0.152854167626804,0.149933665280593,0.14378184749128,0.165597938505734,0.149671417216122,0.145579220281148,0.16546134924747,0.153954623024154,0.165528004527107,0.157806851901103,0.158154172583703,0.156102699368582,0.140591990197175,0.145613858235096,0.154774118633639,0.153199757607831,0.157363490783502,0.143308250411317,0.14981020490745,0.155415313846796,0.159025853504748,0.147046986969314,0.132402043833085,0.147359265436804,0.152691819069267,0.155881742838705,0.145694938857159,0.145496758970154,0.157439550952191,0.154447467785057,0.159601307584826,0.153594826660828,0.107875929785639,0.147424238579918,0.156480377840825,0.162288834989475,0.155607389462773,0.151373865021587,0.155978639834655,0.159562487637084,0.142574279238234,0.150293973942342
1266.4897106839,0.136290025923765,0.139967300513901,0.140401312795871,0.14533134778091,0.140360706559451,0.144752100861668,0.137942923285196,0.140487056090894,0.126467330705111,0.126418351052959,0.135064668067728,0.137380322248159,0.136333509316731,0.14470344487725,0.137044874410121,0.143616057123729,0.137509838455968,0.128640060272787,0.119739650708726,0.123292425634757,0.131245991486566,0.136838267186739,0.136235631383509,0.142694094446958,0.145984590335272,0.132024835299588,0.142211221417269,0.13537946436006,0.147633526127506,0.140728600279355,0.138056381233076,0.13017582965317,0.137087646704984,0.132162371969812,0.127951074023393,0.13522024111418,0.145993257489854,0.146575382966891,0.133110805837393,0.137564480365662,0.13190350892229,0.153014195945307,0.14659205770665,0.141027769205821,0.136739297194611,0.126739385769342,0.143012990903862,0.136347337063694,0.145420636756555,0.128621534260406,0.138565713943039,0.130826893316295,0.132683643406538,0.138028422418501,0.135402672598991,0.144094154589813,0.141502971266652,0.134059581929597,0.138059159011673,0.12844411944318,0.136585396824028,0.135521160934511,0.129426865752347,0.138867752569004,0.138106342968743,0.123341707240386,0.138021867989284,0.124713574092406,0.147295873493455,0.124938451618348,0.146549097950462,0.124899911225448,0.14348597781192,0.132937923976887,0.133019753211589,0.128113782142019,0.132053746950649,0.131472322174762,0.13611374408926,0.128690470258311,0.132119193422139,0.138402967365259,0.133539928806231,0.140242971825632,0.137380725027439,0.118782696959252,0.131338466667449,0.129493167801755,0.131809912219644,0.128509890375692,0.136553723184305,0.13389718574899,0.133775730614898,0.142216836765276,0.133639984045229,0.118888431313503,0.140510671992285,0.136083518065528,0.134443581800837,0.133470811210965,0.136983558051502,0.135181642160047,0.132135061980327,0.134904160136742,0.129049659736779,0.0976086682263171,0.141137810691264,0.142052268053412,0.130083610429032,0.133976731070352,0.141896099543882,0.137162027012527,0.14029030956932,0.1346224565926,0.131709178287565
1269.40094276256,0.138184907603422,0.140255100576475,0.149875063509215,0.15088096927232,0.139531983825129,0.140208066549796,0.141386169463456,0.147713667594773,0.136478118362271,0.153726525532098,0.141264782951901,0.15323045278036,0.149052489152176,0.135785203411706,0.141102359819984,0.145986218547017,0.144717000573869,0.151131532459826,0.127587554466484,0.132229404852879,0.134740434660535,0.140291929961393,0.137002201798,0.141358008895037,0.152664494098251,0.144322502779703,0.143539475526367,0.139385621020223,0.139770039680319,0.136156634029565,0.142640632595562,0.144624886897234,0.150255677931552,0.145509949263765,0.151138518188596,0.137613641996636,0.140342476441954,0.138778027328131,0.143726292275195,0.149252658083702,0.148061230457494,0.145738130888566,0.139872204791751,0.13535356923464,0.143978386166807,0.152170489831326,0.145979862776186,0.146342410465354,0.141849814646126,0.149515351575014,0.150581648621361,0.137960592666405,0.150223780313555,0.140992126941901,0.130811541483445,0.142189972490966,0.146583374109081,0.139736791412057,0.138854262891189,0.14008734871628,0.143349245633902,0.141191581680917,0.150208531152045,0.149456534872186,0.135657413171719,0.132286257921552,0.136129482025299,0.138487338085659,0.155232451418749,0.131014672631817,0.147924712512022,0.141486917345007,0.150754947933531,0.154494915162769,0.14997616720314,0.143315785550189,0.133916984450029,0.130645721486174,0.142876737936339,0.142795145664988,0.145871156277126,0.137076670278682,0.138745726461699,0.142126439332034,0.130075730968162,0.128471198558792,0.139153336938303,0.140705684370986,0.150510014730532,0.13741231773941,0.157427711974408,0.142250205983198,0.148325535443355,0.141421097399636,0.13352834872836,0.124029613303977,0.137521513045716,0.143464532208694,0.150993439077404,0.147343094008708,0.136188128660465,0.145385765459557,0.144299309346392,0.136822102865451,0.144141397053435,0.0901918446572007,0.134304885003394,0.145606122721093,0.134702049101937,0.14246884529489,0.149762569764959,0.145652057646983,0.142745417209249,0.153116515643694,0.1422425727096
1272.31013741468,0.129869250568313,0.132002904074847,0.146905800547807,0.134702715173841,0.128505013425782,0.134072051830511,0.135817754416061,0.135062034899394,0.14109245783998,0.143196954086021,0.13559940597638,0.12929336930788,0.143366219087735,0.146851524814379,0.138665271669207,0.131943424998314,0.138582379672413,0.132304012590873,0.122400459468614,0.130871590043841,0.135011167832286,0.135757069008803,0.123374016968316,0.134207079749419,0.135243395492058,0.134731072706384,0.134094099156176,0.135361793373551,0.134622092030227,0.129439044568537,0.127791486762134,0.129075187486579,0.125781380109449,0.135957731494527,0.131727639151343,0.141083669917814,0.130947477397868,0.133672763597285,0.144543726309479,0.141355859883106,0.140670479481246,0.142243452390164,0.136379541659167,0.134560416922306,0.1302829306006,0.129441699361529,0.143522184991197,0.123856320816287,0.145926648168082,0.13458582214688,0.130544615360967,0.149869992171368,0.145646553604296,0.138525856581532,0.128417333971648,0.127901666504393,0.13450746666468,0.137295809235993,0.135328202906944,0.14794203603679,0.136577942365593,0.133918216884412,0.140225107662638,0.135118586368202,0.129948828039476,0.120566824066624,0.139160444217606,0.135506172083374,0.135772165667826,0.130214344237925,0.135126842119246,0.13636218542566,0.13388900005542,0.12641130061497,0.136841625307636,0.131390186899863,0.133643054890699,0.135796366588087,0.126939362085502,0.14032114831944,0.124591068325667,0.134683870437212,0.142323053631886,0.134927095268821,0.139077229781949,0.121651242453959,0.124355509696116,0.132119563465861,0.142136039163699,0.138773459956738,0.136608584964321,0.137674256261148,0.145889406818107,0.137966169126803,0.115356199164193,0.10535454594118,0.140592599737341,0.149763607263091,0.140965802447022,0.142200973105481,0.133198412876804,0.147897456875248,0.149470125842821,0.139834351297061,0.117442870441555,0.095096831535987,0.122485108109978,0.140998502323945,0.149615395198672,0.12742523299707,0.13271642122632,0.141047080776163,0.133263280697066,0.132513051949616,0.130682085521254
1275.21729661658,0.132856397864321,0.129636028890787,0.124455955230206,0.124894565045118,0.116949278219865,0.12100986018329,0.129196463396128,0.113819497979061,0.128959629693871,0.121322207708894,0.139657331206853,0.120422601778468,0.124690616935761,0.124992885543922,0.127024171639239,0.125324963415102,0.120174110376073,0.117193842236863,0.113418155411703,0.128980333255692,0.131519656792738,0.117369464453043,0.120423366597568,0.124946974628418,0.127474492321565,0.128980482443995,0.124118066402782,0.120092802011429,0.124068207293991,0.133499443932349,0.119971845192479,0.11669268577129,0.121216585884567,0.130232071708543,0.128712568776081,0.127999642356424,0.134962298141753,0.116230219705085,0.11976404942619,0.123126607888445,0.117401075876454,0.120430832328999,0.120556272760328,0.132692773090031,0.12787269100039,0.125879251138688,0.12314434360024,0.130619234227119,0.120546031721815,0.123464977899227,0.131889940451729,0.12205690924008,0.135141584292267,0.121928203275833,0.127673144005827,0.119009799474088,0.124585408178202,0.122944447558472,0.125857612747673,0.125430224046072,0.131440209625556,0.123415110517342,0.119452479090779,0.122415288296872,0.122070085593314,0.106737047444222,0.121448179319474,0.119555463332073,0.126186202886461,0.11936000619365,0.127246602561161,0.133961015964661,0.139565059886884,0.124524617612161,0.122640785175129,0.119473728257529,0.124259507705546,0.126846801879476,0.131015508738855,0.129562197233712,0.127577962743996,0.125851633254879,0.121900917726524,0.119179854854229,0.123097423889745,0.105033552570181,0.127339498763391,0.116765556689294,0.129437284404266,0.118572819963328,0.117964171391074,0.132028810038846,0.117696277877002,0.114246588570605,0.117388676042881,0.0903142611338434,0.123316101330297,0.125004216285962,0.11846760056971,0.134349760976228,0.123609133217364,0.139966549971552,0.125027531012001,0.125479100159417,0.114638940141835,0.0815422924460425,0.134541898184289,0.117881048191838,0.119600368695035,0.11293767867135,0.129764259754221,0.123347240870542,0.12433255684985,0.117976673639491,0.132606875307675
1278.12242234198,0.125095466985915,0.124072103567996,0.114466068329367,0.123047108086199,0.121517672576329,0.126093055346799,0.130542234716919,0.115697850272094,0.115754792555122,0.124326776636718,0.122674880670485,0.120702738472776,0.134185704574145,0.128518051426732,0.120269054873688,0.114477266340172,0.122066084409203,0.121696301321448,0.108793417320655,0.128724940516379,0.120495293207193,0.11391795508882,0.121749000771067,0.13051738328567,0.136322848040035,0.135829959830253,0.126010737752485,0.129483260924976,0.123810337096565,0.129491250713099,0.122422194121843,0.120638566210989,0.118811854151112,0.125605953354598,0.116966388794331,0.119198130096788,0.126656245641168,0.123487563200263,0.129860235090916,0.125587725667541,0.123175549993242,0.12396034957522,0.119226578118922,0.128667929485178,0.120638003505946,0.124514928963666,0.121790476077952,0.116272596552723,0.118091999964715,0.135697458881683,0.130037584709445,0.129215108846497,0.120327963551367,0.12600554945219,0.118185105391243,0.127906930655114,0.129690687591451,0.119978604631968,0.120724870398881,0.13167478408534,0.124685782893712,0.124792919912391,0.118664230184718,0.115683314518199,0.112021332356148,0.0976883859046802,0.11302836012617,0.130650771890155,0.132503850874537,0.12228383743309,0.119375033661148,0.125052495895146,0.12056997220089,0.131921638549895,0.122423545769042,0.123529265512969,0.12775698131612,0.132014345206826,0.1194204191057,0.124341058721815,0.123565294404167,0.117027795998522,0.117311003645767,0.128040660956152,0.121251358150514,0.104944397346369,0.11686713384158,0.131650746294284,0.124330120005874,0.122647259534113,0.121532948212127,0.118845291509091,0.117469966025777,0.12574684231978,0.115178845543122,0.103770128286903,0.127504795043218,0.124234569223809,0.118223373162601,0.121615581325514,0.134954343113065,0.127093823980437,0.129137697345977,0.137739378192648,0.115101501875939,0.0779420442880041,0.114969120388582,0.122005184539317,0.120995375658638,0.118717672049875,0.127904076458372,0.119851196477007,0.115410414475293,0.129335832962401,0.120524211653572
1281.02551656198,0.130788951370192,0.12172246155646,0.123974003908678,0.131811227893278,0.125557597456988,0.138653096469054,0.132427146863335,0.116510400084615,0.125801393465728,0.132206322436127,0.135385525363625,0.12583170000508,0.122026515635551,0.127732965844438,0.124903076849741,0.123767338824771,0.128772566396825,0.129916406152911,0.129179701480445,0.126851828039017,0.134797637604859,0.119538322627348,0.128951416660039,0.122862322663209,0.124285213464382,0.129002425771276,0.119286605557708,0.124949411531083,0.134931511298472,0.13141503251117,0.129742118199786,0.11880243175477,0.110499334918014,0.122079523655389,0.130902407489415,0.124830357110827,0.131760303930133,0.124312368137484,0.122531608745993,0.126969061170252,0.133889354833884,0.132888721488115,0.11468673898805,0.116530346212826,0.132206732273636,0.12589624691649,0.131854614840422,0.124135868198863,0.127651391006886,0.133280230412357,0.128193803944083,0.120489501618355,0.121712508877678,0.131723387011574,0.12183549883619,0.135735186418146,0.126758705239049,0.130023710290727,0.124259482127044,0.132504012864879,0.117940012019862,0.121322290331468,0.131921774808121,0.134979256490058,0.122679099381285,0.113564806436942,0.126461446758513,0.127154582520739,0.120742834411733,0.119920354653462,0.138239642181924,0.113437794370965,0.125190211383428,0.126778798643479,0.131890125146192,0.125465882191955,0.128581369088498,0.121454058438639,0.137030708081475,0.122446262149047,0.121717580612631,0.123794430484582,0.134555471232535,0.122471382153256,0.124846982123414,0.102800797449611,0.131178563457686,0.118919349623033,0.12573139832118,0.125112660541722,0.127276731507237,0.128311225776596,0.122186186834389,0.128719806081778,0.116167271853628,0.114127834874123,0.119048522176288,0.130013837278687,0.127754190068075,0.125738804083915,0.120977228624152,0.131281957350885,0.115483369529842,0.120686479033766,0.112316516916188,0.0781399374115522,0.113167518243364,0.128316785337677,0.124564628622276,0.127244168165311,0.124427233833876,0.123461480202334,0.117356576238697,0.118672276325854,0.127856951156971
1283.92658124513,0.109061918526149,0.112970464890038,0.116708608703799,0.108775233388231,0.115639566359689,0.113348210602707,0.111505993958494,0.110344959558659,0.107209882978215,0.121712535864508,0.11248374712098,0.10838293821671,0.106626824284783,0.111839883109994,0.115998192655639,0.113466753751188,0.106651961022666,0.103705990894901,0.105551663642583,0.108719342149359,0.115172150623263,0.0979782797143066,0.108956871759204,0.111510429944038,0.103684277097469,0.116162222484684,0.107719490538575,0.112386163371534,0.112492229369348,0.115039428841908,0.110068445922794,0.112763752421498,0.113490894945587,0.107107974857813,0.109341824207341,0.117648825896657,0.116502892333926,0.111726788929154,0.104315920738172,0.109854521460049,0.112837763330534,0.115953423118356,0.101035611634803,0.104401551613527,0.114786588889538,0.113054987275177,0.110416682899548,0.116304796482586,0.107208107367692,0.117299243477744,0.108190779089463,0.109123781528986,0.12526448333257,0.120047208173956,0.1041601093827,0.109627880176024,0.110962099820778,0.111906017751475,0.100744358705345,0.112188157443873,0.112828246987064,0.112463703403487,0.116034470721794,0.110376726238536,0.115371551119153,0.0971156479239243,0.111506338772516,0.117719022269631,0.115567961700464,0.105914492649033,0.109113056741806,0.124095218159028,0.10406655861845,0.110187429296072,0.115028766845179,0.099743397263706,0.103133261168443,0.114158415058623,0.114098753924746,0.108949526983965,0.11610507496372,0.111226670008206,0.116342523306389,0.111563269280625,0.102918481461583,0.0960219169522686,0.111567444313806,0.110887427075619,0.114141987195252,0.115184058503217,0.11461576091906,0.0978957644674634,0.111561657944193,0.109828043182211,0.0975013870140256,0.0954904542242448,0.116102914244196,0.111275430300774,0.108537826333798,0.11628326284624,0.116921336452799,0.106325785352666,0.114763430677873,0.120475426216773,0.0981413962588038,0.086871727934382,0.101384096313191,0.118842279575918,0.11677311699962,0.112783063894874,0.100372399715511,0.111247485338466,0.112795869556597,0.116830177656361,0.112018234054181
1286.82561835737,0.0878816706839546,0.0967477262203032,0.0932113905967118,0.0905194748574771,0.0885406133078243,0.0859186448309348,0.0778598637749705,0.0826895709432206,0.0880873286906043,0.09068291371109,0.0852732307877917,0.0758854955102499,0.0879867769115575,0.0889373694746506,0.0848838724513151,0.094699657065514,0.0818702090210516,0.0944594574911537,0.0830206096217011,0.0813773873535005,0.0896302793808432,0.0844241547099963,0.0943059539431126,0.0848159076243286,0.0916645956558013,0.084718325981724,0.0789103270493535,0.0928654375525662,0.0868133628714717,0.0852108817680976,0.0812231787539964,0.0972582580615322,0.0890603036503564,0.0796005885326432,0.0921603530199678,0.0912424685238232,0.0964298707297089,0.0835838954844441,0.0871989249240255,0.0900277203267351,0.0972736295891066,0.0930980244613406,0.0863205517661482,0.0901159860611261,0.092005436614509,0.0920123299865171,0.0927909364978479,0.0960284764736524,0.083499906772115,0.0855830325475969,0.0897996735978474,0.0866422193090567,0.0856534898879429,0.0866263818772825,0.083758895851166,0.0883787958844444,0.0887376871413462,0.0786279526605869,0.0907674102661803,0.0859148536311164,0.0920151138415278,0.0874240769011593,0.0785608509937872,0.0868673559378495,0.0917328605017979,0.0653042469012598,0.082361794452745,0.0850402730881564,0.0950552357033473,0.082914399245542,0.087086511709915,0.0880634675131138,0.0883170168063655,0.08269326878704,0.093339257124982,0.0830761820458848,0.0798395385780512,0.0824530275065441,0.091175727432174,0.0860626202270687,0.0824692812072948,0.0863096589540325,0.0828608911119407,0.0905035285756086,0.089691541764896,0.065508550285861,0.0919651912348219,0.0804514418641184,0.09118697068243,0.0880082981978089,0.0786759911434418,0.0815050869322908,0.086692925764328,0.0925458423891325,0.0729992432789938,0.0758269647927327,0.0922601372421335,0.0805551897838397,0.0833623114040863,0.0867270359653657,0.0847900219844108,0.0918300110090046,0.0849692159519051,0.0893224884540103,0.0769190759760677,0.0529928787937012,0.0812841901387837,0.0772420688380466,0.0819202047529332,0.0791672666667452,0.0898703768323938,0.0853932375538575,0.0859820571708507,0.0896609367904567,0.0746254303630474
1289.72262986205,0.0833832565782638,0.0805341110994583,0.0930019751165239,0.092418389806521,0.0791779364033329,0.0926380908162104,0.0940968926886793,0.0953552200451622,0.0895140761309183,0.0839925414346611,0.0915342667371046,0.0896462550706948,0.0910190789527681,0.0897995711095113,0.0879196616049163,0.0981896275476496,0.0811272511037335,0.0831027963897883,0.0806094805432862,0.0892938206182446,0.093724985045146,0.0842073333992626,0.0780639635989412,0.0798341604822549,0.0871547899224543,0.0768239485656986,0.0862297893171831,0.0905023235848307,0.0887572296839166,0.0855462467375364,0.0826305767940206,0.0891322231897159,0.0840020760849298,0.0744652126916309,0.0831818280986502,0.0867500212861392,0.0763659179758628,0.086582688952471,0.0853455768513126,0.0908918786550219,0.0871971012919452,0.0858831341022759,0.0925374152436956,0.0790880505883591,0.0896391157207636,0.0873999210511881,0.0882135218361794,0.0876741696464608,0.0849015441061737,0.0989368368734277,0.0799672076917726,0.0885376767457783,0.0892235614402998,0.0814950214792315,0.0868905752320767,0.0854580948293964,0.09119619556127,0.0843658324936578,0.0845877175869675,0.0894833332458823,0.0847544461527496,0.0915350988719127,0.0842872511638455,0.0893863346766887,0.0866224278559316,0.0743214327134067,0.100191224231878,0.0837341154905326,0.0877061910801197,0.0816370655760593,0.0950693233980202,0.0878792224397581,0.0816973350372028,0.0857615198264793,0.0861714283727781,0.0935554612495134,0.0817635481204068,0.072462267414069,0.0904296701981922,0.0924890238249052,0.0801092378331494,0.0855804781574872,0.0848550205289544,0.0881699383729442,0.0944017767228651,0.0649455334734274,0.0874525142206631,0.0839037871126391,0.0834071779597045,0.082411923303342,0.0849883245327582,0.0856080672397071,0.0941772035627167,0.0875434166033503,0.0857091697865552,0.0649784214622112,0.0871323083439718,0.0896311482035216,0.0885798928119259,0.0821812355210189,0.0851580305941429,0.0905451020263065,0.0880369294463629,0.0913016482928996,0.0812206800207578,0.0631653820756041,0.0833964204276384,0.0922955697774525,0.0865989935640584,0.0959341572316438,0.0707092948152863,0.0781111312868261,0.0884982697249324,0.0768213096262178,0.0916884092602387
1292.61761771996,0.0955668220804992,0.0974542442020847,0.089012372891864,0.0932662024000883,0.10044413242792,0.0950994168876862,0.0954869295173405,0.0919060802204568,0.0995988835212888,0.0967756121064264,0.0983443060170835,0.108256429127672,0.0913528952745151,0.0966101108091032,0.0925906715369577,0.0958619512768995,0.101753252140519,0.101956256938869,0.0879917817725097,0.0836627741119717,0.0972903877554896,0.114387928655762,0.106641187129044,0.0859781126960638,0.0869404286894068,0.0924792410751691,0.0989495403208266,0.0972586540058598,0.0928762227927238,0.0971989403957098,0.0916084225103603,0.0947030925092962,0.0961648917424376,0.101519784719231,0.106440986183473,0.0908149397038941,0.0991959121598364,0.0965687327063816,0.0987560245848196,0.0988407054923099,0.0886344988699307,0.0921528502499034,0.0976906357401431,0.104886285413176,0.0937259357476023,0.105786307305412,0.0966845864149263,0.0907005312016382,0.0912235424166593,0.106327957103727,0.0952584346324031,0.0925611310861453,0.105214832070369,0.0926886342402446,0.0916731552522581,0.0960167177601335,0.100636918591336,0.0939052894965871,0.104393403603216,0.0990276874136472,0.0980889433164045,0.0951155437154115,0.0916426813267083,0.0881201670639757,0.0880575319074047,0.0907710191572169,0.0978244064870872,0.0970374804186273,0.0979058034643956,0.0941386240329293,0.107425188108577,0.0953064457944286,0.0927918952196516,0.097568615702753,0.0940629206074095,0.0886141585056224,0.093351182579987,0.0955816768961353,0.0972623565741065,0.0978191236672072,0.0998607129652584,0.0999050373889789,0.0972257272117364,0.0944019960482029,0.0958620949020012,0.0927844278259223,0.100722514769425,0.0972682730700411,0.0951359267077409,0.0827566690272647,0.0967257043303215,0.0945721029710665,0.093447778832813,0.0953544146152334,0.0761079153648682,0.0779653111987508,0.0891660825790023,0.0932659241251298,0.0981474232923618,0.0944934235838948,0.0965490617494928,0.100821017217039,0.0986537134521139,0.109037095542244,0.0942180237997916,0.0605619161672383,0.0899589183642966,0.099733272114377,0.0880385396885843,0.0968318739752267,0.108441832283199,0.0975908665809373,0.099168482632543,0.0920810993460796,0.0979791130111719
1295.51058388929,0.102381480210859,0.107972601691867,0.0985663381012268,0.0957137964728708,0.10882733221878,0.0869015573557648,0.0979474042009393,0.0959916661635756,0.103207402167061,0.0976738826213723,0.0938297358902203,0.100525019381744,0.108485157168867,0.105049978537459,0.0961874638385114,0.104667633730671,0.0983587046118664,0.0937975103832352,0.102450128395867,0.0937680089848446,0.1057134221759,0.0981962270587359,0.0962861426988179,0.114364485285089,0.0979865747636925,0.0988378133761964,0.105748706771913,0.101880935489393,0.100794813847509,0.106168680207259,0.0995159622081102,0.0981777651125844,0.102420643014996,0.102403140372148,0.11004511601272,0.101834563583168,0.105417431697705,0.104953875557182,0.102914403937514,0.0980908797424025,0.102681637044685,0.0951979580869096,0.104462761626525,0.106329723000955,0.101044079334187,0.0891507737057163,0.0926694600924153,0.105107708172852,0.104103045906009,0.102870415706214,0.089184884404284,0.105599372752252,0.0877572544501172,0.102260405539956,0.101936156895672,0.100119189735326,0.100431928410649,0.0991200420578862,0.105808655545712,0.105327086960816,0.113058026655045,0.105181150660182,0.099547518671698,0.0998730483520664,0.102574429411911,0.0886782410963016,0.0987438122889788,0.0984538196901589,0.0944123143830804,0.100823989459083,0.0946996077561514,0.0924261662405612,0.0920925230743582,0.0908350611477375,0.0949767387429627,0.0932606680518693,0.0931484458575316,0.104601904010045,0.104645086374476,0.0987356391167862,0.09967554201061,0.0959703910325575,0.103058390407365,0.097434885694027,0.108197470913889,0.100502696327311,0.10376857101825,0.094483811425248,0.109040670632582,0.101984813553016,0.108472510388107,0.101928617716556,0.0949206124861022,0.111710954533629,0.0925583873286238,0.0883727143346204,0.101662603753473,0.0996351164687788,0.109352207179325,0.101380016820548,0.0941827455692671,0.0924044219168984,0.106586794695072,0.10017508310724,0.0952829800717097,0.0849618386326971,0.0926458872291629,0.105546560349968,0.0981499219731646,0.109237427765191,0.101217915385728,0.093057349819244,0.104418373886088,0.0985377733160219,0.0994275228982869
1298.40153032568,0.080700684701246,0.0794991169337431,0.0832272632788522,0.0801458399838912,0.0780055992683853,0.0872482995448603,0.0781331084148078,0.0828877964230472,0.0760164811311574,0.0726302912876584,0.0758318369658324,0.0766699619803158,0.0833840784110064,0.0767867986471608,0.0862460890313172,0.0732245295051696,0.0821576668289757,0.0782306997665854,0.0777864983259196,0.0854454626309172,0.0872121714926214,0.0750835494243694,0.0902084176309671,0.085589287256472,0.0742177697537676,0.0838560844205491,0.0769771439445056,0.0786467092872733,0.0816509799795889,0.0898395374204832,0.0717897392790286,0.0858689064874554,0.0780276234346243,0.0716610985491542,0.0874394788850166,0.083478847877562,0.0757324916737631,0.0789953852265816,0.0760288521882049,0.0880982908871842,0.0816771069069973,0.0777702312299021,0.087639342226623,0.0780042490931256,0.0729301485487503,0.0758091320448189,0.0783414667294623,0.0778296873736581,0.0913459356595015,0.0820495274801268,0.074571147355787,0.075737823808875,0.0805625672389748,0.0754042506288635,0.065709646324493,0.0821404402047763,0.0937997047550838,0.0864661910322919,0.0807160646847123,0.0818035710625219,0.0765718143829044,0.0817971303171409,0.066430773267327,0.0758591671985529,0.0822417929845043,0.0770549627410341,0.0843821696804538,0.082575790311845,0.0772258710428402,0.086334883006996,0.0738018762395486,0.0835825576535813,0.07745330287165,0.0808376021616092,0.0727882911832466,0.0702488162534208,0.0849099574968633,0.0751043880723234,0.0741896972930744,0.0863922419187566,0.0887182425648788,0.0770005301095889,0.0832558394115136,0.086038562481769,0.07382222286045,0.0726145512204451,0.0723542029019341,0.0713807459345377,0.0796232396212228,0.0748465835548305,0.0817769565184856,0.0780294400309733,0.0794088227379506,0.0784613195051527,0.0781946346911822,0.0646063102120228,0.0806087162976923,0.0798522558672401,0.0777037631655432,0.0740353644304088,0.0813632986583067,0.0784969845440553,0.0892161879362974,0.0766617259134594,0.0751872589568892,0.0667516986974252,0.0753606472256206,0.0781454099185742,0.0876973504916909,0.0805873882630452,0.0723332175800019,0.0754301328071026,0.0825289401018668,0.0736092415631795,0.0841741104246965
1301.2904589822,0.0891480561539664,0.0836255492393605,0.0765597845762333,0.0773110606553263,0.0864081477739993,0.0796033234047191,0.0800820103288015,0.0816188407473157,0.0812668520598277,0.0794958120343704,0.0929252241327267,0.0872425720034674,0.0761648925327774,0.0776878717557927,0.0768565445354084,0.0825790804378848,0.071306144097826,0.0706212668149158,0.0765044675933374,0.0830982941539576,0.0838037430974147,0.0807693508598638,0.0841405608079257,0.0727044634489169,0.0681389179087145,0.0831179579344054,0.0843347976082635,0.0881114221267486,0.0760529863119843,0.0864435872762006,0.0770170535297803,0.0835722979384228,0.0864542045793585,0.0796546398164745,0.0806847530362959,0.0800921334668823,0.0755404559298797,0.0814953166298313,0.0796619479751874,0.0792039788882148,0.0880741279784322,0.0905369030092482,0.081555290384896,0.0783839884740453,0.0743605184982241,0.0756141283245001,0.0797788653404715,0.0733040956058082,0.0764159772377844,0.0894692578849396,0.0824097776935414,0.0813784521593938,0.0879481090520952,0.0811889422885717,0.0798222403160828,0.0711758460734244,0.0823495593600166,0.0857407763480042,0.0745740733614172,0.0756469887040002,0.081267130657683,0.080548734307856,0.0840730239354571,0.0659487554646402,0.0831613812335021,0.0755150582156893,0.0804063519515348,0.0748187344254572,0.0721074895685838,0.0692074774095266,0.0774595224078364,0.0796358365045435,0.0810652707833804,0.0872177273927538,0.0876967471708543,0.0738519667630876,0.0804356400836204,0.0792601206476715,0.0761847834274811,0.0762704139163935,0.0793878177234097,0.0736221483634757,0.0727390274564811,0.0810692399591467,0.0769421953621263,0.0762259726868009,0.0867297069886109,0.0706996306324997,0.0756728978652067,0.0843874754545223,0.0756710264185847,0.0751635724689361,0.0770635989494334,0.0820331935116011,0.0686245438636543,0.0651937157528972,0.0799208612789323,0.0873304658156595,0.0737361630675671,0.0847458579626402,0.0861754550682492,0.0882522113042154,0.0734707574241965,0.0813940612923708,0.074101869685598,0.0580234277416941,0.0747375122367955,0.080165648617582,0.0869997139017927,0.0875371206578231,0.0721712366629536,0.0856571343574261,0.0753096941142324,0.0806360696342568,0.0786337470053228
1304.17737180936,0.074478564790534,0.0669254650547132,0.0666540685783697,0.0702448664427505,0.0819281424517299,0.0730351619831454,0.0666539206947192,0.0722979868595875,0.0757172400300535,0.0717736675118505,0.0798043688262503,0.0703984832622867,0.0646230741879181,0.0618622966375525,0.0696447303170465,0.0776411404272488,0.0748822108265219,0.0662008188977061,0.0687112521243536,0.0742540045108434,0.0696316889665717,0.0704713577117149,0.0615457747375461,0.072533990336845,0.0717137220251424,0.063777043953196,0.0744512891821146,0.0675763702860198,0.0715478235050963,0.0755188125100216,0.0741537723403018,0.0718097477318858,0.0701488339747137,0.0702043317302948,0.0761250714783332,0.0751122713007404,0.0689255059813178,0.0764903269962822,0.0729538193500391,0.0730408632982188,0.0670894503651932,0.0623485891436531,0.071725770519456,0.0690278556119781,0.0758006834903954,0.073239644913426,0.073076868318481,0.0785352849457432,0.0713179593600932,0.0692107845326979,0.0795711030717493,0.0621308080291982,0.0635041841626241,0.0679491260905667,0.0654983792768833,0.073152358755923,0.0789549808996937,0.0725646647459311,0.0614066565325206,0.0678731242798791,0.0702619497264749,0.0728340596354344,0.066092835437276,0.0744784853510786,0.0666613559496099,0.0782275788256101,0.0682490871403009,0.0751827972076613,0.0713838662503984,0.0690371460945214,0.0696725717853737,0.0756991164798405,0.0712741930490569,0.0668737496448632,0.0730533348289842,0.0620351311737502,0.0738257498104615,0.0687744733526112,0.0673760598127286,0.0738993505037085,0.0571292282213717,0.0724026921487151,0.0725993757745897,0.0734359571840185,0.0670341185148771,0.0700412196398419,0.063413524636629,0.0653369285826688,0.069565813463868,0.0675147386533147,0.0657839228314396,0.0776984126938063,0.0725354649035924,0.0690763889377355,0.0670370202755517,0.0632020799251568,0.0720908712555424,0.0746522433172687,0.0703211221860628,0.0644864330367307,0.0678691783825783,0.0644636628998868,0.0711992832346869,0.0709323445622716,0.0665130367218272,0.0606714379741008,0.0641336022781287,0.0604095611343091,0.062489974031519,0.0720478223429674,0.0671432155124588,0.0713253501553955,0.0789599317770715,0.0716999999534682,0.0763376646929259
1307.0622707551,0.0700378194624252,0.0737430702166628,0.0659616048390404,0.0615981413034386,0.0597310629259509,0.0510074961891569,0.0590720313986176,0.0629876697144213,0.0647729725756152,0.0548706253723501,0.0607566515806926,0.0702356700343346,0.0731297499513396,0.0654831648087745,0.0651527116494173,0.0578811419344698,0.060846257833501,0.0639098275122619,0.0457108786454027,0.0632510565815064,0.0581631294839147,0.0703127919519038,0.0624329460269094,0.0665503795079289,0.0619045267729801,0.0575851492656443,0.0699688077535225,0.0561614962240151,0.0654284307218396,0.0689118707833752,0.0604997618178892,0.0637424403672743,0.0662244328667794,0.0574915749816456,0.0606508088614987,0.061593927198226,0.0612483788960935,0.0618334873421351,0.0564494154078856,0.0478387924499365,0.0576194325204391,0.0568088002968857,0.0645886963535127,0.0645544891089134,0.0648999347691811,0.0675910961503389,0.0652984452343564,0.0599509357645082,0.0689583775408878,0.0587345336122018,0.0612461017001086,0.0624933661375293,0.0611958667516641,0.0634211704795616,0.0610319575147758,0.0611300972054213,0.0648424848513221,0.0702337545401332,0.0655666157960791,0.0731272038314225,0.0668510195045453,0.0651291843253427,0.0567609160287589,0.0613356060535457,0.0539842222636818,0.0576274454911058,0.0593786341825974,0.0560899346270228,0.0690260087165156,0.0556367890725271,0.0678957744282706,0.063084486533069,0.0620296002681223,0.0645444275863657,0.0670200814191402,0.060338796347609,0.067762199240897,0.0637251958770798,0.0607399999672691,0.0577159151458309,0.0634518404124183,0.0679692263286327,0.0604658875439302,0.0674170275736961,0.0614825431292624,0.0643844255441573,0.0675753848994445,0.061026249863253,0.0683435369593123,0.0587408721324922,0.0515742149533486,0.0592201514737028,0.0614389604559616,0.0694672374802997,0.0580198977384577,0.0524162374814241,0.0631707216301099,0.0521733107065491,0.0642033765172855,0.0697818170786598,0.0666441218477719,0.0593875060322687,0.065167524288511,0.0599376844357905,0.0611065038272665,0.0477028124249426,0.0579807087845839,0.0624499393227786,0.0634362331039333,0.0631391160464911,0.0664591587714148,0.0580955307493581,0.0755615011485488,0.068281842761963,0.0729733997429633
1309.9451577648,0.0618423841803177,0.0688169674542865,0.0620311971367229,0.0593232487906754,0.0644034421968338,0.0737985620637759,0.0594587908873252,0.0510006138021118,0.0560014488347671,0.0763650834107706,0.0573708711180473,0.0555631343682252,0.0729814668670055,0.0647952579497981,0.0666321401101784,0.0593198062324615,0.0676461332829151,0.0584500623463823,0.0651153602440455,0.0690697189548013,0.0687906532264258,0.0744294339324434,0.0675980277401344,0.0621648253306419,0.0660353815488062,0.0634475392316509,0.0595664806423881,0.0554746081826995,0.0625679287978789,0.060161170686931,0.0662983228772207,0.0698993522993453,0.0574694237524233,0.0611520960568471,0.0604816627585169,0.0625107418406774,0.0707352301903284,0.0600692161401422,0.0650160988645319,0.0661875215201731,0.0689773968027519,0.0620594252466157,0.0628266160322048,0.0655054577236345,0.0722670528969924,0.0586686297768064,0.0591602135517785,0.0581630491926481,0.0666090517277577,0.0645554806783144,0.0584273270090568,0.0618063308696091,0.0696906654118959,0.0741313943000861,0.0631408012743033,0.0695924413241051,0.0593222316597107,0.0641206239659772,0.0664896294736165,0.063204037029309,0.0542407023766364,0.0682274756061052,0.0701144183285389,0.0650069576327939,0.0712745661532571,0.0571830711178376,0.0592561453105929,0.0597186991521937,0.060649235565588,0.0544273873952711,0.0557655859364161,0.0673132585829104,0.0629889035992675,0.0622253443997776,0.0636847297753533,0.075148195946499,0.0606360728596307,0.0586860558899605,0.0687123960752054,0.0614474437227524,0.066010947769575,0.0721426681292913,0.065803139917482,0.0549910324469365,0.0657202432662892,0.0633853401141712,0.062052610165769,0.145333455060625,0.0633398680792617,0.0569875096359875,0.0666197883878517,0.0585412819842413,0.0657022621147582,0.0629327579732563,0.0527339646363874,0.058215522949491,0.0751672092009389,0.0738518156743674,0.0651493087599016,0.0625867658611935,0.0621253413040522,0.0570720522829797,0.0629156645911659,0.0641571857494648,0.0643966185254728,0.0517935116007015,0.0634948032197041,0.0612326574138613,0.0676409824264944,0.0591685370715974,0.0549500305745881,0.0754502165388127,0.0623996560401673,0.07368646186079,0.0512906639547724
1312.82603478133,0.0827000376429104,0.08046338883041,0.0803070406542131,0.0729629964995388,0.0792926816724882,0.0763295087548887,0.0794870195963425,0.0744984443124098,0.0758881921447489,0.0854349686563652,0.0885372444406136,0.0780077460544553,0.0728436086734284,0.0862535635889513,0.0860053441104916,0.0766601365060495,0.0760581299578353,0.0726046930092082,0.0801831578463302,0.0814066488391739,0.0799672448213345,0.0758908159788343,0.0818422168041807,0.0710234087582544,0.0792845673257894,0.0742476149311912,0.0761293237147045,0.0783771551821421,0.090579984342652,0.0831909633685112,0.0785882518238347,0.0813311229129655,0.0836860581333934,0.0735499838275546,0.0739790604712594,0.080534194827821,0.0764798995533638,0.0781756473631885,0.0828548120938022,0.0698516491869292,0.0792501333319778,0.0861857829534868,0.0680491163584279,0.084875122915929,0.0860883234574486,0.0853354207770133,0.0769373727815144,0.0731717717684401,0.0779117668379099,0.0796160393299541,0.0860767762173551,0.0844379797284536,0.0862904788600813,0.0826768312051634,0.0772955927159174,0.0748323140069308,0.0833135491913473,0.0818552641770928,0.0755404156776397,0.0684787495270101,0.0736029967210042,0.0810497544504042,0.069981203516839,0.0860347509907419,0.0706010613894503,0.0631119944248267,0.0826264827471799,0.0849877402627435,0.0862652543940229,0.0707050931770945,0.0878277882700216,0.0824125394486558,0.0870286038869325,0.080649173920379,0.0818596218124783,0.0873082252552672,0.0878468467120118,0.0813317329781796,0.0837238691401004,0.0784592284178551,0.0799009568206458,0.0827739298957155,0.0869743661198999,0.0762659390363638,0.0759445294705329,0.0773680978331385,0.0823923898910245,0.0920472409955477,0.0865121003884439,0.0838250170913237,0.0740935889240694,0.0783572540271924,0.0760061029745846,0.0766817650894586,0.0623400126886273,0.0821538972747867,0.0794718344227727,0.0808246224177396,0.0850955768680068,0.0733377378636707,0.0768907883925966,0.0740193506761125,0.0779082072011369,0.0863059878114965,0.0834405725199531,0.0743643451656102,0.0812310970116481,0.0676510223174876,0.0810598331575204,0.0886081698130958,0.0835410825324654,0.0780740191839172,0.0725962478791712,0.0840585000808334,0.0829867147457144
1315.70490374496,0.0460202869230775,0.0477761794690498,0.057449842040364,0.0420806587645201,0.0485316503317982,0.0537995734947145,0.050181958088511,0.0410338009620516,0.0422746417504205,0.0404494616042863,0.053328966688764,0.0493740013754279,0.0521363829905717,0.0359165553852318,0.0457783014285574,0.0436879872644208,0.0444307136156856,0.0454425273427796,0.0365636227824908,0.043321641460059,0.0491374067502133,0.0400440227403625,0.0512872256940755,0.0497186822116189,0.0432540833023617,0.0335989691416015,0.0528095556178943,0.0439502586746641,0.0352205780637295,0.0556142729884928,0.0341831091975929,0.0585547813687371,0.0507478761114724,0.0532324936117571,0.0448803705808463,0.0478124661114294,0.0382780992671126,0.0399318093749875,0.0385968716226501,0.0484904297293541,0.0517329140486888,0.0537263974212742,0.0464580565718078,0.0479468742306088,0.051590541096935,0.0545392960409747,0.046371975585187,0.0427057431306058,0.042297802270085,0.0463686823549655,0.0453394979194883,0.0525163769182682,0.0483961332379355,0.0455498393987621,0.0487911251011527,0.0396726260739851,0.0445576131553701,0.0486747056074751,0.0467196549788791,0.050440355696435,0.0420526062305096,0.0458524133482711,0.0358457957380545,0.0436512741701895,0.0492404756809757,0.0383073087225029,0.0475747105470058,0.0453773921646293,0.0516003976279004,0.0499211720845959,0.0506276044144521,0.0573401415784305,0.0493794958029389,0.0494345891350038,0.043608665708314,0.0515913547900916,0.0442693799560588,0.0448403108923387,0.0490031265398667,0.0412970412396057,0.0490576032002521,0.0493562142535155,0.0519555454796136,0.0435394562045485,0.0486945446664822,0.0490347711011024,0.0456517604338287,0.0445044884403955,0.0479470462020846,0.0427268053930245,0.0442090551375538,0.0308013813897558,0.0534283739590864,0.0493615223262594,0.0437899914025144,0.0418786699726564,0.0518774278899745,0.0507456270820421,0.0551361125127866,0.0536628835139497,0.0470619461760184,0.0458721390066069,0.0509021040993478,0.0514504264532469,0.0373539220648533,0.056220186497091,0.0418068462445667,0.0522936442102754,0.0490109086782786,0.0485211598751918,0.0427976550846672,0.0441282731727404,0.0523965276713606,0.047073410810919,0.0543166523245411
1318.58176659346,0.0389317458691844,0.0327303168988528,0.0378514935679644,0.0467287229945791,0.0360455554332562,0.033414061578438,0.0458244158006113,0.0468167465370442,0.0373196574388699,0.052785065913016,0.0451171068663956,0.043875461623764,0.0455208857743057,0.0498378363345247,0.0548765307299159,0.043568654549287,0.0539314008046337,0.0394845647743248,0.0353494116271836,0.0377850784099062,0.0436361602236565,0.034595947522219,0.0452816830678317,0.0485400682621523,0.046344937852817,0.0504427693914172,0.0386650797677222,0.0491897165584866,0.0486349265148596,0.0447409818163526,0.0508153132639888,0.0373685001335182,0.0447136326282134,0.0443798286909401,0.0354571695078562,0.0407459383976545,0.0429715487784439,0.0441032337498837,0.0412024709104805,0.0391135192569413,0.0488789551746945,0.0460721606271365,0.0474098070823094,0.0451389546902471,0.0412679900349864,0.0379854291040902,0.0413521462947138,0.0469058307111587,0.0394344640937102,0.0402770136717985,0.0404142513851553,0.0375568427547495,0.0380344656957647,0.0465030679054257,0.0438210239989678,0.0406231949395435,0.0476504878517493,0.0507192009068842,0.0363091895109075,0.0465153143513559,0.0468089950324181,0.0511400335621384,0.0427523331487569,0.0403071717071458,0.0442309122943067,0.0310083508260619,0.0502146723878124,0.0409263314994038,0.0481881088421853,0.0397398381493382,0.0374382200864147,0.0453105582737998,0.0358841028183327,0.0384176180822901,0.0392305468244531,0.0398299307215367,0.0344927503324145,0.0409177400535985,0.0424082837378174,0.0494838772846933,0.0419442964323209,0.0433516134923898,0.0507770313437136,0.0391664565455487,0.043729319869038,0.0341349979403757,0.04015988785808,0.0391910585387535,0.0326833657846402,0.0361515649359956,0.0381644740718209,0.0495607706483064,0.0467590898582522,0.0540621288862876,0.0534187286782721,0.021814582855266,0.042449266488918,0.0419332239590127,0.0458049857248499,0.034542169115632,0.045879154614018,0.0474391800070656,0.0486807287022555,0.0394114450837953,0.0428494985953194,0.0366668088706332,0.0434683802396345,0.0494741265933151,0.0451255861084508,0.0391069712404039,0.0556986067812071,0.0369456770085351,0.0387231988456713,0.048653993443525,0.0434466484592525
1321.45662526205,0.0689641789388635,0.0796700024232722,0.0805206759999414,0.0683521549646744,0.0703053635318776,0.0727840318535045,0.078617788181019,0.063360700073027,0.0723742628902622,0.0732416960099639,0.0639018095781444,0.0674278346116075,0.0795345516754396,0.0724084066568542,0.0721144689461535,0.076302284934003,0.073588576995218,0.0780438113980399,0.0591484233737499,0.0626279523353622,0.0640023276180471,0.0728748333182437,0.0750281817060395,0.0674877089083266,0.0623048998905768,0.0755093635564023,0.071971869433501,0.0715883983444041,0.0674745211375961,0.0715718687908184,0.0652984280750106,0.0746281080019296,0.0725757325333797,0.0731729073855918,0.0713829094563612,0.0732257032200317,0.0707262084346512,0.0788811618513434,0.0754173526411009,0.0711109658123077,0.0684970668064124,0.0729254228441303,0.0692950708558008,0.065622991604396,0.0766005547300515,0.071252787988116,0.0705707335617,0.0673614764542314,0.0753242188619323,0.0716563255322459,0.0782477534793488,0.0777009409271959,0.073553691436981,0.0735720244435062,0.0771558825294597,0.0766065665404674,0.06148173551907,0.0728195676942813,0.0865204323758605,0.0653823367601283,0.0613272989359984,0.0715486823650081,0.0739645357200392,0.0722081227992894,0.0675553854226758,0.0571183138816104,0.0768940020133611,0.0754199432378961,0.0721918084999335,0.0729964804624469,0.0733507690115839,0.0680440748713334,0.0621014955871602,0.0639661878829835,0.0751753079241795,0.0711793573285262,0.0692441665533604,0.0722773548255455,0.0828632951309548,0.0698456043044321,0.0725772783875547,0.0781929668884497,0.0692523910423481,0.0706338776973766,0.0681114162263917,0.0631247090615345,0.0637625462187265,0.0755858639246281,0.0705117571441291,0.0657172041599487,0.0705825537509445,0.0747998785270992,0.0697034143760063,0.0753121346376334,0.083785926508147,0.0696125607286193,0.0704433135510815,0.0783688891368105,0.0706665567276537,0.0692392790610502,0.074443917421095,0.082021002841402,0.0728599456368934,0.0681081395262292,0.0760420620459775,0.0526422864749356,0.0701190171453886,0.0771663313176506,0.0829391609399796,0.077339401497243,0.0718607348202992,0.0679917490622919,0.0679559809321223,0.0739291661821291,0.072478963118031
1324.32948168341,0.0522162459309449,0.055028938526175,0.0382068772899319,0.0502252647270748,0.0503203798190831,0.0454856805089643,0.0546502365390685,0.0584166811945596,0.0452807379104569,0.0401840402730555,0.0449172653690498,0.0511956397384056,0.0447789062807662,0.0463995770700651,0.0476358750011902,0.0428324453698515,0.0473328183071712,0.0456157901383733,0.0378482720753175,0.0365070513937468,0.0445172166298504,0.0525210178828809,0.0503738477430629,0.05362566217346,0.0541664824118127,0.0458430327939575,0.0529972801494314,0.0505911535280821,0.0554629244993058,0.0477967048408031,0.0463093343649928,0.049252198563639,0.0617223707719375,0.0507063359752372,0.0434096284315209,0.0485495056416761,0.0416694162938679,0.049257726541525,0.0497152263640982,0.0486936033466605,0.049229996240916,0.0453494234132894,0.0520281515822061,0.0444280408690936,0.0437457398352621,0.044868211713058,0.0541636783042261,0.0488407080671388,0.0522930964794773,0.0444130135778795,0.0418170940821257,0.0452809927899733,0.0545791935295183,0.0408289722387949,0.0371969243010667,0.0360911815650255,0.0431403547129962,0.0553821651549741,0.0534022678903464,0.0386978729574457,0.0379349926311148,0.0439381413823677,0.0425610876484438,0.052623692454765,0.0500402124389668,0.0535553323116279,0.0555275735277011,0.0461161028309101,0.0452328366783019,0.0464190970982353,0.0525468691379758,0.0413752910108092,0.0502371674605055,0.0480606776564708,0.0552321512820254,0.0487993357164377,0.0444712047618525,0.0520972428120053,0.0427677477092275,0.0592558015338947,0.0520083582193655,0.0544784619961257,0.0413596195045463,0.0518437435215662,0.0615388380388454,0.047733991282208,0.0453657932824543,0.0515290388826334,0.050394827446847,0.0478392721396523,0.0423549474709784,0.0553081179636004,0.0444169865885469,0.0533593127234421,0.0440122399935094,0.0459461447353692,0.0533347783095032,0.0581320881121507,0.0515910953810897,0.0468792321953863,0.0474012714552349,0.0478560378921784,0.0523480700676222,0.0381719148655845,0.054418613791247,0.0449514026686295,0.055151325614561,0.0536716934762926,0.0422596176259539,0.0482357834845614,0.0452348843810857,0.0548251262524875,0.0461597027176792,0.0408319271352198,0.0465363604210152
1327.20033778769,0.0586059977979608,0.0533723133623845,0.0565368149683697,0.0538453614546232,0.055056997361653,0.045937044829028,0.0625281268267096,0.0524092923905276,0.0538729593403936,0.0525533784855617,0.0491515618686888,0.0505701943115574,0.0468616754584413,0.0538754852196308,0.0556835619558637,0.042745575913933,0.0568656381589312,0.0513472200968699,0.0486272618635133,0.0521539582881788,0.0482064140465217,0.0481720065280146,0.0518697544384758,0.0471854947951758,0.0471106828163743,0.0484872573392564,0.0518239638943226,0.0633659402921788,0.0537498402528395,0.0401868918345894,0.0467736969790518,0.0554739526461846,0.0535693974260681,0.0560680137239605,0.0509532582074885,0.0532688056236845,0.0496116604985331,0.0539984621503916,0.0496298765707886,0.0551329717485609,0.0480526184923468,0.0371888895970221,0.0524761506876811,0.0589781246115276,0.0393625366492231,0.0557157273945742,0.0524367550125522,0.0427853521687543,0.0560107232932094,0.0578983904126205,0.065244732248946,0.063197288439158,0.0539637674201863,0.0510612163423661,0.0437490233236148,0.0483893059977148,0.0510929227188153,0.0547503529673372,0.058718127881249,0.0472812027229337,0.0492246945710913,0.0551940064421044,0.051660143020681,0.0563591501146308,0.0488765018610988,0.0558363272199071,0.0478248966962741,0.0481867440630919,0.0495268717104693,0.051099162739836,0.048663273263836,0.0532709225551981,0.0571618354065533,0.0474428840498816,0.0551874977213732,0.0562282038052781,0.055644925598492,0.0650290601193199,0.0518850654443441,0.0608411852733253,0.0535526704651107,0.0544163478273952,0.0500357783879652,0.056594590657001,0.0549776998517935,0.0478421068255491,0.0496007600764215,0.0452044031822527,0.0617044017175033,0.0477678264096315,0.0482576811920816,0.0476869736535042,0.0542264665208261,0.0559587298586845,0.0563334059689606,0.0595834395361491,0.0571437574962705,0.0477166698415927,0.048261295885972,0.0495315116371051,0.047353084593703,0.0593576088521869,0.0620070914896605,0.0506006527992096,0.0436641105625561,0.0443758838664133,0.0557369620028145,0.0546978308659241,0.0535659735456129,0.0503529647939084,0.057626423412638,0.0509510403436068,0.0460936612776815,0.0490547291652201,0.0529493018029486
1330.06919550253,0.037577556227023,0.0495897798722197,0.0532235035780157,0.0505845983665108,0.0512098719042957,0.049066854856077,0.0497245617252081,0.0388888594379371,0.0538286144979198,0.0454704289828005,0.054476477162838,0.0537205217651531,0.0489557471106842,0.0511048109953735,0.0588653871927339,0.0559126780316567,0.0541275527434973,0.0507318792608654,0.044743854171251,0.048290157412147,0.0578323369719845,0.0502317111592487,0.0475090595649109,0.0518728738936666,0.0470310372334275,0.0473109950695773,0.0388017785028005,0.0568600348867903,0.0520480260083978,0.0465886599193462,0.0472496367545655,0.0495988681201561,0.0534956197554269,0.0548958232100101,0.0519534245772376,0.0515878298432703,0.0479159455790313,0.0469414291737866,0.0484662397704538,0.0561409973685448,0.0441473912565464,0.0462879169544843,0.0373774089662067,0.050257981872178,0.0527112155551902,0.0517956603373289,0.0556108199880808,0.0475710800667187,0.0477349983777253,0.0420781741688272,0.0507444247312132,0.0466912501977449,0.0576766758927253,0.0460772386423674,0.0535950963493657,0.0558494342598565,0.0477923324006657,0.0514208549062534,0.0467276298875638,0.0401459076321155,0.0448152073294982,0.0556675913572996,0.0472733644649697,0.054685134782065,0.0400986643697895,0.03904671106075,0.0625237263794924,0.0454018435043737,0.0379371575920038,0.050494369670193,0.0573364760372876,0.0554038023515648,0.0506847521821805,0.0501099119819925,0.0444044892414073,0.04398170588045,0.0561027230019258,0.0551812513025581,0.0512812384441539,0.0541444288427596,0.0432482667915354,0.0489921426767057,0.0499930928735793,0.0501264527847613,0.0506012003679378,0.0474470394282879,0.045767871021063,0.0420178091542886,0.0567757278517024,0.0466290706056465,0.0492973951083838,0.0508584720559211,0.0503421338271493,0.0527008423195053,0.0511284214979758,0.0540688497387355,0.046659757171998,0.0498479270724086,0.0547090505558444,0.0451294366326992,0.0412588167449862,0.0510683271092152,0.0485182818494545,0.0516376401209717,0.0546357050018789,0.0551779363392288,0.0546691178451296,0.0470207470808081,0.0453927665324704,0.0513863966547715,0.0456499937976015,0.0590994877539777,0.0563554503797523,0.0528824629861404,0.0426620139816833
1332.93605675303,0.053670670162302,0.0500926723691805,0.0510043233869892,0.0531666705416787,0.0360932250299394,0.0442065703366502,0.0560328979868494,0.0527920937880222,0.0554176917065842,0.0475904214041902,0.0511772638461174,0.0568823211189393,0.0456454944567725,0.0472659112044136,0.0447174017657379,0.0436647533829621,0.056206574044446,0.0501279671944584,0.0414164318774155,0.0514879637122655,0.0496932540331202,0.0533690365620423,0.0500947063435522,0.0560420038278822,0.0496415892666205,0.0472413773962097,0.0462766404170348,0.0439348863013188,0.0568549269931508,0.0513862952867474,0.0434168509872385,0.052684751871551,0.0496681239816128,0.051007940878586,0.056242606458833,0.0461780572422074,0.0537363074825466,0.0495575075728084,0.0500380654861501,0.0451867376319417,0.0577843155958373,0.0505471788743686,0.0534058907347121,0.0469633193970784,0.0521093019422878,0.0577396525616475,0.0566231999146175,0.0518267212013464,0.0536580107280852,0.0604721075540554,0.0554919639668747,0.0482074800315336,0.0462906899263744,0.0454556942095595,0.0530589515071262,0.0547001077102162,0.0568398562701867,0.0518949552525676,0.0455717654754329,0.0536336224770684,0.0561272985042102,0.0539936177929409,0.0401985957880492,0.047601790518589,0.052574664154186,0.0408238073977851,0.0488368594472824,0.0588507489037946,0.0477348786607086,0.0435456608521737,0.0507483506216192,0.0423440405499389,0.0528031703720984,0.0451500524325369,0.0567452254966238,0.0509025889957538,0.0544263969431106,0.0534843226974553,0.0398750509727264,0.0474592512718237,0.0507447334677655,0.0489521474430311,0.0450511716996097,0.0548998551864301,0.0456931752154034,0.0589377255634416,0.0564881148696752,0.0456179680475963,0.0502334079940639,0.0422661284252018,0.0454742342006318,0.0475728308581404,0.0519511602421298,0.0611914044636843,0.0549703956495538,0.0568534796762227,0.0526922331945011,0.0503552138382991,0.0345824130633686,0.0510653302787073,0.0555511643887155,0.0532418248588051,0.0485048445079271,0.052685992062142,0.0563911092106827,0.0427876238746931,0.0425118684209604,0.0464356708346589,0.0523901289841915,0.0485985405761688,0.0407276133471078,0.0585237436733163,0.0465384088572938,0.0539676333320913,0.0469410500790081
1335.80092346179,0.0439593717805776,0.0543468701555176,0.0471726074878722,0.0467475787481748,0.0408639517098039,0.0409581578821869,0.0384766109717548,0.0435955075063758,0.0478299837945033,0.0367463656867804,0.0451909473517209,0.0396201629123019,0.0472210324201532,0.0439786174869288,0.0435871198401609,0.0436116644487709,0.0412090162203645,0.0521848195332142,0.0386451515277891,0.0427674092988565,0.0474911857983896,0.0495872673464562,0.0478909468032316,0.0454002842239309,0.0442272292405693,0.0444464590631818,0.040824736365923,0.0476338057557075,0.0486787952224117,0.040041038905153,0.0455365565046084,0.0352510242615676,0.0426249212501664,0.0416773504860113,0.0359626847488541,0.0365053629977661,0.0472387051114142,0.0403761063370247,0.0445390981666138,0.0473061825601344,0.0473281612692694,0.0354135085694085,0.0399394228772056,0.0377243403478143,0.0493707981966932,0.0456321572836521,0.0331989929896845,0.0360587346704312,0.0497706281053144,0.0452175191739366,0.0570447169650808,0.0417887638670663,0.0435505211312231,0.0388636336502031,0.0492524321919393,0.0492518762825698,0.0524889507637434,0.0420869957759113,0.0460507867117247,0.0481485442238981,0.049573549982761,0.0474739229070227,0.0444729890916084,0.0443243852093416,0.046543314203703,0.033072418820329,0.0373460738395265,0.0371624725281827,0.0493225936139924,0.0355491884090463,0.0501718404023491,0.0526450322551352,0.0436661844919319,0.0423841220416895,0.0406106865375231,0.0322954104733735,0.0506160923966344,0.0442019228375059,0.0495667844250468,0.0429974192851155,0.0463927702083453,0.0328041924769018,0.0450316372926136,0.0441763963382933,0.0413402979547322,0.0456641826886476,0.0456760001717102,0.0476654282865443,0.0393693548682334,0.0438464879086949,0.0438288374542345,0.0383692586555119,0.0480896767743012,0.0467528465048808,0.0407550535751132,0.0368609161340242,0.0411310250812737,0.0437883696466844,0.0432235237535069,0.0445121068345306,0.0379158551121358,0.0339745779836933,0.051734006814742,0.051030861174078,0.0380734780895231,0.0484050474072813,0.0459083969622597,0.038781639138311,0.0431566512463784,0.0425370814581355,0.0450264517835733,0.0393964892490527,0.0383618334827641,0.0429470209910333,0.0420672106618446
1338.6637975489,0.0401757783149335,0.0420504188677109,0.0422698653199349,0.0313274677928597,0.0381257490473788,0.0382548962293454,0.0341961755622139,0.0381735293666046,0.0348492652895085,0.0259142963772509,0.0354382414776047,0.0304364469138005,0.0347273022698743,0.0288255015744757,0.0348818344337402,0.0361541284155634,0.0358348166717091,0.0272316722917895,0.0467568232572207,0.0351435825159832,0.0404526971251351,0.0308896892738865,0.0312958332435909,0.0352993220404755,0.0318596293354206,0.0427584869167588,0.0370018099941546,0.044913775068705,0.0399729331218036,0.0400154049648746,0.0309265376707187,0.0378338274785187,0.0436613477098736,0.035085690426569,0.0369980141494037,0.0482147211170502,0.0353920528956421,0.034963652962319,0.0390518887090232,0.026034231706196,0.0319532631700222,0.0391568672041825,0.0356047600745396,0.0322868506025678,0.048254803798291,0.0357258851714394,0.0293451524036395,0.0327567466408867,0.043712314404321,0.0332319292547077,0.0383035699070686,0.0433275045906666,0.040821925671243,0.0431604748473123,0.0356110427407909,0.0395048863990937,0.040640042296001,0.0387917317249604,0.037341436090969,0.0377934876810917,0.0365305403698991,0.0334103447626632,0.0379614140674181,0.0421427321612773,0.0394343873130876,0.0301054299996464,0.0231366124025119,0.0349527857989321,0.0481814840261176,0.0397451139471575,0.0408797708199502,0.0412376314738084,0.032394691216589,0.0390843035005497,0.035237885188666,0.0307275500145701,0.0403811270084271,0.0305900268259065,0.0414276032555684,0.0335713205100874,0.028575279000943,0.0424584318008574,0.0324742328972246,0.0291864127226972,0.0266774667571719,0.0324041218155369,0.0386454743571276,0.040863186962996,0.0388081690355914,0.0303393327677659,0.0394871620590677,0.0334900493365544,0.0469808404453745,0.0376609894458078,0.0409015580424845,0.0355267228059492,0.0350832611861309,0.0421382044829898,0.0388547523321012,0.0319919798639873,0.0384647440652966,0.0345214839594869,0.0372015082326515,0.0341834262472563,0.0262825992371184,0.028462558267512,0.0376607562210158,0.044755801885234,0.0409729381537893,0.0375824644208523,0.0265830272236782,0.0361139962241798,0.0329118287743892,0.0269809944573583,0.0345095527034799
1341.52468093191,0.0401687148376116,0.0404510179232097,0.0395444197393891,0.0397756527764821,0.0520521034427079,0.042498145348635,0.0389471258955975,0.0451260797247765,0.0424205412181999,0.0383428219734366,0.0472859569241048,0.03793577155691,0.0428253960196545,0.0385195442241745,0.044613719942534,0.0472482917759784,0.036346148075095,0.0393790328014724,0.0336846266605579,0.0470544616284954,0.0533571658005195,0.0569863317558708,0.0397847963790238,0.0368558351257313,0.0436131740356644,0.0377980735251136,0.0391207778549529,0.041133816352529,0.0383176681854681,0.0432323690269048,0.0417113301944805,0.0404285297580231,0.05008821682419,0.035596568874348,0.0440540085097131,0.0385648861722648,0.0433912714441419,0.0510336473801067,0.0444725886562206,0.046137663243484,0.0385036263191345,0.0434510083073248,0.0398655655757914,0.0414795065471698,0.0347996311795786,0.035136747223667,0.045605117966011,0.0402964290855296,0.0436681984796831,0.0467744847701414,0.0468259800022393,0.0438182323699667,0.0375653986211683,0.0349609324853123,0.0378464476384425,0.0561709113333427,0.0357757852261958,0.0360499294333254,0.0389259813942014,0.0437225998812708,0.0554615900313516,0.0452620169247128,0.0465784888108918,0.0410569752860782,0.0410521944114439,0.0382842108297882,0.0449817549238506,0.0446513507434244,0.0437635933879526,0.032831151131319,0.0375996087330443,0.0445032190403516,0.0393763964848428,0.033068372483434,0.0400894767025137,0.0403461626578953,0.0403486021920554,0.0419512219327563,0.0511425511835592,0.0418501929677198,0.0431142656269968,0.0483630793201272,0.0450280966960996,0.0355990519218443,0.0429927813669594,0.0408380782773714,0.0413211869410722,0.0392844453889964,0.0501749351045543,0.0427282204413384,0.0416561524589456,0.0501852802454345,0.0425945890580845,0.0355164875256274,0.0378718990443309,0.0440460229284775,0.0499537414167576,0.0464949216537339,0.0458918309770872,0.0455719191335691,0.040677635728732,0.0334302222802836,0.0533791875657105,0.0434117232605849,0.0362184255098448,0.0459441926853002,0.0477425090747328,0.0507418548170878,0.0501703813484534,0.0392102083821119,0.0466159547288364,0.0421247662114863,0.0502787534139242,0.044073944633849,0.0458312601318549
1344.38357552591,0.0181224874742758,0.0255068537379099,0.0195073618733383,0.0249091125449792,0.0181809265326315,0.0254160317693785,0.0235479204623696,0.0107047598875057,0.0256809818965371,0.0248318596797601,0.0289214777107292,0.020171578734028,0.0271061239594246,0.0358081653695206,0.0207588726743573,0.0196851590435007,0.0256552892360866,0.0261062019081316,0.0184515014218824,0.0248135791177174,0.0312594804618874,0.0340475191297878,0.0205464583474628,0.0193670421188047,0.0210898714358765,0.0197114103088136,0.0250788470024036,0.0223610017929336,0.0263870204600084,0.0346146949660641,0.0238854564640267,0.0293477977702741,0.0253307681764143,0.0284834505008382,0.0292725505429913,0.0241182894519198,0.0272796643232592,0.0273946407120559,0.0199413344020739,0.0101945516968469,0.0302745291736677,0.0272746281649953,0.0312627575508443,0.0317340590432683,0.0267262122342298,0.0236123314482777,0.0260197703388175,0.0310618735144601,0.0256291504331043,0.0244973503233799,0.015283766459193,0.0263093489149695,0.0278449434052501,0.0332998136506648,0.0253237946702528,0.0232792302548455,0.0228774241692165,0.021401217903841,0.0210402139208993,0.0230856187740817,0.0267318185257442,0.0312216126364072,0.026593691081607,0.0253473432581483,0.0334225811432512,0.0210319385859352,0.0253353801964258,0.0289466509136001,0.0218183798849321,0.0333434686698597,0.0157859690936392,0.0190016618991094,0.0308110113604644,0.0325203665811222,0.020766163642964,0.0265655231857821,0.0231646393798884,0.0251071508902624,0.0365387104576313,0.0302366694343001,0.0237029422687335,0.0311751963072268,0.0204906921154764,0.027050039262506,0.0250948877322072,0.0203786668847373,0.0267737057081933,0.0241652634758413,0.0165969168637576,0.0233129670324053,0.0221739807155768,0.018916321966842,0.0267080586574609,0.0328504401524876,0.0337920607804298,0.0183938138286367,0.0290754917343003,0.0236118164423925,0.0198442880650961,0.0276404892143771,0.0307877258590729,0.0241001824055711,0.0248667697488437,0.0298460280047146,0.0244531127057648,0.0459167672216551,0.0234228002901253,0.0197032000725972,0.0225639853761502,0.0277091236747852,0.0287377299489736,0.0192110307376552,0.0242193548585274,0.0242761749067564,0.0264374873024137
1347.24048324345,0.0288958990323498,0.0335481407307915,0.0427914555760526,0.0423935219617107,0.0310569746889432,0.0360846631534735,0.0219555736375157,0.0354195094588473,0.0386825185041001,0.0367444363775315,0.0418726043087989,0.0336107333804431,0.0281879266968748,0.0444468757566098,0.033766675488891,0.0392785869191951,0.0315301654176598,0.0414567693606972,0.0374726450634303,0.0291574598773779,0.0344918309317371,0.0319126380911604,0.0317269879086714,0.0341810757638743,0.0344747833457665,0.0350312366758233,0.0353083727792955,0.0405765643178301,0.0350432991107098,0.0383940289051089,0.0373953069904,0.0388104741205311,0.0360845598830104,0.036654654784338,0.0390842323850867,0.0305199016296703,0.0363748080042973,0.033289894844962,0.0379166924111239,0.0439284960593192,0.0428753188163656,0.029975709099342,0.028036823218625,0.03553619220425,0.0353115533656946,0.031257939698685,0.0439339274106511,0.0272543695489027,0.0321572170374863,0.0456644344982697,0.0329138169646133,0.0337100943842002,0.0375638648671443,0.0349141844675438,0.0308664443523961,0.0405080733314915,0.0373467899074678,0.0403537115976646,0.0334719211999956,0.0355478158098867,0.0310598646478914,0.0468743726628338,0.0314557625718025,0.0421737258310459,0.0323412920200414,0.0318889864811072,0.0373751001631518,0.0370469654000368,0.0437335761380343,0.0338678012876488,0.0348937272906686,0.038581576654336,0.0313783604956484,0.0330756904223631,0.0272547843495332,0.0372739147301959,0.0403193079462823,0.031065912489732,0.0365452064482297,0.0379871268659334,0.033952977801857,0.0344168606169158,0.0396165227350371,0.0350910021954789,0.0283967113063732,0.0319375814884013,0.0434764091440265,0.0377249603858466,0.0399037948668556,0.035725855738888,0.0379063132455064,0.0313235694649115,0.036599041504427,0.039266051064336,0.0456688905813753,0.0486923181474593,0.0445204322384465,0.0421628460672679,0.0328738829071829,0.0325483847346896,0.0462412711781515,0.0406354365925512,0.0340662785319443,0.0374693680028378,0.0279006071962849,0.0449551356351128,0.0457410086087573,0.0420532073847016,0.0344921441272771,0.0310037516203043,0.0401262886880448,0.0367111487150085,0.0361805823414566,0.0369868881345526,0.0323922802586473
1350.0954059946,0.0611946692481345,0.0448071927985561,0.0612155732606623,0.0535282281982913,0.0563005419749153,0.0531668149476729,0.0458429041238817,0.0590721078244802,0.0641287312950132,0.0502915784513186,0.046740195917055,0.0524400288785849,0.0476956830930105,0.0530980363558082,0.0500384128576115,0.0610030132802365,0.0577088946269727,0.0547002981394415,0.0505286165011733,0.0514096300534768,0.0522807830084652,0.0511149567313318,0.0482543978832506,0.0521832413043103,0.0601945003368825,0.0574804799976568,0.0541757182814813,0.0534455403803766,0.0561650320152558,0.055108993225624,0.0563183317145177,0.0609200838734004,0.0646001544944836,0.0579286010676671,0.0500008625409793,0.0599069384728383,0.0588835523208694,0.0590577264153173,0.0477323999255455,0.0499175770331009,0.0538449549893314,0.05263242001448,0.047891769208998,0.0604660107218818,0.0530378925868711,0.0558842575073597,0.0515378788665271,0.054865646731707,0.0583415607742392,0.0505566112909211,0.0526933263721577,0.0421822263748203,0.0494535346455579,0.0561196165997962,0.0610391864695607,0.0469731376675015,0.0571920717196501,0.0544424870153319,0.0545744500205453,0.0599553435313532,0.052193829176653,0.047428565056612,0.0536064651198296,0.0519654467754822,0.0503360173204872,0.0427601450646412,0.0554343407692379,0.0559744729819981,0.0508622611889057,0.0460555092126859,0.0621956606073446,0.0522007852305858,0.0571740332849644,0.0527390522238294,0.0455807118291307,0.0565087754542206,0.0489044835335134,0.0603702953212735,0.0565689874299758,0.0451971472302271,0.0566139352526629,0.0564762937339455,0.0549352692899942,0.0575830051755569,0.0496388263845752,0.0491887982546953,0.0580367695549295,0.0632844983784997,0.0540148493342521,0.0562397972353297,0.0541924082496882,0.0496729541289802,0.0596590703222195,0.0472944203982451,0.0458666479367598,0.075378212892794,0.0561265769042899,0.0558205825954777,0.0573097735575303,0.0630132829717885,0.0523457008405102,0.0483821470241009,0.0578191591800006,0.0597659084041695,0.0443896575831488,0.0534778204890613,0.0591909614952594,0.049709777578034,0.0529292359316687,0.0551171506556319,0.0574862532860225,0.0569533264112031,0.0508689712092361,0.0546669246323187,0.0518361138352276
1352.94834568695,0.051017168310878,0.0443247133549034,0.049335810774581,0.0434692302952289,0.0337470173429142,0.0537249547818733,0.0421524451964126,0.0359764341634329,0.0431033256480635,0.052497547553332,0.0419052490071234,0.0400906845130084,0.0444696663008982,0.0407059026432371,0.0381430317225542,0.0403625785191737,0.0433160934132259,0.0377555348370748,0.0369662650425013,0.042764222581256,0.0420708413893988,0.0452728334402667,0.039722196481727,0.0537873288063237,0.033957632024468,0.0366945969839799,0.0299277987936631,0.0389966843507933,0.0410226289894016,0.0454508464789595,0.0450109614339701,0.0340831125766603,0.0474094726892141,0.0426710549513129,0.0390804859643472,0.0433590500703166,0.0363755999834648,0.048337597457795,0.0575606062816806,0.0395913421731832,0.042365894582347,0.0434997997586852,0.0420079989752705,0.0491325303737124,0.0460747789109117,0.0405653118458369,0.0412256554173913,0.0391700503419705,0.0441591294305026,0.038631121998822,0.0425613267816873,0.0411310487900372,0.0538004101106258,0.0392684392446341,0.0496486879989291,0.0410581657366495,0.045402548126304,0.0409136961245589,0.048630714820513,0.0339311634190302,0.0462533321488994,0.0469155225034151,0.0466158499795837,0.0422551276328891,0.0460115429301788,0.0372124405056032,0.0401940097066879,0.0467954063954258,0.0399159579136123,0.0370714922021749,0.0344189773569954,0.0403113044769335,0.0405973040077071,0.0369513210068734,0.0429571221771756,0.0470239280471081,0.0430204209324118,0.0413922483082879,0.040920126958037,0.0336210242041719,0.0383169575103977,0.048995932362529,0.0457128465234196,0.0415838700592709,0.050793003587669,0.043225318638893,0.0446025322786156,0.0419456446469744,0.0459307040980045,0.0325471554015764,0.0412457037887388,0.0405428832937543,0.0383272116732003,0.0435981108950382,0.0476719637303609,0.0554624606705366,0.0407870884195851,0.0400588006471771,0.0372675422454645,0.0407705317535304,0.0430437019913922,0.0335888783627939,0.0401138122995927,0.0386349449065092,0.0418922720968833,0.0525424554099315,0.0326892712681028,0.0355924989950949,0.0356457281556905,0.0414629888395091,0.0456035988221602,0.0346221753276194,0.0454795615392431,0.0398629670155975,0.043260279822682
1355.79930422558,0.0483817350096127,0.0459917570829775,0.0504613328380252,0.0392542186319727,0.050957756140038,0.0537622618828197,0.0586361930192245,0.0537427827545976,0.0588461972654261,0.0530944062657802,0.0538140080521132,0.057331799369199,0.0520878145208788,0.0456031428940315,0.0468532313809846,0.0493985767601941,0.049761429726632,0.0531434772643031,0.0413534099396872,0.0525696940118136,0.0491111856635464,0.0485063480668593,0.0472061658444722,0.0511687785466041,0.0554162018063825,0.0432937952926418,0.0525938196989669,0.0534983364513812,0.0518820111329953,0.0481901390649092,0.0526184666042962,0.0525327395037874,0.0533595450320868,0.0585158256102281,0.0500224957746119,0.0652906252783332,0.0605172019424837,0.058563871641268,0.0581398550196561,0.0434283557098483,0.0582911704983514,0.0483939719281233,0.0516946701614623,0.0497227844129303,0.0584558298298181,0.0608378331405381,0.0526578604575571,0.062474410531292,0.0545442591270602,0.0484341924029766,0.0527470349376776,0.0438002543603945,0.0484460377649528,0.0561486556934946,0.0661708969370708,0.0421601208955515,0.052935347387811,0.0539436483955574,0.0426993662691124,0.0502275817784374,0.0446591414260412,0.0572079344378523,0.0558343907096082,0.0558661351413069,0.0547719433052967,0.0359199692554262,0.0571863178887,0.0489845723190244,0.0591279235512705,0.0498135534528398,0.05192778818421,0.0441815470964047,0.0460300972958117,0.0528205551430545,0.0516336410167829,0.0471300290136215,0.0494849376806644,0.0446748401913939,0.0523176853368422,0.0502558022358537,0.0512990140571765,0.0544232411274721,0.0501440325042071,0.0539401100869609,0.0601090437251207,0.0548270398273818,0.0467997584774684,0.0482436455580203,0.0416505382712906,0.0417616061287244,0.0472666496469195,0.0556832954323593,0.0526409200445191,0.050584405953933,0.0542737397786466,0.0676724476510027,0.05131807248835,0.0559210413284083,0.0557603291025559,0.0506071422754714,0.0486227187554192,0.0534623647492343,0.0579665226132792,0.051182422579226,0.052436741658894,0.0492526232372111,0.0511607562543892,0.0427295009442055,0.0492347115419184,0.0519131168079683,0.0483607415131283,0.0532512898033908,0.0536771814191798,0.0537124314015815,0.0546426880433178
1358.6482835131,0.0274726735479174,0.0246979788167635,0.0223659955430802,0.0217980117097391,0.022520440612459,0.0223396902027737,0.0204830549443578,0.0188488234908504,0.0221720537870778,0.0115326615856531,0.030653855086646,0.0283367754489273,0.0191004319380878,0.0321568581677706,0.0268546919185909,0.021896866562982,0.0199074932962418,0.0208587785904101,0.0191225450242365,0.0238858410065395,0.0189953844284374,0.031493825931922,0.0226959729792921,0.0263294663743448,0.0275972929411346,0.0236288819752085,0.0272930061600737,0.02567759916046,0.033516291117207,0.027787475815452,0.0202748603767438,0.0267740515672928,0.0232852259147781,0.0263753112728901,0.0320266700191183,0.028999408304433,0.0321375705106593,0.0274715587894177,0.027133486673354,0.0249635169556262,0.0205415124314688,0.0214991028735997,0.0243768196706038,0.0216299881592753,0.0300379092916994,0.0247443894040862,0.0255290187122528,0.021354027875905,0.0245629099134499,0.0235041072041892,0.0255405985327205,0.0136377938678084,0.0166614390908417,0.0273587005050885,0.0230773926964858,0.0228003261384535,0.025078904774583,0.0290628528215866,0.0210866174989847,0.0160925906822163,0.0295341516010866,0.0302760982835056,0.0207951334049314,0.0364237375343055,0.0335879755268091,0.0229798535350341,0.015212625948446,0.0241489550305612,0.0251865699247471,0.0233777544019449,0.0209037535057251,0.0230863963897135,0.0251862222638271,0.011960874237142,0.0140988444383346,0.0286264375557621,0.115497289894411,0.0251792769723977,0.0237174513548387,0.0259885465541255,0.0319487145133718,0.0249379652552304,0.0251236033775067,0.0256664204421397,0.0330395652097097,0.0277284027048184,0.0199254942761527,0.013898234480413,0.0243834556809941,0.0272614734461203,0.0245966642728032,0.025016497160224,0.0274968406669699,0.0250396851956186,0.0279385134613267,0.0363887216513533,0.023350226586873,0.0309184126696236,0.0276050155487245,0.0316506409298223,0.0233766167997918,0.0216428140241219,0.0262826729074029,0.0230176823883211,0.0249953339039865,0.0412406494434031,0.0152492527533363,0.0188337615603926,0.0314346307843839,0.0202156831992068,0.0224173135690088,0.018387963959451,0.0336526164986084,0.0378321254041241,0.0245288181505209
1361.49528544963,0.032392190352809,0.0360071608214268,0.0316375553848601,0.0313919942468412,0.0333104953804087,0.0288038551358758,0.0200134230190697,0.032341986229007,0.031455288732129,0.0354041757274096,0.0307142952689966,0.0257058348741137,0.0397421091241503,0.031141190418298,0.0361327037292462,0.0298987362943924,0.0253098675237018,0.0320336689748852,0.0246246348990311,0.0337178616923732,0.0325254251251866,0.029421594532985,0.0382074845152905,0.0306175307857596,0.038366144934166,0.0329916759605304,0.0294989664588277,0.0289512117041332,0.0395283246037878,0.0289366611532423,0.0273685606861606,0.0378791872377043,0.0410937948644255,0.028610002278572,0.0331623254065527,0.040270481601879,0.0268211843062681,0.0291348402542472,0.0250144713342139,0.0255605362294174,0.0343011714021105,0.0188725322481212,0.0373078095326985,0.0379467520790506,0.0440551636380877,0.0340953020216842,0.0266644258437428,0.0408935441445169,0.0360650416237655,0.0306180192713407,0.0298735456126378,0.0290456134643966,0.02806150197341,0.0361073693393911,0.0292319790209809,0.02069495819252,0.0380006400353929,0.0329081341312586,0.0303332369505904,0.0318722300251953,0.0285069851200191,0.0308794983184059,0.0354381816679151,0.0332560950368456,0.0396507465526112,0.0211865985583081,0.0273158836142779,0.0279858192538389,0.0312696400643724,0.0361451440772063,0.0220745513009417,0.025896311250276,0.0290347297942166,0.0349484184750458,0.0335512105079341,0.0308879910404689,0.0458249432860538,0.032285745889639,0.0389250110786385,0.0310382963460221,0.0341742800079573,0.0244798811431294,0.033400026066048,0.0268179373985815,0.0380357985410295,0.0295516686026612,0.0356125526291247,0.0342936235591733,0.0277116824667571,0.0332658475833333,0.0333508754461759,0.0283235621495879,0.0303238082158734,0.0331184988405185,0.0382876044296808,0.0393028146210735,0.0311561355937806,0.0375400907038153,0.0390701505911081,0.0333601762325036,0.0339375910097791,0.0338413906108877,0.0258485670998853,0.0372196484659321,0.0409956768273677,0.0431871271741713,0.0354124894665728,0.0227284872402401,0.0331377994444215,0.034524317539304,0.0289919308317263,0.0441401189441494,0.0234145255549349,0.0313280170349429,0.0370146699226627
1364.34031193283,0.0346354403595942,0.0425208468266373,0.0322603318599284,0.031986252556899,0.0339070219041799,0.0278129838163245,0.0381266995277482,0.0420863286664702,0.0321037519315829,0.0333372405534605,0.0345656882795201,0.0456746754693814,0.0392753313003267,0.0403967085860691,0.031334038071709,0.0283786197751286,0.0403368988279537,0.0294458261521071,0.0323149564406941,0.0316330234169617,0.0417590273064957,0.0348260623673182,0.0318606760389101,0.0312127455620346,0.0330751028160444,0.0374409088073866,0.0446562525769688,0.0375967193570326,0.0374317689358809,0.0387143703073526,0.0215142592910666,0.0374156737875585,0.03901425039709,0.0395847074211962,0.0403198380387483,0.0344576372635967,0.0327748864885109,0.04208312499435,0.0343493495208655,0.0397769865415193,0.0365694009194882,0.0254220814813483,0.0389856407927177,0.0429063749396043,0.0306985765531284,0.033606701546214,0.0381355312252768,0.0377034464057102,0.0399409160827372,0.0290583888945786,0.0326162095811776,0.0391686360411223,0.0292211031049946,0.0416062620089483,0.0304765013015919,0.0283009560159771,0.0353798248265948,0.0335157015141319,0.0471690588972657,0.0308501910931487,0.0367021730069295,0.0363525080960015,0.0322780837411374,0.0371482270269138,0.0353777727226118,0.0252393497043178,0.0372478892176139,0.0372431158478443,0.0346252088863154,0.036744599700357,0.0385311825483156,0.0444663857321463,0.0318230530916215,0.0377620570866579,0.047104403233553,0.0246498679721953,0.0367734291830759,0.0307229370299302,0.035221600092394,0.0355483491094076,0.0347953802400599,0.0337060498801244,0.0438721053897136,0.0269128644696562,0.0310936258307497,0.035519428781186,0.0319230554210734,0.0416707787945618,0.0337610301983757,0.0392831684415449,0.0296617391887852,0.0284094778908509,0.0320673308063637,0.0321407317827415,0.0422729500548487,0.038087118238405,0.0367744781433096,0.0365440358647969,0.0342713215637477,0.0252995866356927,0.0368022219770799,0.0356019768256978,0.0367370929881948,0.0367736196080174,0.0369244855186963,0.0366232430129833,0.037827208392191,0.0391634014975394,0.0375607727729194,0.0368002309686112,0.0388298944335797,0.0240437095568081,0.0305647549654619,0.032547893148472,0.0365755620501502
1367.18336485787,0.0374295489383347,0.0351566633096466,0.0453476161938709,0.0347140364713344,0.0355910581625767,0.0348368196947009,0.033968668837664,0.0271200666813159,0.0322253599820217,0.0383123785009959,0.0276358411810585,0.0409189535982103,0.035030716234813,0.0350884074737862,0.0319678623936657,0.0326983766984789,0.0361529570013824,0.0358784170170487,0.0454547146239656,0.0404076168209968,0.0256878548974099,0.0450417548914313,0.0345957815967992,0.0439960764669482,0.0352978731529642,0.0315023080149916,0.0414974356369758,0.0344658679322598,0.0304754200691663,0.0285814215984115,0.0432163216786287,0.03591248664045,0.0439400492567649,0.0358459673965211,0.0289185333784318,0.0382743840407568,0.0408858197011024,0.0373310658167241,0.037159864780383,0.0344133127321612,0.0393986917941048,0.0384528391220979,0.0406765516611362,0.0354261471956491,0.0501115690526641,0.0391523633888914,0.0425570794284036,0.0339850239633163,0.0367363452081949,0.0405414612959647,0.0385779012525184,0.0471854554406514,0.038488458474644,0.034066275949507,0.0317345886276974,0.0359200591127085,0.0316991120900766,0.0487638329975741,0.0293829585634689,0.0336382084749498,0.0389512850996293,0.0412986594868405,0.0366895713950627,0.0345486257271829,0.0343860956456486,0.0218857322647478,0.0390016833203977,0.0351577798595846,0.0445711826331431,0.0310018727744904,0.0364555044329796,0.0326414682635358,0.0346243654640036,0.0324049746284441,0.0354088811564463,0.0269391095848121,0.0325621258438846,0.0427391472858551,0.0331532125040908,0.041730471511348,0.0289604314428036,0.0279004563186751,0.0352601206899777,0.0355772232971607,0.0361167469928194,0.042534642517512,0.0347095376291877,0.0355086128056227,0.0376568256209735,0.0474706033412686,0.040066644710357,0.0306649950455842,0.0261491460381166,0.0343771038056271,0.0446778329098656,0.0456903493505273,0.0358040703958166,0.0328356635005435,0.0343688491048113,0.0362748083937221,0.0347240470600372,0.0412263669313129,0.0368668427999291,0.0357977030362,0.0442672028636198,0.0504364824263104,0.034149886966776,0.035459170716792,0.0392896334795341,0.0314238671549695,0.0400127081869741,0.0405403829970547,0.0447868589598792,0.0486521212242082,0.0410011463941844
1370.02444611745,0.0224884413856745,0.0240658052873783,0.0210941874830876,0.0252614958871353,0.022247193195006,0.0216034897652578,0.0261096388400039,0.0164675712321907,0.0210099061861828,0.0173493625785513,0.0234178066483324,0.0238077183683447,0.0161768662757759,0.0254744331265261,0.0288217322052366,0.018491297662355,0.0245060947531356,0.0131832764688446,0.0281725325079759,0.0269621587657224,0.0263290115436564,0.0190182710148644,0.0197404611829112,0.0144435058855557,0.0128888389778974,0.0173657945624077,0.0232572409755296,0.0152717053416914,0.0213666328364689,0.0216925056492882,0.0147067956822888,0.0191558515446712,0.0268265581771804,0.0179393634015212,0.0169844989374659,0.0218018938476856,0.0211348224204718,0.0352760048261708,0.0198261612647085,0.0236203550550923,0.0279976762175768,0.0186171112536025,0.0257497859935641,0.0247104496654599,0.0292631629812117,0.017890446099052,0.0143944071503199,0.0194500900600548,0.017175166298932,0.0335790376407092,0.0274533969944884,0.0165440201060844,0.0229451111199557,0.0178383417407167,0.0176888885790655,0.0252331978506324,0.0301769807178868,0.0239347489982164,0.0240568797453643,0.0185400205512625,0.0238780346849887,0.0198143609249868,0.0103409732669524,0.0194947093545292,0.0170675346846797,0.0164269137652372,0.0260242067807003,0.0195669628983908,0.0227404638637584,0.0136211025087871,0.0131203830187093,0.0192008906452933,0.0283180588998002,0.0226964675072223,0.0328642352932025,0.0239215154797699,0.0208550500324307,0.0216676713500776,0.0208250281749369,0.0247041021754284,0.0225994651031217,0.0188840163345624,0.0179313331536792,0.0217944478195313,0.0221393464600584,0.0263360982662122,0.0143496111058786,0.0262317558474134,0.0171917084156375,0.0190019059978455,0.0223227766558986,0.0205356344426878,0.0196960090046382,0.0206216434563292,0.0470967780140329,0.0315540294718236,0.0205427322965538,0.0160595424818753,0.0182027089510238,0.0249795718868164,0.0177910095504361,0.0281621137558997,0.0343165737329729,0.0104001104217177,0.0217673896775137,0.0505304541549365,0.0254908012038669,0.0295896539690363,0.0258721857485127,0.0173003005828186,0.0135790448228633,0.0313896802075583,0.0166699241478874,0.0278669448424003,0.0152516296738145
1372.86355760183,0.0360656430333926,0.051989677327989,0.0390805067065705,0.034907502015625,0.0336272847901886,0.03932283911927,0.0426702877924644,0.0332408701500995,0.0368343047375704,0.0353277668915358,0.034325204291442,0.0357500454417628,0.0395795372108404,0.0380097689081695,0.0511593258827655,0.0323723829929695,0.0342322296652368,0.0360676614976263,0.0244927213571334,0.0444411281734784,0.0431439632291026,0.0399230928167171,0.0374391388393935,0.0415456380329243,0.0440695015490628,0.0371845708268571,0.0298289289750876,0.0330672382227909,0.0371776260647086,0.0428177451351398,0.0450771905336641,0.0366314132662908,0.030703221737773,0.0431354732967548,0.0383847919802212,0.0277816932988621,0.0426736561526588,0.0359180862150745,0.0395524025930947,0.0384209320340686,0.041810539471314,0.0397596136863311,0.0306861736876295,0.0356650062029241,0.0449435802910071,0.0333156073464508,0.0384015005933968,0.0374180921731842,0.0292760780444528,0.041831219429456,0.0339757079351607,0.0378303453000307,0.031699281790892,0.0386057824948715,0.0255391898891586,0.0361117506208834,0.0479780312358694,0.0359587426136655,0.0366026660238844,0.0376271549800418,0.0364465579600649,0.0452936692181077,0.039074112392703,0.0386043009182356,0.0395238397435584,0.0258262902896734,0.0381809428719166,0.0342714545559829,0.0436752727600853,0.0306776890641741,0.0399807332728713,0.0464990686438265,0.0343648693781569,0.0435546173266483,0.0292582771850717,0.0379450306980014,0.0263246015283267,0.0375089329332573,0.045817052793954,0.048053423807422,0.0405103377484483,0.0340595704609355,0.0360825291255255,0.0390417725318213,0.0342523618321626,0.0545460650822215,0.040321719570019,0.0305195300001513,0.0449464504315371,0.0374618126181856,0.0343789560068867,0.0362948230461994,0.0335396906801147,0.0298202320059085,0.0436838806335922,0.0557596682042627,0.047107562041658,0.0423539311035223,0.0329765082543619,0.0365249780126023,0.0339122467263286,0.0354638609676058,0.0382421922508168,0.0338857845115835,0.0421670812751384,0.0530064388565479,0.0429336408203373,0.0455199489748526,0.0411624622371421,0.0393277221457653,0.0445847970622882,0.0375395132299632,0.0341766424786494,0.0379392122811635,0.0347977905638661
1375.70070119878,0.0292187693608718,0.0334459034055962,0.0332604738348101,0.0302528795996836,0.0310541406568048,0.027183498849023,0.0236956580446703,0.0339037898733532,0.0310521017851874,0.0268276520853413,0.0398489630239479,0.0299593706806301,0.0332091017582051,0.0354418340903444,0.0328668885882719,0.0303754963894572,0.038631716195387,0.0277052583583049,0.0224582598817674,0.0272276974899712,0.0260357106542625,0.0411158711107605,0.0348804371132694,0.0353112865708912,0.0302596660768231,0.0290978142471966,0.0353360340274968,0.0337279780443408,0.0351346719736307,0.0246475551172578,0.0290166850656991,0.0293778711214674,0.0254496753276348,0.0236197815276489,0.0253857413912469,0.0380488369792852,0.0347426726738425,0.0269117822519576,0.030417918392952,0.0227566780169613,0.0370107185029602,0.0301919647743369,0.031344229776611,0.0358044193641476,0.0284177918163995,0.0252176838623396,0.035800901802612,0.0272421549604984,0.0288403343417975,0.0386959295162731,0.0335647966520074,0.0241668982031293,0.033451462171317,0.0349140025485633,0.0410622475460838,0.0340726352504609,0.0293179215301668,0.0377026995547681,0.0264327069087544,0.0258105322861156,0.0403607666936727,0.032470267730106,0.0262497637139295,0.0409233367739267,0.0298579563750242,0.0352411806842388,0.020861989326811,0.0322262641489553,0.0339298900225062,0.0207381012936765,0.0243091372505199,0.0325426216906989,0.0280852596199242,0.0316908117685448,0.0267411186949751,0.0232500321023154,0.037171151973381,0.0294876452439322,0.0318935151952286,0.0282899814188733,0.0304023600675323,0.0315172546970449,0.0351500995789641,0.0327727118701608,0.0382304031280775,0.0388946228840679,0.0232198198330578,0.0301292196650973,0.0412991646651668,0.0429931183445511,0.027493451495672,0.0261929225914914,0.0369810996958253,0.0251612917920475,0.0392224206914178,0.0530466264904648,0.0296727776012632,0.032689583689812,0.0309443667112664,0.0268872292692456,0.0208612870305206,0.0279277057542777,0.0254851411331988,0.0280630867318649,0.0359816420909524,0.0493404511435467,0.0370779296808495,0.0271504263441152,0.0293957833915584,0.0213986183569,0.0263041055518913,0.0278697247464744,0.0256339783141983,0.0254428101113897,0.0338725077929115
1378.53587879364,0.0589579479586594,0.0624654038865799,0.0621014072272129,0.0706743440934746,0.0537424359201519,0.0620001671876192,0.0530169221062167,0.0485556714521942,0.0587962649993723,0.0551066085093313,0.0664353275920818,0.0564492249356508,0.0566392070944375,0.065281505871062,0.053606403031519,0.0707693578147691,0.0595985288939123,0.0622734912166845,0.0416355955945062,0.0561230892648164,0.0638864297211789,0.056183560829783,0.0643425843074172,0.0645574977788627,0.0491450769352223,0.0522294409269259,0.0597252627365226,0.0622686244580202,0.0466415232308263,0.0587233125642612,0.0496940918263289,0.0658327676228916,0.0551710964615435,0.0624792186624117,0.0511837250537814,0.0584804095543258,0.0573806337544087,0.063007612069555,0.0643364820338096,0.0555450660745941,0.0568772380556662,0.0605248162811338,0.0599129412090009,0.0630286326847301,0.0618459559687819,0.0647544695493225,0.056575794914897,0.052276907416874,0.0578843197123574,0.0529471483632726,0.0550758064489653,0.0581935672492782,0.0551842582747051,0.0508147866465637,0.0511289229872384,0.05737083194115,0.0487549056956393,0.0638395098170568,0.0622757499525544,0.0601125561746509,0.0578319360162094,0.0531192337476638,0.0571698724359105,0.0595179920788679,0.0626906155155935,0.0547436570890449,0.0630818754615062,0.053446944079282,0.0559882621657148,0.0510617706464451,0.0593787669983989,0.0614972387846087,0.0524005591596955,0.0509395510931243,0.0720746499839057,0.0681636710575272,0.0587583826255397,0.0697747885663089,0.0590752423286657,0.05664319371019,0.0601998529694684,0.0606895337444852,0.060422109666031,0.0634165260516132,0.0682991597423212,0.061973800186586,0.0621448953959316,0.0573768837862804,0.0614979409021514,0.0641765076677513,0.0574487807168027,0.0522220149583489,0.0585268196268479,0.0557272683865706,0.0778236506915786,0.0622607489685106,0.0518637909058888,0.0573755524699939,0.0614801707755811,0.0645481669630964,0.0562838861021346,0.0589099386655335,0.0633673630512103,0.0624359769192895,0.0634675512560186,0.0755233714289,0.0578795052708356,0.0561799343581593,0.064744924853095,0.0571419903679082,0.0486686753940009,0.0678968902458811,0.0605433513619563,0.0548198687729694,0.0534457007102302
1381.36909226928,0.031700898105099,0.0332636998839873,0.0281581644479399,0.0204541589918104,0.0318582246796613,0.0365526771987028,0.0282330293894756,0.0336603385628301,0.0254763236665129,0.0287929211952675,0.0201738074452078,0.0232596609364542,0.0291749801053467,0.0217095777916176,0.0299227613509108,0.0248335327171293,0.026111361741636,0.0253275601449166,0.0358266980024805,0.0242965046225635,0.0338774551692633,0.0227507990185852,0.0260706106453088,0.0366462662796492,0.0267906176515425,0.0244632577805828,0.0334533544101351,0.0297319871673577,0.0348803042408931,0.029272420793957,0.0217806665472549,0.0354435261318843,0.0316575615052973,0.0380824296494464,0.02182552004989,0.0249644659251528,0.032323055879563,0.0169916121054318,0.0328929978370557,0.031200299725865,0.0241656637052539,0.0310411788599956,0.0246542513997744,0.0328753745641709,0.0308485863511306,0.0243897073979875,0.0230352978477782,0.0307573059397053,0.0307387061369258,0.0292089628159388,0.0285087915125557,0.0249564864178749,0.0229658677431782,0.0313797007724398,0.0256514177450836,0.0284192144803937,0.029049069717186,0.026603927412958,0.0250745117854991,0.0287968546749948,0.0265606970802016,0.0257518727314841,0.0249373890544633,0.0331349384469997,0.0334442064857901,0.027082975254703,0.0348688241235307,0.032503038328011,0.0237982833320174,0.0310871190831295,0.0246439225926294,0.0242193582513247,0.0343448942963522,0.027100364046543,0.0308861913665816,0.0194440698937118,0.0261876678173112,0.0281374200574569,0.0267958421553074,0.0297200328983601,0.025860365337352,0.0216372903244909,0.025687963640803,0.0357841319719582,0.0277580436408326,0.040675694768558,0.034836806229466,0.0309516390677853,0.0286291134223076,0.0309089117142873,0.0278444805289718,0.0329841409476361,0.0208806915586188,0.033490264901598,0.0436296404165583,0.0362694104935092,0.0273046499959735,0.0319322774863503,0.0410285047799555,0.0299367187823953,0.0239871137251789,0.0183980438921522,0.0247854366741103,0.0376358587808478,0.0426546504795252,0.048208385138754,0.03429042949349,0.0280342772246916,0.0345975608815396,0.0250047319160588,0.0201218195767656,0.0315020235085485,0.023793421368813,0.02858137705204,0.0223594807130903
1384.20034350613,0.0238196312120133,0.0152954896775531,0.0332070825679695,0.0285640459316821,0.0271779683474816,0.0223213885977986,0.0289305457614819,0.0279169019180429,0.0246020118095801,0.0289860256589203,0.0214212821101653,0.0298798163170836,0.0331363180242344,0.0289019679636755,0.0268461812684313,0.0207590342026744,0.0342896130599221,0.0201859678692943,0.0235109984400279,0.0250218156512099,0.0184268199539079,0.0303825598437734,0.0294218771577205,0.0357461089728437,0.0280237291427128,0.0328427395192098,0.031993922540221,0.0282908747964403,0.0307133281398238,0.0192206162588164,0.0252048850510841,0.0319168863260287,0.0275211628399034,0.0256992841346235,0.0361808115230851,0.0219153938479036,0.0233611189844374,0.0294972413674837,0.0248900516217528,0.0270070845567371,0.0210512279408223,0.0172028142203721,0.0280361192512781,0.025475797556285,0.0234927754971487,0.0322073158289434,0.0291694032419957,0.0330773708113922,0.0237968050659396,0.0331727255428946,0.0233296355205957,0.0288149701919105,0.0414883859665864,0.0320813267540653,0.0291821987885222,0.0226499994141225,0.03564004988477,0.0332649047069914,0.0187338030534337,0.0278701970391635,0.0332247770711166,0.0286191975132319,0.034830002592371,0.0311587835641287,0.023820250537239,0.019052009875035,0.0301522743541588,0.0207658278708382,0.0179313183396656,0.021718375668107,0.0248323641216548,0.023879793846505,0.0302524671857289,0.0403755350140041,0.0267988894193166,0.0271408624147213,0.0263484127931373,0.0331808626265944,0.0307558730160071,0.0182924489783405,0.0276530684625753,0.027195316187623,0.0171585491984291,0.031695631042457,0.0361249662378936,0.0343633582434445,0.0280089395348012,0.0274736288179832,0.023398163633363,0.018146990691174,0.0339981516001337,0.02669796348659,0.0309420033479487,0.0214038162110163,0.0439952650389819,0.0408514692335847,0.0247662801904272,0.0190383930787266,0.039580865919913,0.0192535145380743,0.0225424977865317,0.0296063530498654,0.0244558557966133,0.0253386936934533,0.032170855945627,0.0460069641644226,0.0323633709981902,0.023867647956969,0.0250374073627666,0.0175207765272785,0.0278864621381588,0.0344309676595992,0.0228941219312701,0.037056418953699,0.0252489248186028
1387.02963438217,0.0331629706669211,0.0384797957599563,0.0236534008015392,0.0329768386242492,0.0327184037030948,0.0262410927044308,0.0317642647925468,0.0313255131940886,0.0323906942795283,0.0189210605980142,0.0340169058091625,0.0338253516301024,0.0279050699131983,0.032329465520912,0.0351642167449059,0.0272928617121704,0.0419477558728399,0.0309537278207585,0.0204503879031718,0.0322692964100737,0.028308243966699,0.0364290702335831,0.0418560929479498,0.0295661568851858,0.0319498093152761,0.0220763674024922,0.0375569401753049,0.0332946051126746,0.0314335338149407,0.0226447826099394,0.0335041378838107,0.03314244856358,0.0352319159086641,0.0220573301556039,0.0336170509514756,0.0349081141299677,0.0240622567092975,0.0296712217116028,0.0316109849045183,0.0326246745243869,0.0289077232907688,0.0341021832222515,0.0271402340929546,0.0354157851918875,0.0381676832728444,0.0279971245648191,0.0353178052407437,0.0332456649715962,0.0337847682094436,0.0311786263701489,0.029385796516612,0.0305682559439027,0.0319631710098944,0.0268151417265615,0.0343687353180188,0.0368305268321128,0.0374174115391606,0.0242288068623636,0.0308068510358314,0.0275001638687192,0.0366524707701824,0.0244847313572225,0.0215217978248612,0.0351594226925171,0.0414443530295915,0.0264101188439327,0.0391025622386422,0.0355394141549704,0.0329064753633264,0.0277220886533522,0.0266714019924228,0.0333285148151976,0.0326122131895355,0.0242028934099687,0.0264884300369254,0.0316600764697254,0.0318867358953448,0.029013563617828,0.0406773832550797,0.0345244874554682,0.0326941767704476,0.0311552812029008,0.0315601831083656,0.0233430796691168,0.0352709830135334,0.0275509756595988,0.0368141118125147,0.0266152365601741,0.0338890098754147,0.028047906172087,0.0325838236212453,0.0231214839017925,0.0295052242381689,0.0205350717304279,0.0353410254094057,0.0418228558366536,0.0315950036349225,0.0372250672125531,0.0354346577019756,0.0303246728524691,0.0348791635152418,0.0226769754145533,0.0327571681023097,0.0244586276267617,0.03744482260009,0.0523445842724738,0.0226801302314557,0.0278851076544686,0.0290263246103064,0.0363328789592706,0.0280804812212084,0.0346441574886305,0.0355834718937002,0.0213110183938762,0.0324649979803349
1389.85696677295,0.0398313521958119,0.0360335472397584,0.0314376636776846,0.0342228284596293,0.0398847139424908,0.0275079974303654,0.0346120262105448,0.0444238102561291,0.035329575185199,0.0477984063997774,0.0439282025832058,0.0453142023046026,0.0421849777650907,0.0373911641493099,0.0386194996200099,0.0322517341359301,0.0400080046157929,0.0401463446025108,0.0380586926277533,0.0384470503416527,0.0344332096707605,0.0318273668741179,0.0329667672583835,0.035575458178894,0.0316040883561472,0.0386968841976457,0.0355869590165262,0.0431356627484392,0.0375825098167106,0.0427759317662528,0.034797334848128,0.0443847738781537,0.0359646469688294,0.0369745028472235,0.0354377673307125,0.0420378098257841,0.0462199147888597,0.033079978552873,0.0350775408220367,0.0344467814598237,0.0439004612360024,0.0483207214566794,0.0402070834069638,0.0372484735365492,0.0415798564573094,0.0309171080566511,0.0355044185080382,0.0290963700619454,0.0432414515948651,0.0319132513119076,0.0445400135880747,0.0386923587039412,0.0402605509251739,0.0433175103776316,0.0461346564370045,0.0456373229347075,0.0381360227849514,0.0363355664146879,0.036399978783411,0.0428743897707405,0.0330517788235674,0.0419506575991373,0.0406210554908285,0.0418846036614972,0.035661812313208,0.0396156330146247,0.0371453118413241,0.0368085385985685,0.039674419771373,0.0363879867858151,0.0339793765935086,0.0351895554995543,0.045179880313978,0.0391433816164291,0.0358673643199271,0.0340660419949063,0.0433391363328871,0.0454807504022309,0.0327705850311842,0.0419245928147713,0.0501482074987821,0.0329800211024799,0.0246963699206371,0.0433476483966001,0.039321068419476,0.0315950923659644,0.0456333130321038,0.0330676224962228,0.0346444128299367,0.0320312681716442,0.0468894286474695,0.0411219603253739,0.0434323346348747,0.0362192092370506,0.0484917084250828,0.0609373066253758,0.0406388065898945,0.0358046276964684,0.0356434191350859,0.0430406396432509,0.034014033311268,0.0438153766951853,0.051305240014752,0.0377107988111993,0.0470768528607942,0.0601179417126907,0.0457604714025054,0.0357295386607665,0.0449402390315651,0.0392808281625368,0.0304556359545006,0.0348715895854884,0.0444863017851405,0.0364239389938642,0.0440078455293372
1392.68234255156,0.0282278501374105,0.0271904553576035,0.0300332468251205,0.0270006798808764,0.0277268189421803,0.0287894219928086,0.0247401471830359,0.0274380156673405,0.0323377682509831,0.0323562785250076,0.0355035451943827,0.0207864715303574,0.0304836957285772,0.0257307940000161,0.0323349225009979,0.0356357976155758,0.0258005249414742,0.0239212680517317,0.0230722770227924,0.0299980003933457,0.0244122450397155,0.0272400740076225,0.0176906435950972,0.0241299511556214,0.0269867121188094,0.0246755605486397,0.0330923766968296,0.0149431920039116,0.0432045469141416,0.0322281565742801,0.0361053547606882,0.0319517502562102,0.0275680355686885,0.0262709008816287,0.0323570206264481,0.0320850071137452,0.0244350321409575,0.0289882891219961,0.0216698631587869,0.029208007640149,0.0222028771741463,0.0361420637185551,0.0291466834949751,0.0282668769537593,0.0192306138323301,0.0256411520838207,0.0270129213314089,0.0249615634640789,0.0308860498366992,0.0326622339767506,0.0228381749818401,0.0314680012981143,0.0226690830397466,0.0152392076900685,0.0234510923075615,0.0221305087445134,0.0238499062708867,0.0267861617456534,0.0279369483391748,0.0360243028657595,0.0294653995909442,0.0232733764564319,0.0273417464845765,0.0383248838563987,0.0282598071166717,0.0183810253281774,0.0308338763832669,0.027277089730776,0.03494667582913,0.0212361789515894,0.0293018327982201,0.0446671593681097,0.0330821478355242,0.020817201487173,0.026448799034421,0.0242491910646105,0.0269154919925058,0.0294040614128615,0.0216339916109043,0.032752245865003,0.0320371120875586,0.0348189108590783,0.0331249716290579,0.0275369734369045,0.0183959316097904,0.0382366735344311,0.02645992533412,0.03327909075101,0.0310809820110057,0.0241654118937923,0.0384631836282823,0.0267935111244377,0.0266746197336636,0.0311111463814482,0.0430565548326793,0.0458827700111782,0.0320918508147982,0.036033398129831,0.0298984953533346,0.0383788667662463,0.022149967088885,0.0297644248285573,0.0235498986001036,0.0281714513091902,0.0409816555929863,0.0447019272261227,0.0238956949206987,0.0267040824243633,0.0278425894970947,0.0219844732834645,0.0312197764331426,0.0258319156998187,0.0305985029952985,0.0311722131586631,0.0205250640573511
1395.5057635887,0.0230927911149006,0.0301157004886931,0.0291848250657479,0.0293355664817477,0.0354593938073191,0.0220839986884437,0.0440642858948011,0.0217546676049311,0.0309826725734195,0.0217950593456927,0.0233154202128657,0.0323046001604737,0.0328780895546377,0.0189442883043858,0.0249813094633685,0.0189051988336872,0.0329671981537887,0.0273148493706369,0.019515452400479,0.0215641020495936,0.025179442634701,0.0247998320573356,0.0216334566547056,0.0254033423446401,0.0341707087671058,0.0325670051066104,0.0284560525336399,0.0237415910584499,0.0271835732762361,0.0340798283899998,0.0282473885532485,0.0279564564110212,0.0385491376443457,0.0303086914457239,0.0303836057633884,0.0317632160497571,0.0192824295981552,0.0259845914474739,0.0355169130618833,0.0234395894114269,0.0301030165881089,0.0352971617028479,0.0309763460963641,0.0317524435685643,0.0275044192948327,0.0264009327205125,0.0288587468064165,0.0316712175450938,0.0201823250941412,0.0312541104331404,0.0187843104101326,0.0284957803967047,0.0261383929542394,0.0181751626780145,0.0308705100511891,0.0277334834026817,0.0299608962953926,0.0324205260881395,0.0259823677299668,0.028104051297299,0.0258934781204584,0.037529657825178,0.0394516925963185,0.0293590024562766,0.0279532966490491,0.0204874747410568,0.0218067048078513,0.0291159113395126,0.034618392203311,0.0225164625726294,0.0262753241809688,0.0242942299515718,0.0360212573841433,0.0374235931051431,0.0310198511384924,0.0176402940503169,0.033033170453416,0.0214814824930198,0.0251101948727481,0.0224889264198473,0.0311909517374839,0.0296870923815412,0.0295642556787168,0.0240405831301404,0.0306248111654603,0.0201173080542271,0.0293831056492171,0.028292230200375,0.0221155698832502,0.0238636778871953,0.0295098688196074,0.0232611085387773,0.0291184909386208,0.0260176554483276,0.0434828380074834,0.040166564851746,0.0351130924879339,0.0395466123095116,0.0274236994362814,0.0288401279316192,0.0235169472610003,0.0349805368476471,0.0297388727330334,0.0333076308427362,0.0408733727716321,0.0487173210175415,0.0397903685375237,0.0313097322998958,0.0340397503301482,0.0276993971017991,0.0292895345804516,0.0244503581134084,0.0313857540563636,0.022079572866157,0.0272449926471076
1398.32723175259,0.0324937700844409,0.0469464913629867,0.0418852498883007,0.0417577805651491,0.0426695447206385,0.0329967239453747,0.0400575492271266,0.0359736859527578,0.0404532407588703,0.0474732867512015,0.0294923400117047,0.0341575802196588,0.0374536051830803,0.0353882105709071,0.0257714008065741,0.0376800827396198,0.0342743817311324,0.0344321049774543,0.0431501096178514,0.0288718876696309,0.0324255154990409,0.0410336287650761,0.0293253120383511,0.0441600219382584,0.0381548674758759,0.0382839091456169,0.0346164414314662,0.0320188821890863,0.0355422628257392,0.0364845778400295,0.0447070728210575,0.0334519204691598,0.0371739889434151,0.0419973972326201,0.0262402286841812,0.0405383112753702,0.0436276683406723,0.0299734814546124,0.0314004251602977,0.0345579106314692,0.0347309946327583,0.0436301134672799,0.0435502935309047,0.0336282485305362,0.0352557943649483,0.0282702990925019,0.0323493407864941,0.0346052146504173,0.0389593585731082,0.044519005024046,0.0259663414044911,0.0345435170473047,0.0274637093240345,0.0309154802003707,0.0432285930695096,0.0360451708566077,0.034477177224394,0.0407782875959827,0.045147974349284,0.0348436792218932,0.0385882048858488,0.0393881087644529,0.03052094663851,0.0453428042289794,0.0320190486678806,0.0438147298524456,0.0297235612767145,0.0379991595233722,0.0271795424965022,0.037051378273821,0.0341727537739412,0.0218552212342972,0.0389749374033672,0.0469520624653354,0.033455927724981,0.0312663919757678,0.0338019386433057,0.0314806391579964,0.0350891366413612,0.0426503466349076,0.033593768419494,0.0347785599666588,0.0325660452023357,0.037136789644596,0.0450418928039029,0.0443430763528249,0.0339365190473988,0.0332226904745135,0.0342889986667481,0.0429898316926522,0.0427758393897634,0.0353764426056261,0.033221671253631,0.039611495777018,0.0487077862959955,0.0515579835799604,0.0420003508972624,0.0398040491216645,0.0412408243041559,0.0372518005136881,0.0364630876183481,0.0380113921234305,0.0413278611641993,0.0504044912664349,0.0489235538268474,0.0546424441664274,0.0334978153022558,0.0441000548166509,0.0451240592347273,0.0394520962731927,0.0257485679795583,0.0356407941864209,0.0430473514959855,0.03558390038202,0.0361358255682097
1401.14674890907,0.0429851830122439,0.0472298241375302,0.0324047296100034,0.0393505120490955,0.0498946043268195,0.0401903716442083,0.0450852262156042,0.0453708891809694,0.0375073556376203,0.0445116804322567,0.0443195587823126,0.050007805124358,0.0339204202199449,0.0388897702052063,0.0417502689177521,0.0358108827238597,0.0457420953117527,0.0357361032936311,0.0314729757953199,0.0416180159304191,0.0456119300657606,0.0487522867221011,0.0402329084384696,0.0385806284260068,0.044296961699848,0.0511329426655207,0.0440263457106973,0.0456699750156968,0.045540220607742,0.0389040705222998,0.0395797712417434,0.0363301335060547,0.0315107279337224,0.047701347157778,0.0456003435675318,0.045053751116418,0.0368962205355985,0.0366609570883464,0.0414637580766498,0.0473239120359111,0.0388261271063642,0.0482047868913187,0.0384351932974856,0.0501372067553615,0.0430218768742323,0.0405546296978836,0.0396580267347392,0.0413445799687917,0.0397444085803864,0.0404258145155088,0.0481248778488183,0.0443139360031257,0.0347399145041347,0.042583365219704,0.0468491494021497,0.0476045180448924,0.0390080601149414,0.0426496426387772,0.0372697727180015,0.0410558468971598,0.0393795126333328,0.0461180291880183,0.041580902116396,0.039658748953483,0.0410018860688621,0.0305819291275481,0.0387476792946011,0.0479787444171568,0.0493532083878703,0.0383610352971954,0.0497215313523375,0.0378932816159072,0.0371146980781935,0.0379453059461088,0.0461194756904907,0.0449082001982275,0.0420944239038383,0.0442078213545652,0.0472455205522905,0.041263617399871,0.0333158166769616,0.0441830716625764,0.0410392110619568,0.0390176516652802,0.0442629224844589,0.0469054082931459,0.0525079155823159,0.0339975510154036,0.0453939088183176,0.0362465613018876,0.0473913836327272,0.041577250212728,0.0461109164381412,0.0345475837306207,0.0443821474297805,0.0541600377082538,0.0362487851351786,0.048251488592696,0.0409661785799516,0.0418738108882234,0.045569550223565,0.0454578992818646,0.0475455173035581,0.0403662791478035,0.0445040581708313,0.0653188096915643,0.0477580516778598,0.0356636615977301,0.0372737909814566,0.045196900456584,0.0395584950838277,0.0430242634016243,0.0509230178809334,0.0441460342172862,0.0347989593381326
1403.96431692153,0.0147677538239343,0.0250889205868085,0.024022007536249,0.0290058283308679,0.033498564475173,0.0276620571007225,0.0273128918572014,0.0246846088836708,0.0183615423125322,0.0280489220465194,0.0230007706699837,0.0282287014960202,0.0233618360136414,0.0262097461205092,0.0214359253510227,0.023362316359606,0.0187768616295209,0.0285778027112253,0.0132901358593526,0.0126234878218469,0.0205671542312561,0.0287634858089307,0.028217353055143,0.0213699643801969,0.017772557727282,0.025129102301026,0.0243401431623604,0.0218240117894974,0.0263154270800115,0.0262610700716213,0.0301474326684938,0.0265888522891464,0.0161808378840619,0.0223307820745539,0.0261926776086601,0.0201991119635455,0.0301796575897315,0.0235028913231115,0.0264814460101315,0.0171086296533684,0.0248578764047708,0.0333899914763887,0.0317256112577404,0.01414267328776,0.022342152793696,0.0249384156291445,0.0252501393215117,0.0221074377246133,0.0307226028593998,0.0178888817708523,0.0307561772618404,0.0270821454151543,0.0312380270475349,0.0221796677484525,0.0236795587840475,0.0252344363736541,0.018343392955655,0.0217818872262039,0.0202065225492031,0.0239594697460398,0.0201415237911114,0.0226415858744453,0.0267414959608799,0.0231483035718567,0.026034137862451,0.0178962996378375,0.0264890844405847,0.0239061410774806,0.0222126314417609,0.0243271747902619,0.0232852770200643,0.0143071842093219,0.0186373578693349,0.0327727748866958,0.0190239491343593,0.0213195412259465,0.020902384209012,0.0157095108847767,0.0421149991834272,0.0271753611469196,0.0211928669546906,0.0192146066910432,0.0249738316171364,0.0131054173246706,0.0233986860563253,0.030901662252324,0.0231594082986772,0.0233198094140746,0.0229316529467113,0.0176546551877551,0.0189857068352163,0.0235356283415177,0.0217375109081753,0.0268311629775846,0.0395408747725477,0.0407216786373931,0.0222598721229857,0.0272819801559307,0.0233444988512868,0.0209660849168916,0.0266066450667195,0.0182657114478916,0.0397747912883461,0.0200260980637166,0.0281578833937966,0.0352845501876048,0.0309503499254138,0.0201618084215001,0.0218586180405277,0.0246750807327228,0.0149185528031873,0.0242161306613063,0.0251490704044301,0.0306917473630181,0.0259299187059291
1406.77993765095,0.0252891486673873,0.0280735784431309,0.0313540222614506,0.0154952058421207,0.0391423267352762,0.0242173847851953,0.0217587164267762,0.0244386371120344,0.0213927152913067,0.0321468601655137,0.0178886014446306,0.025824920553818,0.0306905528812613,0.0243430178166022,0.032026253453252,0.0220528155508782,0.0366821743792307,0.0235541044609332,0.0212122310898784,0.0232318121081684,0.0246262042496352,0.0199854231042898,0.031153729047695,0.0285247044028777,0.0325170608002001,0.0270604996096273,0.0273112120933877,0.0301465189157289,0.0201004670956027,0.0270950457796112,0.0336920053441121,0.0252858828582633,0.0288350980767601,0.0302469110033375,0.0210027132198747,0.0263467453901493,0.0341993059307455,0.0232422982165171,0.0207760495625052,0.0331704284829981,0.0382966010895685,0.0245194145006436,0.0373701898676476,0.0220185650986925,0.0381929848405965,0.0388952883333116,0.0266131042156515,0.0261696438070126,0.0293553826907667,0.0339131136567607,0.0230207533132941,0.0310548090383049,0.024513280477435,0.0311592881064172,0.0322546991452405,0.0211987194659227,0.0239766872659775,0.0280172338951132,0.0220992114331172,0.0269475159306665,0.0301722540439354,0.0331785998834137,0.0281138913320542,0.0207466511344089,0.0306900147180851,0.0200707337567202,0.0289905573762837,0.0355380848949176,0.0323583122620881,0.0314923901966951,0.0285007396940693,0.0227735330756781,0.030756362955616,0.0347081721364418,0.0215058744457605,0.0179663253793931,0.0313702544875259,0.035521093962049,0.0261858820991211,0.0302425776879301,0.0317262296915684,0.0216637092235496,0.0274754216213986,0.0246422801286182,0.0264535976852098,0.0350469421592403,0.0250640993370301,0.0282932776190866,0.02702513902555,0.0174125614953767,0.0241728550942434,0.0179078262360621,0.0363015005237387,0.0271324438179758,0.0320582775397527,0.0350684125311072,0.0236909045483962,0.0199530636973211,0.0263557310423725,0.0261617912927786,0.0318889394080929,0.0312435873655582,0.0304030371932728,0.0225070040328068,0.0335418717534864,0.0445719146777547,0.0269248522431019,0.0406226214353403,0.0254075788634442,0.0227848338933029,0.0309253165794685,0.0278078924247098,0.0308831022444232,0.0271667864426672,0.0273183558039005
1409.59361295591,0.0250691535643462,0.0113056206223514,0.00892645654844973,0.0152533726808724,0.00988439628160712,0.012786602966464,0.0194030490204002,0.00754662552448036,0.0120078842235477,0.0222032811754216,0.0171094383200163,0.012143246146773,0.0169131544808414,0.0122338434235639,0.0182458459000652,0.0196990982027331,0.00707690309828135,0.0190756424099255,0.0231724414057388,0.0137913439616885,0.0098467983821571,0.0122888870657243,0.00636620420035469,0.0145199650739248,0.0124523088419189,0.0120370191629665,0.00388195462622791,0.0154412288424631,0.0144423327282297,0.016636161121485,0.00214863183970756,0.0113637115914501,0.00600544112575777,0.0087251214265213,0.0180133067988083,0.0175498038763845,0.0146475321705695,0.0149453571123969,0.0134517131806455,0.000808669270733492,0.00628054516063429,0.016742096266018,0.0156695039885273,0.0250367142696875,0.0207653585126638,0.0112677505937204,0.0100628508139754,0.0188759025921749,0.00726829661880548,0.0114065045986085,0.0126286589845437,0.0196798753734733,0.0172640653883134,0.0178568801948159,0.00966355853306199,0.0123290932255406,0.0167516724844644,0.0147643305804938,0.0164306507626265,0.0174755179930844,0.00717234444941585,0.0151285220738121,0.0133051477911108,0.0080609639406504,0.00976157419766601,0.0137809331909553,0.0167628185082146,0.00825139767205937,0.00415211998707093,0.0185479713683689,0.0195497366714973,0.014422162460411,0.0139187149576944,0.0121072654307555,0.0148660236812416,0.0130329964402677,0.0241536660436483,0.0206191334623958,0.0124346423578827,0.0189498503304137,0.00992981351716153,0.00908320660967145,0.0136233228582312,0.00945588137581324,0.020288791349093,0.0123672582599767,0.0108260784335954,0.00722014127713752,0.015967732470425,0.0155679754359718,0.015294249371733,0.016069026354968,0.00812112742299143,0.022113990098208,0.0272490963547581,0.0206262152697256,0.0179852147182343,0.0131841537038884,0.0147330686958685,0.0172416709174301,0.010203520349757,0.0156337635155683,0.0188918227622729,0.0108852427544213,0.0155996321907414,0.0316178570043361,0.0184747490809578,0.0175261791385483,0.0240989511610917,0.00995930154510367,0.0171506039299721,0.00848416757224679,0.0127414347617648,0.00713356257833287,0.0184795284510523
1412.40534469257,0.0135700839671282,0.00951246363639806,0.021702975047759,0.0208584018425182,0.0214680438579374,0.0200415749044962,0.015470848939977,0.0245323623318526,0.0172330884395189,0.0111942194915599,0.0233620085393447,0.0167616294656235,0.0188570399746835,0.0201164664791406,0.0207386406683153,0.0184201676691929,0.0175365008342444,0.0273288298377274,0.013735842508821,0.0157549973975948,0.0204007522570552,0.0136708803784558,0.0194692416992435,0.0137643371183343,0.0170481090217528,0.0129053454100184,0.025752295025839,0.0221869500242355,0.023960088993082,0.0255777942285403,0.0116653853858704,0.014303205771882,0.0154631510900862,0.019944882841364,0.0128546836563288,0.0173161903206789,0.0208419119383235,0.0136417247098768,0.0246661888999674,0.0250651686960893,0.02522860922048,0.0132922493874284,0.015443438479315,0.0177830069894369,0.0124819079319383,0.019781989373767,0.0234093817451843,0.0170125901853751,0.0173910294447711,0.0166033008790601,0.0188167007606456,0.00937948931778804,0.0202835089112594,0.0154472808191271,0.0226468174508363,0.0174837167979865,0.0165148927825834,0.0259060079594837,0.0188949158372702,0.0199520826614201,0.0215674624264201,0.0213782848944033,0.025506193229289,0.0246622031950527,0.0188058894566158,0.015990294736889,0.0247564452681225,0.017210292617553,0.0209059208124163,0.0268029162409925,0.0231597713087001,0.0267204559548105,0.018556947330136,0.0107999905270697,0.0211416869373498,0.0230145049026023,0.0164160731878973,0.0225543673871914,0.0305988341077079,0.0126489895347602,0.0248060923318696,0.0120997848714891,0.0117908332970517,0.017280055722781,0.0125100910734115,0.0279039064942968,0.0224556225578509,0.0137866540847072,0.0287581231468248,0.0207491284239458,0.0270109231977897,0.016402195811116,0.0128482303265604,0.0133764572745186,0.0251134790476329,0.0295077030711771,0.00899411268373768,0.0173309665227724,0.0232010431371706,0.0159460884077174,0.0160676612887316,0.0247925274264213,0.0192442226018652,0.0139398797796195,0.0128736604305083,0.0366753955368173,0.0200318338904681,0.0216781659648274,0.0168500663401215,0.0206934676271243,0.0147680431008035,0.0181122669918979,0.0233931444675511,0.0174090419642792,0.0290627590652946
1415.21513471469,0.0149944341625411,0.0216257205070511,0.0187956361939652,0.0185265920174147,0.0239351882379148,0.0246450757546541,0.0205737817588416,0.00928528402997998,0.0149072478980184,0.0180429877906326,0.0139783763527923,0.0176313096354569,0.0246076563229997,0.0155973605252294,0.0189119325174694,0.0118595996211801,0.0221374763151524,0.0170533912135087,0.00649029306579786,0.0106850955989893,0.0223514393336855,0.0182671847800422,0.0240528652569837,0.0103771406904031,0.0243383365226882,0.0132423624504607,0.019066220077327,0.0166229176542926,0.0161673972203238,0.0248422873246628,0.0163376370241147,0.0146261771500737,0.0157926775884247,0.0186354334615226,0.0148130802204668,0.025111779429792,0.0163305779909617,0.0273830699372055,0.022276417741148,0.0232129577177919,0.0189920400342349,0.017404086361828,0.0157693923000838,0.0202903358130719,0.0230086576837977,0.0195541028841094,0.0150399332504617,0.0173309056795685,0.0209814907662475,0.0245301362600303,0.0186078989272112,0.0202839846397805,0.0216994737967575,0.0190360138861944,0.0175933750993137,0.020498724820728,0.0243392700287594,0.0235191015760219,0.0229981109342983,0.0208171018319913,0.0229764191958135,0.0195483651239732,0.024225817826972,0.0185121768659072,0.0164277511013524,0.0213979610400171,0.0141984513929846,0.0115845410361809,0.0201360742732011,0.0128301139217308,0.0218763894279607,0.0178572930376426,0.0199915241981137,0.0127819336123603,0.0182958673078147,0.0170497588778997,0.0226391612627051,0.0234198950551309,0.0201224177832545,0.014104665182439,0.0202908161788284,0.0183555095839429,0.018704272959574,0.0176330107653009,0.0291942449892376,0.0243588950757556,0.0238672478932648,0.0219317369811859,0.0182732141257153,0.0189355261424956,0.0246621331030452,0.0156731211648949,0.0214283203136894,0.0265281446677898,0.0208684373671097,0.0285646684310083,0.011022063871923,0.0144076478538433,0.0181205556223454,0.0239057062447138,0.0197448965101187,0.0196655347554109,0.0271517833999607,0.0224400866932705,0.0221070089715187,0.0209124708385065,0.0232703080533589,0.0253011704847305,0.0220688714963046,0.00844682748387992,0.0156514329683172,0.0206583062827597,0.0166851941632731,0.019438343241919,0.0224110269908112
1418.02298487361,0.0089048109029625,0.00917840627547382,0.00832502647016083,0,0.013525679477182,0.00686018308505302,0.0140195247141281,0,0.0120572434459013,0.0146353177668592,0.00892818873218726,0.00829909519100513,0.00979417452852117,0.0100144593876973,0.00138561030171894,0.006903825538839,0.013938028041463,0.00997281852881826,0.00360998173312732,0.0110544360609357,0.0119282514591135,0.0143492187969632,0.0163830732964769,0.0170631746650687,0.00592771434063095,0.00538403061334323,0.0145523538143877,0.00571581639627295,0.0132635031262136,0,0.00590446602703043,0.0123327712799194,0.0118349604330278,0.0222507648124864,0.00859391339403924,0.00300373750436955,0.020411799520969,0.0110809994660895,0.0106409492221042,0.00504881536436822,0.00784083583046557,0.00158816988392245,0.0102097429465754,0.0125260948933295,0.00831228866833215,0.0133210705943524,0.00342664366386545,0.00954266282217182,0.00930918205739203,0.0015272062733187,0.00986499140760498,0.0057762200035971,0,0.0188339786118465,0.0196678418960059,0.0192190613628777,0.00535965006546573,0.0124796102803577,0.00384656008122557,0.00379841783363747,0.00977415483792039,0.00640094004431842,0.00838439968131168,0.0161722635163203,0.00752938769662373,0.00561942826694457,0.00474860146029165,0.0124634855438865,0.00403514096260796,0.00840574915813345,0.00151787653727223,0.010095961623972,0.00427320608603702,0.00877816592901913,0.00579122038655033,0,0.00903281365403369,0.0112778326515244,0.00912091110151497,0.011706029496894,0.00554850095494172,0.00958206052472089,0.00326244968368921,0.0185364546009215,0.00460663934224024,0,0.0204470118629742,0.00767920703948841,0.0164702918106818,0,0.0028322620879656,0.0111866493221277,0.00974071448878619,0.00875237909587295,0.016108496514147,0.0177972571319642,0.00976489511660035,0.0131348239324998,0.00871541882868671,0.0150324094676389,0.00856977909890818,0.00410337823888054,0,0.0119510763383311,0.0150716282751892,0.0321591496615313,0.0126485510694456,0.00660902084663037,0.0132266161844932,0.00935697599623506,0.00788227954725348,0.0133925795596292,0.00782113373987448,0.00385824889358847,0.00768876958472904
1420.8288970183,0.0297224773984198,0.0229259071277741,0.0254798635249493,0.0139096860810972,0.0128014457017913,0.0152295665051653,0.0233981779338509,0.0153896925816447,0.0286823833020779,0.023138494018406,0.0227839291230236,0.021569605848118,0.0220755360383843,0.0238839039381272,0.0201838664624025,0.0167958464822428,0.0249780469265965,0.0145646601909218,0.0252048636461109,0.0293358171610768,0.0192973526248228,0.0211095880664932,0.0225990507139082,0.0190004817799073,0.0169999442644718,0.0183449363697657,0.0213754769556309,0.022690813789876,0.0266188234677074,0.0196488838352489,0.0122293350284906,0.0279543509448956,0.0181125310121176,0.0258821302449419,0.0193243920210412,0.0268581562872101,0.014859716083799,0.0259272440936509,0.021903137696341,0.0173790196982996,0.0175233306734221,0.0245968870657848,0.0304169916133917,0.0264345404587749,0.022629284195863,0.0185987657359288,0.0233404608807915,0.023971516803499,0.0194794931707053,0.0236009946026849,0.0230461713119342,0.0241279452759383,0.0240387379370988,0.0153851725448736,0.0288703650318776,0.0292700846717364,0.0239428780611193,0.0215010399023391,0.0236749577128606,0.0166282714906998,0.0269248015237956,0.0267280211408264,0.0206329800051109,0.0187267388766877,0.0177107045985201,0.0158338697599696,0.0258964650969258,0.0182250260121155,0.0224806759731111,0.022003575514464,0.0313573181259389,0.0256997477817866,0.0180789190348008,0.0271596539166972,0.0303896356370573,0.0280501194125181,0.0185054428892487,0.00620592442759343,0.021925065804364,0.015958417151999,0.0231666621737884,0.0244657403674232,0.0189379842277163,0.025873012541982,0.0191502709964226,0.0297114581674562,0.0283528026139385,0.0241940928650746,0.0233495007606988,0.0164341081868182,0.0140543600788253,0.0201928557434071,0.0178042056057127,0.0208686717794306,0.00764504538697749,0.0225848282620511,0.0233782355413144,0.0227781514484574,0.0188587921958233,0.0208496601025708,0.0249446637557458,0.0270618355712855,0.0225470051513728,0.019939890530281,0.0270529180296043,0.021164952291222,0.0331268334480489,0.0206123130842765,0.0238906149008705,0.0152110045072711,0.0190902990443745,0.0208838896820162,0.0163483398362302,0.026849088339654,0.0296394330378012
1423.63287299533,0.0263537313540359,0.014784455096509,0.0117931289220043,0.00738369487934277,0.0212254489249283,0.01294640698526,0.014222440368348,0.0125546364266954,0.0274870883809096,0.0213855281408898,0.0274805007093275,0.0241007383455621,0.0170425554676826,0.0188733273601502,0.0216570531175969,0.02087695520674,0.0216159432143052,0.0149339343371234,0.0114892073075984,0.0199771091483519,0.0256051258284705,0.0166903564495185,0.0181622575153455,0.018836007511655,0.0146941586322838,0.0209210260726617,0.0233628548374904,0.0123516489796945,0.0188740461461236,0.0044217194547976,0.0137101443104397,0.0172699779000451,0.0244060770443707,0.0120758315607816,0.0218776053458016,0.0186721586211947,0.0275495412609443,0.0118038984715892,0.0179271235056637,0.0117648147656629,0.0261263207761398,0.0158198872338868,0.0307904296065361,0.0149117839493308,0.0122604433212074,0.0178716099924386,0.0144759229065638,0.0221717372296394,0.0154786599309726,0.0185456268793902,0.0266248316187611,0.0186569227947344,0.0163279390028416,0.0201105389523817,0.022771895698842,0.00862550803362732,0.0184043416311539,0.0153690348443276,0.0180842180528594,0.0186260487315617,0.0256723732966688,0.0244049995086433,0.0237196593962175,0.0272598794103917,0.00993389958040893,0.0165246516591891,0.0306775521719611,0.0207580783607182,0.0173738665644779,0.0154924914090825,0.0115763702194945,0.0239435387942807,0.0222432314096142,0.0177320153487476,0.0206049163689388,0.0168147348351528,0.017266933581298,0.0179717951203993,0.0201467336213018,0.0246503586338857,0.019776455803268,0.0173355322473808,0.0226256603060891,0.0145085989801356,0.016325990488348,0.00815357293646374,0.0233481460929446,0.0089296065857835,0.0123703102620558,0.0259924359060473,0.0285418754722817,0.0189732379742876,0.0269801185856909,0.0212639181174954,0.0284287260574503,0.0253174624095889,0.025454256141715,0.0231716547012663,0.0225075377080728,0.0136388271804802,0.0231634224927355,0.0258338442448615,0.0208064368408574,0.0192567500774422,0.0303656794542467,0.0310243190332211,0.019762908297464,0.0155686904084783,0.0248250874914276,0.0134157078784618,0.0221878211498743,0.0191096948797717,0.0183759013811592,0.0234182463094879,0.0144097585630921
1426.43491464886,0.0224632374218403,0.0168101375330272,0.0143635194128164,0.0199589816939021,0.0189219824960475,0.0176141838767932,0.0289385430853099,0.0269360390118027,0.0257680780242051,0.0196491439713439,0.00952514297183876,0.00943930042082408,0.016358467878604,0.0122595040443733,0.0280239212960098,0.0217958686117643,0.0182697475334807,0.011080787928676,0.0179009929789918,0.018769539443667,0.0152300261267875,0.0202841299131935,0.0100076885591669,0.0260983875218588,0.0182979594673334,0.0246087364982479,0.02267101924826,0.0181053529260457,0.0225158046158965,0.0134420878929454,0.0184478842839592,0.0266066479598044,0.0172690874927751,0.0184668691792166,0.0239010683444074,0.0233243375197282,0.0225654664958665,0.0239982418251973,0.0145122581840487,0.0219503030271811,0.0226932751233849,0.0194562520804073,0.0236692555873278,0.0212720209517662,0.0282202898490855,0.0220870796500826,0.0268162075293206,0.0290520685464341,0.0251357623185198,0.0319650541238578,0.0152575985145319,0.023796519660784,0.0156486251724594,0.0226771297640713,0.0221606162366615,0.0181699231004524,0.0198547574075735,0.0211718166509831,0.0287445776312215,0.0179280483978824,0.0168517108913538,0.0215581226233413,0.0306018188067568,0.0276781118955584,0.0343092877146971,0.00981233558803158,0.0223686106014205,0.0184405418972871,0.02872640939781,0.0264742877776588,0.0174481408144668,0.0260046149340238,0.0226679483987379,0.0295987415173206,0.0108366530335097,0.0279441995337956,0.0187262641755264,0.0161878791434546,0.0183844244430692,0.017324531338957,0.0174803329557157,0.0225792779722771,0.0219645479390791,0.0245511748824967,0.0265566456114945,0.0263614076916728,0.0253610712810602,0.024954041157203,0.020906469515577,0.016692971234748,0.0165082504044802,0.019387269372402,0.0241117822767957,0.0110052695023684,0.0152159972156902,0.0316926799458455,0.0214947642082556,0.0235809903871656,0.0191192337576405,0.016227285197687,0.0197465436190517,0.029572906203132,0.0255444474224743,0.0251057586621817,0.0271814639915207,0.0337971310285975,0.0191822355828277,0.0219791424385459,0.0263168909821644,0.0253251804002486,0.0150079644593255,0.0304549182787816,0.0225916235600704,0.0211051755415742,0.0186028652546651
1429.23502382069,0.011059351564261,0.0183177853250601,0.0137021265470679,0.0102841563926707,0.00642837976648589,0.0041616327449063,0.0065303802793815,0.00693544428374082,0.00839100344610028,0.00711625280886589,0.0137144492520239,0.0168432517462994,0.00485925803410634,0.00296279302004611,0.0083953394788552,0.0041910209302948,0.00906565108634603,0.00777390679402153,0.00965586033430798,0.00564856397945792,0.00702596156709841,0.0015029906076261,0.0072041365233431,0.00426187367963655,0.00745251079815499,0.0146272779137218,0.00797910060951379,0.0131576990064893,0.0164280295557725,0.00793973490126576,0.00268022978602354,0.0112169810595869,0.0112240951069722,0.00796597072967157,0.0101001970081916,0.0178413412974934,0.00687640585447267,0,0.0132930900468146,4.09850199880627e-05,0.00722434165103684,0.0107115996601776,0.00690769334296798,0.00653274827210733,0.0109026921469072,0.0170137943353205,0.0152680747156152,0.0148306374382237,0.0135283648080985,0.00576885879829024,0.0060438741811602,0.012530041967004,0.0193026947474324,0.0160150802078013,0,0.0018682364465201,0.0046931447158194,0.00206974615933922,0.0069508769059232,0.0123647769354351,0.00804724749349621,0.0122512617090105,0.0061870952464294,0.0118505901109884,0.00477824642100495,0,0.0178989029745695,0.00207983645259251,0.00446862517664494,0.0115218543774243,0.0124272078227607,0.0107059869398327,0.00969594814080976,0.00929189205306929,0.0134472918788532,0.00556917412816226,0.00786568605673408,0.00139696177071103,0.0139348821193679,0.00393336771106768,0.0103485490976557,0.0106451932424917,0.00931586775663793,0.0105453622108627,0.0101842219996849,0.00896997781355068,0.00584637382657135,0.0144116271492367,0.00833464133327605,0.00902756535553889,0.0147808248119409,0.00903671247357775,0.0070065410480774,0.0108994962228618,0.00999230891258927,0.0142596451993539,0.007648743717593,0.012560666325544,0,0.0074184692687199,0.00918739490966206,0.0184768914119766,0.0119867581506163,0.0108801346692117,0.0023006196958348,0.0200122577776215,0.00030142482728329,0.0169681810525424,0.0110411766002228,0.0148021201646146,0.00946951362183139,0.0123340300727053,0.0132492730317909,0.0105466583216594,0
1432.03320235022,0.00827711823550523,0.0091564953168471,0.0081850092175859,0.00592705270233604,0.0132899749777912,0.0120630383816415,0.0106672254534546,0.00737652515298003,0.010489670954249,0.0162267137687385,0.0125230382996176,0.0113571538446341,0.0177475891591263,0.00556049341868511,0.0158793386464989,0.0114991237509383,0.0185676026389692,0.00819246352522749,0.0133858615167938,0,0.0236175900488856,0.0200569589724538,0.00601760105130979,0.00943884374644739,0.010017617365296,0.0139693750661337,0.0100157224311894,0.014121345093531,0.00927393136024531,0.012146302406639,0.0112319918618484,0.0111106747207179,0.00896057508899834,0.0105720777009134,0.0137958083403052,0.00489464982315428,0.0105018066747125,0.0108618517659893,0.0137249670135127,0.0124364018601215,0.0125896943842545,0.0149196114359466,0.014840645453362,0.0172567130923432,0.0161551162367839,0.00648346761639648,0.00645307083469848,0.00549917302364696,0.00521155696757232,0.0116203100829895,0.0112738911508117,0.0102852450699377,0.0116404666863761,0.017527654085179,0.0100475376141813,0.00659622470158882,0.0238766182540557,0.0192820178374587,0.00465558394866813,0.0187510970718572,0.0106355571295063,0.0164520196612256,0.0120224976891578,0.0117593534478188,0.0144804755786305,0.00227440202076097,0.0161763750427808,0.00844701343666088,0.0207870357103569,0.00294097727582892,0.0183319665815374,0.0138860280137684,0.0230294668280843,0.0173724045838815,0.0155371883282471,0.00875183816609263,0.0104303040912843,0.0132117417778898,0.0132864136932848,0.0126751464703731,0.0118582639700564,0.0126972726375686,0.0125072789752147,0.00511232963648534,0.00686703094131703,0.0153423956855136,0.0148932015241282,0.00961841879164076,0.0076954025017438,0.0164777467217508,0.0119866395556663,0.007327883806664,0.0145867859470399,0.0225472532047395,0.0138207298621032,0.0284384170552546,0.0130751462448046,0.0168173066826343,0.013477377011692,0.00623521492754908,0.0162666341514307,0.0139984173337673,0.0140636946878305,0.00970293264862541,0.0100083003846883,0.0294491966310749,0.0103009991710167,0.0136077427483685,0.0185207249157268,0.0141513645832341,0.00936490704337988,0.0171603137436555,0.0153260145731348,0.00991878305084377,0.00493568584287289
1434.82945207449,0.0270246019292472,0.011765571537933,0.0254218083592478,0.0206716585570874,0.0233913599637708,0.0141134001817002,0.0211873324476816,0.0148222960731292,0.0126055894013558,0.0231915541947188,0.0156659479497279,0.0187945096056335,0.0230705540472224,0.0184330701593915,0.0315089673085537,0.023591184642868,0.0190079674535429,0.014455955748106,0.0155034512743616,0.0185028800623263,0.0246041382248082,0.0237000389562313,0.0149834248835336,0.0188669302467021,0.0227788497446156,0.0188030829250932,0.0174600150970113,0.0172452255927548,0.0237941958388465,0.0201386791279941,0.0230411280352938,0.012073954786125,0.0169330659513583,0.0251944730520795,0.0147771547488214,0.0325684579116338,0.0152158095687947,0.0252522610163599,0.0261592398371193,0.0204944320326395,0.0179717963424011,0.0207611921463016,0.020107746312375,0.0214999471446661,0.0133690791240424,0.020054032698381,0.0155835678003869,0.0259664164851751,0.0225577630296023,0.0234602378996317,0.0186577056222261,0.0154730463206139,0.0207238408862788,0.0141626667096891,0.0155046926026823,0.0134960222104624,0.0178661225013115,0.0197161493067653,0.0196941615389668,0.0132211077664834,0.0229915814192321,0.0158120628220764,0.0205740517483296,0.0198156212173661,0.00949322444763335,0.0215929484831602,0.00900966716101607,0.0207790127018143,0.0162942066955119,0.0134422133422527,0.0226170702526187,0.0214267943363015,0.0165283784434452,0.0134665659988614,0.0203314368057842,0.0215296302794123,0.0237384974076394,0.0239578447892972,0.0240086869219239,0.0230925489409479,0.0176969752836083,0.0222879669243653,0.0189892645939683,0.0173433256114628,0.0252974200598089,0.0289604276770354,0.0142617059563518,0.0262112877803847,0.0157390191608685,0.0207089791247619,0.0222068252207705,0.0110265696121577,0.0134124242497368,0.0187400218151295,0.0245755670955322,0.0400448914639804,0.0168678048838704,0.0183650568087215,0.0204477836192666,0.02789582089014,0.0211600009780717,0.026588834528268,0.0215424862687395,0.017773308124323,0.0280478031902784,0.0460069069264876,0.0230931372559953,0.0320503176194046,0.0168127261251923,0.0189927640327716,0.0184865837843229,0.0165434656601039,0.0174194442884335,0.0346437088642741,0.02211562352074
1437.62377482814,0.0210485702368934,0.0213367681860927,0.0204795713059877,0.0216489500455479,0.0259889766042792,0.0215149859235887,0.0158066499978045,0.0163732575893817,0.00717165933374678,0.00908775653778889,0.0155872972693471,0.0165687800134548,0.0192035659855902,0.0291630972543642,0.0135567485862213,0.0213976365608725,0.0210668050360436,0.0302733952742765,0.0176393103515437,0.0195331771860681,0.0169885760699255,0.0246942240123064,0.0207655142264131,0.0182535357227174,0.0173409307072705,0.0203694768349416,0.0292339351580276,0.00591697618011758,0.0204637464049788,0.0173781081009261,0.0219060983771503,0.016212732702309,0.0222329246739451,0.00983498941105452,0.0185067897172443,0.0201885485392421,0.0204825010839109,0.0171150208392361,0.0249904502911426,0.0165956179071757,0.0157011206506004,0.0244634059759522,0.0329022728818601,0.0165554645553117,0.0191915223210594,0.0215994538935026,0.0231011382894804,0.0220833920403332,0.0153659205325215,0.0179439825352252,0.0143023168854229,0.0190879777467421,0.0249669960573975,0.00809565777643131,0.022073197492656,0.0166409708531615,0.0177723741747432,0.0234174607563508,0.0233847450145809,0.0218106452340196,0.0131531125847243,0.0157281449424012,0.0183447852871022,0.0278885479781659,0.0203184801520361,0.0133651696219311,0.0116897384017764,0.0228535196700346,0.021135972647703,0.0191936806330059,0.0225553834770485,0.0110652900793509,0.0298949203626248,0.0183070450984292,0.0272926926781142,0.0204907237683457,0.0199000359143968,0.0130151808687227,0.0196085162825592,0.0191514889248759,0.0203176964699457,0.0281339567759916,0.0173035821689122,0.0285215181482869,0.0160386511317888,0.0250466543958557,0.0201097735635566,0.0183226256042603,0.0248825875700927,0.00877927878683474,0.0205290139517103,0.0255235212220861,0.0210260222409801,0.0101480119239376,0.0178098286959302,0.0252538458999516,0.0223278627734172,0.0210192710403909,0.0182114577719556,0.0191369006297407,0.021114252391978,0.0122432294214739,0.0268832339361823,0.0171724566930497,0.0309053298214578,0.0436395546821396,0.0259115345613333,0.0227321759783637,0.0270321572561533,0.0243986324659392,0.0281665884545374,0.0279546770643858,0.0173577949921017,0.0263382494452792,0.0242180615457547
1440.41617244346,0.017240667737694,0.0186366647512919,0.00797523679436175,0.0194620281666698,0.0189342307126012,0.0203986505838568,0.0141566371350299,0.010417105124698,0.0168897771453816,0.0117617994480899,0.0160652458522246,0.0143601209341206,0.0245603974807213,0.0123756749079528,0.0178403014117909,0.0165723392307617,0.0204722934464591,0.0153772652911448,0.00946694186133602,0.0238347615515816,0.0239342425357789,0.015042799754612,0.0206967675079537,0.0150098522461825,0.0124557007819723,0.0110045164717911,0.00867909466863719,0.0112182149673729,0.0155259728415198,0.0205575441810679,0.0116074440772198,0.0193156225224287,0.021633098122754,0.00921925146953896,0.0146062934988972,0.0174419227175366,0.0155808463329151,0.0154357643545403,0.0222043494018224,0.013258026065355,0.00851698335934065,0.015785179284526,0.0162072037229382,0.00837909116951291,0.0116058584617792,0.0187830079807066,0.0273760478513095,0.0187588435983363,0.00928244815844192,0.0140732759742375,0.0233224014863399,0.00735689384621669,0.017354636568938,0.015642195114174,0.0226415031144691,0.0106432123813376,0.0203771812975508,0.0271355273350582,0.0130216272654244,0.00817837380444006,0.0239173443647864,0.0151210868755772,0.0226111575313552,0.0164638995107368,0.0115524667535521,0.00780699607424729,0.0111103254731702,0.0162929252171591,0.0172250672463153,0.0148995160366854,0.0236016150849387,0.0278709469911318,0.0191350233542297,0.0166173929271902,0.0262087675004728,0.0247905210283183,0.0117875455942444,0.0194538158900192,0.0254980168935015,0.019097966258594,0.0164860859675942,0.0146534591536151,0.0167262154027984,0.0129780493165092,0.0116866226643628,0.031476006452944,0.0275902251135778,0.0177472623601638,0.0112938082651688,0.017358155907384,0.0139938438085305,0.0195533913865001,0.01659610085571,0.0197120061677628,0.0254112342597513,0.0255008625257443,0.012950480979313,0.0106093061566139,0.0116516637404649,0.0190909928614233,0.0298964873901007,0.0177171292557981,0.0279317814739551,0.0176744966306481,0.0196667324663364,0.0408162521828798,0.0115405189294231,0.0205115742493844,0.02210886071616,0.00901516995297128,0.00589968431032822,0.0202737923007849,0.0167701499620186,0.0163973630247071,0.018790206643568
1443.20664675037,0.00914708024549746,0.0154192518820642,0.0160598079082162,0.0146411848270572,0.0145825313595037,0.014498582058645,0.0210126226082444,0.0109286134350736,0.00716695409416808,0.0068840478429077,0.0138616424437294,0.0116309014712422,0.00989602414940025,0.0199008316238603,0.0134704944707461,0.0175908668804789,0.0204285517791315,0.0216918048048897,0.0274015434558626,0.0200197131730273,0.0115045095427718,0.00754088587353127,0.0121100840145967,0.0191938757964594,0.0108021190283888,0.00932138812558271,0.0161744035792622,0.00903415409763992,0.0133125534546434,0.0151382303952047,0.0261688546716474,0.0176976794258541,0.0253531890560854,0.00971158994925955,0.00908446047838022,0.0195203159678755,0.00265522806297555,0.0132366477016536,0.0107186840557032,0.0137473475017705,0.0134023783401042,0.0141310690381409,0.0129411365581617,0.0213351231550267,0.0244428202548795,0.0192679728702566,0.0137395101597049,0.0192418654223558,0.00758148482220203,0.0216205080118877,0.0152600543501543,0.023189030865261,0.0210918212802227,0.023206248132785,0.0243214527659678,0.012205704500088,0.00529789832722457,0.0135341231404196,0.0221574949324918,0.0243958185435275,0.0227803338986194,0.0220859480638008,0.0225756201714871,0.0196919801931532,0.0202332811864201,0.0218818275671517,0.0242006893865246,0.010290103150141,0.0166199130193866,0.0143294809248912,0.0241195424938939,0.0153715513325868,0.0175127486506899,0.013308090407338,0.0133173688161445,0.017934369800596,0.0187098917451281,0.013428819903064,0.018968763865829,0.0129798463416186,0.0196793044132395,0.0345027824516967,0.0161660349572393,0.0236553813337745,0.0149577950489957,0.0286330608769376,0.0189296841147812,0.0218792157644044,0.0128880772592059,0.00869788094577839,0.0166824454848193,0.0216865220392097,0.0258882372667575,0.0100869256575434,0.0234642517470528,0.0205863112943362,0.0211956094810149,0.0203821486449424,0.0186733086759935,0.0185186509583957,0.0199729502468469,0.0188078988372113,0.02522684482156,0.0241665601892375,0.0220175088344838,0.0380107047634209,0.0116188436281911,0.0134061826760257,0.0144953185983339,0.0193831775597411,0.015613263332668,0.0158857351966664,0.0200004857143035,0.0119814156981575,0.0106838876420936
1445.99519957643,0.0419456719754713,0.0469462138420829,0.0506884247771912,0.0448270668574097,0.0451651437906424,0.0294197759609264,0.0400887850612684,0.0394073555933706,0.037460297462529,0.0387889232041219,0.042439041293815,0.0358079612066168,0.0309930470190585,0.0441801933787779,0.0378397620249083,0.0355773661595505,0.0401595743500654,0.0460381367084715,0.0377457709689501,0.0406255260313944,0.0357221310172683,0.0400404260139153,0.0430160894961206,0.0398048833804722,0.0439903332016868,0.0388602597193152,0.0414771869575547,0.0347335135918662,0.0425200332130241,0.031275067198149,0.0412879490679989,0.0382075652712005,0.0419992030273785,0.0413109504288478,0.0429094766021458,0.0456574959487643,0.0428165166288537,0.0341356215055003,0.0433792163023792,0.0409225412272099,0.0435054678555284,0.0399836562642777,0.049391769238178,0.0402637883968135,0.0448147122407142,0.040022858181139,0.044127172284988,0.0365283959170781,0.0337267888248523,0.0465577553478453,0.0488941167106631,0.0438056349902165,0.0329408001851417,0.0476472357451865,0.0451659610259191,0.0434194130656077,0.0470927695896725,0.0340807419034077,0.0372632434678102,0.0390033378531584,0.0422463168191563,0.0420194848799228,0.0430730216984593,0.0408253319123347,0.0360122325553434,0.0402168747869494,0.0400389696036535,0.0464828500649259,0.0428891072221769,0.0365493449285315,0.0502912154932505,0.0419856860987821,0.0389776251312251,0.0400236628458389,0.0267805260998013,0.0440859205183109,0.0320855670779238,0.0388940003463729,0.0465194043557375,0.0411593146444053,0.0406791112273697,0.0506078336780094,0.0369030515993217,0.0370237426707279,0.0486693444466017,0.0536843273187973,0.0431401218629442,0.0489614843917472,0.0383318846528762,0.0448129695718788,0.0410512230596033,0.0486339318116874,0.0439687731789503,0.0319557209762228,0.0486397280774867,0.0571252009257299,0.0349597400864073,0.0465227342504566,0.0419893859412947,0.0483998354938866,0.0398034590253791,0.0435689154850223,0.0526987538457637,0.0377347909472679,0.0439291560493558,0.0636368367391255,0.0405783017742492,0.0444441272091636,0.0355932228946169,0.0379816182801909,0.045388835749232,0.033353637689297,0.0444242688515802,0.050544014026399,0.0403299457324871
1448.78183274682,0.025281148191255,0.0304065037970592,0.0252432005532641,0.0273167392600627,0.0225838250055823,0.0256882384604507,0.0262862964273781,0.0216804819799939,0.0310164280120868,0.0209706725017399,0.0343330547556086,0.021820274509022,0.0315275800432063,0.0290648642278423,0.0297116076827503,0.0186199840157906,0.030537888735286,0.024306044428036,0.0187594574662868,0.0270851303438789,0.0206335201293832,0.0304404769103192,0.0339309155783975,0.0260243804154142,0.0246911611594863,0.0300961153659084,0.022591535009228,0.0288329279029066,0.0186836886971249,0.025889972861185,0.0283418904378858,0.0203046526938161,0.0301555816411353,0.0276569017470383,0.0237668444879094,0.018919105592163,0.0293891122353568,0.0276766066013893,0.0139500626844985,0.0196762300925038,0.0221296555325828,0.0297397293013032,0.020945513327528,0.0272654291370862,0.0200963087001389,0.0230269609648742,0.0153133466448854,0.0153864696194419,0.0293323131741015,0.025908469778736,0.0232322410604376,0.0162326501354626,0.0269985552852742,0.0302297915470956,0.02882865836554,0.0213092131038182,0.0207832440494874,0.0340576088373605,0.0258688102032844,0.0303046654139111,0.0194741936741112,0.0155591124984449,0.0268757175892589,0.0272836885052565,0.0223961889260254,0.0304761294547748,0.0187599747204292,0.0161808168506892,0.0258755495058058,0.0201255714992143,0.0208437882631988,0.020832938897811,0.0234401374985089,0.017107715900896,0.0300489770238802,0.0228996754287531,0.034215053605947,0.0225933998866646,0.0275887212392846,0.0151717772547185,0.0191086032597657,0.02213335747555,0.023282379054881,0.018857939748453,0.0220965747015828,0.0353944620097298,0.0258960501312497,0.0234166557175071,0.0318357871535098,0.0183917383985953,0.0166953864079517,0.024927324155463,0.0182105840977487,0.0244991691499946,0.0270649579409227,0.0356726539381616,0.022883544483298,0.0209024144764224,0.0213749330154609,0.0130777230942498,0.0183506889108117,0.0298431730880392,0.0284843378667345,0.01819744081397,0.0202598384354376,0.0438189675087651,0.0251506988565125,0.0210336939470635,0.0350519563971884,0.0215552022233115,0.0247982121049623,0.0120749531917929,0.026513137921408,0.0219280667961323,0.0263280540238237
1451.56654808439,0.0183149560352805,0.0149527179276395,0.0301318537040666,0.0220170646411147,0.0252677784605133,0.0225077537513692,0.0193985116770915,0.020633950815223,0.0218881175539312,0.0210121805510909,0.00303673853296791,0.0239835967725719,0.0244976226193,0.0155869860769728,0.0140143722970078,0.0096257244248992,0.0166614447585532,0.0174270124092617,0.015553930408928,0.0146474669110798,0.0249548277028636,0.0283217117564129,0.0157947988151966,0.01120224120999,0.0241611958147072,0.0114961048507993,0.0188181718081925,0.0149115943313006,0.020312681665743,0.0210606816873099,0.0083930234682546,0.0197918869868741,0.0129507210610981,0.0156568053408436,0.0243067033573146,0.023719528110499,0.026700246179433,0.0223084696980977,0.0172266005536554,0.0174964820519043,0.0221369941175708,0.01735715782195,0.0139759054647458,0.0224056910875595,0.0211709026075403,0.0164486827579785,0.010965438655033,0.0142972931855796,0.0298664551258054,0.0345933462533774,0.0194960493479711,0.0241694500756426,0.0183754092389165,0.0106549264106553,0.0694029027900895,0.0240013179794805,0.0175556413992934,0.0140066298891057,0.013950505751479,0.0205387703174847,0.0151384148939011,0.0220351624212463,0.022573489812415,0.019722150861406,0.0153338997172908,0.0149239903858218,0.0297186156891591,0.0215856605104905,0.0138124964228226,0.0132519696704073,0.0143231180355417,0.0235899164115711,0.021869337271626,0.0209433810353436,0.0107605679902187,0.0224833523204114,0.0245621422032599,0.0236746877340481,0.0189482908962887,0.0146356509705063,0.0142668082440768,0.0140937488433379,0.0178638940442268,0.0285176885033219,0.0118396538495052,0.0377723301903356,0.028058456609925,0.0255134422740001,0.0177740225330018,0.0259610552931525,0.0156447450054959,0.0168712670323414,0.0171389059677015,0.0207946165079409,0.0257039670717583,0.0297766891549584,0.016326643289083,0.0154653347396467,0.0137997966176156,0.0120139678501289,0.0183920888665258,0.0128348740011948,0.023675563230204,0.0165965193880524,0.0123517421847778,0.0495916798589663,0.0302785804117208,0.015069886262087,0.0291138429395701,0.0182873477957231,0.0123512308222538,0.0131984891858693,0.0265378770115932,0.015361085063082,0.020429652051089
1454.34934740963,0.0172824299186549,0.0262297546255122,0.0155491630292321,0.0209759668031507,0.0140026246594242,0.0220122067087065,0.0109363568735713,0.0153059787454998,0.0171022472635122,0.0118805011381377,0.0170941983420857,0.0234758347395891,0.0147775171966485,0.0140047026088849,0.0075476368222581,0.0165404451847411,0.0134822686983569,0.0174536208371181,0.00856305544536051,0.0130738879324601,0.0158267823216972,0.0224886716215932,0.0184810726635109,0.0154543138758893,0.0236488858942496,0.0186441233677629,0.0177580329671518,0.0111898341867659,0.0122134636743065,0.0151719037330677,0.0116846426595631,0.0192968439502219,0.0178159414140962,0.00149278017556824,0.0133934926572314,0.00930351026834609,0.00365864088185874,0.0121269038248712,0.0134385665653687,0.0120688897537478,0.0123011000323927,0.0168503836245207,0.0198993964678867,0.0175633316341059,0.014745039615963,0.015909237489329,0.0191311280175575,0.017557765457901,0.0173224040485224,0.0139790600324602,0.0179146680165142,0.0199394034202313,0.00815080531027579,0.0139397640086136,0.0208255450374051,0.0137798420397582,0.0111270302298684,0.00914245304218194,0.0209905947206471,0.0140450814306552,0.0173209571375334,0.00964031024079368,0.0177491341738907,0.0181408618330344,0.0180935651738237,0.0274870968329096,0.0243120954471,0.00916340402296823,0.020402678493183,0.0132806788420545,0.0192747658637896,0.0144185344016164,0.0101222023660708,0.0106113499084525,0.0183646458831633,0.00771913599118385,0.0159994607821536,0.0209751356339856,0.0168134943042188,0.0141174700910801,0.0304665129504113,0.0130564534635279,0.0157370036228773,0.0130608163972015,0.0146391526631566,0.0210707386322251,0.01785058451459,0.0104266799779621,0.0248539983274035,0.0130562682630039,0.0119037759582475,0.0163800020943514,0.0188258556506368,0.0160406789751703,0.0163895540272288,0.0404733493515418,0.0180400127667836,0.0160408478993817,0.0187215532612463,0.0223814834093254,0.0151472931843232,0.0216975197102729,0.0097281284093801,0.0150132199492298,0.0164050732763231,0.0326516766655849,0.0193279239867692,0.0107577665528262,0.0118235609160122,0.00846686548741394,0.0129238408626168,0.0192533447663948,0.0140918269525998,0.0148704137930652,0.0194004277900441
1457.13023254068,0.0178810752407259,0.0252363611232605,0.0183079366963067,0.0125303357493694,0.0177965151880677,0.0103324524832005,0.0157561055140815,0.0185963698312386,0.0231451801048191,0.0124989477190626,0.0225339589380969,0.0219104706086804,0.0153652631515123,0.0135202693174491,0.0227756425684087,0.0160568669762498,0.0097865929697726,0.0137892634970511,0.0146357392734031,0.015314785651771,0.0191061175587956,0.0220046083933807,0.0185180957014795,0.0133714258378387,0.0210113263602959,0.0181463457413004,0.0102466328707642,0.0251702178759838,0.0171267212505593,0.0114546491345079,0.00797374767758647,0.015134578926182,0.0135551475742884,0.0146183317631745,0.0156081826930145,0.0269608525418343,0.0197669878502395,0.0212866262008145,0.012392510815875,0.0159115192763609,0.0134398049073536,0.00612008186467478,0.0199393091842269,0.0105727914758281,0.0115587338761649,0.0126509094262128,0.0197086919309393,0.0175871560227652,0.0157095844911136,0.0264995423554047,0.0222287040163707,0.0130780087914716,0.0173712030391778,0.0215936466051546,0.013295475482711,0.0127357482309886,0.0122253373969786,0.0145893663788043,0.0204718897048494,0.0216719490417349,0.0168124740296942,0.0210079245825266,0.0145623367358523,0.0122407108597773,0.0225051958894441,0.0215166937616476,0.0107320692509323,0.00432938087449575,0.0176929676393714,0.0117382330562515,0.0106078910712371,0.0112380526563938,0.015561129158342,0.0123002185872796,0.0249118095503282,0.0206423140038507,0.0122816273327247,0.0166654417221895,0.0179403945147937,0.0230167607826842,0.0159561105826974,0.0147231526675892,0.0136280282292401,0.018477764284172,0.0174569198705439,0.0348449939495497,0.0146618713698356,0.0182907887900612,0.0173271926881446,0.0238964648410736,0.0157625750865944,0.0132115324159861,0.0134039672497629,0.0235750822165097,0.0283521410636925,0.0237376292367358,0.0241726360967455,0.0122735224162219,0.014437611347071,0.0137441116976907,0.0174272978579426,0.0162766396985487,0.0157251887463072,0.025936653822655,0.0117916810722887,0.0218864523816402,0.0272678620581912,0.00537419083189938,0.0270351392074939,0.0167330711852072,0.0178480853867834,0.0242339938340234,0.0141521531106448,0.0199054131559051,0.0221623738928674
1459.90920529334,0.0281784874076141,0.0429600956565689,0.0362428714191637,0.0380318523806171,0.0398727110059852,0.0360111628437836,0.0402248172153046,0.034267675205633,0.0400170661796177,0.0423314973293837,0.040944816218153,0.0413365625591557,0.028968893257989,0.0384290915003842,0.0298930946318016,0.0362499919372707,0.0386823011487178,0.022859054675509,0.0348591549961752,0.0370966933667446,0.0450278798390428,0.0471283784005473,0.0271084604457914,0.0425383335982918,0.0328573079592366,0.0450392278946898,0.0388727111243839,0.032737956402286,0.033428278570549,0.0336020845651984,0.0388448156078586,0.0452090254244322,0.0367433868481078,0.0293982776078194,0.0435144562821728,0.0435671286294225,0.0348210119329514,0.0379788806709613,0.0277085847567214,0.0382768952190765,0.0332229300797241,0.0299043453321704,0.0409198216670159,0.0398754358417934,0.0352398435877167,0.0384211016466659,0.0458392042663761,0.0338792978202274,0.0364871172021559,0.0341517671292423,0.0367131173599179,0.0300725053547696,0.0357834156712922,0.0325290305743861,0.0418893601346765,0.035416794536637,0.0331876595115796,0.0319728010953213,0.0313354872154824,0.0341985480655686,0.0276982157352617,0.0275361117946241,0.0308294419447249,0.0383402662867997,0.0302029661371191,0.0346501247971755,0.0386738267597373,0.0389879088180265,0.0330886834159083,0.0313976054992454,0.030322770595048,0.0373977658018106,0.0274559670083682,0.0320116545218155,0.0433019971368159,0.0383731509482213,0.0284266808315642,0.0367923671937172,0.04179362644696,0.0363575311757834,0.0521369376971825,0.031989377827101,0.028997514936884,0.0297950940099152,0.0360477172884439,0.0445098844827252,0.0341116136761505,0.0360753005271517,0.0374421755592702,0.0358330654000364,0.032637052616163,0.0327018384412198,0.0266388176779139,0.0396634503392452,0.0435222462945284,0.0360254620488226,0.0292229978952617,0.0341401648854755,0.0383853458994067,0.0350174899046953,0.035144456364054,0.0372770659645588,0.0298182516315107,0.0385069973615436,0.0316255664240398,0.0518663138086086,0.0435523427582701,0.0354113864348756,0.031436241221751,0.0321353726574043,0.0319999173220219,0.0352381947446771,0.0424653854844029,0.0409311681223101,0.0421925355052961
1462.68626748106,0.023434631959451,0.0227689327385229,0.020631472065023,0.0168981762398171,0.0141575672323898,0.0168995961221916,0.0222652288456366,0.0236210891905726,0.0147473081698438,0.0197383518021659,0.0172758556856034,0.0188341951392236,0.0144286830142865,0.0207045951220653,0.0175198784935971,0.0294456813214203,0.014730208959686,0.0118132067315044,0.0154261588867915,0.0171410969954126,0.0176384782165411,0.0248221401213502,0.015979477849175,0.0219629792974634,0.0131113813280592,0.021038673883082,0.0146855561890728,0.0146012448640137,0.0178029648519516,0.00730441651946163,0.0205892759430815,0.0237103630504745,0.0201475248219072,0.0163793980968427,0.0102602192728798,0.0169153569215855,0.0241621392926607,0.0171152684023756,0.0190717263962493,0.020929620175009,0.0119367332090194,0.0170538078182004,0.0136350714598871,0.021009001999006,0.0208122991361886,0.0220623177573689,0.0187451982566971,0.0122852093679107,0.0185406251119581,0.0146768774474957,0.0132763910860799,0.0168893605800884,0.0132002109295062,0.0130275315756891,0.00977886674304367,0.00800746797497901,0.0166204915524753,0.0212025437318057,0.0178643067589708,0.0131138977887684,0.0153072989592506,0.0135748417073624,0.0238996992317337,0.0135035666709091,0.0172212883155512,0.0202386392375884,0.0153004328566223,0.0163451165544275,0.015616350476492,0.0129436649157518,0.0195102749903987,0.0103612920458612,0.0200541494424437,0.0250072001685764,0.0230111712486941,0.0108953003982186,0.0177720223675427,0.0156968841518699,0.0164628593940137,0.0076959396505256,0.0193332051246988,0.0181094934524042,0.0192858807621977,0.0170657810539989,0.0133691282800559,0.020642204256008,0.00726024399557372,0.0194762748505801,0.0202015133713868,0.0116575903897765,0.0137854772093085,0.0220231612629947,0.0157709007219572,0.0120226084190588,0.0209776451464975,0.0312400659523756,0.021637754011011,0.0173273467466055,0.017860721620616,0.0160895586315892,0.0253460264397245,0.0252921106670795,0.0153844013142457,0.0119995041674563,0.0123934311001026,0.0250372982139699,0.0165606374967019,0.0224387533543858,0.0174473246077348,0.0212741505989746,0.00878843381454317,0.0145941478651025,0.0164989111631707,0.0157089859918863,0.0131847105670541
1465.46142091496,0.0359194546323681,0.0437343496826657,0.0364374076308077,0.0366038596228784,0.0389561404804106,0.0340799218934642,0.0388110234180582,0.0280431491180199,0.042467191982011,0.0458234349682538,0.0351832454771998,0.0361458189104426,0.0275272348431654,0.0251342823319002,0.0338867732920543,0.0396103676147622,0.0404576567602816,0.0230388790899648,0.0411241682975941,0.0248611464852402,0.035516308843363,0.0329221402236096,0.0390097214938133,0.0426955618965859,0.035173186284636,0.0271662926393751,0.0438872530165901,0.0425691566800335,0.0368482275535424,0.0364880044300931,0.0315154333168175,0.0364487043245267,0.040144712755161,0.0486498222973106,0.0349260522027615,0.0399681973485791,0.0360358306494481,0.0333067345089053,0.0382380984890132,0.0411543956691348,0.0317564371627609,0.0381791159738492,0.0400165303493893,0.0454745754627603,0.042381351269197,0.0423954822539771,0.0373063090818462,0.0329457464183234,0.0317154268366284,0.0359378299323344,0.0368806037432044,0.0397464605350285,0.0402827980044843,0.0305263671143037,0.0312983353814595,0.0328799950250749,0.0360093032867713,0.0380801830875291,0.0282226290546106,0.0348979883115443,0.0381472299665314,0.0309317241244713,0.038583693890527,0.0407233063151462,0.0380278869763274,0.0461353448396453,0.0394562235500709,0.0342766671318247,0.0283080139578384,0.0374054600564119,0.0343525465449224,0.0360144535542853,0.0421786673625589,0.0343888287978836,0.0296134192457577,0.0435628054837227,0.0355621963459203,0.0364027241183114,0.0446774886204947,0.0503775831606082,0.0377600697161166,0.0423963514437218,0.0483328668493087,0.0449972496519336,0.0341702542846378,0.0422206239297354,0.0321315554838347,0.048241196163834,0.0408942141560672,0.0381903069711376,0.0436939134445879,0.0248395317375223,0.0411024376678761,0.0324152606250517,0.0388430211973669,0.0456375957950257,0.0393785188434611,0.037049388977593,0.0342491663377312,0.0341382419710874,0.0375931829568025,0.041929013362293,0.0462084692203373,0.0381810729209528,0.0328086732986133,0.0470042276720476,0.0328827570833914,0.0318153943786168,0.035419293648295,0.0356180448082871,0.0343530401309914,0.0381918577141408,0.0394188280375289,0.0318140151629136,0.0337899477761128
1468.23466740383,0.0199175498134932,0.00701732821154425,0.0143664013188751,0.0133856736076614,0.0170380398854913,0.0134049122865885,0,0.00991002111681117,0.022100034619294,0.0119138526939027,0.013169975965856,0.00776483220112789,0.00923277614904992,0.0101464163171637,0.0166734485535183,0.0074161977050119,0.0176095582875377,0.0167983945973159,0.0114043446869646,0.00982411032193445,0,0.0202486216525777,0.00657977921083489,0.0163329703827801,0.00635591759478386,0.00320358737948104,0.0111113767214076,0.0148232097354695,0.00393358037496857,0.0113035193790722,0.0122172474243174,0.0123545914595115,0.0165930242248746,0.00675993342817003,0.000616639463713618,0.0208318097793098,0.00879544119416394,0.00174402785193537,0.0138390273111704,0.013502952733437,0.00776794434207969,0.00811660046579908,0.0138411712756262,0.0136499704161081,0.0151021658722021,0.006368437025863,0.0162255459762456,0.0124713999587703,0.0127144845353052,0.00944166674253667,0.00867082120072349,0.0170636882263305,0.0220530616039708,0.0159570787992831,0.00360184550849858,0.0108952444873893,0.00875029470972901,0.0100098095627768,0.012081783081541,0.0122229196426479,0.012790989221761,0.0180855348569619,0.0122549357961061,0.0110443519877074,0.00765348792374581,0.0222232005977092,0.000282947920154236,0.00247767241825959,0.000458477724966005,0.0110438136165671,0.0132131719435924,0.00901472333743948,0.00423169242457053,0.0225107867693018,0.0147346693821271,0.0129308489996349,0.00617151920407897,0.00883215891569171,0.0177609249714861,0.0112480244879025,0.0114612988534679,0.0124331501643472,0.0119218414891398,0.00930931923704822,0.012072503825883,0.0230399911346359,0.0133949997683346,0.0134342881893435,0.0188150942444955,0.0172868750393473,0.0113393416076288,0.00611218096584705,0.0105358574553695,0.0101460018329494,0.01367938451548,0.019654758017238,0.00817300170895748,0.00228637976706308,0.0170169186938533,0.0179644686030925,0.0113114852569177,0.00632861696985326,0.0140371446664524,0.0117101334449317,0.0168724462450867,0.0240016428930547,0.0175853169939625,0.0107096311200547,0.0214663791689316,0.00617752300639661,0.0138865185804979,0,0.00697337740297072,0.0154410558899594,0.0145217812472662
1471.00600875413,0.0114636743852946,0.00985437701266747,0.0172166702791731,0.0151026963074856,0.0177003160934478,0.0114187562749567,0.0194299551020729,0.0197454943856751,0.0174270889418865,0.0174915421002727,0.0122241303437321,0.00790478523813927,0.0158694846840401,0.0189327107530844,0.00381425839385017,0.00755302962935709,0.0145375234409012,0.0179942702614711,0.0159456778759328,0.0159555503160301,0.0158432134094578,0.0161235472884391,0.018444901829,0.0217501043726454,0.0102387043622108,0.0164861005266755,0.01339537838127,0.0138902293006362,0.0181429530171115,0.0205999430344886,0.0112999276232807,0.0167069149443671,0.0156501523604907,0.0145231017877953,0.0111178178462283,0.00385052861463518,0.0153451435825256,0.0104572931995932,0.0134298814015756,0.013082962447505,0.0166681366838214,0.0168813206247563,0.0225554866240882,0.0192019749568561,0.0130799951612419,0.0168862276862419,0.013635500594859,0.00555293633490668,0.0193784754299823,0.0106519775107522,0.0141434710877984,0.0166481577205018,0.00114343748142258,0.0122837549985816,0.0196886470436723,0.0018602105699638,0.0126200476874264,0.0144634739040511,0.0149001971640811,0.00963565652396478,0.0215824160696977,0.00795574649738071,0.0134789407808345,0.0171601421404682,0.0110676575391657,0.0221864212937489,0.0119157493888687,0.0144977988260754,0.0175720195878436,0.025479788201038,0.0122742937895114,0.0108127664878509,0.0086876932481579,0.0221087859937616,0.0208368817606999,0.0243534739914135,0.00308055004341461,0.0132957280561986,0.0130305927257603,0.0218987169859087,0.015369258134296,0.0243981322292331,0.00826771466673123,0.0174910853775535,0.0193299392237116,0.0193662024873663,0.0135273324131717,0.0114822197861098,0.0211284645350195,0.0120403250109442,0.0142056611915048,0.0127394974623065,0.0161690220601062,0.0119028809342133,0.0193597535347124,0.0232140043731854,0.0110964433384313,0.0236796007570548,0.0177081363993088,0.0208319217001537,0.0147851604488298,0.00100056517326753,0.0179682571210218,0.00860662641906557,0.0286411976600062,0.023275729442548,0.0239545359512844,0.0190339845388958,0.00320043563476785,0.0194635975313117,0.0156503155433066,0.0204719138137941,0.0114690792195535,0.0156102227001257,0.0130614838991514
1473.77544677,0.0180875918548303,0.0164498373300984,0.0227924916685723,0.0290315214109258,0.0264391131453221,0.0243875598998766,0.0243577421349995,0.0183132797097099,0.023043325618893,0.0344422335477552,0.0210118126873736,0.0268858156515698,0.0203586461406511,0.0315172152943335,0.0240309572573303,0.028367295075705,0.0259017368203068,0.0255669779073397,0.0161592508151103,0.0242755009112526,0.0246189664339552,0.0184145652249382,0.0287285611725801,0.0282441811344635,0.0216408454567328,0.0347148954942793,0.0259409835351838,0.0177989728282195,0.0258737930023142,0.0234531061740556,0.0158022712708486,0.0179193315546867,0.0270967823079167,0.0239413988383534,0.0216380211581503,0.0248203977167505,0.0192330709266697,0.0256302747256551,0.0250252044844145,0.0257438780075491,0.0299698038366532,0.0278206427612258,0.0355802246367872,0.0117781446752017,0.0239641307375411,0.0257807541350371,0.0333393763011899,0.0289767280955618,0.0331549255877647,0.0200244190648642,0.0281841660552576,0.0294943987103697,0.0234242415108773,0.0102611412187685,0.0215712117421937,0.0187062440195309,0.0175809094539153,0.020560911220874,0.0323486563779937,0.0173729604044563,0.032017567115727,0.0296841991793592,0.0336176991918473,0.0254627265495938,0.0264835122859394,0.0322425350621018,0.0290284396611518,0.028699547336819,0.0352524152364199,0.0150430450502596,0.0189905633740549,0.0267476349655128,0.0314036490108572,0.016269598094756,0.0253455680940048,0.034731509950899,0.0187804836242395,0.0210337762901464,0.0272425519911405,0.0259335366616841,0.0289990231003741,0.0310083551831034,0.021001502533307,0.0203437728820986,0.0244334838867053,0.0384262122435551,0.024988415487673,0.0152814570372413,0.0158773275217499,0.0300003759000657,0.0295468080215534,0.0274717029277643,0.0338812480633928,0.0264824753762748,0.0298427576114199,0.0387054181940957,0.022841345547003,0.0298302368179022,0.0281844390626645,0.0215440341784394,0.0298419806523107,0.0303455096677203,0.0273032082902952,0.0218117144464383,0.0214299798209983,0.0457737634861872,0.0275677819657654,0.0224751499674865,0.026641110455339,0.0229128546877483,0.0163490521731309,0.0222861979235161,0.0214133191923176,0.0251614416770535,0.0272528957987026
1476.54298325324,0.00967096988445447,0.0113101492018563,0.0121463193615867,0.00586853790912772,0.00565161072059626,0.0171048053934966,0.0123256053184984,0.00883844224344462,0.011923004048814,0.00978121028805349,0.0136267902714213,0.00985468865646333,0.0162014797155697,0.00848777143303527,0.0117517179349717,0.0137094308406127,0.010584667790135,0.0103755931354917,0.015306268475877,0.00983881629163649,0.0134823767126297,0.0127274743141735,0.0102249669873579,0.0056417807769295,0.00895248798538758,0.0168319517598617,0.0137070935838207,0.00886530092592942,0,0.0085551186760676,0.00898268379154615,0.0128333381034219,0.00844162861637592,0.0131976646962913,0.00814281730423567,0.0174924196503004,0.0102742476265026,0.00915256645537647,0.00722033567616687,0.0166533740946802,0.0049420533428422,0.00643797781842113,0.0180442856909886,0.0103285200769376,0.00533223368310932,0.0117048709870081,0.0101420600924664,0.0118075701193135,0.00875375529380366,9.88712681660521e-05,0.0128540753551096,0.0164016520771992,0,0.00499476256656359,0.0108908470566704,0.00970865682159897,0.0145144070268964,0.00771532761106509,0.0184278492959738,0.0142809816843461,0.0105090276760065,0.00555983929822789,0.0122042628322126,0.0202323337783382,0.0217653292673602,0.0142244067516249,0.00520262534941083,0.0110158943500165,0.0178730827310854,0.0120393692469211,0.0137257026717551,0.014465205072557,0,0.0175420019567525,0.0137486096031257,0.0153322256669439,0.0146540260173104,0.0141394041069944,0.020386611701064,0.01616487100297,0.0129978437250995,0.0102343425304089,0.0010159753706895,0.0157284435188208,0.0159747733952411,0.0327298216979171,0.0106155811329059,0.00815295979291986,0.00847829319663491,0.0102313142361335,0.0107873578221206,0.0104184858077281,0.0165274215407934,0.0213412336847829,0.00739491452443988,0.0143348373860471,0.0125985496274709,0.00275243139715362,0.00992361078881846,0.0157529088744517,0.0129785275795542,0.0212051858479815,0.0070348070852738,0.0111436550472253,0.0115244415023352,0.0247233915434095,0.0145486242243235,0.00850614037992228,0.0203229589590639,0.00940745901942145,0.00460599111875412,0.00774012928730736,0.0107432702928607,0.00664140232822857,0.0123528583389499
1479.30862000336,0.00987847195453017,0.013669022351775,0.00693280627235701,0.016653706729223,0.00690773956709597,0.00450680261715932,0.0178211339569793,0.0128205533348279,0.0132542348702519,0.0224452545675714,0.0111181421193961,0.0116649337309646,0.00285655573727202,0.0140919824342862,3.36365646456437e-05,0.0080755804426845,0.00810214846180856,0.0121580871308237,0.00360374230065164,0.0116904568580718,0.0045194258155847,0.0107911453783631,0.015745790737296,0.0105846427455973,0.00592682719227167,0.00444303357355721,0.0117351024770104,0.0122760702005558,0.0105301881750224,0.0125226126347563,0.0248648535562723,0.0125043507427943,0.0150850538989237,0.0177451690489097,0.0116003888081149,0.0160598416936965,0.0131275320907876,0.0173849833063947,0.0063234327488067,0.015201496491322,0.00951642460284745,0.0195708881568963,0.0198405163419806,0.00727328550472395,0.0167907211553507,0.0113322780738028,0.00271943544643341,0.00657026098872878,0.00237864657214957,0.00190830542813654,0.0173137052291493,0.00173819256371377,0.0248699930096984,0.00464247769978896,0.0100768955120601,0.0109672194746909,0.00771179773105482,0.00843255887076392,0.00939631605460814,0.0198866339732591,0.00364613817181636,0.0170716334384603,0.0124052976013472,0.0139366269240698,0.00562806838382765,0.0285637388324502,0.014162014126501,0.0149811052338655,0.00709003456529621,0.0132913006495172,0.0133890010891008,0.00763183702266578,0.000706394980734949,0.00901277069076893,0.0161456660276645,0.0204289883882868,0.0073282755688828,0.00509342763522177,0.0162528466815397,0.0108387206403452,0.0104923207579424,0.0152697090147311,0.0105139533246902,0.00952772268893188,0.0135114064136113,0.0120849724697429,0.0113419239361882,0.011988291880666,0.00868114136186393,0.0147476549144338,0.0158761283463147,0.0171031999564204,0.00851194513531167,0.00554885718252878,0.00781962831882973,0.0153632422256076,0.0194299989281178,0.0111201346348047,0.0101292582192447,0.00617622023555447,0.0198134309408464,0.0142844246495152,0.0142520747175863,0,0.0103245847427511,0.0145845789654669,0.0243067011037127,0.0196104193464081,0.0151062655857649,0.0101571724696141,0.0167189486359416,0.0128678830933209,0.00280716168477885,0.0101717880273049,0.015800199084512
1482.07235881752,0.0047266649832567,0.00803289712358269,0.0136484495980238,0.0110231236931917,0.0103317932676788,0.0031301612848559,0.00900990821729945,0.0125227441429711,0.0113621515818372,0.0124210475075914,0.0070094196721411,0.00596556433948704,0.0122770730176577,0.0116171653517868,0.00892779240218857,0.013055031377404,0.00617242016350535,0.00866142590627336,0.0152928367999477,0.0141041909118343,0.013351944761935,0.0190032097646243,0.00901659963888184,0.0155461524878266,0.0152428212625191,0.0210883033843313,0.0124778122096069,0.00659592984964018,0.00640648786649457,0.00681641025170662,0.0170040937248501,0.0174589564592829,0.00937657041101286,0.0103124270130316,0.01234622899684,0.0162486673529168,0.0192161263492823,0.0191951093110173,0.0136178413423263,0.00887047276204903,0.00917953539698639,0.0122403529454091,0.0103896646564301,0.0112753936425767,0.00625137464755958,0.0142631600395193,0.0121582333574143,0.0192213487916665,0.0113014162590079,0.0135090150426478,0.0121738545903257,0.00828306084223801,0.0072731229584471,0.0140990620672199,0.00709432626539879,0.0111672700822497,0.0148740669273152,0.00483461975466684,0.0139129192588298,0.014663297511582,0.0114290400881333,0.00917429576990889,0.00722671253271841,0.0157908716526947,0.0183778792533194,0.00899802245247626,0.00894211579183074,0.00166142293067062,0.0100287589776324,0.0177397825040699,0.0103442177343657,0.0149357299065524,0.0106022135430023,0.011414572588737,0.013724688368425,0.0133077121119535,0.0182575097516249,0.00420610951915881,0.00564983884625991,0.0188017058313103,0.0069274177945767,0.0203238251445853,0.0145747834473633,0.0151110264243962,0.010524381360135,0.0162391952646043,0.0169343493561855,0.000726375577931797,0.0110695529269173,0.0111942211097636,0.0079860722174886,0.0141042584485261,0.00764216021836151,0.0100486751675223,0.0194249359393393,0.014339792063738,0.0141770335827113,0.0107860434754448,0.0141521795468635,0,0.0079446306246561,0.00738312161812459,0.0155635449640558,0.0115844164119714,0.0200019606432166,0.0115689771266614,0.00577634601444232,0.0165727623407656,0.0191122628704378,0.00709341891665434,0.00988932229213257,0.0131009485983373,0.00520683953580655,0.0148228730052565,0.0138757217091273
1484.8342014906,0.00497229279689518,0.0034844352449685,0.00739071606059702,0.00753210807681129,0.0094776968895635,0.0049735143226325,0.0124208748886253,0.00149534136614113,0.0089494926454502,0.00511984526096751,0.00453906613087602,0.0153434126699996,0.011426970695077,0.010781569640825,0.010796561506336,0.00534050542488591,0.00479562722219266,0.00253494491129406,0.0210242732380024,0.00786125541798033,0.0125074554581551,0.0176382276036832,0.00764138146702641,0.00940987731931786,0.0047548570883318,0.00928648165113562,0.0116226020453098,0.0105810862209297,0.00771655201260795,0.00759098713157891,0.00970308223046261,0.00821896740519083,0.00583870937590935,0.00835342998173771,0.00764928482430735,0.00523662512545966,0.00656175782549743,0.0118992470831312,0.0111253072304169,0.0052800527367571,0.00283586511811064,0.00546796241061058,0.00739573557863562,0.00934077325333685,0.0123778650549484,0.0177608324134399,0.017813439916916,0.0102321223121064,0.0164239276972016,0.00829892951861962,0.00598429620416945,0.0100790507655163,0.00372620677205131,0.00290922076085374,0.0145255176287071,0.0151581578844911,0.0134730133910532,0.00233926947085946,0.0114133435152322,0.0100017336831061,0.00893808120837101,0.0050733949752441,0.00800623336247034,0.0127856279970237,0.00391330996820343,0.00482683678910711,0.0206708015946218,0.00836864690489125,0.00586147466874344,0.0116153426469098,0.0127733418777092,0.0119418757758228,0.0199805453937804,0.00892536681703114,0.0156231752666641,0.0109954376732364,0.00238819478827516,0,0.00479813723694048,0.00522098758853259,0.00985040661689945,0.00712837068843599,0.000103311622177009,0.0180396880604978,0.00918689650570578,0.0111234690932615,0.00800370923513246,0.0155440740701253,0.00697733080829367,0.0108955205585485,0.0158208803668807,0.0078905323180365,0.0188520182053379,0.00336414585803475,0.0119177838078233,0.0190337836926124,0.0160956151126452,0.00556551179886776,0.00897087980419864,0.0104510815443998,0.00710888653008023,0.0142530059419447,0.0147393794604393,0.00748957074960739,0.010699966711565,0.0260951502885906,0.0155741569926153,0.00483989491667626,0.00851923129318057,0.0106195497258349,0.0112050717604217,0.0155370829313927,0,0.0222471622244738,0.0060404954127579
1487.59414981516,0.0245990799222889,0.0117776257133544,0.0255137731522797,0.0236756833076896,0.00165967226987762,0.0185719582206518,0.00895344052877717,0.0216623633896708,0.015205209743785,0.0178429740098549,0.0269150245669765,0.0134474935216154,0.0116795154788565,0.0148247101858171,0.0153945998201812,0.0183041432021699,0.0125158453661683,0.0128529444154777,0.012645586741655,0.0168225167591267,0.0154530746389647,0.0109613349581299,0.0126871831089699,0.0186439942504246,0.0216101941499574,0.0117382107371456,0.0188733487459294,0.0210163621275277,0.0101289966499463,0.0196927868276583,0.0153832584990537,0.0147916911897855,0.0206075999709401,0.0156863530320851,0.0193593222620759,0.00920295086710034,0.0169771710703572,0.0217991868230389,0.0271755837325367,0.0147712720403056,0.0167815803996287,0.00949507652343895,0.0253438497990695,0.0204194640449403,0.0185235412613295,0.0152570453930537,0.0120790888767247,0.0110092187650881,0.0150180009623378,0.0117946070268219,0.0206535942547047,0.0177211429869678,0.0104518430913528,0.0156685772401105,0.0214295462389074,0.00893121935034618,0.0212096233225818,0.0150324505441064,0.0143446430744154,0.0124110111309348,0.0221766745895314,0.0117846668113565,0.00826539076178426,0.013594095687338,0.0205148082980914,0.0229416594751399,0.0231353978602141,0.00860624168231222,0.0165124632655485,0.00709894039484392,0.0190401513802991,0.0225425708783162,0.0138191202848637,0.0190042653559647,0.0159288690585046,0.0273266636256907,0.0176466331342093,0.00954362839385638,0.0169419672977987,0.0143290776185249,0.0235740765298156,0.0100711855146707,0.0140245063640701,0.012431373732461,0.0165615122829414,0.021515538079438,0.0200971812705611,0.0220407214726156,0.0153622433632798,0.0111554219624201,0.0171760683045584,0.0124777348232644,0.00870142684390251,0.0127040751237062,0.0134656805846892,0.0154608940590858,0.0202343944898636,0.0199850404812894,0.0114051283375051,0.0183243652888757,0.0244651603311847,0.0282934685596952,0.0225512065617637,0.0213330428120596,0.0204182571847771,0.0202780862765767,0.0203964906792707,0.0127341723818238,0.0179772954103853,0.0152603422143021,0.0141652661464344,0.00925702887182506,0.022009895727938,0.0170227901726917,0.0100841689931295
1490.35220558147,0.00337021717119134,0.0094049249136,0.000347439464070087,0.00855979721346475,0,0.0108527145488595,0,0,0.0074277057655545,0.0105816062084604,0.0012757527419986,0.0153357444722477,0.00436961904257067,0.00593021498882696,0.00700645840058265,0.0127472401600269,0.0122453560996998,0.00517612746317136,0.00863620850215441,0.0122468075728638,0.000103113074684318,0.0128338977980249,0.00334961534354156,0.0120163641281014,0.00366050967155429,0.00983060676144575,0.0072753970889468,0.00896398138695927,0.00714667230699891,0.00758242076909472,0.00272151148567924,0.00348502198301769,0.0122676921407594,0.00558514572000582,0.00104605453931934,0.0110512357455561,0.00596961819002269,0.00541684240389003,0.0143712084738764,0.00958715443427755,0.00828579474095244,0.0103075437877836,0.00200240227153221,0.00823609238041164,0.0182446258972703,0.00510984796084986,0.00636449793702093,0.00639103135002512,0.0119947714965945,0.00825202435569359,0.00915894297417991,0.00843058061562094,0.00208666950810026,0.00723796116624404,0.00483031039467609,0.00757301065495808,0.00858263494709408,0.0147427107777835,0.0113423925304558,0.0137551246215964,0.00997312273957985,0.00448384716823417,0.0117835246415962,0,0.0137149495790266,0.0172238237575393,0.0114211472169847,0.012648576232894,0.00909566915873624,0.00313151878774016,0.0067810876028773,0.00275468343923273,0.0184073049244333,0.0116438175200323,0.00819202090716281,0.00377160008661241,0.00020692669253436,0.0119702953306975,0.0107220250482207,0.00355247501156003,0.00389395466453916,0.00604818063076151,0.00341167860826175,0.00256439664867153,0.0152639782221871,0.0128301776660328,0.0106661856553277,0.0129193143981784,0.016725165760015,0.0114348154485502,0.000137102508094452,0.0111551475544663,0.010630770163828,0.00819243158944795,0.0123766607479596,0.00154949275292859,0.00183604225902624,0.0098973267453527,0.00463545160454177,0.00936854073540903,0.00109105375607394,0.0176009875038063,0.000760391556893187,0.00370211737047667,0.00898607827327919,0.00595702714507549,0.0108074219517361,0.00430832039439761,0.00850536978790325,0.00677998024553024,0.00305911806300761,0.00845615535151247,0.00817868091703796,0.00410697961775559,0.00875645893686123
1493.10837057749,0.0208846821901098,0.00865458799469061,0.0190512427608004,0.00989790259956404,0.0150906491685542,0.0148888569541752,0.0296663661373022,0.0152965819077873,0.0180481968235249,0.0249668523032654,0.0220717325941006,0.0140171958095407,0.0160347086286703,0.0191913764077212,0.0208568991603288,0.013036796341021,0.0216061632039434,0.0144739230083165,0.00899629488819663,0.0169104165166854,0.0203256024730007,0.0248554329798375,0.0169703026007473,0.0218181323302701,0.0194835699185748,0.0161549907469749,0.0199565790130714,0.0172950865139247,0.0193444982948971,0.0202615082444057,0.00844180821851456,0.0122028874512348,0.0195454951061321,0.0107759111051824,0.0177122396473535,0.0241383032230308,0.0164239605994153,0.0164291845637431,0.0184755399060662,0.0223832870172332,0.0167926862945021,0.0143736452061822,0.0258908359346331,0.00852489256468105,0.0228181261136429,0.0124982410295575,0.012078983019933,0.022369284330642,0.0188133584711804,0.0204732283853264,0.0169203828673255,0.0229976315918901,0.0137080204420693,0.016230677056159,0.0188862573032128,0.0240148868151828,0.0109938773875443,0.0150142315844969,0.0159359861568438,0.00806770959988035,0.0200002305835032,0.0241853181918088,0.00938274218861836,0.0141852232783263,0.0129263696235209,0.0221300754242614,0.0144715203176976,0.0269847811331764,0.015949338863712,0.0177196421793677,0.0223600746652163,0.0112227275001467,0.0138941972041629,0.0206709162131103,0.0192873418663342,0.0196118586177624,0.0144316157324164,0.0198430197100562,0.0104690624078019,0.0243114495437574,0.0246642358267765,0.0138652700176283,0.013552884476936,0.00769065032665708,0.0177894796139929,0.01758812724302,0.0131035347932928,0.0158048863115653,0.0186492924178494,0.0171263999577718,0.026443828622107,0.0233290866389313,0.0186099873233199,0.0154375122962097,0.0182171453771411,0.018217260980937,0.0203186454574761,0.00963941603718774,0.0179606921643466,0.0118460351406888,0.0157336665663124,0.0245305839932064,0.0209974581616808,0.0170417632837771,0.0122316846716756,0.0295414524298145,0.0156703879295162,0.00951866735588927,0.0255816981820485,0.0141980752377234,0.0212272747844052,0.00712893642168406,0.016629372250421,0.015445469165221,0.0171516348659446
1495.86264658887,0.0244352862722397,0.0143351509562515,0.00421047710359503,0.0144364463267686,0,0.0184115443051395,0.0204207213715541,0.0134884145626862,0.0184193902248664,0.0188272356267185,0.0148222745092207,0.012180886076616,0.0212208041114682,0.0184354081330489,0.0190118702168911,0.0117569590810415,0.0171025975084816,0.0179634611218419,0.0131824943722356,0.00803735521395144,0.00663111237406,0.0209030128310727,0.020475513569547,0.0305805383357901,0.0155032549852224,0.0077189416928069,0.012711165757715,0.0208231144425357,0.0174847865490063,0.0119595832459102,0.0060815444317059,0.017255569904058,0.0187750416237774,0.0252590392207934,0.00927158175361241,0.0110655866816146,0.0134965119545285,0.0167258116039629,0.0187863216111917,0.0205043758157087,0.0160063805634235,0.0152253883127912,0.0213655314856148,0.0126231976332287,0.0236522907715772,0.0177171826673411,0.0134671731507553,0.0167078101305079,0.0103733045004323,0.0218561472820947,0.0188235282285462,0.0142754120959178,0.0183335865268429,0.0132791237695555,0.0138156624110019,0.0108425603115364,0.00537876032119836,0.0136801113383138,0.0189256786157945,0.0208421904764936,0.017045383106269,0.0239387111369991,0.022658579123619,0.0172205669958486,0.0186938907453467,0.0196371240205632,0.0169958518762359,0.0197108294576439,0.0151494839549043,0.0159098153994705,0.0183225681806979,0.0137376346235672,0.0120832654848813,0.01880607363912,0.0185779749680678,0.0211064636631939,0.0184852891535096,0.0168828159042902,0.0102357422992052,0.0174453623144541,0.0152654949426992,0.0131049038562988,0.0193489462065833,0.0181844068821071,0.020878590078899,0.0192711522716416,0.0220234580180068,0.016103294161497,0.0270928794187875,0.0228377677800377,0.0159430943291575,0.0209685677023288,0.0118076002014449,0.0157668515036175,0.0208895475904952,0.0240288673963556,0.0146139111889799,0.0273869047416175,0.0242525769389074,0.0290180285613469,0.0171800949542571,0.0133282939550243,0.0170179094642524,0.0189982466289038,0.0176696751462743,0.0237853378838086,0.00889756703342314,0.0180168600303575,0.0166900444649937,0.0134231444967846,0.0204535714063787,0.0232925319768555,0.0147834008407439,0.0201943850960372,0.026105551928693
1498.61503539899,0.00649255470895098,0.00507613238998046,0,0.00521084109153145,0,0.00168385594562484,0.00217494939359246,0.000951414056168661,0,0,0,0,0,0,0,0,0,0,0,0,0.000498062194315147,0,0,0,0.000827677071450893,0.0113472772828607,0,0,0,0,0,0,0,0.00430920093178548,0.00959113564389673,0,0.00469224350059352,0,0.00876610082995964,0.00231779709834106,0,0.00585576949235053,0,0,0,0.00598792706813886,0,0,0,0,0.00257843496218209,0,0,0.00219038310345765,0.0104067072547916,0.00146180226750016,0.00246520992980341,0,0,0.00597385072541528,0.00165046159376022,0.000506203548283765,0.00248167317271198,0,0.000515820217055398,0,0.00588787890532869,0.00326408878622548,0.00614814836936421,0,0,0,0,0,0,0.0114481062697232,0,0,0.00299336809869551,9.44048536866315e-05,0.00157374935053189,0,0,0,0,0.00549061447026105,0,0,0,0.00322406288195623,0,0,0,0,0,0,0,0,0.00452135662482267,0,0,0.00434660780925815,0.00444054241510558,0,0,0.00147505018428571,0,0.00965070131076737,0,0,0.00127990960437096,0.00453395455051088,0,0,0
1501.36553878894,0.0310583978571789,0.0327014480543689,0.0314323446605846,0.0309948341541949,0.0407587489003155,0.0308517904091916,0.038067743508199,0.0217595400158659,0.0403041903240332,0.0249919629236752,0.0349251955392008,0.0247022545682162,0.0338196843911417,0.0321014960377438,0.0256792135252639,0.0240891156827289,0.0391263510832774,0.0355997477588244,0.0319468431619738,0.0353634868359322,0.0250897872004112,0.0375817401605521,0.0296805276349587,0.0317538107172733,0.0354623992448785,0.0297773607946438,0.0338611484551419,0.034370135892188,0.0327762167954857,0.033108612393145,0.0327457120178907,0.0284741203536822,0.0183696544370594,0.0302868700491624,0.0306883411181852,0.0319941773520874,0.0430811403428705,0.0291874951684875,0.0369022354317119,0.0353116075293878,0.0358598064917514,0.0293858456562312,0.0257867184829815,0.0290003428736689,0.0339719505989955,0.0304051636717484,0.0353195935590061,0.0341442506761565,0.0317503243328597,0.0328253958680492,0.0317731006795612,0.0334418573684073,0.0341200453997317,0.0362616362004491,0.0398415911763977,0.0255067759134785,0.0322911633282182,0.0197395632857844,0.0249644676740243,0.0345185701258569,0.0247386756178898,0.0386147247335303,0.0260556851822385,0.0363604597950187,0.0270214431688304,0.0348623427425155,0.0363038924528839,0.032801064803729,0.0344380612570178,0.0271785636797215,0.034853462998753,0.0296878008891549,0.0213971374812106,0.0331412723038122,0.0274325240704782,0.0294795316431191,0.0320158392589869,0.0381543651769592,0.0330778575956994,0.0308666047175813,0.0288719152238682,0.0282996917990215,0.0293646063972518,0.0365580332030758,0.0271184445655795,0.031996245167344,0.0253803386219693,0.0235334609969921,0.0359150456013071,0.0380952232492673,0.0312870172267559,0.0249335915060518,0.0278656822889674,0.0303565938705993,0.0321430217574985,0.0263916448668614,0.0236210910792353,0.0280587251731335,0.0282159411320377,0.0340728634456472,0.0316980408577984,0.0294893413806374,0.0279671654496921,0.0354601761818458,0.0362091082575887,0.0322247534566038,0.0392641402820555,0.0388861297696097,0.0368642454869415,0.0382157453444991,0.0314259705582675,0.0354787217160705,0.0225543905948753,0.0407681037984368,0.0311351360760601
1504.11415853751,0.0174584664458423,0.0165371229742417,0.0117799312091817,0.0165075702949655,0.0142592074670085,0.00883045334349984,0.0209228812736049,0.0124896593246027,0.00398269104147594,0.0172921142498981,0.0131636887940693,0.0207757669471296,0.00657181887671077,0.00873122688590632,0.00709602399306998,0.0133345478859543,0.0170603408470445,0.00682993949102772,0.0111972804274425,0.017876365393365,0.00714610387862663,0.0166295086887652,0.00764124068100865,0.0109309436320736,0.0202914713274018,0.00498046788041722,0.015355479383714,0.00687729878618583,0.0168997244062194,0.00978903022837215,0.0142454914067633,0.00305379244296445,0.0149699468226588,0.016468404859401,0.0108381747593467,0.013103307943751,0.0123385421826997,0.0171982661727747,0.00731005188495927,0.0220638870239533,0.019247130137051,0.00981515063882916,0.0197120413515889,0.0142081865287662,0.00909015164568413,0.0269271679703782,0.0134071998664302,0.0215040351656165,0.0108208156795227,0.0136381870512269,0.0161022288534777,0.00729713492846509,0.0118229776230289,0.015425133982639,0.0162330537328051,0.00970077860883315,0.022444223749843,0.0190070014870875,0.0182727923407561,0.0234877360708254,0.0175098574771097,0.0136027079327766,0.0215760951300986,0.013436541861431,0.0132414953614755,0.0234252526719599,0.0126764602534047,0.0115278938089545,0.0101304087411423,0.0196030017177909,0.0128765685099093,0.00185509054533586,0.0148172420185167,0.00187504197640292,0.0171095549428971,0.0198634917247236,0.0109208633068814,0.00920790897739933,0.0161432467726693,0.0168741449994082,0.0184543582669432,0.0125539746457354,0.0106677198449793,0.016630106882783,0.0161446605029424,0.0244554403449448,0.00958434525582659,0.0155499922342896,0.0243776914199089,0.00881521268671167,0.0132642779419632,0.0161657431972268,0.0123523979415666,0.00993957851923995,0.0125570289492993,0.0125842421810094,0.010824990446436,0.0153435839305712,0.0117809354109589,0.0138034150698466,0.0111784934557348,0.00734728261421612,0.0100432188952558,0.0206439924992923,0.0113113517146682,0.0075882798761348,0.0175671326732421,0.0114974653381769,0.0220764988315344,0.0205281381997509,0.0150010321407868,0.0151224993106842,0.0115384590195767,0.0147334504522996,0.0266720161398754
1506.86089642123,0.00871930457685116,0.0153525301924375,0.0121784348070864,0.016884574417774,0.00980477434163942,0.00923392683266896,0.0170625187872852,0.00915345107949488,0.0125453063996896,0.0193450601297094,0.0119317882697166,0.0141809948100606,0.0102143708556427,0.0080572489195049,0.0118359912131146,0.0206105983173454,0.0110343002284751,0.0236467127510074,0.0111232074218739,0.0150522039400318,0.0166954127285688,0.0111582134213309,0.00802750010735632,0.0134198757366786,0.0158562251798309,0.0135986578178401,0.0151996275570129,0.0142376423519591,0.0199942086658076,0.0209522197752757,0.0146681107245383,0.00344958400417074,0.0175070819994353,0.0075794308116956,0.0112197176477128,0.0118631391865724,0.0105633966169333,0.0218690816873858,0.0077025185081991,0.0137349769487863,0.0163508641796312,0.0026620072627145,0.00292806601585554,0.00430896060567315,0.012152209554981,0.0125224474335926,0.0127039114583351,0.00563538364205888,0.00955583786243323,0.0107583997204259,0.0148790077937805,0.00659997109593889,0.0176078959356945,0.00874963430944622,0.0265627569139523,0.0111567956910944,0.007253445108383,0.0134188072847833,0.00727194443750321,0.00651093081190463,0.0178855858085284,0.0161333611543597,0.016037286432144,0.0165520502500176,0.0152777233398735,0.0189023177913885,0.009821493192119,0.0281275034472797,0.0127003347916447,0.00569247971448634,0.0111020709769384,0.0136821111636879,0.00933055366783744,0.0148223165709799,0.0207820666560976,0.00601211245618237,0.00915488479529096,0.0117548574193783,0.0116645033453787,0.0134076317961461,0.0112913541727875,0.0210071500936812,0.0230927100149748,0.00688320536999763,0.0144272792616711,0.0184861347866818,0.011043328008574,0.0112346127503557,0.0161104998097739,0.0189212093575167,0.0125922944886185,0.00687959604571363,0.00453431998639479,0.0146175941984604,0.0200967410395907,0.0117466622648126,0.0107032680543437,0.011913930325752,0.0100159027808299,0.0158381273867501,0.0143587778849382,0.0116290560060322,0.00452627757584936,0.0139931743691233,0.0130348321508031,0.0066510619323867,0.0119880978691937,0.009183547805925,0.00730883247164771,0.0105266728339171,0.0126819482213536,0.0106197650146879,0.0108596414011631,0.0124030468681216,0.0157602286817632
1509.60575421434,0.0290434043502507,0.0371618003972713,0.0272143753401444,0.020462736272959,0.0322302615576635,0.0133921570540085,0.0169364294008846,0.0273381461251071,0.0368042264694211,0.0311509491151071,0.0220544630377967,0.0258914368249341,0.017127048870354,0.0300797091086474,0.0371896796903777,0.0231397018520204,0.0290583075777503,0.0166414836977751,0.0295507482774053,0.0263488626464339,0.0230331620375064,0.0259661120945318,0.0249715063778966,0.0281041741171089,0.0280501950669485,0.0282599730323251,0.0312373558258234,0.0098291053130215,0.01607062775137,0.0208277138404253,0.0167319180352109,0.0275558746608376,0.032435599801422,0.0270736958561433,0.0307406377790005,0.0352192874757612,0.0200658988934157,0.0201190489833187,0.0228253788220713,0.0288297733036991,0.0381278314580786,0.0321820710645367,0.0269370716501012,0.0236669584492318,0.0216785300637019,0.0391909621889056,0.0283202304669037,0.0276917722036177,0.0334121912801483,0.0279864955160699,0.0286379333085178,0.0276423150387145,0.0320475757934736,0.0238491464896461,0.0265195101485297,0.0309525746296821,0.0349939958136786,0.0311467249419074,0.0233499267906889,0.0340324459900281,0.0220738620074223,0.00843055089517298,0.0261758329274736,0.0213141577944245,0.0271388409054566,0.0313656216792745,0.0282852370728581,0.0241991825225009,0.0273491937992695,0.0198711803697287,0.0229846402179865,0.0336748131825665,0.0317629533559522,0.0228799037246405,0.0357627495433981,0.0283644086393588,0.0224272202473508,0.0295162240478447,0.0234265314379844,0.0326311133603991,0.0337979990052614,0.0284058973090543,0.0295363719690825,0.0281735339278523,0.0257692863131417,0.0316392763388612,0.032450388473163,0.0288303160477623,0.032779472402625,0.0258121848946402,0.026563329469818,0.0245673679285194,0.0362072296118676,0.02678518097049,0.030846620170381,0.030612315996318,0.0342593937461574,0.0166798455014584,0.0245486953514259,0.034198587178118,0.0291241256125039,0.0208823436820561,0.0286508594072705,0.0323408195821833,0.0169514491925319,0.0407787912509238,0.0197518694303288,0.0335784946346483,0.0239629320948734,0.0273752921395112,0.0309699387747092,0.027976333989767,0.0243189352438696,0.0260660315076465,0.0275100185074465
1512.34873368881,0.0122778263546636,0.00983920706586839,0.00599981227050728,0.00232525079265312,0.00955299402062449,0.0101031719584625,0.00356632444992966,0.0111454059290491,0.011356945961987,0.0159449220253104,0.011688602879182,0.0134227587999907,0.0208110730231297,0.011091196829356,0.00999841761389622,0.00926829212979807,0.00384904234849324,0.0165449823114797,0.013216268255821,0.0143485487147211,0.0137698809199734,0.0125390739018574,0.00886258544150938,0.00363599194894162,0.00704759700450396,0.0155705878849822,0,0.0129437811931943,0.00729489494759129,0.0148004333571645,0.00909588111896719,0,0.0086583556556671,0.00349967439312352,0.0076759125458129,0.0131828802971882,0.00814659813765169,0.00872770350319079,0.00746037418619379,0.000949026487685397,0.0122641122894349,0.00943860297433823,0.00482934841731399,0.01110122969131,0,0.00457533263828466,0.0129897434497586,0.00915712228032352,0.0119991932980318,0.014832694549641,0.00394397734874789,0.0137419291227247,0.0114305786996949,0.0117775675076179,0.00899176475317214,0.00604861552303755,0.00160651703610249,0.00880479869102204,0.00860169489919996,0.0111306461450423,0.00461329779958813,0.00614459046400591,0.0131201801757442,0.0109189628813318,0.00579561205775499,0.0184072111958032,0.00581238935228076,0.00731355961182047,0.00913265281275459,0.00388318198438088,0.00925157529234089,0.00861900298638236,0.0145137252786237,0.00640661263756058,0.0158274974689453,0.0129599713041815,0.0212385817024505,0.00768574265731233,0.0125005033705003,0,0.0164330249583482,0.0186311258702811,0.0130840873060547,0.00563332203455238,0.0143155063041291,0.0133274514861044,0,0.00318419338143751,0.00126248644845494,0.00630030397537274,0.0151008774737088,0.00292480103779171,0.0103397588828587,0.00376222857317891,0.015045075853849,0.0168690728360826,0.016023740330107,0.0143806270176386,0.00763343706277719,0.00746882579902778,0.00591366296955712,0.00870425861245762,0.0134795940568789,0.00998425518282141,0.0138329018355227,0.0157322724241437,0.0186560683283512,0.00679636769154291,0.00328038604730834,0.0152253608564226,0.0151477586438236,0.014779217158967,0.00630628506853936,0.00615180116502883,0.0134046964850331
1515.08983661433,0,0,0,0.00223335004118885,0.0014006829118815,0,0,0,0,0.00454485503840002,0.00188328706814601,0.000437352905764833,0,0,0,0.000185085262444099,0,0,0,0.00128526385239792,0,0.00659654605314802,0.00664445878722883,0,0,0,0.00730950251002254,0.00321809536301716,0,0,0,0,0.000499981387248524,0.000127697551532764,0.000473420914066112,0.000249326060739613,0,0.00165116488820363,0.00246765941143347,0,0,0,0,0.00938454132553622,0,0,0,0.00309772102508082,0,0,0.00224773251048771,0,0.000547931298745526,0,0,0.0021787121022784,0.000422870524382109,0,0,0,0,0,0,0.00108652426723914,0,0.0155440327711791,0,0.00775270335433666,0.00683206235539817,0.00592228311993534,0,0.00313223657810178,0,0.00359407703218957,0,0,0,0.000527336071356406,0,0.00534574362350518,0,0,0,0.00236567388036343,0.00559942520282578,0.00381439080955831,0.00477018278925165,0,0,0.0116149695697747,0,0.00394396715801576,0,0,0.00564274920853303,0.00366544707343575,0,0,0,0,0.000896694905011458,0,0,0,0.00476504004561837,0,0.006480591511743,0,0,0.000906346426621281,0,0,0,2.81080078830219e-05,0.0014763574146461
1517.82906475833,0,0.00227173058042295,0.0177699114367021,0.0053430380234595,0.00669910110196507,0.00838929370358065,0.00766125404760832,0.00838714388860101,0.00268768403804407,0.00722346907385488,0.00343298356135183,0.00898426928899323,0.00766220044071089,0.00719116439585958,0.00336824570175856,0.0070142224355913,0.00902779575994112,0.0142957318150918,0.0137694146461231,0.0083084263914932,0.00607944996670928,0,0.00338068267439379,0.00505009673293694,0.00314428980041804,0.0116069000073547,0.00508094217602202,0.00691067633233138,0.00550827695788237,0.0081926668928561,0.00954952735935368,0.0178751449996679,0.00419555447107072,0.0142307465285572,0.0102257881916687,0.000158632050819091,0.0101010732173389,0.0155293901811813,0.00239938048390579,0.00239750058667881,0.00333087342732271,0.00875192195849702,0.01432434385908,0,0.00419954804776478,0,0.0117300486391807,0.0133041503014327,0.0123439686991653,0.000531452012097658,0.00484703260247548,0.00560288716077896,0.00209801902361209,0.00129500985759088,0.0172177354548867,0.00102379619446449,0,0.0172756834184372,0.00135520604156311,0.00173161922982352,0.00496715581259019,0.00703056952033191,0.0124465795934161,0.000490039017963832,0.00565706598875836,0.0227762443348888,0.00134153741534563,0,0.00674498368512511,0.0116894121820947,0.00257579037202034,0.000381551845184941,0,0.00516736731658049,0.00558260273390972,0.0146742495197377,0.00980557592352974,0.000444220001116444,0.00747164612736407,0.0102573133355504,0,0.00236699863135883,0.00916137919420633,0.011418712149241,0.00505381471115051,0.0330398454173285,0.0100809389570042,0.0040743404345689,0.00599661226654152,0.00185143397606956,0.0117351093546671,0.0044454256725967,0.00307171978641435,0.00526070030589701,0.0106116875673601,0.00861167187943299,0.0181271989044566,0.00275814632893537,0.00479267115043547,0.00679210508652012,0.00526251854742359,0.00971487289190582,0,0.0017146428043352,0.00494781808758593,0.00832452582263282,0.0154192549501537,0.0137520395618626,0.00366521624938139,0.00851002240140354,0.0106532309669763,0.00318869048579603,0.00835252086518831,0.0132029559907699,0.00466296408180496
1520.56641988599,0.00997295155229257,0.0182872741460826,0.0226040113979419,0.0206669724701392,0.0168534345590887,0.0200999467307935,0.00655641666017451,0.0207469544394431,0.0232496237802501,0.0174929709369146,0.0163378388213479,0.0137880820486508,0.0146589918063784,0.00716289117459615,0.0125493684964062,0.0218101396557227,0.0239302269812989,0.01373278962651,0.0154391279984691,0.0240301194864861,0.016810129214146,0.0176987198165607,0.0182755918872573,0.017169289309293,0.0213153956226824,0.0143110337396789,0.0158119739351401,0.0224140098244328,0.0124976850953003,0.0194589773961963,0.0138591122422783,0.0220606551424905,0.01544229167342,0.0103558528514149,0.017268511597899,0.0187878795103655,0.0137900197405504,0.0149358223273774,0.0116140856426982,0.0132222654709356,0.0142354710685434,0.0124826083628293,0.0180303618273946,0.0217146628826229,0.0159566501407157,0.0130654284894764,0.0181950221547884,0.012701999868333,0.00954709646410035,0.0189287849664178,0.0138794294418709,0.0145429673832304,0.0230964254052266,0.019199746442651,0.0183543367026351,0.019286823509991,0.0142092674471776,0.00799843161105144,0.0272570154961974,0.0190315530056809,0.0119471727834425,0.0199166937726685,0.0151110002699137,0.0118399803120593,0.0181472299935103,0.0326825801568869,0.0182516241624855,0.0113977474434405,0.015448803939746,0.0169479092555042,0.0101788171449379,0.0106841575943855,0.00849402361367039,0.0182193347409306,0.0141982693374131,0.019555185384942,0.0269155180098318,0.00635126578771852,0.00958434440455799,0.0185078095281894,0.0264559367870073,0.0173702370391343,0.0195086958969122,0.00872789798310413,0.0224575473258093,0.0142824081139616,0.0186440109099357,0.0165378310938388,0.0157073401817321,0.0147577122531293,0.0182073535971562,0.00712462531990053,0.00906282545741437,0.0239138796450979,0.0225116000283764,0.0197951911517515,0.00820746535150713,0.021776737252439,0.00584581559599706,0.0176272850745852,0.0118524691226747,0.0163031106669981,0.0219451172332481,0.0223178639908334,0.0246955380842517,0.0198072691184597,0.0193842374393802,0.016444628503238,0.0209430367359338,0.0139449087696532,0.0187306334215599,0.0195367620773961,0.0164661722378373,0.0137309017865055,0.00894868939863444
1523.30190376021,0.0185691939915725,0.0161589480803179,0.0139254248237043,0.0047331741836928,0.00661612672700595,0.0152955917563016,0.0160840607480001,0.0180794159605056,0.00383528437597707,0.0115643887250568,0.0179299200177421,0.0105467123694775,0.0113872112990673,0.00607643405604338,0.0157910114534504,0.00855241750916495,0.0137558191267345,0.0169001370395595,0.0160449472824548,0.0164554411964109,0.00439885407216104,0.0128856322081224,0.0102537110921963,0.0150165244106854,0.0105766206545544,0.0110153175591645,0.0147043291338229,0.0154314467165109,0.0157184117755235,0.0188998323291078,0.0181904543667407,0.0110007261192862,0.0202558187089591,0.00813873591078708,0.00630700817773477,0.00164195770125868,0.0191082800481747,0.0159736520118211,0.015402322831485,0.0110062304462795,0.0153005059373951,0.00275916468719393,0.0126373902271719,0.0113976068330151,0.022364882504272,0.0086400222548513,0.0165321208062821,0.0142872042115948,0.0149566659917812,0.00748771187871388,0.0133145178128637,0.0166172132713929,0.0149748760152084,0.0180917035609602,0.00857167047100767,0.00470430916788877,0.0157698705545062,0.0166203961024883,0.0255802092103626,0.00977481205263751,0.0129892377300052,0.0117768489352827,0.00753904489694894,0.0080331970952221,0.0121398803425223,0.0277698521820276,0.0133392244003962,0.0108186990045493,0.00170177995642115,0.016931512981015,0.0156214123723203,0.00906204550564443,0.01761731498345,0.0132881231725143,0.0088607494512863,0.0138165929323483,0.00757457964279408,0.0182486215663941,0.0171249344437405,0.0112986259339832,0.0145646151835973,0.0055289957062604,0.00968883834312611,0.0108712709405231,0.0138065132686064,0.0130996043868627,0.00676152008305535,0.0154698474211762,0.0200227575450591,0.0222926761425825,0.0144108301974818,0.0141379550219912,0.0128824006274456,0.0121786302424821,0.00998651083017825,0.0118369214462959,0.0109629865770156,0.00702428797278341,0.00854817523640759,0.0105481034203652,0.0151599147921424,0.0152121517563687,0.0192427912569143,0.0109054369479254,0.0178660921041678,0.0284704989507972,0.00338898197212897,0.0131673346653735,0.0133371217124939,0.0172111526358719,0.00949289251184442,0.0167971050481198,0.00722591398960616,0.0104246681411838,0.0084038437257254
1526.03551814165,0.0320272235885313,0.0423680122740235,0.0236746930590425,0.0280514500499935,0.0286314740194853,0.0382514237157434,0.0256328111917147,0.0283339255035994,0.0233604085068738,0.0332314794859564,0.0346554673397074,0.0256114398733549,0.0270921726503994,0.0303867728327864,0.0331442570403907,0.0249800494418113,0.0270983293671691,0.0206188954850881,0.0384143682667309,0.036559709651591,0.0184042239767355,0.028352606274326,0.0278591083737233,0.0287655033635644,0.0346838672322271,0.0329241073174189,0.029791149803436,0.0218675917534072,0.0324967289925531,0.0345162191502818,0.033344825897848,0.036286765216232,0.0315450680377063,0.0315785779742329,0.0265030631652029,0.0336694938597807,0.0276641768453176,0.0288416211651064,0.0175778399315271,0.0256836944960955,0.0235089709800931,0.0318658385195345,0.033016812675481,0.0325043374068251,0.0379232130047543,0.0283203732839905,0.0268433621637165,0.0310557001145614,0.030209822331074,0.0232131279046734,0.0314730828954728,0.0287775082197984,0.032777725412599,0.0278826296290102,0.0338223804938241,0.0230100389475062,0.0339795940899706,0.0203877397745933,0.0390773625917772,0.0254905064072692,0.0319298251467475,0.0311806727876627,0.0377806000597391,0.0275565149420693,0.0306645447914159,0.0467356125181341,0.0297464175881514,0.0318909896218664,0.0312764605225882,0.0312355913965889,0.0254491965921947,0.035697613009784,0.0235427020675575,0.03074773641161,0.0282695617475531,0.0347049458515595,0.0333086114437423,0.0334232473155376,0.0344190043704358,0.0328622745292869,0.0242575891381033,0.0254099590843279,0.0288093263583719,0.0274748520997005,0.0312540573740603,0.0289753939726419,0.0180595126371303,0.0331864409494739,0.0324841696076923,0.0298490236187869,0.0312155358448049,0.0319542868258067,0.0276874061415224,0.0196708923188856,0.0336229730610078,0.0386031255845709,0.0291447405460049,0.0293548638356654,0.0275492461975459,0.027404620761418,0.027850596952142,0.0328451808498691,0.018176974864137,0.0315513253263852,0.0257162371858216,0.0461534671737466,0.0362614764465404,0.0404123849411554,0.0219944652646796,0.0215941237686968,0.0289894376040513,0.0271821018564815,0.0256991152375579,0.0203587696748555,0.0267479105857028
1528.7672647887,0.0277583259342122,0.026925802033935,0.0215356559686341,0.0248836103702729,0.0205861393133213,0.0212214302098011,0.0166326491556399,0.0154991072211005,0.0212871563455387,0.0284282061498885,0.0168607330647913,0.017035710375035,0.0189894237418644,0.0234051280447312,0.0207139620600833,0.0223594755426005,0.0313841615720772,0.0280682379861944,0.021131134644554,0.0165569455210094,0.0146547172088632,0.0171848831538122,0.0225480092727865,0.0266547253671356,0.0116655908226115,0.0192714684518359,0.0222576661655413,0.0272536308275646,0.0227661177421567,0.0221531018754657,0.0350198440732165,0.0205320235426896,0.0154246136327184,0.0304957249613835,0.0226865437405903,0.0251137353134597,0.0190876134296023,0.0186499352270589,0.0268575866086719,0.0186125336356627,0.0235216668724588,0.022724144375131,0.0282031154503734,0.0243953268118159,0.0148393647513626,0.0299594161334619,0.0252239667893032,0.0218543002350823,0.025840783679095,0.0253875005251734,0.017057502912588,0.023477416999675,0.0214609044353665,0.0132226021436801,0.0251778681163432,0.0170913230181483,0.0259274442591447,0.0209258909726998,0.0260785242443351,0.0146498183102201,0.0259720318664921,0.0257811841718711,0.021073908842202,0.0189138105857209,0.0219771757582737,0.0402805980790106,0.0248775164989602,0.022162144906743,0.0192169697166527,0.024906645593911,0.0189349792683806,0.0270596038862993,0.0268068428690529,0.0182214228204761,0.021900671742006,0.0220941832226983,0.0199102842981101,0.0247433992780895,0.0219970424527745,0.0124271188852474,0.0231901610596485,0.0291928839402501,0.0190327304449498,0.0264525370608972,0.0172145053950941,0.0221625504621501,0.0315330696536942,0.01652286171613,0.0168014095041078,0.00992487643873639,0.0193381669844813,0.0158317680545211,0.0222305513258942,0.020782658822298,0.0269886740528265,0.031207484213651,0.019839914452931,0.026635166027931,0.0237842476378636,0.0241730461728796,0.0218400844560094,0.0202467160917905,0.0246721271782433,0.023982843178325,0.02490357074681,0.0292884067699706,0.0314120092602731,0.0224724698840063,0.0241761609928532,0.0205235247116522,0.0122096571849266,0.0228474202317257,0.0203029575018463,0.0209511236717072,0.0267847979058934
1531.49714545752,0,0,0,0.000531279503178442,0,0,0,0,0,0,0,0,0,0,0.000176965089740181,0,0,0,0,0,0,0.000174442580191154,0,0,0,0,0.00126866258356375,0.00693888839853865,0,0.000657351003615382,0.00215346630870651,0,0,0,0,0,0,0,0,0,0,0,0,0,0,0,0,0,0,0,0,0.00760372988517849,0,0,0,0,0,0,0,0,0,0,0,0,0,0.0158263753718433,0,0,0,0.00377043038921039,0,0.000524277367839109,0,0,0,0.00205688369315294,0,0,0,0,0,0,0,0,0,0.00143662071949892,0,0.000922513226403061,0,0,0,0,0,0,0,0.0114037572003803,0,0,0,0,0,0,0,0,0,0.010551370851639,0.0043825003351374,0,0,0.000858615821364302,0,0,0,0,0.00204574098399635
1534.22516190202,0.0252016284970736,0.0356419832176316,0.0303158890393144,0.0233836699080731,0.0394781730991709,0.0293685952384121,0.0278783338839543,0.0291341642066531,0.0182892884930042,0.0226730870309386,0.0272124007084896,0.0327546690033866,0.0364273584312718,0.0267847569125583,0.0327700443337491,0.0357234283206949,0.030408227477938,0.0234286789860018,0.0295727372223471,0.0433206380429118,0.033077446887659,0.0269019447590657,0.0258616179174982,0.031496064964361,0.0321289745906768,0.0276174848680368,0.0212729812416291,0.0332683142664786,0.0282768938452163,0.035184911679606,0.0297957271000494,0.0338356089602083,0.0391867841792444,0.034395686707258,0.0287761255326477,0.0224910522746332,0.0330907726308019,0.0342947606490599,0.0340423549886782,0.0306601596603059,0.0384043722124864,0.0228320498503935,0.0240055152098779,0.029898635215963,0.0326385264611262,0.0261876771497674,0.0242244227675841,0.0278842454665718,0.0335385300306393,0.029258476050367,0.0272985313039619,0.0341307756573898,0.0193986607123284,0.0356351599906868,0.0358554546080947,0.0349532060003234,0.0286609361940005,0.031818608722977,0.0261216152239687,0.0342573504901996,0.0352489424225479,0.037172176945143,0.0319968463959241,0.0293385698367892,0.0286340176876984,0.0422862840810248,0.0244894796618658,0.0314293343862272,0.0236650129337499,0.0334975630122851,0.0196085904354589,0.0310262442330708,0.0269615043854028,0.0194228457263705,0.0307287693250318,0.0341873116932261,0.0199961848193182,0.0226429139234486,0.0345247725881954,0.0285723996233801,0.0405264172819205,0.0298378862161526,0.0306465725578515,0.0298208217634034,0.0283172774945427,0.0421629430503143,0.0316147751517205,0.0296471514671987,0.0299158044875084,0.0186747301287621,0.02489355197194,0.0240826739338106,0.0355029441785823,0.031073948123893,0.0292003101948697,0.0449709060394406,0.0436588233678469,0.0272550208395401,0.0298844697619428,0.0281019101517743,0.0258548857395091,0.030320388222532,0.0468815490671266,0.0284590603813746,0.0336613593696189,0.0344576268575344,0.0301066328502064,0.0231502416680017,0.0291452016299547,0.0321367459344298,0.0318068350342641,0.0240706491953688,0.0215218592276006,0.033216987359766,0.0296187339944747
1536.95131587387,0.013468370851603,0.0143880789282138,0.0114605080765623,0.0139187517243203,0.0132344961001339,0.0172056461674486,0.0226568179121521,0.0104555631396345,0.0135813474960044,0.0195588902439393,0.0121817974721138,0.0151029486650432,0.000770111684953082,0.015010648941906,0.0155290957107011,0.00880139541447195,0.0208747840713154,0.00657153452420108,0.0139912728718698,0.00928632883568726,0.019697164418123,0.00567023166212279,0.0120817339938579,0.0215089233313637,0.0123909303767607,0.0249815417385751,0.00571913801781122,0.00710287992614267,0.00453479499646829,0.0207327686048331,0.0104755956718771,0.0155144952263276,0.0150636210728749,0.0137434614677369,0.00863930108577913,0.015601997287163,0.0127860670577278,0.0161165603883225,0.0210516698703543,0.0111369687834046,0.0110914714203988,0.0148335725107387,0.017111172969561,0.025102768174644,0.017674504755882,0.0109245958823428,0.0150652815435228,0.0127923756720175,0.0128656892406337,0.0124966891394002,0.0220317319822732,0.0140620635071826,0.0221777360690876,0.0150602345990312,0.00977240366453514,0.0215568691263572,0.0142365725249989,0.0140018644588741,0.00452895333331458,0.00775279684413519,0.0114790314832502,0.017265989203877,0.00833771899621407,0.0110037684232388,0.0178340866814163,0.0258325343075789,0.0169564283110428,0.00824726489117833,0.0160562908511516,0.00657926496412555,0.0126148501753737,0.00724995548466122,0.00453778367637016,0.00805361272257838,0.0201264676700485,0.0179205437131127,0.0189991613959522,0.0145713509469365,0.0178423780774953,0.00930977225964595,0.0109522046360833,0.00950640383876645,0.00511247710331202,0.0133556500908934,0.0110854258345038,0.026648118498772,0.0139144795641331,0.00783408603901928,0.0126733040414895,0.0209255104696908,0.0130814733304854,0.00964405887812754,0.0142138360012064,0.0194471362771523,0.0242285889080672,0.0293562947308548,0.0113130772912014,0.0131538926092359,0.0229303627978725,0.0167834572003347,0.00504252817941509,0.00788763613513087,0.01412440871241,0.0128111280872807,0.0139182116941025,0.0261840669277995,0.0225497586036885,0.0210712170657571,0.016773465782854,0.0119686362921639,0.0237600647458577,0.0148876570321493,0.0221644485992031,0.0063357628243851,0.0124702636213476
1539.67560912248,0.0264973340606722,0.0241436168828315,0.0240264175870998,0.0219705654850837,0.0230045100864516,0.0280027119003063,0.0227628888985551,0.0154494791105738,0.0137609986483632,0.0180893390690415,0.00958680885844365,0.0232869580088993,0.0241670465190953,0.0221553408313281,0.0129424068019908,0.0237488753561614,0.0204410957152683,0.0183479283520672,0.0277833053813608,0.0229964094473452,0.0241153904977858,0.0255111329122692,0.0148612221806428,0.0168370229463192,0.0205347214736006,0.0223685173396667,0.0246897611391579,0.0238306943201684,0.0203402040490713,0.00899493153145791,0.0246615895459411,0.0193261583788844,0.0183936845171905,0.0274758535220804,0.0273081462971145,0.0242282762570926,0.0176981421163774,0.0146001359916304,0.0271514093628345,0.021025930385009,0.0183144238813332,0.0294955939090763,0.0295521804959206,0.0197872919148823,0.0247491448640711,0.0268837720416249,0.0140779645377481,0.0166749688923843,0.0167701353230175,0.0191018058179366,0.0317486711530113,0.0183831491886971,0.0147254396891934,0.0189812112735182,0.0263822137824841,0.0367391077591647,0.0266534391077527,0.014085204771937,0.0246282976926482,0.0170696167293825,0.019693471160963,0.0200472366601856,0.0160142191508869,0.0165418537672433,0.0190393620032051,0.0470406893752001,0.0220060978099898,0.0207767253295799,0.0232686342051796,0.015695786821208,0.0170979595558023,0.020420126682331,0.0170094205009874,0.0207127130368531,0.0245963884102443,0.0325381903539286,0.0196332131274774,0.0217158194892673,0.0195650692094737,0.0166090974456867,0.0239871487279649,0.0192859221478727,0.0216147539117274,0.013490497744544,0.01832310593601,0.0328384654124267,0.0226269345606206,0.0162732318171632,0.0274099635811657,0.0231984012104358,0.0169971612653637,0.0221809898850245,0.0241943106581638,0.0190460150527707,0.0320349265839708,0.0401797898153946,0.0213524362533676,0.0285060813286726,0.0170837894960573,0.0207053490274169,0.0178439733407087,0.0261821433533928,0.021243264595689,0.0265072458029426,0.0202552597731006,0.0435057303342874,0.0227867051709259,0.0206483937394474,0.0195828930360618,0.0257702153422073,0.0222362967193225,0.0226518362197628,0.020114433828671,0.0202349091823094,0.0233757195457538
1542.39804339507,0.0352458475456658,0.030181473041724,0.0333665580165106,0.0189112710824496,0.023664803363335,0.0260198418770753,0.0239520823636282,0.0226166456065919,0.0199094269366382,0.0171832580392793,0.0242850255884208,0.0202001465595124,0.0253817369043205,0.0136657302961742,0.0304292959074858,0.0238865955799997,0.0317772854109134,0.0290871035476904,0.0220332653291716,0.0226300831269248,0.0226303976697368,0.0149861950849024,0.0309995329808235,0.0285970797488885,0.0158425320082442,0.0241580999751188,0.0188844366549196,0.0202171887503662,0.0166761610461294,0.0242030390277752,0.0248289128744373,0.0157900233090513,0.033578999776847,0.0270495065958464,0.0230576434654197,0.0280678766191672,0.0124472522658649,0.0292088622141827,0.0251017159029606,0.0205964069778267,0.0200815103308562,0.0210022883908331,0.0312857689113319,0.0339850978097188,0.0205689975305795,0.0133076833579934,0.0245223815866867,0.0189555067021892,0.0206970763753498,0.0132424145394011,0.0227853338489803,0.0259045012559731,0.0197071781113213,0.0191181823557015,0.018397447905449,0.0250036252178401,0.025682491824637,0.0326105353040165,0.0258087581974018,0.0258664782869606,0.014386687708323,0.017993347211363,0.0177744502943114,0.0345695860931775,0.0169990702470512,0.0401783391733185,0.0227095222188067,0.0225134809951154,0.0157046075040748,0.0168904239365114,0.0237853101592743,0.0184085782463995,0.018772810126249,0.0148440680208053,0.0226390263380952,0.0407940765588661,0.0218984849431957,0.0180298563132958,0.0321234680050886,0.0228252975649997,0.0219497610167521,0.0215650443232169,0.0244985273140407,0.037177531483664,0.0321028063733032,0.032343157221104,0.0200508838638165,0.0367218790294303,0.0242944596279795,0.030346846181969,0.0301418457901472,0.0266547029977219,0.0237812663986189,0.021334678172978,0.0244521081435146,0.0334163612306733,0.0248122605241932,0.0340695566038173,0.0275368133633431,0.0110619467327201,0.0229585237587191,0.024147040749605,0.0240751628795016,0.0250216852079918,0.0315015000740467,0.0466433322692862,0.0208264842914365,0.0197032856715299,0.0229556657477114,0.0209780727438732,0.0229016247147558,0.0178809458682348,0.0202587697098602,0.0192851799994857,0.0283734655883014
1545.11862043658,0.0208900066850018,0.0148710245473737,0.0291951845529759,0.0217057436540586,0.0291823389095209,0.0256599098211828,0.0150824457357469,0.0206700196586327,0.0233784978232146,0.0179221190091246,0.015258164224403,0.0171360043714016,0.0201200650996948,0.018156374469178,0.0175916173483077,0.0102741309691087,0.0287177049865122,0.0234239144396273,0.0239167126369832,0.0228293026165596,0.0173970463774419,0.0236760830519094,0.0274229324719793,0.0287331189393898,0.0186734880680511,0.0215913652788514,0.0217272660367599,0.0219851057532614,0.0238635286597815,0.024355972441103,0.0136779940626141,0.0301754241484725,0.0294234722758108,0.0195551918076085,0.0193762798009697,0.0276552071022887,0.0211561943333028,0.0180749588677789,0.0225299391389461,0.0191009197787143,0.0295408879657944,0.013070303559678,0.022312082521869,0.0303379597944147,0.0201700234745218,0.0227436509400308,0.0138010550751793,0.0212586094117223,0.0262836558425749,0.0188063655959922,0.0197220452116294,0.0239124581285815,0.0182353772601385,0.0160151454039955,0.0273943214095133,0.0127517896799715,0.0177605442183655,0.0246117941506125,0.0194350474463024,0.0162439925618606,0.0199368886171617,0.0148820913065758,0.0211769447316847,0.0163011694017214,0.0177047908040857,0.0439430353822874,0.0223434510223216,0.02102815743938,0.0246062500441739,0.0196961307806743,0.0195860992567409,0.0213065808570681,0.0275330813187382,0.0210010119940852,0.0298417755593052,0.0240651883624502,0.0274041819102502,0.0257617544886814,0.0133446654348985,0.0163475250464028,0.0253252492185241,0.0222542986664071,0.0170377668595139,0.0170357708501314,0.0181991392541683,0.0349701457430774,0.0180354820052019,0.0149728285906803,0.021201268426885,0.00785864936167079,0.0227289726809683,0.0176747432631262,0.0113302478283256,0.0225787486854009,0.0243330459713253,0.0282300555388381,0.0222428619139595,0.0276643386127123,0.0190226330922986,0.0188332018702555,0.0258931057103847,0.0232349427937024,0.0247745421777088,0.0175855658036489,0.0243145302121256,0.0327556324667166,0.0272154467696047,0.0215039857643676,0.0231020854305374,0.0271593574629876,0.0225056556233171,0.0218679659905201,0.0111950537850869,0.018908731138669,0.0156039760263982
1547.83734198977,0.0162375856467605,0.0225564673239971,0.0272119608548277,0.0213416135115225,0.0255904479066231,0.0210552860347023,0.0226829246169969,0.0268092884356598,0.0279519851562159,0.0262533504221372,0.0197467874769557,0.0200102388399704,0.0186721440813946,0.016731113141833,0.0237439789329377,0.0125756215288745,0.0299523508325936,0.0161939624377524,0.027998723150247,0.0273902411117339,0.0261918843113558,0.00786478430281677,0.0270699059480257,0.0193627255717257,0.0156336696626767,0.022880096917065,0.0154282277544288,0.026455154794703,0.0175375919483506,0.0186079962821814,0.0182117889137075,0.0240522814667725,0.0220632328274159,0.0213560348253526,0.0189954062138037,0.0245932116182691,0.0170221674708097,0.0209194219066593,0.0237946278014609,0.0121855576559426,0.0176575127294236,0.023487158183917,0.0278458548078937,0.0229230881579507,0.0235523670131214,0.0152340761414375,0.0145117579048107,0.021418459075176,0.0117034091600891,0.0205925388795881,0.0236276526543011,0.0219425173255506,0.0167859705763381,0.0210930424258672,0.0200027158757496,0.0199193577003371,0.0216613601457349,0.0182607258661947,0.0233659197266518,0.0180348650434742,0.0255095247895802,0.013411917024962,0.0186634637593691,0.0175695446421021,0.024969400404625,0.0509135154442158,0.0252768346317675,0.0157801520073628,0.0154431963806193,0.0145802412021863,0.0225005275916846,0.029114280390556,0.0250488766686104,0.0206335416147269,0.022017674401585,0.0164054588785445,0.0302505622591824,0.0318883559585634,0.0183781829743171,0.029797295530208,0.022793062206154,0.0218911366488935,0.0205124803024849,0.0199117167432726,0.0271356626346005,0.0252335951079888,0.0155036895605734,0.0266037577754986,0.0181305349756745,0.026915658207353,0.0294195735032807,0.0265067510573104,0.0175406334941458,0.0169098370736841,0.0199857738358866,0.0308363417271255,0.0257480415303442,0.0136508140804431,0.0181272504562264,0.0239095632020599,0.0211410867580945,0.0201456187761557,0.0217258212579002,0.0188599913550305,0.0258370044438181,0.0416221914053898,0.0314075411927788,0.0178807714221703,0.0211051072127139,0.0131046046270891,0.0167144840619912,0.015504088214457,0.0265881043578,0.0251643559240054,0.0238808600899524
1550.55420979513,0.00461600213031674,0.00568830379207411,0.0138829685107287,0.0109271031070138,0.00698024276739049,0.0116726846138475,0.015980253705185,0.0120103887428714,0.00282052680624103,0.010818714907196,0.004288639470726,0.0100007608716876,0.0102065771747915,0.00777041112476551,0.0201649205484824,0.0159592168277603,0.0103835680286446,0.0148151207768643,0.0277573565567599,0.00648715464185031,0.0123848924160587,0.0123348469709568,0.00486846779747932,0,0.0120808491439143,0.0170756021811662,0.0134648702668393,0.0186226342340146,0.00636156127927579,0.00803621065273558,0.00656713243574457,0.0116346609699085,0.0104226948691537,0.00736228432209265,0.0131753254672598,0.0119365592307525,0.0123746728007095,0.0157348973088018,0.00764872838667313,0.00855858443098073,0.0107275539438296,0.00967109844920118,0.0146254335773338,0.0241934153712591,0.0103104235534518,0.00665273251739734,0.0119857067481243,0.0151032733394966,0.0096964015790238,0.0137149591561724,0.00778471726757535,0.0099297281463021,0.0148194532812035,0.00715966328787059,0.0186519733183679,0.0087904527496597,0.019684240970546,0.00922338320470417,0.0116253608291115,0.00140668753175924,0.0148526988407399,0.000631104791330706,0.0183324248614262,0.00856122811782107,0.00829120735634291,0.0335246674988486,0.00966580429389782,0.0143400908111469,0.0134283486840061,0.00842770779444373,0.0112559505527519,0.0184826754469242,0.022587149587579,0.00937706299254464,0.0126041523222043,0.0140904041298804,0.00737457939783671,0.0125337473070541,0.014242676826668,0.00843720867482433,0.0143533436533632,0.00865493294768545,0.00273020386167967,0.0153235775175781,0.0170813156080239,0.0170710539564597,0.0173029722228301,0.0127164524458969,0.0188739287024768,0.0179540830320133,0.0123034499905372,0.0111041787845992,0.0155507409667021,0.0128641394175002,0.0140677367753328,0.00860492537014926,0.0111206370182058,0.00619991073070031,0.0167122863846196,0.00726848965751402,0.0059492266301947,0.00882852275347974,0.00846625153207011,0.0136411510249533,0.0154407693269605,0.0116797305181254,0.0112003887757479,0.0164589985987001,0.0147992509659061,0.00728588927839694,0.00769528084592638,0.010254830678848,0.0083393623646486,0.0138176133922891,0.00630466169212582
1553.26922559097,0.0258248122905857,0.0337212113144508,0.0227728348832094,0.022271225453539,0.0184754238905016,0.0252508335010255,0.0236256823040021,0.0251846494053512,0.0312240047370019,0.0159526292740506,0.0190774671301718,0.0188366298628854,0.0261349844093761,0.0123303000521321,0.0344923642983436,0.0156576358302602,0.0244790636351934,0.0330633145021586,0.0427590601654722,0.0306177600775807,0.0255346713176333,0.0280233112995635,0.0173644264790213,0.0255686404545232,0.0289099146702748,0.0293603717944224,0.0190719168373179,0.0242102872825176,0.0136175588245981,0.0271033309540253,0.0268091677477819,0.0218769846466224,0.021395307733927,0.0255721520791643,0.0259507634965066,0.0244127595649454,0.0259759175136369,0.0272128681215023,0.0182211909104714,0.019649549084296,0.0224469998579106,0.0217503251638911,0.0164492398648454,0.0303591051499169,0.0234038083378315,0.0265575488076845,0.0263249170628998,0.0272217929735572,0.0213541097738885,0.0231472812364597,0.0234911427987185,0.0127720992964796,0.0220496529230835,0.0101090730768565,0.0178717054638061,0.0192364430859678,0.0139748870677057,0.025671504969486,0.0193895619875374,0.0108372315873787,0.0242627828326228,0.0180936899679015,0.0223435137573517,0.019632054129731,0.0243166285957911,0.0442566789816437,0.022475139972897,0.0210341079238716,0.0136289232147903,0.0213634952926433,0.0251253580657446,0.0192770992953844,0.028195764769269,0.0205128719740245,0.0161136196740695,0.0352112446204549,0.0183115926621393,0.0241323973873175,0.032838419665375,0.0235920946240385,0.0237257838644783,0.0260677545832496,0.0182548257282372,0.024662330392605,0.021718518429658,0.0342278753815162,0.0191247423440111,0.0186575711550675,0.0337228765627911,0.025732260686549,0.0298709894919237,0.0280684941599795,0.0157765269529481,0.0189778505034935,0.0166768183650316,0.0356018812342718,0.0152219227003104,0.023297762961219,0.0261718252915513,0.0270651991079469,0.028777329827024,0.0173370256026645,0.0264661919987859,0.0269071180706314,0.0294969335976083,0.034326436578723,0.0265409659038713,0.0384804713307029,0.0177198073419926,0.0140836526142757,0.0133261451679926,0.0197695898028767,0.0243212949653506,0.0316854662884109,0.0200175651992822
1555.98239111335,0.0223163631595235,0.0254469568255037,0.0181517756528385,0.0341682128454262,0.0197872522590849,0.0228491798658954,0.0217434335810184,0.0222584150758373,0.0326254249117423,0.0254353879735408,0.0171581127870818,0.0255446451273819,0.0187987231129092,0.0260917729662752,0.0298760919055828,0.0249138791000462,0.0177714199291563,0.018484766123883,0.0501766512631394,0.0292846406804476,0.0263178085607126,0.0170785267704075,0.0192147122641667,0.0210295267826499,0.016830849545954,0.020318719686789,0.0203894032504453,0.0212468761798424,0.0165651970121017,0.0208847744082347,0.0238523162300457,0.0258251213598398,0.0264743125773523,0.0247151249394968,0.0185388013254913,0.025157517943129,0.0208379811101547,0.0188532382940243,0.0217345626825022,0.0236883083730989,0.0183024725080273,0.0187601197396841,0.0193689234225216,0.0262603829855302,0.0263171161814946,0.0366330301533755,0.0233020310920903,0.0209527645131641,0.0286697288102661,0.0271735569075844,0.0162432051580541,0.0209344219741344,0.0260647852283472,0.0250467980143472,0.0242267016206843,0.0151578547418661,0.0254526173460212,0.0215555118845349,0.0309647404288855,0.0219181934466837,0.0223193076556562,0.0301821952629714,0.0193592991020909,0.0225947400518695,0.0180335680160671,0.0338102791545321,0.0298467659013881,0.0196398913695571,0.0154969635644101,0.0194933126434907,0.0291997023051637,0.0238956496304792,0.0225603355261625,0.0163952248420354,0.0271713106535723,0.0212381925534064,0.0121081868163208,0.0308703654411633,0.0282077432270305,0.0188658426005988,0.0223392524972938,0.0187870519016145,0.0190703988396825,0.0260025184513153,0.0182303970885896,0.0214708316918048,0.0338953377705402,0.024099504916982,0.0307203852994993,0.0222090596254335,0.0252568240538436,0.022954766243767,0.0302785506984275,0.0256480597079787,0.0198412685996226,0.0289563902326262,0.0154952355718114,0.0235222247183113,0.0177498885764085,0.0278622932369395,0.0196894456741123,0.0192682433367821,0.031024121290753,0.0184761535925137,0.0218633875438589,0.0347391692084834,0.0169275325372296,0.0185863858046555,0.0163317720689892,0.0192620813718059,0.013562241915286,0.0254855293755754,0.0180642800198489,0.0220370945894266,0.0224327244591305
1558.69370809615,0.0204444654737016,0.0166614852144668,0.0130126399139855,0.0089777105830974,0.00661839432541134,0.0103356489204559,0.00502789331637823,0.0204313724919407,0.021618915054517,0.014937357489447,0.00500731674921299,0.00538715776628657,0.014735220599366,0.0118022566195491,0.00794200571305126,0.0130046710838682,0.0105526187511654,0.0145263083650955,0.0315310114993008,0.022010349646565,0.00880898190847434,0.0146868138798651,0.00881912377217044,0.00539646996920556,0.0149544728338926,0.0113010428579438,0.00987013358263389,0.0183067464007856,0.0141217397618275,0.00768892829870283,0.0133583540648663,0.00558020955919442,0.0245841208477482,0.0135182711316087,0.010058003049442,0.0109653735465358,0.0146509543582462,0.00836950572348526,0.0154649909547203,0.0097898632034192,0.0114421287221671,0.00501271872926459,0.0174833428942232,0.0194773513234012,0.019050490669691,0.012795199233646,0.0137830720135134,0.0119995802843604,0.0125451201099016,0.00407783865266399,0.0068807649238194,0.011108200087916,0.012294469133838,0.00357058806118571,0.0218525568228527,0.014874043941325,0.00316061039037745,0.00175140442004408,0.0127985011104143,0.00969885468578019,0.0176901741809863,0.0109930313350172,0.0109995827721147,0.0152811655279498,0.0144972537405392,0.0308110979165903,0.0192205184456532,0.00691309655025733,0.0179364101014511,0.00493570771303352,0.00602453238186299,0.0111613405438804,0.0105096396145383,0.00684493610293061,0.0172903341363309,0.0126102638153673,0.00592781138570574,0.00724382629510795,0.00792031725936509,0.0136102583954358,0.0145065379422151,0.0169022007243247,0.00845089318381788,0.0177399748099148,0.0153092990725131,0.0190636670992906,0.0174504046481385,0.0066297479393583,0.0201578824099321,0.0127771794381264,0.0174162705087751,0.0113958896005389,0.0179419127560304,0.0131352955896687,0.0214353952848186,0.0202631514790285,0.0124908879989548,0.0150488903341168,0.00880881465865344,0.0102034236654753,0.00126352077423969,0.0102218191569855,0.00544437842247326,0.0154983256096868,0.020768487486357,0.0347020671149565,0.00789314629757379,0.00143884113038398,0.00955247710188599,0.0124181197517496,0.019238840207889,0.0022881720167172,0.0205182427591293,0.00800566243057022,0.0237927246765811
1561.40317827101,0.0309658632043222,0.027132769662004,0.0225137257703716,0.0198602640652028,0.0214066229599293,0.0218501784265771,0.0143335543941222,0.0186287027508523,0.0273925845633333,0.0125731004063536,0.0144684755686758,0.0180576904308564,0.0215267023132231,0.0164327197605232,0.0201723761109568,0.0148912931015214,0.0241826307125803,0.0217179243294961,0.0460646782832511,0.0266905740103658,0.0193347161507354,0.0181826971441548,0.0187182349432016,0.0157248532861951,0.0184590657960995,0.0148986597056187,0.0123126704452368,0.0202130309289532,0.0176576016878119,0.0149782963491896,0.0185498424694758,0.0195773874537581,0.0221792711834352,0.0197987983109823,0.0190806884380633,0.0176323693739513,0.00848710066915708,0.0226002223353184,0.0141222249259683,0.0149638551828313,0.0226837956725371,0.0247071939188041,0.0225952149440527,0.012717281644383,0.0166398920552861,0.0147071414324219,0.00863406225420349,0.0111922091775975,0.0182706490845321,0.0152082354768742,0.0114345139448091,0.0224944709020337,0.0120384954585278,0.0223630456367045,0.0298962915075475,0.017846356168846,0.0334576535270894,0.0204354654898808,0.0222550048740359,0.0132328888111035,0.0255440993775803,0.0161114264307532,0.0253385131272565,0.0134113865662685,0.0207886156669954,0.0395001042997298,0.0266391717795138,0.0207062667265264,0.0209474098214638,0.0110556572154691,0.00850924092840916,0.0103964994453949,0.0242347006769388,0.0196873732898156,0.0133454007278975,0.0236940448180031,0.0196156795206924,0.0227105489141496,0.019015453757155,0.0205422925686412,0.0190956042570258,0.0225625751456438,0.0273192619707839,0.0100354911342624,0.0221908336351856,0.0285551405175111,0.0123388098583713,0.0157647491070998,0.0209931362564914,0.0184677210494264,0.0171809996975311,0.00848569649677086,0.0160444004281449,0.0262539669784917,0.0166762071090445,0.0224709023405644,0.0122608527883782,0.0229492891306724,0.0210514842785212,0.0094165843145723,0.0280168119331827,0.022651629334381,0.0165103121639507,0.0217747678558802,0.0115554300692958,0.0280589267813041,0.00942909389361489,0.0137262082196977,0.0184968937527126,0.0187386169558807,0.0168121788922707,0.0206077986092528,0.0175658879493919,0.0182321876008055,0.0149334210600898
1564.11080336739,0.0022490310210872,0,0.00659435085771115,0.00478872391553587,0.0120451275852095,0.0131178753109499,0.00509218130612757,0,0.012110339811161,0.0037448971068507,0.00776160767281674,0.00601412979106286,0.00722026473633867,0.00165080368083799,0.015627145972765,0.00779618353739343,0.00633002447064325,0.0130380447714946,0.0258392982995711,0.0124149919314158,0.00456595257453041,0.00944011135778353,0.00676967521724049,0.0101953322482669,0.00912884652175024,0.00100240636454696,0.00561422742592583,0.0141045792317969,0.00768104292344853,0.00452110856503771,0.00810367395135283,0.00201163106074276,0.00688898887856939,0.00264941409468762,0.00354650116971462,0.00455434392526278,0.0119956239893706,0.0207511505983872,0,0.00546648201505207,0.00327042132459365,0.00507716150182318,0.0121725016982552,0.00814601910055459,0.00458664479358181,0.0144533184822433,0.00133562529373949,0.00986693985267851,0.008741226432284,0.00464595645436389,0.00211831458591902,0.00370842445794037,0.0118057815745009,0.00474187067840056,0.0106113601520292,0.00360052769527055,0.00852968091205213,0.00663709709880014,0.0106291015550333,0.00431511988030497,0.0101267378740117,0.00776125428872842,0,0.0099386902543311,0.0156654498086207,0.0179994365569873,0.0116914440159658,0.0139744242817743,0.0141161465343997,0.00448847396562927,0.00719934304773811,0.00585417488336785,0.00632859284364565,0.00472816609928658,0.0126492002990353,0.0140508216423487,0.00704555937398324,0,0.0025591701396952,0.00593492127611704,0.00322267953394483,0,0.00583405910238819,0.00181967166229002,0.00573614316141481,0.00968181317760253,0.00455732027041275,0.0202311914064622,0.00993549882452,0.00261147305340696,0.00126337862863148,0.00775561248340541,0.000465336061454329,0.00151734846911072,0.0103469885736367,0.00398522637496795,0.0131547779835749,0.00253109474905904,0.0121577131631203,0.0140883083814845,0.0134930360321422,0.00210156893615418,0.0119803638064038,0.00526872084929762,0.0105098708100938,0.0190719697694788,0.00987919806729153,0.00969738046191922,0.00201832157950353,0.00372889161881881,0.0116999654324734,0.008376510591471,0.0108362992044449,0.0196696557824965,0.000167567765479008
1566.81658511252,0.0171199156856333,0.00807557480935097,0.0101877529107279,0.0093559423995996,0,0.000675350075602165,0,0.00810977983299181,0.0136085724178778,0,0.0118726643696292,0.00421220154893957,0.0053938348995893,0.00956842033955451,0.00460288872300512,0.00602176976279604,0.0178704495106934,0.0117996699872071,0.0317279325115084,0.00846735829028729,0.00382638867824383,0.00445291612978222,0.00498056821053601,0.014746717720441,0.0116090390871477,0.00957570339113781,0.00379144640109641,0.00801984913348084,0.00639130346963247,0.0134724649965985,0.0106429693671846,0.0102651915556876,0.00722032026613199,0.00897745994450902,0.00442361388472242,0.00645880210082764,0.016599728327127,0.00926365377232104,0.010418501341499,0.00905500868717693,0.0129160228125079,0.0134991801619526,0.00338272618719759,0.00847083378767719,0.00222265232637933,0.00546548290009023,0.0119897713071217,0.00856541025955977,0.00796626924094171,0.00713689328031543,0.00404683491373999,0.00507567304328195,0.000263843865340421,0.00128500008222451,0.0115915652653476,0.0152407236547202,0.00186214607690869,0.00369735580182555,0.0120146404324883,0.00681173595388164,0.01261007106995,0.00213248724015425,0.000638858002346307,0.0157045375589331,0.00511933638890507,0.0246204172378013,0.0104201071473122,0.0121328969240916,0.00895293751445372,6.311635307428e-05,0.0130041063694961,0,0.00936989643009934,0.00179571927395178,0.00660201978064393,0.0118815299153515,0.00951679374675904,0.00813307014113175,0.012619614370506,0.00462127283316484,0.0100143499358351,0.00440073062925806,0.00346991114158185,0.0043228450385828,0.00886310418797875,0.0114828384988109,0.00433931300937997,0.00699860739305421,0.000526274554465994,0.0110452743188177,0.00649073387151375,0.00219800467059875,0.0101270991308936,0.00721398066419198,0.0120141646932691,0.000544385745077268,0.0107714816813237,0.0137477586464505,0.0081709308897685,0.010631110361043,0.00780403228015141,0.00687848085208184,0.00639617913926048,0.000189228899958752,0.011660608547192,0.0120034258048012,0.00813348217851735,0.0105941562484447,0.00830202143838318,0.0068117513452735,0.00552761365014956,0.00490429607376947,0.00738834460213496,0.00515799576763074,0.0118398533255224
1569.52052523145,0.0298631259030926,0.0207543690440946,0.0424972454295303,0.0272002915972613,0.0320708794559213,0.0293312193589859,0.0365535234643997,0.0311054706530089,0.0383736455815216,0.0391459199585843,0.0241032120360326,0.0368520704914566,0.0301285633744048,0.0272282539505981,0.0309950324150203,0.0281081923723021,0.0374442273706922,0.0407859641277466,0.0534040844203063,0.0311164907283204,0.0381246445093039,0.0320099412961306,0.0325552477355893,0.0426131717541018,0.0210779265135366,0.0367866123874824,0.0386511384966987,0.0378634408600305,0.0235344730921753,0.0299860036363245,0.0391292257415534,0.0264392112152701,0.0333928665624775,0.0311470313090356,0.0326369838128687,0.0169346805783644,0.037845269200252,0.0289322572569552,0.032573840772275,0.0289951275911375,0.0302552365491955,0.0289519550768282,0.0305607830820938,0.0348074664374572,0.0310277921237626,0.0370067505619485,0.0324472482802172,0.0311133767398722,0.0301332212613783,0.0275673143598033,0.0353881775148323,0.0244773934086916,0.0313777255200334,0.0348341644043039,0.0311958933500973,0.0306762829351853,0.0338379728622409,0.0235351352314632,0.0377763364726491,0.0261469861218183,0.028118632350589,0.029446280463687,0.0350248756230295,0.0312511402377806,0.0185629041116012,0.0397494443676564,0.040846621274541,0.0249153038995971,0.0202567173631367,0.0284965571842229,0.0281055032590298,0.03322194980584,0.032285727307361,0.035987438268897,0.0403532708313767,0.0416624735717443,0.0404383623033478,0.0242133612864485,0.0400053769830728,0.037058961287953,0.0346190376364624,0.0364587973653563,0.0300484360116437,0.0287753439736731,0.0397208037655944,0.0329259730538417,0.0348443603046018,0.0214136491919285,0.0393471884935387,0.0372982127034808,0.0269058745960638,0.0225394458466285,0.0280356234833369,0.0300064338714501,0.0269924802284077,0.0333842214248566,0.0348200776829276,0.0347982249299158,0.0259109030705938,0.0256768960208444,0.0285716393287165,0.0336821373238213,0.0336880758490002,0.0353153500927337,0.0318361484669575,0.0433179733422748,0.0369408244795225,0.0420156019185612,0.0308512701665427,0.0312725677406397,0.0286336148108302,0.0358518926217102,0.0338281191338498,0.0297759538078962,0.0370126094773478
1572.22262544705,0.00713335206279038,0.0238401558141403,0.00445362121142539,0.0137894995230209,0.0136489419203398,0.0190705018564183,0.0146485598027454,0.0186521034168477,0.023705648351628,0.0184960272330741,0.0217853184751288,0.00982270483164767,0.015352188757789,0.0135984711781645,0.00701316169920787,0.0189653279889517,0.0111179332836116,0.0237004583630768,0.0354300862590977,0.0174570204920868,0.013192066704523,0.0100102629812096,0.0142774650950641,0.0165081753226123,0.0134263386542357,0.0032561731554751,0.0233989953073849,0.00771165920732189,0.0233755737252737,0.00506039743566917,0.0179547278339723,0.0242117656985583,0.0138705803059524,0.00861526194667817,0.0177217537192222,0.0226254440904178,0.0124774366904116,0.0164184590917666,0.0122589756825368,0.00868422995022558,0.0218703501389328,0.0126268124515832,0.00840641682059987,0.00919077870910577,0.0244150344592355,0.0154776237739423,0.0268508155318462,0.00874161277041563,0.00976240146106388,0.0208764723498539,0.00850881720140731,0.00999903545383885,0.0112486414472351,0.0118477991036667,0.0125309270721689,0.00680332565998106,0.00522532607368406,0.0271437608843054,0.0148563888343035,0.00808001050407324,0.0122303221226029,0.0168485469983099,0.0122072005460455,0.0137554335744162,0.0162349804049287,0.0193882477116487,0.00794966595129436,0.0204176259611542,0.00911230055022747,0.0129968662138578,0.00559445235088665,0.00540197290466725,0.0203517309061824,0.00909680189111377,0.0198421287050591,0.0235802531295151,0.01077576347894,0.0142709832124754,0.0138875025823858,0.0109130862721539,0.0204334191354061,0.00836189560183635,0.0135456397542787,0.0195611561144374,0.0032384672330702,0.0260047778717706,0.0158224928675445,0.0123964778672786,0.00615290294094382,0.0139635189692618,0.0175581160734878,0.00571005234649631,0.0218472205288173,0.0106760073630779,0.0101079960593907,0.0175621141255353,0.00937779413621497,0.0193550704260709,0.0143763521806442,0.0195499239000953,0.0146707570694374,0.0181552929555886,0.0163015042870725,0.0134505184976181,0.0113231235598242,0.0116727786010418,0.0252532848406968,0.0113700253268912,0.0139014041792829,0.00757429064776417,0.0132985870576874,0.0127722952550087,0.0125098393152641,0.00319477152938856,0.00722334473145077
1574.92288747995,0,0.00237364435216011,0.00541226795797555,0.00252302373585571,0.00599490629780904,0,0,0.00568638546664734,0.0160892588847226,0.00381800483489677,0,0.00110208941561254,0,0.00269257362740403,0,0,0.00297119890314315,0.0145867382671505,0.020199725635016,0,0,0,0.00509268216945098,0.000484519098171448,0.00526306236407745,0,0,0.00545018301752382,0.00645619428957048,0.0076209319503656,0,0.00516232650548399,0.00728101371979263,0,0,0,0.00267921528909991,0,0.00340925905526443,0.00254819028983013,0.00584002628240626,0,0,0.00525479160737171,0,0.0092990469661178,0,0.00480472838008826,0,0.000637075260083441,0.0163860844586515,0.00613905274430679,0.00571392005102283,0.00357003877475615,0,0.00558403170673027,0.0109652159596961,0,0.0022424718560056,0,0.00069977752207328,0.00697264904531863,0.00237098675120719,7.80477439528832e-05,0.00303779360794475,0.0186675425346357,0.0105735575558641,0.0018845033824224,0.00073258627100473,0.00387624024935357,0.00383490509031028,0.00149826585358851,0.010051051591278,0.00350844215422394,0,0.0129724135083443,0,0.00435269105858108,0.00347319647885556,0.00137880930354762,0.0100450089191635,0.000169017291616471,0.00470595090541985,0.00555804979959893,0,0.0154970053965058,0.0102890458387765,0,0.00277307468558594,0.000898681154717416,0.00606799444330012,0.00399880290031999,0,0,0.00122034536823256,0.000211076911727453,0.0125683592109798,0,0.00123841508850596,0.0025769444053417,0,0,0.00593973701394698,0.00138368647893794,0.0071209506286699,0.00325685458715771,0.00915012206936822,0.000356256009009236,0,0,0,0.00118206162640028,0.00316129476694005,0.00527856569333199,0.000638204151308287
1577.62131304863,0.0123017597515242,0.0156584567198972,0.00856067692657538,0.00506425526532313,0.00749736112113581,0,0.00274444131055095,0.0131703969577559,0.0171461784671135,0.00970986322004062,0.00372889832795458,0.0020859159022642,0.00428572975814467,0.0155665871895292,0.00410194755958735,0.00975686886718263,0,0.00920624847847716,0.0310840042954813,0.0167851138315563,0.0086480354930541,0.0167296866103111,0.00980208845543194,0.0114818731876115,0.013732642510845,0.00305802105612448,0.003749507481444,0.00642833767432468,0.00418007601350716,0.00535909174775459,0.0107832131667039,0.00982702141780925,0.0114728435089578,0.00398670441006914,0.00872219301749103,0.00308991172876968,0.000409861974503456,0.00327141434727171,0.00221123520266432,0.000790522870448437,0.00955609239721411,0.00430387267160064,0,0,0.0139460572804287,0.00205017602973629,0.00160547772152599,0.00468260816636033,0.00565327448062672,0.0157104694730512,0.00611931445807911,0.00548120289222148,0.00667896721681006,0.00891333408183825,0.00809814646020879,0.00600533528079229,0.00117360535757362,0.00626105882155881,0.00588759131384977,0.00293622923857274,0.00273662729666195,0.00467567596161108,0.00875568248154494,0.00810729274723489,0.0111073487669196,0.0105523041760554,0.0121297181250026,0.00446473172288248,0.00498357652900429,0.00484202370698407,0.00700877906644952,0.00684988094223368,0.00406640532254469,0.00721946437983392,0.00845512858272169,0.00558238052222369,0.00730315199937917,0.00802456864530605,0.00714055573345147,0.00790336642565217,0.00938383339641992,0.0113429913860081,0.0046207871137021,0.00815699670986635,0.0167266170073919,0.00862961281752178,0.0058565597317371,0,0,0.00457489994895523,0.00326717768060685,0.00177310219651535,0,0.00303051555194698,0.00564427797692163,0.0067105128223802,0.00753079425426229,0.0157910420972579,0.00223171660695331,0.0111729529172229,0.0100707149520028,0.00862776169640633,0.00475720913099894,0.00563097348591065,0.0138012801489431,0.0185439525499115,0.00916882310969164,0.00570648324425977,0.00876730260696139,0.0139094342312788,0.00274508252785322,0.0125466998652313,0.00849751992103179,0.004081895532342,0.0064758103248321
1580.31790386938,0,0,0.00144765859215414,0.00444861140905623,0,0,0.00319520339186503,0.00563025543852963,0.0149851668145692,0.00373204836522394,0.00148356620282847,0.00578321689999681,0,0.00902910886179578,0,0,0,0.00861881008793753,0.0186238465362224,0.00428539804426859,0.00587367995379558,0,0,0,0,0.000806872592227942,0,0.00314384841309563,0,0.00689066139389393,0.00750469350548451,0,0.00278011047186022,0.00225463853482098,0.00207463197199016,0.0115227268656741,0.0110301085768765,0.00532229389118451,0.00267225286475789,0.00885394543331975,0.00398351310871962,0,0.00270976979771442,0.000161549219702656,0.00203522813457591,0.00413111521890365,0.00205873114894236,0,0.00172564858673429,0.00420594643663231,0,0,0.00658884198751062,0,0.00318375402676418,0.00429578122881108,0.00427925246780415,0,0,0,0.00154724549873151,0,0,0.0129082873632729,0.00612923223748168,0.0220778742905878,0,0.00274327901357513,0,0.00159514926801813,0.0140253088586421,0,0.00990913826957035,0,0,0.011520016741043,0.00882117639509541,0.0111781865654334,0,0.00118297635369573,0,0,0.010016469587513,0.000619609155962527,0,0.0121133605991278,0.00360236001717717,0.00112037208411752,0,0.00234360478919042,0,0.00657993824427261,0.0045232594795477,0.00404567646869849,0,0.00857365605351852,0.00911972682849841,0.00259906955095453,0,0.0013141739296379,0.00505422471370191,0.00307604479976242,0.011676913121452,0.00447259378655676,0.000964650127321722,0.0201225076497401,0.0130981473456653,0.00726851841255037,0,0.000140195302500506,0.0096939160650225,0,0,0.000706479478620276,0
1583.01266165629,0.00627264081876666,0.00169667077269051,0.0116828439736481,0.00703800812685075,0.00359248841262011,0.0060102718466191,0.000486643153212781,0.0083279247884611,0,0.0021045592168249,0.00358044109268856,0,0.00414867334299726,0.000896802220589206,0.00345726819283315,0.000115843135366821,0.00270446243311412,0.00752619508409256,0.0186909396818177,0.0102488620126915,0.00635581535248141,0.00115489941701886,0.00542530967365578,0.00337447418417001,0.00234963084438479,0.00515035891714914,0.0079183874671071,0,0.00186723087020964,0.00844644135781639,0.00317106504757663,0.0050159020397345,0.00917198997277481,0.000547289180086499,0,0.00341712051305599,0.0088092806438361,0.00256652862028433,0,0.000614263277600259,0.00446177543478505,0.00631888619028079,0.00211120774499783,0.0114573644591353,0.00303647829490018,0.00678415290443432,0.0112294614978168,0,0.00819036587869621,0.0111845367802525,0.00329170323895131,0.00794531726396503,0.00436439092323963,0.00607898496448768,0,0.0123091189715121,0.00097229898562107,0.00768705657536887,0.0116267251024468,0,0,0.00123263893102554,0.0075617859040219,0,0.0055332085477671,0.0235587146484405,0.00439403082326954,0.00807600726130127,0.00259707655965438,0.002609367583065,0.00743004734861861,0.00568042454370799,0.00289972472257253,0.0021663973812279,0.00522915731375917,0.00737350139790738,0.0141180069445621,0.00513149109191364,0,0,0.0129851326967802,0.00689747689442193,0.00179583796572784,0.00647593980194904,0.0145599523351121,0.0202702041769323,0,0.00574794931232244,0.00794457762303983,0.00445078823263729,0.00477887016056445,0,0.00501031199912987,0.00615229014670659,0.00659608536288772,0.00269298987994378,0,0,0.0118882570211714,0.0088720955422678,0.0105254223269247,0.0102007384998467,0,0.00170968088466844,0.00661072706518077,0.0150961520187812,0.00484141299394422,0.00340853406128944,0.00318757341653295,0.00610703432814481,0.00149782102175091,0.00422867449764629,0,0,0.00690302871579599
1585.7055881213,0.000874548645298016,0,0.00732599573768698,0.00116934070084181,0.0132266362312124,0.0129422144660555,0,0.0105138499954448,0.00425305513794947,0,0,0.00195882335243827,0.00628351677242592,0.0057469606909911,0.0012756645521027,0.00486697759856116,0.0058678931441995,0.000100339051397794,0.0193282633272977,0.00701892388926946,0.0041691204948677,0.0181944904480194,0.00114046630811524,0.00650314613311615,0.00982121693262884,0.00568723362202752,0.00842271443190963,0.0111177730957341,0.00670376801979864,0.0111035302293421,0,0.00554276317417639,0.00267959670210261,0.00322826213011075,0.0052418199396471,0.00655512026921853,0,0,0,1.89367177422087e-05,0.00660835736030553,0.00574599768941241,0.00100067277392817,0,0.00513610098262368,0.00344104249572606,0.00684278074496072,0.00608815132167372,0.00103831047122499,0.0024435475987409,0.00485328362271736,0.00788911879700565,0.00378330061375128,0.00334011202411553,0.0065595163500063,0,0,0.00816571685860222,0.00235646291561042,0.00272728535639151,0.001950261045979,0.00818177310814282,0.0107811779932671,0.00577924435408341,0,0.029837827603888,0.00329398097226234,0.00478135851307998,0,0,0,0.00350367013905903,0.00235283221678425,0.00540563538673143,0.00365353580143104,0,0.00924860668811515,0.00399320487650745,0.00801507831380991,0.00274547407517115,0.00161456026964077,0.00256173511589423,0.00342144233382515,0,0.00699526608792299,0.00987129604057945,0.00185925392949377,0,0.00357853693093157,0.000111493867061018,0.00313433238390436,0.0017138521572815,0.00223278901220432,0.0104175078511027,0.00152987394359316,0.0040890347663571,0.0101710308307954,0.00190359143153267,0.00915785825482689,0.00938913154796205,0.00776141049034673,0,0,0.00820234497172564,0.0117399032228239,0.0195662653254557,0,0.00719845970042243,0,0.00498079371535415,0.000368941851119679,0.00747703909435814,0.00184869035249098,8.80700904088695e-05,0
1588.39668497415,0.00356856352491913,0.00386084266638284,0.00949039597143031,0,0.0126792026639822,0.00763016839081651,0.0126514994204709,0.0100382417024236,0.00811415965793327,0.00162857849581459,0.00946736025069458,0,0.00736011046998066,0.0176408954141215,0.0121252278555606,0.00593483972750325,0.000511821361794149,0.0186614725341732,0.0118398460903947,0.00706837732669376,0.00954863523665932,0,0.00434900782595342,0.0054211272633767,0.00820964362338781,0.00789206712512439,0.00356106311096178,0.00576397609047486,0.0115652393330065,0.0019386104204188,0.0113211425916695,0.00609448097537113,0,0.0081159753390458,0.00740950410129859,0.0129228629800933,0,0.00947404202294268,0.00474943825158477,0.0103336548897296,0.00494507017254797,0.0116658615508035,0.00635255397901114,0.00596776510231444,0.000279343256433961,0.00723871938441724,0.00845740463678236,0.00877226268325249,0.00427889281907183,0.00838564723125017,0.0064393588623559,0.00838691923439482,0.00538536407208409,0.00606518904101246,0.00281479029951772,0,0,0.00758540853241702,0.00880464371415661,0.00216493410283952,0,0.0102982036619213,0.00484749547846044,0.0133638626163297,0.00278178676950436,0.0197113033643875,0.00494948972053748,0.00151145319257393,0,0.00841845345057299,0.0161321793969833,0.00352377821161779,0.0130972350363076,0.00375943742112591,0.00855291297767474,0.0113958310453092,0.0076219494215591,0.00722083669079132,0.00258827077313359,0.00439380618125771,0.00266719457431376,0.00254880880276469,0.012165241929205,0.00435850656182678,0.00325881003760358,0.00466199700320035,0.00183204298999507,0.00412827588231725,0.0111533441880432,0.00334649922461127,0.000431308413691197,0.00929114598517084,0.00551024285602992,0.010439438923388,0.0103072944584989,0.0205310950346868,0.0096336948060119,0.0111301902153259,0.00536737787329628,0.00340893361209964,0.00447182614968851,0.00417326763138283,0.00726617740646639,0.00874678081006823,0.0174380295248343,0.00369833430570875,0.00505642990207911,0.0142811800520107,0.00961569292913325,0.0126401891090023,0,0,0.00511188465891435,0.00559929854847052,0.00149817378305455
1591.08595392242,0.00951436338041626,0.00711710019698186,0.00518349284883371,0.00275916776064685,0.0186030713687919,0.0151456842041835,0.0137302324667453,0.0224883275144029,0.0174062138576656,0.0125122930609924,0.0100194005187706,0.019207878653502,0.0127943705054127,0.00580477490356095,0.00403300743433273,0.00808700166763967,0.0117341800866631,0.0070469725955756,0.020140196219367,0.0179894164352849,0.0101048941529706,0.0118304553051779,0.00811623943056715,0.00383408309263328,0.0125164054977945,0.0112175683056638,0.00627188082546952,0.0052582045218942,0.0121202619904877,0.0186452535737648,0.015164247992624,0.00140678894730752,0.00805636112352363,0.0152105763907363,0.00741765953266364,0.015575019184159,0.0114072634909131,0.00732871270712974,0.00694490410796469,0.00978828081129004,0.0142635665814634,0.0230006009688851,0.00260906595219131,0.00325969819523978,0.00940908280084732,0.0137984021028973,0.0035777294547378,0.00173459838415773,0.0102729497090616,0.0116381123546975,0.0192714558343051,0.00890912057312772,0.0059328323392821,0.00827204905209178,0.0111307197179571,0.012251517532355,0.00943449328215858,0.0113638887924222,0.00770111226503562,0.0075941901196728,0.00678559487372224,0.00542343007993486,0.0081169582191719,0.0123001481582496,0.00716278803307515,0.0223348884185524,0.0131834058333513,0.00745915874718449,0,0.00738800552084215,0.0063388883683073,0.00574089422569731,0.0152820393086706,0.0054118365702492,0.00649015647949422,0.0200970650586935,0.00602006113893935,0.00558969620262504,0.0112438507295591,0.0104907213463083,0.0161431785684647,0.00632153394623371,0.00565625292183101,0.0134976933604515,0.00878335428549162,0.025290471348588,0.0104467854461637,0.00830578812710407,0.0138781134576044,0.00930265432431898,0.0107509214152167,0.012581308653983,0.00990901612794954,0.00621822880349386,0.0191105337603759,0.0178350220794937,0.0107719474960562,0.00621040976309953,0.00431494089982185,0.0121283489565313,0.00561291644340071,0.00422291402251139,0.0105117588684388,0.00605812515694442,0.0209910053834206,0.0333181732116028,0.0124183539851901,0.0039598486659749,0.00582818257825164,0.0153969470723609,0.00522775066181205,0.0107722427698887,0.0100291034181133,0.0182957274862404,0.00907520531466873
1593.77339667152,0.0111824771126052,0.0034528400339758,0.0155185677129809,0.00226573524682919,0.00467632290300075,0.00561659984636118,0.00846676434519205,0.00809034241552466,0.0137517668054671,0.0082831062939786,0.00250076421506309,0,0.00525597988543081,0.00209251483897411,0.0111399178290383,0.0065561838859164,0.00856337402851991,0.00923349573932854,0.0165105625956846,0.0072448599398796,0.000989934176487404,0.00761957314577321,0.00230676953600458,0.00121279550054906,0,0.00635737435096994,0.00631249478002418,0.00209818404876074,0.00078880736766926,0.00576041496541795,0.00931193816683806,0.00779951017355258,0.00271409832925645,0,0,0.00863479330799549,0.0103573495144984,0.00198762035146292,0.00262815453820725,1.57334457428939e-05,0.00772014870478052,0.00687067358520747,0.0160578911114417,0.00653198966801766,0.00352783323531019,0.00122559110413859,0.00741612121013805,0,0.00374200659553686,0.00622916487528216,0,0.00415845025466356,0.00920339181459849,0.000171596392962773,0,0.00150626573837677,0.00944357246014129,0.00920783776177174,0.00716355937212225,0.00491254311772347,0,0.00435081222301955,0.00277352562496843,0.000419983248656601,0.00666698516053719,0.0143842646399469,0.00505966697714204,0.00153543488490903,0.00798837817692204,0,0.000934440890058016,0.00635414148141358,0.0115899610486891,0.00545264754004339,0.00714025378384489,0.01073339098238,0.0044430867732153,0,0.00316320829654722,0,0.00484610458534267,0.00259659671364381,0.00844829972644098,0.00554925568644254,0.0137903270086026,0.0149748609070827,0.00669856891367091,0.00416771409828167,0.000378420703172831,0.00342021697406588,0.00647293581728652,0.00403764788216072,0,0.00202204687124946,0.00721280151429289,0.00428806237465942,0.00918460774282976,0.0105806809184316,0.00383042206235942,0.00674175078476536,0.00457669603922984,0.0130991240172993,0.000855890923562143,0.00882449540180646,0.00882772568183154,0.00850351310328084,0.00370937684098031,0.00836941365318821,0,0,0.00579816780723571,0,0.000854121612374318,0.00568113419279243,0.00535652167356007
1596.4590149247,0.00534607166465546,0.00195072007473701,0,0,0.0031302067228977,0,0.00322815017435626,0.0136056646661394,0,0.0024577084722587,0.00634137300387403,0,0,0,0.00472451028595598,0.00399110288119459,0.00701941332759116,0.00190834159744551,0.00638618245244035,0.0117104998601808,0.0112925479938599,0.0050331767937999,0,0.00126292940613327,0.00995434527733948,0.00152326625490334,0.0139258732321505,0.0080735788716423,0,0.00420853309491894,0.00834587312005755,0.00526802424158029,0,0.00165878902063565,0,0.00278766911265095,0.00718826336503887,0.00794364456366485,0.00215053428399274,0.000609414442032256,0.00613263904813659,0,0.00592666546354211,0.00116629762398639,0.00411546578651432,0.0100255293300683,0.0042172160013243,0.00452126008203678,0.00323882322920364,0.00627440754161274,0.00119332354862556,0,0.00818175137182985,0.0029740140166605,0.0114280067961236,0.0053338354447757,0.0035771572350979,0.00924381909179792,0.0017804324335072,0.00659556789861671,0.0079283899451059,0,0.00447399390337939,0,0.0034732270552916,0.0191840633505902,0.00897563141867737,0.00753335470240046,0.00528846348338455,0.000105852885832293,0.00155534945472907,0.00210564670369346,0.00255765980246225,0.00333642460218137,0.00136600217994793,0.0184229132057936,0.012009173272622,0.00511608497884342,0.0059211632530648,0.00119792292902998,0.00705082698793544,0.00534413580853677,0,0.00618232872615078,0.0090444177228503,0.012946531429396,0,0,0.00477811758912908,0,0.00817738860518405,0.00306647195464332,0.00178769000737658,0.00265256417870587,0.00650184142550883,0.0182182142557696,0.00542198801950657,0.00134988920920669,0.00771194611512125,0.00518495582312295,0.00411670121509424,0.00164870535335508,0.000918826222821428,0.00347108138171246,0.00917655258962943,0.0249148122367626,0,0.0122596063015714,0.00861399449188884,0.000727772924548932,0.000434234462037234,0.00543195648202001,0.00690791722901986,0,0.0011237813645439
1599.14281038303,0.00975367386286001,0.0106248666350858,0.00811403468901084,0.00559481635069429,0.0102045736156065,0.00637195539877149,0,0.0116226937495322,0.00165658095561781,0.00314617172624547,0.0134456334300421,0.0060139414835057,0.000545337099611071,0.0044630155761959,0.0129666122617185,0.00727818628904104,0.00923842411729561,0.00679499038292927,0.0174861177964781,0.00806806634710297,0,0.00353828699919601,0,0.00610206844965244,0.00897920207827657,0.00547446477567989,0.00754833079510416,0.00496437182560706,0.00906431386397653,0.0134512723799089,0.00956592004683181,0.0122379193120304,0.0146953521940212,0,0.00431876762342769,0.00925339370153723,0.00511650284336698,0.00855712216548943,0.00932578980127536,0.00993669919336819,0.0105968507273627,0.00864382414725756,0.00494083723578123,0.00557122743240851,0.0047282068483653,0,0.012453140369996,0.00622351573005472,0.0180398531252599,0.00905947533117432,0.00875669108734394,0.00585589212144365,0.00664559754805087,0.00797790046273704,0.00286260569138262,0.0070315695042236,0.00899983535778985,0.00984669331823126,0.00778696686592957,0.00233762383294446,0.00528709426969573,0.00281939880636257,0.00458035898484706,0.0141373539635559,0.00466244153402221,0.0250722023891163,0.0118250412297492,0.0151788459317682,0.00535457166410775,0.00603524438325113,0.0125654078603327,0.00548462801660189,0.0112554021855,0.0088839775637487,0.00636726421674819,0.0128366384042673,0.00136445952430612,0.0062739077276254,0.00383814372878339,0.00350144215867475,0.0125149602960285,0.00919122009400189,0.0141085814583579,0.0111188928699207,0.00541102075849564,0.0186894411079575,0.000353807047987073,0.00117636755349728,0.00324491987439152,0.0116834210539413,0.00774078339606722,0.0037382685414494,0.00571389341502977,0.0107774405225238,0.0191036410121311,0.0052415111428772,0.0044357275256982,0.0112199722173073,0.00456572936505906,0.00365357422565936,0.00478375721685045,0.00672602958094432,0.00800783554594331,0.00248698774659515,0.0171519847670271,0.0276185591429147,0.0163432186681755,0.00691604971429793,0.00814932907705012,0.00739375531881846,0.00647228750356635,0.00771341654757119,0.00701448267717216,0,0.00877586810186027
1601.82478474544,0.0141866642608734,0.0129131963128541,0.00769831815930192,0.0189602759418667,0.0065609126357525,0.00118710276273557,0.011926787283659,0.022028539123928,0.00835063309534289,0.00494202800564074,0,0.0109887776865428,0.0136633377646583,0.0132455432877002,0.0190669480413429,0.00794215721415776,0.0136185643430497,0.0117073293525994,0.0204610956287276,0.0152978181245896,0.00665588206925113,0.0132643976134597,0.0229070791489918,0.0152009953031829,0.0160660269530464,0.00671484064424453,0.00227469907846135,0.0179574073094963,0.0135112172826525,0.00979576555723781,0.0118921145302022,0.0144954280422476,0.010504521017302,0.013844719767701,0.00443014163895041,0.0109355664310572,0.0132552108591076,0.0145635574650781,0.0127132735452095,0.0138470514594111,0.0101562600078275,0.0146889430464538,0.00827222690774247,0.0132498184469004,0.0080511665502073,0.0145656174850352,0.0082191278453889,0.0112003656521252,0.0137683439574288,0.00426937392138688,0.0131391688286023,0.0191909332865416,0.00783296765733372,0.0146395593686023,0.00526434126328949,0.0238412187013277,0.0187386956534407,0.00614075385477623,0.0154422531382515,0.0149200728559105,0.00863021359118843,0.00883681840012417,0.0020129992441316,0.0142580890163458,0.012958152858218,0.0320488373985737,0.00869314156258744,0.00770885360507312,0.0196970158663073,0.00987153527329233,0.0126919805434427,0.0143192188687871,0.0210513836254101,0.013365974720641,0.0183817494082749,0.0237717680993696,0.014880981494852,0.00582937042308627,0.022326249958363,0.0152302750170712,0.0158478433718627,0.00983953321297257,0.0142489212688785,0.00966368195675229,0.0191881516273125,0.0229121436486309,0.0144538730386726,0.0106629601110841,0.0147365862913698,0.0128872313472347,0.0138284827881486,0.0119828452538241,0.0118584005244874,0.00825772169895955,0.019508268564051,0.0124909994166887,0.0155787923765819,0.0238401774978897,0.0150095098940082,0.00758280306660909,0.00988207789864138,0.0173299856627793,0.0156601728778925,0.00750135410354742,0.0294970707366408,0.0374517975439285,0.0182591276315932,0.00976793401557256,0.00933397065151853,0.0190133542442865,0.0184949130648261,0.0105662899927604,0.0114905536573847,0.00544303714950314,0.0180704906427235
1604.50493970872,0.00519944483095708,0.00400746509737398,0.0127220046181974,0.00796424824875099,0.00294307080092822,0.00936398118986667,0.00145784036243676,0.00934932049772279,0.00804447734392313,0.00243880974834998,0.0061421650192192,0.010073966531685,0.0111013893015559,0.0101764314727276,0.0105615753261509,0.00386430642866257,0.0116160500334691,0.0155858306219687,0.0028105899551621,0.00248944345013641,0.0111093236370563,0,0.00973234719157982,0.00950287543479989,0.0124632803054993,0.0167408253859505,0.00511336963441914,0.0106125019396609,0,0.00778104938786098,0.00776382075083878,0.000458989907655672,0,0,0.00784513355221265,0.00409446069559183,0.00158524651666986,0.0125438942058255,0.00468593597463976,0.00472101861527605,0.00207184682266699,0.00944031143398605,0.0084102545817851,0.00525232517779231,0.0103255374529637,0,0.00129461023765524,0.00645617456789249,0.00843139156438422,0.00276229205020675,0.00365387223028716,0.00288556216581396,0.0101250593972799,0.00446834244476943,0.00276881287953137,0.0105037152879772,0.0167022126110974,0.00408551879087753,0.00309964592439904,0.00691677965401362,0.0163326900021661,0.00300680297498056,0.0156680165266241,0,0.00330543583441725,0.0226207685807039,0.00667938222511306,0.0143239361785431,0.00391958846817207,0.00525966556930997,0.00793522917121615,0.00580343102241492,0.000827904803703213,0.00532512155819627,0.00516013477002963,0.0161104969075879,0.00589616871189628,0.0032399826387945,0.00353287569509861,0.016480015696862,0.0095024930287729,0.00943844893524061,0.00568484955389333,0.0151861063800587,0.0096312895182415,0.020452794695618,0.0172687369007776,0.00974963075413249,0.00621284836152658,0.00441005189613768,0.00802704477752409,0,0.0103537503674204,0.00736412039206096,0.0050585705154361,0.0151055153067356,0.00694170740453845,0.00596381751846763,0.00431907233300958,0.00936371750525079,0.00674622353691662,0.0158587043881885,0.00233301670983869,0.0114553498096731,0.019612300729888,0.0255271594075782,0.00965536541403641,0.0121008826770167,0.0116266567340762,0.00711480142512934,0.0110397195792951,0.00853102361212802,0.00133203622583554,0.014411075191974,0.00852291676203508
1607.18327696747,0.0199024124495878,0.0164980098276646,0.0172302545724921,0.0171392808217765,0.0106320784343529,0.0116991143059812,0.0143596576686466,0.0144340750663797,0.0158727555694834,0.0242917312980386,0.0176410959916789,0.0102607691351844,0.0150642922553328,0.00983297399057019,0.0177979907141365,0.0135847680637084,0.0133769403965396,0.0168411287306442,0.0243206307029698,0.0233296834751252,0.0188205579521991,0.0104022149645834,0.0147210249278621,0.0175933156172857,0.0115651692361444,0.0103702399235252,0.0133690117215286,0.010260050383873,0.0149024412649919,0.0170998622042752,0.0241839848296748,0.00382098668911297,0.0215627457660883,0.00868039022855172,0.00910149120646427,0.0223890376693959,0.0145996249971454,0.0121601012093028,0.022290313234999,0.00541754501247619,0.008257096636339,0.0182315987339499,0.0198400345661281,0.0113572864425644,0.023902307927498,0.0131883255359237,0.0204742885793649,0.0120262531985643,0.0145794390238527,0.00345257119108962,0.0161024924874636,0.0183899509648824,0.0221563997009534,0.0242352430744067,0.0123348216320078,0.0149724194995591,0.0114727532554374,0.0188504465107951,0.00864117001611365,0.0135845345396982,0.01105916406469,0.0123125337437839,0.00883341602632011,0.0243332051151376,0.0214571774745819,0.0450274049418829,0.0161598133900502,0.0133943041943107,0.0166694715365038,0.0155021948674511,0.0212044504066696,0.0152326165570028,0.011747762735917,0.0240442197811428,0.016689243693411,0.0153933050045597,0.0183911168555235,0.0212966639397587,0.0209906335318037,0.0155443761646497,0.00911238468248129,0.0203461841890992,0.0107876396451629,0.0228733769139365,0.0174852524078662,0.0257651553221152,0.0093371321300592,0.0109458979979643,0.0166723721490004,0.019146587550797,0.0217480282172556,0.0139957936527162,0.0127122966526831,0.0187668405187516,0.0161456534664858,0.00945959780491436,0.0126349037879267,0.00827882232623383,0.0213257001366268,0.0117139893382889,0.014099383934717,0.0171640369233682,0.0164981736781534,0.017607109742891,0.0173545869062808,0.0292564836352355,0.0116244805805587,0.0144596989108847,0.0123205021377021,0.00126523428604464,0.0122781679527966,0.0174408891781839,0.0243211710516233,0.0173463305787947,0.0227202704834719
1609.85979821418,0.00881537684960996,0.00924653648085621,0.00985460392377971,0.00354355841415277,0.00223165228449446,0.00979295134939067,0.0103086237302038,0.0050338366941876,0.0145390541090913,0.0110281600637187,0.0108156228906416,0.0115493327716096,0.0163453846962561,0.0127552125758031,0.00663557648827556,0.0106179912268028,0.0194353754452003,0.0197120702232256,0.00835675465892404,0.0176246305513103,0.00447183169277617,0.0106091789273048,0.00533284364835121,0.00771083107029573,0.0112287897051954,0.0116906810832254,0.0124861868154447,0.00993366527007836,0.0118470558170652,0.0140593367482135,0.0120076595757,0.0114205343979603,0.00722946417165979,0.0110463249416619,0.0103843241138495,0.0172011431604993,0.00780562221715957,0.0155593946714944,0.00668817127675305,0.00178609433460443,0.0161119870085839,0.0108783237042922,0.0109093697480013,0.00936640537878689,0.00743314553918933,0.00733893823124052,0.00871249405746781,0.00516813050938313,0.00984036683648593,0.0090548677920729,0.0173553851985548,0.00743266562978641,0.0115481987150621,0.0146610854045008,0.0115333268515088,0.0156954713234795,0.0084143503537536,0.00601126080251455,0.0174553883934343,0.0115998592166635,0.00906181639874108,0.0146280624852819,0,0.00772665228074151,0.0140353262148499,0.0197536505815446,0.00436857167882243,0.0135720773567894,0.0173871812820574,0.00723444556401492,0.00940876870128372,0.00622570873656845,0.0108899428919332,0.00678028498891449,0.00781996700630218,0.00885017699819546,0.0051669016884375,0.0133327389326734,0.0141435189484008,0.00744736665238061,0.015216741189548,0.00871250826167989,0.00827758447637569,0,0.0112409780648235,0.0254281785445183,0.0111256667973495,0.00851843673975238,0.00982501215348835,0.0112603017361652,0.00949918531620264,0.00506916193333961,0.00084357438124231,0.0141903711014238,0.00972140438045837,0.0167890974371929,0.00735089768513955,0.00734904697458077,0.00851731358224505,0.0113727342495494,0.0110159534663823,0.0157455013845266,0.00537552878593397,0.0150968143242936,0.0080671234788802,0.0235409202798781,0.0125102971877366,0.0130319248505597,4.61325959514481e-05,0.00475001818692857,0.00975001339762832,0.0181870863742634,0.00878496285361559,0.0109442341984053,0.0169975653342095
1612.53450513917,0.0257214578365507,0.0159119132258785,0.0268664812432514,0.0233728734356563,0.0201795486200199,0.022315831612719,0.0195477033824122,0.0209226680479984,0.0202590507094583,0.0286089667833349,0.0148105554876932,0.0241575871494311,0.0144032359447493,0.0254220274623446,0.0296404212530693,0.0172121085150582,0.0153736202256208,0.0289673397109501,0.0304667231543705,0.0222500751320767,0.0160056902785007,0.0183058565139398,0.0162421627923554,0.0296154469432937,0.0210980111682258,0.0250818357271863,0.0229506832340893,0.024638334950705,0.022895396678897,0.0228911053752373,0.025240591723676,0.0253635450521622,0.0171261056195453,0.0287107021682391,0.0237110654645164,0.0189841389842207,0.0230159611402724,0.0227419193178457,0.0292484378002968,0.0183183797240281,0.0245409979546615,0.0240333905585676,0.0138072268883577,0.0128154591681636,0.0285793376494188,0.0212210859046353,0.0279448351559355,0.021078862054797,0.0182235843980356,0.0249983512463801,0.021305832811986,0.0245772368552047,0.01823461891122,0.0197976303994686,0.0244348246170187,0.0223714191414137,0.0198640911724061,0.0262453646608128,0.0111426741178428,0.0286258069552577,0.0168416052063591,0.0196674262879969,0.026016191798654,0.0301747042234519,0.009363155804909,0.0305557280200604,0.0275541226261924,0.0213463820154784,0.0208716488922332,0.0196469881786927,0.0238211917678638,0.023309113065795,0.0272263721573347,0.0233692964795152,0.0231642158834212,0.0236178605872951,0.0128863832340808,0.0173329782902651,0.020298590785846,0.0192814435695393,0.0288938681869269,0.0218206271452467,0.0254366932035313,0.0185392760498351,0.0251241367842128,0.0225392219476017,0.0226344845589925,0.0144555412669765,0.0197946195136639,0.0244310030069589,0.0151483256213258,0.0134189809067815,0.0284713630709763,0.0181759933174963,0.025114010111955,0.0345044374264091,0.0235496218397981,0.0200705612266683,0.0212360155300387,0.0208407165601875,0.0239286110916832,0.0143535618353013,0.0142054433279481,0.0261875377168203,0.0297495783611541,0.0344267430287914,0.0123129649410364,0.0268807243216892,0.025695820787435,0.0230446702825772,0.0300014483403128,0.0216891585384493,0.0253107471063503,0.0243965834346587,0.0301683974647285
1615.20739943063,0.00500557222556315,0.0124523401022661,0.00925752922208395,0.00399714468654348,0.00323683262789557,0.00659317864309986,0.00918134033311781,0.00190237040327628,0.00979063795282207,0.012154899529066,0.0085771166892927,0.00775232942533166,0.0151953386972382,0.0014026560977295,0.00498321806833814,0.00476271302528124,0,0.0138765109213257,0.00966800774503753,0.0117185923178404,0.00386384341638991,0.0127005694768363,0.0122414693033957,0.00919683939620177,0.012241808507535,0.00455873047714376,0.00972142039195694,0.00882379362095352,0.00419087850292924,0.00967122704819967,0.0120375540219921,0.0119579234708346,0.0114507372437679,0.0125847530831322,0.00429017044246163,0.0197241615926767,0.00555279991713375,0.00847972247188696,0.00934088261900502,0.00494290041267426,0.00724826567223966,0.0070298936950638,0.0135123006183418,0.0087103824468428,0.00571806364753832,0.00830879472483931,0.00428354034630652,0.0126488846968418,0.00535234221620409,0.0143658190518932,0.0049768677507937,0.00413584695351921,0.00282143832959379,0.00320727875766507,0.0165750974680296,0.0069828028629625,0.0109568410515973,0.00804041784615299,0.00864411267101162,0.0136759897539762,0.00460328024541887,0.0166375514899333,0.00576333584602796,0.0168724309546305,0.00961951393808243,0.0170021966669851,0.0109008863292955,0.0107614414457336,0.0106799272463211,0.00507593577211963,0.00498716611618559,0.0018655981215389,0.0146169439854696,0.00124760869821351,0.0148854248166629,0.0139367500012527,0.00454134803893148,0.00779356793866559,0.00377112119321642,0.0195312121642119,0.022111723010323,0.0102383928044476,0.00442756039605142,0.00705296857075056,0.0221930431470061,0.0207118435311363,0.0147798046739069,0.0120781804285468,0.00595788021964873,0.00904736715111787,0.01215836604414,0.0110142818808397,0.00733554932639879,0.00458220922884784,0.0192753586510081,0.0216881993535936,0.0144671218501015,0.0159218323892152,0.0025122960529329,0.0113123105620952,0.00272583097317335,0.00968798910950747,0.0112121908394924,0.00526757283727946,0.0172600728564859,0.02592307593368,0.0176933907898828,0.010254998997745,0.0102244834549001,0.00468087982345579,0.00964715540211785,0.0110221845624298,0.00602637552481909,0.00427729654338066,0.00455181131850156
1617.87848277462,0.0144344109554871,0.0106218020436564,0.02036729701306,0.0116849686571286,0.0239236179471829,0.0149016755418881,0.0190028641006324,0.0189211505164043,0.0117813978318386,0.0135696265783501,0.00830693150741069,0.00696928075739249,0.0176386852493571,0.0200617045613502,0.0199127374112942,0.0108796401417402,0.0137358082833639,0.0189460771195365,0.0155297825358937,0.0153139279307915,0.0143727972561976,0.00978717280097873,0.0205368313008548,0.0195068953060379,0.0168060728419565,0.0136247801687705,0.0196998811401546,0.00589705198200545,0.0174579353384178,0.0126317490490691,0.0237040117851617,0.010686908999557,0.0203239943842489,0.0270296470917943,0.0133006844251979,0.0199556200377076,0.0202793850229354,0.00819963718475297,0.0216032333389846,0.014996993552394,0.0151824543763891,0.0143081039150138,0.0186084209743305,0.013294078716999,0.0124175332896206,0.00965467217404081,0.0175929021137999,0.0172412196087695,0.0116059985794912,0.00701703862471603,0.0100480463436381,0.0139155652329622,0.0198133315943183,0.019818724429021,0.0191363368194776,0.00509057583567542,0.0128032993658573,0.0131573468381372,0.0197009023914848,0.0177370897231002,0.0194778834220068,0.02010942349742,0.0119913968592793,0.0220265530025462,0.0180725999676175,0.0273324726161191,0.0188488340097606,0.020751283973892,0.0218907631963044,0.0175406668387504,0.0254524784324332,0.0146577315922544,0.0143734221117832,0.0162527106667126,0.0109332808262346,0.0154570366272608,0.009631355578277,0.0118465262442362,0.0202512798932854,0.0120671505489669,0.0169727491614639,0.0142640124461064,0.0134549893522361,0.0223315344550029,0.0230918120797643,0.0168489989044774,0.0171842857889053,0.0196293380705642,0.0192296728165235,0.0131032430001202,0.0184014618918944,0.0226519706386114,0.0163771334595822,0.0192904130507105,0.0209044357975929,0.0296169743847762,0.0125633325130609,0.0150691108171691,0.0158267747771355,0.0175719906431569,0.0167931514538961,0.013300254497328,0.0120145599798095,0.0207548408169487,0.028140882839924,0.0387567400385628,0.0236561566206895,0.01326339888316,0.0207665682998766,0.0115304499503856,0.0153232772476474,0.0183985325171905,0.0128315269305378,0.0106221761246534,0.0140013186559554
1620.54775685504,0.014208721435911,0.0211057523422907,0.018511026573637,0.0162180760112194,0.0183150439612537,0.0152354288927246,0.00974981021699701,0.0295178269302056,0.0165021631436595,0.0128488148829621,0.0145398615042321,0.014279695122261,0.0201086910813124,0.0220109528065074,0.0224051063579785,0.0159636215744021,0.0209659993028993,0.0208633380352803,0.0208768070911926,0.0167675681106678,0.0173666942989425,0.0116983049290015,0.0171231721926303,0.0187262814735168,0.0224684147215361,0.0145066442403473,0.0243141364325966,0.023360674357034,0.0220886324084374,0.0247726074372219,0.0272966987253991,0.0168126747569514,0.0103983357518428,0.0164114283798325,0.0234307512764715,0.0186101224054167,0.0130539358278881,0.0202915024497415,0.0077420571235045,0.0169138983096985,0.0182128684557427,0.0232296985284701,0.0156837241156696,0.0103239310178519,0.0212912404438689,0.0192378378185911,0.0189766556234056,0.0207772494428335,0.0162494313629178,0.0170676079752863,0.0135424025293251,0.0163048832148504,0.0281971349772735,0.0212297384254092,0.0157070878156689,0.0172336816575321,0.014139442780714,0.0220928918829695,0.0194193813701472,0.0196552664926299,0.0143346629137121,0.0176709864346829,0.0193259536390136,0.0255807810180742,0.0270971051090624,0.028680401900813,0.0164477002935345,0.0183304051698698,0.0172332915195748,0.00831809642238993,0.020853473924624,0.0204174218522171,0.0211308039746598,0.0083695885139966,0.0182953142051942,0.0249863284978561,0.010456902491857,0.0213524391658459,0.0259441451218752,0.0284049501533216,0.0107816874376774,0.018853019743086,0.0214178036993705,0.0098285223396973,0.0213014446533649,0.0285016529626747,0.0255393419181018,0.0105267247363729,0.0173617470476014,0.0214996338511774,0.0187136283931856,0.0213791965811455,0.0183186366346148,0.0233550394355409,0.0236238689066992,0.022552779811324,0.0200390624754342,0.015877449204655,0.0172315821716803,0.017879698639248,0.00886024157948256,0.0152893729852394,0.0284613224628724,0.0216076564918007,0.00539288289734632,0.0265184049268585,0.0207653388452607,0.0299148359621814,0.0199652264424862,0.0156691538283784,0.013441083238614,0.0187037341681161,0.022378281172532,0.0153412921885521,0.0175473156040508
1623.21522335369,0.0172365613991865,0.0155882681619292,0.0177642867573166,0.0160061672374358,0.0111217669449758,0.0161295301852014,0.0116651424400655,0.014343077956563,0.00827807446319006,0.0105332744594078,0.00568741600699635,0.019465939914449,0.0198976177228705,0.0104899131281475,0.011376638619425,0.0210742314138907,0.00686267422125372,0.0138002294694666,0.00233839875164186,0.014995085443903,0.0182324648783642,0.00883788577297746,0.0142699771482305,0.0126781051115684,0.00297662413561624,0.00446726474888132,0.00793055613821393,0.013520850923339,0.00779573493197979,0.00947747544995704,0.00769419624178056,0.0145421309663532,0.0166351889076296,0.018365078145288,0.00900723224123231,0.0130164763542234,0.0101434732200761,0.0114758491254322,0.00752788733137819,0.00960524746997073,0.0157918207219035,0.00953932004379726,0.0154679615845027,0.00846288802858369,0.0140815618519656,0.0124269645542355,0.00952153529773273,0.0210911571143817,0.0105521478013751,0.00760033183060965,0.00530740503590865,0.013952651846749,0.0231161493445293,0.00907201168080623,0.0150403517195348,0.0186274650072752,0.0176473589932788,0.012093225753946,0.00671735591042352,0.011836929165594,0.00813447060022621,0.0131000095503832,0.0104908514344668,0.01452568163896,0.00891472550803024,0.00938389992359798,0.0135274355861386,0.0143139183228221,0.00766972323417892,0.0208355946562504,0.0113721700438626,0.00991375979423471,0.0139651683114581,0.0141530767440652,0.0176219913286736,0.0143239960401215,0.0118453103932599,0.0162338676737808,0.0197684992591704,0.0209949903723789,0.0148593673634836,0.011647486281621,0.010855756477572,0.00965186998524376,0.0141057787751011,0.0128253431864359,0.0112997845251551,0.00666189361352748,0.0144370465566884,0.0191375427835575,0.000638764209188242,0.0131257681318954,0.0230278108227827,0.0183767408431382,0.0072383240048761,0.0263929591630927,0.00663533675788301,0.0156218408370081,0.0154079551723961,0.0144096014646452,0.0114172312448205,0.0162055562243951,0.00884950908116162,0.0110841544826213,0.015786804865177,0.0228314000540286,0.0173470342397784,0.0122795825567124,0.00511357483741844,0.0121693079341913,0.00725125488610844,0.0163056938688151,0.00371702178634576,0.00962221825379629,0.0108773414751569
1625.88088395022,0.0676201271877001,0.0608526852497921,0.0657671271361736,0.0614134223593384,0.0641202162501766,0.0639929013777898,0.0629504757179551,0.071756877916238,0.0773757307189918,0.0736652090082332,0.0632468609006152,0.0628615226318299,0.0803701361862317,0.0546052084806069,0.0659473609386171,0.0574647493490733,0.0632732109995883,0.067695448666739,0.0713338423448094,0.0707329882021982,0.0589871990853171,0.0662471576370385,0.0631885516939004,0.0680619386208268,0.0665548607982393,0.0645282057520039,0.0632737747156252,0.0615838005825379,0.0725802496358644,0.0690572363992243,0.0756081373076608,0.0702070303626981,0.0707688058862616,0.0688892944757971,0.0623448731763327,0.0736980842567874,0.0721227929258468,0.0660254096975795,0.0754408735106768,0.069267193056022,0.0659898246459266,0.0605569282375773,0.058733794203734,0.0623950663472133,0.0681156733225123,0.066948204969809,0.064745496573766,0.0712492198003765,0.0681790904667345,0.0692800258385612,0.0612211113138472,0.0646008644901371,0.0612336632374383,0.0768873963178247,0.0740298375394335,0.0776997062628046,0.0748205476315785,0.0714655917056721,0.0670997988258118,0.0756437286515812,0.0707612153718206,0.0673783208962812,0.0718677650718603,0.0755919330600287,0.0789968291577665,0.0691022511690726,0.0712514222745585,0.0671028075287537,0.0710308620528074,0.0593301228628472,0.0684634553184775,0.0651403804838168,0.0728173352250758,0.059246177773551,0.0734124056700846,0.0686046244497217,0.0599230984066854,0.0675764813377073,0.0660654105897391,0.0661382253831432,0.0653243343709909,0.0732436979011245,0.0647058677471142,0.0752787990230529,0.069412754357974,0.0689306576182271,0.0687192258398624,0.0648484257976086,0.072745039518284,0.0771988077066755,0.0784495788560514,0.065813401651371,0.0776500542970837,0.0699765396874243,0.0806972300105578,0.0706604443551024,0.0741330020674813,0.070440528377678,0.0619000297798789,0.0821655776189356,0.0690691800852442,0.0562035605145291,0.0716655714876968,0.0652042419878419,0.0723511974688618,0.0750524438059073,0.066132393224228,0.0703786432767666,0.0687921379924965,0.065640414259153,0.0590558887036549,0.0690773788478749,0.0627286783642511,0.0672704151217033,0.0700012221096879
1628.54474032218,0.0158428611595762,0.0238670215852782,0.0201413476530322,0.0220236335185539,0.0161550121092713,0.0281343115754762,0.0161058435124598,0.0243891951216764,0.0281278724119533,0.015716462326405,0.0307006783992736,0.0240042866277786,0.028221703788841,0.0204631802705437,0.022458480193567,0.0149547886443773,0.0209211480653282,0.0151204832425118,0.0120906272513185,0.0288867909054656,0.0195056704113417,0.0282541188322386,0.0177138608639425,0.0265991051814755,0.0181857171172341,0.022792817827653,0.0102859101664406,0.0233959827899132,0.0188162584302726,0.025275934364258,0.0279775809540846,0.0274544333961326,0.015742433295732,0.0261717642109655,0.0173867796676742,0.0206070558505542,0.0178041448569153,0.0234466532773983,0.026249166172929,0.0190162843123422,0.0170571001477395,0.021047424463971,0.014580132658818,0.0253942986443718,0.0271286592454665,0.0153076232826075,0.0254636512179289,0.0288394127677607,0.02161119054421,0.0224061801185234,0.0209781995247478,0.026278869462675,0.0259856308353076,0.0267156753359513,0.0285596468276601,0.025806050939773,0.0215240839432642,0.0246794380269186,0.0203572912888448,0.0223171062231693,0.0277764859211693,0.0148301519722823,0.0209758445857118,0.0347765259059506,0.0260094174764251,0.0233602170537695,0.0290663073636802,0.0171764037699855,0.0231541563064553,0.0263553245725507,0.0213997195788908,0.0193954197170942,0.0319044189981389,0.0252554521480331,0.0228068571093006,0.0196878418392622,0.0147022299418344,0.0201860657470687,0.0183107274011413,0.027267403214664,0.0295629095580148,0.0274048844567902,0.0170945208542449,0.0238178617246907,0.0220707614772385,0.0207935167938338,0.0292187274995635,0.0167310296384422,0.0167924685854374,0.0285144338634935,0.0300999698249552,0.017724215335746,0.0182735403996263,0.0277067059737073,0.025039273879766,0.0315668384974735,0.0195209469411082,0.0206398331092903,0.0237787144607683,0.0189637903867115,0.0204676162609434,0.0170199637951175,0.0273315322861654,0.0205255633355532,0.0182025101213018,0.0240635852157388,0.0194747618082031,0.0266537257940681,0.0263816783819221,0.0205821288515582,0.0225809701489839,0.0225094138537085,0.0169726454067055,0.0136868775129529,0.0256493006652099
1631.20679414497,0.029169992140419,0.0323208954823248,0.0319272403878297,0.0271930012729669,0.0251587199755065,0.0269763035308165,0.0218149553272374,0.0264984975746098,0.0351218742383275,0.0178088715179206,0.0240879816997889,0.0233566830524698,0.0221345780671859,0.0268407436673706,0.0218085771055719,0.0222650165834239,0.0282574144217776,0.0298621883064177,0.0208152941500123,0.0152676849023472,0.026916217248979,0.0265404968824146,0.0224108870718791,0.0253941492103253,0.0303848763644448,0.0248808432200893,0.0209387024646391,0.0222116317490067,0.0278867416990215,0.0272920283999112,0.0235791770716429,0.0205270400305605,0.0199082969619701,0.029843365533922,0.0254416613935965,0.0188320911687069,0.0139019871506298,0.0222259128296216,0.0315649174901707,0.0172315272618092,0.0317003912355474,0.029536852341873,0.0165907569128574,0.0192814726006186,0.0205360664373013,0.0304731118789662,0.0340190871750728,0.0286931809467856,0.0219978620101932,0.0303925356533463,0.0245789294360813,0.0255950992305748,0.028000248399436,0.0233427010436393,0.0301637445852685,0.0213539434482427,0.0256479016624783,0.0223445896024631,0.0190998882644145,0.0178347007942726,0.0265322613257225,0.0216712178709776,0.0294985468240486,0.0275960902225422,0.0253382019281565,0.0295981549790079,0.0278661315200546,0.0175666874661191,0.0175086802404676,0.0209466450780714,0.0256361001671403,0.0279779677080984,0.0291108385298039,0.0278466700474922,0.027590356797568,0.0229441549202589,0.017780090399457,0.0200322923680681,0.0322204487107579,0.0276803685578391,0.0283292882368762,0.0202788840849497,0.032258713319373,0.0274653867247411,0.0252799384544948,0.0341143085591777,0.0236761338921678,0.0291016068524137,0.028572634592401,0.0197620135348944,0.0234787279883084,0.0268029675207633,0.0192261945498449,0.0260101717399616,0.0145834198159797,0.0204701757975046,0.026554772529444,0.0210084503318393,0.016068647524558,0.0226403285547873,0.0286133404771206,0.027369682509041,0.023955450348625,0.0209428307892184,0.0210815996728287,0.0190381634289126,0.0305717244652451,0.0221713528494033,0.0283931665994533,0.0281147974823676,0.0229723203535103,0.0256517666686083,0.0233698451464319,0.0174122599480569,0.0217549690075019
1633.8670470919,0,0.000197708776735246,0,0,0,0,0,0,0.00214574255936323,0,0,0,0,0.00139220873565833,0,0,0,0,0,0,0,0,0,0.000394590041909634,0,0,0,0,0,0,0,0,0,0.00190740852828503,0,0,0,0,0,0,0,0.00193961002886148,0,0,0.00698955247334639,0,0.00294168719263643,0,0.0011311108915847,0,0,0,0,0,0,0,0,0,0,0.00361637300925675,0,0,0.00187645768249037,0,0,0,0,0,0,0,0,0.000206633097305595,5.49881935777773e-05,0,0,0,0,0.000370890507106693,0.000199411846214845,0,0,0,0,0,0,0,0.00146400937000676,0,0,0,0,0.000331484545247074,0,0,0.000435514741540209,7.86522111306199e-05,0.00335691046362016,0,0,0,0,0,0,0,0,0.00409554536858954,0,0,0,0,0,0,0.00318855861448687,0.000785897308511682,0
1636.52550083414,0,0,0,0,0,0,0,0,0.000547943518180789,0,0,0,0,0,0.000541032465450686,0,0,0,0.00356890267685432,0,0,0,0,0.00400723939635222,0,0,0,0,0,0,0,0,0,0,0,0,0,5.19498602223868e-06,0,0.000137944589024407,0.001903486081683,0,0,0,0,0,0,0,0,0,0,0,0.00296962795795061,0,0,0.00391086405247914,0,0.00367027813513331,0,0.00190106881253923,0,0.000355573258181008,0,0,0.00501470966670071,0,0,0.0081548423440621,0.00191530829687745,0.000148130864515328,0,0,0,0.000375876669201028,0,0,0,0,0,0,0,0,0,0,0,0,0,0,0.00454954959835839,0,0.00381888188074532,0.0029970982118893,0.00202639929938656,0,0,0,0,2.46903914010378e-05,0,0,0.00148424518605033,0,0,0,0,0.000546384853320034,0,0,0,0,0,0.00581163594787179,0,0,0
1639.18215704078,0.0106913271602408,0.00869333015000942,0.0143963451536459,0.0152953305210258,0.0184924258502291,0.0172666874215903,0.0194727920478308,0.0157983528512166,0.0157346485083622,0.0101965857775442,0.0222246317059361,0.0172774255379528,0.0164944005723252,0.00996706654476264,0.0118967734719246,0.014165874745413,0.0135823815360442,0.00696327135643014,0.0199917682732385,0.0136250214449957,0.0126812893264879,0.00663558931892256,0.0147967658109736,0.0192927094289517,0.00285514480481517,0.0159863280560634,0.0126304339555889,0.0134646095669295,0.0146552859915052,0.0114249233117011,0.0164920092112545,0.00833249576128131,0.014819577674448,0.00557073498058047,0.00716707498355828,0.0179412309326831,0.0109356236178368,0.0181895562854991,0.0220727942150019,0.00768820140091044,0.0155339258607247,0.0115082438742583,0.0158116320516591,0.0119330352094253,0.011123658462087,0.0153777320845544,0.0218209524966289,0.00405245289003882,0.0129558826268119,0.0127120044859754,0.0179098324465052,0.0168179210110913,0.0142397381668167,0.0117610476801476,0.0236555114927598,0.0108557802866417,0.013506787197339,0.0230873345010019,0.024148824540828,0.0186554400324511,0.0132114075487199,0.0105150546358074,0.0109614889605106,0.0208532737305345,0.0115071435793854,0.0113864398491567,0.0266159352942628,0.0248496680273067,0.00895889501660655,0.0107089914303168,0.0128737272704222,0.0180519317520559,0.0155271350303215,0.0106879873485455,0.010932539775763,0.0190497424993976,0.0153770125770569,0.0126811581243476,0.0162596023720519,0.0158164624215148,0.0253287980588443,0.0108830181734763,0.0129853665724185,0.0118333316704101,0.0236670596006835,0.0179931423127037,0.0163657111635203,0.0111207484558081,0.0158697926730334,0.0173957680500034,0.0205672420614473,0.01916721976463,0.00909145059857422,0.017349867351216,0.0136786917017995,0.0220518525519545,0.0131609724526919,0.0195498289596476,0.013179450740908,0.0218773112839559,0.0097132519145109,0.00688022802477575,0.018833659160206,0.0185575860879247,0.0179487127008056,0.0178621737461615,0.0140765817156095,0.0219605413389765,0.0178054794761365,0.0120036125350848,0.0210583656039112,0.0166795676746119,0.0188356732072438,0.0193895880489631,0.0204772571135413
1641.83701737876,0.00691731313727801,0.00550267087275093,0.0105931792215072,0.00413854012012613,0.0114912342801756,0.00555090501307454,0.0152093152842072,0.0121101424974636,0.0158154791441273,0.00158805169761539,0.00870552537030111,0.0172786086448687,0.0116008705108822,0.0110572107447098,0.00485546893172163,0.00357556568450755,0.00554116705266527,0.0133382756280112,0.0147043309109693,0.0109654334136679,0.0121211914677177,0.0103626294155821,0.00733576756083583,0.0129014446649953,0.00337753363586406,0.00888153355506827,0.00290843974117814,0.0107830208243967,0.00921746920985647,0.00924180208193224,0.0127457723296848,0.00835903927683686,0.0121025098763164,0.00553524322952296,0.0175190749832941,0.00505373670185257,0.0157196683847668,0.012783576005057,0.0117006571988501,0.00492542129287507,0.0116615995933466,0.0104046257371971,0.0141762074431232,0.0124254786471419,0.0105468043900203,0.022991114309886,0.00549612144630755,0.00509972798937395,0.00363150597988034,0.000720717652345197,0.00986352245279292,0.0151823286454314,0.0190615088107219,0.00578188077707977,0.00950728403179885,0.00974639812693691,0.0102291863537309,0.008400885399371,0.00460042520154534,0.00668998972742651,0.0153267653530315,0.00397216248682104,0.00771746390270133,0.012697665133332,0.0153041179458783,0.00608372241358147,0.0113282682379845,0.0177792268912508,0,0.0197085195236773,0.00958415538739141,0.00773954322786091,0.0187438134037208,0.00738812050520477,0.0142148328808375,0.0149712864964301,0.00140080260264167,0.0186065320758161,0.0189240198050465,0.00307149052366119,0.0107261756227207,0.0054770004014842,0.0140734153378287,0.0107776718663002,0.0177533392023889,0,0.00716099883432618,0.0084810707637703,0.0153013572696227,0.0130670687829864,0.00863964698345373,0.00679533259344363,0.0101539906528069,0.000824953947398915,0.00546224153516533,0.0188377825567123,0.00655125570971626,0.00476520736395761,0,0.0071848216944701,0.0152169286796017,0.0162418531057961,0.00694705986431961,0.0136546511865097,0.00465782927331233,0.00868634837347069,0,0.00342724510069587,0.00422430164784047,0.0130769442137544,0.0123487016530214,0.00737424661020294,0.00525335371440103,0.00339686695626285,0.0177701233075312
1644.49008351297,0,0.00394249644870174,0.00411118222313314,0.0046724569216318,0.001294966634181,0.00773249718882345,0.00301465372014792,0.0111384442512836,0.00349317282427418,0.00219920351159192,0.00546885997286444,0,0.00402743364889663,0,0.00597118425001727,0.00360733112804447,0.00820731551956448,0.000137346592517162,0.0170561696293579,0.00236948234613807,0,0.0045211658927052,0.00737125555714441,0.00971352116642877,0.000713215153874762,0.00837483990608491,0,0.00384230934692033,0.00813919961263273,0.00493228167604222,0.0106480993748684,0.0105192609216024,0.00618594110225994,0.0104367412955441,0.00222621050100833,0.00234443530236059,0.00498569694999157,0.00686841536530078,0.00789431362119629,0,0,0.00771162440974828,0.00130239105600363,0.00807249458406463,0.00784954323875119,0,0,0.0056335107443614,0,0.00775879445044561,0.00451650425337055,0.000860218195706155,0.00124562445241701,0.00146289059036045,0.00742265216792228,0,0.00483339619864574,0.00186844159509162,0.00185583685372839,0.00343113589570811,0.0066350942119616,0.0114876919960625,0.00774079417595964,0.00782204967596573,0.00551227361682581,0,0.0026219498954946,0,0,0.0043740504947075,0,0,0.0026734862549757,0.00520741236436757,0.000325598548574588,0.00826137739597252,0.00622460854511863,0.00719541445919825,0,0.00196581387821823,0,0.0108445020621912,0,0.00600642127302002,0.00534898683981676,0,0,0,0.00717755662234791,0.00391286040230526,0,0.00145953310071819,0.00137676512920399,0.00886895167828272,0,0.009955051050308,0.00382071527992779,0.00526867370793153,0,0.00393383840971242,0.00257645276986884,0.00968003604614522,0.000473221365432195,0.00226355026995574,0,0,0.00100244126409296,0.00834212387684356,0.000415804774064054,0.0136308842734956,0,0.0166596654312578,0.00907437200260625,0,0.00161372782312046
1647.14135710615,0.0172009488533611,0.013095460052797,0.0203945227535933,0.0142464866852189,0.0265810699703179,0.0190107066475994,0.0210903934241458,0.0166458056939777,0.0225497892527734,0.0190587878768751,0.0162927894695207,0.0200543727434971,0.0203114935800678,0.0198011263689107,0.0130764003932785,0.0237961652364536,0.0141050372391777,0.0214040236226183,0.0232428861007563,0.024170653258739,0.0245513394557482,0.0280293566090411,0.0202378694645086,0.0208456453177927,0.0173643447435633,0.0182984893120017,0.0261373937669107,0.0162216461609188,0.0179179145637486,0.0119584365204877,0.0231604762084193,0.0211305991721328,0.0314934232669882,0.0137301914280006,0.0077190242324733,0.0199645345837041,0.0269791191849914,0.0181575540349192,0.0242739006016141,0.0217985092729382,0.0209840685528678,0.0222947672987541,0.0179628148682683,0.0151169814892823,0.0164568425005022,0.00108151292575954,0.0185677741322524,0.025147614157828,0.0243550622796976,0.0197109336602094,0.0184338086698872,0.0257663890794508,0.0179949842211206,0.0178388622770746,0.018495867588899,0.0189261151414643,0.0209206605160133,0.0143253621790113,0.0159151991951466,0.0229816751400722,0.0158484551996377,0.0206495943059491,0.020209658855844,0.0235726660393614,0.0197143520398521,0.0210156916372314,0.0228872217084278,0.0161591069079014,0.0242282647536386,0.015017743907022,0.0172709259565268,0.0214078214323262,0.0129200116010781,0.017785813845341,0.0171016784853353,0.0164791333954332,0.0255577552690941,0.0186031094111388,0.0108188234157912,0.0274279894233814,0.0128698058991108,0.0135529847889563,0.015242296342646,0.0189105393964589,0.0103576785414534,0.0150537057894449,0.0146861702151416,0.0215246758249039,0.028330458902047,0.0120427351508877,0.0238612093778155,0.0160973995449281,0.0172965266366606,0.0137398659798035,0.0167516891669755,0.00783446593033852,0.0203741348740391,0.0139749829839806,0.0257342334147108,0.0278861481914069,0.0274103998781471,0.0168983191057831,0.0214938094936153,0.0251092772227442,0.0264776666005972,0.0103094995324086,0.0217067664967015,0.0274461488096165,0.0188324536228931,0.0268064598087521,0.0172242232352039,0.0188753951722189,0.0281269645365108,0.0243707276414876,0.0216031543161838
1649.79083981897,0.00114043703650165,0,0.00476576644822342,0.0132453189467507,0.00892071610981049,0.000978446170661234,0.00364530426542535,0.00605800444069337,0.0129880439971189,0.00350742586378538,0.00177820929770911,0.00562035997593471,0.00575394906149113,0.0134179461890236,0.0034107664973276,0.00534398576108195,0,0.00402092197611592,0.0066327548638791,0.0134636174081227,0.000911737831485501,0.00305131756878931,0,0.00500786121491915,0.0018979023499182,0.00525868816451749,0.000327218667885816,0,0.00498442497673903,0.00285807076206156,0.00761864435296767,0.0143975878436258,0,0.00396166745222663,0.00613943071277861,0.00181617010463479,0.000755247829837042,0.00102587739225802,0.00581480402470578,0.0098677722398231,0.00569182499047283,0.0045651916740153,0.000852971883865523,0.00269784860868145,0.00522325741966446,0.00549551145016008,0.000154745998821138,0.0078686397829934,0.00856744351741598,0,0.00405832224434711,0.00461261826033477,0.00778978985786947,0.0103145122929545,0.00607451159262459,0.0168231082451076,0.00592503334142903,0.00947380764177459,0.00456743880798597,0.0127280154000817,0.0099212036869235,0.00501464238947104,0.00895196084181458,0.00953756557191886,0,0.000432844426585116,0.00713833383442692,0.0113355031985319,0.00452712596629084,0.00238693296576661,0.00370205374899062,0.00466355533577449,0.00656239215627953,0,0.00219426891743363,0,0.0170285089033705,0,0.00870037506966111,0,0.00967037525872544,0.00876682675575693,0.0055019538291198,0.00938239460874899,0.00235689129790707,0,0.00610256707796509,0.00228623684695972,0.00455471532794763,0.0104940974996088,0.00768458468711401,0.00704524281038114,0.00747901003453745,0.00423428553929304,0.00224443425216167,0.00677878815714942,0.00119509619595291,0.00199770699301717,0.00736886756170553,0.00784275241342852,0.00711728908938753,0.015344274625474,0.0107658434309017,0.013231229429514,0,0.00263964149852451,0.00858132328308261,0.000827148019073593,0.00425103970446407,0,0.00805595218962313,0.00255622012746767,0.0097423939443753,0.00625903701215316,0.00819781587887543
1652.43853331,0,0,0,0,0,0,0,0,0,0,0,0.000894910826829451,0,0,0,0,0.00142008211726109,0,0,0,0.00100216796112648,0,0,0,0,0,0,0,0.000201010304676366,0,0,0,0,0,0.0029499778910963,0,0,0,0,0,0,0,0,0.000593622418025004,0,0.00118022392906492,0,0,0,0.00515359262669646,0,0,0,0,0,0.000739591260042259,0,0,0,0,0.00673071571938118,0,0,0,0,0,0,0.00545864330802038,0,0,0,0,0,0,0.00182773830542178,0,0,0,0,0,0,0,0,0.000417260837613431,0,0,0,0,0,0,0,0,0,0,0,0,0,0,0,0,0,0,0,0,0,0,0.00103573410911189,0,0,0,0,0,0,0.00525005235143601,0
1655.08443923572,0.00997905125022529,0.0241605840276523,0.0174439937898471,0.0139775488951357,0.0188090953825252,0.0124752896571526,0.0176518646657807,0.0172202856943532,0.0150325188134984,0.0135817763043327,0.0197892952684524,0.0155581668304621,0.011926734780672,0.0126154835627132,0.0123454519005303,0.0140798708430801,0.0122074302392361,0.0186151740401851,0.0191592097266648,0.00786385109603578,0.0264388078253838,0.0192871494100484,0.0120657248415467,0.0136466264323926,0.0144468042459246,0.02306232768773,0.0151013416274136,0.0192330702845222,0.00465069536899856,0.0202807991209703,0.0155056583518179,0.00891338079154218,0.0193743520677652,0.015600021165466,0.014538008886378,0.0195631681799794,0.0127190132052632,0.0173028909646856,0.0267314387101236,0.0154816095077582,0.010802109508337,0.0257865791341202,0.00856324770082185,0.0163843953001409,0.0145228057831369,0.0111251598581943,0.0204604816365304,0.0188813746169035,0.00981786647850383,0.0231623601297911,0.0111929291816849,0.0148327351226189,0.0171442822847957,0.0160193992679458,0.0141417313182873,0.0148572916191584,0.0103461810264916,0.0166494936660206,0.00847332567457798,0.0188843628362136,0.0203622247763244,0.0143024522998787,0.0151360488846861,0.0200382506146253,0.0161939167168825,0.0113110515542573,0.0161378617918045,0.0261068245132326,0.0189244171709451,0.018518394258965,0.0186497776804814,0.00927040593548266,0.0191472882360746,0.0164085683529682,0.0100898313902197,0.0157684478719418,0.0220449373589451,0.0188098037056423,0.0121172572993146,0.0193924222689501,0.0114412217528371,0.0186211309068582,0.0139341259303897,0.0155451718986841,0.0136054307876566,0.0185896344655484,0.0186413800805903,0.0134070100467782,0.0215435726493418,0.0107171559774803,0.0236161805652482,0.00196477098087992,0.01533895055081,0.0151840863190754,0.00945695753371699,0.0135601295793925,0.0217902510543752,0.0179135108941553,0.0092464068355145,0.0145825514173498,0.0211342323196406,0.0112226891161191,0.0173982295254038,0.0107369396219445,0.0173586096741143,0.0191152044159299,0.00961634106464486,0.0103099187278052,0.0179428149167399,0.0101081438230862,0.00713975670359485,0.00931244893644656,0.0240987854318092,0.0218947028549332,0.0240584161209041
1657.72855925052,0.00852482435593873,0.0115214593580339,0.00785591980328697,0,0.0141270375254324,0.00733149437306559,0.00188257873776725,0.00833402339815975,0.0109640327727957,0.0143373612410795,0.00428055345873296,0.00389917450236072,0.0120774432990649,0.0144172371396279,0.0125209024361431,0.000480272977792319,0,0.00396715184830989,0.0113375813022863,0.00212564882819339,0.00611624908258291,0.00932145934623031,0.00370922890724402,0.0148316117526122,0.00817366461390619,0.00682608530082287,0.0109410053597045,0.017257400259559,0.0107534569345833,0.00749534208483802,0.00815162347534811,0.00331874353329177,0.0125226852330573,0.00755386305407411,0.0130454416428929,0.0143202781298921,0.00373379971336777,0.00830722112946011,0.00563471186856472,0.00200383948266304,0.0049089353344829,0.00652465212211344,0.0103150128962405,0.0110877041080202,0,0.00686744668092196,0.00593680745408406,0.0119764823079213,0.010486257427396,0.0107971503814642,0.0145353714137118,0.0107142372563006,0.00594428817562473,0.00368814093411797,0.0138425797041018,0.00799037646681717,0.00830769712549881,0.00375602043448069,0,0.00600454318496045,0.0145196832664817,0.0095441700364428,0.0109827608007935,0.00608767640617438,0.0119913445925257,0.00725559044636448,0,0.0100126639368476,0.000953371480546152,0.0065017496511981,0.0062574910683166,0.00727268749076179,0.00911832215474651,0.010005191467095,0.00601855045502867,0.0108020298105216,0.00555514375691393,0.0113388561177309,0,0.0112427642655467,0.011020983486529,0.00693382515033171,0.00155126135600352,0.0167975855071732,0.00623521993489834,0.00950743699628161,0.0133731293936116,0.00258981913504113,0.00922716662166731,0.0065573407577351,0.00860759198733763,0.00971016677013894,0.00779949466421438,0.010565133435102,0.000352342832546081,0.00534116886396597,0.00929900317485089,0.0207355141144693,0.01104229593999,0.00495121246512435,0.00973834917326795,0.000404505968740586,0.00944589450235806,0.0146910063368201,0.00750264485227979,0.01484687192855,0.00823533814137724,0.00392870875147703,0.00940072340836879,0.0157328505082539,0.00401525036396228,0.0100033905310789,0.00525712033587832,0.011579502442943,0.0091204585364147
1660.3708950067,0,0.00371928335782684,0.0096653095673359,0,0.00517641889292246,0.0150190880349303,0.00365059722221028,0.00915249048552948,0,0.0124189708511377,0.00715086109305577,0.00141140768619573,0.00846596890720805,0.00545024780931487,0.00513867930003165,0.00650875590342662,0.00609905928278151,0,0.00354706003413561,0.00129775407371426,0.00413737144361013,0.00471559065711923,0.00871804319266739,0.00545742727497047,0.00728688660727324,0.00868512219633651,0.0100442095528243,0,0.00768062621421058,0.00173846112345342,0.00136692736752632,0.00933459296131764,0.00731317720332173,0.00553644186672904,0,0.0064340314569667,0.00710648007090466,0.00470768143429883,0,0.00324987350374274,0,0.00615662261528219,0.00780349583391503,0.00581927194279787,0.0110476728096466,0.00647030271984707,0.00502452600400563,0.00780792367579359,0.0100923019308705,0.00551834146169346,0.00401308737300074,0.00609413518153239,0.0039467738981403,0.00117566080300546,0.00864925544043302,0.00761778053431102,0.00683382703707751,0.0141867184219554,0.00762178998160325,0.00942593355807407,0.00653873345080103,0.00859161673084814,0.00361910150098479,0.00409100435223816,0.00999641777618005,0.00270174822580491,0.00340891563575545,0.00746588331513896,0.000550502553494087,0.0077535842006576,0.00589407935544537,0.00258873569087985,0.00287332930646938,0.00854099761897639,0.00627625956664472,0,0.00303906036472943,0.00335405553781514,0.0037525082642241,0.00643972977346528,0.00523816166047213,0.00655820775402235,0.0104770816855734,0.0143352818585144,0.00378376855886177,0,0.00544014861961226,0.00222460536064368,0,0,0.015290620366027,0.00239109080484121,0.00851175131881584,0.00917585502176021,0.00934701291951524,0.00492097878732101,0.0116911205989589,0.00886982942091137,0.00310100732268636,0.00621874826589567,0.0121384925836522,6.67866454734177e-05,0.00529144708767997,0.00292681635017153,0.0101623987524512,0,0.00466375576107733,0.00738010852341173,0.00467671132873746,0.00277034872415693,0.00471147301762563,0.00963103697698328,0.00653456531321315,0.00790251985634882,0.00283620120648613
1663.01144815449,0.0202236719228083,0.0322758432149926,0.0331581923583536,0.0224446119122155,0.0225769097083128,0.0248695449427839,0.0165891574381478,0.0320379963532497,0.0245368854054411,0.0289125476786092,0.0219237757111475,0.0247661192246181,0.0297960200493826,0.0364647000247198,0.0232558409573139,0.0252791918837641,0.0185733630487149,0.018734508358668,0.0148105686337206,0.0265295681940327,0.0301985280917429,0.0219965095282117,0.0233581738794436,0.0299904658390578,0.0160727116943763,0.0231651717702773,0.0248102982932543,0.0310770319224862,0.0203386264278872,0.0153952699655882,0.0226945511133609,0.0290668420787871,0.0274120587318268,0.0242745680542454,0.0216194140866227,0.0263577684875594,0.0244453765364686,0.0301221933558286,0.0180086155153421,0.0208526285010256,0.0315578407384251,0.0322287861108193,0.0326811657743141,0.0292747716048256,0.0294901313117303,0.0274495819887017,0.0247865943804483,0.0199131085985312,0.0195494416889002,0.0328424641707312,0.0245117155304578,0.0274596375404609,0.0316585285572142,0.0362182911637551,0.0253675101013784,0.0288260446152126,0.0187980387962637,0.0311471487347534,0.0142739981005625,0.0242669954751982,0.0289235696150244,0.0179208605296789,0.026518031550445,0.0281420769310229,0.0298175911930718,0.026275183457641,0.0194782241607574,0.0200888684623958,0.0231969831484577,0.0153892406674196,0.0268324341032494,0.0207398283073473,0.0358223903410374,0.0202000141305461,0.0189254685043715,0.0254351552311873,0.0289783537921062,0.0344680589994184,0.0234028892978724,0.0342873761172227,0.0253595424042208,0.019643649861573,0.026525175568166,0.0290144495077928,0.0247221291947135,0.0182811573257092,0.0239264838230371,0.0253421036138767,0.0242202874911555,0.0242080524075522,0.0295844413115231,0.0290621175176233,0.0213132665372562,0.0307559949123214,0.0290006723569589,0.0288739236905512,0.0207142649460627,0.0275540589026889,0.0261152739042155,0.0265378778420487,0.018422615737417,0.0289118126775168,0.0334794391707352,0.0172553504180518,0.0242523213669044,0.0239197441408537,0.0216593216166345,0.0337360431496922,0.0205544845565802,0.0265219665069096,0.0249394857774584,0.0256665599687018,0.0295602015781284,0.0246335381897606,0.024612496500331
1665.65022034204,0,0,0,0,0,0,0.00249697091279632,0,0,0,0,0,0,0,0,0,0,0,0,0,0,0,0,0,0,0,0,0,0,0,0,0,0,0,0,0,0,0,0,0,0,0,0,0,0,0,0,0,0,0,0,0,0,0,0,0,0,0,0,0,0,0,0,0,0,0,0,0,0,0,0,0,0,0,0,0,0,0,0,0,0,0,0,0,0,0,0,0,0,0,0,0,0,0,0,0,0,0,0,0,0,0,0,0,0,0,0,0,0,0,0,0,0,0,0
1668.28721321542,0.0137518293900979,0.0162813220517913,0.00714766957370307,0.00649611038591095,0.01019341932802,0.00625120038406888,0.00753424483127331,0.0101769478453517,0.0128252595165468,0.00467862759569654,0.0153958203281189,0.0145591541999523,0.0032218948562653,0.00464048357555506,0.00918043149068653,0.00199004954307176,0.0126362313135319,0.00394786329651936,0.00699557043767662,0.0130933362163735,0.00968610768217019,0.000134045422639069,0.00631664839691717,0.0203826546543857,0.00426469199232293,0.0045880195283591,0.008607293440935,0.0107164791363818,0.0105487057589427,0.0110248511272831,0.00603255821999147,0.0117630973418306,0.00853129665029328,0.00784103345354469,0.00682349449606788,0.00645229529629394,0.0157891136214512,0.00589010566753071,0.0038048706200027,0.00879544673656652,0.00901863779800629,0.017622318074953,0.00795245814965375,0.00480343195991891,0.0111510851985783,0.00983332243227902,0.000833654576078628,0.00251637209160726,0.00799447888558888,0.00885698443834287,0.00467916407860901,0.0135937329956271,0.00136428828331863,0.0161146554152819,0.0102052339162108,0.010445379544344,0.00633772091859341,0.0082694784673236,0.0125119429268902,0.00305041782631505,0.00714653177719306,0.00590401878831262,0.0124765777153518,0.011824833648311,0.0101781962937844,0,0.0118396631135249,0.00216204696370124,0.00664202339525637,0.00638539733955888,0.0077056856351276,0.0082591170745412,0.00845315465192967,0.00486859537807231,0.00668773957121455,0,0.00209971399714061,0.012674674642486,0.0114255306516756,0.00437118360557359,0.00692822524182633,0.006139517145238,0.0139666837829577,0.00337848764459149,0.00801580705400459,0.00860029926457635,0.0098186962225735,0.00702883234521037,0.0138714027301978,0.0117762848081113,0.00843387698880955,0.003790086222669,0.0108222487639245,0.0099829452511457,0.00037104642959176,0.000731846173950702,0.00968948310253993,0.0115949491989477,0.00983666538858913,0.0112825041337074,0.00354529859563669,0.00528144030444976,0.00269106961914116,0.0128766122477545,0.00149578470345777,0.0132204667701142,0.00911523334285319,0.0151851553976029,0.010166139650993,0.0100515590735058,0.007513979902576,0.0163308671538166,0.013256791629266,0.00310441592684305,0.0105705125732575
1670.92242841862,0.0178202856491603,0.0112661585831936,0.025314824104487,0.0184456637252757,0.0212357652681681,0.0167233550858557,0.0152532855577265,0.0181042334917968,0.0235005376170759,0.0245054970890702,0.0173030181924084,0.0207933199051885,0.0132667083145436,0.0200867411289388,0.0279283149481364,0.0155506941992152,0.0155848913218003,0.0154079503037907,0.0134622354942457,0.0161818060424383,0.02721554942776,0.0233663776342954,0.0183781123366059,0.0174743407847523,0.0238532904389988,0.0164213283544096,0.0142969878446026,0.0196042703616882,0.0195046444852449,0.0199217673435064,0.0188084628613622,0.0121047039170475,0.0125811920185239,0.0173950904118972,0.0191349460931011,0.0189815001047569,0.0235659239857417,0.00669995840886703,0.0160878182232711,0.0166895183617729,0.0262805604943451,0.0179088045263175,0.0189686178698276,0.0180579135788662,0.0200142636029364,0.0210483677140234,0.022314114044229,0.0201244194715381,0.012628911236788,0.0123807623645881,0.0295391097510301,0.0196824376402541,0.015131835427071,0.0235110658957304,0.0270127277290615,0.017732325095387,0.0226790052895245,0.00852197841147603,0.0246624048326383,0.0201492057033143,0.0198670353178486,0.0136998824046308,0.0100890741064545,0.0142799726560626,0.021372716571284,0.0139623086027209,0.0187136789492183,0.0137908716732629,0.0206068433509933,0.0199333847065497,0.0161864254702065,0.0188958197268321,0.0264662234981065,0.0144331208482075,0.00921312944522628,0.0124937105245955,0.0131080426663903,0.0183723968980465,0.02467448264434,0.0146148263537187,0.0152757783222594,0.0134005808959756,0.0186442466391168,0.0149363639666077,0.0203515163578772,0.0136163099933368,0.0138490362854219,0.0119872607644274,0.0157819739902722,0.013153752015882,0.0244394815627629,0.0159954213722384,0.0165846097530313,0.0129777726134583,0.0158632694451957,0.0123442692929462,0.0298039352965142,0.018374146657808,0.0210028938134442,0.014840639249172,0.0236849530050698,0.0221142407985141,0.0207310395264034,0.0148035498310296,0.0270774045463391,0.00815209339616336,0.0250910354446771,0.0154851862000534,0.0201744639408589,0.0229408652543384,0.015368230167887,0.025356025895257,0.0168233075074942,0.0116613350926021,0.0184176249634077
1673.5558675936,0.00632100504190748,0.000937631315584275,0.00345078034366946,0.00762793068140239,0,0,0,0.000800487259524583,0.00285622292962976,0.000568877758857793,0.00304819457228424,0,0.00438593014798584,0,0,0,0.00574671510216821,0.000935685558126342,0,0.0117086996616673,0.00275741830240366,0.000779419216824525,0.00486384743417154,0,0,0.00146046362922723,0.00222624223601215,0,0,0,0,0,0.00751665837105849,0.00243443292157973,0.00744190186744872,0.00589459588933256,0,0.00109777572808536,0.0055190179897525,0.0104625234361455,0.000841161390281709,0,0.00158062309602828,0,0.00796387846504705,0.00218804567628089,0,0,0.000377463518485206,0.00236140439700833,0.000993074125333441,0.00249138450900353,0,0,0,0,0.000965651044791904,0,0,0.00961476873826831,0,0.00101747397090301,0,0.00809124987298687,0,0,0,0.00165619509997769,0.00171512532282231,0.00173457624345321,0,0,0.00212376698335644,0.000566778942813466,0.000481009699790174,0,0.000546120969524891,0.00185151850711798,0,0,0,0.00994445767672731,0,0,0,0,0,0.000294734760665041,0.00201409433690297,0.00161849316291766,0,0,0,0,2.97198725378963e-05,0,0,0,0,0.00103613812512662,0.00420566984796935,0,0.00648516812782735,0,0.00220486751717811,0.00121929265931773,0,0.00165364022876801,0.00151726796818845,0,0.00266493157209493,0.00438223459170306,0,0,0.00580909312179674
1676.18753238021,0.0163643566260652,0.0141461917417095,0.00976729957881286,0.0106232153587066,0.0106413011957053,0.0164196186771449,0.0132696231445852,0.0136268043154486,0.0211597050843589,0.0182933925368598,0.00717329155604064,0.00592436526381343,0.016114787543635,0.0138163487212471,0.00698693634165754,0.0162746802879392,0.0183655205320251,0.0129850741249376,0,0.0105199359233819,0.0144202122625544,0.00754369208057111,0.00844991995489429,0.0154496054617067,0.0100786020321159,0.0160920454208541,0.0133664473420541,0.0165691678000682,0.0136821825911235,0.00764828677577948,0.0093468666098146,0.0118237280756855,0.0121631313743297,0.0120480749021172,0.0094350515512904,0.00939878128077742,0.0129406689618733,0.0121647015041578,0.0102345726356581,0.012973388965722,0.00884938654037685,0.0158745799058874,0.00621772905624056,0.0170412661914393,0.0115155803044149,0.0112732647372735,0.0175547932107205,0.017525167694023,0.00725414070904863,0.0157163672363782,0.0114839337965123,0.00916768139177052,0.0173911250753132,0.0101148777520387,0.0142184694548974,0.0129979270573308,0.0168285709044439,0.0015300006704903,0.00846319744605434,0.00670387061874858,0.0226431117581915,0.00779179913881714,0.0129615921144998,0.016025549153723,0.00735770451191364,0.0174015063314479,0.00797665435455006,0.0117217289671176,0.00916210227672889,0.0158707043216923,0.00432765418260302,0.00876373320490073,0.0148300159775534,0.0014611520596298,0.00844104485460499,0.0162570910006202,0.00624959139437266,0.00815105515783805,0.0193600334214769,0.0230281933631448,0.0175026618851573,0.0140397321022689,0.0111734956647601,0.0119367338287612,0.0130610655774657,0.0067117634346052,0.0166107706090566,0.0110431648897388,0.00452500008609576,0.0100651814620684,0.0213363439840231,0.0162383707113877,0.00901080186697002,0.00891917858526642,0.0161143004569343,0.0118348402998598,0.0096036502325321,0.0102179820484856,0.0152113155059507,0.0133495140544658,0.0144929350483832,0.00911471400771706,0.0235052889328502,0.00788584259033034,0.0131915111839261,0.00710281272168493,0.0127290200221305,0.0139952877115209,0.0105008354724426,0.0110289173703989,0.00299307444154248,0.0134662784734379,0.00775612426773008,0.0123403232592507,0.00886310223454528
1678.81742441625,0.0264373144865409,0.0209731479388911,0.0177377909419367,0.0221301893169226,0.0244589675984072,0.0227138992397358,0.0184233197649603,0.0237967614986704,0.0194947573476446,0.0257757154468188,0.0183444287188871,0.0348348551015341,0.0192082988981009,0.0250335215946215,0.0236572884703623,0.0172108664418542,0.0256737104496865,0.0271837671500447,0.0113138830711194,0.0202077016159053,0.0164164242533644,0.0223344130749719,0.025402335957533,0.0242738685094837,0.0276129982330445,0.0198055589501453,0.0207629874038786,0.0234026052427296,0.0200202643827428,0.0268639593681343,0.0286939378767015,0.0254153392083734,0.0308236826245864,0.0195100048130415,0.0174671876067427,0.0193431343071554,0.021341810155715,0.0178934157199121,0.0236970393165373,0.0302090868115822,0.0256528970397858,0.0167882220505857,0.0210775237194616,0.027134549377775,0.0226146229605964,0.0192937943826501,0.0271726514670631,0.0265586496971851,0.0261654555259053,0.0236720122969842,0.02414161526767,0.0222300153208046,0.025310499325694,0.0208656826184069,0.0316635800699537,0.0268392607209455,0.0209201759269306,0.0175815204178378,0.0255720407815794,0.0146711119198782,0.0208249858354415,0.0280867418516586,0.0236207481068938,0.0326623656658248,0.0273564987408135,0.0157245822104233,0.0258623930602543,0.0212762120297243,0.0254086394631349,0.0268587240222582,0.021624863251956,0.0227474123221332,0.0270291316751432,0.0340297404747667,0.0201936054973074,0.0243041448030099,0.0248550767237254,0.0204494090940613,0.0159359496447979,0.0322562908252727,0.0324063994241044,0.0278357778929383,0.0148489426590334,0.0289309583825176,0.0151656763861793,0.0231825452858957,0.0234213128218409,0.0202564074681769,0.0206066082615326,0.0223163278845619,0.0255156486883826,0.0150574718937571,0.0132173225753526,0.0274741678518539,0.0258520285470818,0.0214669460586298,0.0248559231211774,0.0241694684746866,0.0259247604904782,0.0300407348126918,0.0275637122912878,0.0188871938641764,0.021704193035919,0.0153314211811556,0.0220379703946373,0.0153843023985853,0.0249110909570243,0.0198308498831121,0.0243862947224752,0.0245555051710551,0.0282714266275603,0.0258558027968346,0.0146699236306974,0.0187831051193044,0.0216499696866776
1681.44554533749,0.00588375075155685,0.00859628298794932,0.00191839085621306,0.000797515434210783,0.0130590549073444,0.00930129662060921,0.000791744406092845,0,0.00326670407857341,0.000848884417663176,0.00471853547174191,0.00354443931146712,0,0,0,0.0054637779525789,0.00364165096555996,0.00538364481986591,0.000516800740193691,0,0.00228206184366787,0.00143562355596917,0.000242551978222994,0.00401250270659344,0.003387868769118,0.00219976847258165,0.005547673055803,0,0.00960376205937287,0.00303098490654945,0.00540708439937188,0.0027124886641915,0,0.00736654995155956,0.00695767535080949,0,0.00779427982020391,0,0.0045018152716015,0.00230153052583549,0.000303365771101028,0.0069513220970062,0.00163232293755399,0.0112688352677012,0.0106525665104202,0,0.00693963623217151,0.00529872022317433,0,0,0.00797390267530896,0,0.00951495090409791,0.00336720898430557,0.00865724480488216,0,0.00519478297430595,0.00711637535978982,0.00428744214433435,0.0107354464186944,0.00928533590690562,0.00200014326996661,0.00623604579289317,0.00704770250841978,0.011981530247068,0.000828078301639242,0.00336695507725559,0,0.00551046512460456,0.00610038104588229,0,0.00472387585340282,0,0.0077044174425044,0,0,0,0.00564587193341406,0.00983810256820301,0,0.0106820555801494,0.000288565184075037,2.75215858736187e-06,0.00531249071921277,0.00969521212831474,0.00303619510822095,0.00387028203276044,0.00239464325655781,0.00584412400951954,0.0054775460873995,0.00535379633928785,0.00366482559964217,0.0053933256233512,0.0028452762826236,0.00957902633710431,0,0.00437750737868669,0.00708353053481477,0.0100826106123067,0,0,0.00613757130294931,0.0070063351631302,0,0,0.00664762341312968,0,0.00336541619772671,0.00256839826378393,0.00361751673664864,0,0.00551697015964946,0.00478151164353609,0.000470508715037657,0.00373920123331243
1684.07189677761,0.0154785225405815,0.0101401725771015,0.00561819738336394,0.0197856446914404,0.00491249437495035,0.0145891764654819,0.0113102681082178,0.0103689224276047,0.0184196499334033,0.0083923877341218,0.00569499109694148,0.00831544933333227,0.0141124313950175,0.00976639679022081,0.016987348613884,0.0181135025582369,0.0120769292061906,0.015403987154175,0.0163840985516556,0.0109348356269978,0.00649267112922346,0.00988849472992981,0.00978735892289022,0.0155420436108858,0.0102669829602055,0.00652269454479213,0.00977008490767331,0.0060782704549344,0.00896341502971748,0.00992086126248796,0.0177945014936987,0.0126790613474201,0.0149853943415775,0.00616204070517606,0.00467240646942537,0.00993465925144561,0.012502588580432,0.00904264330142674,0.00494978464605927,0.0125221301139484,0.0171672206196199,0.0149315869996501,0.0186976088683891,0.0111339927407363,0.0142930291394703,0.0107941116972237,0.0187912984016459,0.0133094736904911,0.0155145705950497,0.0136136960410543,0.00840077608742572,0.00977157824356646,0.0131764969538458,0.0141796404331073,0.00975187402602484,0.0120465666515072,0.00880888664077574,0.011850282563212,0.00846751690196716,0.0144237582849591,0.0140275375098177,0.0110208564247934,0.0174954472621304,0.00802399597156121,0.00970902975444661,0.00663867117285251,0.0180366458787052,0.0134374524024517,0.0146919383676746,0.00761501095439228,0.00994577350591132,0.0100795449886482,0.0193252245928125,0.0097800519623825,0.014227586826571,0.00750209460494889,0.0144198999862919,0.0066089094015933,0.0172870163067645,0.00878308946029015,0.0137848942245146,0.00393468983797252,0.00919473262533593,0.0180883748895218,0.00860157969896199,0.0107979277799809,0.0155870198108174,0.0147926082144627,0.0138606058098033,0.011856675269529,0.0123006137498166,0.0079354309154251,0.011852547871654,0.0123905051625198,0.0140639323487799,0.0133725930160374,0.0158388929693096,0.00910301974493005,0.014345836485735,0.0135107395006875,0.00919136669850938,0.0121206856911611,0.010649124250726,0.0026193794467338,0.00616842544449719,0.0140426679525359,0.00496296613070548,0.012528953274534,0.010015907871535,0.0100866989585644,0.0144481505478524,0.0086847737762549,0.00741183639266047,0.00917649771382439,0.000413257400742277
1686.69648036825,0.0154224093939517,0.0170567209291049,0.0125965006902259,0.0144167708598432,0.0107631165572147,0.00870540837535551,0.0112470417094719,0.0125707057824553,0.00711841297395793,0.00785678941768872,0,0.0168813793492081,0.013505416010019,0.0118967685542775,0.0174916775315154,0.0159613914684986,0.013066045689522,0.00691043393546438,0.0105437683490995,0.0114968854739372,0.00857862766371622,0.0114407986831355,0.0166954845820121,0.0159844812220596,0.0155690109739125,0.0316796083354389,0.00917108402115203,0.0076433531390659,0.0153921651846211,0.0136096809269268,0.0177914007954951,0.0195172344653809,0.0138345087477245,0.0120785991167631,0.00624161124849844,0.0172954388233269,0.00491156801050031,0.0121767720126866,0.0125107089870353,0.0113436855244176,0.0209134806950846,0.0159346731857206,0.00682299052696611,0.0137359639993744,0.00829750162327191,0.0139793569358946,0.0127448328345869,0.00781331752422851,0.0165098838495996,0.0102583743776114,0.0125979551725222,0.0128571170126555,0.010931808482217,0.0146900300550213,0.00595380381880459,0.0162796102974547,0.0129890376836078,0.0182393697049374,0.0159244710598512,0.0186848730135891,0.0144658448907336,0.0114365418154078,0.0163679217215115,0.0122825817306176,0.0189051149518837,0.0156631544028203,0.0141694462065332,0.0138891816451916,0.0118455129628832,0.013925960163299,0.0044243542453327,0.0187234663045054,0.02141956877619,0.0162507404592218,0.00887159021730589,0.0167070320602333,0.00897904449431812,0.00923010737211974,0.0231438145734716,0.0120208356179251,0.0147610594620579,0.0108343294560242,0.0118693758190746,0.0148512884769034,0.00590904882096238,0.00310706096733493,0.0181773744375343,0.0110615450140447,0.00674101050142209,0.013412624899244,0.0214437700313181,0.0197835452781108,0.00957074392925165,0.0192983336741137,0.0164541078713872,0.0179180366457265,0.0119260057783955,0.00951696097210426,0.0115862027640921,0.0161611263909593,0.00968782197470488,0.0109837477325517,0.00516545126331169,0.0139559132949252,0.0129380344477274,0.0176797269806356,0.0116874642666885,0.0146421852224775,0.0158688754100335,0.0160388511480539,0.00460161874395287,0.00696895295877554,0.0100725563241157,0.00689703623760956,0.0127504269299661
1689.31929773902,0.00463990012979974,0.0122495954852117,0.00715395472960313,0.00589692512614926,0.0144955382641637,0.00925344473797933,0.00219393639428502,0.00727937367715609,0.0017941708748459,0.0089741364702627,0.0120562994833752,0.0104201669493597,0.0140120153790728,0.0129781133199076,0.0169429599873668,0.018077275430532,0.0114150990673209,0.00904415955342377,0.00908432611676008,0.0131748741429581,0.0090787541344572,0.00715892634821582,0.0108315475622033,0.0106335567337023,0.0192940982417795,0.00540839149337538,0.0177672930780377,0.0124542191834492,0.00723253839336253,0,0.00539793190037929,0.00374884830111342,0.0105623140993547,2.65164569935312e-05,0.00674928338868326,0.00919203042210984,0.0145045565637048,0.00728942997679289,0.00593756888858601,0.00638593526629755,0.0115422910196911,0.0196629158015879,0.00624459735268618,0.0109535196411121,0.0205897415068725,0.000226904326564843,0.0072723484570631,0.011011500682406,0.00553118544430757,0.011276546661889,0.0125503218770193,0.0106749621096912,0.00979645770524719,0.0168631492050467,0.00820423896849516,0.0108445898043001,0.00861677902457552,0.0105727221547969,0.00879986764810496,0.00128015838869428,0.00301613094712748,0.0113422453889607,0.00879234034571729,0.0127767576985994,0.0090681352037383,0.00881801589402076,0.0163399874195624,0.0111267027024967,0.0134144117306924,0.0123229788464962,0.0125697758402728,0.011650692467328,0.00798496165121215,0.00747532335418579,0.0105336480721359,0.00785245590273246,0.00142291276695376,0.00971115507157657,0.00848486557114646,0.0147365052158306,0.0146888540265477,0.00594303479141735,0.0134831937357102,0.00897062938899776,0.0124829995707391,0.00680617604352947,0.00840994597629818,0.00996564185528441,0.00777623965164136,0.00960628624247299,0.00624620911006551,0.00848292995363759,0.00786745627964648,0.0043628218859312,0.0103721783070298,0.00540253434592898,0.0080436218831005,0.0126857312423739,0.0153680464272203,0.00742830846665376,0.00305619021200706,0.00272690788500301,0.0153298367892743,0.00360282634271806,0.00833960772689304,0.00382546987118237,0.00734202735003023,0.0124285423663976,0.0109235572521577,0.00669064418625724,0.00507847172528903,0.00910516064841096,0.00841999730188126,0.0123589677000173,0.00786727896818892
1691.94035051744,0.0197035218524779,0.0165552730533431,0.0239378630267087,0.0127813960940597,0.0198701974414451,0.0173002992096301,0.0212913584349285,0.0159944675811614,0.015419477641463,0.0101225939760069,0.00988542880855906,0.029265266633429,0.0248391743048285,0.0200291969607553,0.00992218160686753,0.0223424468319794,0.0183381268322571,0.0143875947399814,0.0163539868785591,0.0137997987830884,0.0193054351725897,0.0167685751903432,0.0151339955663181,0.0132527681280266,0.0134059629726182,0.0103728475699921,0.01992509889827,0.0172956961607036,0.0175125524907161,0.0156925382248395,0.0167979493897856,0.0132801466987338,0.0218427800741719,0.0114587425716032,0.0214902780322808,0.0198176245255445,0.0101903330050845,0.0201455943990686,0.0184632613380815,0.015609488047214,0.015897613036872,0.0153362471389634,0.0212544100549964,0.0152395736836211,0.0157283837943127,0.0083998458241401,0.0164996043599643,0.0201967189001147,0.0147728215772852,0.0177541616930868,0.0253572494360376,0.00905240883302555,0.0151670706295464,0.0147168375546782,0.0192385912702802,0.00651764252260571,0.016075007574466,0.0262319690143354,0.01036412333781,0.0218747774212865,0.0100156332091762,0.0182933529833845,0.0158243186968656,0.010048733333711,0.0123340587467229,0.0157891169105482,0.0152647224464012,0.017587358842959,0.0166582688053239,0.0149870059187648,0.0169276156206713,0.0192695164969579,0.011748897619757,0.0107335382878652,0.0208263789257113,0.0139280721657597,0.0153511506635454,0.00479637944011048,0.00845446989100495,0.0108483068201108,0.0114121021182342,0.0134397591616043,0.015127605507151,0.0261155023392283,0.0136555172135396,0.0136362223965402,0.0159073575997723,0.0125474850640661,0.0120916282280141,0.00636960450328904,0.0273645328181407,0.0203928409862743,0.0215442238270882,0.0188003379342871,0.00591603321521628,0.0105285109005858,0.0118941999677119,0.0175194149186825,0.0132124615174872,0.0123136374071657,0.00912099088497679,0.0154034956974326,0.0249852204341118,0.0139140740901885,0.0173444038296786,0.0151011615795546,0.0202350014650048,0.0124240544831357,0.0227917552584913,0.0258451186147485,0.0142535865731134,0.0167314500793396,0.0171147045102897,0.0106912379252355,0.0170303097122695
1694.55964032904,0.000376557760308639,0,0.000150402072029382,0.00485194789155628,0.00432550004610451,0.00617444931836952,0,0.00861699489064985,0.00367208997109802,0.00319239624413787,0,0.0115724196960996,0,0.00227622946972664,0.00455823608146704,0.000682245377933523,0.0103394977279794,0.00439659978986963,0,0.0112026569801052,0.00316738479861084,0.00401752372259802,0.00879847369485056,0.00319722687475777,0.00219084980034091,0.00715735008341482,0.00594093759780737,0.00769899435553664,0.00562431859183677,0.00385580406390416,0.00824712008804091,0.000205182603560204,0.00410896142046413,0.00328632918900173,0,0.00536252268501556,0,0.00189958242216025,0.00105601220809486,0.00472633692453952,0.00932711291256558,0.00133778493399223,0.00571531662490004,0,0.00552741287337347,0.00346694453823859,0.00728588724075655,0.000172253847690785,0.00167312082706329,0.00580370052964308,0.00933951340170209,0.00322193311516286,0.00545786428797005,0.00879509315974994,0,0,0,0.0045400647034797,0.00113529787071398,0,0,0.00152937915948133,0,0.00735104332865152,0.010184085594565,0,0,0.00353017355039316,0,0.00285259781490636,0.00549800379373768,0.000311889735797029,0.00481279823519511,0.00420186149734739,0.0021255841410506,0.00673328220068386,0.00410124982209153,0.000997568920186956,0,0.0152847853092439,0.00708726660667544,0.00914583721076491,0.00152493298551756,0,0.0121430583448867,0,0.0029684186888744,0.00890396883139767,0.0110209945326987,0,0,0,0.0029078153368257,0,0.00574312007056954,0.00895272362036796,0.00862342541308135,0.00657721885700872,0,0.00092451812586283,0.00144987715791163,0.000608171867666998,0.00612592065075087,0.00416498698310441,0.00412446239157415,0.0022558630136409,0,0.00700367056210285,0.00816120805324749,0,0.00124705416638938,0.00418741497919203,0.000320300177942197,0.0051987057451847,0
1697.17716879727,0.012274301942159,0.00816163245857147,0.0148305370531581,0.0149778368023367,0.010836336993493,0.00734861254523831,0.0139474386586533,0.00987140469763107,0.0119555832686098,0.0071068240218739,0.0148108377071977,0.0111195185870617,0.0140913191395595,0.0191076550303711,0.00735426333049955,0.0145435600097242,0.0141191002673998,0.0177494040913712,0.00925259037027311,0.0151447858818969,0.00591370357922203,0.0120888796990757,0.00942893868299621,0.0127580168509278,0.0188661258704486,0.00725831540741081,0.0157079959131693,0.0104585861156622,0.0105516958296547,0.00551136871898264,0.00944863318367654,0.016115272289512,0.020829104710592,0.0142350647791826,0.00791322855805271,0.0181849650140137,0.0107663458195251,0.0169636134706884,0.0130990709652659,0.0156443705153265,0.00662242515705994,0.00839126473625559,0.0111295141895502,0.0136151107618274,0.0152256156025878,0.0155334420343417,0.0105990334628676,0.0137511138865396,0.015342016903869,0.0150571149039365,0.00991708306315628,0.0159625356685506,0.00927033514383263,0.00888729955390213,0.0124072928308041,0.00711534085067624,0.00640801840671304,0.0126754662161246,0.0173718555083043,0.0148822443822502,0.0132713446167494,0.0150164775792261,0.0143243234612162,0.00468383165636885,0.00479706311494106,0.00862863922128027,0.00938445960375695,0.00518538476682069,0.00515114410918586,0.009814275020281,0.0126447674112902,0.0139652293453238,0.0156120386273182,0.00806733197777261,0.00979294364716246,0.00968017525108789,0.00950883679093944,0.0124234215449129,0.0149730424071494,0.0175409208034431,0.0184259596879449,0.0118671527996195,0.0108698809393782,0.0155764142797783,0.010118818145024,0.0113959135420243,0.0126805065493387,0.0105021490597398,0.0164806826869812,0.00807684347781298,0.0177014897137773,0.0195094421963354,0.0117121444527803,0.014690011370254,0.00985358572427308,0.0125880421697702,0.019687887233626,0.00547566064483375,0.016590270759725,0.0134804165740639,0.0125329354181182,0.00564644615177358,0.0088394128426556,0.00422057414192543,0.0142793466135123,0.0131201005935326,0.0189178807401351,0.011417928161454,0.0152171064484585,0.0105885148628947,0.00831593282229438,0.0031394134166235,0.0112487374922101,0.0135066405363154,0.0165800072014684
1699.79293754356,0.00107616769709921,0.00294231409039249,0.00842862525686538,0.00922980111208425,0.00770898499937078,0.00321963664305237,0.0119128458362385,0.00793318600509114,0.00837960713688587,0.00132091180296992,0.00841452594502563,0.00424450612222941,0.00497285852952957,0.00627628564550661,0.0101816689317557,0.0125443502437994,0.0056473122358737,0.00464150239709222,0.00738251737844155,0.00501938715123596,0.00222667060620548,0.0137935162019361,0.00849035869363324,0.00964433936983757,0,0.0101284525906598,0,0.00628270542564715,0.00684713236650836,0.00881288523224243,0.0112216959319845,0.00994583184542641,0.0123003121802822,0.00612488761364758,0.0107311335416788,0.00485846712562607,0.009224176847322,0.00414636546384418,0.00828466602610813,0.00863302147960077,0.000661870871110884,0.00523422896373039,0.0101366840664128,0.00337348508442553,0.00615968302251591,0.00902073749157903,0.00796723753339223,0.0138238031879904,0.00121323167994306,0.00642564969664556,0.00304431755417388,0.0107222389056537,0.00447905533616432,0.00629206654191627,0.00657710186155218,0.00126429259957264,0.0037655702150132,0.00458867489200798,0.0157804232223817,0.0095341671248898,0.0116947789436021,0.0080267440983725,0.000933694859534204,0.00746789036344375,0.0114240301866125,0.0172917523660168,0.0155017451683577,0.00362697192334356,0.00355491481176177,0.0178657957868179,0.0154589331423278,0.00321442390872259,0.00283520176677395,0.00541675500134231,0.00459179269969549,0.00361367913034359,0.0106563166785543,0.00977170517802928,0.0128714337842275,0.00545298559308831,0.0125444632602674,0.000648885763180899,0.00333112858203635,0.00447062030072854,0.0102992524731135,0.00697167648642123,0.00518807614821742,0.00222668856871851,0,0.00708925746111212,0.0123744645410312,0.00779455029228816,0.0090351815431359,0.00361149509744146,0.011338595667417,0,0.00547583846787429,0.0147599094611997,0.00693207260376955,0.0113926732084492,0.00492428293594625,0.0134665355328473,0.00835146025925679,0.011365991916555,0.00818114680920914,0.00507287762659288,0.00526315098060483,0.00987192431338905,0.00281281777889282,0.00848236740959009,0.00891435913396325,0.0103117730935822,0.00591898082336686,0.00587279347275307,0.0123577146315596
1702.40694818732,0.00873296052238825,0.0121790212193101,0.0123437913992394,0,0.00837319638038414,0.009257231920154,0.0067254226540269,0.00548991437153947,0.0118624033615923,0.0117865280732574,0.00852585061795768,0.00923195319097139,0.00996657072034637,0.00319450068410544,0.00762143998464591,0,0.00948803640537253,0.0116986715291692,0.00445904067586022,0.00956787912956662,0.00665073283285591,0.0107309468046544,0.0134511621649717,0.00761968884589557,0.0062341045726771,0.0113883833385671,0.0105374340909935,0.00803277205295877,0.00804678365447389,0.00676030001917046,0.0141065110410084,0.000648868583481109,0.0097189137107761,0,0.00156346628191515,0.00438460681657123,0.0039604824005353,0.00370552508580508,0.0111289019105588,0.0119937667953619,0.00185441590562807,0.0107321834258534,0.00541936996630364,0,0.0121602792293935,0.00691832455860865,0.00428028217155862,0.00634686071989015,0.00239438707503512,0.00868322369812406,0.0138358407240138,0.00180419371625107,0.00295642652331616,0.00372877579486607,0.00406088738711051,0.00568148600917755,0.00437196973796942,0.0138689804731188,0.00339634492881184,0,0.00527345864593514,0.00484502562283302,0.0075500441710897,0.00648826080783525,0.00283139788928135,0,0.00963622251471947,0,0.00966335533380032,0.00423452148188004,0.0090315507674362,0.00389777876562619,0.00564793544087039,0.00334296871933584,0.0053344458739318,0.00822125170095564,0.0107619480225676,0.00606584735893219,0.00647518447362611,0.00887791447037279,0.0039980750403286,0.00450574243886755,0.0127382838325075,0.0115780035620463,0.0121412479318307,0.0118734038253654,0.00688219825278302,0.00961766895933207,0.0117846534097662,0.00882892619767711,0.00653677247349532,0.00743146830126961,0,0.0085690247252058,0.00966683679411156,0.00804152644773108,0.00394882296416806,0.00445350728855761,0.00652892559219342,0.0017269928574135,0.0100126509202392,0.00646659558715191,0.00035362009580532,8.0509036919746e-05,0.00265836821239964,0.0032134520634042,0.00773730311311358,0.0138035977633348,0.00559839672773224,0.00805021912026524,0.00412598900839058,0.00659572365188727,0.0060502793778691,0.00543028488039644,8.01086029577695e-05
1705.01920234591,0,0,0,0,0,0,0,0,0,0,0,0,0,0,0,0,0,0,0,0,0,0,0,0,0.00371518386592284,0,0,0,0,0,0,0,0,0,0,0,0.00837685247238297,0,0,0.000690965877333,0,0,0,0,0,0,0,0,0,0,0,0,0,0,0,0,0.00232709266052356,0,0.00294885863243686,0,0.00105006685183754,0,0,0,0,0,0.00161783145741114,0,0,0,0,0,0,0,0,0,0.00607141098375266,0,0.0011912306882812,0,0,0,0,0,0,0,0.00106671763682835,0,0,0,0.00127170926085841,0,0,0,0,0,0,0,0.00290192852206282,0,0,0,0.00100322983919635,0.00185811793414421,0,0,0,0,0.000293580335584482,0.00491193041413277,0.00532782582600463,0,0,0,0.00292754831415029
1707.62970163467,0.0020888836255928,0.00242962944280519,0.00781701043773098,0.00489356734551784,0.00925884679098424,0.00542403883573915,0.00970738645131917,0.00553863400677421,0.00162821338307002,0,0.00560395108926505,0.00693264823560819,0.0151739749429223,0.00846377895873059,0.00476381912217971,0.018387112722232,0.00444609073231308,0.00895265665195615,0.00686615292334713,0.0030354512054639,0.00481866146609957,0.00309972226005611,0.0042635581578139,0,0.00444219785143901,0.01400519894941,0,0.00787587912267939,0.00133594638860482,5.53181240448678e-05,0.00755038952221784,0.00847089479787834,0.005725052918358,0.00489110343942133,0.0111820033560373,0.00887085750895197,0.00371141035648799,0.00989467621078734,0.00601635051319849,0.000304807176207145,0.00323825304114224,0.00726786713133958,0.00358865168471392,0.00261082853916244,0.0038485715547306,0,0.0143865991827041,0.00448301361576492,0.00157733036577169,0.00677717715442905,0.00184753304215888,0.00154142900540679,0.00108332954297067,0.000330160016802451,0.00350044640354308,0.00598884038761772,0.00245857370155398,0.00110036266870904,0.00632057349843614,0.00398395652509921,0.0109428838698754,0.00127164229488605,0.00090149616236443,0.0073321986511629,0.0102509563450026,0.00425946220069346,0.00619139744571205,0.0115755456004224,0,0.00566329167753919,0.012634595558011,0.00427239449370161,0.011902507695427,0.0041999022060532,0.0106769968875144,0.0132771200792023,0.00463013332938187,0.00688766126235967,0.0062112560514828,0.0113998398027777,0.00963872246876069,0.00317742613361419,0.00709306711819834,0,0.00451267432439176,0,0.0130555168220612,0.0109376112284226,0.00504609360676168,0.0102447791774481,0.0106603715850229,0.00841776857849462,0.00776954622206165,0,0.00216820205848704,0.000515748987986578,0.0108920478064526,0.00300848342299394,0.00364716957522909,0.00477325299384395,0.00431470542840773,0.00356351374521988,0.00922328350899308,0.00312403046169569,0,0,0.00778684430257352,0.0125016894405532,0.00368205685033717,0.00837575786712053,0.000601401929493465,0.00307890562037479,0,0.00629160465951373,0.0058060840847657
1710.23844766691,0.0162932354229562,0.0149654320718459,0.0210298209158038,0.0231255165295604,0.0153896055226211,0.0131568394546821,0.0157547609900759,0.0187806189470217,0.0138563316432445,0.0028255192274883,0.00472987988442809,0.0227706075822195,0.0153879594075994,0.0151954573644441,0.018556538778386,0.017572284220345,0.0121175424640248,0.0123956818796693,0.0170886194647833,0.0169000768790864,0.00718166214254666,0.0166575298798285,0.0109199387688637,0.0244914651281413,0.0207378073488504,0.0098879751866096,0.0181127041147379,0.0220458022940457,0.00966895612262725,0.0174807470290442,0.019171897191788,0.0155878084306091,0.0107672590972169,0.0154518337802486,0.0152200464601385,0.020776712563344,0.019447478155169,0.0175984909792908,0.0138590276378863,0.0130124596865295,0.0215083144871193,0.0225613485070402,0.0268617577075452,0.013607814065705,0.0233670692251395,0.0188638208754441,0.0140545598610173,0.0155112999212318,0.0110383576307029,0.0194437872928073,0.0154038295744878,0.00807803146215996,0.00990716282416653,0.01254743867129,0.0180387245849349,0.0164268708118292,0.0171034786118927,0.0115573456860224,0.020005661028077,0.00961004668411173,0.0252008551074439,0.0100544794981658,0.00761258116274371,0.0151187661682822,0.0159146219560712,0.0199516887342649,0.0228109704057862,0.0214977294261324,0.0150231249406197,0.0122500298546677,0.0112107573151722,0.0224260254966503,0.0142716064882386,0.0158603788237109,0.0125897357058074,0.0142578038185828,0.0101927233112674,0.0162993546688627,0.0172099754834967,0.0232139103387912,0.0157398506698365,0.0141117387994736,0.0116838985707877,0.0213227000581565,0.0243785165774001,0.0128488792119287,0.0175350001729471,0.0121639790635031,0.0139107104057454,0.0126175252692082,0.015206200115474,0.0119236828743952,0.00795863940778795,0.0182939361601372,0.00856520174806621,0.0151884095822377,0.013310765747257,0.0135052307794764,0.0179884387815067,0.0169419807983865,0.0172077893370334,0.01646166162682,0.0153196069016057,0.0169103271651975,0.00908666282478517,0.0125056866876273,0.0125783447548401,0.0148935936600718,0.0184709944882808,0.0244647456641724,0.0127005740640528,0.0191115259899549,0.0142350103836199,0.00924808030996265,0.0189582817340085
1712.84544205395,0,0.00349078987012667,0,3.72185422897306e-05,0.00113923596471209,0.00385171193886378,0,0.0008815442693816,0,0,0.000649155873772588,0.00529833663510614,0,0.00252306522589059,0.00257599778563629,0.000367957651469773,0,0,0.00125697888049636,0,0.00311203630029434,0,0,0.000356365286329741,0,0.000329064678333042,0.00273161047577265,0.00248667333799961,0.00395636221284169,0.00909053791897186,0,0,0.00185643103832544,0,0,0.00332874908896022,0,0,0.00321059115671645,0.000171888091403692,0,0,0,0.00189609291413564,0,0,0,0.00328733568462983,0,0.00445403166497494,0.000670847582794957,0,0,0,0,0,0,0.00145878335573239,0,0,0.00102716871157132,0.000519849008543938,0,0.00125408662161371,0.00254655631743806,0,0,0,0,0,0,0,0,0,0,0,0,0,0.00120612003748848,0.00299174772235765,0,0,0,0,0,0,0,0,0.00114096988090886,0,0,0,0,0.0047042748506752,0,0,0,5.16741927291867e-05,0,0,0,0.00518932222557707,0,0.00520734304536805,0,0,0.000750639245667406,0,0,0,0,0,0,0.0138886283659101,0
1715.45068640504,0.0141403233871843,0.016623920662876,0.00749020868218624,0.00560819245142721,0.00840823573756959,0.0148491187004096,0.0109648428188543,0.00397755383844794,0.00219604832971577,0.0116105886607862,0.00685479940628529,0.00829369362994727,0.00562146711443501,0.00985896187343289,0.013181604275839,0.0112701705386201,0.00459245678774197,0.00931058037472375,0.00883053721051118,0.00730975103821673,0.00607687102249481,0.0156122187419389,0.0136599982625576,0.00960193092587818,0.0175281211557937,0.010510896004485,0.0105636622118692,0.00975378561798575,0.0156018381676183,0.0109627671368796,0.00956839666000691,0.0257053573911425,0.0118024728959072,0.00776136058821303,0.0146533165115356,0.00995371422893336,0.0118819212528078,0.0100192943397688,0.00240072892726294,0.0156645904843437,0.00883923473418298,0.0122778798569687,0.009661403058573,0.01295546218902,0.0055769917983626,0.0160397224536046,0.0216360644393129,0.00734003155281125,0.00331881916036955,0.0122978675500375,0.00734332484678899,0.0148875213037212,0.00336483910523857,0.0153259336512575,0.0138419581904999,0.0136908353291941,0.0164489852588302,0.0195632373162117,0.00634107643146386,0.0144490601342575,0.00776386607945696,0.00342850183905194,0.0135721495348917,0.0150661905107083,0.017533592944038,0.00691225768142346,0.0113660197681432,0.0154811296072323,0.0138222727153847,0.0122777619069067,0.0177312870211326,0,0.0196402028449978,0.0119972572734281,0.0175863251309358,0.0147216853737741,0.0101489616493474,0.00808621707140371,0.00902364828352115,0.0143173784630887,0.0124021713833258,0.0172681087617477,0.0100482592396524,0.013359814840064,0.0153139346185193,0.0167710560532813,0.00612095227230656,0.01210164590319,0.00952697840452948,0.0153008422205245,0.00489575955934009,0.00339941990095127,0.012269254708462,0.0210224330185497,0.00179306492625006,0.0083753870074788,0.013292319226934,0.0127906133665741,0.0163833477053276,0.0103949645623023,0.0161070685917111,0.00825099368297288,0.0168330411667363,0.00928301716778053,0.00973785289373487,0,0.0133784928946481,0.0181386523728819,0.0156580415743372,0.0080081164176292,0.0055712720022445,0.00268033810305987,0.0164117401832409,0.0202133955504932,0.00384822197982658
1718.05418232747,0,0.00467837023498857,0,0.00219816565059074,0.000131062649704194,0.00187426602352095,0.00702531447233711,0,0,0.00767169843664663,0.000678928041619634,0.00594352730913804,0.00593122609474767,0,0,0.00366432839865572,0.00381406152289235,0.00596176803983731,0.00448149034617498,0.00446204248984216,0.00530275748039424,0.00154251689977751,0.00440949060779783,0.0024685171728301,0.00230921566762762,0,0.00495056193152432,0,0.00183176370333239,0.00317394637107665,0.00130500977240697,0.00449002851239061,0.00403071732337339,0.00260080687842283,0.00622516992332073,0.00752725850514574,0.000373864561481636,0,0.00652639754380379,0.00506510838981902,0.00583985214620159,0.000176483088003108,0.0088877179458469,0.00888635513433584,0.00371019595194215,0.00701286836073325,0.00836149576295099,0.00167802210337745,0.0123304195791673,0.011487174301127,0.00763518426230147,0,0.000410872308499986,0.00697514372812383,0.00604826354291019,0.00644385496431893,0.00114987910068577,0.0041101900259589,0.00496779765337445,0.00498373699232479,0,0.00690806584417753,0,0,0,0.00945691794056357,0.00350747029733707,0.00440937029591689,0.00422627123374365,0.00571904666293133,0.00713047850234062,0.00540134465310234,0.00708109488380913,0.00302105393712101,0.00400826883235605,0.0104805573936894,0.00239749425804938,0.00619813972581047,0.0103846908546596,0,0.00188549551789662,0,0.00491335438029452,0.00140457621884089,0.0140901399210847,0.00897720432451944,0,0.00299488003165992,0.00982004858995524,0,0.00195443512245882,0.0064631894733139,0.00158968753931247,0,0.005630944073105,0.00191038813230813,0.00755445914425552,0.00811988286681667,0.00857579342169825,0,0.0103737126032546,0.000894032373110993,0.00848042506867133,0.00524561705533559,0.0060422077737588,0,0.00217163129137081,0.0015630900241853,0.00238768061733809,0.00502973543403174,0.00747153450131458,0.00133705026178686,0.00587426533865336,0,0.00469629067977352
1720.65593142649,0.00189581188106261,0,0.00165800570917042,0,0,0,0,0,0,0,0,0,0,0,0,0,0,0,0,0,0,0,0,0,0,0,0.00152620554725825,0,0,0,0,0,5.59053149156744e-05,0,0,0,0.0028352009401736,0.000419542762126883,0,0,0,0,0.00492704274963612,0,0,0,0,0,0,0,0,0.00222179778249767,0,0,0,0,0.00251031849491945,0,0,0,0,0.00124481043114326,0,0,0,0,0,0,0.000691661184424551,0,0,0,0,0,0,0,0,0,0,0,0,0,0,0,0,0,0,0.000694737713926195,0,0,0,0,0,0.00147126386457477,0,0,0,0,0,0.000714925533726217,0,0,0,0,0,0,0,0.000270040053637918,0,0,0,0,0,0,0
1723.25593530534,0.0135699451370131,0.0156102896182282,0.00420401257956698,0.0081966783637455,0.0164419952290188,0.00109318008133892,0.00560818542684997,0.00540398706442529,0.0122492109695593,0.0155714486961938,0.00623414889165641,0.00295385360479111,0.00610596598157949,0.00938603576104191,0.0137623824156041,0.0145048535634095,0.0130322344582021,0.00518940969559776,0.012736388857564,0.0107965965415907,0.0092372707762424,0.00655260082075252,0.00787745549021482,0.00841139307399303,0.00464927916772847,0.00840867353679696,0.00999444138544209,0.00227443555236945,0.00795788518257991,0.00869203709178495,0.00647860136063157,0.0063769130046886,0.0138626620330983,0.0109216124185694,0.0129555096806533,0.0107822027819649,0.00747280894465485,0.00774472057601587,0.00833777197550362,0.00682180482925765,0.0136339501027732,0.00787093243116494,0.00850910617412185,0.012754273048128,0.00973786643026409,0.0158773960688954,0.0134208455823255,0.0131934893501462,0.00753300641999292,0.0159339498033227,0.00564249049939951,0.0142122880830138,0.00377240986503697,0.0175649922350689,0.00751771746491276,0.00928784502448485,0.0124846275034191,0.0058051776460514,0.00935180266111189,0.00676169014041393,0.0151632434415695,0.0128822009502018,0.00709650549824003,0.00899116518818462,0.0180250121915804,0.00723088407476444,0.0151927001745007,0.0104809330995491,0.00431478952215197,0.00911473527081175,0.00784384654951107,0.00561500630621532,0.0222965734144008,0.00426116540304771,0.0118864769451081,0.0116760339635458,0.000935467451929212,0.00957288018434587,0.00833622527679845,0.00978637614701101,0.00682260590686153,0.00961180744621346,0.00401609828448857,0.00914171416162691,0.0101113642873259,0.0100144350314489,0.0129335328575481,0.00676502443693974,0.01321020454526,0.0103977853293117,0.00591604794261058,0.00190750378919498,0.0055440662801005,0.021086423994533,0.00862277074783157,0.00513576378059863,0.00827928516033735,0.0119534456642549,0.0115054313813302,0.00978261924292002,0.0171769345445424,0.00828081518680385,0.00371733132759705,0.0032400177040186,0.0117803387230829,0.00748151979863104,0.00872064204577462,0.0104470470573727,0.0149228330590986,0.00738342724499683,0.00920048958265497,0.015125649616427,0.0125882390866406,0.0096379610637823,0.00756618067370731
1725.85419556527,0.0215115011665654,0.0368852613042638,0.0278956396492243,0.0229069730068801,0.0313610916240332,0.0266230627019813,0.0235175400882802,0.0183089990909076,0.0252159900222247,0.0301136909828686,0.0260612598635009,0.027052376715121,0.0314253059585642,0.0389879859497377,0.0228727879471424,0.0281841000219542,0.0176891477107151,0.0226015748413948,0.0286016915667806,0.0335363581512256,0.0284904856475105,0.0219008166179308,0.0189958773376497,0.0257228437204881,0.0307807208767505,0.0252927869300589,0.0271208545056669,0.020924339724583,0.0251471751049556,0.0279224783540226,0.0301769202672792,0.0242150095955994,0.0325423857148176,0.0314938764125957,0.0253830992996537,0.0250121419020913,0.0303685653715858,0.0258372981290618,0.0299949190452085,0.0327846790788619,0.0260712229940669,0.0346742041406296,0.0266082858981503,0.0190673106357508,0.0289094575711558,0.0272006929904871,0.0322983520224399,0.024956364775883,0.0237358035577929,0.0287923272348433,0.0209917871888474,0.0257047685377657,0.034372356176559,0.0256290129149915,0.0342868426360026,0.0199179051746948,0.0337548963485472,0.0289128609823214,0.0210622305002223,0.0228869380283183,0.0323206200306302,0.018075356788872,0.0258784674592213,0.0370243343914436,0.0249715013244023,0.0257849776466497,0.0292757852427411,0.0195133371364729,0.0260578454250787,0.0275430172909675,0.0213401322124681,0.0250469686654113,0.0205632028821738,0.0248440076621291,0.0242056994329551,0.0346718829322872,0.0222430485010947,0.0251460829856134,0.0238507629742115,0.0295362663191622,0.0249720752176945,0.0309437650637602,0.0273513054260745,0.0315082332579975,0.0318034350780753,0.0240078348907742,0.0251419678405801,0.0352789116987988,0.0211823854888189,0.0312967435737869,0.0252755010073617,0.0271709338523648,0.0240156987982258,0.0337983535457051,0.0258466537184274,0.0158623209183604,0.0257455594367395,0.0242732264902094,0.0336368294540957,0.0330138601273895,0.0335685466201722,0.0219247340047898,0.0245414699174589,0.028620985443646,0.0157859158257582,0.0158561379767052,0.024256564851636,0.0212011321893045,0.0315247591454882,0.030236938225685,0.0231151006070622,0.0237062049987962,0.0287540289467901,0.0249042041006474,0.0257605296496395
1728.45071380552,0.00797227649508922,0.0101087532352505,0.00560422181464235,0.00637068450048946,0.00871005920821272,0.00471022995453151,0.00909389471734329,0.0145859499407834,0.0236223657982636,0.0127901379420639,0.00598197496346763,0.0135393502235417,0.010201774164367,0.00491550145916701,0.00762998873414111,0.00693477460976023,0.00689230120382911,0.0045474525938623,0.0151527869191488,0.0112998409297805,0.0111459902206284,0.00742651414403045,0.00560860664153474,0.00548150934901538,0.00336856193509343,0.0131961600330705,0.00276978284637855,0.00477431631933574,0.00392694535834194,0.00949166547813111,0.0117840720891336,0.0131314680317225,0.0109145602412206,0.00682815503115877,0.0170867851245103,0.00935485799578512,0.0141644447836985,0.00531486419605489,0.0113698924775504,0.0136069919688606,0.00895828666149744,0.00599170034159036,0.00933215004473375,0.0107938709216697,0.0115977729934785,0.0106412142437196,0.00611548967186982,0.00263808311444062,0.0115968930492075,0.000965600397302959,0.0149992350021616,0.00862312938993838,0.00726219031524156,0.00490264625032059,0.0129484707631151,0.00687332836002316,0.00517304775989913,0.0125042612868363,0.00899341524574916,0.0059579995275222,0.0110472173360077,0.0108881630438783,0.0166192492347547,0.00708878659738193,0.0188785611111482,0.00673762090644809,0.00953357114713274,0.00208159451860812,0.00727406257692261,0.0121091751757941,0.014687240556579,0.0113883660889751,0.0151063486851148,0.00726812125660302,0.00430838139835367,0.0151343630625674,0.0108654686782202,0.00222470690743698,0.00749749361775312,0.0178037222924961,0.00973056097384611,0.00986047927100297,0.00815952085419863,0.0105908771259483,0.0160437403547116,0.0163567428495126,0.00991425934798299,0.00127716831374984,0.011854243403632,0.0117840858276826,0.00350761515114714,0.0125770505250475,0.00469408704164498,0.00919758044250537,0.014936615471376,0.00694040872633788,0.00913431158030564,0.0131885914264294,0.0075126369197169,0.00790582501695593,0.00428692320482197,0.00809869371288954,0.00392704216597168,0.00516467592030479,0.0181970181204376,0,0.00541218949059507,0.0107461804792409,0.00863611077953547,0.00713031738594593,0.00401486437702733,0.0115723726877121,0.00857309377777581,0.00109732807911173,0.0035565397945089
1731.04549162334,0.0122139109743138,0.0138177974076669,0.0217822775763715,0.0174342271556909,0.0161742205168786,0.018036931439358,0.0169865929357748,0.0173468159408408,0.0139546906576759,0.0203703090888206,0.0177785304529733,0.0210326063274561,0.0144651109200276,0.0227058887586916,0.0157227219491375,0.00849573387713931,0.0174874493106797,0.0220252560550515,0.0213054688678609,0.0086194525993254,0.0196905411706458,0.0212401987719358,0.0167930275026531,0.0233859152872684,0.0124208475693728,0.0148193303199866,0.0226574245531347,0.0186667169724554,0.0163088596695784,0.0174784410668716,0.0215073434926621,0.0162945306507407,0.0226668239578716,0.0252844559211019,0.0181098665033929,0.0183056131502715,0.0156827057780987,0.0229352230213832,0.0167490938443951,0.022219205106907,0.0154350318311019,0.0204624145254074,0.0156935654749975,0.0177124349543005,0.020094039252997,0.0192935154108733,0.0163662627176268,0.0252962904540535,0.0136782089540365,0.0144319635264588,0.0106420458272354,0.0175307908053712,0.0179597180275858,0.0173844688671864,0.0195430568607845,0.018646162802584,0.0195343175410255,0.0129225803647952,0.0153566510571027,0.0161823892095812,0.0131007960301188,0.00751055521324664,0.0144114187816567,0.0200086925736068,0.0188099473127346,0.0253634131358132,0.0149449137363948,0.0165865378374266,0.0197649457491035,0.0200100777877122,0.0162489702352295,0.0216545669702166,0.019875503416119,0.0170046100082106,0.017230985899385,0.0222352279485886,0.0145381927192252,0.00972370604065849,0.0214546143006118,0.0249030827951122,0.0144670563016654,0.0172865546959502,0.00373269746094638,0.0196532199450274,0.00629333507532913,0.0185495406946156,0.013569295854122,0.0157804482263064,0.0253076517684584,0.0219629819574253,0.0142667262041254,0.0206568337900338,0.0193934759565135,0.0177065031542397,0.0104377069124078,0.0182519021401997,0.0195139797509418,0.013036500931719,0.020486300072285,0.0230498150500056,0.0196431775368456,0.019058727865632,0.0151201123904315,0.0208367670175568,0.0179280962281593,0.0170762511151593,0.0193501997197383,0.0193869144345014,0.0155568206866918,0.0152662418929921,0.0114929632509318,0.0153042057261416,0.0172028524847589,0.0125734115390351,0.0137294182897926
1733.63853061397,0.0191773470263682,0.0143538760392268,0.0185042925913695,0.0152764614837506,0.0140021176197991,0.0207280877749841,0.0148307215376915,0.0201419375455535,0.0189148098726155,0.0198740543108918,0.0188135939531347,0.0140390178874124,0.0236355781214252,0.0124551058730975,0.0151781070626277,0.0137974574296492,0.0163670880295671,0.0236410124483782,0.0215150626517142,0.0113958542579273,0.013723460884078,0.0148278632996654,0.0162748110512147,0.0254415566591577,0.012933779730933,0.0219508343938115,0.0161625331430388,0.0197308112463515,0.0200607513396502,0.0125741714886064,0.0172226022409349,0.0152789368799621,0.0188536195894693,0.0181385969028172,0.0164352332159764,0.0150002071224213,0.0166975327546637,0.0164335683259044,0.0221615268922389,0.0188907750287804,0.018657819208004,0.0166393474153119,0.00974856922654927,0.0192490224458435,0.0173459504997426,0.0170316555259549,0.018500849869419,0.0236204525966908,0.0125186540861029,0.0225020851520944,0.0159356155297424,0.0174650236097104,0.0151985483660288,0.02609311781763,0.021794647825531,0.021292224903142,0.0226636872008161,0.00524699945746987,0.0185053403402974,0.018303690625813,0.015728695846723,0.0160375669131686,0.0143961709887936,0.0204936084254773,0.0133276436069757,0.0238814243768327,0.0258503913819272,0.0235537782351399,0.0196824876837966,0.0274139028316606,0.0194800087342307,0.0145775584755182,0.0139467881719121,0.0174990054847918,0.0205119357420833,0.0181962931737388,0.0230706788045998,0.0194261436084892,0.0170611885720386,0.018766113162022,0.0192357709853041,0.0236702786519696,0.0102515189025971,0.0217963115723627,0.019393449179528,0.0238757798701748,0.0161793895857818,0.0146784647745961,0.020919382568016,0.0133007209017375,0.00989439142635485,0.0109810183190711,0.015486889401169,0.0161116173732841,0.00597255429279928,0.00939727533615754,0.0205738366483381,0.0161866925077323,0.0204715343589319,0.0143125109796516,0.0218164200628633,0.00914984811653921,0.0161121352739091,0.0159077271161605,0.0204078001613941,0.0137105789841254,0.0138948959574227,0.02315859749721,0.0165543322352542,0.0124846181348051,0.0157530259264993,0.0157929439756629,0.0144631399683672,0.0136174777186562,0.0223176180607317
1736.22983237067,0.0084252446560712,0.014388455774306,0.0152594211064265,0.00413870735383148,0.0113260225252245,0.00478235705759287,0.00740159915230647,0.00254707196588923,0.011477046536501,0.00913888306082576,0.00746816921481095,0.0129942522749888,0.0171334427716428,0.0130356040208384,0.0152088589975457,0.00800813675071486,0.0110072835660067,0.0019771664258431,0.0141512056924776,0.0152908951696197,0.004018449660471,0.0132464125645867,0.00512100493871513,0.0217064009025668,0.0129439210233718,0.0121457545284738,0.00916179994680934,0.0111820624753515,0.0103098083726338,0.0114717667173951,0.0124313679337707,0.0132434734409319,0.0123838493093035,0.0126622856569417,0.00714688729481128,0.00691850597195753,0.0134566695463821,0.00406012168792671,0.00690499565993111,0,0.0136963054223053,0.0128489833578896,0.0177847821950996,0.000785328035024684,0.00872357417744074,0.00659261067317472,0.0136059834254134,0.0111479614906076,0.0157576682631762,0.0121464870586346,0.00790303129700913,0.00789623378233796,0.00761319045495919,0.00818721928506246,0.015326972158101,0.00080289622511331,0.0129521368678159,0.000312862048889535,0.0130279430709381,0.00635555841915326,0.0070129331668193,0,0.0106349383799202,0.00583335982847857,0.0100572383202417,0.0150142521869258,0.0143990992863127,0.00946478213940126,0.00976734715653084,0.0073112374876755,0.0101986808448254,0.00318954104317809,0.0042950248688996,0.0082058652936992,0.000714128032005021,0.00887069205943702,0.00696372288429947,0.00311508746838983,0.00891568834477423,0.00989812438792907,0.00463000147962827,0.00322109267681788,0.0102557803064432,0.00846399011245215,0.020032267005339,0.0214954092636679,0.00374135045483468,0.00891703956218477,0.0138556428738081,0.0143779044280806,0.0115121730059108,0.013737043144599,0.0132578433192889,0.0113485923304688,0.00845028351675576,0.007309790226869,0.00791271408493545,0.00901359391625103,0.00421309150074629,0.00180371025160076,0.0130095044014427,0.0113759142463707,0.010673263095405,0.00775360980404357,0.00935078377946772,0.00564247666654139,0.0123590411774156,0.0117129052663002,0.0137944068182594,0.00316588129998214,0.00541834859666381,0.00648711233186215,0.01338555493703,0.0168977175054681,0.00883645373082157
1738.81939848471,0.0219083749134981,0.0192643237817695,0.0288300077413625,0.0174203269585103,0.0119063676312148,0.0187422638449856,0.0228198191735209,0.0242231030394043,0.0235320207553172,0.0179012652967842,0.00802956775992892,0.0162851245262433,0.0198713359397974,0.026607101007873,0.0190666192824231,0.0207918272612161,0.0249039265495123,0.0142561672685502,0.00573614041999484,0.0137972749806954,0.0132000978934773,0.0170291115705952,0.017472429735698,0.0153567485231945,0.0220951171340883,0.013871156898957,0.0140545421905973,0.0208866831605429,0.0227912071346379,0.0195561309517181,0.0195550437887451,0.0207170853230604,0.0226207841156623,0.0170371315167901,0.0257504971723758,0.0148970088014817,0.0209698684557703,0.0190945525000359,0.0151083264638304,0.0139662372780703,0.0257509204940791,0.0225667121188061,0.0156607900489746,0.0159224784776885,0.0124847745799627,0.0120605752510891,0.0158074073976039,0.0171194021331043,0.0130277886283936,0.0246257827748218,0.0175367448830566,0.0169008008279617,0.0135518018225855,0.0196830342260189,0.0165517487876459,0.0250669606933171,0.0161464170180752,0.0268335789010908,0.0205713416613595,0.0117978336709666,0.0194576396950022,0.0164590450730914,0.0160850615130468,0.020477366393688,0.0166243150640495,0.0231467285920935,0.0193642152552498,0.0192017010905549,0.0272905930204414,0.0211357229978788,0.0205869569131634,0.0184417600171908,0.0155999589322113,0.0229519847331708,0.0191115719124875,0.0245876418873888,0.0134164244695125,0.0134263837650461,0.0256742184526798,0.0204153764720462,0.0110808190812677,0.0134309099262296,0.021751614649048,0.0213684061537233,0.0179886350365253,0.0176029907861169,0.0155723732642104,0.0188240015865362,0.0214492102326147,0.0122525858793878,0.0212865146959411,0.0165267048582366,0.0203812695646112,0.0194226212168133,0.0205283413283918,0.0187228720441014,0.0128901393155047,0.0144085477117663,0.0210846930778043,0.0203077867656155,0.0229591057850577,0.0185862701654942,0.016576539809196,0.0159224457290336,0.0146139404407058,0.0184448095590334,0.0175180942356292,0.0215419563636715,0.0218951052716721,0.0228999743130957,0.0102855834140758,0.0163231853307055,0.0183140601024002,0.0152540780264028,0.0126385027566383
1741.40723054537,0.027357172715178,0.0161592839863548,0.0261931613551568,0.0153604883927512,0.0195035849176927,0.0252676679787158,0.0218230088988865,0.0228220302335491,0.022108378713356,0.0250755944036706,0.0194185035463624,0.0158451320473315,0.015602133322886,0.0159171252589372,0.0180808860380094,0.0150687886542449,0.0260175055821999,0.0196807825355855,0.0218148361913466,0.0150494569366539,0.018644102269917,0.0181792687816106,0.0138540799875102,0.0153918467521819,0.0168140248768277,0.0128937357503894,0.0254499639184741,0.0274093853672894,0.0141899088165524,0.0158268352348204,0.0191518094900382,0.0255917984513969,0.0205198766456094,0.0209000924713853,0.0143448995237339,0.0180994993392028,0.0258358402846429,0.0191324440244891,0.0195317445077946,0.015635957055612,0.0230475402984623,0.0177641646243407,0.0248359008555529,0.0180981480039951,0.0286296976044018,0.0186568492258652,0.0256485612521836,0.0225827852396702,0.016879426935045,0.0121648438946658,0.022394196996672,0.0232892570459194,0.0211422825692234,0.0225115148263665,0.0238279666396544,0.024040730937401,0.0290283452060223,0.030091553719715,0.017865437932926,0.0232400854280282,0.0259763060504141,0.00835380043285808,0.0210287922391442,0.0205185609877941,0.0172334688876725,0.0180632151677882,0.0216324215597567,0.0165346307872212,0.0190864958666598,0.0164571967354363,0.0195540690597571,0.0261252480099881,0.0162074588151714,0.0142710830964571,0.027330315193065,0.0179913748675122,0.0172203979380836,0.01563147358098,0.0230012824346397,0.0210141653606404,0.0197206014752338,0.0172257458360914,0.0190942753019568,0.0230758555724132,0.0181520506749238,0.0235550886081352,0.024743116542759,0.0126048997510456,0.0166179892938808,0.0182492380107326,0.0180961453709783,0.0209673274406873,0.0176703460803545,0.0227282957495554,0.0230743160400068,0.019811220016071,0.0206518149974737,0.0182009544329353,0.0282237153786095,0.011126492744175,0.021928844670462,0.0120789656055375,0.0219735057917565,0.0116355471756359,0.016654825621368,0.0241771533352157,0.0232665217191967,0.0112520206099523,0.0262386531687381,0.0207662557902058,0.0146439899757007,0.0261924135006794,0.0183892624741666,0.0163976895017635,0.0159344547118464
1743.99333013995,0.00809910077843533,0.0114846536132802,0.00843175908571021,0.0175747505754993,0.0147792126454739,0.0126231956337937,0.00600304167770687,0.0166184654779071,0.0104493724869308,0.0166048472981765,0.0130302440163229,0.0143633059344092,0.0167822202280381,0.0176785506506176,0.0133356400515622,0.0077899761890149,0.00633825731626882,0.0113632890777261,0.0112978170688782,0.00874413039546082,0.0111930919900816,0.016163906998551,0.0140036804581387,0.017576963311163,0.0137093861232776,0.0124982851297867,0.0201671488122666,0.0152096245160819,0.0164510091108299,0.00836116930897427,0.0150021963548547,0.0115481203890934,0.017376430662507,0.01716071338668,0.0171755869692352,0.0106491989076823,0.0087566677731121,0.0138357401042194,0.0136378168785503,0.00971967440989457,0.0132559669376754,0.0183848508846352,0.0120485578906953,0.0165166877989409,0.0104401990823773,0.013244827262538,0.0132485266313749,0.0140010196404602,0.00821450554071939,0.0105952719542275,0.011254180533104,0.0169966788726508,0.0168935889094901,0.0106905110345253,0.0152736810947479,0.0181987051809451,0.0129781577576304,0.0122539681608306,0.00815739092124477,0.00922276825495276,0.00652495278351883,0.0191693162078602,0.0141287336058437,0.0167983746171036,0.0216889820537607,0.021498034809643,0.00591310127827184,0.0101156709114238,0.0142046023385456,0.0118117709330471,0.015827438576622,0.0137511042750267,0.0077272095433827,0.0132620018081345,0.00763333054019753,0.0108976910362687,0.0151576782847471,0.0140715914111835,0.0198207762431911,0.00616561565425736,0.0106035687353484,0.00923268282590911,0.00119264475465617,0.00449541212570095,0.0161765750485412,0.0228334487512171,0.00378564604737364,0.0100663418129347,0.0129032462263578,0.0134941279906769,0.014939006147174,0.00980918489020176,0.00676982063738872,0.0132632381154365,0.0107737557116174,0.0157544261148656,0.0141427870653925,0.0122155297757027,0.0131512670178602,0.0177402673548499,0.0126722538005407,0.00560569541636299,0.0101685478792231,0.0209569072358674,0.0160164397644194,0.023786789432082,0.012952610813544,0.0129779602731229,0.00787604536821272,0.0203088958414702,0.0130761669390359,0.0169860411829547,0.00872451976175733,0.0159224222664707,0.0149509344800435
1746.57769885376,0.0189928057214196,0.0201999701366028,0.0145239429229713,0.0145206235991021,0.0235182099261098,0.0256173401943641,0.0209894593467171,0.0303368274585516,0.0253102594352116,0.0233068142463481,0.024486104938567,0.0268975377050275,0.0255780443613609,0.0205537708601,0.0216304087182404,0.0185548957371793,0.0310136089586703,0.0263923586193742,0.0258183785000041,0.0285032645265285,0.0188584326087542,0.0216456172643733,0.0205886176577835,0.0240296766321291,0.0261753697414318,0.0143272766870375,0.0230045917077637,0.0276943011875138,0.0257845754128987,0.0273139352755634,0.027088370536018,0.0312301895636949,0.0180313714799102,0.025454655102398,0.0265953642445924,0.0251364475862602,0.0158334222277294,0.0198443478996904,0.0273906033667627,0.0152664821506387,0.0286984404168797,0.0244289140273743,0.0164618742357705,0.0236309949508551,0.0218184451285425,0.0210034316374377,0.030220198718597,0.0216976636425048,0.0350515673171491,0.0226317115717986,0.0236587443982915,0.0255697063564455,0.0277882401488504,0.0260962814419787,0.02644743671983,0.0220885948586852,0.0227075286664078,0.0285804725698192,0.0222939329485891,0.0234444654240568,0.0228612918209301,0.0219227659232794,0.0277780147075588,0.0234106226361401,0.0201868659456504,0.029210530143461,0.0240857815054296,0.0226563329972775,0.0263475979149608,0.0193803624344139,0.0246799383746473,0.0291036396527839,0.0250327038462309,0.0199248844055909,0.0218321150198628,0.0320395345122535,0.0238553108071753,0.0212275117155026,0.0247836998012186,0.0261840207909914,0.0203872327807381,0.0238394560675323,0.0204279010789384,0.0265909006227339,0.027816921339191,0.0329890395208338,0.0281026619651935,0.0195480281290578,0.0281793983071888,0.0362744140760985,0.019938860865411,0.0218646396907374,0.023312765263844,0.0299732077975755,0.0192346228695213,0.0220909723747304,0.0208714267389954,0.0193436118688728,0.0279539054883381,0.0319967043166003,0.0238246461148805,0.0233693145049102,0.0183233245290232,0.0199948112196941,0.0273558783036291,0.0257980993129873,0.0215454209706912,0.0218180136103288,0.0236548690332806,0.024265718277342,0.0218348969361984,0.0231002317337145,0.024070497807393,0.0176839137503397,0.0296338359223785
1749.16033827016,0.0234661018160504,0.0257431930757721,0.0271463058376607,0.0295246886071341,0.0322911362263088,0.0279768281155668,0.0243364549100829,0.0279658342875923,0.0283145314832777,0.0295024932296466,0.0262607831105292,0.0303235808928689,0.0224930319815459,0.0348009003895868,0.0332108633834661,0.0314723220497626,0.0258185194658834,0.0329779753207176,0.032222767969178,0.0298594398026557,0.0319440794656298,0.0282270767031866,0.0293414568867907,0.0294565384777623,0.0252810269897625,0.0276873490771129,0.0312669675017594,0.032710412816689,0.0243232429071379,0.0226069984455802,0.0332682425906273,0.0304148386573972,0.0310906764647258,0.0326917232139069,0.0305871282044972,0.0300397207601824,0.033664820463389,0.0274966143110263,0.0335503330119996,0.0333650423130303,0.0376008465321739,0.0315844207000548,0.0278828935807625,0.0334855490036207,0.0385999566129751,0.0282486941249677,0.0303838991783623,0.0310526495271186,0.030274131964994,0.0336159939426621,0.0344935838901306,0.0299378326208579,0.0176699990665939,0.0344667079554585,0.0414848685663422,0.0254733697666045,0.031397226762141,0.0254369868996988,0.0310521255423915,0.0339032298778591,0.0235208325528846,0.0241695238323938,0.0290439172997648,0.0322244854784484,0.03451423560736,0.036960044299807,0.0330088117209774,0.0298231559184018,0.0346877670192108,0.0354559275473119,0.0390208089581619,0.0281998486047213,0.0219839597699634,0.0244392400209011,0.0312275391089425,0.0377857689107644,0.0315137056281566,0.0333009316431482,0.0297800203532455,0.0324140921512729,0.030743054677116,0.029345149104254,0.0238735207973985,0.028933556697744,0.0394917187937871,0.0395684085451925,0.0217531623232618,0.0212436373693777,0.0369892926893111,0.0256545675779001,0.0385116055252411,0.0301809153344707,0.028377205118039,0.0253767094753787,0.0346391072231198,0.0357133386829465,0.039187391048829,0.0275947184972344,0.0254284718697185,0.0299817833397562,0.0311564143519401,0.0285158464661214,0.02651078897855,0.0326412664495377,0.0349306474110524,0.037314758075753,0.033503366100696,0.0285131732136458,0.0318871456742116,0.02880412291986,0.0311687434039492,0.0357996357855587,0.0275049174847624,0.0349011388929256,0.0244043978546496
1751.7412499705,0.0166786787205896,0.0179634495267661,0.0219377461465478,0.0132834836272781,0.0212223438689858,0.0271698637340372,0.0123301521630891,0.0213302903271906,0.0237864679651579,0.0184315627871175,0.0205132839475253,0.0219526996899666,0.0156509654982535,0.0139892958078476,0.0215232875905821,0.0126407934855544,0.01745284441285,0.0263517578841123,0.0207280190733978,0.0171511072737642,0.0208229189603365,0.022580371053857,0.0226585604821761,0.0153301252877536,0.0228132470730617,0.0142578223715369,0.0153042320551313,0.0211480465980368,0.0196473166351953,0.0173949782302669,0.0238209754751826,0.0217367735114607,0.0210554287487994,0.0225091353710022,0.0182262545755732,0.0157423798160956,0.0177582499352881,0.0185426202258784,0.0174075959651029,0.0215635544386624,0.0147630512947882,0.0182911238062106,0.0162689391855456,0.0135950470400111,0.0183625198811006,0.0125388123172102,0.0186294069532819,0.0209480325608914,0.0129805830574444,0.024003833389771,0.0181100355269208,0.0163279557739697,0.0162196221358531,0.0211181055981039,0.0177160398917843,0.0154220099904837,0.0122280221220135,0.0125753379123517,0.0203617329455701,0.0210724983144307,0.00958718927504775,0.0140372281640454,0.02656471732615,0.0210154690436859,0.016739908799719,0.0373253097361166,0.0223064556685628,0.0143123841007632,0.0211378969118882,0.017670688011035,0.0195774599004699,0.0218999155115371,0.0157495427052164,0.0191669413859836,0.0239949655249657,0.0244119177156125,0.0215061046695144,0.0188191045822524,0.0212929211981612,0.0209856539819234,0.0125609120404308,0.01607839386178,0.0148034626515521,0.0222189068942835,0.0196919785574127,0.0348287071699862,0.0208228020832998,0.0167169781921501,0.0241670166411159,0.0258535453823966,0.0197493551474932,0.0169692256580159,0.0203186867974902,0.0186799485717524,0.0208480782307594,0.0172578889550948,0.0140743685122445,0.0162579102042004,0.0185967178179937,0.019848210870437,0.013191331890443,0.0199453140650951,0.0164196108631592,0.0219726305848349,0.026255350198222,0.0242399490749405,0.017188057183732,0.0227151165339564,0.0233691415057884,0.0235210854616827,0.0123648553389196,0.0114069203706753,0.0244576937309359,0.0169020706671547,0.0175912957296889
1754.32043553419,0.0244464420432979,0.0342593697065512,0.0265078245441481,0.0368367542409593,0.0332866679786005,0.0317315175644639,0.0353752604184975,0.0308547379959257,0.0328063552393809,0.035509635555246,0.0369280611660996,0.0319005309615085,0.0283397318912293,0.0364035706810617,0.0272114959376605,0.0393984908666152,0.0294124643312427,0.0292968086200012,0.0234011865202799,0.0332191224808094,0.0323600277957031,0.0297623943930988,0.0405486786936321,0.0303516066081054,0.0332377219789767,0.0331624123326642,0.0322605341173297,0.0294475829362358,0.0388289276616836,0.0359094399146688,0.0381707038289942,0.0278330541519156,0.037947177534634,0.029814618568161,0.0419518076430411,0.0319312615858027,0.0297604431958563,0.0327032338561739,0.0356215724671313,0.0337434816674148,0.0303077101038496,0.0341380645795534,0.0347315698521031,0.0343447583149215,0.0319891955143081,0.0275156628000955,0.036790353045973,0.0341616285221467,0.0279154719487593,0.0388561418682987,0.036492853943601,0.0324168381753316,0.0282940759226702,0.0344528843932243,0.0339166264798322,0.0355773476661061,0.0365395845036907,0.0317111621078549,0.0243165048836671,0.0310571401568487,0.0341503311993849,0.0303814930091101,0.0316781057124323,0.0320647325005235,0.0354929756817465,0.0414386169343582,0.0318440761956721,0.0410137878884314,0.0317386793918422,0.030635863209965,0.0383500458480855,0.0373540762936125,0.0358378136707979,0.0357524126365391,0.0404462943047782,0.0398061343129798,0.0335226754190575,0.0331310534908499,0.0290598609889478,0.0256259251884975,0.0316085760355596,0.0356207233133404,0.0286841995173441,0.0331855559654549,0.0298063319661033,0.043031508774532,0.0301590296969327,0.0231685374434561,0.0319610077390003,0.0352537285557388,0.0362232709298698,0.0334402793905349,0.0331256919259724,0.0381586480282353,0.034727897172754,0.0361293338763199,0.0379601432879285,0.0300256614221172,0.0362148220180339,0.0325758384483035,0.0343586634271751,0.0240608259873848,0.0354443271590123,0.0270848235122134,0.0344439777642767,0.033457135622806,0.0247754753190906,0.0322014531203969,0.0295024483700121,0.0303181671087436,0.034767964147649,0.0389150832379653,0.0306753050006283,0.0319841282666749,0.0296794911370003
1756.89789653866,0.0376264579951455,0.0334927640057784,0.0343603552402121,0.0386876759042482,0.038939160157517,0.0400616396541886,0.036700464004687,0.0388023586379806,0.0375373042781237,0.0423499807931232,0.0377252313331918,0.0375806058879339,0.0323975565677726,0.0415758758612485,0.035102001836532,0.0375858007861414,0.0312598619625885,0.0471116374780294,0.0396989193234489,0.0428149559721559,0.0320801997613414,0.0364452340461096,0.049938182992543,0.0395834346002416,0.0351241576134733,0.042795801644658,0.0384693822759289,0.0356378524684097,0.0385530445412215,0.0356109143663721,0.0444543541402615,0.0423865495408671,0.039274766586443,0.0371545314215356,0.0334840947937967,0.0358652670101153,0.036435997466713,0.0366990749493264,0.0364365655347955,0.0328955831820259,0.0299995972923303,0.036543618767175,0.0312324733679524,0.0334710632979631,0.0392057488309724,0.0419796180923646,0.0370571881077615,0.0371212377224406,0.0363368399757841,0.0352839029280536,0.0426193797284238,0.0443012546073654,0.0377040869206171,0.0358581579872754,0.0403050231039714,0.039064050078251,0.0394291817948494,0.0373367925981122,0.0369637343983266,0.041618557088873,0.0462875140093146,0.0381246069369828,0.03898539942889,0.0361009495326649,0.0406635642801129,0.0530108336021767,0.0365012749760759,0.0369266815227468,0.0390851777772129,0.036220475280355,0.0375205279453667,0.0322083329063101,0.0409374096218624,0.0321852918580308,0.041344897931445,0.0445939885513358,0.0359188163571874,0.0404229497936836,0.0390233469853435,0.0352769981544382,0.033978300775798,0.0428385675869531,0.0327777295291142,0.0415124218489978,0.0421286250027867,0.0497233606793967,0.0416831458154183,0.035386230943754,0.0397889113012612,0.0392954130078175,0.0370254753180767,0.0418601302774454,0.0344546278414777,0.0341973100966006,0.0406708954236647,0.0441589815300786,0.0288703548120157,0.0378314967342396,0.038675565613502,0.0393591215029207,0.0417936436210195,0.0381122233184318,0.0367292561886536,0.0376610510121606,0.0377826873047296,0.0384465998814931,0.0468297196379764,0.0395433328437083,0.0264654230652329,0.0376972740821365,0.0404104774952551,0.0276935146117894,0.0380132453164244,0.0388386277716554,0.0337154192544607
1759.47363455937,0.0481514463979467,0.0391713988388077,0.038999152077337,0.036861365580519,0.0397915168829858,0.0425585880468,0.0396511816889135,0.0376485260639459,0.0460872102394164,0.0394934032478545,0.0407155268164011,0.0443708376010307,0.0370313676407373,0.0435435702431563,0.037608135784746,0.0395153390183821,0.0390150046002569,0.0374094943842706,0.0380979840696302,0.0459387536053627,0.0350665454023061,0.0394302998825881,0.0412251479512287,0.0361440785432129,0.0370448760079344,0.0415158127926139,0.0430955259608563,0.0332883716381543,0.0318143693184458,0.0407309719722323,0.0437521806388492,0.0311788075618704,0.0481665193534674,0.0494379010427841,0.0392535609549659,0.0435725043997533,0.0431456296546357,0.041802384998782,0.0416446588068868,0.0315378875049676,0.0379434687274681,0.0438342625404722,0.0465441983725057,0.0331724905384458,0.0389383376173263,0.0362256888400313,0.0427916179295254,0.0428227544521974,0.0371535033531274,0.0398894022599443,0.0391615038922597,0.0397973141132308,0.0390533217580565,0.0394740617596501,0.0418048443815204,0.0415074226110209,0.0353794152810812,0.0348699669726219,0.0317863181323108,0.0451631746206489,0.0389563386853012,0.0415839845916182,0.0430879144825121,0.0396290347107175,0.0387879080124868,0.0534885568766252,0.034093803034698,0.0382812568224971,0.0387927232385291,0.046075845398893,0.0361799627962296,0.036870935121612,0.0433882740244134,0.0357452782044041,0.0358282546279042,0.0425002504293787,0.0421034637033207,0.0358112122861893,0.0392885958695342,0.0421983828830016,0.0482414149777253,0.0404185961391587,0.0423620023892666,0.0354347242021414,0.0468803079375727,0.0574854215574383,0.0386990069344786,0.0377335156651984,0.0427760685597041,0.0471460579476407,0.0405696532739509,0.0411508043586911,0.040751609983904,0.0446746929049442,0.0413345189699052,0.0387572556685032,0.0412714336331847,0.0358603558907511,0.0362878625814196,0.0325891526510813,0.0476112940423477,0.0334964468539395,0.0439717399109354,0.0395835400499026,0.0590713248130578,0.046785587064864,0.0395010316887984,0.0376603689404025,0.0429526322643116,0.038540593308367,0.0385023636327082,0.0416206673239661,0.0350691451376812,0.035262574435084,0.0431760812394661
1762.04765116983,0.0431136634947597,0.0411444000179055,0.0388002778926537,0.0451417737292693,0.0433644568972525,0.0461571360050327,0.0389218122055613,0.0478177874719256,0.0471053770098794,0.0415378828818888,0.042660804869761,0.0334491905135664,0.029243500200924,0.0423068018546495,0.0434006943610808,0.0414792626400831,0.0419981533503074,0.0420475874670122,0.0425128340327713,0.0442175280820844,0.0413192093576877,0.0445820827650361,0.0389483413007306,0.0412080457559997,0.0502510065010424,0.047935577996019,0.0396699789356389,0.045442375981343,0.0386463179902554,0.0426541365538065,0.0463253708545485,0.0405366880050216,0.0441837212898022,0.040484182938173,0.0483355795845535,0.037956613791375,0.0397043945511211,0.0383515085029546,0.0457980156603377,0.0383786314704506,0.0398958368943727,0.0425348935064174,0.0313108174976412,0.0383219992911097,0.0430009264355919,0.0425485437713884,0.0349785672124927,0.044768450584819,0.0434615370291305,0.0401860673231779,0.0421498771515176,0.0438029592222057,0.0469124078793005,0.0442130547519779,0.0531866507567586,0.0402136176200045,0.0372637295985174,0.0481482634765011,0.0390898263834951,0.0427759564821288,0.0435774775217736,0.0407597687446097,0.0450655637857958,0.0356022962830522,0.0413043129437603,0.0534739762778638,0.0426430686365262,0.042373923450307,0.0434678032984112,0.0331925665471826,0.0430557693710041,0.0415679949347726,0.0405079847453958,0.043704562880756,0.0373337624697712,0.0452310271166878,0.0359862115302938,0.0420867041340638,0.0433727151971948,0.0408611976641374,0.042053313738105,0.0364205490424642,0.0443419001292085,0.0443649182600732,0.0511239207753503,0.0503156368512576,0.0405959910702133,0.0317742001307329,0.0376727563816885,0.0420889405383646,0.0446896508397741,0.0410155064557607,0.0432455995377818,0.0445163646797207,0.0457537342382098,0.0499650849731079,0.0465549719225181,0.0442784383191707,0.0426160293343016,0.0470503145978233,0.0463049971795481,0.0404670384224058,0.0393990165239936,0.0388254016137795,0.0440250493473619,0.049949999620567,0.0516350287120373,0.0516068950061971,0.048104178191983,0.04544158654928,0.0382535986042351,0.0446627681609414,0.0403043687522463,0.0372288655634227,0.0375767962115925
1764.61994794158,0.0434885701840301,0.0431517617995932,0.0435083793875184,0.0439136268209412,0.0464350256627482,0.0487236999509833,0.0445934156553007,0.0494233832790345,0.0470781517608595,0.0398330019525056,0.0381640648080125,0.0435357285194525,0.0474859587579087,0.0378657198432108,0.0427253454177079,0.0461262813487121,0.0498213483832975,0.0461906498372832,0.0469650512465732,0.0457857435343649,0.046528917403777,0.0519007278048005,0.0425744592062551,0.0410121416169162,0.0474188771224752,0.0434422671534646,0.0459830063323137,0.0458416075352382,0.0417229667469267,0.0526885530746945,0.0446133067806921,0.0467705410918848,0.0526061585110198,0.0550188699026451,0.0448893735354366,0.0441282234988603,0.0448744453201906,0.0462069554085499,0.0456279931359579,0.042532849212791,0.0468134908570782,0.0498939718924958,0.0499099578279464,0.0375498275758263,0.0422647990855471,0.046716846618628,0.0549083816278665,0.0489148584293265,0.0432564878320828,0.0497465641130369,0.0398289410894909,0.0404261228741891,0.0461713577380585,0.0451806763625006,0.0520214420267525,0.0448811583842166,0.0450822674558535,0.0424991942155748,0.0442628594074391,0.049102081545878,0.0438990796232277,0.0405090385582526,0.0459982607874431,0.0543764804900272,0.0405874869020501,0.0667498911440522,0.0435818587241994,0.0405528757958712,0.0437928350640875,0.0404683025870133,0.04942082101999,0.0414126412626184,0.0526841890363985,0.0462426528952742,0.0415616468787517,0.0591715363643642,0.0422393816390516,0.0445983978625236,0.0496538143675301,0.0395591340727725,0.0402117815681699,0.0501875930222335,0.0419913846459254,0.0447733025602178,0.046167436222436,0.0586699847994289,0.0446812919003009,0.0367936650864336,0.0472281984099055,0.0451551045871844,0.0428867160839749,0.0527746162212767,0.0441295386135993,0.0427919992223368,0.0544601483126035,0.0503315569236847,0.0463716079878387,0.0450999441889882,0.0511494133681513,0.0533935551777679,0.0406282849794573,0.0463727280522434,0.0450927132332508,0.0419027434990194,0.0436719039321165,0.0531492375048896,0.0477078827013012,0.0497929916894148,0.0451686270686688,0.0436169451896956,0.0396643265957357,0.0428256150483156,0.0379727324406246,0.0458392159645347,0.0454886489253697
1767.19052644422,0.0438980257565862,0.0382481963743146,0.0325518844329105,0.0289359043227052,0.03396223258337,0.0395897745851814,0.0290762666128459,0.0344032086796692,0.0357358759213493,0.041948153034637,0.0342417454964344,0.0385995681854126,0.0370597655159174,0.0366991863871038,0.0334145783893033,0.0349166011052706,0.0395229830532046,0.0355332554314025,0.0509112854599591,0.0414246626515117,0.0377675574977271,0.0320646507639634,0.0387674497608429,0.0313216394976905,0.0349777729434751,0.0400797258765922,0.0383146016028408,0.0409168438295747,0.0367129457340338,0.033679507220629,0.0418564648836605,0.033034436977924,0.0325562656841806,0.0357718546784885,0.0420248248307081,0.0311000729505384,0.036141521415999,0.0326261094914376,0.0335075656086046,0.0385581312235026,0.0373311254888039,0.0384221412664032,0.0401101996497558,0.0324803924285519,0.0361931104926056,0.0399729097793415,0.0379294503236371,0.0330610577069912,0.0321731984082931,0.0338253911067778,0.0359392925770364,0.0376130546335624,0.0341320827708205,0.0418332322376602,0.0410446306750838,0.0334194465512906,0.0373796733953953,0.0417603397378119,0.0299881786011033,0.0402757215974265,0.0361291607737108,0.0305784106958453,0.0421069718592547,0.0384929107266856,0.0404502960897277,0.0519685270986133,0.0423713090344068,0.038766476774677,0.0474413899068081,0.0440712445433662,0.0389116266487135,0.0412920366119055,0.0332403820125632,0.0346302404279805,0.0436746446552887,0.0513324081593256,0.0324364848123972,0.0411758965979114,0.0354235430007534,0.0371865349544809,0.0373261701879693,0.031750395941328,0.0325824256102315,0.0398686394805432,0.046679049670823,0.0526090021488835,0.0374903097315295,0.0397614828458287,0.0367772791623236,0.0374708163132662,0.0378688698206794,0.0386941767262718,0.0340841928414114,0.0373677369659291,0.0323775523327435,0.0403747631088459,0.0379706680697191,0.0350548480166362,0.0407280578893496,0.0407489444835225,0.0371894218185849,0.0352618765262033,0.0265843208755651,0.0412137556389995,0.0411836919812262,0.0497534781197056,0.0460367951647114,0.0365760604535991,0.0422671890569755,0.0429224548029347,0.0384006555309053,0.0339254830567332,0.0389339220189278,0.0385116096878175,0.0329501052206888
1769.75938824539,0.0244425329519203,0.0312422286157735,0.0275853825499353,0.0256557696567921,0.0306566690546226,0.0315578960583666,0.0263272719368349,0.0307065847111208,0.0314562541175885,0.0295010398671642,0.0244174209158372,0.0293963925646681,0.0310011760151405,0.0317887435654989,0.0317260039140087,0.028509162568602,0.0297930047465212,0.0296794884939813,0.0331549354881394,0.0360150247688999,0.0274248595731205,0.0223925672260436,0.0301947047513237,0.0274880920539106,0.021500023184106,0.0290890612756433,0.0161258359614216,0.0274529240568448,0.0187434569878405,0.0330130466484517,0.0342746132512112,0.0288091555109314,0.0259876283452345,0.029104921451071,0.03318722073894,0.0298597047880176,0.0285153756111559,0.0255209796556491,0.0290496224184083,0.0226448444565379,0.0202142136193523,0.029140934090497,0.02873564492913,0.025820959026339,0.0296189326057205,0.0256010779948759,0.0323949214056751,0.028613585625462,0.0282187133049264,0.0277112456880544,0.0256719307039843,0.0327151979200844,0.0264445056564647,0.0336270305058577,0.0301033094552479,0.0300745677194911,0.0313204930169389,0.0356384089993772,0.0211596731482736,0.0298572427389704,0.0311025283320371,0.0260784905267232,0.0344716133096353,0.0275224368830063,0.0294547352757109,0.0404060419998269,0.0248130071546024,0.0370148720656998,0.0319414502694462,0.0302319694148416,0.0317101557730633,0.0314322980517923,0.0213421792886727,0.0295999324388541,0.0313106370860961,0.0360802045673588,0.035540648412401,0.0312767158176643,0.0293380076772666,0.0342964515594125,0.030162151302307,0.0251682124848719,0.0281191574095633,0.0264424667458259,0.0314717408271884,0.0445216554061809,0.0324879334463197,0.0292108979113184,0.0312358019355985,0.0314390577503065,0.0307194088112949,0.0321959753436342,0.0262664858980643,0.026643223459633,0.0230858106486936,0.0418485195071019,0.0307050974620538,0.02013861554326,0.0297993878790346,0.0265087594188416,0.028829766452016,0.0280369794227867,0.0258826459329223,0.0220976809507703,0.034389166187757,0.0449721200256258,0.0310801827921585,0.0353764608535163,0.0226164866641456,0.0252896061419152,0.0274199254776908,0.0343415672662396,0.0247268784812504,0.0312189458226738,0.0242196559385433
1772.32653491077,0.0265350083134426,0.0338878068318319,0.0351053436945273,0.0319527743852849,0.0214773487294856,0.0315628290537833,0.0299796777384744,0.0313463673696652,0.030455818817733,0.0306061360217958,0.0227238100783627,0.0309840839093114,0.0195619826567893,0.0301531434667851,0.0257376334504951,0.0237258345417321,0.0281074679502397,0.0280996557510569,0.0252195474547427,0.0376912876198388,0.0257358294812479,0.0260833382634355,0.0317929068622605,0.0263354852416085,0.0289519490725083,0.0312731511311206,0.0247007430068711,0.0220624464329934,0.0240910772852873,0.0275348432048961,0.0288886077300614,0.0272511211865363,0.0226809593089235,0.0181098621689512,0.0222003851551747,0.0185023839191166,0.0225322088605326,0.0265020007949685,0.028985517364464,0.0181961173811047,0.0266893016518499,0.031213649327327,0.0329537515431732,0.0251516013548996,0.0279123225591248,0.0304223489815371,0.0285256818092105,0.0285332212516365,0.0270278690492126,0.0221749601197018,0.0287979383091955,0.0236137395796787,0.0295845288008504,0.034702199884625,0.0252151944300412,0.0251482935851466,0.02261377270576,0.0257588301008563,0.0242714924798531,0.0243556888860621,0.0223185344927357,0.0226921451200014,0.0257917493323932,0.0301382154372155,0.026664539700522,0.0431947189476502,0.0296800941970547,0.0250240243821352,0.0268906506794564,0.0264897611010178,0.0289074591616744,0.0232366093762599,0.0255739130905064,0.0267871449829079,0.0297317942819856,0.0368269756793159,0.0204436406779306,0.0246684490973879,0.0281532767201794,0.0259129118767772,0.0251888138759003,0.0239935053122482,0.0204171910615222,0.0242813785182794,0.0331412980825413,0.0380215037054314,0.0285971259302588,0.0275546215684864,0.022479244626176,0.0340702647726273,0.0360609848419676,0.0300458031710397,0.0228693546923506,0.0287576429048018,0.0228648454764368,0.0273019157808322,0.0322773376337953,0.0292378706791702,0.0248743450649278,0.0296957547772091,0.0276643374785569,0.0268984260510944,0.0246763611256976,0.0258223990774908,0.0254598778100325,0.0397524430162614,0.023375488297297,0.0303993121521847,0.0241149376513627,0.0301410693532964,0.0283924555318993,0.0326086784694951,0.0301022517617104,0.0239613709842224,0.0246881777777554
1774.8919680041,0.0399568576885312,0.0435137557762598,0.0415778962103813,0.0404050196539901,0.0408041352032161,0.0428053124223819,0.042155925493318,0.040622576974556,0.0462476185557479,0.0393163258738942,0.0361773403403882,0.0390605769577561,0.0471514841126153,0.0398909193823933,0.0485064377247939,0.0274530177397341,0.041408432322536,0.0419204521398487,0.0439539631784508,0.0399461533905551,0.0294685457014816,0.0447364757378734,0.049963576018504,0.0395098501037094,0.0401893583097776,0.0378731009060434,0.0430148091689196,0.0402862233846105,0.0381370919833489,0.0344762634626446,0.0483808698453879,0.0309926751214063,0.0355451375080427,0.0453303904241777,0.0434774707681007,0.0365638662833515,0.0401704918347006,0.0409369776721128,0.0447561562680157,0.0350086801275373,0.0419650814799947,0.0424843917416879,0.0361338235104767,0.0402180869188692,0.03590634371386,0.0396580313343835,0.0447937928245785,0.0425669138124937,0.0373314222330554,0.0351323843088122,0.0389052622165339,0.0394445109103284,0.0365368832946044,0.041795816354743,0.0389626194442994,0.041809093098911,0.0402245515577775,0.0354173971648476,0.0295827584460321,0.0362465848622898,0.0433647439933715,0.0306730350816215,0.0446813012779371,0.0420038769260914,0.0429733269323035,0.0523831901393429,0.0334904807760858,0.0379426005064613,0.039962546443104,0.0391999387015651,0.031594588141394,0.0416831741483817,0.0394975740838159,0.0398317881447535,0.040013237109813,0.046123624329801,0.0413170761032594,0.0414287548347779,0.0356542384260913,0.0396811791978404,0.0364223393426339,0.0341367784566881,0.0351215338671588,0.049963350078627,0.0359333093893942,0.055305310637601,0.0408985304619069,0.0332291216954331,0.0457146247431973,0.039972048120138,0.0452285527562075,0.0414077949188928,0.0348569111626648,0.0351751191834434,0.0423439977293795,0.0438680436856327,0.041587204756117,0.0394615782282647,0.0400597934274949,0.0470490557381844,0.0430547697746218,0.0378970364024125,0.0364299145582592,0.0431571131269906,0.0366528060111612,0.0407245584555113,0.0362443321533459,0.0390737441181092,0.0283549485446116,0.0388607995827048,0.0304833018912115,0.0412842284629215,0.0501734021361513,0.0426258769830214,0.0354339603187721
1777.4556890872,0.0550273262815758,0.0531747919792375,0.0529581566675236,0.0467714810792611,0.0483484442666585,0.0583508784616723,0.0533058268799988,0.0563854350213332,0.0512654862695372,0.0550911018675286,0.0469675904407698,0.051474916674233,0.0498639639894236,0.0561431913114931,0.0561374380075147,0.0449879821435708,0.0510062619749478,0.05100826923924,0.0594654961201851,0.052540942533677,0.0493966953061728,0.0500966595145426,0.0548337871081696,0.0490131368514524,0.050926312881692,0.0560057878591308,0.0489653267501431,0.0521148287684533,0.0522186237096208,0.0500681239295553,0.056567914913905,0.0542478347868632,0.0554366274150491,0.0529510312874375,0.0555045236384794,0.0445086801746045,0.0530193631077823,0.0462818754985001,0.0518457765263509,0.0513124814450102,0.0545372366659817,0.0489390611541986,0.0538338894897884,0.0488221896824612,0.0562861045503094,0.0511188172520025,0.0567512811987488,0.0544701408609854,0.0525815668963257,0.0481250608135042,0.0501162029755335,0.0547801495509056,0.0580946623176428,0.0521888054058755,0.0450872446348903,0.0482680157842204,0.0498242055604557,0.0526955532554336,0.0511639856213576,0.0568515588300526,0.0476522951018952,0.0473230134889668,0.0538885172292034,0.0560727383292348,0.045156143026424,0.0690318162991047,0.0498967765128495,0.0471111836282256,0.0574547594849348,0.0514154968170406,0.057771682162998,0.0493050433459164,0.0459448986868099,0.0436368395730781,0.054092770451973,0.0602456829317124,0.0536439563626799,0.0495422808166489,0.05562579059128,0.0534853120671725,0.0482295956911887,0.0432401459133277,0.0585914582244205,0.055359331780033,0.0572322632833436,0.0633364209277161,0.0451557689622172,0.0472769858426872,0.0511108158907338,0.0583118650819416,0.054431237629234,0.0581962312117592,0.04468695164038,0.0538983198547911,0.0597335677621025,0.0615062730644989,0.0492820553003346,0.0448145703432969,0.0558235019929983,0.0486761242873128,0.0551768824246806,0.051131859671505,0.0503720062949765,0.0523821124751087,0.0619967625305027,0.0663578029891064,0.0574755155237891,0.0537747249305295,0.0548272066380128,0.0459735954175074,0.0439859403145039,0.0489030330302266,0.0588775985483792,0.0525132185513176,0.0516054892316827
1780.01769971991,0.048082110765989,0.0612682679905081,0.0557122481129072,0.0494618632992655,0.0564656345312039,0.0632635610348039,0.0501651646162451,0.0549858016544053,0.0557793755817249,0.0563042050581517,0.0507769876739315,0.0623117112985111,0.0515288740256261,0.0594739668304744,0.0545918434800452,0.0604395138062781,0.0494251824150436,0.0537737430333213,0.0619711770550406,0.0575803263528996,0.0553545091882753,0.0522933502042517,0.0549388499491085,0.0574922797486129,0.0541980658374813,0.0539198237711602,0.0538734162866674,0.0548689742562083,0.0549655852506653,0.0576178159646151,0.0577703197901316,0.0570073336070078,0.0479322497925634,0.0556985487705584,0.0566429674655574,0.0492824106118966,0.053574161420419,0.0586398275972036,0.0611504879101821,0.0556782974454178,0.0539971019002175,0.0592019543740662,0.0544018461318801,0.060168256703015,0.0546842879870928,0.0565943859228552,0.052989158790578,0.0588281521750441,0.0558628830465206,0.0513809241532088,0.0581561057095573,0.0569070304017413,0.0581016395949794,0.055004408964096,0.0561714109841694,0.0482967923291548,0.055167583268432,0.0418373092183732,0.0516747238019999,0.055795889607783,0.0498081134129667,0.0418816511098091,0.0561129518972591,0.0560830158042321,0.0577234592196164,0.0661055733898205,0.0576012877046991,0.0573966378314955,0.0525104563337733,0.0588997874462288,0.0572570907480681,0.0618494057637383,0.053500234668979,0.0480230774049939,0.056383333633548,0.0611022814165275,0.0552790108266025,0.0528076196444811,0.0583307735303023,0.05571450018777,0.0606107262969378,0.045393385230192,0.0471762429641186,0.0527691487902065,0.055207239061095,0.0708903945269564,0.0564494899938262,0.0524980121721889,0.0527507118566111,0.0637449455979225,0.0544624156550674,0.0599270360756041,0.049070427634972,0.0619868347150333,0.058026982607995,0.0636425258983321,0.0482098988525616,0.0502022427876374,0.0634845497418004,0.0552302355737406,0.0574227045989099,0.0534015671472669,0.0508841720054566,0.0524115437797266,0.0602353183363326,0.0636125831122773,0.0609812771048316,0.0592520323993558,0.0640093694632514,0.0564074202704478,0.0564401709339899,0.0483676496665703,0.056757958298114,0.0536235355887768,0.0581088341826758
1782.57800146015,0.0562315081483437,0.0640544789263066,0.0568780090689155,0.0564285023235859,0.0490403509144077,0.0596772359273202,0.0566099281405656,0.0573857002564034,0.0624920171073547,0.0543096468733479,0.061638255368369,0.0565133625099752,0.0559373879392811,0.0596014618672601,0.055791941876433,0.0600352266351343,0.0537531450912398,0.0592242311538824,0.0666893477392551,0.057233602745338,0.0473421278185515,0.0481279605468497,0.0588140788072684,0.0623006249847311,0.0516120452406435,0.0573450550534489,0.0534264715281268,0.0581947468375235,0.0555825948425175,0.0533561472783373,0.0681898672751057,0.0645404215414515,0.0571370277110743,0.0573911053108341,0.0605489157654134,0.0556935875573913,0.0557725173285204,0.0565403193609455,0.0568712866525894,0.0584471276297772,0.0584232785807965,0.0522518390921874,0.0566145960525488,0.0509751987877814,0.059024600830084,0.0528006963902906,0.0584990012951479,0.0599730083379126,0.0553604682561466,0.0530436266406101,0.0598190132668811,0.056420099045053,0.0619213837046723,0.0654704496347476,0.0629153809688116,0.0591371198883035,0.0605459260507919,0.0586440439514237,0.0549265116771603,0.0591153230716793,0.0590418031515373,0.0586011426964136,0.061072644342627,0.0582967782374997,0.0479949838179383,0.0685193904563051,0.0587885518485631,0.0623101462695278,0.0541791669745793,0.0611233537581947,0.0638691305463535,0.0624833517334496,0.0562620826656436,0.0628112846200556,0.060859809307182,0.066784587350648,0.0596311716945292,0.0561086404694121,0.0599896787361715,0.0668262892426176,0.0579325825424052,0.0545665935044158,0.0548939740065658,0.0582360191179218,0.0629972866332573,0.0717729846730985,0.0575449698978284,0.0494135610219338,0.0522593915842879,0.0605854603281037,0.0583200216433672,0.0573815263361912,0.0523930739537247,0.0541057893454413,0.0696434429129143,0.062707616726165,0.0543256453948972,0.0588949086119047,0.0597876806067956,0.0612765013585791,0.0635592877895903,0.0584578443991599,0.0600480277695799,0.048132524007644,0.0606825085384547,0.066586012004379,0.0611933740399856,0.0582290897946491,0.0542773561778399,0.0553789714303511,0.0543022724030122,0.0566032390178779,0.0584750049990193,0.0569726604382296,0.0619521006070042
1785.13659586393,0.0595760178145318,0.0497797644492495,0.0591623910489902,0.0454054057202551,0.0550806431022688,0.0571938393883871,0.0492949927205268,0.056060508774784,0.0514044626778452,0.0599207782140418,0.0482480961803386,0.0529021982803544,0.0625480768800684,0.0538263621455078,0.0608217113106513,0.0591369301239458,0.0527764215029271,0.0641808649652788,0.0660110712991779,0.0623466684918978,0.0496001683647284,0.0578592743482262,0.0584579034335976,0.0655557501612315,0.057098177952482,0.0602597883057148,0.048702830475077,0.0620922931040181,0.0519040423947285,0.0523605909226748,0.0640643052706096,0.053157453562991,0.0480899235172254,0.0574834175823953,0.0573902233280014,0.0530570449713504,0.0580064046959155,0.0625276868759476,0.0558970695402978,0.0503667766372041,0.0552157787750608,0.0571953795950232,0.058326368398426,0.0542700211745914,0.0510494741592504,0.0512325524879991,0.0656748699190891,0.0535729432330912,0.0516201349179772,0.0455127097520076,0.0567081210597428,0.0522600203049778,0.0517456775079352,0.0574824943963717,0.0609428834644678,0.0500776313424454,0.0536224684812031,0.0565245792579967,0.0522608038246947,0.0581314726512316,0.0596432548799458,0.056467530713752,0.0563504353463865,0.0583776562280691,0.0546427143760216,0.0704423060544035,0.0567353087933668,0.0618518536017565,0.0476622987866492,0.0506719590774356,0.055244315659752,0.056637045719389,0.0553036125355464,0.0492646559449893,0.0626849348673182,0.05654128913838,0.0575826081685334,0.046422232582905,0.0551958687375759,0.0624931072912777,0.0552895184526929,0.0535661241269113,0.0588280955582776,0.0562517859905708,0.0648479928729959,0.0685653501826363,0.057059785835293,0.0541816721008376,0.0539701558397228,0.0515298275087129,0.054631135737304,0.0586457271933545,0.0546550364769402,0.0505283868008372,0.061101121355498,0.06957852674864,0.065978949927552,0.0539968316885042,0.06372287569755,0.0575755077500757,0.0587185225625539,0.0525493029048426,0.0509350864358339,0.0590930749325826,0.0655098820686892,0.0677011279291102,0.0558917097101274,0.0572419163249135,0.0494530980731397,0.0653373389220882,0.0505744987607451,0.0539550900861573,0.0553412572086239,0.0498927024821862,0.0528930252152564
1787.69348448529,0.0538131599270052,0.0515686349724482,0.051738324303051,0.0471411903431506,0.050950592826588,0.0462117380908952,0.046260029323653,0.0499354140361137,0.0506237022693364,0.0466454055098678,0.0440689597478303,0.0525539167149901,0.0410328752988726,0.0524067769354219,0.0490885202788104,0.0487396625213734,0.0459611650103195,0.0506293722085732,0.059936506537228,0.0544819068834526,0.0438137556573655,0.0457682594272576,0.0522701306526636,0.050847673373594,0.0449400962836227,0.0506204905335383,0.0472499584139446,0.0515569650163921,0.0498859098129823,0.0508619582556569,0.0540346591589554,0.0497070063189833,0.0536008036122748,0.053793911141955,0.047713282777568,0.0435099913416131,0.0527711709860615,0.0481534568240921,0.0489664167322922,0.0493978228684388,0.0514965659590454,0.0433091801474031,0.0482712562919781,0.0483959123004065,0.0468688010557478,0.0540795576960394,0.0511553637602697,0.051540868940928,0.050644327549497,0.0505043343198849,0.0514953256553905,0.0534325182702992,0.0550966766504605,0.0533383607591181,0.0584598485636806,0.0437480124805161,0.0419067842933847,0.0463142552456081,0.0453012522389203,0.0533868956866761,0.0451118250709626,0.0424965345033988,0.0484250707319593,0.0530734108672241,0.0449863662697984,0.0639229543900389,0.0514417075482026,0.0452069780389648,0.0488549386113695,0.0556144814010167,0.0455646134785042,0.0497406532805232,0.0533075337505997,0.0499394253570849,0.046809146154707,0.0575090611711282,0.0523515765586709,0.0481671511088842,0.0526003420204338,0.0532202591562074,0.0472908912724143,0.0542128522041218,0.0502485837097341,0.0409341447831153,0.0542403808764104,0.0664296509030269,0.0485310095731946,0.0438686973073671,0.0465086191795587,0.0419707313479395,0.055310542437515,0.0491652128812028,0.0448924899568638,0.0549892771634581,0.0589731609062044,0.0619837896627101,0.0468591162112563,0.0447736416893766,0.0465342601450983,0.0501059437376696,0.0495086757091781,0.0472273852682969,0.0488584017885495,0.0478265799757999,0.0497465059515381,0.059380966049167,0.0583979182942151,0.0541120343435299,0.0473711187264787,0.0523354907037572,0.0485075210979428,0.0502507783537736,0.0381262684370573,0.0522120394247113,0.0476430539164883
1790.24866887635,0.044859195087412,0.0523247891211326,0.0492226991223574,0.0425507446783057,0.0506171128443045,0.0491352333884787,0.0421994399835585,0.0486852741847267,0.0460964678782595,0.0512485557766106,0.04100527256466,0.0430998141838529,0.046091022117214,0.0477843579329369,0.0471463648899553,0.0463240771230545,0.0503953189244035,0.054598737869471,0.051183346383122,0.0461120795049646,0.0423726047272536,0.0470411134478933,0.0525202052950534,0.0472912774113806,0.0467478246162367,0.0453979618759905,0.0517634706289639,0.0448090216373562,0.0489869038224091,0.040783259830667,0.0548427586627425,0.0457661888430692,0.0494659229137195,0.0501407487393885,0.0446279633426843,0.0393406688950794,0.044891478971129,0.0509914158950222,0.0426170554363352,0.041934030763483,0.0461701243617093,0.0504800782634413,0.0452261599379671,0.0409329519178451,0.0459457314956748,0.0460156601434199,0.0502545995913706,0.0468375731386562,0.0518875290767044,0.0414165331637703,0.048989919547949,0.0498726774322376,0.0466111091565521,0.0503189703865178,0.0439783372413119,0.0514631658235783,0.0430997851552849,0.0523923884366635,0.0443301911552776,0.048678598107418,0.0484933541034113,0.0404332960772371,0.0507937611264571,0.0532254661567003,0.0457151017883931,0.0595635217178656,0.0461844875728062,0.0464426995417956,0.0418622977707831,0.0500007301757654,0.0462847023600948,0.0455953297309014,0.0540295797304241,0.0479224243702949,0.0449444851634256,0.058514189429502,0.0493017357730174,0.0434365668167474,0.0522032418806784,0.0522775518517556,0.0517264368270356,0.0452235007408143,0.0466159267481387,0.0422302900604549,0.0529050247174861,0.0612364424938398,0.0524251810780556,0.042451008940921,0.0477491880318883,0.056174704065976,0.0495268999000103,0.0478071708111242,0.0450335244758969,0.046148559614917,0.0531619712778298,0.0502824434305725,0.0464810741449618,0.0443061539712918,0.0543401233479342,0.0470205053271449,0.0546528734745207,0.0479928505855399,0.0435852387902991,0.046369981491334,0.0541062519841807,0.0600948650469439,0.0587210361879522,0.052652180682843,0.0437003304019754,0.0437503375387368,0.0448509586806314,0.0525880331680427,0.0448385330296821,0.0457549429621445,0.0472804752055936
1792.80215058734,0.0510004160789893,0.054185426798422,0.049991577302038,0.0475385861334378,0.0481713357632267,0.0488946408545422,0.0461331236660841,0.0517727551931665,0.0480927088711371,0.0580512378555785,0.0422954636980806,0.051966615722213,0.0517270561510263,0.0599352705864973,0.0490343223815374,0.0529497389436092,0.0495252224696966,0.0575448547802506,0.0598614774444554,0.0556750882928581,0.0517409791654901,0.0504824178552332,0.0570744823876109,0.0506518267626927,0.0555566180051149,0.0599206665806371,0.048227073625723,0.0531021926671373,0.047041414436586,0.052817746031363,0.0627083681511092,0.0555490082020893,0.0512834861825006,0.0552509626396827,0.0563279809403838,0.0555086345500423,0.0445525508415757,0.0506445900781156,0.052648265680546,0.0589980892468795,0.0540280511362163,0.0533747798448388,0.0529465677821399,0.0535382208332983,0.0466694349440383,0.0500303038505458,0.0531934693467215,0.0551663808745909,0.0498932556353551,0.048651861381117,0.0459859489351791,0.0479375206439682,0.051652528552816,0.0527752325561743,0.056339170516353,0.0565204936832953,0.0529105148293153,0.0460458777870551,0.0520536007426862,0.0532276602919133,0.0481186795485372,0.0481193152303723,0.0515792355129452,0.0604601556818266,0.0573737381763029,0.0695564930987186,0.0518857588417532,0.0487960181321247,0.0447718590920848,0.0550147919349993,0.0546774547905653,0.0507172325439176,0.0542508171210321,0.0557623816293224,0.0527911741921999,0.0606210000519117,0.0468241761016179,0.0517655025574962,0.0480572555032645,0.0546890083112852,0.0481113125304242,0.0443293034529368,0.0522953492753555,0.0462363775714907,0.0532364225091226,0.0695042857549628,0.0509689947204206,0.0494075195931398,0.04794241040919,0.0510016370795875,0.0513612838814836,0.0502592801919732,0.0484999007691529,0.0538824394121906,0.0601429515189232,0.0588180221368416,0.0532915158883454,0.0542295913331615,0.0502461044651157,0.0488628384523236,0.0570803100017157,0.0493452342062954,0.0545043372967831,0.0541804230597742,0.0595895339946882,0.0617922923824057,0.0502004749830839,0.0501392220977866,0.0508931593225422,0.0494376436547662,0.0471895127500347,0.0533234469951517,0.0423566396132511,0.0531037011888928,0.0507272841315506
1795.35393116651,0.059866925455096,0.0640961211512457,0.0643309567464494,0.0695269052311454,0.0602660821672226,0.0716282857912678,0.066550411027193,0.0715601331211659,0.0744496008524588,0.0724602013784745,0.0635913901342795,0.0732389389669135,0.0649816003522035,0.0705033228919653,0.0726357396987203,0.0622602502427709,0.0609728104567683,0.0679452417355975,0.0729269065640674,0.0685293377596973,0.0681482909062981,0.0726190992408364,0.0728679309524202,0.0672817684660052,0.0670805406859811,0.072291160232187,0.0668301729509291,0.0737572052100723,0.0711215502912924,0.0718882509853646,0.0700708772848138,0.0627359898122774,0.0768031583464799,0.0691247017122651,0.0740736809711394,0.0685063747432359,0.069444404893678,0.0691205356400906,0.0719778309039765,0.0597710082240979,0.0723313400945623,0.0687027188755807,0.0628489705839899,0.0661791948864273,0.069445724021076,0.0710499168797895,0.0713812457680969,0.0765274466752598,0.0593945574373,0.0678672685529044,0.0681323367914125,0.0640491231390799,0.0680624928551046,0.0694088202065887,0.072019273292297,0.0783168846056397,0.0681207999177245,0.0684485739494228,0.0652246217021551,0.0664918223743629,0.0678241801966844,0.0687926952034368,0.0712971794330711,0.0644784097454303,0.0636222135369118,0.0912515212298692,0.069091769686065,0.0647042473394014,0.0679976934440407,0.0717160106545021,0.075652110695217,0.0629345031995914,0.073822363821346,0.0701859035987968,0.0644369771844312,0.0744714127605331,0.0701275458318663,0.073696748708322,0.070981171359571,0.0831237807850783,0.0655559004529397,0.0697987966966835,0.0700151776497104,0.0716694608906414,0.0682729716157687,0.0891685390117109,0.0764779563925309,0.066302040667079,0.0682125546925533,0.0695919323310166,0.0683958788099321,0.0753887266349189,0.0733823197402691,0.0691215466860616,0.0756645715185531,0.0746420623271389,0.0716919043231806,0.0647335954635582,0.0744022537871564,0.0708511798112083,0.0744127630037573,0.0655862760608708,0.0681515371969444,0.0685430719226116,0.0710821488823496,0.0791540357994539,0.0794615644953024,0.0716274658575724,0.0678669457342996,0.0683024902564904,0.0674419208459623,0.0704741109486095,0.061630383968748,0.0687506241222584,0.0687651039090706
1797.90401216025,0.0494079237639403,0.061220732216587,0.0446012539871936,0.0539108129784964,0.060042347301457,0.0559916088338265,0.0466800273775216,0.0564491329448315,0.0624674440686443,0.0577107159770115,0.0536203499149673,0.0515259798666748,0.0593176209325243,0.0524940373176092,0.0550886122457359,0.0588941040674216,0.0543005888421676,0.0550695755225881,0.0626609641066817,0.0646103541450376,0.0490392048373935,0.0558741294966442,0.0566914389692395,0.0558912694574679,0.0577462703842829,0.0534952656130572,0.0542026184959747,0.0580086300998564,0.0557133051180609,0.0506090470382309,0.0623489694064279,0.0510076575435994,0.0448075940293037,0.0563091305392956,0.0508887145603689,0.046278118162376,0.0530961415544687,0.0591839729626637,0.05702205567843,0.0442529401296352,0.0441056448909345,0.054421309819364,0.0454271978253584,0.0458291742866041,0.0514467637292313,0.0494119431111187,0.0532053733906412,0.0654358231497829,0.0525627657948002,0.05725957677077,0.0555820717795507,0.0579474038300349,0.0532090302169051,0.0539930472168107,0.0669485052036258,0.0532742748182094,0.0538656215348116,0.0442960796473041,0.0492086548783365,0.0532147106392607,0.058312331967405,0.0555032402411518,0.057039243984116,0.0571494153042163,0.0552012210592547,0.0647472991606683,0.0557530903247425,0.0568560287593639,0.0556336253232686,0.0556182476964487,0.0513906711256798,0.0545542188693354,0.0548009796506836,0.0535473810704446,0.0573074770736253,0.0638835577293771,0.0527044428657281,0.0527963417048461,0.0533903838553546,0.0607285670066142,0.0593168249273908,0.054468906118374,0.0533965380544142,0.0543574337200273,0.0578135510552907,0.0722227403813959,0.0583969951660838,0.0493520347062489,0.0489789046536904,0.0569419045067252,0.0556801661396325,0.0617430219976629,0.0571862859951225,0.0518534416818198,0.0577416548435759,0.0703036545475948,0.0538181081441322,0.0491119346779106,0.0562751002947762,0.0510263109124166,0.0570895458904883,0.0576617781997352,0.0543669258964014,0.0498193359981874,0.0619846186351207,0.0795039630266527,0.0554743342516036,0.0588388932885435,0.0507681237235483,0.0587323725173626,0.0498076471928876,0.0494433683927871,0.0510771621011227,0.0563441098489429,0.0523383577994528
