Wavenumber (cm^{-1}),Spectrum_OrigIdxInItem_1,Spectrum_OrigIdxInItem_2,Spectrum_OrigIdxInItem_3,Spectrum_OrigIdxInItem_4,Spectrum_OrigIdxInItem_5,Spectrum_OrigIdxInItem_6,Spectrum_OrigIdxInItem_7,Spectrum_OrigIdxInItem_8,Spectrum_OrigIdxInItem_9,Spectrum_OrigIdxInItem_10,Spectrum_OrigIdxInItem_11,Spectrum_OrigIdxInItem_12,Spectrum_OrigIdxInItem_13,Spectrum_OrigIdxInItem_14,Spectrum_OrigIdxInItem_15,Spectrum_OrigIdxInItem_16,Spectrum_OrigIdxInItem_17,Spectrum_OrigIdxInItem_18,Spectrum_OrigIdxInItem_19,Spectrum_OrigIdxInItem_20,Spectrum_OrigIdxInItem_21,Spectrum_OrigIdxInItem_22,Spectrum_OrigIdxInItem_23,Spectrum_OrigIdxInItem_24,Spectrum_OrigIdxInItem_25,Spectrum_OrigIdxInItem_26,Spectrum_OrigIdxInItem_27,Spectrum_OrigIdxInItem_28,Spectrum_OrigIdxInItem_29,Spectrum_OrigIdxInItem_30,Spectrum_OrigIdxInItem_31,Spectrum_OrigIdxInItem_32,Spectrum_OrigIdxInItem_33,Spectrum_OrigIdxInItem_34,Spectrum_OrigIdxInItem_35,Spectrum_OrigIdxInItem_36,Spectrum_OrigIdxInItem_37,Spectrum_OrigIdxInItem_38,Spectrum_OrigIdxInItem_39,Spectrum_OrigIdxInItem_40,Spectrum_OrigIdxInItem_41,Spectrum_OrigIdxInItem_42,Spectrum_OrigIdxInItem_43,Spectrum_OrigIdxInItem_44,Spectrum_OrigIdxInItem_45,Spectrum_OrigIdxInItem_46,Spectrum_OrigIdxInItem_47,Spectrum_OrigIdxInItem_48,Spectrum_OrigIdxInItem_50,Spectrum_OrigIdxInItem_51,Spectrum_OrigIdxInItem_52,Spectrum_OrigIdxInItem_53,Spectrum_OrigIdxInItem_54,Spectrum_OrigIdxInItem_55,Spectrum_OrigIdxInItem_56,Spectrum_OrigIdxInItem_57,Spectrum_OrigIdxInItem_58,Spectrum_OrigIdxInItem_59,Spectrum_OrigIdxInItem_62,Spectrum_OrigIdxInItem_63,Spectrum_OrigIdxInItem_64,Spectrum_OrigIdxInItem_65,Spectrum_OrigIdxInItem_66,Spectrum_OrigIdxInItem_67,Spectrum_OrigIdxInItem_69,Spectrum_OrigIdxInItem_70,Spectrum_OrigIdxInItem_71,Spectrum_OrigIdxInItem_72,Spectrum_OrigIdxInItem_73,Spectrum_OrigIdxInItem_74,Spectrum_OrigIdxInItem_75,Spectrum_OrigIdxInItem_76,Spectrum_OrigIdxInItem_77,Spectrum_OrigIdxInItem_78,Spectrum_OrigIdxInItem_79,Spectrum_OrigIdxInItem_80,Spectrum_OrigIdxInItem_81,Spectrum_OrigIdxInItem_82,Spectrum_OrigIdxInItem_83,Spectrum_OrigIdxInItem_84,Spectrum_OrigIdxInItem_85,Spectrum_OrigIdxInItem_86,Spectrum_OrigIdxInItem_87,Spectrum_OrigIdxInItem_88,Spectrum_OrigIdxInItem_89,Spectrum_OrigIdxInItem_90,Spectrum_OrigIdxInItem_91,Spectrum_OrigIdxInItem_92,Spectrum_OrigIdxInItem_93,Spectrum_OrigIdxInItem_94,Spectrum_OrigIdxInItem_95,Spectrum_OrigIdxInItem_96,Spectrum_OrigIdxInItem_97,Spectrum_OrigIdxInItem_99,Spectrum_OrigIdxInItem_100,Spectrum_OrigIdxInItem_101,Spectrum_OrigIdxInItem_102,Spectrum_OrigIdxInItem_103,Spectrum_OrigIdxInItem_104,Spectrum_OrigIdxInItem_105,Spectrum_OrigIdxInItem_106,Spectrum_OrigIdxInItem_107,Spectrum_OrigIdxInItem_109,Spectrum_OrigIdxInItem_110,Spectrum_OrigIdxInItem_111,Spectrum_OrigIdxInItem_112,Spectrum_OrigIdxInItem_113,Spectrum_OrigIdxInItem_114,Spectrum_OrigIdxInItem_115,Spectrum_OrigIdxInItem_116,Spectrum_OrigIdxInItem_117,Spectrum_OrigIdxInItem_118,Spectrum_OrigIdxInItem_119,Spectrum_OrigIdxInItem_120,Spectrum_OrigIdxInItem_121
380.958441887711,0,0,0,0.00466789709440911,0,0,0,0,0,0,0,0,0,0,0,0,0,0,0,0,0,0,0,0,0,0,0,0,0,0,0,0,0,0,0,0,0,0,0.00663571688850262,0,0,0,0,0,0,0,0,0,0,0.00151122959916308,0.0066826774371671,0.00129396410234777,0,0,0,0,0,0,0,0,0.0010034480267633,0,0,0,0,0,0,0.00807973479117317,0,0,0.000786405661951429,0.00518140273764352,0.00389339309683474,0,0,0.00268315270568774,0,0,0,0.00773907724067002,0.00862557604962772,0.00645730417576364,0,0.000409541344797065,0,0,0,0,0,0,0,0.000220539206457024,0,0,0,0,0,0,0,0.00713990427811203,0.00353999881930381,0.00294913112569183,0,0,0,0.00241666608530152,0.00274004435457726,0,0,0.00139338365797433,0.00345179393904399,0,0.00316039660602945,0,0
384.515243875205,0,0,0,0,0,0.00520058077535989,0,0,0,0,0,0.00790035993907401,0,0.00775916499198601,0,0.00391260575794839,0,0,0,0.000621065423202342,0.00154493113452742,0,0,0,0,0,0,0.00488147997195986,0.00201941945650069,0,0,0,0,0.00200084548110346,0,0,0,0.00193777529896515,0,0,0,0.00487713516700817,0,0,0,0.00401962187480866,0.00357090784194572,0.00476313426405511,0.00111902929203213,0.0135264007212408,0.00179593507856018,0,0,0.00577675428550452,0.0167487645289988,0.00304366856479762,0.00387512902122404,0,0,0,0.000659162309069185,0.00312252579001323,0.00492247780749997,0,0.00993913797943465,0.00476309985282642,0.00255642349022728,0.00548455772827119,0,0.0113162889788697,0,0.00481003658467907,0.00879532198344134,0,0.00632614740266164,0,0,7.61570927440997e-05,0.00429918574241897,0.00467882437581299,0,0.00256487715782888,0.00371650419901933,0,0,0,0,0,0.00653747916002611,0.00352968027860479,0,0,0.00298256645888183,0.000875900681804693,0.00129675953565891,0,0.00124183766605208,0,0.000140085456374262,0,0,0.00216924761476913,0,0,0.00101770644924425,0.0037433826597254,0,0.00451730121101297,0.00583833060604932,0.00333299622178494,0,5.28103326897931e-05,0.00221529226084361,0.00457261722671946,0
388.069349005981,0.00458928969100887,0.0115451584265484,0.00713318316618546,0.0135044294816916,0.0167407688804932,0.00779601745081005,0.0157118445790252,0.0079348969824075,0.00342236384760832,0.0121493211407041,0.00260865567736346,0.0206489386955602,0.0131174038213607,0.0101458955554555,0.0156744105117645,0.0103265735665675,0.00704397385073503,0.00861913103007118,0.00663851356359892,0.0096513803136169,0.013217986789467,0.00425155212138363,0.00737933615817604,0.0116448904339697,0.0108116953059243,0.000440177151850324,0.00802977783206911,0.0179030423394235,0.00960258078162868,0.0109463889459219,0.0157260945977373,0.00401871881086918,0.015180898301244,0.0162730260635399,0.0188072499632268,0.00743483685205559,0.00903280560578154,0.0208124784263689,0.0105458510924412,0.00893621370960274,0.00708234175016044,0.0107368483222678,0.000872702442572608,0.0148500269149975,0.00107474269711919,0.0194505347686382,0.0205710529608079,0.0140531183349283,0.0156583615493754,0.0184283017494651,0.00494453207804006,0.015543185970935,0.0169813673825164,0,0.0098994552680865,0.0160317906945721,0.0097363659527655,0.0109404656288551,0.0150909420697194,0.0119844992431129,0.0159800243319905,0.017580223564806,0.0063960476529326,0.0163279309455948,0.00150082579111028,0.0229337295072143,0.00938086498673094,0.00568840372671527,0.0108735016072736,0.0102593376462525,0.021339097601124,0.0289852835155335,0.0240508991219377,0.0228912112271898,0.0163889807816047,0.0101583955246142,0.0106849223389144,0,0.00288306025632007,0.0136224149104712,0.0104941614161128,0.00981614346614844,0.00913703457134085,0.00724731041934886,0.0124445672901181,0.0168305921014379,0.00979754589546247,0,0.0171444844938532,0.00940610523459101,0.0110805468251128,0.00600794061069627,0.0148707478718313,0.00338365311618693,0.0139456989555175,0.0150223039016889,0.0156839358224722,0.00354700382399956,0.00671295365294093,0.00804968213020544,0.0161349398851199,0.0139681575398585,0.0130039179241133,0.00915885711358775,0.00450875001257081,0.00273073688983066,0.0183247762461285,0.008665966365554,0.00774587956133482,0.00466959772909799,0.0191814030894647,0.0270054079741174,0.00298952380299149,0.00987999141122001,0.00902559147301602
391.620760167868,0,0,0,0,0,0,0,0,0,0,0,0,0,0,0,0,0,0,0,0,0,0,0,0,0,0.000143366125929101,0,0,0,0,0,0,0,0,0,0,0,0,0,0.000400994960552691,0,0,0.00554906958981538,0,0,0,0,0,0,0,0,0,0,0,0,0,0,0,0,0,0,0,0,0,0,0,0,0,0,0,0,0,0,0,0,0,0,0,0,0,0,0,0,0,0,0,0,0,0,0,0,0,0,0,0,0,0,0,0,0.00182791506548213,0,0,0,0,0,0,0,0,0,0,0,0,0,0,0
395.169480244544,0.000558099383011801,0,0,0,0,0,0,0,0,0,0,0,0,0,0,0,0.00587294389201458,0,0.00665289719118915,0,0,0.00509808333280829,0.00297298571165354,0,0.0122732905049852,0,0,0.00289857286922073,0,0.00390525085624612,0,0.00563452436335236,0.00786733320848328,0.00285333306755466,0.0111596306120983,0,0.00328731985120256,0.00659702245310175,0,0,0,0,0,0,0,0,0,0,0.000943316317728628,0.0127937668505441,0,0,0.000115391599109145,0,0,0.0036636616170431,0.000450761414155682,0,0.00379316465550331,0,0,0.0030810346068297,0,0.0030301524734958,0,0,0,0.00656888092334224,0.00289174081775326,0,0,0.0075103133266359,0,0,0.00379132538629735,0.00567053053075193,0,0,0,0,0,0,0.00138126211638099,0,0,0.00677193259757089,0,0,0.00881494199532756,0.00236076811329014,0.00571861073063673,0.00110743632007419,0.00260409630790281,0.00127372103779074,0.00424729941496664,0,0.00270392955941727,0,0,0,0,0,0.00130924448771062,0.00580345587059281,0,0,0,0.00386966653988834,0.0103071350555589,0,0.00984508440924148,0.00210998004400989,0.00560939409128062,0,0.000124737028177264
398.715512115511,0.0500261072191588,0.048778790767479,0.0572969954387885,0.041746984196209,0.0433701997856526,0.0454278950787283,0.0521315030375275,0.0372326411665999,0.043189226471252,0.0425662765667259,0.0408882117852858,0.0450722666289672,0.0417904527944454,0.0533511387459694,0.050279130183046,0.0463431582848618,0.0431706388277751,0.04024436608939,0.0425580877044955,0.0448291913007736,0.0518703559549453,0.0408020403890856,0.0419194927713939,0.0471761491535798,0.0361422228076113,0.0359329076122273,0.0454388497667632,0.0540078495100666,0.0411648591518514,0.0396532735660684,0.0434637654096955,0.0438323061049795,0.0472018847293102,0.0396672789712693,0.0554802825185715,0.0647559031920538,0.0556370918060626,0.0530019066803796,0.04827324261276,0.0515140255260038,0.047066461659551,0.0469146413149037,0.0427970828486611,0.0383881781532449,0.0436740082739034,0.0643767986773087,0.04320258058741,0.0445760649656825,0.0425426435553027,0.0471041968592733,0.0522312899443092,0.0562809738382628,0.0511135493238032,0.0508629506003957,0.0725328311542086,0.0408959910816822,0.0395712890687332,0.0442243921273637,0.0498098100454091,0.042098095992699,0.0379158693859134,0.0518566027159852,0.0445403885266288,0.036688140582418,0.0478611454919605,0.0547926221019271,0.0467443698651227,0.0508326074410989,0.0430336321069805,0.0392497754653243,0.0626856716794167,0.0493117088335807,0.0505868359164631,0.0385535696064633,0.0463848677882355,0.0501181782669301,0.0632707936646896,0.0408174516413614,0.046335138059733,0.0465688081609385,0.0385273801370079,0.0390281532471982,0.046607512955489,0.0378853513911361,0.0544799481530288,0.0545660147851249,0.0506509267549433,0.0437785076392531,0.0453112092341543,0.0432880317576169,0.0522059208212853,0.0350109128652481,0.0462873022813243,0.0423449860618485,0.0522803401176951,0.0446662100570549,0.0433752638290475,0.0446726529946706,0.038525069376345,0.0492514017193833,0.051904649657431,0.0549093407902789,0.0568436384491176,0.0403314873482175,0.0472133069601096,0.0456545161557693,0.0577028547280669,0.0474931985961247,0.0428283331165156,0.047404397548025,0.0530345614435872,0.0552046862467745,0.0413207504385681,0.0468823071013111,0.045857445405145
402.258858656118,0.0112721607295488,0,0.00675717551878242,0.00389026382278421,0.00514372579679379,0.00911316571965756,0.00744717482818753,0.0140101217525284,0.00634944126224121,0.000409117121331162,0.0035643760303641,0.00641527233508607,0.00746762291047015,0,0.0078149523222833,0.00773411461498686,0.00850509390521479,0,0.000594728456908255,0.00243052553019876,0,0,0.0025003005828884,0.00201768229755195,0.00512758050431949,0.000170006936878323,0.00252316410717219,0.00824178844840042,0.00302013223308645,0.00338130792422341,0,0,0.0101201184264626,0.00572118872728864,0.00565496317039488,0.00994308062951399,0.00358939360266236,0.00240291124581783,0,0.0070079746818852,0.00659047665150052,0.00540206710081966,0,0.0111823192489046,0.000994067624286471,0,0.00765228884090812,0,0.000265625543728056,0.0076222108011097,0.00338966144185589,0.0102268656134635,0.00656441172402069,0.000964281837044554,0.00214437953288649,0,0,0.00977707557063155,0,0.0110658658840677,0.00660032206419919,0,0.00540836530470127,0.0080512400253971,0.0042246961835328,0.00544138182984621,0,0.00279747149639315,0.00303035344062673,0.0021887967577873,0,0,0,0.000386884655307248,0.00621426507761949,0.00401193848353924,0.00286545933559815,0,0.0163964905734648,0,0,0,0.00564532092914603,0.0118337303804004,0,0.00170606724550654,0,0,0.00440164269335166,0,0.00483410073993254,0.00163697736338644,0,0.00196500605549275,0.00243750223566074,0.00358723366206076,0.000473208701287026,0,0,0,0.00963806997836447,0.00869109316234926,0,0.00980463471143124,0.00906404132340289,0.00932594143037651,0.00328024972837636,0.00742923338088367,0,0.00398879601460179,0.00719045100911477,0,0,0,0.00125842506914252
405.799522737568,0,0,0,0,0,0,0,0,0,0,0,0,0,0,0,0,0,0,0,0,0,0,0,0,0,0,0,0,0,0,0,0,0,0,0,0,0,0,0,0,0,0,0,0,0,0,0,0,0,0,0,0,0,0,0,0,0,0,0,0,0,0,0,0,0,0,0,0,0,0,0,0,0,0,0,0,0,0,0,0,0,0,0,0,0,0,0,0,0,0,0,0,0,0,0,0,0,0,0,0,0,0,0,0,0,0,0,0,0,0,0,0,0,0,0
409.337507226919,0,0.00863732884739559,0.00638547600350123,0,0,0.0134020858508695,0.00120924087536312,0.00698207725082925,0.000122244521631367,0.00601219403176536,0,0,0.000146624524913854,0,0.00621655261050116,0,0.00257855486202742,0.00809962670544718,0.00143807517474565,0.00690933282996129,0.00566815673214086,0.00530185972570185,0,0.00380728747414408,0.00577494712277293,0,0.0056047551265411,0.00958466841605989,0.00375908882857994,0.00439197104245041,0.00982468428909731,0.00202845626361713,0.00768943319481711,0.0158243544695544,0.00116052612388783,0,0,0,0.00373447711153757,0,0,0.0048272703576655,0,0.000384920136044946,0.00164185932181558,0.000862926286691943,0,0.00100372038246452,0,0.0117661482495566,0.000694080812784879,0.00738199098557087,0,0.00605237632564914,0.00101231142122343,0,0.0131688514653171,0.00316479092907946,0.00929625144730389,0,0.00840832007214782,0.00217624508243477,0,0.00833216161458622,0.00194795773740686,0,0.00232931263000464,0,0.00539983340487455,0.0109073316741872,0.00207934689141728,0.000201702139137424,0.00587169992105936,0.00511895240532352,0,0.00518385524996806,0.00625151843397939,0.00368495354149777,0.00542841744078785,0.00472954553966416,0,0.00443861134271894,0.00863086025065139,0,7.91231829879681e-05,0.00220266674085746,0,0.00682603999252861,0.00563804401471871,0.00717501048171184,0.0055500796027298,0.00148452471511415,0,0,0.00451210260697772,0,0.00212640301174386,0.00537229652741237,0.00336888825590123,0.00715766571179545,0.0120067909038493,0,0,0.00850402935484758,0.00433346710135724,0.000610374930514206,0,0.00804084846226219,0.00404504883430636,0,0,0.0207437005446579,0,0,0.00114023269525981
412.872814987094,0.0199346884088469,0.0190683855395273,0.0152426834736921,0.00185822341026416,0.00634683796861621,0.021233937527572,0.0117318106876144,0.0146340381227862,0.0109005370865902,0.00443028628670513,0.000206239122053134,0.00156197741310896,0,0,0,0,0,0.00437697246800864,0,0,0,0.00249349037417704,0.00416491940199409,0,0,0,0.00336472027297624,0.006335272931636,0,0.0056808155303463,0,0.00148275267645687,0.00243799883153847,0,0,0,0.0167169126858858,0.000950568737799722,0.00487725836979145,0,0,0.00307114118926908,0.00496942623298283,0.0109315748546616,0,0.00725650651451342,0,0,0,0,0,0,0.00399417252956852,0,0,0.00638226730786193,0,0,0,0,0,0.00394684958044848,0,0,0,0.00547882892183352,0,0.00681767739795534,0,0.0031629442171919,0,0.000156359493140512,0,0,0,0,0,0,0,0.0048585929471516,0.0013481327792268,0,0,0,0,0.00212116387525075,0.00684660664218933,0,0,0.000367304984050575,0,0,0,0,0.00493220678969604,0.00412533059286661,0.00376609495458444,0,0.00504210617407522,0,0,0.00627275340864725,0,0.00320454523223613,0.00362898293948425,0,0,0,0.000519024324526295,0,0.00099976393572023,0,0,0,0
416.405448876898,0.025666918449005,0.0196270952756605,0.0196632828258643,0.0347035198104015,0.0176762229191383,0.0279417713673642,0.0397444310227039,0.0291962593680471,0.0248648290059871,0.00498703958847353,0.00349228086728218,0.00970518567338321,0.000736147728476715,0.0114218509454186,0.00953332058845594,0.000792765350716322,0.0178783816160916,0.0131041386596722,0.00756255525028864,0.00850767942004992,0.007818614993241,0.0146757386894277,0.00755833073274404,0,0.0102581495953587,0.00879895279970501,0.00511259013535651,0.0146759075624465,0.012252998330305,0.00361591589584118,0.0100710297634877,0.0079242753608357,0.00171654015213842,0.0156230220091992,0.00448099966759225,0.0102967988080202,0.00494655747560429,0.00886120398919511,0.0105751046464801,0.0109410365271125,0.00159395606686551,0.0149469613457395,0.0151427284948375,0.0139895023228082,0.00333576764392065,0.00715332697576457,0.00891814987003445,0.00606363850588488,0.00382935704312107,0.00516385909045648,0,0.000955287457946781,0.0167495221496085,0.0201977843515349,0.0126721516735295,0.00115312408431574,0.00747604770478118,0.0120253713383274,0.0179649746555164,0.0125287311801979,0.0118367349979275,0.0104327635692358,0.00686813286101366,0.00848620187231788,0.00184653044532938,0.0014990824606301,0.0116726186161669,0.000549830390384803,0.00469974562947033,0.00303439970588381,0.00645714178897527,0.0149419958372131,0.00937147553340418,0.00855051629933433,0.00893440260923718,0,0.0135440014272735,0.0140114797045431,0.0082596000443049,0.0141270694773951,0,0.0114188198548358,0,0.0089554648640129,0.00563459468213715,0.00598893724356672,0.00212688239472291,0.00732925558188801,0.0148350252857049,0.00486620273045199,0.0124727802145445,0.00898753919365876,0.0097018684768547,0.00296980017260596,0.00818348387739603,0.0136347123368334,0.00652025568254081,0.0149531182496532,0.002589781048296,0.00815542314227926,0.0159953621767709,0.0103735162400007,0.0168610170079233,0.0134114908935866,0.00403189557273664,0.0027326471507796,0.000491057291801504,0.00853193237585587,0.0033357630055862,0,0.00889214416952166,0.00480784449899484,0.0092056472651041,0.00579497917699343,0
419.93541175101,0.0113721866176965,0.0130472961412237,0.0102835448424579,0.0161521438440801,0.0085498434554707,0.0193244924429536,0.0206384413123508,0.0191672234108328,0.00770679476130644,0.00388702831754595,0,0.000360552271248021,0.00356722372870655,0.0129792194163348,0.0145049804781944,0.0063686673284238,0.00553110702961799,0.0152891385227596,0.00274083220396589,0.00291734684019831,0.0055747837402625,0.0101370148344051,0.00221688210303383,0.0037191644238907,0.00566827592617604,0.00051679492921937,0.00166040127306858,0.00251000959846521,0.0105420073802669,0.00428873175110011,0.00272497954864878,0.00204795664161617,0.0180660844267404,0.0160437784792199,0.0214035215370024,0.00401706108442159,0.0105403426452208,0.0105393046657834,0.00649604831924419,0.00157593873591291,0.00212546882732163,0,0.0115771942395684,0.0287438186627228,0.0225866265745444,0.0134853619884997,0.0183229857053584,0.00769683648114023,0,0.0109626832234332,0.00592557096786818,0,0.01248092393769,0.0016983100332959,0.00318984336498698,0.00342692388538808,0.00797661561525091,0.002488193852799,0.0115047456708635,0.0154154667169946,0.0047843014514897,0.00205275777354029,0,0.0056334930104704,0.00864874606878604,0.00198240562174556,0.00335803134364474,0.0129320809875529,0.012845029458769,0.00464006711763254,0.00918240196040772,0.00740623026244342,0.00819041992297463,0.00257461918859412,0.00647783801870969,0.00197179193384666,0.0168573659373525,0.00207662889292271,0.00935157766422984,0.00101345777684671,0.00888961896018078,0.00956992936058795,0.00681139379469697,0.00714325066307073,0.00722249621447301,0.00925819059179499,0.00941728177947306,0.00665140499583388,0.0188102176785804,0.0110357594314618,0.00351154298597615,0.00546778436994901,0.0079749655839106,0,0.00911631808409183,0.001139398876249,0.0126778761099976,0.00530547506693149,0.00888119239412329,0,0.0124354792992799,0.00641938774583757,0.00132963031664839,0.0126550655530513,0.00440490270973421,0,0.00392142378983313,0.0118415143683377,0.00786018698260038,0,0.00258258204147298,0.00291629558729083,0.00210524813031584,0.00104946557571509,0.00186342313605934
423.462706459995,0.0426811976213599,0.0425213888988815,0.0333721791510064,0.0145287026963331,0.0253920597450537,0.0390784050985595,0.0277833259889686,0.0347361801537693,0.0419813423238995,0.0385438967409381,0.0308759644515319,0.0329958806163595,0.0333460787956518,0.0407036552468267,0.0379224992524541,0.0245047973891162,0.0381089939926048,0.0326374217067803,0.0330233040599876,0.0375679098825537,0.0344039655764124,0.0328288278049137,0.0392027780361459,0.0460523303313847,0.0344120801999546,0.0308925634745457,0.0268894978382694,0.0406718589711575,0.0178070669582886,0.0281883601881526,0.0398738988658725,0.0306545094954613,0.0463564253562914,0.0515170729618213,0.0292245513357956,0.0335191458607818,0.0346206359780198,0.0369936142415322,0.026464047289207,0.0349992373950764,0.0317835008883844,0.0334852971079411,0.0468230294927145,0.054661745870916,0.0359492977058739,0.0380089650251488,0.0322091110607615,0.0251997274791112,0.0198822185904215,0.036203647603446,0.0346917263824086,0.0364908275359241,0.0398256671113121,0.0388125294415104,0.0424093896455306,0.0387027478706605,0.0321894098964393,0.0441566642584585,0.0317421411127714,0.0384856938895132,0.0354907681717344,0.0339908897785754,0.0258534639051727,0.0252332853546321,0.0418672784923108,0.0451209279052565,0.0423769572885219,0.0354736392412933,0.0398099867402126,0.0350362847077488,0.0426722352853555,0.035278521285956,0.0375588109695524,0.0406764792676773,0.0290432173452062,0.0284487202991331,0.0379785237170763,0.0458114960141601,0.0248912167073313,0.0342924481372116,0.0332694064356659,0.0435694788462953,0.0477784566514365,0.0349205487310222,0.0379718399440725,0.0284153677889745,0.0384645750643916,0.0288857233001509,0.033148621752259,0.03191318353417,0.0411453701669909,0.020256977872586,0.0282505417967671,0.0343305823432665,0.0334796651723085,0.0297458956276459,0.0233835247681374,0.0385230634009161,0.032690896916618,0.0297891363152401,0.032044075336225,0.030521803297368,0.0365649175552316,0.0291316666005086,0.0422839574543253,0.0422308219419154,0.0241437290914409,0.0354703874421252,0.0378479907993293,0.0318210304347067,0.0308247174136729,0.0423887314970246,0.0364299742313728,0.0296156763049833,0.035530737571599
426.987335850322,0.00320241094211333,0,0.0206281211597121,0,0.00924426882243624,0,0,0.0070267448073747,0.0070728955528463,0,0,0.00722554329739734,0.000526384602829148,0.00151390666908345,0.006440450291482,0.00100204408693737,0,0,0.0108434156695081,0.00267968051083725,0.00318036192458031,0.0087572673858766,0.000145052947181943,0.000682513656079887,0.00205296315435189,0.000995100568786681,0.00212676672168419,0.00575527274166468,0.00421207159975375,0,0,0.00189800819590445,0.0159027333041336,0.00208540438507283,0,0.00815697062509734,0.00592660724826501,0.00985711926229366,0,0.00763511326022829,0.00309665576735083,0.00826976808218088,0.027775387442504,0.0432480535340879,0.00710861379509928,0,0,0,0.0021761201654807,0,0.000615625221061871,0.00232905924577545,0.0097134787961326,0.00304425747555567,0.0164256126649227,0.000348857442035154,0,0.0056011552598275,0,0,0.00977353030717092,0,0.000777789197978442,0.00732904071760756,0,0,0.00316325266600399,0,0.00960459779934021,0.00893738852853686,0,0,0,0.00935069928006832,0,0.0158460224122719,0.00440596128368747,0.00880621796485831,0,0,0.0112190480994893,0.00107663212119669,0.00891873710657969,0.00807455071315664,0.0068746087382861,0.00206337486422438,0.00613595031070547,0.0034375547811523,0,0.00628110861993021,0,3.25699018935398e-06,0,0.0036904926744313,0,0,0.000871402170729895,0.00510992192767938,0.0172778877163436,0.00135745617351018,0.00348732540991643,0,0.00325279311291028,0.0104769754921464,0,0,0.00720897491895312,0.00876250293920472,0.00175356859588567,0.00650764845285233,0.00178071651899665,0.00720560398878252,0.0024093270184285,0,0
430.50930276436,0.0303499498075626,0.0286617926856608,0.0232774254697291,0.0306469607294729,0.00885204244508363,0.0189569225728647,0.0255556976331238,0.0241369702851235,0.0284219521667882,0.0242657988427824,0.024375516151537,0.0267089057701822,0.0176154098783196,0.0258355484503771,0.0370759743588209,0.0283825381387794,0.0334877907748854,0.0298016814583326,0.0351192646228369,0.0372704882988652,0.0417722320909025,0.0291632794651676,0.0248842500512841,0.0316436529881251,0.0324332743509406,0.0340741712388692,0.0278674145080799,0.0239336948331455,0.0283037942217884,0.0266112688437131,0.0227397683627291,0.025174905552798,0.0321625748455762,0.0335394411570928,0.0209644749014223,0.0320059729866731,0.023213778066917,0.0266660860470079,0.0238848582065545,0.0363683346431127,0.0309786860282229,0.0331191682027941,0.0429698411331897,0.0760390448696222,0.0274387626566538,0.0234816494083327,0.040163339810736,0.0317247231767036,0.017503040116922,0.0299457578435004,0.0356596125866816,0.0275160039464278,0.0305525899088958,0.0297737055071449,0.0285754592161358,0.028609521900248,0.020606813302842,0.0282758903334958,0.020415019453307,0.0348644750530739,0.0311174933365749,0.0295354787156636,0.031021479832433,0.0291728049435438,0.0231227578690337,0.0279656818063401,0.025051581572424,0.0295222824904088,0.0300290224865531,0.0245692574148749,0.0282207187201063,0.0246315080530986,0.0292750184005327,0.0238673136780016,0.0251418156878152,0.0215534957412024,0.0191382190265861,0.0257658371835973,0.0224714364461514,0.0308396052849035,0.0304468849386343,0.0250175093573195,0.0307447640028868,0.02301472075954,0.0329856539848469,0.0234352049912199,0.0305376851122976,0.0344343962021532,0.0340186091996287,0.0253991206744024,0.0270986734014645,0.0163985482483404,0.0460988080125834,0.0222230356203519,0.0472144584868211,0.0226361811526632,0.023534599854417,0.0331879354225925,0.0281578793612813,0.0247843252596606,0.0369560669328879,0.024183666284957,0.0266142906135843,0.0303466506173909,0.0229764056655036,0.0343035066647751,0.0267898099263123,0.0215926887378343,0.0218312145875541,0.0217902506484241,0.0203274282563449,0.0320431923426334,0.031417905012469,0.031470584473651,0.0243270136286192
434.028610040384,0.0138851410498278,0.00774464170159418,0.0143302437116236,0.000511892899586046,0.0172519100156563,0.0145849563368362,0.012898290870473,0.0182583127394403,0.0100721547623647,0.0355180566906558,0.016257331466005,0.0199758072426993,0.0203235263333864,0.0200299572286825,0.0290490394565881,0.0185041946800317,0.0271967536206952,0.0155869152608885,0.0101762686374243,0.0243890982353215,0.012126644390707,0.0156021835971623,0.0182594287126639,0.0184559022259149,0.0243305410476524,0.0212502181309353,0.0162502091775315,0.0282468899080538,0.0140843709796808,0.0144249773953846,0.0204049818176605,0.00863927728001195,0.0204608477964942,0.0259216811430591,0.0224593425841359,0.0233727839168818,0.0112935455647694,0.00792591266745292,0.017389951407277,0.021673539011906,0.0273864856590358,0.0232144892785078,0.0261477688388437,0.0469845500540744,0.020794867411791,0.0226386908860309,0.00886205567660064,0.0150687306187878,0.0121326404248432,0.0120191945486968,0.0165054567189579,0.020966065829124,0.0185466323365465,0.0163186845634728,0.0154478665441596,0.0162734787202995,0.0159022278412194,0.0169501204814293,0.0149974597390734,0.00586311580228317,0.0245254281142857,0.00204287354942992,0.0231422139488869,0.00717126629681425,0.0234790089762548,0.00979571827624866,0.013867370943013,0.0157472842587779,0.0268604539617305,0.0331132649489781,0.0151409637456013,0.0164060954682471,0.00950951379792211,0.016005521479329,0.0179018853567834,0.0153973587300634,0.0102491936066755,0.0102974959824676,0.0167625862380202,0.0118748225066481,0.0241816636502757,0.0154028920966499,0.0126428758358909,0.0251479799417174,0.00869798690873386,0.0106680202664064,0.0205103398645415,0.0236319584968069,0.011889159379802,0.0314508253599878,0.016288066148175,0.0144237285466536,0.00714377828147346,0.0155378805107948,0.0262866697567351,0.0150927470740445,0.0187024309146138,0.0177764458103591,0.0261386765494402,0.022238021998717,0.0210998543217652,0.015524818061717,0.0133245645815844,0.0127835943765902,0.0101505949369175,0.012122999391435,0.0179153662559427,0.0276106261724355,0.0094323387969054,0.0141565492361729,0.0212713690316358,0.0160403000566453,0.0177724158319933,0.00590930922603249,0.0155765831740937
437.545260512592,0.0378972810178425,0.0267091432174564,0.00645549583307175,0.0227144653377302,0.0256234026209139,0.0101822990058738,0.025944843770012,0.0240961612458948,0.0308259171985215,0.0250519726451121,0.0252600187737081,0.0213976078755116,0.0247233313856548,0.0247855529783759,0.0366691171993013,0.0250189650715532,0.0276182810964039,0.0311871168455831,0.0208786152180922,0.0208563776475764,0.0146459842206004,0.0253778002322208,0.0203080319383065,0.0154202512747868,0.022418582418689,0.0327148756316644,0.0183842180368201,0.0380637162849174,0.0262930065833532,0.0287886347079814,0.0334521058760561,0.0330222365046565,0.0303911842823509,0.0261968217297588,0.0250585456880354,0.0270211137499431,0.0229104067539843,0.0212918633708525,0.0251968702483645,0.0179427298582406,0.0249076448996589,0.0314966943978431,0.0281457884579056,0.0450816972058875,0.0205637482588249,0.0388122866184592,0.0350370591829068,0.024504126506303,0.0297580108520078,0.0294677149831791,0.0255576482162081,0.0247633155596595,0.0299507614999501,0.0349585285596917,0.0169685689818708,0.0207134742353446,0.0269965006636895,0.0317698198162504,0.0287246389847726,0.0345868416971557,0.0306937370469536,0.021396160704263,0.0295155533908538,0.0231885254949251,0.022080415345839,0.0269801357886536,0.0180749462187615,0.0313783062281377,0.0242509576036933,0.0204532876481596,0.0328263691489993,0.0247272763694755,0.0272178162432988,0.0275214019940045,0.0199537024228192,0.0281433476630356,0.030101344275514,0.0254909788218192,0.0388659224280992,0.0370107513297419,0.0309019659340079,0.0269329973268265,0.0274714974157027,0.0278323938430175,0.0255922944765425,0.0314126295682206,0.0219205190198825,0.0210350519890096,0.0318817304673236,0.0233027111314668,0.0359555293459808,0.02075496069685,0.0272996658689441,0.0246378066470155,0.0356563282850025,0.0340020224653179,0.0287186763663035,0.0401510645536737,0.0305241231184257,0.0260045048053687,0.0347921684760254,0.0194468417962302,0.0401701564504469,0.0325943305787953,0.0336939640225153,0.0285643008103855,0.0240931759814109,0.0256859629504545,0.0271326736632233,0.0253761280681753,0.0210528160139542,0.0279926755611429,0.0257005181098968,0.0217084492786137,0.0254212286720107
441.059257011108,0.00086425534327523,0.0035448608747375,0,0.00898144922031071,0.0218963710349103,0.00301809426349304,0,0.00374186288227984,0.00330400412613242,0.00696553325654487,0.00100470982418321,0.00042226030327256,0,0.0100043056116198,0.0257830740837419,0.00577201950402254,0.00553066157629459,0.0141996994736004,0.010470249630435,0.00184788921250189,0.0100425656765766,0.00563738008448967,0.00143743488163771,0,0,0.00214562893245807,0.00325969538237458,0,0.00413144122684924,0.00602052895044542,0.0122167681690403,0.00647785905332895,0.00722989088669104,0.00663894884897165,0.00495002780989344,0.011057062994325,0,0.000236562372084209,0,0.00723832155102405,0.0069627404667788,0.00616362777764237,0,0.0154402653119966,0.00624497284650214,0,0.00255176937359781,0.0163074382749482,0.00306857856493725,0.000269457340079081,0,0.00489487085811812,0,0.00366224492286581,0.00554209628951916,0.00194269925289002,0,0.00590643629473455,0,0.00956794287052455,0.00369394229382995,0.00630307658476894,0.00966975472136697,0,0.000529239375059119,0.0138064077946108,0,0,0.00806297797573215,0.003646638152712,0,0.00215427693313763,0.00450776456966928,0.00254449812655414,0.00449678293222375,0,0,0.00484655575758869,0.00080234760192153,0.00881693961660331,0.00137817043271375,0,0.0017942555352909,0,0.0035357527737364,0,0.00610183357681124,0.000759067869134338,0,0,0.0124207509459384,0.00260312784800985,0,0,0,0.00667915250247195,0.00380110036026048,0,0.00855658808178809,0.000338913717922124,0.0194581065295094,0,0.00496625246890018,0.00403939293960573,0.00488567212945245,0,0,0,0.0100391734440125,0.00509693146097079,0.00209797836454584,0.00318596276407742,0,0.000686654980876655,0.00588881532244972
444.570602361988,0.0196906330924892,0.0180755808598398,0.0231171508337125,0.0296324621920471,0.0325327777677654,0.0214950015084746,0.0229291227408018,0.0201989368323924,0.0266794777320595,0.0251790777813063,0.032994690230961,0.0170631433735411,0.0317104256637259,0.0291942274722899,0.0439817030271364,0.02700705591127,0.0345506685427944,0.0319112468753836,0.0167888009541154,0.0330110168220895,0.0206887719649774,0.0164664735145496,0.0231543485529394,0.0273618961535834,0.0298162182281027,0.0306846877136979,0.0202629351158837,0.028830753912317,0.0241607900810714,0.0253078253757555,0.0240602143766859,0.01441731242023,0.0216620717675929,0.0243978425148182,0.0381062128143073,0.0269588757880372,0.0224895083424731,0.0327118103130569,0.0275348840512032,0.0231213946661767,0.0215755178141318,0.0234957526196951,0.0286270853481256,0.0342673912076889,0.0293830237933846,0.0328626091072232,0.0382546902721776,0.0313632375268581,0.0300783757424382,0.0300500460974893,0.0228271722946807,0.0270809787792343,0.029231536716509,0.03887977902244,0.0304884395117461,0.0248676772084035,0.0315747608758731,0.0128716823279009,0.0235530826890961,0.0249478206240987,0.0214304492327558,0.023815189893308,0.0171707310236271,0.0222708510759752,0.0306923898209559,0.0298092412888864,0.0208974699905431,0.0297216411950389,0.021887926000349,0.0244541032471297,0.02976336139968,0.0281364983668948,0.0285035010947362,0.0239987060328047,0.0181410830106046,0.0227787422555409,0.0288641534709577,0.0313471373558276,0.0278589081474795,0.0373328053430089,0.0335041115485382,0.0216730212606487,0.0287079902342127,0.0365976158520426,0.026095747691167,0.0307460861851027,0.0280941751400316,0.0369287056108189,0.0198101118850376,0.030159752326509,0.0210912338953897,0.0227681721903576,0.03041510931278,0.0281038151121779,0.030849408624173,0.0328548667061117,0.0303537506117336,0.022726796257234,0.0239969048317772,0.0178844734020006,0.0284533079942622,0.0260568329463494,0.0240739170233338,0.0180374404073072,0.0209777131886011,0.0319370632437875,0.0270769162345384,0.0279676483416565,0.029998027176019,0.0254143027801671,0.0205302134172457,0.0261572753227359,0.0216145689889619,0.0124026099898205,0.0269625788944644
448.079299387222,0.0225931487350249,0.0232820549264466,0.038840786313816,0.0223277008066788,0.03432065466694,0.0355720620705643,0.0386240392882862,0.0280837482394433,0.0280469923346643,0.0411948063241708,0.0285112836601355,0.0331301615507897,0.0365940831246792,0.0321918388631475,0.0403151733219205,0.048759115513194,0.0281367789583229,0.0371128800861666,0.0365912064465969,0.033803920829745,0.0422194360638476,0.033385994020968,0.0274338723028805,0.0270673744967273,0.0329057245798965,0.0354288721535792,0.0217307266505222,0.0363440669280927,0.0396565026812392,0.0345976710202575,0.0387271952326627,0.0299304399571382,0.0372053196823582,0.0409966679180824,0.0355149575425495,0.0372372076326841,0.0458019806792227,0.0521902285773783,0.0427045389173135,0.0187225288439559,0.0292981753962493,0.0436452903348588,0.0345362103583464,0.04294244367251,0.0185188702544054,0.039542334639868,0.0384121938394193,0.0356013180907442,0.0287157025961049,0.0344272726908958,0.0392812591492089,0.0342490731626124,0.037032130269629,0.0316188563528025,0.0354422223872084,0.0240026664285887,0.0380605270076191,0.0231496961569118,0.026153010632376,0.0287467945134809,0.0397189047719815,0.0288361307607205,0.0359489148134871,0.0278199859149517,0.0378285915120677,0.0379200961028513,0.0371360442015433,0.0441337444537879,0.0421631090813208,0.0399388385565761,0.0206356757898246,0.0392289992533107,0.0357373656233614,0.0213107767330486,0.0346687421096041,0.0259677058158451,0.0353947890078748,0.0242836176679031,0.028158691849392,0.0394559220473722,0.0322155463625997,0.0431144674683979,0.0249462405254592,0.0293208031427556,0.0314555651615885,0.0366228907065928,0.0362979288664974,0.028358229107101,0.0345174074691859,0.0360959382404447,0.0343369507885389,0.015671700687908,0.0342481265294466,0.031842229902108,0.0355555831067167,0.0381539643357347,0.032272674277527,0.0388050867369913,0.0370679178812802,0.0365544670197275,0.0374199764390761,0.030464681866375,0.0295668810081023,0.0308556680882369,0.0319225024719834,0.0367523628926319,0.0331647259841142,0.0372615363304265,0.0447129266643063,0.0125166359861948,0.032698277471243,0.0380223933610679,0.0259496398410254,0.0367362302946124,0.0367197322586958
451.585350904754,0.0254668490008414,0.0257252799230352,0.0297490795909929,0.0194840757628806,0.0291171186040887,0.0272247669362587,0.0329357267179292,0.0199214747417874,0.0288494865786602,0.0300705333380439,0.0245349756258002,0.030619489216272,0.0253755453864843,0.0279152627828561,0.0282209934876629,0.0321581703596899,0.0357415347525666,0.0167815705155688,0.0266347967426181,0.0318096216907555,0.0287988990684947,0.0257970441213875,0.026461420552984,0.022219064047979,0.0184360394538414,0.0213525302224456,0.0197226313217493,0.0227988188711296,0.0297896439500968,0.0272451545740771,0.0293876065975782,0.026692090930454,0.0299180989018858,0.0258803204424748,0.030059933102756,0.0312608529499159,0.0124133984404141,0.0265357976259184,0.022874136753532,0.0293387152034836,0.0295591545703751,0.0335955363407289,0.0261366351387367,0.0249451601948605,0.025196994550099,0.0226803222104002,0.0351593407259109,0.0193685606517893,0.0249602988589952,0.0370047470780395,0.0217068515535519,0.0287052729042319,0.0254661660456595,0.0271975263508453,0.0321464168297209,0.0178924960284423,0.0196454214575339,0.0267163189719654,0.0310482000218589,0.0261629985832442,0.0294907073075894,0.0284865595969931,0.0207711620845053,0.0189264269315518,0.032861743001376,0.0100567805798148,0.035172488166038,0.0239874036647458,0.0217629902565032,0.021868447600953,0.0289102376665553,0.0154267205470949,0.0302483689790656,0.0291794497800928,0.0249487852317972,0.0178854773238584,0.0263606220996256,0.030831279027668,0.0239750725254034,0.0318069544194935,0.0280690332768049,0.0180613666569931,0.0321424567747872,0.0278227492923575,0.0247667562808209,0.0282586693405189,0.0358732157672396,0.0221109971444615,0.0284083140711246,0.0227314289285675,0.0320110504110462,0.0241066414414916,0.0165990772671822,0.0337937773624,0.0219231459871415,0.0129979483817292,0.0244355096143261,0.0215540483615382,0.0237864018997051,0.0165683088883991,0.0196805120183971,0.0170746551385527,0.0261706115809169,0.0298346813218873,0.02122717994071,0.0386541087081674,0.0258805775141064,0.0250474200963559,0.0223168288575089,0.0276277768817792,0.0244297881286611,0.0300362617636646,0.02208069909335,0.0294231353550524,0.0171002646541139
455.088759728477,0.0277991436898777,0.0182978232155848,0.0228321723709327,0.0196055780503864,0.0275998884737418,0.019939953396788,0.0211952442204573,0.0160014843917145,0.0189017811851745,0.0259665557448604,0.0210659117575068,0.019351618161245,0.0192935533309167,0.0158072716374708,0.0233762318325869,0.0204542938496057,0.0258953869119595,0.0154133361487404,0.0290814764020488,0.0242699801439096,0.0229891265210855,0.0109465101610326,0.0190766458761689,0.0196047176367993,0.0203366809266169,0.0155375651008388,0.0165358344129364,0.013097785276626,0.00469343872380959,0.0209705964540889,0.0211592969330365,0.0210826188577111,0.0197519597321324,0.0186576042271936,0.0189065023358334,0.0263758368171607,0.0137848532832949,0.0279141168083186,0.0184928952880733,0.019094630263122,0.0206434779710975,0.0235172102320955,0.0251339662002902,0.018645636956264,0.0101735716199822,0.0151940902387711,0.0256774212287257,0.0110570734776258,0.0170409879111386,0.0112287318158604,0.0162044306081336,0.0185206164979018,0.0173873897434964,0.0135694057599644,0.0200140343287756,0.0140710927448795,0.0255091319133549,0.0296976602851042,0.0126731733312257,0.0160414765575899,0.0250471339335637,0.025140133326439,0.0234178605201637,0.0111560080693516,0.0221162711995181,0.0164252898887692,0.019412779923548,0.0202283838217983,0.0184166872288941,0.0220027454974767,0.0232120208666959,0.0133159669132722,0.0235762617729823,0.0129062878753188,0.0140341357091422,0.024564626340543,0.0149962315477903,0.0225715204149325,0.00806939897324745,0.0269947155647279,0.023328156847798,0.0112128696336035,0.0167588472982753,0.0187456853052392,0.0214836842427437,0.0153179514426412,0.0205135447652964,0.0240700636169773,0.0228475972079501,0.0274770727618972,0.0331094284437767,0.00750336662034964,0.00703842057256206,0.0122857926065185,0.0185620310570505,0.0199298730358313,0.0159977835628611,0.0127403871868874,0.0186651710256501,0.0121201868957886,0.0233709972518513,0.019705413178404,0.0221545637468229,0.0270587338945646,0.0218778999761274,0.0214895768340395,0.0179867879161738,0.0173269265792365,0.0132179907919244,0.0146738269869152,0.0144326260900157,0.0272686121589775,0.0146789897075125,0.016332355934313,0.0267998221605141
458.589528668253,0.0336920908824437,0.0354442816568089,0.0450802075408163,0.0286769909621237,0.0241982027041285,0.0492209039953673,0.0362546999993964,0.0323417346840883,0.0368010497025179,0.0386430631010531,0.0390061689952114,0.0380625078428904,0.0349947201006938,0.0382284048622048,0.028020598603241,0.0415684721837415,0.0368116986378661,0.0373493905971444,0.0390665809164754,0.0310448127191626,0.0297012431970048,0.0428001325193029,0.030810726183904,0.0254464543951066,0.030125454677654,0.0423024349766062,0.0385863331487387,0.0326971295726133,0.0364254123812887,0.0412468938235806,0.0397309769056693,0.0394274940569298,0.0426195675884006,0.0413963457183916,0.0372061654304763,0.0337731932147399,0.0319609714316958,0.0461770731471653,0.0249746889675096,0.0354386360631966,0.0442860872630721,0.0378884717295569,0.0281011737941301,0.0421631557504141,0.0203072361308586,0.0317790434175874,0.0263159225735018,0.0407624835657665,0.0268043950033005,0.0426619124641201,0.0296891975108328,0.0342493343378004,0.0333055896012319,0.0303160987994746,0.0360351061632347,0.0252880741301096,0.0386933407331324,0.040447453118155,0.040752513458594,0.0434315665027043,0.0275510849635977,0.0383783930915508,0.0272242679854123,0.0321812057293463,0.034913965422104,0.0373681347474437,0.0306110341919576,0.0277622708888437,0.0321243503355006,0.0432827714350044,0.0372404316942939,0.0317537315727085,0.03880039696085,0.0260096039749514,0.0380475439554274,0.0460053075865109,0.040429645765397,0.0364488731309424,0.0311134086794147,0.0467979599409395,0.0361005675746733,0.0319798942793915,0.0348848707923345,0.0317094889428676,0.0301921709811491,0.0358899096447577,0.0366588490315696,0.0371770324266897,0.0270741586096467,0.0304940065860025,0.0295734338639856,0.0342193312908109,0.0275990963289415,0.0376086431932444,0.0472158215058682,0.0364119019095743,0.0287036692165947,0.0383272458820236,0.0304787818556967,0.0318582335084939,0.0426920681747325,0.0372107135941205,0.0364201538262917,0.0208016725399506,0.0293250140981194,0.0342944265965807,0.0309471505382195,0.0287966923430414,0.0307428447047776,0.0400282888476272,0.032185795428101,0.0332176744775207,0.0235967993941175,0.0331056049028647,0.0263119676734753
462.087660529904,0.0390439295407587,0.0345193016977261,0.0419625240712615,0.037222779862685,0.0402673778797406,0.0413305083638262,0.0436196925759024,0.0321014231349969,0.0418061333142387,0.0523756883532112,0.0445912345205429,0.0409240147879993,0.0259839102556037,0.0366545786369235,0.0421542447278538,0.0517034738240654,0.0409546346095912,0.0386366475791773,0.0538875836596291,0.0383428309103199,0.0511180535305545,0.0445822719118386,0.0407747951668903,0.0470976605851505,0.0523264255741682,0.0474837802281209,0.0370624013786042,0.0539274254869539,0.0444841211559332,0.0465425470544558,0.0417176938585714,0.0378513589553886,0.0403769907785154,0.0510930057983229,0.0447051048532621,0.0495362526407954,0.0321530751483797,0.0497524341939921,0.0360135378756751,0.0407594991034601,0.052463538572796,0.0522314565076422,0.0453199390506216,0.0358112544381832,0.0438835203778445,0.043632637121178,0.0449677745073411,0.0431834267532672,0.0341755474275701,0.0469220807851311,0.0373823748842482,0.0349606388224975,0.0503673181678568,0.0504764714118156,0.0455684704570971,0.0405326888614087,0.0365869092432783,0.0394741394966717,0.0461429712653756,0.0534658195461432,0.0381654605404907,0.0331923517923023,0.045879569320716,0.0497177967236598,0.0505573513744753,0.0408715960682055,0.0428831152957152,0.044324962283796,0.0357888602232595,0.0333608309675342,0.0402014657093551,0.0450191793195013,0.0511107801322014,0.0332028491061684,0.0515446050001123,0.0372425943539667,0.0456954221281641,0.0394977357760878,0.0480039652707266,0.0373434457258951,0.0369617220417281,0.048013082593644,0.04257440875897,0.0330291258463377,0.0337210128102969,0.045063750383811,0.0476161102461181,0.0426067749828748,0.0422429914470766,0.0465199256413419,0.0329157914842085,0.0358973838516324,0.0382743537174565,0.0424010239677114,0.0483763059206592,0.0387792982948321,0.0396648624040582,0.0475176090516421,0.0428484944902459,0.0296600057481437,0.0463265157947933,0.0443701183712843,0.0394343065997364,0.0335055545401158,0.0401563240535134,0.0511088331281697,0.0421379800974579,0.0419341261678853,0.040706732150514,0.0447563440816059,0.0419746687573362,0.0338912719164855,0.0412437575695579,0.0429517394461592,0.0449845974611907
465.58315811524,0.0125777490050793,0.00950892823160627,0.0129284512802334,0.0168160684400428,0.0317045083951104,0.0137473789077314,0.0235792033466093,0.0179503329668658,0.0237318516783449,0.0199910376082063,0.0185271633824551,0.0186615109927258,0.0175179759370676,0.0250202789053602,0.0249053579841447,0.0163690112307516,0.0259612514476282,0.0067947068559224,0.0351666416414596,0.0180296523939849,0.0179403329988806,0.0218565411112564,0.0135737219854412,0.0189449649460037,0.0145570855828834,0.022791416452605,0.0136869673502978,0.021449660180095,0.0288697155644781,0.0313201549127379,0.00599790286994876,0.0222044432647153,0.0147345004892033,0.0194558322683219,0.0221269221519249,0.0255443218623141,0.0126779824615548,0.0127058921700571,0.013772796712978,0.0159623605170562,0.0211641857141387,0.0198673139915254,0.016814802363842,0.0123800581118092,0.0258438625820459,0.00431802352448634,0.0105980372838516,0.0120738188943433,0.016717692709431,0.0157481792085993,0.00701388182955112,0.0137367747509528,0.0111457404788112,0.0143916595752836,0.00223014746619884,0.0111253101149347,0.012971879832528,0.0206519016825213,0.0201291416057569,0.0189993637721372,0.0144500327756305,0.018482793597788,0.0139146688318181,0.0257164976525879,0.0247766574811978,0.0134562990625309,0.0231854062095839,0.0144424873736016,0.0111491641911246,0.0175287287807863,0.0239609655215546,0.00338522738397556,0.0149261356947022,0.0186071593437941,0.0149071382800942,0.0107012038451319,0.0158330485659544,0.015803759242909,0.00862645641238046,0.00894749529844283,0.0185555927593257,0.0169641465319378,0.0120720727499321,0.00992760653447899,0.0154713848879079,0.0183944229612271,0.020132292367556,0.0156512624931883,0.017541103156974,0.0115033185311476,0.0143552101356279,0.0192066813210232,0.0292075762790449,0.0114335397651347,0.0174660653702228,0.0225246127327405,0.014548832178177,0.00983332675329361,0.0224317174405049,0.00610218229492419,0.0157160524695193,0.0234147292611091,0.0235185345711049,0.0208621398229427,0.0168361748938771,0.0177054403783096,0.017913722040923,0.0245201484223459,0.0234100833920926,0.011120430609233,0.00978532352256099,0.0287065395343192,0.0209091021098149,0.0131036615883756,0.00719096925844313
469.076024222036,0.0363318847600206,0.0320358820750487,0.0406005741726543,0.0377764933619247,0.0337921803787618,0.0396627401216088,0.0478601498403002,0.0219242278674492,0.0276082172588695,0.0358363384768144,0.0454937203650688,0.0383808483910646,0.0451860544659146,0.0356533205461042,0.0445806573126056,0.0346568214858729,0.0435319259867294,0.0400402210545652,0.0310115375858263,0.0296844298628149,0.0414837511511217,0.0347084911159762,0.035664992169778,0.026964850013338,0.037266844820845,0.043943866418017,0.0385195920629113,0.0354278685920174,0.040247693229353,0.0376652723250291,0.0296174129293355,0.0346074027612407,0.0375172753235452,0.0341898555272538,0.0426092552640648,0.0334192512502079,0.0318912923233746,0.0308823427058024,0.0408056329438239,0.0408992370578302,0.0338577606904358,0.0335849332585503,0.0288365461088409,0.0342208777852757,0.0317902890333344,0.0396267194752867,0.0320145568598293,0.0337453705240205,0.0263901529321684,0.0323425473879814,0.0307845321910566,0.0420629103837198,0.0357688847982535,0.036217030550939,0.0416498444858674,0.037902773952247,0.0362475309914384,0.0418990890652467,0.0376649390214815,0.0359062610785911,0.0290768317286128,0.0452801536052074,0.0223915077539365,0.0299347682702694,0.0489865527185229,0.0371228199654097,0.0370548419159822,0.0269867950692519,0.043620719194871,0.0387236078572196,0.0384869454697715,0.0348853531398083,0.0381418876725055,0.0563247556431546,0.0324247325190969,0.0367871387632766,0.0394558142027605,0.0449396032239356,0.0455067268656424,0.0378353924350259,0.0335072613591886,0.0300000170980337,0.0376311841120809,0.0344216750807158,0.0384050513998619,0.0428614951179575,0.0407804781224538,0.0310234850494885,0.0378496849830784,0.0269066908847565,0.0216690374591707,0.0336091595312762,0.047363525787113,0.0372551246444778,0.0431755824573932,0.0344143094601087,0.029459822058382,0.035335068009497,0.0318193633731025,0.0315218588304307,0.0419131429154679,0.040262131893988,0.0394701387067259,0.0363868999889164,0.0259054480281066,0.0304247514567448,0.0447091901887484,0.0483416033349188,0.0431668414549325,0.0392529139707116,0.0291565912180482,0.0369030732770796,0.0320754662386592,0.0372643436628309,0.0416098069028195
472.566261644077,0.0236536508297123,0.0222766871349271,0.0236288485187276,0.0312808625594407,0.0307462895688221,0.0251300002122561,0.0233821468425471,0.0376161348434479,0.0244876072987467,0.0250847425480615,0.0338441215148434,0.0318853142969757,0.029774104682579,0.0317671906207666,0.0272748264888008,0.0332064394106804,0.023421944390115,0.0227925976368774,0.0295306520337971,0.027519743246489,0.0251658694261592,0.0302853731897795,0.0275544344608914,0.02647239399692,0.0361979183240656,0.0258271940808202,0.0265703323361268,0.0150670286669772,0.0262640184338478,0.0312452196748413,0.0258061493241379,0.0259198193793747,0.0272097528692899,0.0155120697168304,0.0205417046632851,0.032314428196905,0.0269488217974962,0.0236595939452474,0.0276797673809126,0.027038866040739,0.0287997929680257,0.0262122439951074,0.0294064602976727,0.0261926911902915,0.0283362850129471,0.0337602832589928,0.0207055116482059,0.024725861658953,0.017138373184649,0.0235346190681869,0.0234088635439448,0.0328888914964275,0.0304785559538949,0.0235959975465035,0.0211524681236234,0.0304599280705643,0.0238828223503596,0.0241352230855875,0.0203105231186709,0.0296822377441161,0.0326291291548587,0.0275451653770288,0.023101065957804,0.0116401738389747,0.0202739911562614,0.024254410302608,0.0117952931574368,0.0242196646956452,0.0195129574138466,0.0298933249547232,0.0320686193204862,0.0166305684263182,0.024979491418766,0.0163831116992764,0.0184520277636333,0.0161040616094346,0.0221966264238516,0.0308500356224669,0.0255623956000628,0.0237110590091666,0.0286260809972302,0.0183046244909391,0.0186380704870381,0.029267872839771,0.0338367583299914,0.019547343679686,0.0333078309195059,0.0216585311907107,0.0304137070080641,0.0269780446935421,0.0260759785493016,0.0085246592177712,0.0179468583551254,0.0167736169789206,0.0299483182093239,0.0293725681407166,0.026032430200202,0.0320236744772786,0.0242147521523135,0.0234750528956322,0.0309658595780883,0.0198239107230226,0.0305854755814375,0.0363470290404154,0.0218663536830523,0.0211940939764266,0.0337694819632308,0.0218282041983717,0.0205988721006839,0.0295939020997997,0.0246907646892988,0.0328284252619404,0.0227771124641622,0.0177070671613659,0.0150476484948877
476.053873171131,0.0206896761248903,0.0272508920232732,0.0385768804560067,0.0177768201693869,0.0281378975643542,0.0264081197944203,0.0306326363608441,0.0324566660384042,0.0288440526623761,0.0392477334924541,0.0243104820969057,0.0340918441574946,0.0223696940731424,0.0311979901686795,0.0424143640196909,0.0300844394817584,0.0285708602045584,0.0413305693469571,0.0334268153184849,0.0308437510109312,0.0306469022685173,0.0302848430575322,0.0240572353023245,0.0276491525380665,0.0294461176438532,0.026473878500292,0.0323937991400893,0.0323081964958387,0.0274511186709004,0.0353178726676979,0.0316699609041146,0.0329972864726032,0.0288452358678748,0.0482983137056887,0.0222584204578231,0.0328613420329047,0.0365673162828601,0.0248653558114229,0.0271375569697467,0.0270373395583348,0.0242851362500427,0.0313355031017902,0.0362317762537189,0.0415872388850635,0.0312967411211346,0.0313924354905846,0.0392495667082233,0.0366888101297447,0.0226178801997099,0.0306305975716776,0.0298348502080726,0.0323342342516018,0.0210584487721785,0.0287303396283867,0.0317450157495489,0.0270453216107674,0.0244921593155944,0.0358598632828598,0.0372094406515705,0.0234295920443914,0.0251070750555968,0.0287691439123537,0.0196145528308919,0.0106118319695475,0.0243043001557224,0.0293309544462798,0.0316684913972528,0.035010427733798,0.0224741230519616,0.0357395578855846,0.0296900675984197,0.027498698298185,0.0389069063924761,0.0334599493014526,0.0300861850930902,0.0208329126009499,0.0279261437628558,0.0360564651321691,0.0306477175804205,0.0256061360207778,0.0350344725600307,0.0242265625285407,0.0285294025386176,0.0357016572831819,0.0303855700487436,0.0308835898535326,0.0378476457369368,0.0281485669431247,0.0350754399265536,0.017952642889275,0.0327568442347462,0.032873422936701,0.0285090440635782,0.0226223882797363,0.0304264247972486,0.0248664737586884,0.0254386184515583,0.021911398521891,0.0329607766081013,0.0194365150137184,0.0275305815951934,0.0262980734467127,0.0252165942160341,0.0351285140672159,0.0263305563263103,0.0303957989128702,0.0320827200748674,0.038811529650383,0.0345052068684376,0.0330679268663517,0.0201978365462258,0.0322241101170225,0.0216246246755752,0.0268648343004681,0.0290929851120068
479.538861588979,0.0269273694868712,0.0179815780886343,0.0165927844778386,0.0416506080558445,0.0241101783759945,0.0309346068494219,0.0170486365194127,0.0176584327125127,0.0203070496440818,0.02356077337749,0.0265399917300787,0.0139028157373506,0.00919659405567047,0.0239131399455737,0.0155340648871949,0.0209112373390923,0.0185177867563078,0.020228358330126,0.0232409044990779,0.0209002482640355,0.0251871373512021,0.0274745488667484,0.016469790219664,0.0231420337235147,0.0192735495055214,0.01880231450659,0.017514900849619,0.0235114933743025,0.0235430100461016,0.0266256568877632,0.00781988497381677,0.0143044774141658,0.0281728733731175,0.0182494669388899,0.0148760304446176,0.018833343018217,0.0130525656536063,0.0316808175545843,0.0225538949167951,0.0316366224296457,0.0111665907986627,0.0216305661589986,0.0201816340944184,0.0478967793631081,0.0230998798059293,0.030759897320837,0.016048014470205,0.0179609928462486,0.0168492501580103,0.0164551891798941,0.0172161567899573,0.0161864211788968,0.022744444378698,0.0212170562320448,0.028217788401775,0.0131710765780506,0.0160296856562941,0.0247240103692088,0.0145701456305318,0.018881135975466,0.0216265706305236,0.0180967275651916,0.000623801671366939,0.0124372287444549,0.0179575776354764,0.01359897373114,0.0217753909418661,0.0265276103252729,0.00891310760450302,0.0156781741215519,0.0139207858552829,0.0160479257804803,0.0256881535934316,0.0105169952289991,0.0183870654714902,0.0160667452952648,0.0100363052221874,0.0224779153624536,0.022341524207931,0.0171571920945871,0.00746381695325056,0.0177691651139404,0.0158419359082349,0.0223611103744841,0.0194659588265098,0.0114936982753846,0.027453526225355,0.0146080543972317,0.0223865080707321,0.0151350096510145,0.0140815950838213,0.0171797544494949,0.0146913099440412,0.0243424983050723,0.0142836774012706,0.0338555132345666,0.0162343081665034,0.0168510599432312,0.0229599646807033,0.0217125211839405,0.0153688248191655,0.0132559547208488,0.00505304750646699,0.0143176300863956,0.0165492366546355,0.0153402826586046,0.0031028586778124,0.0156347860944842,0.0113017471127774,0.0187771904651198,0.0134103467514277,0.0164338432069376,0.010517677693159,0.021623002044564,0.021099820864837
483.021229679408,0.0285229361659453,0.0256329133441594,0.0375450648638783,0.0285930871236708,0.0288766429727766,0.0299703827413005,0.0384786357744681,0.0295286195924635,0.0315769996167221,0.0322464685087852,0.0362452205461737,0.0416975298250878,0.0281400026584115,0.0439125744955825,0.0373362411021983,0.0308704811147571,0.0376576269564315,0.0419662705041277,0.0416753724052746,0.0329954585632236,0.0480745513279909,0.0363196441147176,0.0390270329035289,0.0434954096572389,0.0266034715466179,0.0415008696037402,0.0324684450627075,0.0418026616800004,0.0331171366286745,0.0323027367870496,0.0341760345296551,0.0347773112291984,0.0405838909790031,0.028914020929891,0.0363808193108288,0.0501018414393124,0.0388879030863252,0.0345216568031691,0.0380068965873683,0.0408368670423866,0.0277488389856347,0.0420688115940366,0.0463725522963232,0.0637735123479916,0.0359610603038295,0.0371531113959598,0.0407405020470354,0.0298691947252908,0.0216791089999127,0.0317559803173764,0.0351107907813097,0.0397888426731082,0.0396386202333175,0.0521106373901137,0.0416894085926153,0.0305628696441996,0.0267596505954056,0.0425200489003877,0.0314138140032593,0.0356738448942435,0.0349780166796256,0.0311305945159932,0.0375499774182474,0.0321056930292795,0.0409044243163635,0.037716464189278,0.0311310457674542,0.0338672307681008,0.0265448163582073,0.0432315713834465,0.0341477652872669,0.0320056301019579,0.0412904514751466,0.0398879314707439,0.033460358833131,0.0307963566830631,0.0249174361897086,0.0355845419826804,0.0329401410708407,0.0293129285510772,0.037017660279596,0.0254003603781059,0.0308827287402129,0.0380318165037593,0.0262627168636645,0.0313024378314181,0.035952128389168,0.0375129884576024,0.0466247326285778,0.0394979571776449,0.031067053920459,0.0303568803862471,0.0379536847685941,0.0395066516593954,0.0227183061746881,0.0360556495468425,0.0401910643176284,0.0309531292999629,0.0468589016987167,0.0349154768521112,0.035657267828278,0.0374440350127979,0.0321147554525051,0.0446928484186325,0.0181151263533027,0.0337165227728148,0.040225890051954,0.0421728063913063,0.0344227519165601,0.0370740427351495,0.0298389918557233,0.037928991385278,0.0291606914550243,0.0267008658389439,0.0288817380462791
486.500980220236,0.0275274791883653,0.0359898844789502,0.0336834682473028,0.023987912359128,0.0354737830906524,0.0431788740457377,0.0352417215360913,0.0403031736856094,0.0369227023012794,0.0414470835050047,0.0330603306757234,0.0258195552084104,0.0315567564889838,0.0505081669723936,0.0411941479565265,0.0413484374759194,0.0460914565714413,0.0327464236897201,0.0481902128859141,0.0434082607506558,0.0311012510749282,0.0367918123576237,0.0325435632581861,0.0315804148124545,0.03390585910913,0.0393008078609282,0.0341852816996992,0.0351630441095805,0.0404111015217234,0.0340753357047484,0.0382397489321443,0.0288951823629562,0.0409966794189161,0.0542635768450055,0.031778082597811,0.040497115901202,0.04056805383766,0.0266225143378555,0.0230476511417039,0.0471159485653629,0.0408728855134226,0.0357247785415365,0.0479747195781047,0.0758946724693713,0.0335651123728752,0.0446941280180707,0.0451109460235887,0.0423180835504557,0.017032483291153,0.0375874179553996,0.0345373007361283,0.0333861062241807,0.0318938291853813,0.0479847584980029,0.0392801370077217,0.0253253822227249,0.029548659600931,0.0380127913689529,0.0447438582666819,0.0379995425657933,0.0273721858239357,0.0399822578181087,0.0304038303968134,0.0384860152452669,0.0356515875575413,0.0393407846263092,0.0377064260007062,0.0343869390379762,0.0382579245777654,0.0284086663133991,0.0299448954043203,0.0302173452916114,0.0366706417426548,0.0304156015619971,0.0415141123771794,0.0378061961041939,0.0495532875743687,0.028769743850263,0.039056827778219,0.03055181976675,0.019012120123127,0.0353568400148254,0.0499440722880774,0.0316053718084938,0.0410455605482134,0.0334606708019384,0.0352503955112457,0.0362696507935796,0.0361899283124742,0.0377597217383733,0.0336336476465441,0.0368369111202794,0.030458530048026,0.039413162760659,0.0328426331566977,0.0444263704379518,0.0429489658585682,0.0405124130503131,0.0338775319298333,0.0261831833058126,0.0333006990845397,0.0392501545097669,0.0331594751048946,0.0474199213724784,0.0389905104966216,0.0341816125786483,0.0268521907919585,0.0449432892133801,0.026228298427329,0.0341733193994166,0.0320684402504488,0.0430724578960732,0.0366817759735444,0.0254275227090115,0.0383293937652873
489.978115985287,0.0275303175776688,0.0299168409080664,0.0342014030587417,0.0517737966551851,0.0536508404124572,0.0492583557253756,0.0379998758903615,0.0382358556965956,0.0379525132983772,0.0408604974086606,0.0486063373637387,0.0371937678404657,0.0424076424301577,0.0381263258087211,0.0472639718150803,0.0397535117432211,0.0494390163108501,0.0441190653043793,0.0427855820834292,0.0433122830510406,0.0479320661097815,0.0377927442750206,0.038217322810188,0.0371729701923319,0.0400498814270395,0.0381786538464485,0.0364477440351679,0.0406700287011664,0.0414844195818082,0.043572467467273,0.0337117504933628,0.0417037782319284,0.0556332253129618,0.0727964378334049,0.0333845331844306,0.0487714896892559,0.0293153683012649,0.0322266255726772,0.0361513629367597,0.0406371951050216,0.0339593064865519,0.0373232360336204,0.052976899818662,0.0789312351818174,0.0533989742342691,0.0475049974330281,0.0432537500607474,0.0422475043336532,0.0418789055664619,0.0339496543366277,0.0448847990284853,0.0407917603018999,0.0458034043003648,0.0518628909610064,0.0292100994603259,0.032809557993385,0.0407900384431152,0.0334786156024382,0.0353862075571647,0.047805419481246,0.0313662302854669,0.0345644929468271,0.04048855026387,0.0350373902577926,0.048768877794627,0.0465544204068112,0.0370958402263572,0.0473330052549805,0.0411072266565076,0.0464963918371201,0.0408217989894107,0.0484073252045379,0.0418318386678186,0.0403232114899221,0.0308960279825767,0.0376880633756663,0.0373357960882279,0.0270421750788883,0.042919054168202,0.0449451094732502,0.0377604258943824,0.0346989510393797,0.0273451277344447,0.0379286647160941,0.0386299896374511,0.0344548369104285,0.0425483939463637,0.031468345716321,0.0424728068907755,0.0314599445297097,0.032142849678129,0.0355084996856334,0.0374311871591535,0.0398774812960037,0.0349294776408299,0.0403739862645436,0.0468243967114807,0.0415781685234273,0.0430970054415917,0.0341434559334253,0.0401965773409764,0.0244064145939698,0.0377205817420491,0.0248007287627417,0.0473269841688151,0.0398112333094493,0.0453558852614609,0.0448606163867528,0.0359678374660366,0.0369678201170277,0.0450424868847602,0.0277832961037647,0.0348327398880099,0.0430971329801944,0.0381553400025467
493.452639744435,0.027506122535849,0.0363910041940329,0.0374465671858509,0.0281659329883797,0.0304842659316821,0.0301843156581854,0.0379927284290053,0.0356071339037417,0.0287698125244852,0.0337402045372454,0.0432233118243139,0.0409035213361752,0.0233817803617814,0.0429964816782749,0.039309056351386,0.0370352036440715,0.0302797338312,0.032131107234046,0.0449209045385057,0.0321560161986057,0.0309047675245328,0.0287520105154634,0.036900197026643,0.0404760404711723,0.0348568759892155,0.0287388458435651,0.0421272747084738,0.0433821938956645,0.0380260885059382,0.0358752913529109,0.0411430402591238,0.0433679089330666,0.0605519961892406,0.0760251803561236,0.0372316192779564,0.0374356177560978,0.0382354909140349,0.0344203638958077,0.0366149632237853,0.0295016732585564,0.0270180840023538,0.0275096248786432,0.0625216337577667,0.114450793853419,0.0433327386602206,0.0379443395323778,0.0261487298022548,0.0313611221049528,0.0200511223887312,0.0296941383703373,0.0361882210622381,0.023957477216541,0.0268704569886489,0.0453885632305421,0.0332036636341009,0.0321527857869911,0.0186530578673224,0.0417265004533124,0.0289066363019267,0.0454548013759248,0.0428906749184046,0.0303052145678947,0.0326889676304955,0.0361726397202508,0.0331118539128398,0.0408231753031215,0.0254443266629344,0.0387418307194571,0.031558446676117,0.0351480289104502,0.0278501679400177,0.0362769084421546,0.0383108288753005,0.0331479889310726,0.0237459156160327,0.0369502166768092,0.0262421708038766,0.024149862458915,0.0322766928758585,0.0232045142372287,0.0366767648630916,0.0304849167474723,0.0255359980927792,0.0326091253529509,0.0293189614976157,0.0411069983855125,0.0331930507232357,0.0254623871390089,0.0377572585449875,0.0257002309170931,0.0346536156212777,0.0308178000311962,0.0293014896538317,0.0262559648905327,0.0335565503959345,0.0317869394843647,0.0386566432772413,0.0262487632865465,0.040004810200723,0.0420770024013237,0.0290873470831715,0.0295974590551147,0.0292596204831878,0.0240209713960294,0.0345938267506561,0.0281068909471398,0.0388874827153498,0.0345766896740421,0.0329331319757809,0.0294365341909195,0.0290781966897736,0.028208494592217,0.0300364847331876,0.0187742732258421,0.0261022062445779
496.92455426359,0.0243786109077611,0.0215148223059672,0.0384617609268735,0.0454276572984814,0.0453597858178354,0.0301992704535576,0.0242697759370209,0.0377564279476658,0.0345700253921931,0.0347264156155595,0.0292381805689908,0.0385856847678681,0.0284368151504525,0.0316763636588045,0.0257279015219538,0.0288139287847318,0.0352563515727241,0.030425921157388,0.0443261615133615,0.0270409892359317,0.0389512474140051,0.0308109197652065,0.0506418603193125,0.0273489282576736,0.0324642280964372,0.0397213523093123,0.0196398717795866,0.0438530827154797,0.0412952260798974,0.0292578851450333,0.0365577907767344,0.0403228099546159,0.0568932186556124,0.0718716821809,0.0308464302280577,0.0333477826760548,0.0353452942534385,0.040533185821254,0.0370508709988347,0.0368550024250989,0.0280533010259322,0.023361775407795,0.0714683029536745,0.157939333813577,0.0420248055526805,0.0348222299345504,0.0310048785978613,0.033508332193606,0.0324402650693755,0.0448839614257416,0.038989187477268,0.0278497897483628,0.0418979584621683,0.0492131185592486,0.0277753448690862,0.0384227678578568,0.0354939697853397,0.0226593752233902,0.0229811452299452,0.0222845347990989,0.0328769177489764,0.0343250831921039,0.0266460184410303,0.041891917626807,0.0335255246402074,0.0384349536977783,0.0368972472197491,0.0306899977361841,0.0284620098537199,0.0343598311060104,0.0311206469576089,0.0384092768116226,0.0376473637198403,0.0282977701404562,0.0206465505384632,0.0302679985194683,0.0208758395725771,0.0286185833554695,0.0321872711265935,0.0197767063731851,0.0361322300033845,0.0291847877532112,0.0381561872462093,0.0336510510218575,0.0320011074706719,0.038067993865038,0.0375710375827074,0.0353123386396003,0.0347467174226525,0.0318173030820791,0.0377123222110916,0.0255437150589847,0.0321610446353759,0.0372083809314226,0.0344459538982078,0.0344419648689352,0.0276012326141576,0.0391129661634501,0.038055186053762,0.0194277535991972,0.0452093424148069,0.0255904775826414,0.0314033229835617,0.0312703889704669,0.0383269838967447,0.0365664745225516,0.0335515636347862,0.0355711404161156,0.0362446491018237,0.0230232893803759,0.033496113380341,0.0233597144807566,0.0287159115822485,0.0220176217632486,0.0371616770821733
500.393862304703,0.0294281805927485,0.0295741534063429,0.0311881520369856,0.0417178323066664,0.0379259156286264,0.0307325056133774,0.037348592943351,0.0361410575576485,0.0317662300655861,0.0346014591331878,0.0355922225982999,0.0296948278634107,0.0340382483059076,0.0359364119148841,0.0350750412729515,0.0397258679432054,0.0323373667668754,0.0368331289604804,0.0399204345506438,0.0390004979901031,0.0366034723872553,0.0361807740611926,0.0278001674408288,0.0356892449025719,0.0317411069189987,0.0445972574549154,0.0367480641551063,0.0354421478144296,0.0287740563010457,0.0253816662728188,0.0490698546421173,0.033738655492762,0.0475072417879114,0.0609019271416889,0.0312378329551099,0.0365081262035215,0.0352337894068506,0.033087672185436,0.0294332520098079,0.0407091408989936,0.0273460480548657,0.0334186762227166,0.0741050924540703,0.131591272525777,0.0518182521794337,0.0340241492476663,0.0476744710915243,0.0344933010540137,0.0329917777347185,0.0311321873273335,0.0319664458180358,0.0357505773527798,0.0363890200016276,0.0403909312194296,0.0369980747002239,0.0214845541459941,0.0330888652106391,0.0386508323191134,0.021677141621496,0.0291194928350725,0.0292311108627084,0.0252627411996322,0.0461668640619269,0.0400887370047258,0.032187086145498,0.0292802615626855,0.0268456695702409,0.0294043404276836,0.0235710717836941,0.0282511417692005,0.0308786445891719,0.0365141015726648,0.023109169980208,0.028713264487587,0.0233459529963811,0.0235580214192025,0.0327451493202924,0.0370382400698621,0.0320711535492272,0.0277843806877639,0.0332976708249637,0.0349159235261077,0.0206813343528434,0.0364083579441645,0.0169129034444603,0.0270434503995633,0.0390559113887184,0.0251326631713983,0.0340187543540464,0.0322396133451751,0.0447728932064985,0.0324686639948907,0.022817595083575,0.0346610171146689,0.0330202687482741,0.0348164202538221,0.0239581122637385,0.0271161113791895,0.0337385216251435,0.0336501432742197,0.0369470607230611,0.0244227194081035,0.0311572215719993,0.0252580898245763,0.0306591161875516,0.0294230601118446,0.0310885756590248,0.0314518768324671,0.0348938720425979,0.0303162827690219,0.0248492138668897,0.0313105235165249,0.0209451043011925,0.0292579088760132,0.0340848432047549
503.860566625786,0.039065810237927,0.0386996649929508,0.0431667002689897,0.0524457220279815,0.0443937914773513,0.0536322559076463,0.0504002252746039,0.0537200292009337,0.0455538517806597,0.0371610538215994,0.0413836537717608,0.0365996642297486,0.0447783592552958,0.0563341461947429,0.0427154722198678,0.0511572879647976,0.0473730406207351,0.0432133921616182,0.0625143920722631,0.0525882832371506,0.0505991397841569,0.0465307624970552,0.0542523518127715,0.0456999551649405,0.0490868552839704,0.0417086431506024,0.0434916139979879,0.0413919868745,0.0488762787637606,0.0535958215070913,0.046711410183909,0.0458458658568877,0.0432249736079187,0.0549986587210078,0.0684547121702602,0.0446786125398441,0.053612207584003,0.0487304961518928,0.0470127785189719,0.0491651545955325,0.044906306462557,0.0411720490187142,0.0687185614306781,0.100955400438314,0.0445981427726363,0.0572992235821968,0.0389487982006194,0.0468086392810391,0.0423713961505372,0.048037699187655,0.04278034607578,0.0470834978687351,0.0572229642941553,0.0504725858804835,0.0379735093151715,0.0334952025569461,0.0453548144381905,0.0490468968505568,0.043587956939447,0.0497883244003629,0.0447436549765957,0.041094368661213,0.0436376588776276,0.0486349597882971,0.0469196458024038,0.0330168825781491,0.0393480834000598,0.0456401923067933,0.0310234880455501,0.047407365163978,0.0335155461935937,0.0431662321281248,0.0437397053378899,0.0532141964389088,0.0429141041768056,0.0327948749806835,0.0468895896918691,0.0374731091609132,0.0386104552889011,0.055251381296764,0.0445831629794934,0.0512075096674873,0.049439313759137,0.0315887305175389,0.0487332419421411,0.0415745942077325,0.0491144317329469,0.0496344855445719,0.0373057842450659,0.0405711993165104,0.0362640955886717,0.0388105305615467,0.0314214227764137,0.043215598750998,0.0487342934637478,0.0469966920230143,0.0477548201906834,0.05008611619527,0.0352444130481479,0.0409278578467209,0.0524365907392169,0.0507417286213253,0.0391534285438028,0.0497171680255006,0.0451450953901693,0.0389825411407615,0.0442608359023155,0.0369155351644979,0.0491600750406515,0.0421607126008932,0.0496235369953901,0.0543931253461817,0.0423412789856248,0.0496931076885174,0.052992151175152
507.324669980914,0.0312438867809251,0.034129604695522,0.0369420464589582,0.0501818800160364,0.0466580669195138,0.0355392406181361,0.042618586405193,0.0296258277569701,0.0319753174857964,0.0283075072665409,0.0289263715815324,0.0407507933139405,0.0256423318950528,0.0332307360950338,0.0318526485642541,0.0247856323696826,0.0264154762891029,0.0327452509936714,0.0369737730220585,0.034705045498679,0.0334656012517788,0.0340437205694819,0.0377387310134281,0.0324933195558404,0.034173058551182,0.0404513685822704,0.031831072473138,0.0401204799983074,0.0368630009057239,0.0341597262018298,0.035762038106468,0.0362791281592469,0.0320757234010001,0.0394502361671376,0.0325075060036985,0.0360371460296786,0.0343696871789722,0.0243170356126069,0.0313145524814853,0.0205613550139688,0.02813695861678,0.0244210543644488,0.042742540728702,0.053774788317033,0.0402794849496225,0.0294079087375127,0.0409093133041742,0.0301379084157844,0.0322379163350155,0.0289208810960548,0.0362795362442425,0.0289886523493142,0.03994107877745,0.0375821950413527,0.0342246472821001,0.0280931699700297,0.0281999598191865,0.0315714822101267,0.028285894698806,0.023070491795458,0.0346488223697633,0.0361302174954408,0.0184633870224787,0.0260222563753156,0.0294288957828716,0.0367270891764517,0.0325492031499027,0.0454339547980871,0.047874054658531,0.0371280976464227,0.0372884333112831,0.0183553990556601,0.0354943286838737,0.0271105356059806,0.0286629984008487,0.0301713630872893,0.0345388085129999,0.0253763430115613,0.0273047748732603,0.0242333593150287,0.0309445422129495,0.0357112520900796,0.0382724593540813,0.0360349076772664,0.036454120890202,0.0373191285362702,0.0213069624759697,0.0376348663943465,0.0376788916048318,0.0341390537585965,0.0271524295231056,0.0423464638270644,0.0330408384590918,0.0312416825116105,0.0295183681409257,0.0321049077331318,0.0286095213233262,0.0425512302678597,0.024439239941459,0.0245416049902942,0.0302032619211538,0.0437889576675612,0.0305841864998557,0.0189081762813646,0.0362871342378024,0.0335162121616779,0.0336218058228314,0.0417877691748545,0.0373263537270777,0.0350971741570471,0.0341220782758098,0.0418854894835455,0.0304287501425867,0.0344599342153519,0.0363170166218341
510.786175120224,0.0562109462416041,0.0481216159563064,0.0505206592795743,0.0588649996820122,0.0725734568164714,0.056745310589322,0.0599965693306383,0.067440419600322,0.0596477043972152,0.0606367509319565,0.0528871067126828,0.0552421562246446,0.0575665566427184,0.0546913558208374,0.056236149775447,0.0536804915799701,0.0689315473962781,0.062405280116272,0.0557302779929512,0.0521014836119984,0.0599590133025764,0.0521290417966359,0.0507907765704117,0.0656424415809243,0.0565550701046547,0.0529847371155003,0.0551725345150313,0.0559770083494154,0.054658680972739,0.0684107646335098,0.0607487243769999,0.0547641854795919,0.0437017112869682,0.048207082949968,0.0640017670773666,0.056466523339946,0.0560617906564807,0.0630214936795285,0.0517061896802145,0.048058398097319,0.0513603829185802,0.0577383862608582,0.0544391970016697,0.0667894954182605,0.0511627832765273,0.0579196084759229,0.0670866514228936,0.0497827680925149,0.0563219967773467,0.0528534687384591,0.0579882447978531,0.04776278082893,0.0402125307593866,0.0510533162690741,0.045714433517359,0.0545379083237865,0.0579375284761689,0.0536103343588134,0.0478196876155323,0.0535033586018472,0.0524332666021749,0.0602139736058418,0.0539687151025681,0.0564207617860104,0.0619305567152398,0.0488357304569981,0.0438987666566341,0.0616173963481334,0.0546835767638618,0.0468204398109056,0.0642762778378093,0.0489615110917683,0.0514553583513575,0.050969527748494,0.0516727359696898,0.0529613238134769,0.0641667438865074,0.0519018456300935,0.061076123690004,0.0556590617635234,0.0670754176029409,0.0419510277681873,0.0496308759146467,0.0474239219098987,0.0584915172397016,0.057482660996506,0.0674331252380835,0.0514927028393181,0.0530383086551759,0.0480867097566327,0.0537026755865921,0.0525243739548071,0.0601453601709204,0.0655151218981939,0.0520468571719308,0.052120666054703,0.0529262574049692,0.0558731781699097,0.0533846256858087,0.0530988832313768,0.0607195945036933,0.051712952952899,0.0509308131603544,0.059426635302477,0.0478771407199357,0.0516757382935659,0.0537008872298151,0.0607652148519943,0.0579126159123075,0.0526118074633663,0.0622463510407874,0.0456759705357291,0.0558579167055067,0.0485181590474121,0.0472701146294123
514.245084789933,0.0344926448910396,0.0456846709963556,0.0299226918400297,0.0495694823534314,0.0492540107299556,0.0489753674882638,0.0428532707076238,0.0411572160424006,0.034758947996833,0.0501041195618285,0.0473445336811187,0.0380646333665083,0.0383763595671277,0.0387822321769493,0.044760111029271,0.046414984359338,0.0479186964323196,0.0497134786866225,0.0550008834503781,0.0429921118853126,0.0400449110404455,0.0418141696355749,0.0278403315890704,0.0359801475168741,0.038760979994736,0.0417260553466884,0.0428824933282189,0.0430302213114723,0.0228877728372578,0.0494743039246841,0.0548813851743833,0.0521606212089378,0.0279395777932987,0.0354364709453634,0.0421757455824763,0.0405001720918773,0.0311554907634551,0.0362993046777852,0.0302211083895985,0.0419677527316931,0.0311071517306372,0.0460584269151599,0.0415482865286625,0.0478051739680192,0.0467901777476583,0.0481970448062241,0.0362980036733091,0.0398740141883123,0.0414086101992848,0.0378135987358324,0.0433661584564745,0.0348034748312515,0.0263940285565824,0.0461418410869863,0.050718806100556,0.0427075061326136,0.0367738641205168,0.0488918102891787,0.0313029738059788,0.0509887048073734,0.0382155087256361,0.0468877547321901,0.0358801916151529,0.0372124343077497,0.038061981036667,0.0435072027891971,0.0381502401028562,0.0455092951091161,0.0414379962042526,0.0423702172470681,0.0406894684518619,0.0435323347229931,0.0495033969487269,0.0377507977081262,0.0536812178569726,0.0384504588479638,0.0414063032116093,0.0465712658285168,0.0441497754555076,0.0400624645729661,0.0477260673593393,0.0358129610881168,0.0413031649481231,0.0361361925590245,0.0364297452232517,0.0406681034507601,0.0384270944807847,0.0388503349926303,0.0389226867810408,0.0461372681552337,0.0399319578586816,0.0398896344204163,0.0408386852318088,0.0447010088075443,0.0425066658724391,0.0292880760113565,0.03830675593643,0.0426414219417047,0.0442809917562245,0.038390386462731,0.0395945362739479,0.0418417363244817,0.0234070754029657,0.0435264482042042,0.0440856374218919,0.0438488755199926,0.0453281959090393,0.045801803395837,0.0442876050649049,0.0535074997830393,0.0387571093333471,0.041861161545673,0.0485625661114288,0.0476034105405618,0.0361861793875339
517.701401732335,0.046076362190775,0.0536090434478366,0.055567464805571,0.0611956134900625,0.0639775104507144,0.0559257260281776,0.0568927573161333,0.0602313695030132,0.0586263842757937,0.0644878348361653,0.0487431894116261,0.0628709751202821,0.0467120689769978,0.0512735948194042,0.0444554340868091,0.0549986564855091,0.0482328752456296,0.0521890493269294,0.0553260875080365,0.0437864696607519,0.0539360949878647,0.0553958055625966,0.0501226220077038,0.0532395396436982,0.0537390789754649,0.0575228464398265,0.0564066485642534,0.051638905152449,0.0530141735283049,0.0493386896664848,0.0586910062444302,0.0547939047742185,0.0457837330211162,0.0373521748681312,0.0611444979953268,0.0536049494915911,0.0505507721998709,0.0574729375868704,0.0453994809549908,0.0474232317373394,0.0439864812231656,0.0474454446390023,0.0589047967532656,0.0511794009938596,0.0546911793844843,0.0484407993653329,0.0545323648575799,0.0588992354327585,0.0494946450968639,0.0563820559013266,0.0569538923718465,0.0592899347716526,0.0477088533978186,0.0503828434606375,0.0468893543003966,0.0540313600340531,0.0517625541652667,0.0619685195476028,0.0531086337787467,0.0588432063868168,0.0524587028969671,0.04480849391244,0.0558549342847363,0.0421902872825299,0.0538373078706595,0.0499472856182493,0.0643186777945155,0.0559802914619287,0.0623320031637813,0.0561273690050816,0.0577485611622156,0.050652094124883,0.051563837564629,0.0515586681635151,0.054497762912717,0.0505366673290206,0.0485412655445149,0.0537180088135186,0.0567094931030877,0.0508032443499483,0.0441949321750912,0.0496467083624253,0.0422014907932188,0.0480534085222237,0.0412438657393606,0.0545262609025454,0.0495284825643317,0.0538305997047855,0.0553840675271157,0.0475630549561573,0.0543402723184949,0.0650192023204057,0.0487568472562237,0.0543192579442331,0.0604062912634268,0.051505413789082,0.0459777656801636,0.0615550547040893,0.074343259569841,0.0444113542351493,0.0491812902119488,0.0674826082963311,0.0543327329121487,0.058098231430299,0.0425432206953436,0.0561868385739434,0.0543316578994493,0.0539878903888149,0.0480183865454589,0.0589552090393933,0.0549255801631748,0.0648390105540244,0.0464954642296057,0.05183607471758,0.0583745666162345
521.155128685819,0.0530195865865866,0.0511188704004769,0.0536457459849125,0.0593318745258612,0.0614992037820781,0.0568408638228702,0.059407635305819,0.056320394305227,0.0529839719998947,0.0571567271786424,0.0538675378140585,0.0641923430895202,0.0555950907346622,0.0509199432667578,0.0654002878708428,0.0542481657323798,0.0558252627460222,0.0513826367249154,0.0550844368888761,0.0511747601124137,0.0579795667429331,0.0528171663115368,0.0532299946034998,0.0529385133324225,0.0488989940435017,0.0473171290097634,0.0532501062913387,0.0557938068433163,0.0544033768203542,0.0475151253738375,0.0544811862838213,0.0568141273744987,0.0476408595995278,0.0432034198061534,0.0523063431768559,0.066125136118564,0.0474756813684757,0.0442288219116461,0.0502321062372504,0.0482231601014583,0.0425466389722511,0.0653151236636565,0.0482468587745682,0.0422727697687752,0.0391363490214166,0.0568875932881692,0.0496272558889176,0.0517781734109284,0.0463344473822243,0.0448296565780663,0.0411261829531672,0.0508902762849119,0.0367683441991441,0.0511562958523226,0.044794767847019,0.0415684058062709,0.0565506123772749,0.0494019548201567,0.0504848233655219,0.0551199743832921,0.0440019957361504,0.0605034763265905,0.0454479705069253,0.0396466052519469,0.0540630200157345,0.0670328335565012,0.05136013838004,0.0466134131704383,0.056102355521113,0.0563304322730857,0.0387588362727641,0.0577462340590535,0.0437893074713347,0.0471086918888954,0.044800563701987,0.0448466699083192,0.0585275088708372,0.0579961004676618,0.0547658012181116,0.0477630579841021,0.0530870066110812,0.0499265663508452,0.0586866440923098,0.0547175474552701,0.0523284057743469,0.0507353825863965,0.053724320034447,0.0499587376055355,0.0602707906657366,0.0750373689969512,0.0618144027900609,0.0456621578564283,0.0520104403393897,0.0533673947450492,0.0508150911493636,0.0432705882450727,0.0513343490239482,0.0561729315272802,0.0534876799295498,0.0475241058220991,0.0517831812152032,0.0655842489899735,0.0521549412278012,0.0530794084457647,0.0483685540827051,0.049461371522553,0.0528667023938078,0.0548001442600945,0.0447701621368842,0.0603723188123646,0.0444244749805453,0.0469800940299015,0.0508245346360408,0.0376468804656696,0.0523180352658895
524.60626838487,0.0512205565403904,0.0464153616978761,0.0621640037957877,0.0574438424936067,0.0585319835920557,0.0560905507840374,0.0503980572578683,0.0518493681707777,0.0526763946534941,0.0546799490078829,0.0557504142635075,0.0442111812251826,0.061581481702223,0.0544426307798367,0.053285503009547,0.0447111333226775,0.0521513686717617,0.0597749414201565,0.0629246499954006,0.0574339271322357,0.0472644935616915,0.0546632149259198,0.0516688651158931,0.0582682014046216,0.0672180741700353,0.052560715819098,0.0489179725712944,0.0494077701757666,0.0518252556440228,0.0550788696739412,0.0508149332176691,0.0476913254275922,0.051182340105931,0.0428052689838571,0.0462771232419901,0.0540004563297364,0.0612080737576732,0.0388515566045426,0.0561848334077798,0.0507326936395038,0.0519429913289976,0.0609581977502859,0.0501295542370483,0.0450666387261329,0.0551845556591354,0.0547276540716458,0.0610467532581921,0.0537170079765023,0.0366517359892898,0.038561739625193,0.0546611040444669,0.0614889367492621,0.0515856272985678,0.0432995469682295,0.0532423137738873,0.0400900658367596,0.0545298764159801,0.0635414077642366,0.0460921326868904,0.0502151261157271,0.0395887892090748,0.050656457872428,0.0469168884041472,0.0543713313326296,0.0536875547523877,0.053763778605013,0.0615071807879438,0.0508064912374077,0.0551481136401519,0.0594485404039407,0.0487948721919993,0.0493823127183765,0.0556059410570754,0.0496898217229853,0.051973032508084,0.0551044308057585,0.0437455010136456,0.0542903174320084,0.0555805977592676,0.0481356933916803,0.0545973533474845,0.0542978696718531,0.0601120334889033,0.0567095363850714,0.0513674055293268,0.0514668396794231,0.0441347847028716,0.0525313739606084,0.0506958944298912,0.0509048069172349,0.0537200693888147,0.0501759589521419,0.0575573365025006,0.0471173370952875,0.0446317807271605,0.0524769585521213,0.0497989614489431,0.0372190470344294,0.0448901261344543,0.0483053200749069,0.0531998674719265,0.046464317706639,0.0458164117848989,0.0434314012103828,0.050187300345106,0.0582859235800303,0.0536956466589353,0.0459777131816975,0.0519251883963114,0.0428821867377702,0.0543067330576898,0.0495009837148007,0.0463688829106813,0.0395278105068281,0.0575233139059699
528.054823560073,0.0442685915646749,0.0416856175786246,0.0420144307475756,0.0575265421911558,0.0587899440369032,0.0536749406777601,0.0539556108947745,0.0510898567918428,0.0410856362802753,0.0548887484757378,0.0404573445149257,0.0454824729463636,0.0382666634986881,0.0479074627916003,0.0461837437626329,0.0460965351948974,0.0518222782779436,0.0491492208029458,0.0572254657136004,0.0465660525476788,0.0452545875994473,0.0470254440259121,0.0402171326739529,0.0460377657838622,0.0521475183799702,0.0367762916941197,0.0411133734126703,0.0418886042263066,0.0419022740661263,0.0487723474370588,0.0516884019295167,0.0525809543615717,0.0375970063962601,0.0440795996365419,0.0470256879526655,0.0552800846276615,0.0317093171234476,0.0379585385112196,0.0380332836150933,0.0474297076555698,0.0407316697598622,0.0377903512911216,0.0508443212480025,0.0446394963072586,0.0430913882484144,0.0396098929664612,0.0498908356621432,0.042570156325191,0.0233988948975593,0.0482000132889835,0.0549159997619046,0.0409312549817907,0.0388357932646833,0.041153851523443,0.0411136752248461,0.0432217586075834,0.0558755693071732,0.0392290454521196,0.0527135234992714,0.0533696713129281,0.0491026088200865,0.0484966132452327,0.0435969453875332,0.0448561355834061,0.0515611959497755,0.0483322501267896,0.0446435783897699,0.047615362939491,0.0453317221910353,0.0454837905405915,0.0378889486452683,0.0421362207797088,0.0425864205157793,0.0410707471558162,0.0503799309510938,0.0398948996361436,0.0375691706296736,0.0443059374501619,0.0474605860320997,0.0582256334548631,0.0492919794663874,0.0380575081086461,0.0378042004385674,0.0435755016089186,0.0400781473527007,0.043076949824121,0.0471332332473964,0.0386053512329102,0.0468692998321458,0.0426181448294515,0.0409943667370975,0.0396582177962536,0.0509024335725694,0.0373264927166275,0.0533004182063705,0.0363025061078843,0.0373662707238121,0.0408159759501033,0.0409462638614024,0.0456020787238327,0.0580711045748882,0.0427950872309948,0.0441772636477876,0.0320315261126952,0.0377625713510467,0.0382402446835585,0.0463768719466173,0.0433477325383994,0.032981193087209,0.0534040568209293,0.0409211108865469,0.0473322454685986,0.0389675244764757,0.0413828250357145,0.0401277661620297
531.500796938122,0.0588262503116268,0.0604394873093302,0.0620492057023829,0.0685570742173989,0.0594877755358504,0.0550562075516682,0.0574871974673641,0.0679241085468987,0.0541285171958951,0.0496499032277716,0.0540799093404928,0.0489112427648449,0.0482185193498876,0.0480357926927331,0.0575325178550985,0.0545722538925771,0.0475326796824865,0.055862009258374,0.0596084507134039,0.0450508419017165,0.0628632811797177,0.0516015089430675,0.0525294808103831,0.0524479165217176,0.0534505503453864,0.0430737344246926,0.0556780475363216,0.0603526467964682,0.0449007204653066,0.051299680327084,0.0451137568728813,0.0504229271861178,0.031396721803554,0.0447632061073045,0.0556861009128968,0.0481419246808824,0.0639071484317152,0.0562085284002233,0.057692369912677,0.064353005602606,0.0500759051628532,0.049321803741409,0.0492489154345694,0.042590227710275,0.0503012125522196,0.0444518280360544,0.0533684981445481,0.060357869387218,0.04731679232049,0.0548618636349437,0.0511110873944977,0.0509020340426621,0.0477421235665893,0.0424247793176686,0.0571417031079576,0.0434298601923682,0.0538044511445304,0.0583301649215585,0.0424593697369969,0.0536102411100482,0.0562651037848757,0.0510572219681523,0.0408448760333744,0.0549156826524699,0.0465342275621564,0.0468068678968126,0.0459292804440084,0.0596826730044659,0.0608194541545225,0.0556087918135445,0.0618192960939061,0.0514406947636779,0.0537742035127445,0.0483047558398508,0.0540043529501406,0.0571995173220974,0.053233094811212,0.0547567393795367,0.0482244945697791,0.0482307187458394,0.0518833810872962,0.0512003235220893,0.0501655675254517,0.0478392153263663,0.0608167736003898,0.0568329693826545,0.0495332066596506,0.0475962540013862,0.0603395963657194,0.0575463033676789,0.0610533326315462,0.0474541282127334,0.0477007544917935,0.0450820747589587,0.0493557571329304,0.0561633779421148,0.043219194480023,0.0630129764639237,0.0498456889730648,0.0399910606291658,0.0588576751242929,0.0459787803544829,0.0436936610492469,0.0447744343992177,0.0480615823185005,0.058551080261277,0.0494736794554635,0.04860609776408,0.0621019787446401,0.0564626577348555,0.0507536470770884,0.0632115562453537,0.0531438362824443,0.0604579904449244,0.0554407478178229
534.944191241836,0.0533618494779242,0.0501903522554411,0.0572721568053601,0.0581187993620198,0.0569116788588983,0.0394788276700674,0.0533275118031659,0.0510952965740245,0.0542803017233312,0.0498080518181183,0.0478470848018707,0.038130389590589,0.0397757731073826,0.0475819091643722,0.0514990232506415,0.0580941628908053,0.0465881917611149,0.0603786846967716,0.0630467981789253,0.0506818130379137,0.049889604112151,0.0561519413680225,0.0427662719345026,0.0475202100285236,0.0552936124619272,0.0449241287931855,0.0374834394019621,0.0516744583672262,0.0506876799928361,0.057123465423848,0.0550671412574779,0.0558425754012114,0.0428423472281055,0.0425928827788409,0.0467454343376718,0.0337052091070307,0.0489463568264413,0.0310206963128451,0.0532474854490808,0.0476895270283757,0.0531055048153228,0.0500122163267496,0.045343484988981,0.0325239788315265,0.0387416653318564,0.0522071174707441,0.047237752632558,0.0343968722894556,0.0434566298909978,0.0455655411170213,0.0472802969242592,0.0458585490347492,0.0566231505626008,0.0304767946291028,0.0561166980051265,0.0499868610052799,0.0432291285135861,0.0400935732427442,0.0525161858972529,0.0370756989119727,0.0482861732113652,0.0458775571870201,0.0553257409873347,0.0390060953881526,0.055279888828622,0.0475028391133393,0.0449874448525946,0.04511994866369,0.0509513474344807,0.0545330136874416,0.0485393691826998,0.037857042508032,0.0510887532302373,0.0478675323956046,0.0418720407159495,0.0478538603745687,0.042978393015951,0.0549506234069814,0.0428380428340866,0.0519652550860679,0.0487910758166668,0.0437317722397776,0.0463111302732381,0.0474312239302187,0.0426085191060314,0.0574884861425284,0.0536281737031489,0.042441965154297,0.0570390321988162,0.0571450680515487,0.0476997842220034,0.0541125647961392,0.033457194417279,0.0504686763432249,0.050536009259201,0.0489533728517878,0.0507637534503261,0.0428536011145065,0.0382458113660632,0.0504979805216936,0.0572995791953204,0.0445516394367756,0.0461377488078107,0.0442570980281076,0.0498046523625368,0.0424924372573668,0.0525444504574446,0.0583614578227374,0.043686112754904,0.0560634237913706,0.0469559114746192,0.0534130483661018,0.0380998583189736,0.0381173380427047,0.0475888182912191
538.385009190145,0.0371048350929141,0.0442893335202681,0.0420046532823381,0.0601248068948259,0.0515260410950367,0.056647341195215,0.040381638359594,0.0449194978186653,0.0372525799761247,0.0298787862242377,0.0399812123069258,0.0338719025011791,0.0404913385048418,0.0404148485791919,0.0504790063746242,0.0468080046771738,0.0383117506909498,0.0529320120585865,0.047540850201101,0.0491160207590837,0.0505325122173232,0.0445428490593258,0.0236931735028872,0.0425674695641364,0.0446705953674599,0.0511706446777204,0.0428069299609409,0.0518246431970392,0.0519449788480228,0.0385560837324223,0.0472973036731931,0.0360796765123828,0.0394417633101086,0.0268178560413178,0.0406142990822015,0.0393877610844808,0.044621430989471,0.0441451265173076,0.0287117781362083,0.0373653569738851,0.0446752346561764,0.0455542975307379,0.0368433935923122,0.0330929451568636,0.0371137196280254,0.048768469928195,0.0444654627445488,0.0430491268618034,0.047245270108051,0.0362435321033045,0.0451525417475537,0.0494371255865061,0.0408674582731943,0.0414496312383631,0.0415616583975819,0.0385530228035502,0.046195747986477,0.0396530884564605,0.0410494585131062,0.0470827195408444,0.0408630934062029,0.0430451559778216,0.0418063948570737,0.0380595052712915,0.0318036090674133,0.0476120776196743,0.0539342602999701,0.0367589586344687,0.0387013252977541,0.0422566057516856,0.0398828780774485,0.044253714686498,0.0408770002636138,0.0432878979620297,0.0483578760137311,0.0420320183570228,0.0413298126824999,0.03920399187949,0.036869684811622,0.0470776592599597,0.0462396664727929,0.0432961279488532,0.0360711215866946,0.0382862230049128,0.0472703897423383,0.0370847480295584,0.0296050890132142,0.0343201488475894,0.0404322892332315,0.0425482424515585,0.0395010106222118,0.0346248943589457,0.0406412776023299,0.0370854005589151,0.0316647136347678,0.032703025698785,0.0422615453437677,0.0429878326221691,0.0412444038770548,0.0436841073213876,0.0354184773031381,0.0430993748827447,0.043831039965459,0.0425637669939199,0.041285755241493,0.0419844119713637,0.0445674678916605,0.0420904808826268,0.0449445556520651,0.0396184485541026,0.0334963565403089,0.0395083723954209,0.0335400131324149,0.043344683313579,0.0380185539961641
541.82325349812,0.0613292182324863,0.0618723818167631,0.0603121427708629,0.0621072469520072,0.0637577351134856,0.0492106870541922,0.0706653371718634,0.0648807471865339,0.0705902862829216,0.0679425908564457,0.0637111452636137,0.0754173151590585,0.0457732408526697,0.0438133365389719,0.065670415808405,0.0546569042152115,0.0564210383008412,0.0780180130142389,0.069306443905953,0.06683317021508,0.0647921517948344,0.0668455476715582,0.0573971367712515,0.0619120954168384,0.0606004201243517,0.0612607420989394,0.0446585771043235,0.0679974434395632,0.0537393038452478,0.0631558451824153,0.0691855153831321,0.0689402988352894,0.0639481056573309,0.0636413075920452,0.0565693903343044,0.0635110908773296,0.0582269507013551,0.0606268278194219,0.0563192846228455,0.0559474763655099,0.0568009743845426,0.0564414140013402,0.0488814210125806,0.0629493245117971,0.0559606867414712,0.0658777834626491,0.0597098030075852,0.0579228188708603,0.0628159868833163,0.0558102243150494,0.0527955308226455,0.0547200086069306,0.046768379823864,0.0598550438791292,0.0528151802918509,0.0462178527525169,0.054225223555963,0.070374595166917,0.0620957742596871,0.0466680204357616,0.0636461409578859,0.0556144326281368,0.0609948526045994,0.068794761020217,0.0634955122545733,0.0667923678561694,0.0694654944474165,0.0544120348008483,0.0588247302293967,0.0511295059291356,0.064320032608871,0.0620571975652184,0.0675665614589511,0.0645596984922377,0.0559833366143125,0.0610333932433449,0.0574940614993056,0.0683331248910102,0.0436835029122911,0.0564929335563416,0.0589416507611468,0.0628333425995957,0.0610789945490342,0.0680282376296015,0.0496178864487199,0.058156117539124,0.0617436974696857,0.050292297234538,0.0647971868666049,0.0613695937233521,0.0623604735412936,0.0717981285584352,0.0559175176949121,0.0617503167085991,0.0619776841212554,0.0592498367126196,0.059484135176118,0.0577716897281424,0.0617664196145849,0.0633660477307976,0.0488898278377205,0.0662695308664197,0.062172259364345,0.0627119298469958,0.0606095547725446,0.056450265286208,0.0620890831096569,0.0664927663673781,0.057186404752029,0.0649184764229252,0.0591286261081079,0.0593935560771645,0.0569810400123782,0.054295348433078,0.0673654343649119
545.258926876969,0.0409205336167644,0.0411583489942813,0.0455460042836043,0.0565854626233614,0.0606456113426576,0.0483025355503987,0.0554784659927194,0.0533150874247834,0.0535124521062813,0.0544702477294609,0.0568671870997236,0.0438314541643097,0.0464373788242115,0.0427284325837936,0.0522822110419003,0.0591948569209501,0.0480920791305696,0.0547845890424131,0.0537498445021918,0.0514259518782441,0.0511981816611778,0.0446153607147905,0.0487172376756193,0.0427688842895567,0.0527546726604218,0.0475601272315041,0.049929624992709,0.0564750747842772,0.048752481218227,0.0489671016228227,0.0550834038995803,0.0432733031419135,0.0445364968958887,0.0325399059998846,0.0311116460594942,0.049001795763121,0.0459964764151528,0.0460746021702024,0.0449178755778624,0.0426791876629595,0.0334553504740363,0.0445335559934413,0.0488995328805058,0.0357608618926183,0.0554530105629501,0.0429907671450922,0.0523794424148285,0.0506261337306312,0.0476568950546096,0.0387661750757628,0.0494642658688842,0.0472950458552497,0.0497144992909615,0.0375070596392093,0.0423190003266007,0.0434259220299804,0.0435758529425128,0.0515068997479656,0.0424446234229161,0.047960379125087,0.0387312114960956,0.0438293927233501,0.0390895661266856,0.0453125155326511,0.0485924269879153,0.0370845995677029,0.0469722140946076,0.0460015813639358,0.0382769016466138,0.0546838546071612,0.0498042876674237,0.0421119837599651,0.0474954726757405,0.0428740203885854,0.0490177673461509,0.043326978980068,0.0477401287133089,0.0462827939875775,0.0460178946619891,0.0395196103189863,0.0523797402212798,0.0511725278512228,0.0525242932829328,0.0419904403924263,0.037631212383742,0.0507781191810821,0.0491379571768397,0.0480016850531194,0.0365915053927157,0.0478571238452454,0.0535347577462032,0.0567052862696818,0.0601523288754973,0.0483158501323415,0.0419130283686321,0.0468937737114758,0.0497882355456594,0.0381013976768889,0.0348814083489162,0.0559264377439646,0.0617568045842518,0.0487179975036,0.0574523849758215,0.0529127142596732,0.0446478157562919,0.0535844034133136,0.05928167522352,0.0473462705250935,0.0433299842603767,0.0364088997669409,0.0456205057317449,0.0501032862993446,0.0389406188578911,0.0382022427466818,0.0487151369930778
548.692032034043,0.0317674431769097,0.0461156332932614,0.04122086914375,0.0540327196795051,0.0421897922206823,0.0386293829841459,0.041908981938734,0.0395886455434046,0.0423065536472306,0.0415154642661306,0.0483906178076557,0.0455015606469095,0.0442059523006028,0.0371602823978871,0.0455876064155767,0.0396182605565998,0.0447947217987882,0.0494330607931934,0.0435734990154738,0.0387522489474127,0.0528582286891997,0.0473957240468431,0.0382711644580798,0.0467920666187834,0.0358362287980733,0.0321765039065503,0.0413925074263227,0.0382865716090765,0.0459918353772419,0.0425054568394673,0.0420968146661809,0.0462448695659359,0.037641035700606,0.0410230033282114,0.032276083764467,0.0428617614408096,0.0348634416880535,0.0292420259661713,0.0300513625425232,0.0351720271144028,0.034096294356704,0.0548021015736709,0.030043524151013,0.0426563300344926,0.0332479203265481,0.0406520149612077,0.034877475525267,0.0279732901856781,0.0377853014263282,0.0334986249768404,0.0386164228693803,0.0352332766773842,0.0374001837151034,0.0438167823985117,0.0341460501219231,0.0353930728378795,0.0425118855894986,0.0482081260251613,0.0361325925450554,0.0365211057253837,0.0411158342598657,0.0415125885119526,0.0350130252090145,0.0373702351139083,0.0480375134256325,0.0388044060181754,0.0387738502130096,0.0364344927462381,0.0406776642764738,0.0370389960489805,0.0375883318340348,0.031859142796108,0.0447086738629065,0.0288086187443732,0.0321223028638771,0.0397944669692529,0.0299058735105824,0.0367111566098981,0.0366342090994175,0.0402881829563688,0.0390029912250372,0.0388988199651597,0.0364279803801781,0.0321895757627238,0.0364951587262784,0.0450810230976886,0.0336411522346016,0.046862035523612,0.0453158071531398,0.0348870511100384,0.0343222817667625,0.0304720467270892,0.0388506068396718,0.0430565414059404,0.03498460943522,0.0356399021120246,0.0394957099805464,0.0342098537275262,0.040729090950367,0.0340491361028971,0.0421222426375137,0.0397397115799925,0.0249462553454851,0.0430888140468957,0.0445858594480449,0.0431940775012594,0.0425264792683935,0.0372193527623656,0.0248133764694635,0.0525055378832806,0.0235848019998639,0.0308771596412832,0.029633125934573,0.0387551672586261,0.0368126433449096
552.122571672838,0.0425866476056974,0.0362858396923937,0.040727088830177,0.0539504454798553,0.0580645613747496,0.0485938907430872,0.0573336788847811,0.0503979262017489,0.050374477371441,0.0420917761676512,0.0490005207884604,0.0389640903187175,0.0505594306342067,0.0477318518202175,0.059024109021645,0.0490315922709565,0.0459671602547864,0.0570798900132238,0.0517504175921173,0.0431553004175934,0.0397609036505437,0.047369473586328,0.0394048308338881,0.0490939030983721,0.0358577496243715,0.0466132809073855,0.0425919328040332,0.0460821836323348,0.0477093117244548,0.0415560408178515,0.0416430436567206,0.037489687172388,0.0347112690433222,0.038731170981742,0.0515584936697561,0.0568415644321126,0.0495168386971427,0.0495947360911206,0.0466902689725525,0.0368979657452422,0.035283870555618,0.0343063836077202,0.0488619619034494,0.0308771850068801,0.0309324710819289,0.0424029948423981,0.0517419077452631,0.0450448401490299,0.0373344804495442,0.0441383308507735,0.0444548264564695,0.0404415501199339,0.0438129830173104,0.0455129924650431,0.0406264421763652,0.0371870071597574,0.0482070561368982,0.0437712457337152,0.0379304973371817,0.0423831399374029,0.0452196579345134,0.0492575515884812,0.036266712460497,0.0403560208821734,0.0388335621886474,0.0444312438987886,0.0531314849476313,0.0500515999399021,0.0424643265593168,0.0481902058973151,0.0468460268006487,0.0444451013908611,0.04824369278718,0.0458881087648147,0.050159026597115,0.0516193022981427,0.0471471889580573,0.0481439877099079,0.0489424315069961,0.0456170088614626,0.0357873424978353,0.0389521724601189,0.0445934231844389,0.0432720212103379,0.0490717631050026,0.0495923686622988,0.0416266328445022,0.0421671823101324,0.0505507002609908,0.0445658441634741,0.0409878369180187,0.0514524203906555,0.0389771283060434,0.0366005139599099,0.0509198941883379,0.051407043093257,0.0537839957350262,0.0466616177551214,0.0354375918364018,0.0421272814339718,0.0404420380286465,0.0416276062390472,0.0337617616188964,0.0470507784283456,0.0393810389060602,0.0448936380114443,0.0414086656396494,0.0321554125091292,0.0450919934337471,0.0411133317408069,0.0519793794170792,0.0436922959655196,0.0506625012568056,0.0398580835686509,0.0429456842623499
555.550548493021,0.0446649359982819,0.0335386021112105,0.0391074636688089,0.0433720472719109,0.0599886656200681,0.0454240886132439,0.0552124244735191,0.0467664065610327,0.0385832826480397,0.0421014911332842,0.0490499972789303,0.0454966065473581,0.0356491422798238,0.04378774210764,0.0399622221557774,0.0480173641696629,0.0341888270580473,0.0576478204486806,0.0469296912501197,0.0359490699670733,0.0402808944698729,0.0423113744565607,0.0254268700681843,0.0242210218631038,0.0375511687010173,0.0422339927942376,0.0351518207615041,0.0427848309135558,0.0432090479576155,0.0455652491752801,0.0502971074876465,0.0374831531534889,0.0346072644170478,0.0318887721944616,0.0384998320543315,0.0433800617177437,0.0332846967107946,0.0417329391581993,0.0346398467122039,0.0310766939378928,0.0387333582157916,0.0297255477554536,0.0373826519907778,0.0260035291220982,0.0350350022426366,0.0329607961398601,0.0488509209922845,0.0274539930159555,0.0392192500228849,0.0311496543324838,0.0427769538860609,0.0289069835606099,0.0349656471531661,0.0454640581930495,0.0470818060299767,0.0308427201886753,0.0414419195528004,0.0370825933517582,0.035055672942216,0.0424444876906174,0.035345707349661,0.0486698006621119,0.0333279862846962,0.0294802369276529,0.0365039435498131,0.0539652611811581,0.0410303525621556,0.0330771209372264,0.0459933232214888,0.0393188635089522,0.038649066265372,0.0341438164645613,0.042522216450786,0.0429469294398701,0.0471963335449673,0.0421196029226053,0.0338674897216634,0.0470473151036856,0.0383962585054193,0.053213750680206,0.0399036446237466,0.0360402396824949,0.0411698658060051,0.0421335251183839,0.0433079899592598,0.0353191691777887,0.0392680420818331,0.0474479483232764,0.0390156274644285,0.0394829477988484,0.0533845515558175,0.0429529287525652,0.0338607733610541,0.0383199455275992,0.0347882542181953,0.0463021383036819,0.0543150885603932,0.0432853042337931,0.0435753958735411,0.0398037547156886,0.0369979985614569,0.0354663825190961,0.039599222364392,0.0377533819523132,0.042114153363195,0.0413765872713031,0.0460667139018023,0.0332850952771236,0.0386933898906763,0.0354191080198867,0.0412340003448047,0.0267494138642418,0.0372175207630623,0.0351876397402506,0.02986536071783
558.97596519041,0.0421043650474683,0.0499022854929353,0.0616996881930544,0.0597017240607088,0.0530689446571038,0.0580688397892272,0.0574466804978326,0.0537888072823136,0.0578597363635468,0.0610648403954173,0.0576502901696896,0.0596435057452987,0.0419524113128948,0.0498525343073975,0.0550289900850029,0.0606642887560187,0.0516067806114469,0.0701291447319629,0.0615436049760057,0.0596113244419276,0.0669686263445999,0.0550317728337757,0.0491402235341403,0.0479684942058892,0.0612742539667456,0.0582796935396953,0.0437653929857537,0.0571710235320782,0.0521943827488225,0.048441923172307,0.0486500299726974,0.0573405566482806,0.0435996063027738,0.0521828749003148,0.0531977139158693,0.05171731438837,0.0557448152692706,0.0411757235820302,0.0529485809019813,0.0437470111165826,0.0575942252328079,0.066107007895558,0.0521541622091566,0.048286302682608,0.0426270120354071,0.0581747572046447,0.0617221955879521,0.0512913514856998,0.0493442195001753,0.0511810446233402,0.0572093757406213,0.0461726007518242,0.0460177049307594,0.0482592807846759,0.0623194086951335,0.0499725911138081,0.0527418526968359,0.0582152241671443,0.0379669331453302,0.0465237115352708,0.0539345082529793,0.0516169993921776,0.0482184821719743,0.0595111774699881,0.0571469614799687,0.0601051979581136,0.0580942575509865,0.0551368798070809,0.0565664444427682,0.039245837438586,0.0606413752796571,0.0598279050589421,0.0523545383767425,0.0576243771158223,0.0605222165058979,0.0367362909595482,0.0499095580504362,0.0584297911400595,0.0595652397191459,0.0533354936330379,0.0575765004627925,0.0554546052207448,0.0504435506351367,0.0514246149562164,0.0472505211272188,0.0494464746144235,0.0592453691582291,0.0438792078933194,0.0586367635068284,0.0559155514524,0.0634537670168607,0.0549913062143444,0.0420556221837257,0.0540725050173371,0.0621196513513573,0.0530054055829758,0.0359392341827181,0.0523017055690038,0.055783289140724,0.0564818530300754,0.0509286605574777,0.0596602780941872,0.0465934398056341,0.0560525460829713,0.0533540739018091,0.0586030459885377,0.0628818590589358,0.0643490308032969,0.0508111899631067,0.0594547471969196,0.0440706166814489,0.0435971310762636,0.052358053424069,0.0500379896862038,0.04949472876909
562.398824457005,0.0446471163636976,0.0498391340546892,0.0523206505507142,0.0720189260100646,0.0475189104644831,0.0553947808112344,0.0536334770255026,0.0378278751848249,0.0503084586884234,0.048012860490911,0.0453244659484095,0.0399412436467525,0.04076859872076,0.0447461793350161,0.058313595541076,0.0344156644574005,0.0510166405844388,0.0559970998920877,0.0496467923836603,0.0551148700896345,0.0401572614219232,0.0499246584958199,0.0443964959205065,0.0501978814310161,0.0419958689146779,0.042245094006805,0.0397199373319689,0.0377755020515245,0.0397626831127159,0.0413261269584734,0.049831676057895,0.0362213523078037,0.0343265363648673,0.0390689699085258,0.0361217797659259,0.0426853481892629,0.0445141410171483,0.0411577300329681,0.0454347159245508,0.0419267828353783,0.0501318345856876,0.0489544047554364,0.0389130050217048,0.0284465748513405,0.0449226884911322,0.0475078181834763,0.0463817786632966,0.0398987680916738,0.0334637338166065,0.0340123690917453,0.0318555918904584,0.0386247887495422,0.0482558134144181,0.0475887208092208,0.0364324231552832,0.042999387163656,0.0442331023104649,0.0503648978435322,0.0460833894582548,0.0390270146565474,0.0370349594724564,0.0468251712352179,0.0422519813753893,0.0422434655742551,0.0541931130822118,0.0460017993384304,0.038235825265319,0.0398125980962662,0.0394286491044169,0.0385604298023139,0.0303180208100909,0.0386187942719113,0.0511997238137188,0.0458122288386583,0.0417791604641821,0.0396110403704387,0.0417604170548785,0.0470523171361251,0.0328227413803285,0.0339468359981441,0.0418397035339656,0.0360254380391637,0.0371419621060775,0.0444296065860883,0.0368596169771439,0.0499059652025161,0.0465190223286761,0.0414620442016349,0.0407010391659414,0.0405818927298017,0.0429898098216544,0.0453306359035389,0.0386299821675165,0.0375839607112477,0.0379297633316697,0.0472886636396972,0.0375669381152075,0.0421038483015931,0.0381337217542187,0.038544212721382,0.0491769529108192,0.0517311484621478,0.0411592827513433,0.0438296391019022,0.050351983017323,0.0446532213724071,0.0454463822058346,0.0382989279110678,0.0397284908292032,0.0416973734958344,0.0366795244394634,0.0376832889869214,0.038279508816973,0.0424442278008463,0.04088095341617
565.81912898098,0.0476786912253587,0.0459242507360906,0.0533833494799345,0.0663596505890831,0.0530878546130005,0.0576115415309908,0.0519859569640553,0.0640228600312128,0.0534544762285688,0.0544570328361803,0.0592359964321483,0.0469487729131783,0.0539104583132053,0.0385015467593158,0.0576546469908844,0.0524866631951939,0.053772993198009,0.0564919147157966,0.0604281382657993,0.0528010123886583,0.0542468648888998,0.0514694168266491,0.0460108673523362,0.0461814420796833,0.0628431085635147,0.0516099797591986,0.0436888740449634,0.0510053985865027,0.0453204726095962,0.0502445164724183,0.0595507712693862,0.0531016150255738,0.0506812603011369,0.045170128482479,0.0462357294020143,0.0487378871692678,0.053459391428944,0.0580290973042242,0.0447756378317571,0.0557052660335095,0.0575094160061166,0.0539789438020475,0.0547789449385274,0.0341648030995195,0.0378220676437578,0.0491605589710779,0.0558242352470213,0.0489246342846882,0.0447180074025604,0.0498640649296614,0.054882635193206,0.0437356825544243,0.042852101663748,0.0451734583261509,0.0569050023073132,0.0423764455926567,0.0520938659854641,0.0491737285163781,0.055337931580961,0.0453669071758754,0.0526680874136867,0.0598096137503155,0.0582812463728587,0.0526231310243667,0.056389251246562,0.0655733000304584,0.0491949046069783,0.0505034136717825,0.0470074102119269,0.0613780857756834,0.0580732690525794,0.0619690119877831,0.0505975241707955,0.0480903399429206,0.0521426811676129,0.0554771719791254,0.0468218616562118,0.053269671191329,0.0572847632440871,0.0506407037761592,0.0492793709047392,0.0559798815848359,0.0556198417313995,0.0559953862688004,0.0464781185480198,0.0423827160970688,0.052115571970031,0.0472560900652217,0.0377540058618265,0.0535659713591591,0.0576145499450718,0.0528736319981659,0.040398502413129,0.0491868871794745,0.0503368571758327,0.0528169387388707,0.0517596006279672,0.0414769380125949,0.0485379190467831,0.0436442168707062,0.053781167441071,0.0523760098590349,0.0492861384623256,0.0465440518965648,0.0581318876069665,0.0508703177331973,0.041328503965445,0.0444443693516274,0.0535359348302768,0.0542423370553903,0.0519411351760264,0.0469039126090168,0.0346863055053168,0.0532218315393701,0.0474814022188604
569.236881446697,0.0527374539950302,0.0376110507351321,0.0555240551683529,0.063171565298442,0.0549200987053447,0.0521566285232099,0.0650975254770916,0.0586919821911379,0.0485354961250323,0.0559973981796746,0.0500779136427589,0.0544786456210073,0.0492332554132904,0.0422662517073215,0.0446539476620102,0.0442541680349307,0.0463889813035506,0.0504510683550731,0.063617805939788,0.0565315010742012,0.055216821515749,0.0507646576688341,0.0359957273880236,0.0517570693642476,0.0440821108627524,0.0498970378881129,0.0413159248049075,0.0459488471432353,0.0519794600650966,0.0563695580989486,0.0424143479509471,0.0488958211925664,0.0573214641113671,0.0382337364311599,0.0551918516815108,0.0424573929153556,0.0416196780116509,0.0416124330405452,0.0521180691387242,0.044578047779255,0.0477113924448189,0.0521487127662211,0.0414901211802244,0.0451903207572697,0.0406544255767842,0.0519647390198001,0.0460756135958557,0.0403238692197452,0.0453187149217216,0.0521194566691629,0.0415812997357445,0.0488226064392763,0.0468004194638153,0.0461764386404933,0.0432989904073461,0.0376725367427704,0.0554088525541928,0.0585402019993154,0.0436513029807921,0.048794485300002,0.0549054164171628,0.0496275811524686,0.0498827821148101,0.0445297886998216,0.0436128372908436,0.0536688254431416,0.0408552721273642,0.0470190424254074,0.0516165399731164,0.0435875575448643,0.0381613211369341,0.0630041518281404,0.0418933876650333,0.0491679585558703,0.0356811731681814,0.0387781181620762,0.0432284618830443,0.0537786302221282,0.0494268581410276,0.0415201322292274,0.046509927120123,0.0529717589595173,0.0359102519085815,0.0576639328340477,0.0417634788616789,0.0479111083195305,0.0450753118093914,0.0518488598526822,0.0555700312832919,0.0449869979934116,0.0474627063877,0.033160366611254,0.0531594357981147,0.0402640475949449,0.0455546945952393,0.0526868933184972,0.0567733435994594,0.0526787742563303,0.0425390460140741,0.0562156382111209,0.04444315965444,0.0484115181136358,0.0532542248674579,0.0457820609371577,0.0550824170940627,0.050140737359579,0.0395065071493894,0.0477400268636405,0.054572443760092,0.0381548135459364,0.0439365998329422,0.0467725838675999,0.0386591619426123,0.0455796673052251,0.0399484883301449
572.652084534703,0.0336738859961075,0.021619266762583,0.0328545505119616,0.0634522587257353,0.0609079467712381,0.0379377910397408,0.0480706493238335,0.0538710120787666,0.0398402240373659,0.0379940404904794,0.0408960803757492,0.0374345635441003,0.0341993493042174,0.0432208491036543,0.0338687855176945,0.0398290295716778,0.041789810912811,0.0357041801897736,0.0532700580682629,0.0425852158365667,0.0414302850934857,0.0350145683918697,0.0375612468179407,0.040905756957072,0.0366070740903222,0.038764483922889,0.0412151054001416,0.0320136560537348,0.0332812363560995,0.0286910990053821,0.0469453963847853,0.036474280728741,0.0451266562114604,0.0374984281848425,0.0335085202057761,0.0439876096685824,0.0387339841832975,0.0308095817247475,0.04797048017656,0.0397916596205761,0.0384609077069952,0.0394790672740462,0.0384592175994054,0.0316799738519518,0.0387766404226352,0.0441643079660469,0.0368680224246167,0.0424885815380907,0.0441226909942566,0.04018861000577,0.0513059118665032,0.0377439321581356,0.0413492478309083,0.0282256859824983,0.0349529835158125,0.0341035026424109,0.0315669255325099,0.0478346474863996,0.0371703159035265,0.03487105989122,0.0356078465545646,0.0471347492489312,0.0236036746767147,0.0346822880134248,0.0348368463812764,0.0462339155484394,0.0357969728418254,0.0327560067632349,0.0473654784508966,0.0287141651120137,0.0344947088436839,0.0314359683017275,0.0406659262246825,0.0390473380665634,0.029682628449101,0.0350707556331672,0.0327065963799953,0.0440323467137405,0.0365338749177603,0.0461306478133599,0.0323997985711283,0.0434700601528602,0.0369938570371906,0.0453699417869752,0.03072914115646,0.0494365051808143,0.0294117045693722,0.0364152286333777,0.0398715981592852,0.0454538741184163,0.041315886400665,0.0539926195157852,0.0322675406330778,0.0319026543876255,0.0321663566034368,0.0429545288308377,0.029147655715065,0.0435379713170488,0.0376860638652266,0.0485850695017375,0.0350819042220224,0.0272275204681777,0.0306184449773303,0.0478735810492188,0.0360852043661718,0.0499641771303408,0.0364999540384431,0.0289675614213431,0.0393617470372112,0.0369209452674458,0.0342083069807845,0.0390384919588164,0.0291783263641201,0.0413627089385124,0.0352137439818121
576.064740921757,0.0474021157154358,0.0444216831683138,0.0514729319256979,0.0547338619970207,0.0501605463553639,0.0449962972949738,0.0611340838275502,0.0479583189985068,0.0498837308369998,0.0562962348222788,0.0466971527052611,0.0454639813184366,0.0421018084936492,0.0324475090192541,0.0448954532410254,0.0457810070069014,0.0394136762904725,0.048065161010349,0.0542496809677626,0.0424067762110958,0.0505382343703434,0.0470579570748049,0.0373618192594079,0.0390811721288654,0.0421146123202142,0.0475049719164246,0.0485548874645747,0.0473839852246362,0.0308841156805155,0.0480575825647174,0.04060523183099,0.0503525505572488,0.031768221839768,0.0463593769631328,0.0333459474816145,0.0354232565422048,0.0419969076260414,0.0357689625962905,0.042652150406447,0.044818072712364,0.0440508467951141,0.0376018851785551,0.0411168120965782,0.0474584053148131,0.0403890991510015,0.0469205806717558,0.0535712710856487,0.0292983148474579,0.031092528403679,0.0488867765177112,0.0368037840340856,0.035865461174047,0.0534542604987419,0.0435229668041094,0.0394999663005429,0.0438394389759406,0.0433145367165502,0.0437886872125936,0.0498400057170807,0.0480684091224885,0.0470992779739193,0.0511445233524883,0.0413422845490052,0.0369169447253314,0.0312112975855631,0.0505701243392359,0.0494405697402984,0.033187261585085,0.0289527385779158,0.0344033917376572,0.0424254043343881,0.047857018305192,0.0521081100516906,0.03772442521625,0.0376429329233872,0.0390304262914657,0.0399990391545453,0.0405138477627299,0.042549676657226,0.0432669064366445,0.0476910380800259,0.0410029110104987,0.0461495159336392,0.049894846518601,0.0385598915589494,0.0372946770715758,0.0372314026365167,0.0374293265668076,0.0455139434962661,0.0492984573948224,0.0472330521334505,0.0464574102498017,0.0368636178090473,0.0440184123326098,0.0433593262898015,0.0433407237795371,0.0455589745816019,0.0405820829233952,0.0363189645574821,0.0432374196628622,0.0361366703728276,0.0501560772868977,0.0398547281689277,0.0361311913842363,0.0455008679025908,0.034764806040094,0.0520323411369858,0.0474783251093305,0.0397711883248535,0.0488243250194948,0.0448655459814454,0.0406091765446729,0.0348543726740025,0.0371219226244205,0.0406142466701758
579.474853280809,0.0426484366886364,0.0442371820330734,0.0551960889730638,0.0519781373268944,0.0593533645523026,0.0482070055782003,0.0555575644361442,0.0516325950743234,0.0459659159080244,0.0545127748261253,0.0524747650942237,0.0343754824287573,0.0471100744438256,0.0406019174732735,0.0497396117140466,0.0566355828044524,0.0516238221716288,0.056604097084593,0.0611514725205976,0.0576513020565835,0.0530749472844316,0.0462817006071232,0.0441013543353583,0.0502428983656594,0.0447711715677742,0.042404634827393,0.039216617912763,0.0422547566007814,0.0402846643102681,0.0568785949717538,0.0593579953372527,0.0484103057595141,0.0520187254782369,0.0648167302552885,0.0450660093887027,0.0508966881345459,0.0379419549816985,0.049725216670965,0.0390296567754138,0.0440342508261846,0.0421846946726005,0.0567639229032434,0.0597445842933259,0.0658799605518654,0.050177802887613,0.0478896967809149,0.0493925593039879,0.0444768351560278,0.0298461881258245,0.0422188364008907,0.0476329216619211,0.0328104861027883,0.0467842489236418,0.0524869819411476,0.0399130048072295,0.0384839603956012,0.0403417304195683,0.0469593718848504,0.0444741551297228,0.0537334683822588,0.0504277360428326,0.0438557973335826,0.0340584688733446,0.0523869262960294,0.0459598232282839,0.0560063120084085,0.0487424490330247,0.0517093285969124,0.0429150779653093,0.0535972533298654,0.0392937098683826,0.0413918546860647,0.0433322238318828,0.0522567105101338,0.0479097921080075,0.0435575363965777,0.0438157718675176,0.0426549099980832,0.0513263231615002,0.0518420636693807,0.0448515708954024,0.0473349797585154,0.0547037700151527,0.0369728373018013,0.0366369683493196,0.0467323226368134,0.0490413166615896,0.0454786677977773,0.0442035395289035,0.0497189480305076,0.0496723637536985,0.0477902092237751,0.0443352156547414,0.040294873684228,0.0562459320874564,0.0510283778697606,0.0413475895346016,0.0534062756761385,0.0513070259542489,0.0534330793612151,0.0510873121058556,0.0558654245449435,0.045523361197442,0.0468073410844115,0.046931218122959,0.0478093870411388,0.0489775258360165,0.0422255103263203,0.0372600057259584,0.0515499149591371,0.0418943923032053,0.0404075300320324,0.0445936154470665,0.0437798670188927,0.0431694176714107
582.882424281026,0.0455626634392769,0.045669075612537,0.0489815142020187,0.0601724434424291,0.081987089970749,0.0606789194002073,0.0614555454628602,0.0696993319209268,0.0516739904450657,0.0581283611423208,0.0534055412593741,0.0565443944263241,0.0589825685158015,0.0587662463911264,0.0573596487301536,0.0619910333275858,0.0626855600894112,0.0683753644591601,0.0674891584713627,0.0541161832130477,0.0583168622232721,0.0627286453592508,0.0612615096577736,0.0540282676221282,0.0485353256409824,0.044465794906624,0.04306183410232,0.0564703067598192,0.0479722825401276,0.0490629777540409,0.0512558681729903,0.0604830511491868,0.0659755413108575,0.0679737649317569,0.0493923111885938,0.048442211525262,0.0579914391272243,0.0535095467397772,0.0508619864363313,0.0530635349283487,0.0471553368789642,0.0633792213570741,0.0714948367352829,0.0997347635941007,0.05935693988108,0.0564767693175741,0.0485741572264257,0.0460041888611946,0.042745608881076,0.060310819053487,0.0446081956192368,0.0550977920416238,0.0693905147216236,0.0579860984158892,0.0538064799174723,0.0458542341127507,0.0560002920796917,0.0606882821788799,0.0373419477268357,0.0501337270945025,0.0514071205848859,0.0549374970841747,0.0487712132204858,0.0534200630845417,0.0520606800313069,0.0563645121341603,0.0562826553026129,0.0571889236633815,0.056853744552808,0.0439470885348893,0.0535698334777095,0.0617678561716737,0.0460723217876306,0.0497100937821341,0.0494135321045312,0.0598935096496305,0.0418553027464642,0.0544343107118316,0.0556251635304319,0.059820717768309,0.0640575866379022,0.0454094015241565,0.0476225165757602,0.0588741667426122,0.0501451587682831,0.0481879658092482,0.0476416760964837,0.0464444478130935,0.0474889743458506,0.0455818342870024,0.0549658934031993,0.0485434005841861,0.0459853298062507,0.0453337577810311,0.050799473118474,0.0547486496762134,0.0502741023264311,0.0520968159604595,0.0592519865574477,0.0607231595919644,0.0555760252300628,0.0609783784989293,0.0541218040040843,0.0563094108392672,0.0602817424822825,0.0458314569037738,0.0546002838170906,0.0426022417759611,0.0550044896251698,0.05596935963515,0.057041455101931,0.0500939706374919,0.0560606618111213,0.0527137368458181,0.047394439105405
586.287456587802,0.0438392191320593,0.0427034082073036,0.0515571070054068,0.0573732077451533,0.0786011618161561,0.0660261304991626,0.0492614087927299,0.0610463025436406,0.0552145693609085,0.0562986489963668,0.0553850422441444,0.0546855049681117,0.0472966033491201,0.0523834817108868,0.0509590194834786,0.0651323152062087,0.0439391446968694,0.0692706664899063,0.0554252202162335,0.0527645486477945,0.0498941978984741,0.059123742502622,0.052286657997245,0.0526999621489974,0.0488833076270654,0.0492670905768849,0.0440114860936436,0.0485264259630665,0.0516953302760197,0.0489761204875531,0.045983564530044,0.052640553180323,0.0707886128791091,0.0694107371321236,0.0355528150893843,0.0560371933174993,0.0477178302341547,0.045430727109422,0.0552179021616471,0.0447101558897127,0.0440984803862668,0.0591556956971013,0.0792236970438572,0.102659249071981,0.053869118662027,0.0579866974362734,0.0601365342591141,0.04580514652543,0.0432209220502475,0.0453344064007215,0.0617287502562828,0.0496902583438371,0.0579863245412292,0.060594107350575,0.0606306119138503,0.0526214249707836,0.0490247772463708,0.0549026534088421,0.0511039732659308,0.0407346584877434,0.0570140818374964,0.053534257656914,0.0444135996758962,0.045205069718763,0.0362905378137827,0.0516448723850404,0.0527858060635072,0.0473619437851306,0.0548639700191983,0.0460373232811121,0.0399342316863273,0.0506842771812638,0.0487889517624653,0.0483161868258413,0.0398238161887053,0.0424817785498294,0.0438997486007135,0.0497069531886316,0.0454233935755836,0.0488631327717936,0.0577770174214408,0.0434607462135188,0.053239680594481,0.0406784995990213,0.0538999689447912,0.0388192901118585,0.0565391795669523,0.0397385302377729,0.0530607091027767,0.0431223788104475,0.0441180265143101,0.0620551589024041,0.0679055724191337,0.045662928870595,0.0527688961352893,0.0432326972644066,0.0437281017233804,0.0654389091046677,0.0478698291563138,0.0512710298536531,0.0449633474202613,0.0546043760873013,0.0502929319776361,0.0439219430483832,0.0463106260314289,0.05190669277534,0.0474371277224701,0.0446519189257664,0.0559229662566795,0.0512113049634531,0.0483561934122028,0.0568423505661531,0.0523229600647853,0.0501269503284799,0.052725078724925
589.689952862748,0.0595260109013242,0.0593967600828054,0.0673295441976785,0.0745012575618287,0.0775145950620747,0.076811439867594,0.0775613126068448,0.0731931575315663,0.0673091939458801,0.0750505649311481,0.0755637150499676,0.067534772167758,0.0688798996482477,0.0638141577111375,0.073089504044333,0.0709867874682816,0.0661915339112015,0.0685149094075691,0.0763106836114961,0.0712495836952157,0.0605469558745047,0.072185995544948,0.0618562400138012,0.0581364386828308,0.0667383743770148,0.0606774924195377,0.0615904796429472,0.0721022419192524,0.0672165090736157,0.0704620594274911,0.0755092256510681,0.071683516008734,0.0812791249725714,0.078181200293384,0.0579755604978693,0.0703245097770516,0.063793395821827,0.0660819799177162,0.0618433980958802,0.0589001932554873,0.0610280366176596,0.064586712466124,0.076076957680685,0.106628519217164,0.0741299324272204,0.0630002144659815,0.071113113998496,0.0620507108136795,0.0743747756595952,0.0675100363539934,0.0667245052373177,0.0621309092000019,0.0617949597409199,0.0792414176971604,0.0674312448620703,0.0634218538439419,0.0742476915242989,0.070813657308039,0.0532223104091353,0.0740509175343216,0.0544585195029649,0.0705017551902805,0.0644335651317568,0.0692505853853565,0.0630421541689045,0.0699298768127427,0.0608319465929048,0.0675135297198319,0.0764136651194126,0.0633971749067277,0.0739198692120104,0.078445282500584,0.0572520641879888,0.0663066018730205,0.0564286346519798,0.0593617569986517,0.0608820469169629,0.0608703637033887,0.0680517643245509,0.0791472024851496,0.0684494870141844,0.0591343500481748,0.0680859666610042,0.0619526997530337,0.0576319751793476,0.0771812017754694,0.0619740398167528,0.0671296547517709,0.0666931131101471,0.0723826542446476,0.0741162052918171,0.0522018221773913,0.0544343110259216,0.057097833166413,0.0650153255120721,0.0660642205823744,0.070347682672784,0.0561814520644967,0.0645424930332154,0.0665871671914026,0.0749247388813491,0.0590981837893863,0.0629794550938505,0.0597077927374591,0.057340629085158,0.0718041286865159,0.0611339156220629,0.0619406786797939,0.063771130003242,0.0756122349416276,0.0679936580970906,0.0594867910552624,0.0631588619869094,0.0613136628555053,0.0614190021774149
593.089915763704,0.0572442249093296,0.0673189579346491,0.0599450991805027,0.0806360572410385,0.0694426616815323,0.0624476875202701,0.0773662823514347,0.0618241099860613,0.0638348731769699,0.0639573689340188,0.0780332622126205,0.0623578493187702,0.0669050407446391,0.0573865124622449,0.0700018259591313,0.064225520003216,0.0709991708407344,0.0737051010608435,0.0717678684782065,0.0681971296910446,0.0662660557803148,0.0668657387916002,0.0632788867540796,0.0697722109904143,0.0760881610765156,0.0615637958408546,0.0670861022293304,0.0547036157938725,0.0720180447167009,0.0658979798767372,0.0673341895452229,0.0690565340763832,0.069515266496868,0.0756126478112087,0.0650675924411184,0.0638866199153156,0.0540350455340979,0.061339364407259,0.0650057793119879,0.0638087848525297,0.058496207585403,0.0682872978343803,0.071765103148762,0.0807335768418177,0.0615664323794897,0.069754041685375,0.062335842462409,0.0663490677010412,0.0629921407393851,0.0648787853905496,0.0619006277566538,0.057253877369511,0.0591349526792167,0.0617265453974332,0.0665756994333782,0.0539157825102955,0.0632700487788661,0.0588568262205819,0.0768162146813937,0.0651822711797495,0.0797858353851034,0.0690508718720704,0.0582413895501185,0.0615645162450052,0.0690729434366205,0.0730276952401699,0.0743631982240689,0.0644339613252071,0.0514035243310712,0.0625006495035737,0.0724407915885853,0.0787480432965847,0.0674229480629032,0.0613374511704415,0.0660186611722618,0.0614270038287797,0.0565515186890839,0.0742836955499458,0.0650432061424219,0.0641317494739612,0.0558991065888988,0.0571399886388154,0.0620930227845401,0.0646190207762063,0.0676374857249406,0.0660615730423692,0.074839684989887,0.0627294992007934,0.0612475004157254,0.0557072590780338,0.068977529389037,0.0751143853027641,0.0792075938750013,0.0696808452563025,0.068656451943144,0.0646446217301599,0.0586065920750638,0.0621402574330636,0.068322904625962,0.0668909846061551,0.066007036589573,0.0641424333415899,0.0602856433445792,0.06453763490622,0.0586797306019833,0.0622572933525361,0.0620450942540158,0.0616841911690668,0.0629052359885885,0.0696651426510362,0.0649328897795159,0.05686141356261,0.0599580899848756,0.0621297439053716,0.0706544592910053
596.487347944762,0.0610927236837166,0.0697505730960112,0.0795281983688123,0.0907393640102539,0.0813116569389459,0.0666311903902325,0.0798858354629972,0.0797980781399304,0.07427558999438,0.0734460945503662,0.0724408731971345,0.0686159231494019,0.0763871465234425,0.0771332031893126,0.0848076569260447,0.0689372264290125,0.0651057119002382,0.0739887406485234,0.0823370861749705,0.0728451783503114,0.0790562583039323,0.0737621679762423,0.0629375069517091,0.081951088556773,0.0627955780332903,0.0662960586287488,0.0754292009562545,0.0760190807993357,0.0722925194879712,0.0607567816377862,0.0813985794807021,0.0652350063330908,0.0577287461325118,0.0684952814197647,0.0704360321840528,0.0798085968685685,0.0644539556642371,0.073487480562214,0.0721579013891464,0.082002912908255,0.0708057094258746,0.0753809042694591,0.066288281629813,0.0692065970719651,0.0677231013249081,0.069431178809446,0.0687586312109185,0.0694893098572551,0.0610323413217646,0.0639946954690483,0.0708836886922871,0.0638839171771048,0.0640702050591104,0.0659877117113153,0.0621741151363543,0.0768397899595047,0.0647062534370181,0.0674831079235794,0.0690114702866703,0.0672638057868868,0.0620684254922811,0.065796274181852,0.0770222865539728,0.0769151558086699,0.0693313402509698,0.0659932953515826,0.0680461547392759,0.0720871314840331,0.0658380723399891,0.0745213284055442,0.0726825337306233,0.0733126470845016,0.084494573622681,0.0710480318536809,0.0685940476904585,0.0723435033346826,0.0642820898064185,0.0746009744551428,0.0675803823661436,0.062275299538422,0.0778437090885528,0.0651219370285829,0.0705336580071466,0.0753934431375994,0.0770481083333232,0.0799331178304492,0.0710563732337943,0.0706599658037916,0.069637074860847,0.0611157971486266,0.0689961884387079,0.0813311678642338,0.0680098668979755,0.0588105427828049,0.0659812029283725,0.0710906694604449,0.0622928290231128,0.0708983899078661,0.0691555405962833,0.0706316644174785,0.0756255510845509,0.0829207630974974,0.0711542077801793,0.0612887821263195,0.0651149027315192,0.0711480638828086,0.0751150466194944,0.0693188348223009,0.075342768891174,0.0745674318778294,0.0680859918330046,0.0752019754716308,0.0701634521642695,0.0611982995120543,0.0708371413206592
599.882252056245,0.0541512815671551,0.0661450192648617,0.0676924647697965,0.0753868498112457,0.0778391960711815,0.0696988287500354,0.079644797599186,0.0715868113011465,0.0568180508931011,0.0693567391075142,0.0652180573529476,0.0715786170637575,0.0646074641566841,0.0578416667450411,0.0637577179402412,0.0544638940714319,0.0569406944140844,0.0747923055290372,0.0788295780918938,0.060369293068164,0.0590842155305371,0.0645017724437534,0.0567705007407612,0.0641289939642126,0.0517423110518797,0.0588464534434343,0.0590555756817975,0.0657680617344074,0.0652253453735273,0.0744200551093817,0.0560500176191275,0.0684091883953734,0.0544703076765998,0.0449466519469496,0.0519696962892354,0.0598979485144923,0.0709225405177487,0.0692627153377259,0.0655280881429342,0.0527258778718927,0.0647975458837,0.0494352905833696,0.0533634835262566,0.0571260662330447,0.0650707343931083,0.0655586380915999,0.0650119520150404,0.0544364076088845,0.0578675250440355,0.055416535824653,0.0614036068965724,0.0612674634389818,0.0672250321560479,0.0455598785031989,0.0683180275117212,0.0545381892591029,0.0678160910529886,0.0655059250709339,0.0728049613431215,0.0698997063706776,0.0699086940282836,0.0631116194588633,0.0606637343787395,0.0576519852534501,0.0551934864019639,0.0656762275990863,0.0567506518912031,0.0553773169472312,0.0613994259254642,0.0688741055183409,0.0572145911636063,0.0552803122105745,0.065193583414858,0.0619161303541581,0.056580854670597,0.0648957043471275,0.0633591494150307,0.0584121027525123,0.0584016900773757,0.0712855168390439,0.0703413022080935,0.0660233310297294,0.0633395204281755,0.0629140494090859,0.0555279387541369,0.0613781995780263,0.0666775093625475,0.0544472278343734,0.0676102603786441,0.055165514082039,0.065537896752333,0.0552913027495021,0.0573693199964955,0.0520174094837346,0.0638560723445949,0.0690624741440904,0.0527959790715123,0.0587506554565378,0.0676255122119051,0.0639725761677535,0.0620239473952247,0.067858116312505,0.0607360946380218,0.0608946182544334,0.0681154299342921,0.0667477342890275,0.064377824643509,0.0509297802871433,0.0558904034652125,0.0531272779437908,0.0666819869305775,0.0614543938098032,0.0628291241873116,0.0585194788863426,0.0568877793346464
603.274630744735,0.0615442386968615,0.0586893970954938,0.0729098759496833,0.0859468193073648,0.0827018597777636,0.0672811400778052,0.0706204609514147,0.0772349784773468,0.07686291130319,0.0668717378563209,0.0708355266991987,0.0641536024271612,0.0579708767275017,0.0647247570349519,0.0639609288039735,0.0766473358603945,0.0667347877866831,0.0717748861809991,0.0844885182780891,0.0633174101074379,0.0740124465494795,0.0724654792570837,0.0575435322850114,0.061556777930722,0.0615896578492784,0.0679549477835328,0.0702228055327006,0.057707595665527,0.0688310180250887,0.0631412740064759,0.0723503298746523,0.0668791037477987,0.0722809741394591,0.0581556682190593,0.0618287997030283,0.0679428966981173,0.0734409484168968,0.0588134883455086,0.0640348915660423,0.0593015130704847,0.06448366433731,0.0581920770564487,0.0604082730996683,0.0455579537902777,0.061223987931691,0.0669537227985732,0.0770293890223075,0.0609392547247864,0.0718016476107764,0.0609776568880728,0.0634257488117475,0.0580520474697431,0.0680135941389243,0.0618231257020738,0.073264770619459,0.0629284066928981,0.0601635011392501,0.0696325964926928,0.0730898751056662,0.0621166044919316,0.0678429139595261,0.0693043189753692,0.0668978726318835,0.0579667910093802,0.0732291898839639,0.0720766394765399,0.0630567350645017,0.0680805955525624,0.0746101408671963,0.0549699786282143,0.063222499397715,0.0635184477630369,0.0597173951265548,0.0709929324539879,0.0602756055084622,0.062749592404917,0.0612631753332525,0.0734607343326203,0.0731444381087438,0.0636527241199769,0.0639484525092292,0.0598443199428021,0.0642186117820511,0.0649316223123078,0.0534464154727566,0.0717941986368499,0.0657165539340762,0.0588014783888877,0.0690253344616682,0.0627970233638695,0.0781741941145667,0.0664637958441424,0.0687390840484191,0.0616023810832661,0.0628534015739726,0.0613774312863218,0.0478547351350143,0.0646416928485273,0.0666577722560998,0.0642098375006125,0.0704385616273985,0.0676762367724337,0.048523384606515,0.0610535563749929,0.0665440097822224,0.0594404439915463,0.0652195828952389,0.0664336314845283,0.0648062573866564,0.0785843982405662,0.069224536898187,0.0575957919266491,0.0607268244187417,0.0644409798608823,0.06549119523085
606.664486653076,0.0499437347976962,0.0610522851661881,0.0599283378362976,0.0730461255476456,0.0712948724652246,0.0599244800718216,0.0747142847804836,0.0609696251173014,0.0550719973871884,0.0567734197367564,0.0619601345270755,0.0539790719985039,0.0495893462268998,0.0598812169665757,0.0591026157725517,0.0593897572961188,0.0596467005063721,0.0567971433835249,0.0630981864613037,0.0557617788556663,0.066000683024761,0.0553711215878683,0.0513307437382877,0.0527405039651399,0.0612358488968582,0.0466431412418,0.0520795642394583,0.0584785314379466,0.0510216440722777,0.0645759569385559,0.0623677098171684,0.0618149263320127,0.055296989274352,0.0407877666391123,0.0489873410987635,0.0530250306215685,0.0394649429008261,0.055670975238241,0.0550661991772105,0.0432876692767247,0.0607168648146991,0.0640805110574008,0.0565782049466566,0.0387657235676244,0.045639857132438,0.0518676106727109,0.058581906592981,0.0549276446439848,0.0449712514605336,0.0606152720561624,0.0515950833419675,0.0588497559263353,0.0523722891076701,0.0511030916234194,0.0570517053831787,0.0579669840003692,0.060402937541344,0.0642699062869063,0.0553404357120496,0.0531555100258245,0.0529643606030163,0.0558925100697551,0.0487060311957019,0.0576819915023429,0.0509969156959837,0.0571123414200982,0.0561237058445021,0.0484963107568283,0.0542211859206222,0.0522189695381466,0.049453864887814,0.063732557974458,0.0576805166249788,0.050053433593051,0.0447211043355021,0.0653136760170182,0.0556926759491082,0.0612043944687293,0.0527847250984166,0.0582900747111779,0.0660214841007943,0.0524667816108172,0.0506197047014679,0.0634421614881134,0.0582113616825092,0.060585395823764,0.0561337102717132,0.0519552122076186,0.0502081440609637,0.0573695167289229,0.0579767567343187,0.0609409607224117,0.066750885143425,0.0565207700779163,0.0463796653792732,0.0559239818977275,0.0543357757977031,0.0558357023203229,0.0580630266175726,0.0546241561943954,0.0579531549162185,0.0577278754291098,0.0504641683096723,0.0531342420627144,0.0518699282934268,0.05672589009008,0.059077325309163,0.0660885705142679,0.0603734270505727,0.0576729202805387,0.0592736528234684,0.0537150882177838,0.0469240021180789,0.062866764358328,0.057705343492744
610.051822420375,0.0372957711407014,0.0475371927121073,0.0430692203903984,0.0531426501942618,0.0594026554929427,0.0552758314099604,0.0470287349082357,0.0500211740955101,0.0396917364667318,0.0450264024335302,0.0471671787856233,0.0399640212340644,0.0457771988315911,0.0455406875065479,0.0503027098094181,0.0410140230437697,0.0514114334704565,0.0407118799745811,0.053577284320126,0.0492873531340101,0.0530559939573316,0.0527194345986297,0.0462557952687664,0.0365490528136826,0.0450261391275452,0.0391262877260256,0.0482695687626196,0.0426250126898813,0.0444483709866834,0.0443914187908006,0.0392320195170036,0.0456117295489414,0.0496917290527472,0.0318859084597285,0.0293202744436771,0.045359897701944,0.047550084023407,0.0423577567844032,0.0334626031001465,0.0428745154859647,0.0403479831849506,0.0505923143146723,0.0407310363916154,0.0346178480947696,0.0329617708397327,0.0426372375913069,0.0423683366484617,0.0369695647997304,0.026973881500111,0.036036855091998,0.0431993857719125,0.039448071770648,0.0378809573082041,0.0409348473708526,0.0367060726745671,0.0344383831362554,0.0374440332959004,0.0505318127753853,0.0410551598826321,0.0453267885488804,0.0398075603790775,0.0317769786888081,0.0447747473665697,0.0383495250500231,0.0373662094502814,0.0449342922195531,0.0398068140290311,0.0430417284393448,0.0520709644597317,0.0382704664827875,0.0420548105179628,0.0524933256865809,0.0498514160724084,0.0373250432582859,0.0355528938329597,0.0459640515326244,0.029960913719154,0.0335791150919707,0.0424259815160185,0.0454546529149997,0.0499651379131601,0.0456553840647987,0.0289035907246947,0.0468302366406994,0.0320459633912276,0.0351423517933443,0.0425157711990891,0.0456743824207601,0.0394525171136465,0.04851923009284,0.050996062582147,0.0431689495364082,0.0461865794700207,0.0537595270785002,0.0401838104820726,0.0419967344512612,0.0367621575907963,0.0374125501244602,0.0383316657248506,0.0427105998791451,0.0384867003208851,0.0362935906903885,0.0346627188148105,0.0388631256764508,0.0366052657106746,0.0401438005766313,0.0482715982868676,0.0436769987652211,0.0449096775795619,0.0424617467370506,0.0362625783768363,0.0375691488727233,0.0330985358508254,0.045748890385755,0.0482042422628475
613.436640682001,0.0405208648468866,0.0460278599585218,0.0586865420375426,0.0481802723033095,0.0674521439827934,0.0609821771254428,0.0384845109304965,0.0593397382360926,0.0441240086218865,0.0478975675729272,0.0602214545252331,0.0461138858752683,0.0413684444753809,0.0428835070853524,0.0409207012007185,0.0499885763405719,0.0515824377575175,0.0501082526114104,0.063493469258695,0.0549274277271992,0.054276773775009,0.0556090274482667,0.0399978387082562,0.0418298920396305,0.0429316144421042,0.0470625994915984,0.0444365399370911,0.0510981577697809,0.0536149339783475,0.0468882447699542,0.0417616868067938,0.0399149231385092,0.0389341875151322,0.0382402913847337,0.0453495322043809,0.0455071831920603,0.0410244026147302,0.0425532757220541,0.0393541864827424,0.0418603787809278,0.0388231517718632,0.0467596939084404,0.0305739962588115,0.0427069487890886,0.0231898818739547,0.053958005634687,0.0565773381302097,0.0536279769797331,0.0396561612370615,0.0332692985993698,0.0509163968600247,0.042507558012083,0.0403614677934732,0.0404968457510056,0.0503921847534273,0.0404430107902683,0.0478151360326022,0.0473532563959719,0.0418549347546356,0.0478714477866628,0.0522090361838595,0.0533285446749701,0.0443910290460019,0.0443605644672549,0.0484353703772975,0.0501454512859095,0.0515557930413526,0.0466224333306674,0.0422405017471634,0.0431216903096732,0.0491597850659039,0.0532355705696917,0.036807223637004,0.0545680402197687,0.0380147269163361,0.0520325315193936,0.0375811551441188,0.0582216628945595,0.044852505811485,0.0469252223127866,0.0559556033330892,0.0358812392120657,0.033186597128128,0.0516850691754713,0.0522214208254286,0.0574309188607223,0.0311695192351885,0.0476069108994286,0.0511941481512092,0.0492833712822577,0.0532028628369688,0.0537177517812783,0.045313796574523,0.0474612872064055,0.0431215886808336,0.0410069129792811,0.044344180509347,0.0466236301279695,0.0431464183086233,0.0515306086123341,0.0445166141770797,0.0469363869725084,0.0513256601415159,0.0383805193116594,0.0457740157566492,0.0420000620136927,0.0502055048230772,0.0365055360671446,0.0520205622545896,0.0449668914874587,0.0580153750431798,0.0523011179186906,0.0472771092949968,0.0493039225129834,0.0426318326345242
616.818944069617,0.0309058097638852,0.0379353806373473,0.0318694409976048,0.0461898428253287,0.052732957594723,0.0355323132217326,0.0419638432200779,0.0424738092432569,0.0410294132779064,0.0518314486620457,0.0437767969391956,0.0326018498784177,0.0392333142187019,0.0307296297353514,0.0292770719861464,0.0282820547222704,0.0303760601152356,0.0475447544856904,0.0523067234125733,0.0401343668755694,0.0358319883929569,0.0423425481700139,0.0302360266808858,0.033513877716415,0.0425116561824096,0.0356328352387677,0.0233529164405512,0.0335394992228262,0.0357374323410016,0.0405025263511507,0.036276311070144,0.0341945455074933,0.0344253047539749,0.0196765785789211,0.0335760645742436,0.0361211519952041,0.0367213490385655,0.0348335647206503,0.0303180336424744,0.0263581353664687,0.0321307282230961,0.028674044927335,0.0226800550062727,0.0182682362939578,0.0379963863741145,0.0440955519638786,0.0313015287485461,0.0356266459836957,0.0298781966507944,0.0310696437651619,0.0321034644742976,0.0236384770673576,0.0252405834725085,0.0262698253997767,0.0329375527764015,0.0342554961669729,0.0270742427135063,0.0413686456032844,0.0385656892933843,0.0261364262497773,0.0221480684708083,0.0232337974303335,0.0314853103250936,0.0359362989509073,0.0313106289498858,0.0373622269739599,0.0451095275752616,0.0337657662244429,0.0323878719458923,0.0373638968236987,0.027773334811729,0.0350942618912823,0.0370114503396845,0.0335616298251828,0.0276366169813965,0.0279045757846933,0.0365486277262625,0.0373717028447152,0.0372343913979626,0.0260221578177093,0.0353290859695571,0.0254971881267672,0.0357133340310218,0.0257367065087571,0.0334535352604812,0.0279650193492364,0.0341350366030636,0.033044776421286,0.0242264648427641,0.0307538194396019,0.0289082856712442,0.0320106324788229,0.0415200854191415,0.0352831969800708,0.0414604551892236,0.0304166906860495,0.0341661599623272,0.0236413339931035,0.0309752550016522,0.0343852092746026,0.0308068474313763,0.0271781057493394,0.0337080686850992,0.0326972713861332,0.032172242469066,0.0317197534648994,0.0381946735779579,0.0366608339085182,0.0295599181576088,0.0377236590740862,0.0309934983728027,0.030864597520435,0.02756794321199,0.0269680539620475,0.0274431591201883
620.198735211165,0.0279348156182797,0.0309142235469987,0.0314700929131606,0.0381945155996594,0.0352077426852587,0.030815591025726,0.0443260935196573,0.0480109064646526,0.0379130710940006,0.0362236614382295,0.0428528845400732,0.025615648351711,0.026743614859894,0.031931509962067,0.0360878916398005,0.0268090525745862,0.0293773892663194,0.0449594569452483,0.0410980864430991,0.0391110737541189,0.035372611852001,0.0346176493560073,0.0227730161241002,0.0325296048039469,0.033022116047751,0.0208651189820575,0.0372762615815989,0.0297933693736333,0.0397925000030374,0.033540746033437,0.0279137617245707,0.0249407176591877,0.0333150290251519,0.020330262119362,0.0280174491431261,0.0395837225900973,0.0279077514605441,0.0344211765847969,0.025272692784436,0.027614308830062,0.0311333402301676,0.0282138502906356,0.0307580621407065,0.0236529918235488,0.0264228470220898,0.0277452813089236,0.0279920194676869,0.0255536600602576,0.0277528429550747,0.026487611129202,0.0265222721433584,0.0255013885861882,0.0347097044037423,0.0263624931848383,0.0330750253397769,0.026886892536561,0.0210093398942552,0.0370333715171411,0.0247961663020955,0.0303690308051311,0.0199711751410482,0.027532326269692,0.0292695750292209,0.0269130443310818,0.0291121812823479,0.0284889869421609,0.0441495196674751,0.0242840580150345,0.0307602178416975,0.0292317258895321,0.0307685730289991,0.0226473741900737,0.0279620241088229,0.0342933462474693,0.0230626329068002,0.0250535113176899,0.0320421683012345,0.0329822546980746,0.0429586692043148,0.0274490832059786,0.0288276397039199,0.020973282185711,0.0335927465980501,0.0264824046510861,0.0186708185948029,0.0354296595514766,0.0233192809762022,0.0231665689642871,0.0411209435342406,0.0371433619420815,0.0408560902072199,0.0219520915487619,0.0295873024456832,0.0201541681704958,0.0311951890148573,0.0322007366142897,0.0428497485281059,0.0350665161390065,0.0275565783388051,0.0379736672527937,0.0263551087681373,0.0257405121403863,0.021384611300728,0.0298695941625917,0.0299235238139708,0.0323785477242017,0.0389237800220375,0.0254898043125397,0.0319918211932665,0.0453361143754819,0.0362639561155722,0.0222328664333103,0.0247692821638409,0.0350780632057099,0.0291641897419018
623.576016730871,0.0551940000001355,0.0523013814977042,0.0508788490676118,0.0670844951129541,0.0640867377108188,0.0539327912424083,0.0559745387176659,0.0658065629319868,0.0567539802909915,0.049874556572165,0.0563779684346985,0.055162037610759,0.0498207553769625,0.0487187873157439,0.0602335344604915,0.0608988026119891,0.0463387424633298,0.06134465651585,0.0650025322500686,0.0573742692996214,0.0583554320781587,0.0524629410838171,0.0443004724088463,0.0552805988926255,0.0506544571749845,0.0447639348742591,0.0528998134812965,0.0370929604508655,0.048328900665796,0.0536908260207556,0.0594884659365251,0.0472539935781706,0.0481443783614073,0.0402014881071657,0.0621243058751908,0.0514186826657521,0.0549836802413906,0.0463903970892421,0.04485656454281,0.0444717786029614,0.0421199409049319,0.0613184264094175,0.0439554442820856,0.0386105551349637,0.0429423933172221,0.048405284750795,0.0562330463770054,0.0438513746683969,0.0403655988620078,0.0519781031473268,0.0405117638019011,0.0475199509092133,0.040641480711589,0.0390540637141092,0.0466947687770175,0.0548471817122185,0.0527971312909512,0.0543961829654236,0.0481915411371477,0.0553714323833509,0.048585379117333,0.0430826464814622,0.0514330067641755,0.0432337565012445,0.0521889890212177,0.0572246735228578,0.0552846638902955,0.0544054444633949,0.051495392408002,0.0510751067187793,0.0523354309144534,0.0656222821624715,0.0413929955283787,0.0532346708582277,0.0464325762231751,0.0470293644796032,0.0453520893084436,0.0564209668804944,0.0503320450164787,0.050059903970586,0.0568223689729428,0.0423075495072307,0.0459069131527996,0.0591493222916993,0.0462227423496542,0.0445784422411553,0.046308818286191,0.0485635093176269,0.0470226576450026,0.0531477695639311,0.0499036231475144,0.0557758718520465,0.0437244116731605,0.0419054474269516,0.0558127862578146,0.0497398949858797,0.0492232839976889,0.052114276432409,0.0592137511077039,0.0576838708780519,0.0584192530161046,0.0403309731622709,0.0486139663744425,0.0494623640481085,0.0452839665225916,0.0549374695066543,0.0483322882046322,0.0493430551489495,0.0465695456619364,0.0454892195682187,0.0454818360235831,0.0497266061180629,0.0523106566254548,0.0425914686627379,0.0489238316089205
626.950791249269,0.0455147710654021,0.0425026860307635,0.0394207642205168,0.0575529828322165,0.0534846301454528,0.0562720828287742,0.0484376207161716,0.046205708829127,0.0444814014229775,0.0483218728491005,0.0457640252845201,0.0470429916779666,0.0321207968975418,0.0392886006416214,0.0502042892298042,0.0424092521089682,0.0492286374724446,0.0511193564880167,0.0553721841835643,0.0408616829319165,0.0420292157101326,0.0524835733252083,0.0344725180524982,0.0367191282877855,0.0428183221770339,0.0465336797429394,0.0415108607670184,0.037729902242688,0.0326364377779892,0.0477923961506042,0.0402343296269451,0.0397088408639363,0.0458512054437687,0.0402475969002949,0.0491523390873946,0.0464466749105805,0.039954988118586,0.0453707110908335,0.0403406044878555,0.0410552327803795,0.0416505999318058,0.0431687746962495,0.0359973311608913,0.0279686222934187,0.0237105068448768,0.0467069027211873,0.0421708399581806,0.0377108952403084,0.0387848169910259,0.0278796114572413,0.0331580529967733,0.0429984593917656,0.0377621554184963,0.0408252779048867,0.0350456364687732,0.0427987682379654,0.0483858253314748,0.0472340559575909,0.0285688671108752,0.0387679985101303,0.0417140903809804,0.0532704026946293,0.0450051899851733,0.0376250385110224,0.0436227468352734,0.0466238478464849,0.046022076595035,0.0516740930935459,0.040988090445477,0.0493700054739462,0.0384390441332189,0.0405584251429876,0.03460799241985,0.040396269454127,0.041814854305176,0.0394008923568356,0.0361998490289282,0.0508505012782478,0.0521158683466613,0.0296651632308723,0.0406589016911733,0.0383290961885494,0.0385397999884414,0.0552056999797487,0.0331146344660883,0.0309663303847642,0.0337308184889119,0.0474653215141953,0.0378898011149924,0.0447574621051668,0.0376308947009741,0.046229151802913,0.0462438877120083,0.0530913219758967,0.0483665276574227,0.0481004550923367,0.0481370116417222,0.0437420571771268,0.0446374455375874,0.0433576527613118,0.0481260595077094,0.0394238831783213,0.038609923653689,0.0483182359579501,0.0418553926315975,0.0434385209964011,0.037995533055769,0.0426517867062361,0.0443230692374932,0.0398996723601125,0.0444747541435498,0.0480484653919124,0.0360386809376594,0.0374362833876632,0.0393143729625622
630.323061383193,0.0481201730807942,0.044163766918369,0.0483218934819806,0.065955633338297,0.0730383828090581,0.0613203089625007,0.0644230558062674,0.059686873613968,0.060599204715414,0.0537969611481913,0.0576385718918953,0.0530882609704972,0.0488399526168782,0.0460014757826964,0.0429530341384642,0.0633150347968651,0.0667071177579106,0.0614927539878071,0.0516662965795003,0.0552206851474326,0.0513281461682825,0.0524827732058783,0.0408698325304121,0.0458526556534674,0.052491047916183,0.0587831350191294,0.0490501429621578,0.0532866093696564,0.0546395465727672,0.0507321994544797,0.0626303308616382,0.0491059495894854,0.0418267267553914,0.0334830028381462,0.0384269726509308,0.0504068857123368,0.0456661491234374,0.0510950124535296,0.0409624848855747,0.0410889211611523,0.0445899103062177,0.0557379104442516,0.0554355349437679,0.0354264230016446,0.0577584430193606,0.0496895477279966,0.0523304429415501,0.0446097544502463,0.0454475671434368,0.0497862812336595,0.0436465664995803,0.0499855386491893,0.0471675042128557,0.0408545877358887,0.0544933082345102,0.0463758330654839,0.0563898179756705,0.0589857789764564,0.0490165729074246,0.048132645508342,0.0470302032432953,0.0539421227621579,0.0480774839664631,0.04525395446397,0.0505581887130735,0.057344494870681,0.0571158674360152,0.0398647698708797,0.0463641387013351,0.0494082188610643,0.0529919382310034,0.0554840714713743,0.0468418064282714,0.0587062341641897,0.0529062987809995,0.0489082551441236,0.0488921550714907,0.0549205047321241,0.059446898390632,0.0447826519530193,0.0488064261245444,0.0649144979505337,0.0508118979763066,0.0483368612053874,0.0531834168473868,0.0474632863785221,0.0595450526191718,0.0457569109706894,0.0489452581858507,0.0465491399090722,0.0546934447640248,0.0538889794599845,0.0475824682135421,0.0496116774046019,0.0471936547517656,0.0537646832680845,0.043024343892914,0.0573606834154397,0.0510982461827794,0.0428473438968981,0.0598502610221171,0.0448008198401921,0.0474857474112358,0.0517564203630117,0.0571737242692562,0.0578782181947058,0.0479404506746637,0.061375851707009,0.0559609260845546,0.04859406418275,0.0638555168705937,0.05159638400683,0.0512748179794653,0.0529547448878089,0.0533876148267493
633.692829745791,0.0363479526969028,0.0468967737349215,0.0483891237404875,0.0379319573827068,0.0647175036791331,0.0641618047815648,0.0584857685923762,0.0560610578118494,0.0493562993038351,0.0532865797650297,0.0577011588803243,0.0531117217784626,0.0322445185265622,0.0415462601551584,0.0485579351251244,0.0453284999507659,0.0549415565520486,0.0544807107749006,0.0441553805174049,0.0392174606873231,0.0464188852101069,0.0430028058161796,0.0327393022004289,0.0351680955646612,0.0457434224452522,0.0356392833639138,0.041636635131349,0.0405987049074517,0.0450957722535563,0.0519890336650176,0.041048089616005,0.0415150940519993,0.0406314066232193,0.0351854724849595,0.0492248971702516,0.0509894796916884,0.0435006989985077,0.0381927856617316,0.0346833802179022,0.0376293575557211,0.0389321272366655,0.0415311225040151,0.0308706961120466,0.0306078959871151,0.0355546674052265,0.0450093603158297,0.0523220065734462,0.0429702107993704,0.0385075416163214,0.0362663448859675,0.0425884980679927,0.0483041167184961,0.0348702796222154,0.0351266319518169,0.0287096193032546,0.0412386395701315,0.0462840251638794,0.0489973823159396,0.0363241541162651,0.0470796507433643,0.0412788696413611,0.0427244609147451,0.0332719977416501,0.0413308689995686,0.0442487696173939,0.0444550293788002,0.0489136720120422,0.0336952440188759,0.0528969140380409,0.0482490066769062,0.0367300537156023,0.0509553221848145,0.0567463262007591,0.0470011090994043,0.0529064316657185,0.0311781836456099,0.0483291535647281,0.0458961320256745,0.0450405828876548,0.0449778284101348,0.0484452190164424,0.0408960428754461,0.0381988467372663,0.0385429547966636,0.0428952633238057,0.0417681346878606,0.0417654100992771,0.0416735617227852,0.0403470672872149,0.0483200310011825,0.0383478164411941,0.0481891855491754,0.0488999243141988,0.0390814368391512,0.0545830948803762,0.0509561439239175,0.0401797483881679,0.0506393410426709,0.0429137257095127,0.0486581700652206,0.0390765895843963,0.041558848412238,0.0421643844392073,0.0384860325817416,0.0519971558725103,0.0474905533238173,0.044521491369833,0.0518166870490952,0.0438220402001213,0.0412467787014697,0.050335560532588,0.0463781876009261,0.0402144901527816,0.0379841404820301,0.0471221155250942
637.060098946525,0.0507045975539692,0.0545290166014489,0.055045455999126,0.0722289677243538,0.0651974956059964,0.051141672193385,0.0623828161239589,0.0630926220970458,0.0552466091096592,0.0614309375281303,0.055063027357746,0.0552971408952065,0.0483464555375752,0.0443164222217471,0.0586207969324885,0.0590730653124139,0.0498974665381598,0.0642692386460403,0.0593258386353314,0.0491212038339428,0.069863386468753,0.0607626691061396,0.0495381024117793,0.0482193913870295,0.0519810395938909,0.0605582724958363,0.0428150416336699,0.0527919138843945,0.051292903890974,0.0421492074209224,0.0531243036901773,0.0508668202461548,0.0462556695180061,0.0515793685862928,0.0401583903366685,0.0605045773319463,0.0491698674781574,0.0438744956209925,0.0461546851307572,0.0462998804979542,0.0515477399654457,0.0597511850410695,0.0571215079181275,0.0417577139783879,0.0443732460035174,0.0567667040380024,0.0500384582961408,0.0606165323076965,0.0445349257514587,0.0569501478947889,0.0599492111183954,0.0558255974530504,0.041889903862714,0.0586338491909097,0.0475272802106248,0.0511477058601593,0.0627258721357876,0.0601507500854929,0.0503385631374387,0.0656419509400555,0.045971112751691,0.0546267220735397,0.0517739395661004,0.0535282591823306,0.0586157441903292,0.0573805045690687,0.0583144952763203,0.0512796572232584,0.0464488635072901,0.061185143523949,0.0431075265406234,0.0521217284604893,0.0637447207859209,0.0452726350221304,0.0511373647371358,0.0501085611787762,0.0454437801879078,0.0624270307885536,0.0562276697384803,0.0514563357879905,0.0576829425828646,0.062734237056693,0.0463817810904154,0.0566054090934928,0.0428891695719865,0.0582234514449408,0.0572183218837264,0.0510992534471467,0.0571342854743488,0.0500702812007448,0.0599722082428843,0.0552502317602261,0.0409194404232071,0.0537170868169016,0.0493637610132022,0.0509439722509936,0.0584863363172599,0.0478479304959706,0.0668808590909032,0.0538718898842217,0.0571391928612984,0.0531991319829943,0.0498165471444977,0.0516647154783319,0.0502122400640957,0.0572729526489293,0.0521029369540154,0.0591944057698945,0.0478854022390291,0.0670658004726627,0.0441650116323292,0.0574636034506288,0.0431459930017373,0.0459869353084905,0.0549451633807786
640.424871591182,0.0542730866553949,0.0430042213363375,0.0446059388601214,0.0710973870641103,0.0656578543070175,0.056124593897101,0.0646161607410869,0.0636960494821602,0.0573635668849121,0.0494922809691998,0.0529400039443994,0.0487331664788642,0.0460585163341882,0.044279385799402,0.0518659574027427,0.0487072342970557,0.0364021183462051,0.0610136903062051,0.0496106825732682,0.0518326241698089,0.0496341197381943,0.0523532787476841,0.0390438564410195,0.0476748653405878,0.0446260488434638,0.0456627420262203,0.0433974013959951,0.0527891645892135,0.0507131719434552,0.0505619094322592,0.0469111503681096,0.0555160423404643,0.0415984759543489,0.0272127313698471,0.0452450296949347,0.0453796532050063,0.04191273118382,0.037131701150522,0.0352466243617514,0.0364329060830142,0.0424172463019914,0.0358257070982022,0.0405119650423929,0.0337035725282445,0.0396987790473267,0.0391125467135814,0.0460437112803088,0.037925750186558,0.0381407417664649,0.0351266117323697,0.0421372253365719,0.0391135914630685,0.0494748597640758,0.0471282428805202,0.0487095092224131,0.0465476052554203,0.0401427894850086,0.0445521388016978,0.0515494368398748,0.0570378559522367,0.0430844593203349,0.0421790294760425,0.0357335193707229,0.0409143009004447,0.0442149447064464,0.0506276891213141,0.0484196190845326,0.0411064829594841,0.0340889905342349,0.0417507249538827,0.0326150340720951,0.046408735351017,0.0505277371408923,0.0405825077011411,0.041190404916155,0.042393459013458,0.0488673313499637,0.0488126092696181,0.0506891812796374,0.0487440430072362,0.0380412755490354,0.0463205039498194,0.0371969848388132,0.0398002528184286,0.0388558287493101,0.0416855909572305,0.0371042766250197,0.044619646360735,0.0427197144290619,0.0478322349957248,0.0447349473121956,0.0528422176014189,0.0398758573846248,0.0437298964247223,0.0521348364150763,0.0447131257371988,0.0475896776165054,0.0489865997362834,0.0411053539280252,0.0325446952294225,0.051403484977547,0.0430373079866647,0.0444531544320003,0.0527385871981567,0.0461318835228843,0.0549198289304818,0.0492213017954326,0.0433764344533579,0.0490308478712133,0.0482342263628586,0.0379742997461095,0.0411267709705221,0.0472239825049473,0.0453457805436831,0.0531529709018727
643.78715028188,0.0378242749312331,0.0369257022685443,0.0352476552042746,0.0470053978907408,0.0535640984968137,0.0485234072542702,0.0460223036675224,0.0445233111012754,0.0487384149186003,0.0467508814030693,0.044900873151223,0.0361478180013172,0.0362871523319113,0.0386484294296036,0.0411710337747691,0.0399621179612019,0.0431155506177516,0.0447142161932108,0.0431179200027547,0.0479035264785809,0.0353866784190955,0.0444794029096823,0.0389729903056485,0.0414535368079689,0.0395123001403945,0.0357206300405287,0.0433838699240419,0.0339499131071509,0.0377272497568637,0.0434482094573483,0.0383927805400347,0.0308926416576925,0.0357806075688342,0.0311179188459634,0.0457753788372168,0.0285561756811443,0.0402460701631672,0.0331869550180664,0.0277571628932631,0.0329099576867213,0.0286920788693944,0.0295267189188678,0.0278802953579795,0.0187026748324901,0.0320745770236691,0.0378962234164878,0.0471031521362355,0.0362246454963588,0.022867819519105,0.0321648735605667,0.0381342904372214,0.0344872484731262,0.0377016501374623,0.0333076789882434,0.0322564590970401,0.0343927435004004,0.0458034823059315,0.0439696204734385,0.0382138127970616,0.0385941265789001,0.0401769337923423,0.0314900570730651,0.0405021704696608,0.0519157136855269,0.0401420322179606,0.0449776573137458,0.0434612752921349,0.0337432363411198,0.0411474943734087,0.0305301764542702,0.0436001478333665,0.0332449131940196,0.0384437884377157,0.0329308786325539,0.0434574891947942,0.041756833523962,0.0344327408603361,0.0306298951606866,0.0395618773253827,0.0437185560768576,0.0393160317059343,0.0340034421129756,0.0436043046343309,0.0351707246362191,0.0307953885278689,0.0421820593489194,0.0444897709969634,0.0375304312208143,0.0444520999536892,0.0450070108410981,0.0594091943659728,0.0431882975164072,0.0318538761469669,0.0337215844940164,0.0342866955144595,0.0480403334043684,0.0429670065948469,0.0331722241530404,0.0428021219221854,0.0331054474944718,0.0352084906154619,0.0345745385013271,0.041431631635082,0.0359534626632274,0.0374813379851653,0.044469549801136,0.0335563460637187,0.0348863972199353,0.0385674757279667,0.0396818827024904,0.0362987783268722,0.0475069952944713,0.0308448240948744,0.0372105528424883,0.0315868614245876
647.146937617074,0.039813697200923,0.0330131879946308,0.0401903397567359,0.0393521308894172,0.0479504357733834,0.03489269123555,0.0460237640692966,0.0520262196376467,0.0341959296753933,0.040735721682305,0.0422006627081777,0.0344540578645345,0.0207545652323464,0.037456419829927,0.0298955162643756,0.0383125397642787,0.0301388621762403,0.0430452368350805,0.0501178839113965,0.0373340596426149,0.043491128277071,0.0399229220954574,0.023794644595611,0.0369087917266977,0.0326815167065435,0.0362589701395964,0.0266954008554551,0.0344583143074838,0.039356794897781,0.0318833673002272,0.0401282042175025,0.0360824470714099,0.0293722519366166,0.0253839461145092,0.0332452304762619,0.0430474005200136,0.0363144922930819,0.0348593722523787,0.0202467456328589,0.0247370942309021,0.0395295601842713,0.0306077582827191,0.0323641509506286,0.0159401214859762,0.0314582185318401,0.0160858570659663,0.032921192816344,0.0356389934955869,0.0252863420375234,0.0256418031285178,0.0318054427517613,0.0275344173163719,0.0270800620376671,0.0303661174229373,0.035158158907632,0.0245351316463792,0.0310938449997405,0.0389116425822575,0.0306681326703836,0.0420763575989373,0.0477134349794221,0.0379877209068468,0.0291792033013395,0.0409886196977986,0.0354734135460385,0.0398689100092081,0.0368308561752429,0.0365488741610954,0.0311021296387148,0.0322290664471046,0.0359725249000302,0.0337787702628114,0.0361477241688215,0.0376087987514836,0.0253119187965182,0.0304494705049422,0.0406926168791851,0.0419815288973042,0.0328688554064368,0.033514415965297,0.0383071044641157,0.0340176218245428,0.0297529863542083,0.0432977499229129,0.0335898247264481,0.0403842520191956,0.0335085171310235,0.0392443980934039,0.0288411224325755,0.0308250093541305,0.0372220880332561,0.0379594007495548,0.0336681491553956,0.0371645850865487,0.0404507248436836,0.0361339725888914,0.0394685686355957,0.0376561946694389,0.0444781796077306,0.0376817910882106,0.0479910411124852,0.0369821007957407,0.0307108368000091,0.0381372168155907,0.0282418178394047,0.0363062523311454,0.0329529400619354,0.040507433899945,0.0396715743896889,0.039692362085565,0.0295012729984164,0.0346274583147785,0.0307934928867487,0.0348032633173126,0.0399123543400148
650.504236191561,0.0469103014199601,0.0449352489106797,0.0440112857666763,0.0521275370095643,0.0576377020221469,0.0523743407307659,0.0454570430633843,0.0456264606385287,0.0442922155392833,0.0487981312172813,0.041623837283742,0.0425608804973169,0.03964200049884,0.048506729955382,0.0499532680161153,0.0541605279582086,0.0390571339940702,0.0413558200148451,0.0516919760960749,0.0432939768640886,0.0412077691784096,0.0492545623996662,0.0399289927489307,0.0464847186758483,0.0394020558187832,0.0539101757689848,0.0386984691413267,0.0371593874139966,0.0375876241465285,0.0402327719783106,0.0464090091725925,0.0453453281902125,0.0457451738887092,0.0286836042360955,0.0513104312132289,0.0373753902842631,0.0435847863524388,0.0342560090017318,0.0373667629830326,0.0315881064997192,0.0411989946483404,0.0441922768577031,0.0436821532353006,0.0296793729459433,0.0273067001843699,0.0500968916067898,0.0407068142838234,0.0469578857192945,0.0282735632018756,0.045651955677364,0.0450484866083938,0.0453503719877685,0.0334319625549364,0.0411719243799958,0.0339291261286725,0.0389967210168445,0.0418018608224092,0.0499838586508596,0.0335608392556407,0.0438050049491428,0.0436018653286119,0.0432775395393398,0.0404511491257772,0.0461826170841476,0.0422828517487339,0.0465345262887104,0.0500069444405185,0.0461271701292953,0.0404754420012827,0.0415539441355766,0.0480797370413432,0.0514399178049852,0.0494094938112975,0.0316800692831128,0.0403551005455486,0.0492950712090421,0.043479894251612,0.0442181738688975,0.0473151775567877,0.0450684811340307,0.038409800715958,0.0457750194574401,0.034385279120132,0.0473388909824865,0.0455221508904083,0.053347096198543,0.0425737970755477,0.0415256430239396,0.0449677861785648,0.0449643855186377,0.0478249408886191,0.0477149586158348,0.038361101839024,0.0487872872583124,0.0414451061318222,0.0439280466236923,0.0433888303648787,0.038733323690143,0.0496434395418818,0.0474269374461973,0.0508945501172103,0.0508333381134905,0.0412334718422064,0.0391498335478173,0.0400249688007306,0.0408140698835941,0.0398699579584181,0.0500651999057124,0.0482874700834895,0.0488379938345026,0.0425255768958232,0.0351370593613626,0.0330568736207551,0.0461721498286596,0.0482174989645236
653.859048596493,0.0529613749924034,0.0475421439202991,0.0500155371293287,0.0569046035664792,0.0608064823637715,0.0578185456328502,0.0656760754347895,0.0562919612082995,0.0457911134218337,0.0600937681839712,0.0549613709614619,0.0539215340749325,0.0412882029274383,0.0467177020043713,0.0520741449355539,0.0453512693173478,0.0580693962136203,0.0597235284113053,0.0597321349365347,0.0525436521355481,0.0536372972184055,0.0513333206311954,0.0543019265732074,0.0526468204962219,0.0376199853282755,0.0538550070671027,0.0443635413114498,0.0520143287940046,0.0470565379758185,0.0574214665752255,0.0492433554033864,0.0580964397211259,0.0449967578797074,0.0438462292325374,0.043842375396219,0.0596611039674123,0.0469071303536193,0.0465994176076079,0.0447202923944985,0.044204965051901,0.0445630092700865,0.0503564640561001,0.0384154137699146,0.0418014372609995,0.0330919855191547,0.0494067457269252,0.0541108226378198,0.0378146369795418,0.0448194320625792,0.0502993535737623,0.0502033791308993,0.0544987266502937,0.0491396381882225,0.0404849090143521,0.0414866129290204,0.0343135821481885,0.0457066044628072,0.0543532842539694,0.0486351922192175,0.0576415047670099,0.0510973726204339,0.0509199212316722,0.0386076696260266,0.0467436175902201,0.0467720860566956,0.0514951357828288,0.0571054105457714,0.0477606507732874,0.045704746998623,0.042035980507611,0.0421555268620868,0.0542201719158243,0.0516881655392707,0.0533720919349063,0.0413947799536208,0.0503704955679051,0.042219311030362,0.0401818559189214,0.0511616514212917,0.0451398539255652,0.0622586619200086,0.051042424005948,0.04188884110348,0.0414865071066279,0.0505659278267278,0.0520776127586319,0.0441658988803169,0.0543752473049013,0.0541449788100545,0.0522819059773479,0.0532263584789298,0.0546710736925392,0.0436136428376211,0.0480885392297993,0.0429919385807842,0.0533923268536549,0.0501502497703486,0.0414834741677641,0.0506935690383174,0.0519634514021002,0.062477603861345,0.0514809919718005,0.044057137545596,0.0453212252942362,0.0478070949560777,0.050493608310748,0.0531473566509015,0.0516896010994137,0.0528272443422947,0.0579639763610773,0.0566640987943318,0.0507849873507448,0.0498967260453359,0.049472547630349,0.0508586481982134
657.211377419369,0.0287409747263172,0.0342731817010634,0.0290099820049087,0.0452052095290913,0.0504932396862193,0.0408476201412687,0.0338591369102139,0.0439783329682655,0.0322599370969383,0.0420893084595859,0.0339782033997558,0.0308915027165348,0.0354515899566829,0.0293026159690128,0.0351385175136081,0.0343310703759296,0.0394093202081968,0.0427999741295631,0.0358604771256186,0.0380520254523612,0.0349440716684895,0.0489410771904287,0.0332590766899423,0.0327698958299627,0.0295974109193411,0.0311194153145564,0.0339283989205983,0.0325384168147174,0.0272314356840835,0.0374879013617045,0.029793120962201,0.0240253715896717,0.0237069170014197,0.0244732702645697,0.0329525410126622,0.0282112018104921,0.0283261524226429,0.0301690985092874,0.0314150764465822,0.026712359419923,0.0267533842644606,0.0405616267286727,0.0342711570877268,0.024061914359093,0.0341709553309601,0.0275351993842032,0.028595506096527,0.0229732144508816,0.0211936118670651,0.0271923348752363,0.0282538872740004,0.0348024087631935,0.0302540189726454,0.0265842871883964,0.0249508835642159,0.0336667099798186,0.0286761723920758,0.034199084838068,0.0253411285269456,0.0350715105892778,0.0260156129399517,0.0282793747441841,0.021863399890242,0.0294121209577765,0.0282436490529247,0.0356549015229421,0.0427059779054714,0.0272979057930689,0.0391322727128085,0.0307344360328105,0.0304014955702597,0.0289734009820654,0.0331752283797367,0.0315235193660162,0.0284311098601342,0.0236179235981777,0.0397880646745544,0.0310094778243436,0.0399537790742031,0.0383136547369114,0.0374237744202454,0.0274694141525283,0.0273994851015643,0.0210945187643309,0.0332670928851924,0.02918554708092,0.0400049594218547,0.0377896543726672,0.0355856597383328,0.0289709096022085,0.0401870142720825,0.0415996049942177,0.0215950223548589,0.028039476388112,0.0365084376936673,0.0425524355450764,0.0322868433310917,0.0289744124484735,0.0347595936858586,0.0351485744333786,0.0357642997245052,0.0320468640223959,0.0244153781362212,0.0307570459942068,0.0282706655589663,0.0266935174546316,0.0356589967840565,0.0380325399941962,0.0330119268074167,0.0310228517422443,0.0362022110521862,0.0349303184176747,0.0305151114024079,0.0291832903925213,0.0292114352115899
660.561225244057,0.0368033372149408,0.0346523017637319,0.0432369963013923,0.0584234134736711,0.0573383527707003,0.0588129364340329,0.0529425686978602,0.0556713186444988,0.0449761797619602,0.0479228991558868,0.0504913403768827,0.0531248479748346,0.049111051921072,0.0380646186562095,0.0383388181967881,0.0435462323090238,0.0437685866451459,0.0443059494451829,0.0562926946223588,0.0428485132972904,0.0489709410978936,0.0526485593101363,0.0307638786341781,0.0388923928547859,0.0458708988935416,0.0409724167563979,0.0435714030800621,0.0490125021033998,0.0428514841140164,0.0513129217814841,0.0411481588829418,0.0425834036520714,0.0428700172308059,0.0345045395767509,0.0396184885859392,0.048220169656196,0.0400252312108412,0.0430358406967313,0.0312750636662339,0.0323449975237547,0.0392241037670745,0.0449784803362167,0.0392462745708571,0.0329500087475266,0.0381582643965266,0.0362096822044557,0.0447801573874841,0.0319613984648643,0.0329732206602189,0.0418306368536664,0.0350968041703637,0.0433342798798716,0.0359602030534678,0.0436407962064033,0.0377519092872743,0.0248863134724134,0.0455430576986654,0.0413136282832392,0.0409567047643175,0.039626061467593,0.0416099739178686,0.0341002204093913,0.0497359924777042,0.0385792976784412,0.0499404177301363,0.051808750769654,0.0420554622290499,0.0424774382755864,0.0425537936064347,0.0376465266320984,0.0517462350318815,0.0448606092214675,0.042914133970056,0.0455295627927038,0.0370042046769664,0.0412182712189244,0.0407895819888686,0.0485301814984306,0.0526698464765628,0.0440761625747832,0.0504818441699461,0.0450487155695399,0.0354418627237601,0.0488871817000726,0.0394160404896325,0.0312874400625497,0.0432777240582407,0.0394204952479606,0.0354837280104597,0.0447514735763732,0.0449717154621113,0.055739573898868,0.0418826420240878,0.0478011476463071,0.0408771957342767,0.0435251320136638,0.039581114310338,0.0525678459726536,0.0521482457388895,0.0402223763353043,0.0438286398376769,0.0469846767897301,0.0407841086248978,0.0472464279197305,0.0490939556527968,0.0444093913318653,0.0361332879026547,0.0458353834877425,0.0433055912237959,0.053842391149235,0.0576717112139922,0.0429594742793895,0.0373879911871363,0.0439406051931546,0.0431002011987123
663.908594650793,0.0551008617885891,0.0579741832850536,0.0563428596477757,0.0691296493087439,0.0804134449347896,0.0718418964819721,0.0588651682663187,0.0694800518429271,0.0641054246823161,0.0678346475811463,0.0685925018846364,0.0622452148937998,0.0684903670124146,0.0624137659795811,0.0605554197822691,0.0554779648627118,0.0604701377589007,0.0702105649577023,0.0750833969226964,0.0570034335182367,0.0651608642565301,0.0580051478358002,0.0485572348963348,0.0619643212870837,0.0570351591299361,0.0579904830381071,0.0664016258573374,0.0582722144876804,0.059577015612876,0.06567135351705,0.0661829168833736,0.0605351029162931,0.0540328588705855,0.0530041891446821,0.0661081991878208,0.0609359939984978,0.0612434472980007,0.0530636196230553,0.0534729623441196,0.0512662134626684,0.0636806266495742,0.0636071737265707,0.0619088575933121,0.0455504835946639,0.0555972233911241,0.0601472887510119,0.0592546111226777,0.0573974307163065,0.0470934987574395,0.0593993189708468,0.0603597100346557,0.0564583173297134,0.060398445891621,0.0618250975092472,0.0534685056664201,0.0612884847536447,0.0578682356573107,0.0612175166691547,0.0536474137397689,0.0620644534117862,0.0536961152063528,0.0612621097576444,0.0537804882995393,0.0661742091310279,0.0578187619807506,0.0645730978182149,0.0573569236516547,0.0593356590128655,0.0612711000035265,0.0633605830745131,0.039953430858372,0.0710167700252521,0.0641726127368863,0.053634453924325,0.0513834166489167,0.0593899229958402,0.0601846684187188,0.0677356303128257,0.0603548127777151,0.0790480463937131,0.0567300884380341,0.0637847197163935,0.0584989980241085,0.0667867692373372,0.0547034669632357,0.0617943975967275,0.0591443144044545,0.0627976637427739,0.066542615031113,0.0644803665643423,0.0526142455732725,0.070970809256927,0.066209160862601,0.0569990808613588,0.0520929924024791,0.0630719568823683,0.0674555253578004,0.0546938231111185,0.0607425390292656,0.0619962138551838,0.0646326236662132,0.066488409040771,0.0494543253307535,0.0642915656517572,0.0659166640787315,0.0667205520692348,0.0742937267535136,0.0564450437849207,0.0692233046873093,0.0589050075376806,0.0575798170421248,0.0533011085971185,0.0635088882125329,0.0483304258035677,0.0586623478458805
667.253488216186,0.047742002355196,0.0495652897632678,0.0468458848566936,0.0783215093016587,0.0663304712015045,0.0575403691125964,0.0592925501940814,0.0640476004378323,0.0596279189953194,0.053566717163913,0.0502296065442281,0.0489779740324644,0.0637408639501081,0.0427112432129244,0.0536379524057152,0.0553448085227161,0.0541107332729422,0.0613670059783223,0.0587195339085312,0.0578989839283875,0.0595047603646559,0.0538840687937063,0.0448612774317043,0.0584320305721758,0.0523460400280127,0.049012438004642,0.0478647764809237,0.0514634400800016,0.0503866731140312,0.0501067985695815,0.0666501388488382,0.0568203847124482,0.0475049102900879,0.0426270679536753,0.05459218977707,0.0495724802199584,0.0459699236076298,0.0472853568277942,0.04985301209599,0.036027964727671,0.0463824233642425,0.0440763001623023,0.0514226023902062,0.0394810114846586,0.0449010871776342,0.0511477468563048,0.0567972077518154,0.0498794492705927,0.0476125885848269,0.0474437803132043,0.0602474454536353,0.0418911159481794,0.0455559249116087,0.0564706359069693,0.0445052022633968,0.0443547862047184,0.0509545172962955,0.0610534611322159,0.0581840704377804,0.0573376600560106,0.0506466862088845,0.0545812858670894,0.0494715938679125,0.0516638016988952,0.0541785664953696,0.0531671612943779,0.0528131044811365,0.0427768469265295,0.0569947295715332,0.0508235003350371,0.0444100655775537,0.0571432205803717,0.0531003287707161,0.0576026776972599,0.0558380942109815,0.0503256839134762,0.0415833034556673,0.0567969764531272,0.0557700265701822,0.0469450530380025,0.0635248333120934,0.0460345095386159,0.057250693753704,0.0550469406208887,0.055662015260517,0.0541929244992041,0.0451784215414885,0.0685058927437431,0.042149184249946,0.0535811774207334,0.0608122366604002,0.0606174089297089,0.0539880073673751,0.0579764300732351,0.0484125473188206,0.0611881519917211,0.0512503667660998,0.0551069380887562,0.0459186154840157,0.051464984753989,0.055839958752486,0.051007724236758,0.0492448487485572,0.0588752673049703,0.0434780442001501,0.0624751843100142,0.055584436857742,0.0613829238463783,0.0510866570556742,0.0553657925805385,0.0637048287895819,0.0502140067428803,0.0551604250804286,0.0463769437270876,0.0538872222019844
670.595908513231,0.0378001399936457,0.0427767237169548,0.0516509054836389,0.0595669191868721,0.0601213550284895,0.0557812597089904,0.0542248664389693,0.0548579999124351,0.05405873258252,0.0642217278846867,0.0484615344382908,0.0422387356999388,0.0434729335689562,0.0491862497424052,0.0489403946415805,0.0551911933727817,0.0449210385163664,0.0546744479056655,0.0547683915826344,0.0549134865042501,0.0543750084627061,0.0525250884783469,0.0481084252044664,0.0441334128965858,0.0527267952385315,0.0494105089725113,0.0430897134301416,0.038547377567293,0.042865065231727,0.0489198424001657,0.0568214053008206,0.0466495831583148,0.0438077453938285,0.0327968895651335,0.0526950124222149,0.0482619818887695,0.0435824934554581,0.041487397980054,0.0456398924116985,0.0369717803815131,0.0496459638016855,0.0438808656667167,0.0380610512585903,0.0333937827403545,0.0412138666076375,0.0462432406398062,0.0436095643932027,0.0508598617924547,0.0422064339273729,0.0549413440576728,0.0434039721900689,0.0405637611465251,0.0488597726352711,0.0401977317155887,0.0396320564102251,0.0500026369772759,0.041760508679161,0.0536304371150484,0.0446891949609944,0.0525908495339142,0.031299088547196,0.0502538042979769,0.0493081433834254,0.0371332214949382,0.0533933320336912,0.0535364756093171,0.0598157157944777,0.0409164506130335,0.0403281113054427,0.0547359702074336,0.0558199406219189,0.0466799885747293,0.0518169763499043,0.0480245994691247,0.0515336341431721,0.0424247013129316,0.0569118704470466,0.0526587440374238,0.0478249250468599,0.04290548974275,0.0448366741191373,0.0500273525503488,0.0548267107382327,0.0444491278188846,0.0457261005719522,0.0442982076280899,0.0598598996167652,0.0359551888982528,0.0460297610621344,0.0545662099200945,0.0666876922985385,0.0652493623148456,0.0475454866831502,0.0448758313704955,0.040707719833158,0.0429449100260942,0.0584866947934569,0.0498564495328195,0.0568132905497262,0.0449503729959967,0.0458684016318632,0.05270355688353,0.0377931732171812,0.0459589489056232,0.0380819152799449,0.0472494191456667,0.0432362912556156,0.0487789290100633,0.0514713759480111,0.056385127612401,0.0550715483964894,0.048273653159434,0.0368659746763918,0.0495775798326866,0.0536076634401144
673.935858111305,0.0452722209997149,0.0408890564014589,0.0399123601490458,0.0472777745958165,0.0631790007442547,0.0452628411070723,0.0513277293668402,0.0520560166167314,0.0452537348526743,0.0466618234746042,0.0498897602985642,0.0518479896581648,0.0392575953937484,0.0366916838677099,0.0464628970176001,0.0484476676638431,0.0475121291095653,0.0485051441532566,0.0535004827398706,0.0474954322840801,0.0497717549025795,0.0483648951265149,0.0333480680673193,0.0433908659147603,0.0395164260336073,0.0497891360183975,0.05035381845448,0.0394462656512632,0.0493971999820829,0.0477129947312343,0.0446888695063547,0.0434780115251499,0.043511550717516,0.0336988787434128,0.0456759296198751,0.0497305632179874,0.040614663829313,0.0345423103023427,0.0425536104816702,0.0459969012448368,0.0357385834948494,0.0402507773711707,0.0452433876297987,0.0342168385504714,0.031063903228598,0.04367049118498,0.0467527990856097,0.0484141925586347,0.0456363191406706,0.0447167196528041,0.0449809403492352,0.0415230538446471,0.0363227415346707,0.0342313648530618,0.0376749389718173,0.0394042727105209,0.0461142497496974,0.0428469311948569,0.0468630783696287,0.0449364052679323,0.0479772133026187,0.0447195684917507,0.0390060962121952,0.0479489175842589,0.0382151934225669,0.0499550819232609,0.0508284376260662,0.0294139369392967,0.0507391479619495,0.0392192922529853,0.048618250815085,0.0464861489339412,0.0505140437752087,0.0413674955152275,0.0355570791263058,0.0374620662211207,0.0434508408769754,0.0507740852354787,0.0554518946267496,0.0480164985769497,0.0408418065728062,0.0375321587375341,0.0454447924223978,0.0500937285048104,0.0460738613254431,0.0406377838445208,0.0384025526023251,0.0410350987607758,0.0394972275807741,0.0549653767713345,0.0564256586693766,0.0526332473234682,0.0381845940162821,0.0463992627633314,0.0564440346541865,0.0455300349152784,0.0456766116653629,0.039506919373468,0.0524794950196008,0.0412994600960848,0.04747702660918,0.0486482365732395,0.0410886805599454,0.0428057562416445,0.0451786269123747,0.0412344917914572,0.0529120949014404,0.0502871817935109,0.0454632618350213,0.0373592382334552,0.0413174404665617,0.0404840355959806,0.04307496682038,0.0464352113303364,0.0425855766590568
677.273339576184,0.0511870725161741,0.0471828594512408,0.0551448758820304,0.0609043986830575,0.0666828872263523,0.0516567648563521,0.05114882408894,0.0652524901530383,0.0594804790507286,0.0583629481807197,0.051298749331839,0.0581651885487981,0.0533910626602509,0.0386700942760382,0.0523643975081694,0.0619402741948125,0.0500830287044197,0.0591382284332056,0.0505916745023627,0.0566079469904622,0.0527887798458636,0.0592067161598212,0.0371361282167278,0.0392355252995129,0.0483409054349282,0.0540172888461609,0.0443899274916782,0.0425390375844382,0.0536577383896317,0.0520239607646194,0.0519452526216494,0.0560809287783777,0.0551670679449381,0.0436356683766822,0.0624499051528815,0.0584547221831926,0.0415554631991825,0.0371623049191842,0.0577928605266556,0.0590530253910239,0.0423932463809437,0.0508331183456593,0.0495507230760899,0.0387528215216748,0.0443236262542269,0.0451930798772808,0.0436762418634866,0.0448139457688412,0.0449126123558357,0.0492248106375949,0.053453419117826,0.0505340644315041,0.0448623256881306,0.0443081208168277,0.0515511023739017,0.0484901541457169,0.0453615808278243,0.05209312469135,0.0443695763218458,0.0568990656771471,0.049520219334118,0.0498462424031592,0.0441581353328183,0.055285708212465,0.0437152699980842,0.0547793536668789,0.0445762088426241,0.0444974400239401,0.0564181602648853,0.0495633089326129,0.0524372458313158,0.0502744977358277,0.0601543016621955,0.0423364088495232,0.0451964126207548,0.0561455297130235,0.0524118416697917,0.0505747772279855,0.0407866043725993,0.0571201345353376,0.0560672587943761,0.0532502188319647,0.0424046138408291,0.0586229774086638,0.0504092846473878,0.0500337110785729,0.0564861452115863,0.0549195731275055,0.0508454033637564,0.0445759064681976,0.0507489427736004,0.0505567800176059,0.049097896401029,0.05961811837949,0.0475572225713507,0.0559843391544962,0.0591693602249289,0.0528435467554325,0.0604105135025257,0.0514665062421093,0.0473271020428401,0.0623429262644,0.0467275714546804,0.0482649681159498,0.0488440597311732,0.0496225425738903,0.0480658069182841,0.050646090486888,0.0620326384556624,0.0606563446801526,0.0524884091543801,0.0548299461534789,0.0469287924649725,0.051896440788657,0.0558126251171955
680.608355470042,0.0458028113636677,0.04142902153284,0.0488767728844321,0.0645389569332256,0.047885107232031,0.0460144746279778,0.0536883026062967,0.0592083790527235,0.0549256880416124,0.0483561459241306,0.0607278489164794,0.0453688072199153,0.0479884498532887,0.0512200131640953,0.0481686848517076,0.0409224543365006,0.0537578081187063,0.055643786094768,0.0600960483243416,0.0491517396210498,0.0503302899548439,0.055008008008795,0.0449665021727614,0.0452427469737228,0.0486639607230655,0.038882190578149,0.0504655156782429,0.0417385404881371,0.0573356772532317,0.0474552503501545,0.0511895789216425,0.0499431030551941,0.0400117533000084,0.0394080558394507,0.0502900721298235,0.0453382909024737,0.0379883898559523,0.0352527197134739,0.0472148726985517,0.0431580202786654,0.0415963488115329,0.034641605895445,0.0395592847340292,0.032080227989261,0.0382348321121724,0.0466964882078728,0.0563670774694103,0.0372200731863348,0.0353119123323558,0.0436821412943912,0.0451951423597383,0.0462667375693249,0.0416632580433884,0.0428932324192894,0.0454451051325295,0.0268420969145958,0.0502430045709876,0.0551945990922258,0.0360467636895168,0.0509380018201053,0.0469743794109623,0.0401188394964935,0.0415525958519196,0.0470371057112067,0.0532206314400468,0.0494750997270428,0.054827403159288,0.0482409335549886,0.0461729501052601,0.0487129664245092,0.0486843802482032,0.0448989031040776,0.0443881561171114,0.0485790443920357,0.042581334912214,0.037535746030813,0.0527228879980418,0.0446720988551952,0.0489324761275657,0.0518766591067459,0.0531664260618325,0.0436579469876227,0.0468628023527243,0.0415788575429221,0.0484297111562904,0.0520204019918983,0.0544844584363697,0.052900591600589,0.0402323293238974,0.0432369508619022,0.042750142120276,0.045126327632784,0.0437574887055091,0.0540734679074933,0.0426572015555655,0.0495161988679335,0.049754933802869,0.0554373010230575,0.0460938395642051,0.0414362515274482,0.054697994568899,0.0422001806090856,0.0476220252026876,0.0444983018283296,0.0485096353899188,0.0412617656286299,0.0519015120532569,0.0538125485884136,0.0513509574542613,0.0541813859675386,0.0489015198983964,0.0440874467832772,0.0437565136078711,0.0481406456642646,0.0509605076255129
683.940908351461,0.0609093722704175,0.0564319048349656,0.0447932951286331,0.0611739314790202,0.0564601443726983,0.0534614198582342,0.0573037180045301,0.0600862634945133,0.0648258221721107,0.055681726738982,0.0599550140612567,0.0554682497411111,0.0511766803160135,0.0537187703921688,0.0601907290684947,0.0565650859064498,0.0506692005190864,0.0646109721656664,0.062554471128672,0.0637429708668162,0.0664056555158653,0.0608044991040859,0.0469750881998385,0.0484031035120169,0.048968079180791,0.0552313497461072,0.0605411375138005,0.0558602315867988,0.0474833642412762,0.0572647423704035,0.0566934289296415,0.0595800873454287,0.0533395926766897,0.0521372656663718,0.0528522814897968,0.0557045095706689,0.053480212910746,0.0491102400705512,0.0469367374029994,0.0544397838462092,0.0516427389972558,0.051448264895642,0.0415442376897141,0.0408449819729269,0.0432556816982647,0.0470052476781283,0.0560731622569679,0.0432357356831785,0.0528515235666725,0.0652643062578291,0.0559340136582082,0.0506279206651859,0.051337251344502,0.0569481192366229,0.0504755676966608,0.053275120805918,0.0590628207662018,0.0632896131299115,0.0492035234905653,0.0513106135060966,0.0618507168495996,0.0564804185040362,0.0567821610333034,0.0612527083290959,0.0517831476375103,0.0632480928021582,0.0650602876588944,0.048003374218418,0.0565260669056125,0.0466674369072235,0.0617627092269258,0.0646541533492466,0.059759801608416,0.0530382146822515,0.0527647606618971,0.0573635110769271,0.0478365871037503,0.0597798218421454,0.0587300971333011,0.0615154157629238,0.0581690098375187,0.0587501902000331,0.0605542262589333,0.0500700574437285,0.0504380940948115,0.0562623789256033,0.0553308560110647,0.062039641454734,0.0417260438378185,0.0566169429649889,0.0508495521808699,0.0619066084599221,0.060431007213581,0.0596387936425117,0.0543324152959322,0.0559885766737426,0.0534827760357969,0.0568833473888335,0.054571566090726,0.0579079599616955,0.0579908262079062,0.0478324787140624,0.0579481379158745,0.0637301678416508,0.0623746654898551,0.0548038117715147,0.0551377898499027,0.0575257045058153,0.0638264720774998,0.0516933737308428,0.0606026774260349,0.0479015985952516,0.0499070923652469,0.0552882014183067,0.0528620615569588
687.271000775435,0.0698445031047873,0.0648548190919421,0.0572158106498108,0.0787378704106964,0.0761595065088816,0.0663509253409823,0.0877292632178875,0.0700220020287097,0.0672021751638728,0.0662420011973379,0.0779215189729955,0.0557291729086844,0.0606598438246415,0.0628877141624906,0.0598763022449228,0.063428554272004,0.0621717868705801,0.0632493637025372,0.0768858430894524,0.0617657752705595,0.0600902084323522,0.0543424916646231,0.0599892999697619,0.0605950505631573,0.068480047076231,0.0671401514699261,0.0642803167925315,0.0616618260608431,0.0663220565309267,0.0543185717871588,0.0616066765698048,0.0627617884144494,0.0580981631978891,0.0620191218077645,0.0604984105943917,0.0654931116927524,0.0532422593986644,0.0539281445762985,0.0592517465669862,0.055865729461165,0.0588115451455463,0.064820862332556,0.0446530057273322,0.0474610019511173,0.0605577910383345,0.0619903809169717,0.0630903711748455,0.0600218859711724,0.0585622339135041,0.0561429908690641,0.0735688496046588,0.061888287949481,0.061578674326777,0.0606589434426959,0.0572483887243743,0.0675191854903208,0.0627766624998596,0.0657971044457032,0.0617606023301819,0.055129283906814,0.0581041341852446,0.0556147307605263,0.0624689406738862,0.0685308267728086,0.0629752617688249,0.065207915228919,0.0626082315782207,0.0607667802561216,0.0568459720517971,0.0569549601484812,0.0695935576692967,0.062671052167098,0.0560721233774502,0.0586546287083909,0.0588507944624696,0.061789226840183,0.0642219420283737,0.0629323550395481,0.0573725108597936,0.0682697873005283,0.0637189792894384,0.053825956308975,0.0615058988485396,0.0608655718032297,0.0558622024545002,0.062759789548012,0.0647587894295099,0.0535106713910379,0.0616783374410426,0.0739462841767405,0.063534731494639,0.0714429441395688,0.0637501688332193,0.0581559477424026,0.0574064121941199,0.0579346901515545,0.0514700672109221,0.05661742127727,0.06829503652597,0.0599479834838344,0.0618453536711933,0.0689224484743686,0.0564421432282333,0.0622277823612621,0.0580220314746351,0.0654426449241477,0.0711170548884393,0.0713949478621563,0.0687509482442522,0.0577699265625099,0.071718794587583,0.0715196729104053,0.0688839996183215,0.0647163042015937,0.069418747708353
690.598635293377,0.0577389316583222,0.0634174903295063,0.056951206680539,0.0703511086628036,0.0670582283096733,0.062835061667524,0.0732382950055028,0.0719300772816038,0.0690237986485037,0.0632281550585091,0.0556733562887725,0.0510618943104634,0.0488853356648093,0.0475140756611427,0.0539442324916667,0.0505636683759896,0.0478046998990522,0.0483033152598669,0.0728203237550859,0.053150133032261,0.0673979327602696,0.0584323296005546,0.0433917646545626,0.0490119787074169,0.0500855878589048,0.0480796822838871,0.0507723196936489,0.0530561681190884,0.0496758273613202,0.0397244006312304,0.0442369158029808,0.0489582456863909,0.0445969373504277,0.0345376617789473,0.0590546791430077,0.0517629158752117,0.0574746388856511,0.0435048663726412,0.0526293934225268,0.0485932821066773,0.0550989866057627,0.0514200469821259,0.0545976976750614,0.0412701079290854,0.0415256431414484,0.053444386484274,0.0582506541130149,0.0501012845612456,0.0512633111993453,0.0475929270762837,0.0600670285975667,0.0581412909590982,0.0442601744749856,0.0528785628291006,0.0504980572778041,0.0440755091592322,0.0517748805033457,0.0526929162919922,0.0504766700185542,0.0577737357022028,0.0409671571058952,0.0529496926476079,0.0478999429599626,0.0486938790211882,0.0500013530744723,0.0587245939493719,0.0529786714052048,0.0418123722682614,0.0465437452201322,0.0460495477394425,0.0599756163639329,0.048666561855629,0.0512116526216308,0.0513137591468481,0.0462740285308879,0.0537712744269136,0.0460643410980507,0.0603819737907632,0.0493145093376747,0.050934428573315,0.0539724067963962,0.045942409091153,0.0427790828913775,0.0489920559821811,0.0589784016648128,0.05445799862312,0.0604085145242985,0.0531985903780983,0.0538956072896883,0.0589480764798174,0.0583562836500559,0.0576187037723903,0.0542949351798598,0.042010312781888,0.0473017735545267,0.0570450343967548,0.0505834858688935,0.0467378919134321,0.047487100162878,0.0510156621004803,0.0546626992617222,0.0538826467628132,0.0549174802057867,0.052075392010687,0.0542197703293946,0.0506797747831143,0.0534315914284646,0.0541572055586821,0.0614893078410728,0.0483794540795667,0.0385986277797017,0.0420651354837445,0.0493053999531992,0.0563048724458127,0.0583022530250089
693.92381445313,0.0625354604776964,0.0723493396722643,0.0649306464725367,0.0789038232087442,0.0681530866604252,0.0680392783543378,0.0691317754575884,0.0679463485478883,0.066002282303888,0.0596537237158641,0.062347813607469,0.0523780545043748,0.0634966168004032,0.0538599971959729,0.0653501523100192,0.0595780844680676,0.0609541618766527,0.0593851679204229,0.0768443095419103,0.0698923182442517,0.063228420791521,0.0641726240831077,0.0575286737969913,0.058904734113693,0.0542922104542133,0.0616092966038321,0.0590667988578637,0.0554994144760661,0.064535650368589,0.0561215471923094,0.0571031415092557,0.0515149999452179,0.0538789142806809,0.0409885966709076,0.0530568937359118,0.0587180760632443,0.057760848952998,0.0589974182831786,0.063186769196743,0.0575039660393228,0.0542262387943967,0.0562171927576471,0.0536713837471751,0.0435890691027611,0.047075410633371,0.0501701084440108,0.0539571022179835,0.0526549830303521,0.0486682655241315,0.055546599182077,0.0638340475713072,0.0480344608419159,0.0550509154562213,0.0565528911783619,0.0607560538053514,0.0513277382879588,0.054321720703466,0.0696434607925656,0.0618348307062688,0.0638645484225994,0.0552058053267556,0.065099971440899,0.0618796777536657,0.0680402937868655,0.054831751534425,0.0662641435793207,0.0653604016955591,0.0539732192021711,0.0491823746853411,0.0621819332169486,0.0526637691631887,0.0626512446997974,0.0682577412356093,0.060421336955767,0.0529050723143058,0.0581589271887928,0.0727704987146054,0.0589493296608015,0.0557158013355592,0.0622366625013108,0.0617493104320566,0.0603911331733799,0.0587285182291681,0.0661389795183137,0.054063056646935,0.0631927468553331,0.0617734152686793,0.0663981611255487,0.0541781603296568,0.0575355979185594,0.0589151655005822,0.0476658474700066,0.0569973018375317,0.0604051692684236,0.0640723270858963,0.0471218143412659,0.0576897105952105,0.0571587858072656,0.0564935409754787,0.0628204208522269,0.0532615953745433,0.0594595724871073,0.054555628997413,0.0568659102089246,0.0577927152313897,0.0751268258710892,0.0635719766889849,0.0640333310074136,0.0501533509536689,0.0515591262223834,0.0553479103174395,0.0545693271840244,0.0466406339860309,0.0570726493535285,0.0708712567787203
697.246540798959,0.0611610029172213,0.0577528217829395,0.0591216270338864,0.0565189055055919,0.0720163028515312,0.0584770398195053,0.0688394645849471,0.0719530703089666,0.0651066787397889,0.0663633442847777,0.0695398551936435,0.0591322233155305,0.0608686410430136,0.0529422051383144,0.0683392818138904,0.0598137968128595,0.056663637236879,0.0758750277788615,0.0759850996947738,0.0595850298879482,0.0612234245730412,0.0654437166852694,0.0606221552180732,0.0501134690915068,0.0596114680433944,0.0530129579907123,0.0506886705384047,0.0640111942342102,0.061925196068479,0.0636397722318791,0.0516826714608557,0.0528820111974125,0.0506017870497619,0.0479876425031456,0.0515765181247557,0.0516669793525338,0.0569065882873683,0.0547387510824372,0.0576735119888937,0.0478797400369933,0.0590519993785431,0.0609962546989677,0.0601524862324529,0.0384305488856641,0.0654926283250043,0.048640837819681,0.0676867394229114,0.0523514705579425,0.0454632501846205,0.0605313088118561,0.0554810977175554,0.0626985182670414,0.0570337014820357,0.0544727510542944,0.0586654854330633,0.0591409254173664,0.0562852781546357,0.0642997485957819,0.0487712402267151,0.055497712187268,0.0589612340141805,0.0594300755855578,0.0651267536706535,0.0723785918602877,0.0642431288947015,0.068730724877843,0.073318561348268,0.0570590417401628,0.0629947988212723,0.0506517243707631,0.0645077899359806,0.0674727194822824,0.0489355524267836,0.0671579424609144,0.0507782038885976,0.0530614494072302,0.0557274366976948,0.0603396996045111,0.0665535845489664,0.0609118920923207,0.059322705432946,0.0577646926275751,0.0665645661202876,0.0588748320778818,0.0542810123509258,0.0588340663306022,0.059680349392362,0.0536941136103056,0.0532873947362121,0.0651743636109375,0.0577283450078437,0.0671490964980027,0.0567823498731645,0.0647232916141411,0.059653799257408,0.0687335311224818,0.0687834107319032,0.0641749142466865,0.0625567338364067,0.062500062937545,0.0663414572533487,0.0650183369313011,0.0541754122005766,0.0679679854926402,0.0573665336160603,0.0557120499890304,0.0725334463758169,0.0744567409413287,0.0573399631167114,0.0592985096859555,0.0601745636237638,0.0618083088087776,0.0678964858281037,0.0606962831948511,0.050123579321998
700.566816871583,0.0361826010608781,0.042591047651799,0.0356685831064622,0.0580558662464726,0.0619351787484826,0.0641896143076511,0.0575781270732717,0.0412362209931973,0.0422140055162582,0.0557037125403043,0.0520601261781075,0.0440458052649034,0.0455936876232776,0.0475477121784485,0.054513424316223,0.0529133603535332,0.0562877073256843,0.0554476963808776,0.0659185617122189,0.0487079704313745,0.0602917619833735,0.055013256762218,0.0422278553200169,0.0362135417373367,0.0422929575594838,0.0410822333089754,0.0422915525681756,0.0448347828417969,0.0440964110813475,0.0556341612096533,0.0451013707588944,0.0501344062582601,0.0381859425520987,0.0402573245102058,0.0529128297549752,0.0479556456423146,0.051545345046343,0.0403134919351974,0.0446890469187526,0.0492312207191617,0.0564271042785588,0.0469719318614904,0.0483373293318804,0.0295250959206323,0.0393758141994213,0.0353370964877046,0.0498279157989527,0.0412411462984548,0.0428293139250768,0.0560562575232249,0.0488384287799353,0.0456373920674555,0.0478647237356606,0.0443437138210498,0.0360065332729184,0.0507091086334131,0.050882314134147,0.0528121913632179,0.0461482637738396,0.0505775390032183,0.0481639678793357,0.0507745461162965,0.0439523044794663,0.0403781781798484,0.0448894681337096,0.0560148451960409,0.0509690167997513,0.0476736126205906,0.0567604068170611,0.0414561427848458,0.0449589425776058,0.0568437818957559,0.0451734416006134,0.0462349275732065,0.0474676675386067,0.0384789969339352,0.0513254759038112,0.0452284893158823,0.0567706289609673,0.0567033307964022,0.0523513374291836,0.0504148679187398,0.0460489605715657,0.0434615725237062,0.0441782059750886,0.0493410036069231,0.0518361415099112,0.0503839959084504,0.0373653353700268,0.0416196775654007,0.0473127888655995,0.0549359467831285,0.0495915569265951,0.0455928046493494,0.0517843963053206,0.0520126090525133,0.0478154312806634,0.0542405167978874,0.0580723451533501,0.0448659441403372,0.0556256507711679,0.0579487883373588,0.041963694338455,0.0410733979757079,0.0444105140874752,0.0605084032487283,0.0489908417931309,0.0475558598480928,0.0482850865224405,0.0429885407257723,0.0440083136297258,0.0427937444651435,0.0482617407488294,0.055678649366195,0.0479822776452439
703.884645208148,0.0424634177213622,0.0503738496625282,0.048000831854874,0.0600749373944856,0.0490517421747984,0.0458506058950924,0.0594393615182851,0.0606903722641297,0.0627248924311327,0.0471950587171379,0.0527845164919368,0.0534928022714636,0.0475207275770263,0.0443651449522356,0.0479479931395116,0.0602281468421152,0.0435297269837515,0.0572502896831106,0.0666446657595486,0.0482944332259862,0.0560682659214892,0.0562479348217205,0.0406424517524146,0.0545369223269699,0.0475759714019281,0.044055996752276,0.0459350018565572,0.0494357313249612,0.049329914100347,0.0426262184976733,0.0550559618185238,0.053217458154852,0.0485537406354973,0.0364704362271057,0.0553651063215754,0.0436674062602709,0.0528994686063356,0.0518045194214615,0.0402854988926843,0.03494128049976,0.0446365771515357,0.0511460127315852,0.0393603173122438,0.0381894750387689,0.039012836891741,0.0420007747009955,0.0420997823561997,0.042605563401008,0.0496232906595046,0.0527431529294684,0.0554312728551364,0.0539239451619606,0.0474677790717073,0.054848132147565,0.0520805798903927,0.0509518484843138,0.0528103057483613,0.0546726329786972,0.0429263478272258,0.0502592864105661,0.0536270293798766,0.0527811732772723,0.0435897896592951,0.0510206286333129,0.0456403058514029,0.0561989858427442,0.0528341102926152,0.049025635940043,0.0481514788481017,0.057534271831601,0.0375939972359692,0.0553424060489069,0.0460089365939394,0.0423489254236627,0.0429736165124973,0.0410357765433043,0.0469057457889151,0.0516969683996555,0.0586632565101454,0.0553423417922931,0.0510208314776978,0.0459880562452903,0.0480669998751544,0.0477767335612857,0.0518013121425664,0.0477890377194136,0.0537208604709784,0.0447021636769731,0.0508736127328865,0.0565916212370301,0.0541476045385979,0.0460388842737459,0.0522395745518111,0.0557315009600839,0.0467584143034728,0.0549944826095158,0.0474293397128131,0.0420304767015279,0.0512299704267391,0.0491224090795774,0.0553314450352417,0.0451294193047463,0.0374125505769853,0.046385157778363,0.0524795112171063,0.054325856763288,0.0526944445069647,0.0488997851692471,0.0473238171820041,0.0587034138209458,0.0470992853939243,0.0476649376612495,0.061890094851388,0.0517925798606697,0.0554174249057167
707.200028342264,0.0559048955174279,0.0625123277098195,0.0548073059457758,0.0630749854956257,0.0612209424124146,0.0668196096407847,0.0585448662636241,0.0673122648291517,0.0665996999647664,0.057104262888765,0.0717131721045723,0.0651047932305664,0.0666499140161484,0.0578863575753801,0.0503228070867244,0.0669766978635388,0.0599747835063751,0.0698876722524176,0.0695149950274566,0.0616545101450396,0.0501900756709588,0.0641407851249842,0.055866096937619,0.0632268657114445,0.057365000997827,0.0580655769504919,0.0679360058620172,0.0523581879073358,0.0596115218806606,0.0644864854212073,0.0552871825873271,0.0592062940756982,0.0583337110340398,0.0547339327736388,0.0532639253735828,0.0634223571715282,0.0553580069067824,0.057075807876528,0.0582218529493748,0.054772810404316,0.0631285121625914,0.0547331968882829,0.0629237909262519,0.0479034377734756,0.0579608083704437,0.0609904959802805,0.0614155890221722,0.0592840655086945,0.0569886640144786,0.0547227519321927,0.0487520934001108,0.066804614364292,0.0599449446663756,0.0527147947058609,0.0628522123536119,0.0540740849856161,0.0694180650520718,0.063755256928628,0.0547936376424359,0.0551206588440763,0.0701181950527733,0.0624832358980776,0.0574924428084309,0.0656801468785836,0.0636211244167046,0.0563654209720017,0.0734066927644692,0.0645116336418652,0.0577856481165342,0.0618310578145655,0.0551955737098548,0.0629687389072802,0.0658666884811869,0.0649098714654524,0.0454529167854685,0.0530405500424021,0.0643339699076681,0.0632624183597202,0.0638791555574979,0.0637065312266568,0.0564630550546914,0.0650704588648537,0.0639452256815383,0.0660126760698547,0.0679924301021696,0.0729385766591536,0.0584546868169017,0.0548857549532666,0.0580122224911787,0.0636103845412076,0.0672959803960889,0.058797863383625,0.059508259530368,0.0646804523051339,0.0588808840693653,0.0624661656896016,0.0636198033628277,0.0636673595249167,0.0695228944352488,0.0573971023288047,0.0637191332638594,0.0672572588353789,0.0564700684215883,0.0631878154435589,0.0690617498282359,0.0712009619058002,0.0674016538225143,0.0620964256999587,0.0672031820904771,0.0675347502396897,0.0575426998093675,0.0635957425355397,0.061486919328258,0.0588109052493307,0.0639634799098563
710.512968803987,0.0416409664213263,0.0434687317245595,0.0368095844815533,0.0605727718391628,0.0585177336110472,0.0539057007152062,0.0598225893988226,0.0562967073269682,0.0570549893313212,0.0469335337157764,0.0536437175599227,0.0456018587268798,0.0530420268771422,0.0440789951549778,0.0616380175123835,0.0523554146426538,0.0533608828951828,0.0646004617689335,0.058313632728569,0.0578955389941972,0.049205307285941,0.0569944557638547,0.040898667264148,0.0549302790104502,0.0479096431267656,0.0444229128736659,0.0502947318610348,0.0519421297484173,0.041727453071861,0.0475656413153318,0.0475077610699379,0.0493808605985342,0.0487146918954908,0.0424250450000208,0.0477433505223965,0.0467898439788483,0.0415266973974626,0.046543034857429,0.0463293546405366,0.0520195852396728,0.0358657206064737,0.0520410718662273,0.0527691561029513,0.0352188256739346,0.0481899439862929,0.0441059890718867,0.0530897572770793,0.0469853438203321,0.0413077913068593,0.0378016655754938,0.0478174258734954,0.0525724857714282,0.0460350659798716,0.0476957988416351,0.0477716506249755,0.0455879414329622,0.0549178932934936,0.0505442082300073,0.0445639185140147,0.0466800944599666,0.0365932438328465,0.0591127505550866,0.0564968484386527,0.049766482415004,0.050537625239993,0.0598841780806846,0.0537588743743637,0.04035582839191,0.0456062411944339,0.0525821150230592,0.0530251560691187,0.0397125127636596,0.0562805221587666,0.0433445270427847,0.0432532743813084,0.05141929223094,0.0449184879780136,0.0537797447316344,0.0523725721641175,0.0514206097672892,0.0522682192458418,0.0482567608649905,0.0491592774760526,0.0517072365905602,0.0355138901297421,0.0548651599066072,0.050557843868572,0.0556384605015201,0.0530070930638971,0.0496390508104076,0.0470396354627967,0.0487529148806777,0.0406678117607071,0.0490097455591584,0.0538202250918262,0.0456918879626709,0.0403102835262881,0.0542438420173993,0.0532853169067842,0.0472054095580428,0.0494714957885149,0.0492438459127753,0.0571992318879453,0.0529274853790595,0.0475220086795931,0.0476761702578675,0.0513455418009545,0.0566224515559617,0.0494035803852093,0.0523171696025867,0.0549302604974207,0.0544394735765905,0.0523073407598943,0.0474157292393936,0.0510454118920234
713.823469119842,0.049920147971664,0.0440897456766889,0.053495963151758,0.0435914352337075,0.0697255329373769,0.0579058264166664,0.0610825512572147,0.0484670078065176,0.0458844409842234,0.0557231801954452,0.0580663936846903,0.0571796708859313,0.0537665121302887,0.057565798592643,0.0449410498766158,0.0541396841643523,0.0574056946046861,0.0527840959576006,0.0622296574160903,0.0480508147322455,0.0487487938886229,0.0514994831314481,0.0526048488792908,0.0551008281168854,0.0457880437571467,0.0534228251753244,0.0567538963246018,0.0509546651654945,0.0530985583476725,0.0583144883673849,0.0539812750296548,0.0518216375241195,0.043638495718584,0.0476401324976112,0.0580800735088845,0.0502839952596645,0.0411445200203283,0.0557252872067448,0.0516175028700547,0.0475126717443899,0.0457462029800217,0.0390849941170932,0.0465955020712133,0.032110722881726,0.0395726758316797,0.0518918380501051,0.0520761906728365,0.0420512536821962,0.040959758066006,0.057448164397322,0.0497461507444017,0.0429347734172768,0.0397256910242762,0.040364936404037,0.04852605247009,0.0434587242319555,0.0488796779123992,0.056807557495011,0.0523288867028962,0.0567031879519372,0.048979191499048,0.0569108828979425,0.0459597405502664,0.0511298481716225,0.0529596092176798,0.063947171670768,0.0473115394824014,0.0484482866174679,0.0410669560062191,0.0480211072696978,0.0525806901745962,0.0524484242287315,0.0484075105938428,0.0570481068034273,0.0480272895174797,0.0444551964739911,0.0462004367241665,0.0499627210905538,0.0564398274007775,0.0448483133397548,0.0474902293335105,0.0602461319866429,0.0540162130394142,0.0478382018362636,0.0533872556767536,0.0521236891345183,0.0426437490321476,0.0434306948475663,0.0404777496957009,0.0452865191983884,0.0549710731696817,0.0575855521334301,0.0542792316621218,0.0590941680790116,0.0624751381526084,0.0587629340166253,0.0541772066338296,0.0611707486474362,0.0580886179671051,0.0485271580617353,0.0473857533345048,0.0541408321012886,0.0431441778127353,0.0472531479546245,0.0538324127863444,0.043748001077882,0.0526744226155463,0.0573489902540464,0.0478096861887955,0.0565368147789508,0.0710085760081649,0.0540110595489792,0.0419420319908846,0.0612968367602642,0.0533480286121546
717.131531812825,0.0484400662625135,0.0518005714529148,0.0431751749528211,0.0639982308038385,0.0590975396084113,0.0526024407091024,0.0645150353193538,0.058773279541511,0.0593556066679095,0.0493132069525939,0.0592559000093365,0.0469176190695497,0.0533250960652367,0.0498554253644012,0.0534215829013026,0.0487885735106414,0.0479451523850619,0.0518029737341375,0.0547769734186119,0.0525318053929177,0.054277323298276,0.054332170818161,0.0451450191442848,0.0462040148001952,0.0442144792550717,0.0535622066867103,0.0574522751242886,0.0538230765980635,0.0627628515888491,0.0590778084865899,0.0541570318430858,0.0559986652526566,0.0527959412139736,0.0398241001691995,0.046855072079978,0.0571186209975582,0.0491616326966699,0.0372641384848495,0.042555792269646,0.0539822258950593,0.0516070417669733,0.0517282374828316,0.0432605840537977,0.0353817705972205,0.0426523129921458,0.047903973285918,0.0470996250900343,0.0586779212537088,0.0417740422924485,0.0375412595295643,0.0378270516801384,0.0551863874352843,0.0451188958810709,0.0444898118176799,0.042804216453024,0.0500046690503543,0.0558258189173266,0.0535863563707188,0.057752398441314,0.0528470929454,0.0433249466040592,0.0540976625653996,0.0479027527603998,0.0542047162855018,0.0484648050166113,0.0584449092752247,0.0590213929270363,0.0485987294016861,0.0641963542686665,0.0499127166511883,0.0375937181617476,0.0520209691689969,0.0578262640273287,0.0466214927207372,0.0492879129140712,0.0593641166582103,0.048040618385676,0.0609054974605631,0.0560351678037271,0.0405510618363622,0.0613684689853142,0.0533967155247756,0.0536518441147417,0.0654405180738332,0.0597958392936926,0.0425430951543265,0.0415925124297353,0.0488536825654564,0.0487180110977895,0.0522534207797305,0.0496451204385631,0.0602871084167565,0.0620751826289987,0.0545170132951562,0.0533750175553365,0.0537862574192832,0.0623048919122509,0.0500190457881605,0.0494202910345783,0.0630920915611655,0.0551422479645552,0.0555813729679124,0.0479729255447025,0.0530701478497645,0.0487511579920985,0.0501863913275975,0.0563058920288004,0.0399704578434905,0.0589452284806048,0.0618839371878996,0.0473869728163472,0.0465692861955688,0.0514110423220766,0.0584893315772241,0.053375716290459
720.437159402404,0.0612995782326965,0.0731622081339966,0.0664371491638475,0.0719210779375009,0.0846646416783642,0.0663982056228204,0.073952923083582,0.0722657092900825,0.0717372990335291,0.069997271129747,0.0716829460639729,0.0721012019612668,0.067790372824126,0.0655378962908676,0.0635643982539829,0.0675078620962837,0.0733078512757454,0.070339369920448,0.0727121600141753,0.0746486051400342,0.0756129994570804,0.0794013257511242,0.0602973562619098,0.0587842071713191,0.0663741598951675,0.067501443902453,0.066746456494745,0.0738289112313305,0.0735352257612476,0.0697909480520678,0.0708694655593543,0.0595720773107509,0.0619361889840318,0.0602832537457039,0.0690633390781177,0.0622579638958658,0.0650170750067578,0.0700907054848163,0.0661537215984509,0.0633274890865018,0.0671694118655215,0.075170297130231,0.0701819617560815,0.0546245920069645,0.0662149740001941,0.0650599078955798,0.0697313423396849,0.0741519282328949,0.062645043762915,0.0636436266653255,0.063923144320672,0.0622323526099557,0.0786225416927909,0.0709698138788861,0.0764032863586628,0.0681235340834412,0.0638855403673045,0.065384599726661,0.06490186066517,0.0691876197328965,0.0702102783364504,0.0595738765361137,0.0676826197462812,0.0722508957864878,0.0680997970089325,0.0804462196965852,0.0718159728352747,0.0679782973533227,0.071403338419735,0.0670797612528555,0.0661665466152777,0.0710102038346489,0.0764592125050044,0.0767571107444761,0.0732533070909252,0.0707054457102172,0.0636736087309511,0.0797877297990241,0.063965843997783,0.0780743849793667,0.0673076708138058,0.0694689375780273,0.0717741723238808,0.0656021485310363,0.0656149706726534,0.0659180117253646,0.0646041940597657,0.0689661304284742,0.069066701274572,0.0614706423648979,0.0771122847536843,0.0629710015257236,0.0791308838304086,0.0657375148985478,0.0637127156242119,0.0741476077002288,0.077854340288597,0.0687639711543103,0.0571134612307636,0.0799462430780168,0.0681015162268403,0.0581511807089296,0.0669603133467744,0.0703786357142005,0.0692454455924808,0.0716065990584523,0.0686211845163228,0.0604467054243261,0.0752781138773511,0.0735083395751271,0.0719352728262927,0.0752572970658127,0.0596946245938693,0.0694611377219212,0.071446281729292
723.740354404523,0.0556835679074264,0.0551413157908433,0.0527775562759568,0.0673601420417464,0.067969460423323,0.0637901397516739,0.0592820598439553,0.0590445297473485,0.050329416187127,0.0651797418496958,0.0594392403006342,0.0525310665065503,0.0523892637193814,0.0566792390035718,0.0591328419199312,0.0533611215540494,0.0542577749342943,0.055758061859463,0.0565764463981107,0.0537190514508818,0.0587352101213246,0.0577201650723719,0.0487407328647792,0.0526815583975216,0.0540218332589575,0.0537890290908409,0.052478186008955,0.0517594354279713,0.0600831670208662,0.0599975092480764,0.0521707539653987,0.0572769734232997,0.052818115941486,0.0597898494816171,0.0521345064320187,0.0472371998544232,0.0382110908866806,0.052158678044837,0.0530439929924695,0.0552963326988054,0.0512703901568703,0.0627323237106535,0.0628146252970286,0.0520023016148956,0.0557878318101105,0.0586862301202005,0.0568292048831754,0.0561065854482446,0.0445284179252687,0.0566838437571579,0.0571553297877846,0.0634963263196163,0.0605421870664317,0.0584251633881791,0.0583165728146527,0.0584080321642318,0.0640144748926311,0.0632433381716202,0.0546032023001465,0.0612532945051483,0.057544841955259,0.0596920462840965,0.0642324245974993,0.0706781362483867,0.0618454837445896,0.0569371801708256,0.0603618743620303,0.056207586196095,0.0538519918376968,0.061879005539029,0.0610234477651573,0.0648332405831175,0.0633409194485041,0.0598264823513758,0.0546699113751415,0.0577717367337193,0.0539716830216794,0.0605711962261682,0.0557314573981702,0.0628533900647968,0.0517273469455121,0.0478811375891441,0.0563417119295546,0.0465809049580592,0.0559629631805778,0.0489130292074765,0.0509059116094046,0.0555284198326068,0.0570624799031219,0.0525324941606456,0.0700240738566155,0.0689718905009722,0.0561626094494215,0.0605394864315691,0.0562956713973104,0.0533601011860278,0.0470378496692011,0.0575779135089126,0.0606946699162969,0.0564263637369753,0.0682852171122856,0.064143185266398,0.0534440047141937,0.0629264548896371,0.0567368535555136,0.0549350616155247,0.0571349451176678,0.0667749221808925,0.0585678606706244,0.0599400372564387,0.0596184489142365,0.0660325311602281,0.0481085720089492,0.0551216713538057,0.0669245503158648
727.041119331624,0.0515889860821334,0.0474911148626422,0.0556257169485889,0.0553027768525633,0.0721495469298664,0.0535176302180769,0.059924963334024,0.0543490810624809,0.0540997609864288,0.0641408898899618,0.0536098446752945,0.0547674851170389,0.055339246541494,0.0550498869915086,0.0530045302932435,0.047956009015843,0.0542964068432315,0.0666635346259871,0.0647478372271799,0.0625620638854803,0.0729434581936767,0.055494040662592,0.0551545808353077,0.0629655071200293,0.0518313053921631,0.0566402108696338,0.0422119715846914,0.0639828191673977,0.0595614046082582,0.0623692134990875,0.0574301737642567,0.0467734877465702,0.0539438527301517,0.0502266273408909,0.0470948693316579,0.0557009358481836,0.0450547934625699,0.0511233227350192,0.0439299760659911,0.0379898232694887,0.0502185854417467,0.0639397410861034,0.0537169009465479,0.0520291638981058,0.0547151314417019,0.0470052035647046,0.0596964591367332,0.0482656603568547,0.0541446120730542,0.0556077645235011,0.0567090362484001,0.0607079346543409,0.0623687182385041,0.0475847451448981,0.0501940260959335,0.0521524572065707,0.0528210758023153,0.0583008311011912,0.0460307915031663,0.0688954651616929,0.0570711598864938,0.0645397096038349,0.0589786268766518,0.0517926186738079,0.0572988472699597,0.059247068563823,0.0615581032350454,0.060835983312766,0.0427632290263456,0.0513677579865043,0.0616740389182415,0.048351238531269,0.0571291999318129,0.0622863716471359,0.0488870119540474,0.0548785955211671,0.0494317142082279,0.0509995477916136,0.0586168540161549,0.0476153987117359,0.0548036943192735,0.0521561392974596,0.0599744828613261,0.0606470345004914,0.0571693606485046,0.0546309849559982,0.0555375362412168,0.0520741572167393,0.051392765456214,0.0622829911506163,0.0640696606515262,0.0655076457444825,0.0627477489553691,0.0588386342983317,0.0505786780567213,0.0550936692839722,0.0522539670568295,0.0565343324617294,0.0578242264600448,0.0473031746492114,0.0539536437218136,0.0569348660414411,0.0629466046690967,0.0623625888887442,0.0521736556785244,0.0555531932826677,0.0508522438164443,0.0583900038368353,0.0499522686888284,0.0675260939540014,0.0676936615797759,0.0567910132255987,0.0604444970461819,0.0545618143352765,0.0573064334922258
730.339456692637,0.0454268118622424,0.057319332089147,0.0601097396291692,0.068664778272774,0.0674933268258547,0.0672605515553295,0.0671212599127967,0.0635187866957363,0.0573171406632213,0.0620008410048192,0.0659857328278257,0.0564420347317848,0.0485137011757289,0.0623221057682442,0.058616968725068,0.052387610605324,0.0627466849160271,0.06235848554218,0.0696591655353481,0.0614584610508311,0.0658541242696879,0.0671596391147836,0.0534277871105644,0.0585263450945725,0.056409787794598,0.0434465031549304,0.0571954855266232,0.0507329405056805,0.0607111288366834,0.0597397933595599,0.0512547527476173,0.0619921657585433,0.0539127540088502,0.0581881120601531,0.0562124039358729,0.0613507273214268,0.0563706102730656,0.0692399622652538,0.053143940042058,0.0455476659512669,0.0605838920770932,0.0600072473327015,0.0525992698612491,0.0440469992894273,0.0565539850381467,0.0552928104646363,0.0580375142482733,0.0585790478447399,0.0537053030304096,0.0497939860854832,0.0573981277181412,0.0717385818120973,0.0606626991482917,0.0527898079069262,0.0596686302163,0.0470388759432085,0.0574390246430002,0.0628091491766251,0.0566158840896146,0.0574610677124065,0.0519295079341685,0.0604693879773319,0.0578731357828035,0.0674801032760992,0.0613592467190078,0.0519922919227961,0.0616365706894648,0.0614853902844618,0.0499186165362864,0.0555442149385278,0.0570790552766961,0.0547158312278297,0.0584011830737143,0.0664935809666834,0.0553221376639378,0.0626178215776785,0.0535063090362104,0.0601669326687118,0.0625992306829413,0.0615897557995306,0.0623903638717962,0.0681779420894193,0.0601212579117185,0.0619191545529091,0.0549248554191805,0.0557843767325801,0.0612993000874902,0.0580152051312673,0.0566770809218696,0.0612471837692576,0.0621273432331065,0.0648049477205898,0.0687363150572223,0.0594636066585429,0.0557170077125965,0.0618815273152342,0.0511592172583506,0.0650689631739138,0.0713157339554145,0.0618013380724647,0.0784624553495719,0.0531490398301145,0.0612097292889035,0.0640837174085723,0.0589683398466897,0.068846038405705,0.0567344121312351,0.0641198254297187,0.0581225391850151,0.0682296299975987,0.0627138874609958,0.0603591874604661,0.0529110895124125,0.0585838958183851,0.0555728051190893
733.63536899299,0.043862793501063,0.0381534844806928,0.0469512031912425,0.0590702648455591,0.0577149063670911,0.0525836578458301,0.0573271874840852,0.0539842393367322,0.0497963808140881,0.0549641703782923,0.0504756273221583,0.0460977892665406,0.0416710480219103,0.0389225267502047,0.0440565911569077,0.0442099297724943,0.0436434119004498,0.0547809855720293,0.061580943084651,0.0487534193533594,0.0505632977473846,0.0587799919006622,0.0331160010096677,0.0478487262331931,0.0451378565423842,0.0429478669094819,0.0371318718853319,0.0479803926796864,0.0432663635249409,0.0543244215222389,0.0433492158266488,0.0485275485629709,0.0453144530908717,0.032749046211867,0.0471707027081213,0.0434835728514562,0.0525198380787963,0.0422363902571929,0.0428492484204907,0.0426731865366861,0.0434902267690935,0.0515042465392337,0.0388988225220968,0.0280559479312949,0.0413896934121658,0.0471049809396051,0.0439597289929926,0.0433232783892759,0.0343539747448972,0.0421930929143217,0.0505789439571417,0.0475865921261373,0.0378445919217726,0.0442110050323366,0.0544477880233831,0.0413288764847238,0.0382987280472133,0.0511507772117647,0.0404567114644143,0.0442768619874594,0.0461896610456906,0.0462944864845297,0.0454415604156105,0.0445243887981505,0.0395307987270796,0.0475292240700042,0.0479306475284725,0.0547595802143368,0.0440975469069645,0.049116877709389,0.0414284281729495,0.0513472566348611,0.0481166767706145,0.0477475742381817,0.0460095668390124,0.0366161453452428,0.0466316802420751,0.0539710090634348,0.0431781898774674,0.043452611542956,0.0563799876950968,0.0447756519404333,0.0515780208338182,0.041685730617204,0.0440781918716174,0.0455514398447996,0.0423914785590763,0.0504084124790183,0.0515509652791261,0.0431901022879214,0.0549872008475432,0.0596391794509915,0.0573139583699943,0.0518710267662961,0.0442454256670309,0.05174929698552,0.0460425902756662,0.0476239462501326,0.0496928357628093,0.0526453496743064,0.0461198474539353,0.0545054416126381,0.0364202444719198,0.042770922530544,0.0458412372756032,0.0503933581639707,0.0451965889116748,0.0483538107064209,0.0564262631496343,0.0466018177689619,0.0492144806295818,0.0341772228436104,0.0476961750478449,0.0482175648732867,0.0526937409237445
736.928858734616,0.0494607714597337,0.0484945656859126,0.0453435139405869,0.0479644146393411,0.0590630588487877,0.0378896114332406,0.0639424043142897,0.0577812198666109,0.049227923129804,0.0630933313408741,0.0547789367415809,0.0477401839302699,0.0359594707062458,0.0467197445095155,0.0356383681950016,0.0497015394257028,0.0571163098514354,0.0553264735552246,0.0637563557437133,0.0558915537368305,0.0521716764668978,0.0409258291101626,0.0429603998795229,0.0552550476803714,0.0519450175041239,0.0534863843860007,0.048060869068341,0.0446574989679808,0.0443818311228065,0.0549833357793266,0.0519811425067942,0.0449902362768573,0.0475304430632247,0.0293616807003173,0.0437821146506459,0.051899066579914,0.0396748362639323,0.0484799325732862,0.046869850853733,0.0444110860253225,0.0481047419050011,0.0464004707201493,0.0463162713160946,0.0344323410028999,0.0467091898919902,0.0541836075937558,0.0518532347076206,0.0416794027178793,0.0433263860965478,0.0440168777938914,0.0437429392500158,0.0435953538297628,0.0325898604627289,0.0488097563738393,0.05214587984088,0.0460335109691149,0.0496673990769132,0.0533987666776561,0.0370639329080043,0.0408940682437162,0.0421772689408618,0.0439700510303875,0.0419200096042127,0.0498004098781498,0.0470073098898294,0.0537210645557722,0.0540349609664147,0.0423568884124577,0.0518083614959807,0.0409085638961248,0.0414492976718007,0.0502487861883312,0.0510859722748565,0.0460400912183326,0.05357630625398,0.0437296779460234,0.0500981407651787,0.047189677097391,0.0515822897722103,0.0602593277876519,0.0480899099416324,0.0501774759745332,0.0418620434603265,0.0435053250607106,0.049814153503123,0.049514491258988,0.0469739747969668,0.0416080207354767,0.0429436307235381,0.0591264784425099,0.0576157506365145,0.0622370233855531,0.0499338116726681,0.0466045748807672,0.0430572623765341,0.0528695939204914,0.0494928742668983,0.0533033444265596,0.049111872425343,0.050391569535486,0.0520379673549229,0.0552722644756815,0.039375434381299,0.0456098803443548,0.0543093383012605,0.0492307959531944,0.0452438416141192,0.0495290764828726,0.0471812050641547,0.0529950100781253,0.0544068400566493,0.0435427677059875,0.0395449299419793,0.0527810152992069,0.0481050087706703
740.219928415972,0.0458132639685933,0.0484309390653063,0.0442704941039545,0.0622783813171913,0.0599317742061455,0.0499424671995988,0.0574002859486332,0.0578242088147777,0.0481069411991892,0.0560238980067446,0.0596017233557366,0.0542768910944037,0.0445814812739317,0.0505993806615991,0.0518388093116461,0.0535335156596626,0.0497794683212674,0.0569408753073297,0.0561857362985836,0.0497735734676334,0.0488528401289382,0.050872490968242,0.049306621651986,0.0518981371379343,0.0513844010392845,0.0446643265482442,0.0532301702331824,0.0474051066033812,0.0505469318989603,0.0456577797666984,0.0537455552165693,0.0455303214971052,0.0480200012552021,0.0429336190560175,0.0522833166396072,0.049107876756265,0.0425245935035168,0.0468138811922282,0.0388348053696369,0.0507615169265528,0.043555286091414,0.0424190433778897,0.0474343563290834,0.0333330362742871,0.0414688880793663,0.0512530111098052,0.0569122810039969,0.0377480714152298,0.0416533259176004,0.0446439385859394,0.0443815668499969,0.051117635035252,0.0454846424259321,0.0361830731878208,0.0363231139063521,0.0466649034405516,0.0542365747782726,0.048390848732695,0.048761843729135,0.0438475155100525,0.0468689802664106,0.0635836193105909,0.0371906675764193,0.0481414102494084,0.0389440892931177,0.0542802096255933,0.0606741313059676,0.0452217681401159,0.043597665451973,0.0509174675834367,0.0397111624244981,0.0365595565243092,0.0482688779572651,0.0578426128300346,0.0506392569633273,0.0579261674518116,0.0570009207648258,0.0625580839597263,0.0566291674133948,0.0506860544675383,0.0573253747641879,0.0473286699904271,0.0517901243992019,0.0505354993223738,0.0480930068790156,0.0545983475438075,0.0463804139300129,0.0510277462028841,0.0476004591804169,0.0603091871873079,0.0585005532496578,0.0675968673850385,0.0523941301065184,0.0612369482703275,0.0487194905744853,0.0545370275817122,0.0472049394829712,0.0606596198779069,0.0461745828557342,0.0544636115698725,0.0538805222223465,0.057742438562089,0.0470395413534236,0.0490079740691155,0.0525242520130858,0.0555514021682464,0.0504952412784703,0.0478620348850231,0.0512460396054321,0.0444955389112478,0.066386186692316,0.0493940747249673,0.0477257448833825,0.0556033516647846,0.055916238170255
743.508580532013,0.0534299578020301,0.0488974918486687,0.0530961657189917,0.0700940809240361,0.0816765135479317,0.0674404987120956,0.0667202278952509,0.0631901185141624,0.0528664160146745,0.0652050387118727,0.0558330374441607,0.0635257565386661,0.050316762620342,0.0438730993105603,0.0456273294728348,0.0628230846965968,0.0592842656358886,0.06125224030485,0.0610312010780226,0.060740778694743,0.0526115461358053,0.0585774369151525,0.0533153196211166,0.0587065897261942,0.0638137707172588,0.0507485405607049,0.0474716145814912,0.0600971076601424,0.0555693912246928,0.0612344960597299,0.064055748335039,0.0665281516260549,0.0496334731117366,0.0508314991231513,0.0488622589223188,0.0625278214053619,0.0582637088128598,0.0423125218280968,0.0600207619728207,0.0489946279385726,0.0509952539352144,0.064038119984577,0.0542483419907305,0.0519368740533952,0.0543697566463886,0.061237934205076,0.0557543879250165,0.0491324451967736,0.0570858683024275,0.050565377525697,0.0473086912541346,0.0551647932095909,0.067739246594676,0.0545172041504672,0.0498409269991913,0.0536545853647542,0.0689648600009782,0.0617448284831235,0.047660821226061,0.0554475694630113,0.0666600708608071,0.0588520655469669,0.0574413917222277,0.0591487724478837,0.055011726046025,0.0694260861637916,0.0579351749833527,0.0435421852288377,0.0506863675096708,0.0450294251404529,0.0577119680562222,0.0737247992823196,0.0604368246871973,0.0561021578588279,0.0564251110153206,0.0614563985868276,0.0512286916138965,0.0642687640627724,0.057762139049807,0.0720450876579647,0.0693741713036487,0.051521879045192,0.0570763167077654,0.0558070559335427,0.0578033768500844,0.0505702875607589,0.0595308462913914,0.0480766724749287,0.0568602725465143,0.0575081199173065,0.051309834418574,0.0546003084762666,0.0501998041754011,0.0588659509267352,0.0595156715021595,0.0618227897891512,0.0534842073219664,0.0589690770547007,0.0566750449429867,0.0585197668189342,0.059766976229848,0.0573305480222411,0.0594127178807584,0.0615968508505149,0.0638038052146054,0.0549331240671512,0.0644315310028525,0.0552230729251227,0.060509269193402,0.0651617308732565,0.0624766191068519,0.0569784127565173,0.0588093931990627,0.0474869050126805,0.0541167824424377
746.794817574235,0.0574415863049727,0.0630160618560384,0.0657616979616305,0.0838797044468063,0.075087362202125,0.0767288074353833,0.0787615911252749,0.0802862227685072,0.0618982871862577,0.0727434915648442,0.0633030553673197,0.0711223262657525,0.0600536556448993,0.0672293060434308,0.0640348180690856,0.0693583934150733,0.0704579753479009,0.076942842586041,0.0766712935884524,0.0727952564322132,0.0743612266000186,0.0696042786792568,0.0694929074778635,0.0677616810349658,0.0671791909916591,0.060132713364073,0.0692605958567696,0.0705590444556019,0.072960116656844,0.069595821146852,0.0629318866760324,0.0611833526265223,0.0609216013125962,0.0672014122144727,0.0664026049880315,0.0664199998288485,0.0532257284697053,0.0558363328901561,0.0571123974175924,0.0610987600411215,0.0727116363482056,0.0725484410761879,0.0656159853666663,0.0577361301272091,0.0684257526202489,0.062389557000922,0.0675478904092506,0.0707221212822887,0.0665968166075014,0.0611912609965643,0.0675070700364952,0.073608232283024,0.0653664232696037,0.0688200110985828,0.0621681473006187,0.0641051030658716,0.0661535806200803,0.075082967102741,0.0662990815976647,0.0629882044147952,0.0736446930403972,0.070718448641672,0.0735087692156562,0.074175049887873,0.0710631515880299,0.0716381554031438,0.0656444889654528,0.0684517165402384,0.0660057688911926,0.0650052121488208,0.0646577171042186,0.0720070181525445,0.0760503621274659,0.0690482339149381,0.0668556654816408,0.0602369816042431,0.0627029154852277,0.0761936164835522,0.0716862697947343,0.0681706720511771,0.0740509704030855,0.0721680189315906,0.0715985357385445,0.0738396160012829,0.0657807140757687,0.0721085145596559,0.0611988784595936,0.0692289241078313,0.0747651747364622,0.0643273128200359,0.0642495903564995,0.0732651264079898,0.0619049167594062,0.056478529684992,0.0714405841014571,0.078107726526944,0.0723363036213164,0.0753236806377986,0.0700841260717456,0.0648663111474755,0.0679576223327644,0.0695130188537667,0.0682258142168613,0.0626610585520901,0.081323461336121,0.0704516375720199,0.0673295200168335,0.0772648340746108,0.0761298519894485,0.0709355496156931,0.0812275601075332,0.0633808632642059,0.0669571645731311,0.0749957811436892,0.0697970000119714
750.078642030654,0.0414406663243504,0.045954372006303,0.0448117336373941,0.0647351260979867,0.0610555183380597,0.0494050393162728,0.0568398282906183,0.0509146180961022,0.0532238488644598,0.0564081966428147,0.052534849891004,0.0492424285804837,0.049683650537543,0.035947384281227,0.0465933304892828,0.0424814356050035,0.0478973538038684,0.0497495632494279,0.0490526022728841,0.0506310822582873,0.0502593150857676,0.0483470085418527,0.0374934976142444,0.0439942664504214,0.0484745548324931,0.042971802676672,0.0422210491104887,0.0383934945905815,0.0334766488164581,0.0491454440256924,0.0589369812888884,0.0523113455642815,0.0488222341755422,0.0371572327443222,0.0470748735142908,0.0579868309974815,0.0520996425214476,0.0394630957631815,0.0352694280979871,0.0326822311150136,0.0429580075843952,0.0525802395905027,0.0346993565973059,0.0443359484354206,0.0414643983195607,0.044127450604269,0.0443724505826954,0.0366478999096531,0.045387637144214,0.047017421478464,0.0461989371859887,0.0464929272876933,0.0412962709790202,0.0383629037497474,0.0380764728442816,0.0467224661078487,0.0520209845808124,0.0538772548522019,0.0465730792914077,0.0439449826455699,0.0480562466383491,0.0546797689537026,0.0455162309958442,0.0476763640533123,0.0485779402648491,0.0620398575214985,0.0518599191216579,0.0548533371995817,0.0441975558466865,0.0579089704439123,0.0419558629603319,0.0594136500639766,0.0645296948968861,0.0484558404950061,0.0510520839522523,0.0595928821888153,0.0453909495522692,0.0494525475929135,0.0549689199561078,0.0499522635688566,0.0577752845579451,0.0463327375482523,0.0566148239397359,0.0506208884495093,0.0479852811564491,0.0526995246413212,0.0433580300983598,0.0497727673104602,0.0493473389347052,0.0422225566952607,0.0512696115104094,0.0563455506405845,0.0561998575945883,0.0452885633500349,0.0490182501210824,0.0515546351454703,0.0488291062692993,0.0482025787104615,0.0641734840391543,0.0504420973941621,0.0529347534358681,0.0598982710594889,0.0492617399953463,0.0464464112074396,0.0482109580041135,0.0536484860123976,0.0580291635205405,0.0461575151860163,0.0534938681353775,0.0509456407849206,0.0557448181603805,0.0522771977632483,0.0499815337262979,0.0507508472094316,0.054984784066849
753.360056385828,0.0561884549114842,0.0518395284297338,0.0756229344234573,0.0745019635999118,0.0614007058616735,0.0641224474465732,0.0699442310930898,0.0605037950511364,0.065976327023397,0.0628306103228874,0.0658683621637489,0.0578994377825733,0.0697202867658528,0.0592726702080514,0.067768358219769,0.0599326954608523,0.0663430543833609,0.0648658897501305,0.0787149131083714,0.0615506013561484,0.0687035588368238,0.0621236660895404,0.062922810736527,0.0609368782135178,0.0602905186062561,0.0672466687119702,0.0622540973147603,0.0687449733898307,0.0637824477692106,0.0641191454010219,0.0720511813442266,0.0650675775089488,0.0520982146048712,0.0563256997906932,0.0555123296031352,0.0646461358428511,0.0627411401208577,0.0597204895696081,0.0621395994145074,0.0534338532052421,0.0652139099914042,0.0582129867417012,0.0694546576567736,0.0490405753798628,0.054902450493883,0.058179048903564,0.0606458964686164,0.0621812822450954,0.0578169976702518,0.0593815269221649,0.0629075071554957,0.0614458212250958,0.0646757138415537,0.0669756178050089,0.062701486682755,0.0611975030382701,0.0667022396651296,0.0649565213388261,0.0599505061411132,0.0670469254019849,0.0602412529948799,0.0605797165164356,0.0591691378419201,0.076506000496282,0.0645973937979961,0.068152027836066,0.0672487011936126,0.0604855567699273,0.0594848183655152,0.0731477917006258,0.0593291468012201,0.0668100202124618,0.0685714984133507,0.0672509670954111,0.0684420077580667,0.0636657746868364,0.064314258779276,0.0630498254192099,0.0599523129657095,0.0672515790409846,0.0709087857432323,0.0681238499853024,0.0531803940749751,0.0662985104037656,0.0559312598593197,0.0668160152967922,0.0621948312498248,0.0661860410202849,0.0666427814913527,0.0677158775961607,0.0756892911318269,0.0683088963457783,0.059756054460751,0.0639558051007394,0.063201057870042,0.0616100319268041,0.059639048808908,0.0690407987267743,0.0605868017580882,0.0711709088762899,0.0651542733659458,0.0743420897712362,0.0657217375007781,0.0727981213873854,0.0770737997553253,0.0702890707680543,0.0707564163252778,0.0653419344115629,0.0644475016920671,0.0669880409495942,0.0631270944319444,0.0697256278054403,0.0697745877149391,0.0684550366337811,0.0644250887541203
756.63906312085,0.0422074384930903,0.0445870476387924,0.0386683258495518,0.0648043604223281,0.061731443272147,0.0438666925575556,0.0644167302783226,0.0481862074102852,0.0406521473938831,0.0459217958368047,0.0507809534460777,0.0425360182583388,0.042097572343518,0.0374354695343433,0.0430166949431427,0.0379498613003423,0.0375677287048564,0.0398117983944841,0.0516053539622569,0.0531465143692348,0.0412965062422145,0.0480672826651137,0.0291506813438424,0.0444916461157169,0.0460782983988165,0.0378950014570119,0.0403500179830199,0.0371005724231808,0.0372143641489439,0.0591415333692178,0.0371969549735885,0.0403665348044954,0.0411076313849055,0.0375679366658048,0.049760293466131,0.050587211924275,0.031844916743218,0.0348587397242818,0.0247859828309088,0.0406087586630431,0.0342849787299255,0.0416293249651464,0.0442189039349359,0.0244206436509679,0.0349379632444302,0.033419491862572,0.0509710120486016,0.0445435251052047,0.0412978837666725,0.043405695972495,0.0438724089079793,0.0394876535512304,0.0405745843831455,0.0405031191735582,0.0350551079628526,0.035090224683594,0.0423636508758813,0.0392646097095356,0.046584706343434,0.0508591350112726,0.0363652441095459,0.0510357965232334,0.045427348772108,0.0344091390393628,0.0374810457200933,0.0450430812402112,0.0462741965991604,0.0349689730197534,0.0476589747444525,0.0389641228621884,0.0331106039798401,0.0490416636808474,0.0431714775045517,0.040157584254327,0.0415368075558055,0.0369570743738467,0.0377647888980584,0.045370363467969,0.0532267609157768,0.0386855174058189,0.0421532803873764,0.0410811479732104,0.0491523454172973,0.034336577495641,0.0501247048765622,0.0382801093788584,0.0276965517433647,0.0461092432984802,0.0423480525459937,0.0461470210278093,0.0482862127262599,0.0385748757605682,0.0430033278892036,0.0468762324077403,0.0470422821252837,0.0547463715348011,0.038389793279403,0.0385018334358617,0.0447002232392412,0.0365373158630837,0.0425615468701693,0.0486467310423398,0.0425915807493674,0.0484961348516506,0.0422241284758354,0.0534545138719216,0.0318389444164975,0.0409868112694031,0.044097713119841,0.0521173462482436,0.0489520234795321,0.0387685269995628,0.0480957288248071,0.0372800382126703,0.0445020164726994
759.915664713369,0.0523098274055381,0.0553610822510869,0.0534751744098544,0.0590823799027608,0.0643691107959819,0.0569131882225819,0.0588735952778041,0.0588118903482079,0.0640947220700405,0.060446573258727,0.0646190745734323,0.0675301400618234,0.0563621175107,0.0495829500111135,0.0546422884775005,0.0630328851824911,0.0576664464131191,0.067920271962359,0.0601556759941786,0.0645866400867382,0.0635295325178566,0.0573618563653319,0.0522273259530197,0.0483939206758711,0.0527736550311514,0.0499794066106053,0.056904983955826,0.0602260218113276,0.0579179317088713,0.0569167314667711,0.0594121344869269,0.0618643286649332,0.0620238379844713,0.056706354981314,0.0524971997218313,0.0505019568206674,0.0553609335074431,0.0443727544062492,0.0556374885883165,0.0538066601368761,0.058796132653234,0.0563394652523132,0.0486700266535439,0.0472161558845082,0.0477586843076838,0.0603716709154956,0.0610133372951889,0.0558503511848056,0.0542845112895817,0.0545582003650272,0.0593967902069778,0.0693983484522668,0.0627513703395149,0.0501549707847026,0.0561257226801466,0.0518518224839264,0.0632323800098262,0.0586667937049135,0.0558639674480139,0.0704637239618797,0.070029733657039,0.0574970614359467,0.0560712470255799,0.0545589868163912,0.0534691342585671,0.0528093551996022,0.0660386444135748,0.0598167093576262,0.0593802762498893,0.0524074605847072,0.0516156626405777,0.0615517315457343,0.0633371876216153,0.0665667002584785,0.0530690185014655,0.0587474512879419,0.0606853157898948,0.062914176285187,0.053167820003453,0.0548074211426931,0.0716661129034937,0.0622533113612186,0.0601433142198593,0.06043698807156,0.0620465611759448,0.0654411887501427,0.0619827112378527,0.0677850810498853,0.0578797871996252,0.0580058148909193,0.0669175366363594,0.0688461739872848,0.0540660915915597,0.0625829295968606,0.0583338101402711,0.0670245617190765,0.0663354529641555,0.0547936571704574,0.0586310386170173,0.0589652674350071,0.0547508693770728,0.0596205371265287,0.0596111117233763,0.0523749677671966,0.0682126403072439,0.0660257754636732,0.0659980340390954,0.0618364718640844,0.0625524722397431,0.0629799356479032,0.0568711374274247,0.0567692866442301,0.0620180840290233,0.0589768619123424,0.0668918953076877
763.189863637582,0.0444512163283002,0.0628390468243948,0.041276909194495,0.0373872694228096,0.0642071458647883,0.0579273159227301,0.0478396485670115,0.0502007451792578,0.0516052117305579,0.050013742621281,0.0580757676004692,0.0428621060204184,0.0545384848363574,0.0444369054290017,0.053934880299467,0.0519669235526212,0.0451553711456947,0.047719139589693,0.0654474628863596,0.0500835672685409,0.0502791755104896,0.0477252283304212,0.0491771055918759,0.0585030066886247,0.0481438467622133,0.049336541712576,0.0418597650474251,0.0457051161423455,0.0431399468612759,0.050799825505844,0.0439346254983481,0.0488302021189737,0.0458721900946065,0.0452747261714392,0.0495492690361873,0.0526400795639528,0.0367784174972363,0.042595486458044,0.0400373386069072,0.0403717866609317,0.0467023258809184,0.056803076262556,0.0473940176226044,0.0417532154538229,0.04182044585723,0.0567423376454681,0.0462351579042929,0.0347752776071439,0.0471796572713531,0.0509430598068748,0.0489741246363271,0.052597916034153,0.0415498110873269,0.0557762324918702,0.0478237457742371,0.0523712955956856,0.046777402487073,0.0702571868491455,0.0540882959912221,0.0530890944834314,0.0432157592831402,0.0508882721552943,0.0470580424363376,0.0533622239950099,0.0458694797352817,0.0588754936795361,0.0588024897681418,0.0478553136547813,0.0439887728028176,0.055836526074398,0.0462839229858769,0.0534699860322002,0.0448296922325777,0.0447351630375072,0.048854911393842,0.0533064187366015,0.0530940168939107,0.0548653025537047,0.045854873612536,0.0520009539206355,0.0519340555122914,0.0481199358168733,0.053193747445292,0.0476098243350658,0.056781907799152,0.0516556446150866,0.0458007342790871,0.0388521985463012,0.0479894623969431,0.0443422160470128,0.0527221734213434,0.0590876625877133,0.0494587155314528,0.0507436370749938,0.0495835653195191,0.0533687981643785,0.0473447170573584,0.0445427574406401,0.0462232128536049,0.0456332077979086,0.0495267759749406,0.0533832796512848,0.0388127862631575,0.0510596340317661,0.0521004458795441,0.052621741894316,0.0572141792686772,0.044799379179902,0.054339337957379,0.052656851574588,0.0579726229907199,0.0403571375684218,0.0467304403261792,0.0576636626139782,0.0491954818656727
766.461662364247,0.0365776007399523,0.0418711924641719,0.0345718327792435,0.0500901600507853,0.0584602163643883,0.0425396128753443,0.0422657009097625,0.049049282295667,0.0471414669348649,0.0439035733851259,0.0531249965852188,0.0465492569869127,0.0417929684545858,0.0320302032078923,0.0364155039266946,0.033767889189457,0.0388097975570418,0.0519213391515936,0.0501837257086137,0.0410819132468042,0.0419247306090984,0.0414113956859796,0.0275434286827158,0.0487999000562513,0.0440642971183153,0.0387299987210325,0.0359867826762833,0.0400228819579157,0.0356646120735837,0.0502048086520269,0.0307245707370539,0.0410447686037737,0.0348357702830014,0.037223465914984,0.0341131663257874,0.0402153911803783,0.0439918278745317,0.0374201843002492,0.0318744452814916,0.0309720271908943,0.0323062691267334,0.0339122105165851,0.0329654778151677,0.0304144212199637,0.0405526377537516,0.0331122245148815,0.0444092291919722,0.0312882979660433,0.0317923816775872,0.0378712044278463,0.0362309810680646,0.0363588558659216,0.0349830284945558,0.0344212874315834,0.0453777836270457,0.0378078374278005,0.0416131149386284,0.0467475537180553,0.0383526562660395,0.0460947906387205,0.0419669635264575,0.0323963357666876,0.0302913952705538,0.0394666050914798,0.0399793255798719,0.0531320042742676,0.0421892134933844,0.0522947936078767,0.0403632969792383,0.0321943119852246,0.0420994597164806,0.0379428542425306,0.0378464049522969,0.0340623948521136,0.0463733107229204,0.0295088179068819,0.0391582556757712,0.0473691403931865,0.0452088325391438,0.0365706005290117,0.0468994194870241,0.0339715456186088,0.0456510027267536,0.047544551987023,0.0383375411508511,0.0372866083294075,0.0416437830511328,0.0463776474343651,0.0311547293043282,0.0334978080526595,0.0425405596512251,0.048202097270202,0.0442564205788812,0.034202820740274,0.0425351213709365,0.03744410637162,0.0466497931978911,0.0466937634391927,0.0378948316430053,0.0328628200043725,0.0466077557364551,0.0402526251816362,0.0404445193283817,0.0399468157593686,0.0376794400479917,0.049586517130211,0.0507352001022237,0.0390523910111487,0.0432140034549737,0.0406025015361985,0.0477214156329243,0.03792234092452,0.0401855498355345,0.0419635427933669,0.0359989003846313
769.731063360692,0.0415075882245484,0.0389303089928165,0.0366649879128644,0.0423317081221976,0.0513066840072023,0.0402451450578955,0.0487223007053132,0.0414755442843815,0.0474872159436612,0.0502495781832107,0.056198267829513,0.0447661004053936,0.0491225691127653,0.0413464013683196,0.0463155980838251,0.0456636912023055,0.0414396694048775,0.0452558938781743,0.0511210450724165,0.0381334817236681,0.0471969682726172,0.0445403149363029,0.048252725827623,0.0464351669899033,0.037707708181589,0.0375040294148249,0.0381376762480055,0.0376455558569294,0.043373349079344,0.0462717450808944,0.0311992667057307,0.0466982787122462,0.0386053927259821,0.037645259147203,0.0464429930200676,0.0473602403176692,0.0433347129108384,0.0513987036158077,0.0368818060917561,0.0481743544625343,0.0447652832611692,0.0463003802423823,0.0385139214402111,0.0425102747887532,0.0474697985425674,0.0353306617718813,0.0453878274102291,0.0414146842478956,0.0382355370174681,0.0466173628413429,0.0413364004286328,0.0373995849652788,0.0436371602881222,0.041160114073733,0.0470265662795672,0.0348195703205389,0.0392604320892337,0.0527390978956936,0.0324797103543682,0.0431278731103454,0.0395402485874223,0.0447444362579234,0.0396964349097228,0.0336265259638999,0.0386734926211533,0.0434420882456269,0.0481412532180021,0.048794615444101,0.0473258563342895,0.0444159913252225,0.0408054840406057,0.0578387828385491,0.0446953938021601,0.0351366556066967,0.0502853485013436,0.0471110065040629,0.0441962122580099,0.0580454626700436,0.0417637250196884,0.053793107264638,0.0407182766732532,0.0386298228713678,0.0502365142292291,0.0381717233266278,0.0456353177316872,0.0462109138049124,0.0472186799659936,0.0456515543518602,0.0460629953311259,0.0492795398180832,0.0461585509332476,0.0506391728776052,0.0442574614255255,0.0475199657019813,0.0383330141709727,0.0423520503412835,0.0385013296858661,0.0527806320089317,0.0389106867115942,0.0385267497157152,0.0401944430395849,0.0557668454441637,0.0532838398039762,0.0437802877087054,0.0442863736218003,0.0517282567930432,0.0448209538920839,0.0406389061575842,0.0413440910651969,0.0365441614667166,0.045959199562586,0.0442179238048046,0.0406319032528104,0.0452187394206602,0.0515705978992039
772.998069090809,0.0382190529258276,0.0419883336848427,0.0425991759754155,0.057002202835804,0.0589953423726479,0.0439434391642994,0.0513311435612309,0.0392260809047235,0.0472819107894588,0.0500740477774888,0.0335310843433915,0.0418773789710657,0.0426605122950428,0.045074352647198,0.0472424821815795,0.0383824515855966,0.0434918464432324,0.0488856324625193,0.0509624309154926,0.0506165937430914,0.042632478405634,0.0482105983657397,0.0399343675502518,0.0491464196821346,0.0466043942166948,0.0467641594141691,0.0419957722778541,0.033592767771974,0.041496601734173,0.0506296495126864,0.0504965830613082,0.0441456487195676,0.0389399423712766,0.0312626326371434,0.0508206028004607,0.0382639305878818,0.0392961009287087,0.0473208858141733,0.0390076048744029,0.0410589111603519,0.0389144888002965,0.0467194886409056,0.0394780702592787,0.0316772443590438,0.032699804568938,0.0469391213142762,0.0508624062643102,0.0396018236301193,0.0358061429502414,0.0441368517991176,0.0493079294275805,0.0574497298465589,0.0352829301094431,0.0369850640576081,0.0386788655318721,0.0318162235990321,0.0493292920198548,0.0486916639010541,0.0289161264071701,0.043610939028959,0.0464005125693276,0.0552970831941882,0.0461097492290593,0.0514078209865222,0.0465516036591232,0.0466552903339915,0.056832500911939,0.0362228025948791,0.0454372621870345,0.0466238468097447,0.0464692936006402,0.0365665560558848,0.0451825084995479,0.0467818736901303,0.0477734855309895,0.036890606012176,0.0388621336415476,0.0482449296147304,0.0544519362044908,0.0452102306653119,0.040181093949829,0.0397443465013863,0.0524944204515332,0.0456265327381953,0.0449050775758729,0.0471616153648565,0.045898989978423,0.0390272319953442,0.04363355705357,0.0593783235483433,0.0480342988154548,0.0552840086040355,0.0425042634453813,0.0473496160816926,0.0467047098051018,0.0433010103076868,0.0457879114063329,0.0577237966041648,0.046931088247892,0.0441761111002248,0.0360864971748183,0.0483384906459225,0.0448443602597133,0.0406937358048042,0.046328822148989,0.0515475654349694,0.0435322808168646,0.0444718256698482,0.0533649784830462,0.0456316336966721,0.0521192180202822,0.038255553761845,0.0433985632758657,0.0381113600907143,0.0496316246832484
776.262682015076,0.0390178648899147,0.0390172085654282,0.0413582201517792,0.0512116531989623,0.04113684996482,0.0454416180676367,0.052830046414857,0.0508438786478329,0.0422371428049559,0.0428349043593065,0.0483652999871939,0.0444301342996123,0.0499597042024914,0.0259356290199057,0.0363968582697373,0.0409400758720944,0.0399088558181375,0.0427332942836057,0.0491675002410299,0.0498452196298696,0.0495123075917134,0.0429645116018164,0.040885026017519,0.0467523988618869,0.0402180845130578,0.03611266174746,0.044115683036821,0.0378257114339925,0.0334122109292613,0.0455584995041651,0.0321018390843096,0.0456721771525531,0.0352695273576356,0.0282608118004368,0.0489470149980701,0.0403442771680935,0.0430983402242976,0.0387179056287831,0.0439848410884306,0.0449226753761189,0.0444829179594453,0.0437085224328456,0.0387140519086701,0.035219568525489,0.0308009327913319,0.0432497354572319,0.0399736075428733,0.0491312679952149,0.0321801428975992,0.0451819822868409,0.0394005732819763,0.0434721736773985,0.0450798619933068,0.0414001816951561,0.0303162296609037,0.0374907644907354,0.0469474346138318,0.0446296988754103,0.0445121219701437,0.0423461581143449,0.0334791611599296,0.0355724128705296,0.0495314967847992,0.0455370944790816,0.0463657947478283,0.0532237665015218,0.0478861177857851,0.0360898700145935,0.0364648781411159,0.0470525159721025,0.0422414091831137,0.0415724463247745,0.0473856185623644,0.0413569584181659,0.0405857423796568,0.0473627090958888,0.0455971507956087,0.0304719436855343,0.0415113234628526,0.0389050721587543,0.0396294194791233,0.0355507470727409,0.0420165422215462,0.0449356400069334,0.0418707481763211,0.0355909194011257,0.0439914935357991,0.043565237455086,0.0429214826755724,0.0411211541135039,0.0389578800851815,0.0510217238590408,0.0436354604519454,0.0407209404829596,0.0361796101134444,0.0560677138018106,0.0456212449474722,0.0366892432794322,0.0379728178411121,0.0382804047364267,0.0331241624692462,0.0483470718584294,0.0446594492819329,0.0444977034711737,0.0494941697118816,0.0415450481139402,0.0439688418080523,0.0460293000079367,0.0514654510104291,0.0438333287153727,0.0469269773779683,0.0427729005724769,0.0379757322307914,0.0493847299480511,0.0465491255433142
779.524904590552,0.0362130966859167,0.0431387677567203,0.0384504288016598,0.0628631056688412,0.0455488105492327,0.0436474314343358,0.0493864306590114,0.0560398519044971,0.0468269344773038,0.0475101503253132,0.0503220739683959,0.0486054877208103,0.0411714803373666,0.0335366007500024,0.0406535831321344,0.0358177732443177,0.0441778546885413,0.0523027701837154,0.0538444420727432,0.0545758548646536,0.0449187094517458,0.0510560500393695,0.030796094914987,0.0477377574549943,0.0411684971106576,0.0414744469297767,0.0399035061207761,0.0398301048366692,0.0365717148253171,0.0471173531142762,0.0513683091106852,0.040162898864184,0.0310145324166664,0.0342983195071031,0.0544293499072634,0.0412914469697582,0.0474471494301308,0.0329192191331062,0.0472273906018241,0.0412494312955959,0.0357438049727469,0.0423909331260136,0.0373644064054863,0.0366169968185488,0.0406018739034638,0.0501262952292591,0.0516217237401615,0.0359328157748238,0.0379857049899212,0.0397214385854435,0.0271733431814143,0.0415864291582803,0.0402126896758165,0.0429327335906358,0.0366173321829368,0.0396734023602895,0.0394636705850138,0.0405533485605856,0.0484728915088791,0.0376010210877091,0.0455422103294518,0.0431279948870775,0.0499618363901382,0.0459928492817209,0.0398410193899007,0.053038025318353,0.0510416260068903,0.0449995910617036,0.0457389021708208,0.0474666814650868,0.0461336465194599,0.0471356210639726,0.0414962133029632,0.0423865221684912,0.0380442298615669,0.0377039239190329,0.0390833798227218,0.0422393917253455,0.0447043239736382,0.0469133316598667,0.0486830196175534,0.0419298422996972,0.0413543995257688,0.0419069813654161,0.0405391229785984,0.043334558165914,0.0443629887202698,0.0422053206963464,0.0491237176618427,0.0455227628599811,0.0477109254976479,0.0506347562667202,0.0435925298589295,0.0481353923238079,0.0502447075403551,0.0457184502984065,0.0568844397626537,0.0404742690604328,0.0459637194154094,0.0444776006893957,0.0446464643710393,0.0494875865171426,0.0432786287058753,0.0546169061383403,0.047526599917054,0.0442194891672542,0.0432302979686973,0.0424852280706617,0.0420190970417385,0.0380156016411422,0.0485234581386754,0.0367816318195574,0.0512223201415406,0.0422477318679632,0.0462739023754091
782.784739270879,0.0308303739317266,0.0302967446901446,0.032223500259859,0.0380946877030671,0.0545899746086983,0.0429306496650578,0.0410004478495983,0.0462713165542197,0.0304954752250295,0.0315664664155105,0.036721817503431,0.0271248465020267,0.0266282776835947,0.0310907758138103,0.0208205307177098,0.0350599714214885,0.0343826162875175,0.0352688564948159,0.0255342962325967,0.0283992677772888,0.0370367927255144,0.0335411348291272,0.016050483179583,0.0470119395147781,0.0353185494211178,0.0269249031830825,0.0253395981030722,0.0279848833906282,0.0363386207219745,0.0326023896081871,0.0420767444001135,0.0287879884942532,0.0244649875068038,0.0273076312386388,0.038352943227969,0.0377483163159109,0.0349482668219602,0.0254146381326751,0.028097159177529,0.0311966049167805,0.021272941690446,0.032520261501337,0.0251477555706332,0.0284088463198388,0.0316447747717043,0.039941882131721,0.0339400317289445,0.02385585982136,0.0301956340231805,0.034836409304627,0.0293377545368923,0.0246975222470727,0.0335733339023104,0.0237999031970848,0.0399681008995233,0.0348871620661278,0.0370532200465766,0.0442594365896175,0.0315019925098037,0.0391940874568421,0.0372425694600162,0.03227407972184,0.0283553290673239,0.0349035314598545,0.0344515702032345,0.0303721116449383,0.0393134371872915,0.0306865621624614,0.0231884624102853,0.0349265812308452,0.0308381385130179,0.0406815259860141,0.0425159225141565,0.0304630360674124,0.0238356769939143,0.0256637743516988,0.0319799854212254,0.0323936953037604,0.0384168810974094,0.0273972887830063,0.0277318458725406,0.0306494821253778,0.0215961243042544,0.0347983690068499,0.0283180327306509,0.036283124084556,0.0366936750562999,0.0349476355130529,0.0351015849478657,0.0351726009303482,0.0305457344178193,0.0285586770030328,0.0388967594699794,0.0338622834066426,0.0328250032412288,0.0387354860898364,0.0303674939794987,0.0335210195722169,0.0305416889951842,0.0402830863582457,0.0300569625294689,0.035137511867641,0.0300700931953333,0.0238659690281799,0.0336015746995256,0.0370724045746347,0.0291347390763343,0.0287525116217064,0.0325583123281241,0.0367613600261359,0.0393348702570228,0.0354402434725666,0.0434342249110473,0.0333715589937841,0.0403404132182995
786.042188506305,0.0341500886850269,0.0376693893038178,0.0381004333059491,0.0487225840709682,0.0455123811846968,0.0318211833813759,0.0380753764559224,0.046099074698865,0.0414891583930387,0.0475997676598422,0.0375776902726166,0.0427294496302549,0.0321609503977638,0.0336473782625998,0.0328868154559548,0.0392142909409221,0.0374973001396788,0.042096551114183,0.0518040166964997,0.0468926491382191,0.0498759235172723,0.0427164505169513,0.034944852737701,0.0479688946356458,0.0475499157126485,0.0366792670020686,0.029711228749449,0.0266394130035778,0.0344019252297445,0.0385616163144512,0.0373370049756194,0.0466479971478343,0.0355724171634885,0.0321857522312541,0.0319005863154525,0.0459418132203134,0.0370240005968197,0.0393198090234524,0.030163932490516,0.032702078257458,0.0348013192786545,0.0380054044559356,0.0254832796637038,0.0217864848510085,0.0291162168764822,0.0391480976802478,0.0314665260177608,0.0350462704656389,0.0377418922515398,0.033477478147068,0.0326401168402632,0.0412309284425552,0.0368817355076579,0.0384980167734435,0.0309744349014677,0.0393587850962889,0.0408467917497852,0.0384840358496902,0.0348531925424125,0.0297989054007582,0.0393932574677916,0.0362398450286658,0.0418489279147381,0.0364825763097036,0.0445709448926383,0.0441990600692737,0.0479483638081563,0.0395680384041245,0.0359677838556884,0.0388412535419501,0.0335404113880185,0.0427870919611687,0.0464060357058385,0.0344041147186591,0.0451526413870592,0.0402330450579343,0.0380969499522156,0.0446998651345385,0.0410245486596563,0.0382423626527832,0.0344937607142704,0.0322948067335378,0.0394094109692601,0.0410333143584517,0.0269579883966603,0.0462723491650972,0.0404769307957333,0.0517951139986473,0.027416638281264,0.0389790768910284,0.0536598641375977,0.0392573110417417,0.0388252665898788,0.0348041072516868,0.0491509128950038,0.0452610536450592,0.0450356701645549,0.0367129131079586,0.0385036936523181,0.0493348321388694,0.0299523909152207,0.0379691424698551,0.0387018573872357,0.0368337117079067,0.0463924570160224,0.0379874729311326,0.0376484074311689,0.0483555080547331,0.0439417689034837,0.0366376440494777,0.0397697982461142,0.0329187505917928,0.0408864719632482,0.0446011715959586,0.0366501147022134
789.297254743676,0.0256628558415312,0.0319059122843887,0.0368028092743715,0.0498619041969477,0.04199278222852,0.0283438544004487,0.0351360387780982,0.0368358233701134,0.0454996906491418,0.0332543928733695,0.0368114378145037,0.0343150719691344,0.0279208388670482,0.0361901939869501,0.0343009769049563,0.0324043427341421,0.0344154729116348,0.0304606498117191,0.0472490979004267,0.0383407060140944,0.035417807788286,0.0379688818261798,0.0358370929817696,0.0319428589114951,0.0309271380270838,0.0270752885870378,0.0266027250772663,0.0369006270938251,0.0279470421454891,0.035092392790812,0.0342949633401463,0.0369974502726525,0.0250042530481582,0.0200751062246078,0.0265680710485672,0.0306207872151889,0.0351578695802081,0.0193832148355494,0.0299231938664711,0.0272496375395826,0.0420265391464445,0.0281066897117094,0.0298031879681133,0.0172829645479761,0.0224731975910229,0.0318742240080767,0.0278520114847439,0.0342981717853536,0.0334641696984316,0.0214827264992511,0.0220979780638075,0.0381495361555629,0.028456430909664,0.0296628230807712,0.0301864169235672,0.0217942860232814,0.0276679731835137,0.0449466094533265,0.0335420541658793,0.0348279759340643,0.0339718031906797,0.0306970558582002,0.0315204736569055,0.0357409637074632,0.0299539263836995,0.0282447277761308,0.03674331786145,0.0161700655096444,0.041074848363739,0.0345073812834594,0.0339048576561618,0.0420209195896462,0.0243177034120543,0.0330378955314463,0.0256717559119034,0.0275721462253474,0.0298147523007892,0.0285726971999132,0.0358225591280777,0.0358914684629089,0.0350173140566288,0.0309852971518461,0.0190449299651913,0.0385423720887173,0.0318801122750776,0.0261174970687204,0.0316330277934398,0.0339189308710224,0.027801289847024,0.0348360183441852,0.0341628000775092,0.0265998772584932,0.0300425614823763,0.0310454666231824,0.0465806102750683,0.036559388593855,0.0339404309215452,0.0325533043844799,0.0388469941522213,0.0387706436366946,0.0356336276514872,0.0235908926493259,0.0295995670216938,0.0313735065246309,0.0421076618352309,0.0296582042182433,0.0386063481002141,0.0334644238723915,0.0298173453728451,0.0279174684806935,0.035088957993598,0.0402945551345834,0.0319014914920945,0.0282230502478422,0.0380250489120031
792.549940426439,0.0484388462543058,0.0485443541901019,0.0448552597855759,0.0579706389349862,0.0765286011310518,0.049977282301903,0.0491561093675888,0.0409066580065447,0.058609303172374,0.0573929912822792,0.0547891800928887,0.0378897903569986,0.041460845190912,0.0465225957331388,0.0429796345169471,0.0507631031146242,0.0532352124364665,0.0546245802278779,0.0551125558589662,0.0523927391393724,0.0525943148049737,0.0560174227264923,0.0384558631777633,0.042487772165488,0.0397373300507958,0.0544873551613694,0.0487469014648628,0.0371864198892148,0.0394920396496172,0.0476676183381105,0.0495056281660782,0.0384469409788777,0.0497645841632211,0.0526521503677428,0.0473016563206787,0.0427039136447157,0.0478666518904513,0.0450997565484751,0.0451469200871104,0.0605517171341029,0.0435204598442621,0.0443799473996293,0.0495315496906114,0.0319517219872951,0.0456882602967769,0.0539768210121414,0.0462112096897362,0.0465966321374601,0.0439326491573561,0.0431087781577927,0.0449643147009643,0.0592668878433686,0.0434569430143062,0.0363022607518747,0.0423013267348144,0.043043526056081,0.0461311524598156,0.0480539472596466,0.044999832224623,0.0485059173868933,0.0494657258996571,0.0524351422473412,0.0378420205059334,0.0505505554316644,0.0400449766209898,0.0493451984929279,0.0514089659677263,0.0414396911505937,0.0520584358496972,0.044275868765215,0.0389038824295861,0.0475283932196302,0.0437577317185707,0.042831651666721,0.0510386528250432,0.0515789530657244,0.0416581272407424,0.0510805692635865,0.0545503987613378,0.0444158573746136,0.0468443119395252,0.0396609064451655,0.0588036770959902,0.0482337271407289,0.0419397966180076,0.0514282261496368,0.0451352625242784,0.0413247979060164,0.0518460782350641,0.0408820884423777,0.0428571351688496,0.0483847158577571,0.0438585584822641,0.0454308184326392,0.0457132741075401,0.0548893330771236,0.049725330771001,0.0475697391011872,0.041516064605814,0.0408764758577285,0.0494206245971276,0.0418709254480114,0.0500165155705682,0.0443132187651994,0.0525958694926604,0.0582357900635003,0.0447708746271429,0.0377781087723705,0.0527607597313242,0.0460763954968895,0.0570389560715417,0.0464905527373706,0.052096482931999,0.0468974623461489,0.0478516391762913
795.80024799466,0.0450515093522993,0.0449393963293776,0.0457334462295804,0.0521025932758611,0.0534851650084591,0.0470172334893016,0.0527590907083635,0.0583117273318741,0.054550734406347,0.0473576332401086,0.0572104743609283,0.0501803016323163,0.0423582931328278,0.050710394868715,0.0466053659189657,0.0428288246902022,0.042818447210661,0.0576120537064171,0.0537731135711734,0.0542944883069452,0.0533871499423553,0.0562489549726006,0.0491840707110056,0.0507564655347262,0.0440097121815867,0.0520402900278768,0.0530746247560885,0.0452054629739194,0.0555263247943376,0.0541372279527709,0.0532845952504148,0.0392964978948195,0.0385986248994626,0.0388171535786693,0.0515797128910365,0.0592500209584668,0.0442894459514022,0.0538886148529327,0.0397183315083097,0.0429198100769382,0.0484305805754152,0.0458388985149095,0.0538239296814508,0.0428775249037281,0.0454600482140124,0.058431242118618,0.0498991991798528,0.0441176810064779,0.044939244876536,0.0540993146927242,0.0447663876618964,0.0561578026395338,0.0432081110099297,0.0463699542430286,0.0508793739322416,0.0428364678568205,0.0425346942893198,0.0483631002168709,0.0436610520482891,0.0546613838758961,0.0608760567678977,0.0611047334971268,0.0429584798469446,0.0572747307411244,0.0501220940065216,0.0429112683902374,0.0434812817894787,0.0553744681233082,0.0376979384291764,0.0457961099749273,0.0566719357956068,0.0587380830713935,0.0493361939462377,0.0473184122469504,0.0460952056630154,0.0495391883768766,0.0465829637034712,0.0519759049391712,0.048763959315458,0.0477682760928665,0.0501698036910624,0.0471464989492284,0.0522895836152611,0.0550072792939233,0.0514134088027502,0.0443212007739485,0.0471572914083457,0.0522461479437143,0.0573993616082758,0.055416948386749,0.0538396860079201,0.0479252943723577,0.0408462980413337,0.0480869916964334,0.0494100272803369,0.0636268331829658,0.0551968026999306,0.0524129045711114,0.0494358574083158,0.0452748940667799,0.0620343084028157,0.0584176532686084,0.0633316708660101,0.0595408722443177,0.0499897566110017,0.0562244788975671,0.0509212554010948,0.0499917197429165,0.0472995765251179,0.0424789175141775,0.0562995401820805,0.0625841473535698,0.0582640308998101,0.0626835732972472,0.0520205518131817
799.048179885027,0.0421633905483616,0.0538954004724957,0.0460473093303393,0.0467208589693073,0.0522487857199343,0.0489587732745369,0.0596334589691399,0.0554137676038461,0.0531587050028382,0.056286463570642,0.0499708784004043,0.0504549088829457,0.051851914879183,0.0593438315115306,0.0429387623336355,0.0485667559999875,0.0576753102929482,0.0616711646807029,0.0675550302952269,0.0622507924484766,0.058531696257453,0.0531286280231029,0.0535156111642151,0.0573147196049429,0.0505303032866213,0.0523428725748022,0.0481999063763968,0.0393756468671658,0.0518432833587309,0.0489638179260012,0.0593325884375013,0.0547564534799588,0.0547809105653682,0.0447732816801449,0.0581119728412071,0.0589965618153307,0.0491152405986318,0.0463137319674636,0.0457415220938249,0.0513127274321873,0.0510399594070709,0.0501306248982531,0.0598163554467799,0.0340730340873085,0.0516609901648905,0.0499401170306888,0.0592118518477353,0.0518463885152586,0.0471121253800955,0.0562247448709406,0.056079588707889,0.0507291279390691,0.0435318028540852,0.0541296102760384,0.0482878790185937,0.0489902739238887,0.0479692495810357,0.0414189692465867,0.052186301278815,0.0446312222261118,0.0525058202249769,0.0602662374395373,0.0456796605886807,0.0564901497295454,0.0555859586532374,0.054436456958054,0.0619753096001901,0.0511817908869281,0.0586678103912008,0.0549490550147321,0.0628062569588573,0.0539301964858647,0.054900758406166,0.0541437782296956,0.0580339786187913,0.0599099718093307,0.0463156382148506,0.052857098927803,0.0585551872149292,0.0556919384196104,0.0647990333326511,0.0510895321945885,0.0382448973554542,0.0565400606004833,0.0540049353310906,0.0525499480517874,0.0503125281773801,0.0455046997784359,0.0548548789187293,0.0455646773109571,0.0555980121824661,0.0591226189219987,0.0528955041011244,0.0524864211329883,0.052521257072938,0.0616451335077014,0.0617992119739204,0.0555491393754361,0.0555870007164085,0.064649756441975,0.0566562402889834,0.0571817510607706,0.0453279406050122,0.0632462119855303,0.0462326710392989,0.0541994877314292,0.0529969545600044,0.0701054048339038,0.063262642365114,0.0508840450878297,0.04987788817139,0.0600078281843878,0.0492365105273071,0.0502875239989898,0.0567401052923437
802.293738530839,0.0361854694204455,0.0491691464068956,0.040839650013903,0.0532962020782033,0.055642500082991,0.0525248430569723,0.0462354506591054,0.0407557640711098,0.0453201797629593,0.0543572819363917,0.049148940795179,0.0425327797870577,0.0452591864697804,0.0395380176029797,0.0510162258729609,0.0427935654465318,0.0472296825682623,0.0434688569747935,0.0369995317033774,0.0514372185620301,0.0445645406591553,0.0466565921460732,0.0352036278855543,0.0463249369815856,0.0417690834909127,0.0404726566731115,0.0341229031438322,0.0374056450287266,0.0368872895104464,0.0531902453101792,0.0453863446126054,0.0403664637348603,0.0424477094057618,0.0405312775090886,0.0362828996683065,0.047539122251618,0.0376553435139415,0.0375976609685943,0.0374188346377851,0.0411756077278601,0.0353408871886648,0.0356235470497924,0.0406627591642961,0.0337829221425663,0.0379333468221197,0.0408476087809476,0.0397593196564357,0.0402552653145845,0.0333285443289475,0.0329628028697564,0.0466338409053009,0.0326041579347886,0.0426701996162628,0.0406511191570428,0.043921249252392,0.0446989834786107,0.0375625579274331,0.0511686411694452,0.0397807717064184,0.0363197431820318,0.0417964158310168,0.0611939426853445,0.0412443218590695,0.0499264865605135,0.030564697066837,0.0457289427716309,0.0430066008447393,0.0413151787389812,0.0354436287148914,0.0393850718519477,0.0497537097548452,0.0416785412523693,0.0437191534085683,0.026256873633803,0.0484020458064391,0.0335848686306264,0.0454595776117464,0.0378098075701757,0.0499575651666234,0.0418234045276341,0.056214696558028,0.0356094868537125,0.0450035410680943,0.0452820940113225,0.031970802261131,0.0465529964586706,0.0465744927358905,0.0422790410163039,0.0413256704681553,0.0391000291193216,0.0556154489026093,0.0464087379934642,0.0510158063310019,0.0445712212427476,0.0350202701965185,0.0393657442790036,0.0443554161777057,0.0496412251353728,0.0371561947670652,0.0523020900606995,0.0396660303909365,0.0438953221417849,0.0444399564392676,0.0433452838203606,0.0322251791184585,0.0423538688574901,0.0527384192694487,0.0359418576341755,0.0369157263325072,0.0449714515383243,0.0349396396179841,0.0434258519142153,0.0396112283533066,0.0470756031455279,0.0462078231234808
805.536926362046,0.0342962322269295,0.0416955243105782,0.0328646962489681,0.0409079669033182,0.0395255987397336,0.0358675137485692,0.0437745943319333,0.0485092099350531,0.0455091827919047,0.0415702354544614,0.0456337124144125,0.0433268770757407,0.0352086070016987,0.0314239873911338,0.0338851845119474,0.0485030236069887,0.039017690171673,0.0393616750769293,0.048592486767378,0.0450235238359618,0.0502279851431833,0.0301568451564248,0.0435695522171005,0.037018812389497,0.0380838154657753,0.0313523865829346,0.032091287602528,0.0282277836948011,0.0393688431148209,0.0413439116534971,0.0325677271314027,0.0341521206673364,0.0289610732074853,0.0340130165479112,0.0433553120535768,0.0494977991565163,0.0267432045129682,0.036761235340754,0.0348153858710492,0.0414404297375022,0.0310623981592168,0.0307806117794517,0.0283502713170784,0.025486938430568,0.0394211274579166,0.03938320851366,0.0394622230732835,0.0377364172069891,0.0372440251842527,0.0374214131189795,0.0463945068827566,0.0317606269695025,0.035349544995629,0.0380586987335567,0.0424767646657142,0.0403941281199821,0.0384482978016563,0.0464255474056258,0.0413068266720163,0.0285719905649783,0.0368872423435943,0.0312523580407468,0.0504837467439066,0.0525730701440387,0.0308270479415389,0.0420629710852202,0.0361409316254198,0.0314354029820479,0.0369468410908192,0.0308659138847127,0.0477275665137474,0.048275821972463,0.0446405301429655,0.0412885707455439,0.0335129895763399,0.038603281458778,0.0422887005296112,0.0403682990893694,0.0368920058426292,0.0330995327293795,0.041958595534118,0.035408713961142,0.0315105988477648,0.0398184517860906,0.0396870739914072,0.0331524071914335,0.0313566897585643,0.030803529694663,0.03009258938683,0.0303548626273246,0.0366232585879298,0.0459076569006345,0.0386862174113626,0.0460143503635681,0.0352443036997235,0.0469358026940044,0.0349093831654835,0.0375113752090913,0.0374306495713862,0.0508954344027686,0.031942070361448,0.050657464181867,0.0340879735766603,0.0418448680626105,0.0460719203228709,0.0431864076423396,0.0420244259437048,0.0317234094745511,0.041843217996078,0.0367571497797144,0.0432314006430738,0.0338268515677047,0.0439854865990216,0.0381015052132722,0.0469496831132562
808.777745805219,0.0334193968201337,0.0347551070575625,0.0331389177276906,0.0569349467493986,0.0452162458336934,0.0470527214221636,0.0451331142844686,0.0418332763938541,0.0408601929418352,0.0580500819107655,0.0442488594064616,0.0430169992677572,0.0452349713357694,0.0467067237796389,0.0340974086817894,0.0394168648408716,0.0470884481285512,0.0439234434371756,0.0444967225471725,0.0446648273112026,0.0411453348786492,0.0425737631825477,0.0374157654360538,0.0390122650123561,0.045129539416493,0.0437736230028423,0.0357883851763097,0.036744819925479,0.0305777510769898,0.0333601632837191,0.0317231755526591,0.0372835955016592,0.0354126062736858,0.0359695621312743,0.0373745332115431,0.0357764265461927,0.0276011700936592,0.035911511153958,0.0373580438445034,0.0376414327422639,0.0416348974182146,0.0344634537554168,0.034302955111758,0.0294360163378411,0.0268379395596268,0.0367299177139033,0.0323872710129326,0.0431543128233219,0.0364218170104611,0.0347856334090797,0.0386503699286576,0.0395513044636888,0.038563686493893,0.0371741901349254,0.0345603241874258,0.0412915490948545,0.0410168215077292,0.0372141354052282,0.0393335073235175,0.0323616292032083,0.0383598240209176,0.0547009461451166,0.0341165461528008,0.0407932787829074,0.0356755432451751,0.0406304561006687,0.048537922983352,0.0407887280396159,0.0478617542631074,0.0370380391037284,0.0369732388449109,0.0525738243100838,0.044971477491881,0.033958643082109,0.0349239887643588,0.0430165013751926,0.0471605323131763,0.0503019788868132,0.0355067408854839,0.0507259668363393,0.0322163561958088,0.0369593858608779,0.0382430393812315,0.0442147329812494,0.0359426771855701,0.0470263753532798,0.0356191040021388,0.0387279373209617,0.0465623416528438,0.0425692984274993,0.0556089214574207,0.050950508080204,0.0472166505321052,0.0374861603503335,0.04174959529658,0.0364622653579679,0.0368945214734796,0.0338344692945513,0.0482210722804102,0.0390982399799054,0.0363842632930124,0.0591260680340703,0.0443960228928577,0.0351523469640637,0.0417064135182407,0.0434288278156706,0.0336172900996017,0.0382317204533619,0.0380664302567986,0.0491286514155023,0.0430068540642136,0.0527824690789546,0.0454267401786971,0.0371621042384754,0.0403413140171706
812.016199283575,0.0366315420303047,0.0343621496256837,0.0361542994388254,0.049510138036318,0.050430709803314,0.0391072419399928,0.0503111623159424,0.0458226940615081,0.0463833026357586,0.0419833770663607,0.0433866871958892,0.043785589971788,0.0403234748107898,0.0374522630162232,0.0538926086459502,0.0341491234697276,0.0478398522119582,0.0397900650618389,0.047955430171182,0.0437413893029816,0.0440542786717976,0.0338363475172056,0.0364709313152814,0.0319426300507549,0.0380248764649213,0.039048310120698,0.036026236500394,0.0358407344980752,0.0454169382805913,0.0469593236543119,0.0519865581213662,0.0363058976501059,0.0481215119908393,0.0413085207149171,0.0387511674095418,0.0365905422269905,0.0346182891548614,0.0333572630345352,0.0358744073544498,0.0396155893646957,0.0493355503315534,0.0358563582223764,0.0396714929005805,0.0317744852300032,0.0411850984148323,0.031712268107032,0.0371390237982063,0.0298206601483645,0.0361760833295949,0.0356771698327399,0.043570472285354,0.0519408973210103,0.0341470972269237,0.0374240965273911,0.0477677017237229,0.0468118768704826,0.04187658274491,0.0480383965179961,0.0425765155625203,0.0424908302784026,0.0374936876884701,0.041346802066689,0.0332099519286777,0.0526367098928636,0.0433855340631174,0.0442397782179483,0.0444003204705822,0.0348455014826046,0.0322551945883704,0.0426089756313846,0.0343404994308987,0.0437127255871861,0.0447121449801656,0.0430826014264157,0.0404001272400453,0.0397249352742858,0.0364834176258607,0.0579486272206101,0.0463587477235572,0.0396831922035921,0.042832205806136,0.0449670351627477,0.0403366764629694,0.0491786251065543,0.0545080652871389,0.0466750883084322,0.0352820072192633,0.0454622769287578,0.0289509437874998,0.0536371656100431,0.0567365171680226,0.0493109059979754,0.0412388203453249,0.0394881046222983,0.0408036025208578,0.0502039751634885,0.0457332895560652,0.03917506745478,0.0391096811652584,0.0445842037150529,0.0413937311192444,0.0503858304251081,0.0481936980740053,0.0405308626952806,0.0441526528850565,0.0436581672566946,0.0495608973249736,0.042466199052987,0.0447058263799037,0.0466106833775777,0.0342661444307455,0.0460726079304433,0.0421834818058073,0.0419580947632002,0.0421854825889382
815.25228921698,0.0203468520624315,0.0328624882096389,0.0270389519758279,0.037086412064203,0.0417059666449781,0.0366103223033585,0.0330273080180805,0.0337812508168292,0.0342030464699294,0.0503038381591923,0.0382238212940907,0.0243553790796179,0.0290845059363698,0.0287425532485387,0.0260841674456019,0.0228455474613906,0.0334046369668177,0.0215353633730262,0.0297798298403439,0.0328751845834781,0.0382197264512809,0.033431091434078,0.020426444949634,0.0384354012106135,0.0354311204023135,0.0343099446948214,0.0236168826630407,0.0288360263368702,0.0264658678230902,0.0345185788871812,0.0379849082990051,0.0206890709104494,0.0192046194058202,0.0240015017427828,0.0191375117195758,0.0312371479104751,0.0264725317719651,0.0290986433854278,0.0303646296368335,0.0195885024531133,0.021577079597651,0.0349594727845195,0.0301761329704639,0.021844168322262,0.022718206581397,0.0213913621382578,0.0300392745076077,0.026695402446688,0.0311929780372733,0.0265241894537647,0.033494771429513,0.0291516055870931,0.0267878438872344,0.0244674651445163,0.0263206674615015,0.0256611242456211,0.0291568067606268,0.0287769740643307,0.0266324506930387,0.0352800530871952,0.03428898345759,0.0350998614685957,0.0310992241485354,0.0321823660815109,0.0361342221081332,0.0337951019882293,0.0259311858554952,0.0322859264777037,0.0295950620750032,0.0369916719910644,0.036924386553709,0.0302663339132993,0.031746102329253,0.0263165678335568,0.0208104429153104,0.0287287383610114,0.0367263570439575,0.0343212769609019,0.0371520040638707,0.0246155814473446,0.024576475632982,0.0141424981719977,0.0325874940752824,0.0372869113318218,0.032421794151384,0.0366466338290942,0.0297722152633026,0.0310048486466215,0.0367329896600759,0.0312493722229883,0.0336742706738234,0.0343199794550686,0.0445251045767573,0.0239042660938094,0.0312620808543211,0.0374506439918326,0.0253765419498546,0.0236194450558204,0.0288153557899376,0.027572744287186,0.0411711081776547,0.043925546448684,0.0401651706314498,0.0223037082489976,0.0272494901448646,0.0300292633508814,0.0353261630552495,0.0302957539667418,0.0298943688528327,0.020048445238215,0.0255129332375818,0.0259407000025979,0.0301686613306899,0.0329442663396102,0.0344221997712571
818.486018021954,0.0281482338322913,0.0357236416118155,0.0322321969188535,0.0406102770538673,0.0385405544236964,0.0275456710436935,0.0387269403321708,0.0318715325443311,0.0241541435942365,0.0266202684768341,0.0373355541938952,0.0240078917541323,0.0287386862261915,0.0400858054490195,0.0256974588446032,0.0252150995937184,0.0313189231313778,0.0358259079028777,0.0321318669351799,0.0324776793424998,0.0372834273175069,0.0346819916035952,0.0281592238212063,0.0251183404878533,0.0328245053571739,0.0234791011733078,0.023827794072646,0.0251384983030327,0.0215752682329075,0.0276021383898005,0.0296783692908299,0.028458696538512,0.027327520823858,0.0372373988303157,0.031260717663955,0.0426577028132332,0.0261695544998147,0.0248271822649787,0.0265617102012412,0.0319521481344467,0.0252496175140033,0.022095594989256,0.0280936662906024,0.021494745665439,0.0171244267418478,0.0257528877319511,0.0240548814332635,0.0281002953027268,0.0309197794423647,0.0226690887034017,0.0280160555047663,0.0213383855462496,0.0176580558311922,0.0281339307755724,0.025997756651855,0.0392686766071986,0.04299265420629,0.0295515151751804,0.0217153791794992,0.0320989263877356,0.0310713609636973,0.0193457695224711,0.0438542453132529,0.032469018687951,0.0317447094763496,0.0396254887799063,0.0338846195387812,0.0297137765442587,0.0133733207021417,0.0243035232357693,0.0377527882199236,0.0276673833990557,0.0343455185767858,0.0265928334971248,0.0192691387524059,0.0165361677397689,0.0294763847060367,0.0277319452668223,0.0340576914404403,0.0152663486224793,0.0334694494676705,0.0238892641506839,0.0392817320738354,0.0364171235761346,0.0263494437271171,0.0237630730257617,0.0282631593155332,0.0206522682545622,0.0231374645175622,0.0337894206241772,0.0353508483360994,0.0165371571967815,0.035622667875277,0.032908896616118,0.0274300595814347,0.0303190296811241,0.0273234101533623,0.0255478128314548,0.0226028885090245,0.0347631220512289,0.0328167850588216,0.0380257778636951,0.0197199309170401,0.0339863086666609,0.0342200771766105,0.0238871234056333,0.0338405118779407,0.0299830070113308,0.0289758162060474,0.0403929156498949,0.033187495466726,0.0331978270167329,0.0239795811871405,0.029091264323434,0.0396267812103619
821.717388111677,0.0467046432886604,0.0374783935826564,0.0379637776709561,0.0456189150533789,0.0590402704498376,0.0468703735979989,0.0520792869318591,0.0481025985417679,0.0510812503453206,0.0381686432844342,0.0578723273529232,0.0443799968571908,0.0513404982389162,0.0374823916197696,0.0348161617551282,0.0445427376459958,0.0393350290489406,0.0452201887023087,0.0474441923063975,0.0309642193585994,0.0532501389149943,0.0442653517163401,0.0347186633377747,0.029323415539307,0.0398184962550418,0.0391645545496688,0.0395304126088973,0.0352627347096341,0.0487596246049695,0.0489141240069592,0.0350590957593544,0.0520098555930824,0.0405681588668974,0.0368810150124411,0.0394026439232761,0.043994221975295,0.0303428459572648,0.0357654307335693,0.0365047789294624,0.045460314321509,0.0426303296233507,0.0462208815284446,0.030568260641346,0.0403188381129656,0.0279182952113822,0.0400945184703062,0.0445556465484033,0.0431209125749139,0.0477559913800958,0.0323732274594321,0.0438458411097922,0.0342663044474184,0.0466051710349282,0.039818981884414,0.0497348267315233,0.0470682113476341,0.0460756647409287,0.0475776382074921,0.0487427763468709,0.0335251541585823,0.0487704662539809,0.0421480873059664,0.0381453772713817,0.0506142881686005,0.0434406264303045,0.0476899232542062,0.0401735788223831,0.0475074418942738,0.0419081275909363,0.0427762312392048,0.0443791316133923,0.0410602165216901,0.0432788636858511,0.0397947690070415,0.0334458778043105,0.0404210440186145,0.0342975813505607,0.0506850273880655,0.0437579227556449,0.0374261086757777,0.0519696145621746,0.0559741244647448,0.0384464056807675,0.048311746446192,0.0425873158207475,0.0495245082558452,0.0324749762229884,0.0391128544640592,0.0470615373422371,0.0431189384166884,0.0565857336006295,0.0432015064794532,0.0464212342232803,0.0407290880362266,0.0430403714938148,0.0490934508224047,0.0407020323517959,0.0410094311598673,0.041530995919994,0.0494360488623598,0.0354692996892218,0.0516021259319598,0.0417899043253191,0.0542877935414585,0.0394719926492131,0.0465767518030026,0.0474244890375465,0.0449196019783382,0.033838670829516,0.0447039846099452,0.0448181529773447,0.0421915514428304,0.0522268073682583,0.055693234085529,0.046511790728636
824.946401895993,0.0324334607890299,0.0348464743915031,0.0359715981262748,0.0516137469238562,0.0358893941390403,0.0399643776721887,0.0270917308595614,0.0349550734587754,0.0447594185950714,0.0307266684438146,0.0360566252347903,0.0369156871901574,0.0371924616376794,0.033752044113689,0.0405629653088038,0.0348413859359747,0.0400323963995118,0.0442920297967595,0.0411226683936801,0.0465396419932683,0.0451951970381491,0.0388147844193688,0.0284999110387666,0.0323848639747774,0.0371866076725618,0.0338352339045189,0.0379922346446623,0.0343062818213395,0.0393394417276133,0.0342190600619781,0.0375723932911946,0.0375220984721702,0.0315647841279416,0.0229324963902681,0.0322242965770505,0.0374850243763777,0.0266481357467989,0.0309049506518771,0.0384091734888576,0.0300240535294177,0.0451339049081895,0.048702119878799,0.0301745170624036,0.0340845772613383,0.0357708483873526,0.0303234280646566,0.0317820679448417,0.034280018846203,0.029742612717429,0.0279027023312331,0.0400702444415699,0.0471818031400376,0.0310048125395683,0.0273986998555603,0.028836548822202,0.037469456676918,0.033883727199947,0.0438720983801943,0.0333420699586898,0.0320506929110908,0.0292489600945499,0.0388290543712367,0.0395653021706393,0.033003204550202,0.0390258288094896,0.0377692754242592,0.040392373044686,0.0420802720843554,0.0433329973727224,0.0371212365055863,0.0300765707901188,0.0367219194102917,0.0395059470597301,0.0253428320287453,0.0371228119598151,0.0447688432725417,0.0419835392014427,0.0412278200913667,0.0495479307709873,0.0349291046887415,0.0478231031375558,0.0456982080244145,0.0416464680482099,0.0421896505684428,0.0336281807861193,0.0349106177680979,0.044127804644694,0.0352055560860752,0.0415244301222394,0.0462010116707554,0.044421155082748,0.0470671985037,0.0392332762551209,0.0374072158369448,0.0397560757700529,0.0408098242306923,0.0323243190378275,0.0367040985816552,0.0317834917630252,0.0410354586464968,0.046229042666636,0.0451042465390141,0.0295888886176415,0.0354473460786135,0.0310621824052372,0.0236797460949031,0.0430126456100205,0.0440169624506504,0.0456418908144228,0.0369870854199779,0.0416973133925375,0.034848606784216,0.0390053040998832,0.0437666957464979,0.0398391332074183
828.173061781417,0.02943034028985,0.021267195919103,0.0334164151100774,0.0356536740951344,0.0382609349146616,0.0286759199154156,0.0333011122677025,0.0324736513454028,0.0368168935865384,0.0308634861464732,0.0297708417564049,0.0256203966151078,0.0310679544108163,0.0227638024719675,0.0211023220649405,0.0245794842379439,0.0317253029948323,0.0287005203138261,0.0358699506974054,0.0323132279666347,0.0327626586354778,0.0372462081390366,0.0327131304374645,0.0354341003805299,0.0300183912049636,0.0229665696627366,0.0255302446773327,0.0217159002624944,0.0360989176934067,0.0233874873289986,0.0240887092025381,0.0335511347746213,0.0282494793980583,0.0123671224566375,0.0273014942134868,0.0320829624769827,0.0201355620922657,0.0136286508541875,0.0276887694285152,0.0278839821824883,0.029330237601486,0.0238468971048243,0.0269125836176584,0.023575814838888,0.0190101961171397,0.019952167251893,0.0359098402226167,0.0248591666036994,0.0323816317852493,0.0228296505256711,0.0282144971543045,0.033566397496374,0.0335580138236679,0.0304546694700992,0.0231914452578597,0.028437718926359,0.0375074932833581,0.0212195714554342,0.0318739869526662,0.0294083539152671,0.0289003572734058,0.0443979744005922,0.0302589304758672,0.0355570724941529,0.03229888163723,0.0250281523773662,0.0345411455074219,0.036074907261096,0.0241278572375073,0.0326303323765549,0.0297065466937233,0.0272273402000724,0.043798198403822,0.0214644214039726,0.0343784489674041,0.0325379446634756,0.0231885063025381,0.0425569635115208,0.0441890648731619,0.0410165314429524,0.0317814007420856,0.0318810761332335,0.0303783760237524,0.031408897995531,0.04182816130073,0.0248324666710179,0.033408610568045,0.0365801440273293,0.035974803756851,0.0288650687390425,0.0339706664322623,0.0398051781129153,0.0337724986881253,0.0305582008993136,0.0290212253654581,0.036458007998598,0.0319453856064026,0.0301287575102876,0.0237784578437524,0.0285870646076705,0.0320389397815137,0.0385941313794938,0.0274168558717437,0.0332821396563804,0.0345833624875455,0.0296148084914261,0.0409085737130032,0.0284057341630027,0.0302008243294084,0.0263973102474897,0.0283603304814012,0.0292425563843258,0.0362810840536395,0.0341271154619482,0.0308965431051213
831.397370171139,0.0294916144886802,0.0361057520265977,0.0319508237536437,0.0496060092793526,0.0489778866472089,0.0408614589954062,0.0444259993215245,0.050269173171274,0.0422637668521088,0.0445437121678133,0.0481262127448896,0.0355907063782013,0.0484655513982925,0.0379602100983687,0.0268244531970199,0.0389406658699889,0.0368922412684895,0.0456548619212421,0.0392536935394646,0.0362793070977839,0.0530578291315299,0.0401161188740398,0.040975722984583,0.0424307079623873,0.0426300315316506,0.0480103560905992,0.0302831997956171,0.0428698229069873,0.0384752567394246,0.0407847928969065,0.0448436122549084,0.0506272427714435,0.0374628651928035,0.0266868679947792,0.0331387410909835,0.0277881783940812,0.042227430548143,0.0324228403082227,0.0347278056232297,0.0292034316594537,0.0426713474398225,0.0456586344156771,0.0373472908365382,0.025845989720979,0.0303522694428286,0.0301420433805706,0.044536161025578,0.0335971929897419,0.0373694125340276,0.035446899358285,0.0445827527253927,0.0418455668557023,0.0507489879163497,0.0438242429576162,0.0374967942675855,0.0385178231750072,0.0433803421812066,0.0353107552192063,0.0513111185914251,0.0383044634638275,0.0413296836789279,0.046394119856743,0.0477224431713299,0.0392513246659978,0.0393580845743882,0.0470970177632548,0.0429970195143941,0.0340199931261859,0.044378084708712,0.0428317568632257,0.0374589900655228,0.040012336273155,0.0382693869000406,0.0528603719081452,0.0281260538478315,0.0415938214680707,0.0320011506508152,0.0484204864840743,0.0432727276742895,0.0402142571443089,0.0428889912699323,0.0421670046289322,0.0410714160826854,0.0374584515550501,0.0460094163120657,0.037481960762059,0.036437353794833,0.0379421638998509,0.0390741340713935,0.0319229206411862,0.0309907157165644,0.0403111549430944,0.0439545024938837,0.0424407495563795,0.0365847552072715,0.0377284964395291,0.0447152769638297,0.0466821287290033,0.0368197300852581,0.0391880293624903,0.0450947499816725,0.0286327551876745,0.0459059148263315,0.0403116873804974,0.0483295102830899,0.0453447868023575,0.0405323274156047,0.0393492774826433,0.0506705948684426,0.0358221697801158,0.0348531062950131,0.0434469624505274,0.046389841882773,0.0514937738052102,0.0484675076181456
834.619329465039,0.019286235143026,0.019767992274804,0.0194570159251777,0.0181637355097898,0.017901626346161,0.0191699329253434,0.0204966358691986,0.0194651731227956,0.0267917406874072,0.0240517438365309,0.030560909651032,0.0220896339080935,0.0256696634082069,0.0158008558357664,0.0190971238156126,0.0171562504489506,0.0167582338067322,0.0153881897627597,0.0188419000884854,0.019822021160147,0.0264138936546673,0.0290652449489477,0.013250574544434,0.0188711809686176,0.0263896034056631,0.0216419386100486,0.0132017695817293,0.0202934260225004,0.0177582684234908,0.0155304386912424,0.0107835756887591,0.0191347979151018,0.0261428001784089,0.0155323276100414,0.0270579046603775,0.0167671953137358,0.0194184847052715,0.0224515305858852,0.0228362189944264,0.0241457348966938,0.0245562045066013,0.020210248863284,0.0169255035527251,0.0094532154899931,0.0123955979728323,0.0185708945258454,0.0243987273350375,0.0179063131498828,0.0246309843364187,0.0203179559842619,0.0136858879609482,0.0155232458429602,0.0274948627310358,0.0130113852825136,0.0177357916580678,0.0242458408166769,0.023238323261264,0.0209878501521932,0.0230912591346513,0.0246635204891991,0.0182829757971777,0.0222693817804202,0.0205350052401512,0.0360150211517208,0.0165086185881173,0.0264687969195646,0.0200496173943602,0.0262926181367315,0.0115997087887147,0.0236123260207924,0.0271880777432463,0.0184909022721937,0.0171498641902049,0.0148469851245619,0.0218615138651762,0.00981384422149714,0.0287183461761395,0.0156220563358353,0.0250826771401657,0.031376187319061,0.0285210470002669,0.0195033712266565,0.0130105042454473,0.0231686181999446,0.0204150804713882,0.0194209491548054,0.0256943236598332,0.0228196566002153,0.0161772639338266,0.0162635364979591,0.0147587845820209,0.0285782157054052,0.0187561194921851,0.0261948974778517,0.020104358969795,0.0265910616719636,0.0237128390689268,0.0186348340474739,0.0276204058663841,0.0203740634721843,0.0216019831434792,0.0135006791416547,0.0242177939552668,0.0156803846727276,0.0216843512622769,0.0177961326255507,0.0146194434286077,0.0237142862018135,0.0143468068556182,0.0274976556332035,0.0237603140785362,0.0273228247589125,0.0126947841906393,0.025733464773476,0.0242622848611119
837.838942059678,0.037782464834135,0.0395026846197545,0.0471610396407471,0.0445626764108678,0.0415959008913777,0.0422545909264496,0.0343350631165094,0.0457794006501431,0.0515128788935114,0.0382502281912201,0.0472840934751495,0.0445849688089057,0.0361544499090516,0.0332033993210275,0.0359929802028623,0.041893903726493,0.0449399850888351,0.0431714115323497,0.0546340244584743,0.0436238112387767,0.0423199123367145,0.0508268104777888,0.0476001294399839,0.0462069122751385,0.0418046021192287,0.0383712212140465,0.0403256798370452,0.0281412885964651,0.0324946857076785,0.0362254360737632,0.0486389988234733,0.0391100830540561,0.0353322735286274,0.0371849288575338,0.0396748149095248,0.0404264299648289,0.0465364574806767,0.0372751656396594,0.0487693417710888,0.045693322614246,0.0395881043700037,0.0425676295831262,0.0444724090121013,0.0367487587186686,0.044214000054958,0.0457832949805728,0.0470965037913057,0.0385454574054421,0.03136453911938,0.0346813437630783,0.0513511061031733,0.0526032214430168,0.0388024551365231,0.055039622520783,0.0326040678783493,0.0470511568990086,0.041523718901571,0.0467503813543649,0.0390183856821249,0.0433532514540756,0.0481293621132672,0.0426355873927992,0.0344019669568949,0.0517911179423142,0.0476909733537077,0.0501988529017877,0.0439026226743372,0.0394978567301007,0.0365381930846195,0.0420244543726028,0.0331742276547222,0.0438271609685777,0.0456385144842853,0.05504040159955,0.0365593841119642,0.0419194262838944,0.0507418785153931,0.0549949095606718,0.0547682287048555,0.0397198161499398,0.0390392513408106,0.0503517414541255,0.0485443177500093,0.04894053824984,0.0440334694858311,0.0405741605449988,0.0493394158131842,0.0429822728070112,0.0492782321175919,0.0538742998595006,0.0439892530241865,0.0407303801391456,0.0608039468275979,0.0485964621347468,0.0551099646457655,0.043050745554332,0.0456144866601595,0.0345998159851683,0.0441473726101124,0.0511302334767815,0.0555128874786732,0.0510908044188801,0.0574495987711495,0.0474296444213685,0.0416627714154419,0.0398479626016571,0.0420634299984134,0.0476350980964482,0.0423249197727053,0.0437655400307578,0.0427017889421116,0.0409206678266452,0.0402955401532179,0.0534234151199602,0.0576117712828914
841.056210348311,0.0439613851162902,0.0422765182015514,0.0484142870794158,0.0460149316742169,0.048566627159411,0.050579563790022,0.0454239893765506,0.0555300403409065,0.0322644219270615,0.0426769113215333,0.0484528684529186,0.0365167375561062,0.049497234428395,0.0478076199681937,0.048397913583943,0.0491001458445682,0.0495069733189751,0.0470671307688202,0.0450094892752098,0.047554189416813,0.0500292721641722,0.0497663523789308,0.0430609975268313,0.0407242686069275,0.036284677863719,0.04679831240987,0.0484868022260777,0.0370838276952766,0.0410265204206888,0.0469406441400626,0.045380363594648,0.0426925002173661,0.0439399746790378,0.0407194250556222,0.0500122109992075,0.0383352435135902,0.0478316512250476,0.0346094559596922,0.0471728766703246,0.0452408829288413,0.0414587498934889,0.047835748668803,0.0383071345211794,0.0320587329131217,0.0473196933207658,0.0424178221866374,0.0427221213863126,0.0404343810661707,0.0445804471142048,0.0407716923638479,0.050971569411704,0.037787244940323,0.0360347800827459,0.0419864822144387,0.0474604684749825,0.0339142664901549,0.041143202518747,0.0457698294400316,0.0590011038856397,0.04181644493683,0.0390117636151182,0.0540891079756751,0.045280543774354,0.0496833390991032,0.0483900286324039,0.050328099786021,0.0462657641848013,0.0362757453292848,0.0508614788541539,0.0380741591978262,0.0472832861021471,0.0354288604923017,0.0452662123076905,0.0452324618538343,0.0407582144868995,0.0485722493879352,0.0416817315207798,0.0420651161668737,0.05548691976156,0.0469054043580803,0.0348335548317268,0.0535444044792985,0.0551545585629037,0.0433385692362601,0.0424555864118693,0.0480719384567386,0.0488930788139865,0.0431309299682339,0.0546510322491621,0.0529291133850777,0.0542117439847835,0.0462014478581864,0.0477581359672234,0.0428699274311304,0.0414675291814575,0.0425952064657783,0.0543436933549794,0.0370071295232957,0.0448686059949936,0.0530482973354581,0.0499757523747326,0.050838379461835,0.0493231945875338,0.049244646997552,0.046274027931087,0.0405432055931804,0.0468715753143784,0.0449776677284787,0.0581238406774055,0.0560167609679874,0.0514276993038283,0.039348611800273,0.0509515442213593,0.048334239493505,0.0548291525930167
844.271136720895,0.0280811107067578,0.0187951171475396,0.0276234329296328,0.0439657479276799,0.0332430139154755,0.0266665381304045,0.0356949798389397,0.0225548113798654,0.023189537226771,0.0270296744554874,0.0260281798270945,0.0257093974492603,0.0237950215161708,0.0178106570362274,0.0215989091524255,0.0228985818547578,0.030459345169069,0.0276181321395132,0.020778984171271,0.0349232439984086,0.0249872323345172,0.0231022908442354,0.0211025924159352,0.0159986067262147,0.0290566131947282,0.0231577465109436,0.0256258854901028,0.0227719780074041,0.025339588333549,0.0188809317055606,0.0187043922810977,0.0252021543890028,0.0211839156632487,0.0125558556891903,0.0223519431473648,0.0233632964987279,0.016009784414501,0.0262941977157265,0.0146072704696989,0.0297322052879047,0.0267380357351981,0.0269066562858307,0.0224200596289839,0.0198973966582027,0.0152697892293916,0.0125892991230548,0.0248062100356742,0.0241410694924102,0.0247190518509358,0.0297378577131379,0.0188862218418406,0.0275716838564797,0.017434019657211,0.0180227079502505,0.0200310021593708,0.0277198823064969,0.0170093829949061,0.0330827891713958,0.0179634265139789,0.0304492136107735,0.0263941989298514,0.0168739474579975,0.0121038232260707,0.0337273857706516,0.0243552728971702,0.0291032707047834,0.0315450166439683,0.0256834282743571,0.0239380247994967,0.0247015011682581,0.023614694200838,0.0230181683524768,0.0177640468839104,0.0230624561325099,0.0280493109340927,0.0256309432057563,0.025705268470497,0.0302600634767952,0.0261252357764738,0.0162533252055076,0.0215627041053329,0.0261406446192289,0.0224330452017437,0.0278516756858026,0.025412004328079,0.0277021099807164,0.0335287438228418,0.0297369679571546,0.0265215898616996,0.0224973807569153,0.0293087837566385,0.0305420257678329,0.0277431000974542,0.0254164881039909,0.0278138098810565,0.0286052867289317,0.0310176365136434,0.0258569215218791,0.0169151330745202,0.0324702549778122,0.0305085791114153,0.026500246479406,0.0246466374823147,0.0286061653390584,0.029831024269216,0.0360348735392952,0.024983340998435,0.0270471320014407,0.0281383148624235,0.0316369651854105,0.0295297482788002,0.025521872317541,0.028314129162796,0.0277119959835633,0.0266377833683697
847.483723564093,0.0342372954686769,0.0434148333687047,0.0321588155469586,0.0533769494202448,0.0448354673850311,0.0442529469970916,0.0456656260759997,0.0547071665875557,0.0500197012946905,0.0439044338841289,0.0491472950373735,0.0481710260197811,0.0462983486143142,0.0457693528242666,0.0457383619080779,0.0382923487466363,0.0501746530764649,0.0455994358443938,0.0457258896543026,0.172883309154736,0.046860899029375,0.0403780401182816,0.0397500943523226,0.0449968130047898,0.0455675719022178,0.0415099504911731,0.0418024672184057,0.0466323225641648,0.0467953697056594,0.0544911983605516,0.0382557898471932,0.0416298238162501,0.0445896167245545,0.0449259165707235,0.0508090382450739,0.0402742755806991,0.0470208111164166,0.0450295125486616,0.0473844947874544,0.0437224529096789,0.0531687493825765,0.0486604724962158,0.0373662445998623,0.0476943877210692,0.0441243073396,0.0503474675502601,0.042960693799662,0.0481531006853299,0.0414530209319425,0.0505571591295057,0.0438383321231248,0.0490518117165486,0.0457012054687358,0.0479702190836356,0.0436712192861381,0.0522285203103557,0.0533494082960939,0.0549125720727789,0.0454767300337204,0.043904915982599,0.0509730597237032,0.0508520908544807,0.0467648502702601,0.0402433347728436,0.0497533275965579,0.0443741104128061,0.056465632336925,0.0365902292046358,0.0358816216395884,0.0483726735297421,0.051064899874513,0.0568940351264912,0.0369856036764422,0.0485179096298194,0.0514514609742703,0.039359970210656,0.0517224714444944,0.0485670186304654,0.0440827661212199,0.04920623065817,0.0507201029913295,0.0498966454468164,0.0446330965104898,0.0524269827353858,0.0432721385679926,0.0431359964806026,0.0445263468980238,0.0492754343642188,0.0549678619533073,0.0515713522007003,0.0458392614199359,0.0559964609766122,0.0535217394587763,0.0430964112158688,0.0559192139121572,0.0540453657055102,0.0471628409859047,0.0502532475894471,0.057390499683,0.0505086775482982,0.0423477117048478,0.0376888912952262,0.0531184677643057,0.0476611353924458,0.0503437401456237,0.0459373107374779,0.050651457172045,0.0514990882805172,0.05897872787233,0.0495877133438634,0.0501383240399419,0.0466646799682995,0.0465369799114663,0.0519175070311434,0.0588234667461233
850.693973261278,0.013207202937972,0.016629726252581,0.0234634497884431,0.0153993776208514,0.0243846566550485,0.0181314224522195,0.0183926501746179,0.0398625360047224,0.018406838998488,0.0249810582333826,0.0245556372472364,0.0160642330368799,0.0234428116834603,0.0168649441898506,0.012197821143528,0.0153514182385297,0.0232353531818181,0.0244999741577575,0.0225539125318959,0.0465881698730331,0.018522210134878,0.0209235652634431,0.0171883690644949,0.0179861072704479,0.0106076359297331,0.0222679099168046,0.0212147507054065,0.0129283217026671,0.0220777189870008,0.010348947526654,0.0201187419129094,0.00831973276849216,0.00869992271227229,0.00542372611973316,0.0163226571363396,0.0168871079105238,0.0118095864370113,0.018650102966231,0.0142225208636274,0.00909585396743541,0.0126979899019233,0.0191701111025756,0.00489199534119597,0.00780086251040913,0.0231802619462775,0.0263742883283111,0.0188216512970823,0.0142344523758181,0.0138915509076483,0.0129465384103112,0.0180685521790433,0.0174834533540185,0.0159443563903885,0.00906934163478085,0.00741165223666178,0.0112398315940869,0.0218444288802876,0.0243820479548952,0.0195234175083142,0.0134548437669926,0.0162402642625325,0.0153937267073079,0.020110824816074,0.0190752572658273,0.0107474405789836,0.0225650670712629,0.0169399345004309,0.0237113127814347,0.0171820595873465,0.0220375130799679,0.0227260793320948,0.0187401019019052,0.0273466568002744,0.0163270113466153,0.0084232854816962,0.0217202421720619,0.0155843106669927,0.0202555320721584,0.0230509298586454,0.0128000840419684,0.0108314879768358,0.0224704703938811,0.0165151234317059,0.0189130200265952,0.0216269893896833,0.0142162902788622,0.0216863431530475,0.0158561735539346,0.01584430331141,0.0188498342526674,0.0232151783294595,0.029198613575988,0.017829275725221,0.0215194139108765,0.0227887137649049,0.0265099062611825,0.0175200139734175,0.013681679434043,0.0153751192169434,0.0218369312391783,0.01879890385536,0.017340581042211,0.0213312861944373,0.0195192896528997,0.0145416133050843,0.0166000792905567,0.0287399603919703,0.0182845184233674,0.0185412451381234,0.0286189989008516,0.0174472845636907,0.0135761400186984,0.0232923113187996,0.014026301439034,0.0153709351140687
853.901888192535,0.0265195821701939,0.0182635146339501,0.0219176798129438,0.0158135381485875,0.0178512703472125,0.0209469918467112,0.0239604273107589,0.0191334639486314,0.0275239426467084,0.0309888296786008,0.0160310092518923,0.0259558917981591,0.0177962732332234,0.021392057068602,0.0167185728748435,0.0241517156026168,0.019886415447149,0.0229242364430337,0.0220733962767498,0.0267517542431852,0.0316428764020053,0.0292751625445307,0.0236278507176606,0.0260336543818986,0.021441093752422,0.0168318166287922,0.0149717835148634,0.0234841182528074,0.0125481195593705,0.0276619539911856,0.025375099287905,0.0235531334044298,0.0184022362666542,0.0224945901329789,0.0113069542299101,0.0130731762311846,0.0192315913396316,0.0159388155659532,0.0160195977701679,0.0230634817412779,0.0110921212823051,0.0232548567736602,0.0243855441220252,0.0158596699690864,0.0186253982247453,0.0259023598255698,0.0183503429800461,0.0189179224926341,0.0122977519057117,0.0172208234644497,0.0216763387182557,0.0147286235134534,0.0225079410947124,0.0235063954480839,0.0192863665844613,0.0177605764174479,0.0112438550851462,0.0283686368081925,0.0191246527509667,0.0274648193565307,0.0274248152899948,0.0167132053895243,0.0362975195854171,0.0203793887905937,0.0309485374925974,0.0187176505089728,0.0280704666981742,0.0238408747201428,0.016143296859355,0.0239238147511976,0.0228465083486915,0.0257298666761603,0.0165423949257948,0.0199996428043669,0.0277244679284116,0.0176769777994758,0.020864700075099,0.0328554767780371,0.0220539065316538,0.0273905460414307,0.0360058171811919,0.0173838822508798,0.0288629991272081,0.0132651998418893,0.0234382886086472,0.0256485278528611,0.0211952546578597,0.0153696459132908,0.0211708944014791,0.0184265343651681,0.0351172808596962,0.0207291006465325,0.0209730634856206,0.0116460261564379,0.019973721448725,0.0260088565029129,0.0216266247790666,0.0295893196936836,0.026579913874725,0.0254400858740967,0.0195972804127917,0.0181894566380638,0.0131595802563559,0.0143836260521689,0.0225201765323319,0.0172498908918319,0.0358219749980358,0.0195392395320165,0.0192302832538989,0.0156500694477422,0.0278299597749002,0.0271177080329789,0.0198883116726808,0.0152145079621681,0.0204437763888522
857.107470734681,0.00751860122370955,0.0105915163163487,0.0203610423369829,0.0232000281595973,0.0168790083275415,0.0286669187433295,0.00980593999099052,0.0149450487059099,0.0189395958564658,0.0255988593505064,0.0166062453533904,0.0101948830698431,0.0127124301265399,0.015875718757947,0.0150694853217613,0.00830430116879003,0.0131539855407789,0.0332755155744516,0.0286089558698813,0.010765930190133,0.0289283188977362,0.00701664659503041,0.0219326778938226,0.0182325746666241,0.0107748857601906,0.0147007341055348,0.00584600558131778,0.0246209154618618,0.0176437700928415,0.0139532216575642,0.0134941757463859,0.0153743908962703,0.018972925654742,0.0106971658172821,0.0164855346345601,0.0215585444342421,0.0182259695787089,0.0115251370450591,0.0229650773332895,0.0161891202947482,0.0214809573205981,0.0187899183080261,0.0227339692237278,0.0127173073721732,0.015816595969247,0.0136632357285083,0.0127946306924406,0.0139373351326338,0.0213202125795616,0.00909222728482119,0.0166290798992595,0.0200337589597725,0.0179269564558836,0.0149868808808104,0.0123614633471694,0.0225316170468694,0.0305923350369956,0.0200924166193181,0.017552887844345,0.0200939083068516,0.0188315050177875,0.0162412827045007,0.0120006038689514,0.018213082876863,0.0149177595087815,0.0199141364692453,0.0210162280064693,0.00131714274685589,0.016860571678809,0.00521297656093306,0.0148219753724634,0.0338520237648849,0.0138046458472177,0.0213087078563104,0.017883464659241,0.0136224831167834,0.0203801855331405,0.021572279725397,0.0126934898661503,0.0184719721766632,0.011939523666379,0.0252262631042246,0.00824035570125786,0.0221257538410347,0.0263834397386239,0.018309635895167,0.0258533161488478,0.0154600679616046,0.0235991977352031,0.0298957646513957,0.0234071225629756,0.0205845480736194,0.0235261436525982,0.0193339071035085,0.0165758306336047,0.0221161024178197,0.020000265061176,0.0212161924520445,0.0173000503486005,0.0215375612783359,0.0099459139664791,0.0213202122619445,0.0262408378423406,0.0121141281802697,0.0248006115139535,0.0150042798991409,0.0167883198637282,0.0207831783962096,0.0193289460234331,0.027274408303934,0.0109907620118701,0.0196599889647643,0.0123858047181772,0.0186910113111406,0.0198617328964201
860.310723261252,0.0392680153125949,0.0280582900765127,0.0320132714009432,0.0480321608635643,0.0302887405767788,0.0401989532670688,0.0356104405359613,0.0310349328973356,0.0419723281398091,0.0386336362898111,0.0450396257030001,0.0320680143531525,0.0414843407406893,0.0304142312581608,0.0257270665425943,0.0340528241084456,0.0401274705262261,0.0376470814566419,0.0405391353558307,0.0427634171070481,0.0343879020995902,0.0398254561258361,0.0300907610456184,0.0403993396468744,0.0459023691306281,0.0313500910188616,0.0254217110889446,0.0290668619379608,0.0311723997848699,0.0445336318638089,0.0432743940835376,0.0387742747968273,0.03777403011765,0.0271812029940443,0.0318585497149704,0.0373074600983827,0.0346039266592147,0.0307798833838191,0.0350591139095161,0.0249270141915116,0.0330021771049831,0.0302534470754654,0.0410635241795295,0.0372767556086365,0.0329116651011452,0.0460868211837252,0.0297793944396231,0.0464234828806716,0.0368259787895323,0.0481596171657254,0.0421121973155779,0.0460818355405694,0.0315010287485837,0.0328443247092165,0.0424154730908559,0.0359844840373445,0.0335369043079388,0.0429921646802599,0.0380497456607721,0.0259954637269168,0.0329008460007813,0.0430535083708938,0.0364964733351799,0.0316012134566891,0.0327971809206251,0.0385108969599657,0.0238645468123499,0.0342568468802418,0.0352389472712289,0.0394273569175752,0.0375810683867983,0.040248833632947,0.0381738975986081,0.038485814165371,0.0354147888501403,0.0243480498666991,0.035421076454493,0.0409700717924042,0.035618447679816,0.0370523231953208,0.034263091387582,0.0330579590787482,0.0361792166217592,0.035621594963834,0.0367587486250528,0.0399531332702044,0.0568739028146573,0.0420123421959649,0.0381423284261879,0.0356859840733708,0.0306814504583321,0.0282093550353597,0.0463618421099234,0.0369684454918251,0.0406327566917149,0.0497656449057693,0.0378183609356022,0.0410528253766172,0.0395971346281109,0.03030813236393,0.0356610986039684,0.0284525827231685,0.0345859866773519,0.0483877989385726,0.0424258440994339,0.0329389138067786,0.0331295583607777,0.0446264620573358,0.0327430649419385,0.0308776657382596,0.0417607747127119,0.0471724107871832,0.0352342119382543,0.0451510490636196,0.0469233246661666
863.51164814252,0.0274241172973451,0.0280185287791395,0.0265796256234785,0.023481203575438,0.0274402119707536,0.0271407414850108,0.0296472549555439,0.0220194458815995,0.0172840138114728,0.0305109242114609,0.025226870949857,0.0173772721138966,0.0335082335675363,0.0237621164642453,0.021816764882659,0.0165400638915685,0.0266285117797359,0.0273569613838837,0.0292156911016676,0.0223427503300942,0.0311061858396335,0.0347919515300937,0.0196699914680217,0.00825468448719506,0.0182497660571642,0.0220122610986522,0.0289070035079063,0.0207737629780173,0.023860869960233,0.023049898143419,0.0245205137445964,0.0194571152792935,0.0297725776526663,0.021021456311568,0.0194400266429302,0.0306642151260581,0.0251601438547675,0.020706708484363,0.0201979200017994,0.0278677690223297,0.0182138874400251,0.0223517242916527,0.0222547582926283,0.0138641206624661,0.0089947488619246,0.0244211947257322,0.0270220144094183,0.0147333108683251,0.0257502894288796,0.0122752787063521,0.0243653297402299,0.0265764215820812,0.0151791655854471,0.0265982036167859,0.0237259851442545,0.0233480642504218,0.0279916523341212,0.0229995878371173,0.0178633931285797,0.0232226080721811,0.0237043756129752,0.024758240765488,0.0193187002841374,0.0322951076798717,0.0253687717966113,0.0155351950404382,0.0228473385136295,0.020202873796071,0.0212075535628992,0.0159896967812014,0.0330217811358162,0.0300594324669104,0.0267594840650407,0.0174248543401781,0.0319609426803014,0.0297378861620359,0.0222563771610661,0.0194337811290675,0.0357027145867376,0.0252464771852343,0.0248879909185526,0.0208812407070639,0.0363520141402842,0.0189061445965477,0.0225111913059575,0.0240655371591637,0.0219509596969871,0.0244318515521393,0.0197615355941131,0.0278617358600466,0.0281589306171123,0.0285983705446133,0.0135251423017925,0.0288189538390276,0.0229090118974268,0.039653369848163,0.0367429251609875,0.0219342538619061,0.0267858552563894,0.0240783976621872,0.0393278090377915,0.0292691957656625,0.0187032552164807,0.0265320126905219,0.0264857708347884,0.0249029054568361,0.0256758251237031,0.020413048456001,0.0218115705695569,0.0235990657281956,0.0180979504543327,0.0222031175869411,0.0265417719649054,0.0221619649672304,0.0322100488211339
866.7102477455,0.0335156623153604,0.0296081669924986,0.0293977946697826,0.0228595853921031,0.0408309511938002,0.0337348045313286,0.0340765769267954,0.0450289572634729,0.0376148084009394,0.0332221112523581,0.0380960731631985,0.036501938619289,0.0312614199809819,0.0338209054078555,0.0363722216018709,0.0351488834543469,0.0372824867299391,0.0425601309155293,0.0276114591494786,0.0383208933934076,0.0310879264865763,0.0364239687876726,0.0312880401330837,0.0371880170562919,0.0375221329415123,0.0397454992502111,0.0352525227112836,0.0246443757778913,0.0373674797985596,0.0303504591519392,0.0291606673339573,0.0323039106037779,0.0360115608743465,0.0323925494738108,0.028555376603491,0.0335229784335879,0.0403946675658502,0.0326108867228876,0.0305505504666411,0.0284833550451532,0.025711522616586,0.0332250445441471,0.0239986143470337,0.0304106325927335,0.0395401311888466,0.0333111443308246,0.0400401568201919,0.0324347902570939,0.0241104471669426,0.0336186991539002,0.0319628554677604,0.0433795329690509,0.0252165123876568,0.0341091697414543,0.0408414364749886,0.0437336590645515,0.0297846178481687,0.0313987438589517,0.0290425499178902,0.0406531635400441,0.0389149826833587,0.034340808964195,0.0354594841829872,0.0456612140183342,0.0363276551817448,0.0430972072424224,0.0361388085556968,0.0265167777373425,0.0354408375127938,0.0354785376235827,0.0482070072099752,0.040436493608172,0.0459142528390895,0.0451664824799634,0.0360705730811356,0.0357086014062913,0.0292206580121743,0.0331257821790563,0.032992333254676,0.034635516841625,0.0375710668808043,0.0204575937632429,0.0353579472936874,0.0428345602733188,0.0317206698210341,0.0286332381578792,0.0340307253515347,0.0380198398490678,0.0267765677828496,0.0302299702323962,0.0371380114558011,0.035645542788143,0.0282224531192675,0.0247589074239763,0.0355013543906969,0.0374188184903192,0.0333682206170118,0.0366698668738229,0.0379473448450704,0.0264863260282788,0.0261657528459361,0.0375268931854064,0.037068558172182,0.0299847307660273,0.0315780253095942,0.0422394369844977,0.039674934797231,0.0278432643761166,0.0352044979410147,0.052357854282183,0.0431784303659312,0.0392004238235169,0.0499522141360146,0.0376780278834586,0.045140706649292
869.906524433941,0.0165237261092229,0.0131448339277814,0.0156811986468894,0.0366917200380815,0.0245005464905591,0.0239319601270207,0.0182367104776525,0.0242459463641043,0.0171937539490622,0.0185716744639304,0.0311246040538978,0.02233646676332,0.0129314580260831,0.0254762228618591,0.013404618837975,0.0208985964774231,0.0243230767508549,0.0262803017664841,0.0168078385639684,0.0184308947400885,0.0294222936340866,0.0157916605425825,0.0214262913003621,0.0185978282427758,0.0251166163594978,0.0220961384290183,0.0209138784097837,0.0152228556743467,0.0153975884868516,0.0265650773530722,0.0212310242145645,0.0100390696998832,0.0160183223915454,0.0154617719286466,0.020084713113994,0.0262998405965589,0.015218888042362,0.0157512401233496,0.0202543880414982,0.0209875599595695,0.0286249011164817,0.0133482901262046,0.0103098960134063,0.0197690489482965,0.0290738325854934,0.016327064689538,0.0203497219516216,0.0205984321603852,0.0165550414378443,0.0136456174787841,0.0188046050214554,0.0261592935865519,0.0217659307918478,0.0232533040370345,0.0168465264649071,0.0212241576219724,0.0270450261034974,0.010828508666885,0.00534916407378541,0.0211094900666,0.00934920877462822,0.0195843343676338,0.0277821903744355,0.0284616828388692,0.0168046061460905,0.0127993022731124,0.0284924336215039,0.0254616549930512,0.0243335024484986,0.0237836324125185,0.0238726898681424,0.0245108235665579,0.0189000133958322,0.0164388887071507,0.0256041838356904,0.00971984420213181,0.0148845633461588,0.0229352496939717,0.0174645032054858,0.0233817217767413,0.0202533502738352,0.0106129436438479,0.0222105973463828,0.0127400507656745,0.0203142231418613,0.0201153219960319,0.0139937554436252,0.00747537263408985,0.0228100028138708,0.0206845152250241,0.0138709877484278,0.031011212255888,0.0168179979043413,0.0195166947237104,0.0251957631189921,0.0205241673715243,0.0225444949932547,0.0209167632081558,0.0157556532161166,0.0231187576086913,0.0274924441097943,0.0280052184346807,0.0211649903596926,0.0167394779593129,0.0213044306789292,0.0105301036190846,0.0240783934420954,0.0177405507585917,0.0248315154609716,0.0181663167216927,0.0189284707900835,0.014793568107046,0.023721636110339,0.015242540305326,0.0275843737473768
873.100480568356,0.0231076496892232,0.0169002500125768,0.0162756877465478,0.00313605270313713,0.0350874161126576,0.0234038589151566,0.0253829152105778,0.0103936510730556,0.0182050480367772,0.0142132052127989,0.0198550639530263,0.0130712335329439,0.0273098269158229,0.0204657752886551,0.0111426344299631,0.0219664520345189,0.0124766118165411,0.0289824717465489,0.0238317748263643,0.0150803406524455,0.0124678336218564,0.0235226701123068,0.0179369112626632,0.0214915691665531,0.00987331733051836,0.0132794198269154,0.0186238868796295,0.0102178733102744,0.0210015162232952,0.016123947115038,0.02071173484438,0.0252035588262237,0.00969577516725892,0.00474537333315121,0.0155725529812139,0.0302576282643481,0.0197717003971129,0.0163589105856255,0.020840240295826,0.0210037201737278,0.0160916985217495,0.0173701764084661,0.0188876794283084,0.0192436068458494,0.0062968217904141,0.016379233345668,0.0181264053899495,0.0144304088640104,0.0160740196872033,0.0101846435401645,0.0137034293156096,0.012387835985134,0.0165473613490743,0.0215656677267682,0.0251340152285614,0.0166694260900591,0.0152507680343398,0.028117687296548,0.0223181708438696,0.010796016075054,0.0216320551421035,0.0154981208440673,0.0236650252899036,0.0233581651007341,0.0265928952163741,0.0105735463179155,0.0147780460837698,0.0198679642223154,0.0226408795087835,0.011490375128541,0.0262554374589557,0.0160056320633058,0.0201473346713457,0.0135778369908855,0.0186232214146748,0.0156694873318593,0.0212531534299138,0.01557595131671,0.0225291986260948,0.0252994084934955,0.0221648054334592,0.0342840600289346,0.0206179635496648,0.0174819148452951,0.0237794350650314,0.0201146524535431,0.0254798595816531,0.0163357420934086,0.0176781595110258,0.0128294049323139,0.0216772762225303,0.0258105662473507,0.0198986589776527,0.0189499808808645,0.0286128857434736,0.0239034151424576,0.0185771677915672,0.0220857587934011,0.012857349815367,0.0180115647822157,0.0177901749406378,0.0224857508644958,0.0141111970380663,0.0236241197644295,0.0292198349475036,0.0209233578011937,0.0212335264084453,0.0240200224015693,0.0196629439866914,0.0297395882384118,0.0184784569005935,0.0276894992214761,0.0243392680430674,0.0203900872856643,0.0246915433706716
876.292118506005,0.0225032798960527,0.0233789930125206,0.0196142698173817,0.0274233908248979,0.032202117045171,0.0294196444056111,0.0281386922977466,0.0248293170056753,0.0272471024668812,0.0244846436860234,0.0316208753216063,0.0316205197274469,0.0273273990104118,0.0249208138589829,0.0223078519078011,0.0263083297624315,0.0337748712248313,0.0224498885796543,0.0248998430114473,0.0249594339173911,0.0244234777354664,0.0256800375482631,0.0237213039363875,0.0209815069388366,0.0296801545690049,0.0243492605279179,0.0209173594695298,0.0190372289011266,0.0153360113790593,0.0195161679542379,0.0190401021305463,0.023391934885009,0.0141938648319202,0.0240086787333867,0.019554700717004,0.0319674201710845,0.0220699854075965,0.0259771621138541,0.0254288448174457,0.0354756261847226,0.0178409445303923,0.0213821033867774,0.0245994949824287,0.010715309857139,0.0256822189197925,0.0234750326352955,0.0164572420086012,0.0286946832782457,0.0214866506886961,0.0250061872025709,0.0316420818522282,0.0210895425559055,0.0312425669223439,0.0233099673525479,0.0122742392508251,0.024853924565518,0.0266230546152253,0.03036040478623,0.0264943324011372,0.0247292763092961,0.0222771887557018,0.0303895792627808,0.0284647220715473,0.0309273206759299,0.0162483662611615,0.0178857496773922,0.0230829734967701,0.0284159074811882,0.0303631189131186,0.0333013984730963,0.0222371667597868,0.0332115383242803,0.0184994470614891,0.0271736922589215,0.0296933955726335,0.0263419918586028,0.0356675636613282,0.0184369095493795,0.0247996881882099,0.0289262956892569,0.037646979926679,0.0238312100104865,0.0311584328668067,0.0309252576859763,0.0289517586702311,0.0257889141928798,0.0191827794889279,0.0304803019424199,0.0263941517471298,0.0287711003571967,0.0317755414888081,0.0278242825696406,0.0183308416674002,0.0300879346942061,0.0291592033095482,0.0289628853773427,0.0260440710517164,0.0277599223284024,0.0234029820704565,0.0307669902945783,0.0347559228416196,0.0232614211556812,0.0283112768091767,0.0195654168234432,0.0274569204555968,0.0307296415948608,0.0253395028700283,0.0218108493496412,0.0266517738270061,0.0161269797129525,0.0270891044556695,0.0131738878742729,0.0266981589065072,0.0249525093651863,0.0257391539396955
879.481440600911,0.0182999334872994,0.0249268999053768,0.0212905626194599,0.0342466074874556,0.0283794978689335,0.0272320149012792,0.0270517269521511,0.0349835271484995,0.0287740525764247,0.021190469942497,0.0246183468777124,0.0185168262066838,0.0342229049944488,0.0271366446742132,0.0278641755792078,0.0136681055280833,0.0252786660303509,0.027302748747115,0.0275796978183476,0.0282086642218838,0.0298212126442998,0.0211512201237881,0.0190511148872044,0.034602432139873,0.0257264043610286,0.0249079384768291,0.0272201949650406,0.0267395139846196,0.0124749234785517,0.0262205389940591,0.0339128486972959,0.0198145263053989,0.0175419141392563,0.0144047168100055,0.013321724478562,0.0303102697487468,0.0260416610480302,0.026000992952509,0.0191149544958382,0.0210056940524486,0.0235820246571704,0.0219686832052058,0.0223047262374128,0.0170996677209051,0.0145995522552391,0.032324325575663,0.0198525357733188,0.0162607581246584,0.0268886439736812,0.0333267782492721,0.0155715698937581,0.029204885982066,0.0271763870412584,0.0147188946236756,0.0205414905423622,0.033028342372591,0.014808918670094,0.0164429941400403,0.0324037172888893,0.025368453973175,0.0229122554143266,0.0161954597015519,0.0225406669612071,0.0281090360080447,0.0237168023032402,0.0285579508760449,0.02036361241003,0.0216703940997701,0.0215812540853197,0.0209882353488583,0.036801951306024,0.0292593515065907,0.0295349588923319,0.0237042520084346,0.0203617872819655,0.0251714364359212,0.0333853195707996,0.0229926560734817,0.0142531711453835,0.0136301583102183,0.0344460037349625,0.0233675100389388,0.0243418971938094,0.0280967406576838,0.0255285359936446,0.0223574485173495,0.021475854272313,0.0181415586377618,0.0241289934464346,0.022029800253839,0.0245945252632184,0.0309392414312304,0.0335676830394073,0.0248146396880532,0.0285514474968387,0.0244337407293553,0.031784500441158,0.0334241009121427,0.0286739767647228,0.0192983262404914,0.0209746616080578,0.0211612482002892,0.01769356997939,0.0252791075288539,0.026821584872802,0.0249500147959344,0.0282751004244803,0.0246791655002725,0.0226220202707525,0.00994313239827595,0.02605282283838,0.0243010928810022,0.0255434857574399,0.0335288638471398,0.0250835605723686
882.668449203865,0.0192143109809646,0.0160767541039422,0.0141441031219174,0.0131326764071569,0.0254766995084876,0.0223031448438606,0.0308826990754802,0.030711815235437,0.0211778362802066,0.0249353567524411,0.0293965826948234,0.0234075971893514,0.0210177601850711,0.0187528130604461,0.0238925270630575,0.0240110206433938,0.0319448263985115,0.0207506273312803,0.0259255979961826,0.0204149207780473,0.0281155189575327,0.0260704042476137,0.0149512522554679,0.0250226703346575,0.0336380338410068,0.0271147508081175,0.0180078045423264,0.0161697501525169,0.0174849357409424,0.0301459019919905,0.0327912855626249,0.0226615844715584,0.0214501887687362,0.0161081094263933,0.0184181392374594,0.0208099651405939,0.0238313361306379,0.0215046882032176,0.0265499612170563,0.0198345393445464,0.0247394518098252,0.0214070870993232,0.0302817918352865,0.0149485292507078,0.0228360975109014,0.00883428645292087,0.020983417212413,0.0180131957361132,0.0240139283769861,0.0203944091144459,0.0225411884372994,0.0286631277566404,0.0219286583127116,0.025048439652191,0.0176431771016018,0.0267048032809718,0.0272921818592717,0.0298042320610836,0.023777441002292,0.036970942954804,0.025281529767093,0.0227594500174495,0.0297000164135398,0.0206685320768236,0.0214015327541883,0.00832986099257987,0.0253448963711881,0.0171795021210146,0.0269271195254388,0.0221934324462871,0.041479881534551,0.0264407334063945,0.02094314172879,0.0296346841862217,0.0261685106557022,0.0269491142322692,0.0155573897162024,0.0178758479582012,0.0131630121351109,0.0332845646661617,0.0233133633560496,0.0287758990639402,0.0256110765281359,0.0362931143044529,0.0261022307122381,0.0302861347711089,0.0231859454955841,0.0204999468105212,0.0212764250155961,0.0164124533295367,0.0179788978148669,0.0295980754175479,0.0325601379989096,0.0195312876061899,0.0182068346586531,0.0215851129820573,0.0289320691500381,0.0170663466371582,0.0204810409976449,0.0193507189517821,0.0182030276269545,0.0299420739540912,0.0224233972087333,0.026379511540329,0.0256078030793525,0.024929483596681,0.0265598818864875,0.0309293692957925,0.0122090613357841,0.0214875048657028,0.0414472068066027,0.0144301991151011,0.0237948298683188,0.0236996214625432,0.0221605310147802
885.853146662431,0.0119153640970726,0.00721670631676527,0.00753891244025199,0.0204374859732572,0.00445966360240526,0.0162717943413936,0.0111600442321062,0.0221589493242927,0.0141078508897842,0.0140304755005783,0.00843946569266779,0.00973947155792723,0.0164129010672159,0.00924481212081247,0.00983316874738029,0.00149560205163616,0.0116266213431297,0.0217858225339071,0.0107485864130449,0.0120598397238586,0.0143955673515633,0.00928236025812546,0.00329836756589538,0,0.00365214243306707,0.00886230293472344,0,0,0.0112259745452188,0.00415839481364187,0.00882528653978276,0,0.00482737965665668,0.00535382011809454,0.00763015860862849,0.00514528418913257,0.0103891701985775,0.00628668306238632,0.000724681265807174,0.000715948018210943,0.00130355674194512,0.00774308945168058,0.00226396967499862,0,0.0152481559140246,0.00296891218044686,0.0142123270861647,0.0146456143951844,0.00872954865074791,0,0.00126448657637033,0.0171584500172247,0,0.0135700270518431,0.00768943787129033,0.00704250286273219,0.00924064900117641,0.0114122792706224,0,0.0121775121829204,0.0136880412411476,0.0132924326547184,0.0082806849430941,0.00802945686338652,0.0133272464480144,0,0.00608468025875812,0.0104148809361461,0.0145910408838382,0.00221465447129517,0.014192283833231,0.00989482204570439,0.0100335449419192,0.00379733675032938,0.0109911363131149,0.0080093582375104,0.00462490549460688,0.00763363638502112,0.00538127674604689,0.00593329075393804,0.00651264536784024,0.0159414376071887,0.00952354555123938,0.00905222531900315,0.0100673822037413,0.016602551398044,0.0134199238504008,0.00166994961895785,0.0109075350185416,0.00795140529166495,0.0102019204308729,0.00990713570744141,0.0129891150175832,0.0101377708673646,0.00441966187372062,0.00858471790151006,0,0.00972950773683571,0.00759873003872698,0.00440383264985052,0.00614287446251118,0.00661437817389979,0.010014376574445,0.0102072482762802,0.00959762945266638,0.00874645541612505,0.0132328216146493,0.00721188814753818,0.00931872778923005,0.0232954049230332,0.0199836971811191,0.00979695387557116,0.000432450605310761,0.00868679595278733,0.0152770753471826
889.035535320943,0.0158872975970872,0.0125620583375455,0.00973737801143401,0.0237441543257524,0.0117534379236153,0.0238855723400677,0.0188044848692963,0.0280125347386683,0.0134610051590431,0.0253472303193812,0.0196293718184039,0.0113382247680547,0.0112242291293468,0.00920287804421556,0.018159849989286,0.0189351010568783,0.0160243795739602,0.0114163387440213,0.0182647184820526,0.0141767116927941,0.0197643540518611,0.0114004997900622,0.00846311976482849,0.0250661609654163,0.0104134472839461,0.00883894350759551,0.0116122007575061,0.0182428463994314,0.0134013672258074,0.0169238330770394,0.0236675592700952,0.0136993631709505,0.0109966244438986,0.0121313906021054,0.0189440495527332,0.025282184107512,0.0160152475769058,0,0.0069937086245812,0.0157273443850475,0.011017114111265,0.0151321903481751,0.00850850318596317,0.0079556846894114,0.0117507300612358,0.0112014918744275,0.0147612027779825,0.0163792648099635,0.017643249250155,0.0133834860605981,0.0157058006243592,0.00910330284110883,0.00730316482770706,0.0175706627709349,0.0194503249702279,0.0192442315683109,0.0137909592824047,0.024754509493322,0.0128876712774998,0.0156742957715345,0.0189448058801719,0.0198368336363928,0.0201810217378012,0.0195938028537458,0.0150173074894863,0.0133384311257191,0.0248154956794018,0.0211888555968962,0.017561134541294,0.00869444080371205,0.0229188274447037,0.011058514264155,0.0158466546947557,0.0138251776650974,0.0202743551844454,0.0145006735968232,0.0138224348441877,0.0132960364983971,0.0282157489874425,0.0169715860788798,0.0112052774493199,0.0166256112855018,0.00383498440002983,0.0166484499805556,0.0123391933949164,0.0267862502658232,0.00995117444339037,0.0134212080337576,0.0109225451104427,0.0232877454176012,0.0185326359738306,0.0157709788038284,0.0119626333366507,0.018892791319906,0.0163720267487578,0.0226203443733801,0.0157599597319675,0.0170578564860944,0.011085758531877,0.0194273251676321,0.0126320077184301,0.0130834318250087,0.00940920650634561,0.0141656144830304,0.0197393147780799,0.0144756832952046,0.0271606517676764,0.00722556805738674,0.0226422199634169,0.00735639988606124,0.0189194497383869,0.0104015049633998,0.0161806309972653,0.0172337030109309,0.019671576121707
892.215617520531,0.0244646628921736,0.01680433669802,0.0267986249681253,0.0210579353611848,0.0222887168301932,0.0216579446985252,0.0313673184046227,0.0349245393896642,0.0283506262104164,0.0258100810636851,0.0233064018745233,0.0222026801706601,0.0307085839538843,0.0230861430796782,0.0387947117363732,0.0237728512685663,0.0316512551688744,0.0297971522057071,0.0273932476545824,0.0195941417364527,0.0256694490214823,0.0363193979900193,0.0205814116216939,0.0262052030559039,0.0296060660442737,0.0253867556545417,0.0144292976142886,0.0242453149496048,0.0273889556172996,0.0163893647212797,0.0316497050444439,0.0252906646949469,0.0217168145233458,0.0160708120129462,0.0359182118216869,0.0308618281809417,0.0272430794234834,0.0276912664582945,0.0287319468992179,0.0208925186440738,0.0247231110365241,0.0276353745026146,0.0141725926060633,0.0222992165310385,0.0258157827772893,0.0311809410623582,0.0305229708587344,0.027189168564278,0.0277278373135267,0.0352375668428008,0.0266800170760565,0.0240985616927218,0.0237092383328582,0.0135310913061775,0.0223946697206094,0.0262207964669775,0.0268112129924107,0.0258355341653805,0.0292176535090285,0.0324450570202633,0.0294244781391689,0.0145041663179572,0.0296906930252578,0.0184652986220672,0.0212974640677836,0.0312739842957111,0.0264645767398421,0.0166699639564389,0.0199326393571516,0.025163968741283,0.0258261079244232,0.022501452796373,0.0256890630940487,0.0220792270253903,0.0248872073328808,0.021574103890552,0.0287648862253503,0.0234957080851522,0.025983534589411,0.0314391892060717,0.0322986664258932,0.0261231862968725,0.0235797854790837,0.0265583287965486,0.0312006793183798,0.0290017962482165,0.0230997876211708,0.0292808460087174,0.0218990261957997,0.0289787330551637,0.0274291913213649,0.0249596759194034,0.0358587581617345,0.0235379503784633,0.0283152952752238,0.0338293390380605,0.0226069003227067,0.0249412264907287,0.0157333143547661,0.0367478000644459,0.0318710625291003,0.0258483639590915,0.0206080383898898,0.0319249968657367,0.0281655475077046,0.0259644567557139,0.0213555697141403,0.0264485598559031,0.0214713108575211,0.0223062849890631,0.035420103215963,0.0156609879143185,0.0330869449970945,0.0286454128367087,0.0291360120490458
895.393395599108,0.0120106893860648,0.00846222181470294,0.0289787289024213,0.0298342918635494,0.0198169477668312,0.0117738735923606,0.010521386979122,0.0300808600451631,0.0180355873026448,0.0213836420886603,0.0216144862909822,0.0161453964185282,0.0140204604130528,0.00853438332112707,0.014629151690439,0.0138191351632578,0.0191703077798185,0.0166961770160902,0.0213777167265066,0.0183824482296709,0.0162867405024266,0.0311863245172468,0.013542136241212,0.0143255542441077,0.00807416265491741,0.00710585091307965,0.010919906104685,0.019170426344496,0.0154713821430302,0.0152915134904896,0.0139336016572675,0.0193218054228104,0.00905616544559246,0.0166063922139208,0.0160310112563915,0.0162889121229369,0.012089546012244,0.00229698109958652,0.0154905019354198,0.0191048029087687,0.0104059817143395,0.0224825515959648,0.0186851898475884,0.0153178233543163,0.0205424222397474,0.0158826140272915,0.0158323855803215,0.0124372874902776,0.0218605665376338,0.00279446406866597,0.0220859509387786,0.0206369558727498,0.0201826973902634,0.0192344228157995,0.0200454693122842,0.0163819266800864,0.0324736630620257,0.0285781364665384,0.0199728683707633,0.0116652455144096,0.0183839637476214,0.0174693492398295,0.0225256579240416,0.0207862844087777,0.0114702512104063,0.0126933699221045,0.0088291491950784,0.0245954036321378,0.0122805729846269,0.0151563679856836,0.0124558839510547,0.00135549002287831,0.0314832002111235,0.0232666316962481,0.0143426435480546,0.0197634742855727,0.00629667382993739,0.0172029367900463,0.0176170149641974,0.0218264167770081,0.0211290023899058,0.0150256672179159,0.0277030386310166,0.0103238509950633,0.0208617446463661,0.0209753652531655,0.0264927180109243,0.0180696582023776,0.0270918978573852,0.0216235401237085,0.0282572919283811,0.0152433011180527,0.0168398177976803,0.0199731385540414,0.0127842355388767,0.015729731466402,0.022005986021395,0.0203982733105054,0.0180317874828048,0.0113958844563449,0.0157242324297224,0.0202619128941747,0.0152591407943024,0.00824396055993499,0.0155398633170003,0.0166760775494976,0.0161211657145123,0.0168348057298132,0.0168148144157227,0.0200817394653904,0.022433011510683,0.0162473390357733,0.0190378071362079,0.0233767136057794,0.0131940525001336
898.568871891376,0.0113407811038822,0.0137792247878301,0.0212351806538682,0.0256359265389409,0.0275507117419272,0.00570375589487811,0.0154004075844009,0.0108120092121722,0.016288407823691,0.0212858750053121,0.0172335038748789,0.0226275523888162,0.0156914969715907,0.0168260857092401,0.0251676599407695,0.0153525209135815,0.010051367268554,0.0187799824521348,0.0185964963980698,0.0144033794546291,0.0249018822338359,0.0138045055299132,0.00765420505797131,0.0256279147146317,0.0182004992488413,0.0197663172637729,0.0125693241745631,0.00799885461729737,0.0125515707979169,0.0230442717391653,0.0139045344726263,0.022118239876836,0.00778722844709082,0.0103432510550999,0.0142774339369088,0.0257675787247728,0.0115158225278147,0.0141039688516054,0.0114124429834626,0.0149934409612744,0.0132309035875637,0.0139052679727272,0.0174768750759942,0.00672952351776084,0.0170171132349121,0.0140948884661289,0.0231202205448847,0.014143862426963,0.0159836101262756,0.0104681376563139,0.0134488333173103,0.0246607739335911,0.0154753568256127,0.0168978413797758,0.00418290581256313,0.0216014318114847,0.0166464057023083,0.0185029175879502,0.0153673814950761,0.0214863145396653,0.0160549059340112,0.0138981539244799,0.0189220237401346,0.0265569143471427,0.0125577092908822,0.0176929120911569,0.0187213313500037,0.0189264576361117,0.0187569887318288,0.0139624511842107,0.0118593786153063,0.0127805795960781,0.0234205549570726,0.0156232080261901,0.0171893096667503,0.0126188126212658,0.0217966236371657,0.0154477408549261,0.0209349120319335,0.0242400712374201,0.0212676504334772,0.0133300209591684,0.0162048891620362,0.0109227908744836,0.0162375966102058,0.0231728377609771,0.0161167977069542,0.022732949453549,0.0126431854576306,0.0193608299457931,0.0261977556655733,0.0160768586691354,0.0175254905876623,0.0204992871594444,0.0247097421841851,0.0184686507171311,0.00880746494535053,0.0164106372730193,0.0115467668470016,0.0114025324191852,0.0163872760305855,0.0232644189481927,0.0152172417220065,0.0144763591630305,0.0182607292519198,0.0160319827455965,0.0195789668561791,0.0162561668315104,0.0127287047886222,0.0264311942469858,0.0156730885179868,0.0127437199925549,0.015489277779114,0.0129250254826594,0.0164317993997565
901.742048728847,0.00912388924484678,0.0185403444315043,0.0156860828672083,0.011954040744361,0.0380621703035854,0.0203800080051264,0.0306736071264963,0.0241037396292736,0.0284699288375854,0.0238902532378966,0.0289217322912729,0.0258276259637543,0.0230935018442612,0.0239943459120849,0.0272988806419501,0.0207086248907459,0.026210962809885,0.0262813300072182,0.0228334904294106,0.0197935417525331,0.0247774820390785,0.0225619709917739,0.00988077312636394,0.0188211761758566,0.0187045157962447,0.0169424642539541,0.0216747365584868,0.0327884845152741,0.0298886327775829,0.026357661456512,0.0258540911764415,0.0225650036426765,0.0201903086567561,0.0148225031082657,0.0130819593150645,0.0139748821860758,0.0165442978870595,0.0332313803929691,0.0130582144869174,0.0178167679501022,0.016618461230358,0.0172735806486843,0.0134037759605477,0.0125219225359597,0.0322262049444139,0.0381619256824251,0.0230705670200655,0.00959547723003506,0.0100971267937285,0.0269841680708919,0.0313102763222064,0.00965153492189857,0.0148612722811181,0.017994373902353,0.0276498055071412,0.0210167054229267,0.018334037799542,0.025682922982861,0.0241168937821434,0.0278327653374229,0.0201119548691491,0.0239654990846617,0.0218558239123966,0.0184821416717614,0.0291594619770366,0.0243685453276649,0.020343874772916,0.0257021380414382,0.0258134095566761,0.025111433997304,0.0286849111513926,0.0270548535647928,0.021118596745737,0.0262022357194467,0.0246880248271997,0.0155230571488698,0.0240534170122965,0.0227772705240315,0.0164483071164119,0.0312297217226209,0.0310171781166363,0.0233890883028743,0.0214669402698669,0.0225475095539301,0.0207626491591382,0.0219505391764299,0.0212120195265226,0.0267987606406758,0.0218596697489526,0.0272922061448399,0.0316120669835897,0.0191242203993356,0.0216812345890882,0.0239450450828235,0.0188885325909271,0.0217620723781172,0.0202051900506769,0.0152361171993425,0.0278662527724323,0.0183188576178038,0.0240011690207679,0.025111705445058,0.031705114665904,0.0195489535723293,0.0221101981077488,0.0274936504260275,0.0259281438821205,0.017929795864586,0.0213806029199251,0.0201839810870525,0.0230770929734446,0.026138758606692,0.0206898486226678,0.0208598979840369,0.0275618179878892
904.912928439833,0.0104875453542143,0.0183718374388256,0.0156364786629967,0.0346713378982261,0.00817638251858621,0.0208458538892004,0.0229416251529123,0.00695278018627852,0.0213439929848355,0.0167257620426235,0.0229146786163272,0.0230178875644805,0.016710095350204,0.0144328551061463,0.0115048394689041,0.0183907940889955,0.0198827823455049,0.0240066535946282,0.0173322408024066,0.0157967381175641,0.0213703266571216,0.0129511840826086,0.0196417446716835,0.00861196140270371,0.0220271217933635,0.0190839175089706,0.0181372976732547,0.0193850385999605,0.0196321465029752,0.0263393441132008,0.0121058701969873,0.0101321393246732,0.0177635836568466,0.0204250541601856,0.0152795215499789,0.0256745081908854,0.0142695920965615,0.00837424282787937,0.0169882621963161,0.0148449345800392,0.0211405149312613,0.0126636806226991,0.0138915874741312,0.0129772789063683,0.0193113778000302,0.0181344893757933,0.016811107877207,0.00730986530977023,0.0101057243509063,0.00867632007868259,0.00940122165160522,0.0274936662928116,0.0148246563381428,0.00760942439787943,0.0170537178906701,0.022161672675259,0.0137948652226544,0.0155901546923267,0.0131024528148172,0.0197312324230685,0.0235787627563287,0.0174093960790366,0.0218044186164542,0.0213519078755747,0.0124062849847515,0.0113778495141637,0.0208564009023054,0.0154873535965129,0.0104762229855455,0.0233118227505439,0.0181939693275312,0.016171170196947,0.021692574968702,0.0144241727907086,0.0170297830477107,0.0196016796005076,0.0193967080827299,0.0187301863899487,0.0164076173985929,0.0244556289696455,0.00906995522861132,0.0128535095397064,0.0249856498076238,0.0266132365153035,0.0138314412349229,0.0138976617801233,0.0222852989152577,0.0149717112829662,0.0258704125701179,0.0204773532986978,0.0128407437460278,0.0232740331683372,0.0182908016074772,0.0139095240096456,0.0136310026083284,0.0182853039185987,0.016144545288033,0.0168748613103108,0.0266281433640991,0.018308233070409,0.0159479597761348,0.0206451603949339,0.0192417598640867,0.0228864573283089,0.0225386258290087,0.0187555018226744,0.0137052144739019,0.0280735841600763,0.0172769109496575,0.015072664795484,0.0191346213691281,0.0109575644384066,0.0165392053074327,0.0213126255081037,0.0223159479315984
908.081513349454,0.00363891712012254,0.0039793317622088,0.00566366335919304,0.00701009014440764,0.0158872411481894,0.0109248613102333,0.0179386641277968,0.00954844807155779,0.0147453169770287,0.0220237485633789,0.0131471023295435,0.0103794592224397,0.00629969666877341,0.00820719908591493,0,0.0100415834711429,0.0112974840665934,0.0162971666290768,0.00533611447831731,0.0151012323401791,0.00704126694328752,0.0055571003393218,0.0160482644449794,0.0102725246380085,0.0100728114934229,0.0129262994498393,0.00253142149814846,0.00541927802398781,0.0121814548303021,0.00803807556224589,0.0154742999954329,0.00705005530625238,0.00506751708752695,0.00564921692327072,0.0106650435189646,0.00491217088783767,0.01535294233045,0.00267747650898993,0.014603469994756,0.00376354819601556,0.0102176483415857,0.00975306601580413,0.00580295206818231,0,0.0122451782654964,0.019259639585494,0.00659706770709367,0.00899069107471787,0.00361021812733694,0.0133732033987238,0.00649972789788812,0.0239970723680166,0.0153656588479,0.00237881554303494,0.00527468356101274,0.0030146858687798,0.0120735430396719,0.00771645318970334,0,0.00757783005349649,0.0159907319823756,0.0149981392558519,0.00805481860576487,0.0115295930902833,0.00484343519424751,0.00961153000506203,0.0125488452953941,0.00356593448500728,0.0116242541139748,0.0073874119135042,0.00595164906817404,0.00813696463060713,0.00379438150706243,0.00263740853867942,0.00761505162536237,0.0118386322150061,0.0118545140238836,0.012969012040956,0.00689222954228657,0.00907603510467052,0.0142755665898603,0.0176019803222229,0.0151963586526401,0.00918142923525903,0.00631930245305104,0.016637621438492,0.0113101575930457,0.00960696608498773,0.0137045482565197,0.0170549347233302,0.00327045744093016,0.0162999057597625,0.00561491051973043,0.014408683537124,0.0117982740404006,0.0147998832140335,0.00921431624703073,0.0128608279013963,0.0113423506551886,0.00733507970614686,0.0113661861403815,0.000693802294634028,0.00854187376743967,0.0078014570018199,0.00987785529615957,0.00885499239056353,0.0130754389141402,0.0150337063039323,0.00621181360473889,0.015102679328569,0.0134831365873511,0.0126753250764516,0.00362138655190245,0.00278608949287036,0.0159325758335044
911.247805779648,0.00960042290523964,0.00543349580106642,0,0.0142521507661236,0,0.0102804577382076,0.0101895460031656,0.00572845520820174,0.00599370125772638,0.0105042421251928,0.00497861563319881,0.00864432457344748,0.0182671749688383,0.00308802962628412,0.00396624227582176,0,0.00382697231733674,0.0183467379304507,0.0117099146195836,0.0083290001070603,0.00198001832095701,0.00928140515176653,0.00896474019831251,0.00400583745759614,0.0162055944354789,0.00897084210337898,0.00873843318552646,0.00638630513742577,0.00359607518058834,0.00301806357794063,0.00399154858023237,0.0121488976332396,0.0100341858337862,0,0,0.0137974256421032,0.00464452905282917,0.00599296603792693,0.00131771504260451,0.00482503437243551,0,0.0159422110511006,0,0,0.0116134893421947,0.00509331041621362,0,0.012366745833991,0,0.00862022438856825,0.00589457971515741,0,0,0.0114809962121053,0.0122756421564638,0.00356284714325131,0.0120396527016276,0.00373267977584307,0.00557398620124278,0.00754420256032651,0.0089755102747549,0.011391506009018,0.0133418026982029,0.00342801853483405,0.00819586348286061,0.00502857226681998,0.00313156011365176,0.00975020435102833,0.00687296293159986,0.00557088124782704,0.00474056890654685,0.0115260421893054,0.0112746401597038,0.0149546614626327,0.00751380606092601,0.0200414102169834,0.00833190001212925,0.00378877608499375,0.0107323375727282,0.00858906947008988,0.00306294088693728,0.00410879551687112,0.014072344819717,0,0.0113910715460697,0.0142527746178877,0.00433999120208861,0.00541007039289323,0.00672683220077195,0.0164582673086521,0.0098089174052791,0.00598251480825698,0.00858556158707556,0.00318412327768541,0.00652414976813353,0.0129963050073387,0.00513675741527181,0.014482418527607,0.0130119155995855,0.0107669617058923,0.0108359460790355,0.00423507931895598,0.00846556974361666,0.00364118874274872,0.0148391137774324,0.0145220212275002,0.00257533646435197,0.0115947798933264,0.00904398139317728,0.0105470396699499,0.00158757537556249,0.00738864364387565,0.00354032205286396,0.00437114963569321,0.0140556400136028
914.411808049184,0.000171605497950559,0.00961280080570865,0.013233861116616,0.00901892620742736,0.0076103817968967,0.0167279887954421,0.00571728603606576,0.00884113516024094,0.00741888607727354,0.00494081414840999,0.016631545570762,0.0107201565434305,0.0107095435441994,0.00855083656582192,0.0167011033757272,0.00974005490897539,0.00983448257036561,0.00465177867727531,0.0245620036919169,0.0147881907400601,0.0138260213075357,0.0168917509583589,0.0227618353688582,0.0260125981048146,0.0132821389012508,0.00998113651006348,0.0155109756941238,0,0.0107645946106247,0.0112794579473087,0.00505890660099541,0.00436859332980996,0.0161325967402271,0.00323364449347734,0.0252232110474473,0.0103645966754612,0.00683333694133499,0.00986397639693885,0.0052220938322364,0.00877136327069236,0.0146448273770531,0.0158613543196472,0.000453469711822518,0.0047049190455513,0.00687330862011469,0.00678957868185066,0.0160248050332102,0.00948842992321692,0.00594377877665559,0.0133002960835113,0.00873843591916327,0.014672950636662,0.0117352336765549,0.00852849347974473,0.00106687593122934,0.00873876126031846,0.0176503125983087,0.0197892386325379,0.00731714616835963,0.0161651807192615,0.00950974496714423,0.0125234059129,0.00731161014289113,0.0235666438491682,0.0115399807269815,0.014478517042249,0.0146338511095415,0.00913357343207888,0.00977112769262567,0.0108042466494313,0,0.0114775412133174,0.0175924246865629,0.015501285442562,0.00856948773453231,0.0110780172933327,0.0180355698461735,0.00994599510530933,0.00843902465005586,0.0103862078604239,0.0161741451877537,0.00119457559199146,0.010627189800292,0.0161083148947358,0.0084412897794139,0.0141336714317203,0.0214415038768125,0.0123821016759055,0.0124438939827126,0.00508361021668515,0.0082798243553866,0.0162193491021909,0.0144470750403282,0.0177240804033021,0.0189799995268425,0.0156919623636299,0.0159284421589917,0.0121447662268214,0.00823858196582328,0.0170733814746176,0.0108776789930607,0.0112072940356191,0.014878349515418,0.0242161926649367,0.00955508593904223,0.00979678082023831,0.00888957472086294,0.00927820887003884,0.0124472880294785,0.0157104940729138,0.00669102362908139,0,0.0203833655146749,0.0128460973450881,0.0189428037733601
917.573522473643,0.0353430004090236,0.0334662418422736,0.028023088586,0.0262212149431839,0.0347980901979663,0.0400992463605625,0.0346363511854396,0.030099110243444,0.0351031049601276,0.0394937491432082,0.0427465805885075,0.0302464689574806,0.0358623787687328,0.0418743450254423,0.0451046924630991,0.0309272537994596,0.0332538842289277,0.0387004735516133,0.0374061031807262,0.0394438718302046,0.0371227889441003,0.0295009812092581,0.0255259401479811,0.029345364049527,0.050500159355892,0.0314326139652237,0.0389284083409287,0.0287701189366915,0.0274947434028537,0.0411287430744288,0.0369439535159273,0.0346048710326842,0.0438843263679068,0.028608469971597,0.0426952870943513,0.0321032933926832,0.0348250458746521,0.0283854743941808,0.0435153040028268,0.0346976926627061,0.0397142353247155,0.0402504656106184,0.0288967360151828,0.032308804108256,0.0378544900364939,0.0355169873755772,0.0311567094067674,0.0236372934951533,0.0419336338440658,0.0333144357219978,0.045572912484685,0.0376703232223721,0.0292457195492991,0.0331028907239889,0.0379954514842574,0.0266558756266995,0.036254334777856,0.0447481730367289,0.0433333765914531,0.0553879540681125,0.0344534585867931,0.0379753831692508,0.048291544783742,0.0367787181852061,0.0372983605751856,0.0396464574214199,0.0365920136714502,0.0441708613926978,0.0403473112002919,0.0383802827095043,0.034250674910284,0.0359988969912194,0.0296716444013529,0.0325067830965569,0.0235999408339422,0.0346468363265845,0.0490214151371393,0.0388296992331089,0.0356495880077006,0.0345268510155366,0.0338042260442997,0.0317982125481833,0.0430249008084651,0.0369826348877494,0.0461222392915308,0.0407256437208409,0.0511482477049731,0.0399358549688607,0.0383623702014484,0.0447154326045786,0.0384017778156805,0.0297822441016914,0.0313169471983261,0.0427991799074597,0.0388664609190747,0.0431711799740322,0.0387284681372957,0.0493078016256239,0.0391396357359957,0.0377851322229883,0.0283101177469842,0.030208527860766,0.0413656469871445,0.0436321353190894,0.0480546830167916,0.0402535746212397,0.0360789979112723,0.0357813654846652,0.030906969520957,0.0368872143887812,0.0514696736435085,0.0323548396097171,0.043056842213496,0.0489061793167123,0.0480899812373277
920.732951365446,0.0125670762763498,0.0179463898977154,0.00700133125479618,0.0284548947158317,0.0155540544883431,0.0219507621289648,0.0213873404172035,0.0235847853176457,0.020965683149579,0.0241539383721137,0.0238337756982242,0.0175761039962737,0.0259919819442211,0.0216821826857639,0.028149171822404,0.0313020772354122,0.0341862758917358,0.0222764446739361,0.0269993306266466,0.0188556008086293,0.0271260059639835,0.0165102075396179,0.0253807108239952,0.0111761124976292,0.0198513472673547,0.0246888226932411,0.0181196162183894,0.0197506877650091,0.0171950560347421,0.0255616646588453,0.0271480144006674,0.0151069042262482,0.0248847621570065,0.0188937087952117,0.0272758885326372,0.0275355803629119,0.0302643657274923,0.0175817913815155,0.016445963208659,0.0195327955199336,0.0270426617886206,0.0139679031854181,0.0190619568872377,0.015673479830137,0.0260692445054892,0.0236775403539509,0.0180924803043055,0.0184717811461883,0.024184418890004,0.0185054557369317,0.0184349729042531,0.0249172682581669,0.0151049967267932,0.0249717101563481,0.0226604358636361,0.0196454718972159,0.0107583885281004,0.0229190606067896,0.0160086271785488,0.0258734640320717,0.020436938593491,0.0295968045781383,0.0196274709809797,0.0228866585393736,0.018778823755501,0.0226829401532217,0.0133825405681544,0.017499496156549,0.0237896600206574,0.0218350455361948,0.0109371495633927,0.033648297959429,0.0209713684843209,0.0259797212133987,0.0205610912019131,0.0215254863077599,0.016704330116864,0.024508558164996,0.0188625498321237,0.0133828115782187,0.0095528149700985,0.0118111321786292,0.00949532958256628,0.0247444346693714,0.0248402766704877,0.0229672561455043,0.0183540697193968,0.0227713122820472,0.0278950688565125,0.0248222868614854,0.0109523280219623,0.0188837588303382,0.0255663231389412,0.0192486632595134,0.0238412133220919,0.0233125906957324,0.0220379862437893,0.0209908962532042,0.0261606361224948,0.022167517388637,0.0289162858539496,0.0125173055401216,0.0200012118551019,0.0175807907370546,0.0211430609745846,0.0141673510253907,0.0249737348717239,0.019882958118595,0.0180709027039066,0.029446980882038,0.0253779524727812,0.0130518798482637,0.0301049816409512,0.0194236303907099,0.0292567494045073
923.890097033857,0.0092674847365799,0.00569887354226929,0.0107585125293765,0.0212060758397613,0.0181229439837848,0.00870986674097405,0.00977304362005985,0.00798576452032483,0.0116448134679834,0.0126017500272758,0.0129520053480569,0.0125361634461005,0.00750322960916096,0.00928557217634217,0.00390720150273223,0.0174342817015161,0.0143176843204382,0.0177826098376971,0.00847683718502698,0.00818925739520097,0.00620805121021439,0.010744002328241,0.0130422961572528,0.00487737764542744,0.0146415884947777,0.0096467035838627,0.0133817675238735,0.0140434363993838,0.0057612929659571,0.0171851379797409,0.0207689449572031,0.00437551489485808,0.00644734957134393,0.00124972092618105,0.0124156385039902,0,0.01222918463779,0.00451512409774126,0.00542065222953515,0.0113036551361705,0.0177933283134309,0.0229714670798189,0.0160737618120089,0.00222858960532578,0.0136903522542435,0.0147693286422979,0.00953093720197666,0.000238271795251741,0.00819812415910373,0.00486877689366553,0.0126103678259393,0.00235607909567566,0.00447259038325014,0.0110963710079506,0.00555609784422624,0.00857046049169172,0.0123881416397534,0.0172323850822421,0.0124985818233344,0.0154100011292002,0.0139703270027105,0.0152764699071701,0.0165475456656593,0.0251286225091616,0.0106002428473317,0.00739654970348649,0.022107661313942,0.0174253485042826,0.0148819196954129,0.00763473362295612,0.00678975466933787,0.012427973765237,0.0047622878303281,0.0153279321214295,0.0140186498192839,0,0.00451889741745411,0.0141578374928872,0.0159884301619572,0.00827823760183416,0.00962567512735582,0.00887336694921632,0.00140059378238128,0.0124982566347007,0.00469525661748683,0.00974902842247237,0.0136453325293207,0.00854010536498774,0.0145326068266003,0.00378767853773086,0,0.0113116374128924,0.0169089080345104,0.00564783948047505,0.0099527184760532,0.01922266809589,0.0185005571806401,0.00169669092602728,0.0149286341640586,0.0111544777507115,0.00399706159190309,0.00398942068850397,0.00571698303872894,0,0.0118540639192972,0.0128794781622823,0.00225846073932963,0.00341159934935305,0.0179738978448646,0.0134163847981085,0.0140180743508838,0,0.0142255619724525,0.00602924331271611,0.00477172469137723
927.044961784968,0,0,0.00679662690484031,0,0.00304377128464594,0,0,0,0,0,0,0,0,0,0,0,0,0,0.0023791377193914,0.000825100335477553,0.00110660936522629,0.00330097759309989,0.000696107783538196,0,0.000376185174011014,0,0.000596214431224955,0,0,0.00270918465673286,0,0,0,0,0,0,0.000358501807451864,0,0,0,0.0033907474146865,0.00122761521824014,0,0,0,0,0,0.000735900345888389,0,0,0,0.000540978814102239,0,0,0,0,0,0,0,0,0,0,0,0,0.00126409176424569,0,0,0,0,0,0.00612105354884765,0,0,0,0,0,0,0,0,0,0,4.63232986216087e-05,0,0.00663281455728155,0,0.00163959779923915,0,0,0.00520419460195469,0,0,0,0,0,0,0,0,0,0,0,0,0,0,0.00113139274809304,0,0,0,0,0.00338414587958353,0.00252799136558211,0,0,0,0,0
930.197547921736,0.00828582992558718,0.0117974360642068,0.0143943852833075,0.0311261854793473,0.0102421005093104,0.0182533354677873,0.0117079243832898,0.00719838575581465,0.0171025596963871,0.0117053096818123,0.0222494461920966,0.0166189355906069,0.00781298521558293,0.0106664433304027,0.0287457528923244,0.0225219027216165,0.0155785380890038,0.0141986943287057,0,0.0309660247008351,0.0194611208550533,0.0169914712603746,0.00691030361603987,0.021670073226485,0.0126811005440053,0.0104896243686396,0.00905022556398192,0.018099989322664,0.0194614478659835,0.00705294644509627,0.018832901120509,0.0115531234979829,0.0162926689700969,0.0174310600194001,0.0149888561939346,0.0160250860139284,0.0154135304195398,0.0116227141084209,0.00455834172492182,0.0116027931338129,0.014135656147123,0.00566208644456879,0.00778987550205714,0.00995768461540958,0.00823855014407833,0.0175034138561129,0.00817155552766423,0.00747235447654887,0.0169416231523971,0.015337931950424,0.0234114683182568,0.0108247370118513,0.0206888417347782,0.0165944777224581,0.00655277991375308,0.0142141715007352,0.0173205768408421,0.0147466233240674,0.00894187743330679,0.00543246973949971,0.00450205601194354,0.0139076854667707,0.00619697707302094,0.0134464856341342,0.0120430713430283,0.0144312276629187,0.0263178813113024,0.0178205679580468,0.0041118559896887,0.0109729394767798,0.00718812832752591,0.017405809833246,0.0121321419146712,0.0122325747477866,0.00848489630884916,0.0128797088809155,0.00486815597456103,0.00650501098589936,0.0180128722622537,0.00893518277193694,0.0159733233749468,0.0165033127999106,0.0112093023994279,0.0146983788654361,0.0113173430209012,0.0179678546356047,0.00477851320157564,0.0124098929930112,0.0131906789480083,0.00874239500787388,0.0264119140999086,0.0239311578400975,0.00768880939585176,0.0147391237631294,0.020490475232507,0.0177810557543145,0.0171249872575785,0.0116246332719272,0.016424950183692,0.0248509320346474,0.0196710768998442,0.018436626519037,0.0220163088479503,0.0205159870832934,0.0165708661834742,0.0229723575332017,0.0165544920326808,0.0235798068357315,0.0108042088818812,0.0116587317259084,0.0179204850820267,0.0116497611006043,0.0244827305214939,0.0217568836020367,0.0218106003536448
933.347857743968,0,0,0.00601112789152787,0.00590391877484453,0.0141843778029914,0.0044424699688404,0.00445115119279988,0,0.00829441589709344,0.00609461893701517,0.0118799898136787,0,0.00479920337048114,0.0132967494360611,0.00504091549849638,0.0130093401589838,0.00130490643384552,0.00534152647515451,0.00745890978801262,0,0.0121619695125462,7.54497054546046e-05,0,0.000642375705094918,0.00575186254844422,0.0114523689398323,0,0.0101555758188103,0.00124868331428547,0.0113888921868926,0.0112882451274026,0.00781720081609068,0.00524297318905885,0,0.00861042543959632,0,0.000161206684190215,0.0058628192457018,0.000962818080151646,0.00219364651849954,0.00715001604917476,0,0,0,0.00462279012061403,0.00445799598397676,0.00917252993826288,0.0153372307148967,0.00860681631043157,0.00344880666279932,0.00430972821843503,0.00899484227155323,0.00651853102689533,0.00671237319677963,0.000581331876995982,0.00253666592695204,0,0.00458209610137054,0.00831447835151742,0.00765136207416872,0.0102213185312202,0,0.0161867243039635,0.0185474135742046,0.00211703529998361,0,0.015194516543841,0.00244048669541858,0.0134421780912163,0.0108664237837459,0.0140582764612266,0.012167512165698,0.00686237875993717,0.000381629874762275,0,0,0.017403144032835,0.00408783600000921,0.00397949327329017,0.00438081229410766,0.00753604684685403,0.00530892563324836,0.0094528723080068,0.00068681774724896,0.00717633175456779,0.0109805751803218,0.0132339890914195,0,0.00153721859555205,0.00695740887807442,0,0.00799922519082783,0,0,0,0,0.0118483955311788,0.00303142998948505,0.00283036119443754,0,0.00110958385998291,0,0.0083003460748353,0.0070934264035006,0.00270949439721496,0.00666278481434597,0,0.00482521773457819,0.00315242265775984,0.00762207234820344,0,0.00864131383085574,0.00507650989431542,0.00661472177812768,0.0102831494049984
936.49589354832,0.016504331310904,0.0102111441395299,0.0213057633422613,0.0210720781872511,0.0185847447928288,0.0206651021148396,0.0108754274974542,0.00584715820328074,0.017169075090614,0.0308411318759509,0.0197251332173503,0.00703358369459005,0.0161282992761252,0.0125757187942473,0.0210809631242489,0.0204603947143262,0.0134354168075686,0.0170972828914968,0.0256636510287809,0.0200618512378189,0.0184971135923367,0.0176455523484661,0.00597068854836274,0.0282519696781868,0.0186073717481115,0.0245668590095158,0.00239047937990873,0.0116112510847546,0.0134275352803127,0.0262385254876096,0.0202907975076251,0.0146035122945143,0.0192677104953804,0.0132139938317723,0.023769148888938,0.0152159484960904,0.00846823181272269,0.0170094953478923,0.0237310557270297,0.00955768237076988,0.0213102044581777,0.0139400196467149,0.023466923262574,0.0064689407822437,0.0168144591837317,0.0207958658512049,0.0124216785638599,0.0231949982823673,0.0144349069972105,0.0163360417550819,0.0157419865344863,0.0198405989853433,0.0175387486008863,0.0151797464571298,0.014565382023519,0.0163507309672191,0.0160053238819087,0.0127882056647821,0.0198816375849428,0.0202585780674836,0.0223283395937402,0.018442516227552,0.0160507574529749,0.0219112730213233,0.0146061697895691,0.011888423796095,0.0205859021556582,0.0136582080972986,0.0162853118411136,0.0136936054416478,0.0133681495154599,0.0286420671408909,0.0154326662179714,0.0120478005215872,0.016904483997619,0.0185164656569627,0.00691463796676022,0.0255348057026161,0.0122120760342789,0.0152933795102708,0.0364384104745244,0.0182225250241196,0.0192540961271224,0.00583356723208722,0.0161927830921032,0.0181984146472643,0.0199623062006895,0.0227202470213516,0.0239441838641252,0.0142344552642829,0.0163399685136715,0.0204031002444207,0.0227915998159931,0.022042626960354,0.0144057523558794,0.0241978377490775,0.018581015124256,0.0237803697912363,0.00970209729330223,0.0189163100712358,0.018498116894671,0.0122194033498787,0.030017078512432,0.0241615033667329,0.0155709014343991,0.0163059343877555,0.0186380971912125,0.0148912346183109,0.0244635936925462,0.0270379429882267,0.00988935847635451,0.0178690523662729,0.0236153542001017,0.0225077592552843,0.0218878252181719
939.641657628323,0,0.00120587294852759,0.000239478589266598,0.00531334234705819,0.000695153173399805,0.0041081499565818,0,0.00249106313668266,0,0.00840690159003192,0.00237334474590356,0.00359442252461504,0,0,0.00352049646734228,0,0.00982334305754031,0,0.00494289536469659,0.0049449408153089,0.00845517532131902,0.000158670806197885,0,0.00381621384684663,0.000353749873961953,0,0.0062275183016832,0.00088490827694339,0,0.010624097545171,0,0.00792694955795204,0.00136308130637605,0.0079831256621332,0,0.00333019274393384,0,0.00277845332872279,5.60598995283601e-05,0.00592050505922868,0,0.00298312306811855,0,0,0,0,0.00889882073293733,0.00378952622862655,0.00136113640843057,0.000301936777079368,0.00411677438407276,0,0.00159657437858763,0.0018416650786452,0,0,0,0,0.0157537340235402,0.00686840331942665,0,0,0.00102783631133348,0.0102785638624801,0.00121618764826489,0.0134145641245052,0,0.00505677532098436,0.0043944156819422,0.00710290117720468,0,0,0.0113020760876879,0,0.00100309355316008,2.47056737081584e-05,0.00505032346356866,0.006051346331546,0,0,0,0.00348504598743207,0.00938814522569933,0.00632684939264596,0.00173465213216437,0,0.00489704768180359,0.00256786542676142,0.00130494313124323,0,0.00668758266249295,0.000565969474706746,0.00424096949242113,0.00020312258948855,0.000481240143356393,0.00373051855634516,0.00585139006511253,0.00444883995464303,0,0.0101731756426385,0,0,0,0.00209295223970294,0,0.000558925466891275,0.00342614406141055,0.0034708009272212,0.00115364238255246,0.00639404860650199,0,0,0.0041942320223461,0.00160225264276608,0.000186852655487389
942.785152274379,0.00521082689548957,0,0.00285137950101752,0.0119912826405636,0.0120473917192905,0.00556855808226648,0.0132996317952645,0.00446721196386761,0.00594877198811159,0.0081968027618706,0.0096678048031059,0.0148790231294063,0.000305514840754087,0.0116703220358595,0.00442940732612791,0.00741871804462885,0,0.00911533759728195,0.013404308667952,0.00968067260420046,0.00331720041001499,0.00547494611885539,0.0131259301568503,0,0.00358163856395331,0.00324299688549155,0.000869115639531586,0,0.00961574786644339,0.0204750544509792,0,0.00709288893819506,0,0,0.0104098546518454,0.0110216562920039,0.00878888471424307,0.000380154075459872,0.0130642546887778,0.0115345417851497,0.0130195553447626,0,0.00255931677026044,0,0,0,0.00311426100036092,0.0116335166067914,0.00481236001493481,0,0.00400948102447004,3.77319015176165e-06,0.00791527972895446,0.00914793120250239,0.00845805725355313,0.00744757658120738,0.00166016278172088,0.00968758136904968,0.00929476418288099,0.0154179220102093,0.0052432694775966,0.00396044282160729,0.00504308967202073,0.00267416129370395,0,0.0171803606466313,0.0131738093755127,0,0.00604503956343247,0.00815161448564568,0,0.000411737126571749,0.0042794173603819,0.00183636616612738,0.00373867707564715,0.00755828967095923,0.00893329942470857,0.0138425851196884,0.00304186401231725,0.00958724979980326,0.00198720267152569,0.00756229604422314,0,0.0120400504148769,0.00272378914021036,0.00646243844735502,0.0133314555069917,0.000645271175592006,0.0052199434519017,0,0.0022084814103691,0.0151782230637681,0.00655667919078741,0.00705825921845538,0.0100099672970655,0.00523068665218836,0.00856453283372816,0.00147825905213808,0.00704544680851686,0.0146834778714269,0.00859867333982458,0.00654717278485932,0.011409906057936,0.00303470129323532,0,0.00384228104365853,0.000389119883594702,0.000522285171814403,0.00506873899619073,0.00519768570517241,0.000696971743153187,0.00890221511904308,0.00461801057164627,0.00598360707430557,0
945.926379773757,0.016217963729708,0.019805299410919,0.00986304818604253,0.0151724130908943,0.0201441650160511,0.0212230662646886,0.0197029908475059,0.0229882273102857,0.0217707548968325,0.00852200431679557,0.0217786368265858,0.014154369115617,0.0179271581687623,0.0181747271549038,0.0232479577869673,0.0110148426555585,0.0233690278638776,0.0213932717135749,0.00834571318990574,0.00999627689242275,0.016179271700901,0.0191295320698041,0.0135018156771219,0.0222345349257937,0.0124574899102621,0.0202049839649187,0.00354314089365448,0.0142742418423437,0.0217728106685473,0.0153674032178736,0.0158570348978305,0.0226316097225542,0.0139863002593233,0.0127792834288126,0.0159095597340903,0.0215041550567306,0.0254916478037622,0.00812337179984923,0.00428076209148914,0.0107767608879856,0.020297900680814,0.0134964919633855,0.0252247084570331,0.00491874035275915,0.0111745474137244,0.0215673195789672,0.0176189499171121,0.0171994838892425,0.0129798380249747,0.0106992135569471,0.0240640680926385,0.0246647207551006,0.0107114751150524,0.019315730163179,0.0130269031474587,0.0137067124317014,0.0162406376215479,0.0167590211551161,0.0156118348164005,0.0297357916538912,0.0144222192029304,0.0133234720126992,0.0263111537166056,0.0123578719712824,0.0186854482228658,0.0125146766065564,0.020196868022504,0.0217973086359289,0.0177029098453569,0.0227216731808769,0.0205536082900276,0.0134364536733513,0.01686705749196,0.0064240788824976,0.0169546765581494,0.0115350957554578,0.0214407641223396,0.0170796866251527,0.0162650378762764,0.00729688700560782,0.0127615813416462,0.0145737566828677,0.0121871875799804,0.0165847528572078,0.0162984518531661,0.00968012732147503,0.021185803721077,0.0263652541145658,0.00970535510378022,0.0116500684956949,0.0144154102095345,0.0181125950026978,0.00886570299288973,0.0226926434800862,0.0160989035601708,0.0247543463731104,0.027865013604937,0.012611123149448,0.0185759287167205,0.0209167183424897,0.00914864979759581,0.0122987855093246,0.0230647643043352,0.0137519350965421,0.0171461272155382,0.009426400699786,0.0106873726576227,0.0207423202933743,0.0153505126502946,0.0188715260082801,0.0153654785436432,0.0169435366447987,0.0213835254070197,0.0166814784779648,0.0154591038856122
949.065342410614,0.0164510530247412,0.0146060932228141,0.0152156541009747,0.0133607103445896,0.0152364110600876,0.0166610985288091,0.0195292856627218,0.0196114957025252,0.0145348520947419,0.011009326112468,0.0215556919306673,0.016696697267291,0.0120072564476012,0.0235578709632164,0.0123856726754287,0.00967651818049995,0.0186107114075993,0.0146725435248421,0.0167940532838821,0.0196833327921489,0.0219409902966722,0.0210941182964857,0.0161920011229122,0.0249289174904901,0.0128442224113011,0.0156053045395918,0.0153982650610413,0.0206817032954403,0.0130938403539614,0.00859142442588748,0.0196928736250134,0.0141778162249407,0.00803191794090078,0.0228066026154427,0.00666176333135986,0.0179915001061134,0.0107655769854153,0.011913445742417,0.00638295823516207,0.0146414073480976,0.0161352517162567,0.0178893760409119,0.0164677364504489,0.00421225150313026,0.0245099923856217,0.016128899118573,0.0225332098886413,0.010834309784057,0.0170070547853602,0.0253291756329709,0.0216378901866399,0.0118471164188766,0.010571299631455,0.017430462945559,0.0205247757128177,0.0188000574344257,0.0183782411219245,0.0243807056239891,0.0108825828809053,0.0203669339658864,0.0160365307140708,0.0179327429162742,0.0100760910703791,0.00762198322072601,0.0150489655943899,0.0145821162027739,0.0184017084456385,0.0273273906283503,0.0152162723850428,0.0196398039242381,0.0180939017078346,0.0247399424820667,0.0179082285883035,0.0210029499014761,0.011520128821222,0.0214216076048545,0.010925325475086,0.0129209283174462,0.0161176144227293,0.0124503552488888,0.0167391126451881,0.0156969837204904,0.0208047929210611,0.0147340955769584,0.0178465329882067,0.0140281955004563,0.0147003078431952,0.0185458320021775,0.0101419527974602,0.0183328429567981,0.0185564405359767,0.0149267580406899,0.0117480017488914,0.0254336219767973,0.0227535614237679,0.0239870959771283,0.0225537857392139,0.0180931380686085,0.0131358873640631,0.0236842528750382,0.0189714828782108,0.0214829652031957,0.0211277856168768,0.0221607069379078,0.0157619591756188,0.0150038826895198,0.00995693088072259,0.0149543479766998,0.0186728358351307,0.00793500901141739,0.0164219291994954,0.00107481207747042,0.0153705631608562,0.0221987462373551,0.011797320743137
952.20204246599,0.00488476599846327,0.00447952875650372,0.0040373073389393,0.00605759412307408,0.00707349519759094,0.00553786034938524,0,0.00341393078572384,0.00246757356787155,0.0167433639051966,0.0207899422287067,0.00559333507836579,0.00722863500427085,0.00273809671247102,0.00879542467859983,0.00723616716093155,0.0115974267945786,0.012829145811813,0.00902001161952876,0.0161240402076893,0.00750656235456438,0.00524904667735764,0.00494963166557298,0.00499148875752753,0,0.0132097181826129,0.012315841298063,0.00992722840564916,0.00271922233740247,0.0150986643829971,0,0.00513193378493706,0,0.00510168535604837,0.00761272522156541,0.00663882206753741,0.0027663010278443,0.00329363950482606,0,0.000561811338587711,0.00624885263957939,0,0.00142117432933756,0,0.00152358185646275,0.0106840272038663,0.00150784502146732,0.00673411989980444,0.00390437921702855,0.00159702316687082,0.00479865446029993,0.0111294220584766,0.00983886129837027,0,0.00746619287454725,0.000705962327700889,0.0075078354772891,0.000809162443368849,0.0148624103560406,0.0104136404301269,0.00717947930932727,0.0100745310217039,0.00216653320655854,0.0109504092234364,0,0.0177663618024084,0.00283191230826904,0,0.00329784485666998,0.00831700072147921,0.00342648065752817,0.00460032900366257,0.00105630039535853,0.00558154705977697,0.000835500994657572,0.0105939268703169,0.0124871303783436,0.0064818360408222,0.00482706235915588,0.00900040142047611,0.00203688471651504,0.0103439534651057,0.0201641361056622,0.00126121873400214,0.00507866625168406,0.0121163864305009,0.0116483562463356,0.0195440230384294,0,0.00743743236254952,0.0106023156555966,0.00562086232544733,0.00534694813308866,0.00298056434980084,0,0,0.0126583804717702,0.00720060920931959,0.0111990812548016,0.0154913078726583,0.00848980596809813,0.00601327705730814,0.00796177895933172,0.0138753305808495,0.00640915318893255,0.0142291080460105,0.00689941976400485,0.00633374404314117,0,0.00271403957840214,0.00329956669874744,0.0126013622898318,0.000592541473898004,0.00931369541625217,0.0149014012048955
955.336482217814,0,0.0069213337309427,0.00441977817657837,0.0117159855896855,0.0142255243720963,0,0.00273648808169142,0.0128384478033501,0.00379542470881106,0.00783085806640452,0.0109063864625156,0,0.00531349285736851,0.00197753910625069,0.0107976948132944,0.00314647635461004,0.00289128686110281,0.011522167847016,0.00502356600493892,0.00318014871664817,0,0.00274985044259543,0,0.0116325249747649,0.00398462013802443,0.0102549302388108,0.00463265470690098,0.0113407085616583,0.00697459807175686,0.00554023847250451,0.00793499994933408,0.00777925953044055,0.0103545932248293,0.00153667349079915,0,0.000315782866976682,0.0115939461789577,0.0149640737882231,0.0036883904815854,0.00614949440765738,0.00607500360013112,0.00103953159249253,0.011500946417133,0.00331483684709631,0.00254575219062092,0,0.00528231934148703,0.00717041779134884,0.000241993938447727,0.0079529226241189,0.00754549786584217,0.0202058195287565,0.00206842499570631,0.00216801370057601,0.0032083511189959,0.00926338941747296,0.00284915100996154,0.0167715425484623,0.000823770012970146,0.010849576616741,0.00471108626457649,0.000429749526276715,0.00674886218589165,0.00562461029204907,0.00833162343666206,0.00746475064538245,0.0054299132551836,0,0.0108122483299671,0.0111041680632044,0.00444052574725212,0,0.000930220051751493,0.0107376112596814,0.00296223686464428,0.00390132415040106,0,0.0199291789551105,0.0113487130165246,0.00439775338463708,0.00260664395148275,0.00910192741642672,0.00274824049399535,0.00810910059738369,0.00432438835492823,0.00394484777117264,0.00228347933763686,0.00288694026656611,0.00695320586583087,0.00107030095394243,0.0037926687633071,0.00297735457324164,0.00241852255796022,0.00687975114988458,0.0108674385652951,0.00383914713395319,0.000467788844460405,0.00251019389934006,0.0104258202999892,0.000373757114792504,0,0.00544036382293929,0.000105497162023834,0.000404620478756459,0.0038746743928137,0.00421778671088891,0.0102164650603493,0.00844664249137368,0.0137101850061387,0.00549749896714761,0.00434358894492674,0.00838035047608202,0.0103311122660537,0.00504506344141293,0
958.468663940918,0.0196762508753227,0.0170110295890662,0.0147107650334823,0.0173692118591625,0.00930196210611294,0.0198669997060453,0.0102091518619838,0.0131799231659896,0.00618895656355832,0.0168054207894887,0.0165587175445615,0.015011558058229,0,0.0157026094710219,0.00775472958357364,0.0242334838342394,0.0144088243458428,0.00858122989308362,0.0221020151339714,0.0161578696009805,0.014632399222609,0.0180474480516588,0.0184213810350181,0.0165704909714063,0.0162271717960612,0.0122679756071507,0.00383400450405258,0.0110875125153234,0.021919487261106,0.0170179086588721,0.00832559647406075,0.00632477637848811,0.0163517889313435,0.00418998330840012,0.0151654101530725,0.010772953301459,0.0170487030733013,0.0198628583422911,0.0172370413436304,0.0146241527408296,0.0121836001573664,0.0173679902607314,0.00957946397866152,0.00845334241490726,0.0187906931231035,0.006241444360368,0.0129972775513756,0.0127111900969553,0.00306783225469358,0.0078116747217844,0.00279463372979125,0.0148637943375964,0.00776977457110232,0.0123105307830215,0.0212556428238321,0.0154964381993338,0.0207955074975162,0.0188050602407841,0.0123445743005678,0.0153218056324209,0.0196776241799622,0.0174805724850752,0.00239694019378883,0.0118224741269946,0.0104254723517874,0.0100748177915019,0.0190363766862767,0.00651979565914091,0.014785871520323,0.0103561221212207,0.00544860201007359,0.0117435574174924,0.0163761773344567,0.00647760708747751,0.0149873789628302,0.00962699093804117,0.0127151959863387,0.0140452474657517,0.0161936479659093,0.00150816706975831,0.0178826776855514,0.00608932590325993,0.00961231337729381,0.0236623169888015,0.00814293149535595,0.0105479513138971,0.00265907169475958,0.0091667305469888,0.00967979841934666,0.013969138261452,0.00503520747253027,0.0136654102597123,0.0139792740963001,0.0107725189035204,0.0152147653855311,0.0109408574735385,0.0151649121969404,0.0175679446552175,0.0119861758348479,0.00600529409813563,0.0170859034390971,0.0117396356660597,0.0205949974456104,0.00936951245378606,0.0127084588114732,0.00862247651741832,0.00888635297587071,0.013944946787767,0.0181723871562667,0.0197186377301403,0.0184203387762853,0.00998341817148955,0.0113049256561021,0.012842178846556,0.0165750532862866
961.59858990703,0,0,0,0.00955188551830467,0,0,0,0,0,0,0,0,0,0,0,0,0,0,0,0,0,0,0,0,0,0,0,0,0,0,0,0,0,0,0,0.00108055380775936,0,0,0,0.00457638818926595,0,0,0,0,0,0,0,0,0,0,0,0,0,0,0,0,0,0,0,0,0,0,0,0,0,0,0,0,0.00520465989896675,0,0,0,0.00181290459335803,0,0,0,0,0,0,0,0,0,0,0,0,0,0,0,0,0,0,0,0,0,0,0,0,0,0,0,0,0,0,0,0,0,0,0,0,0.00131942166921506,0,0,0,0,0.00667922924003994
964.726262384784,0.00162868685109396,0.0120218555017778,0.00718317685932279,0.00871181519096361,0.00965354292751933,0.011776317054495,0,0.00316609682147678,0.00774081772006559,0.00545600107855114,0.0085501815617644,0,0.0087142458312136,0.00690582821219511,0,0.0099986510943512,0.0155076521266755,0.0129917967338714,0.00543115420583847,0.00127243265297128,0.00427244451340202,0.0174690157610652,0.0063377667162418,0.00663132517286178,0.00676450514118683,0.00687986106456101,0.0102572771240259,0.0105622193084013,0.00393980135880979,0.0078362139715854,0.00965864615187612,0.00749120731859436,0.00153610322980981,0.00438696872405408,0.00341746893662054,0.00257320616536068,0.00156795446737082,0.0110374633537613,0.00189311183055821,0.00725272286901987,0.0140915631114886,0.0112977379893689,0.010288240390569,6.21848032607362e-05,0.00440401631024847,0.0147066925654006,0,0,0.00220523724834146,0.00338058927459977,0,0.0151153251810753,0.00860734059780151,0.0021747228938266,0.0121223336471501,0.00650197791460335,0.0131433902856485,0.00169159348216732,0.00166810876957055,0.00576541362015496,0.00133824033842602,0.00884095050842255,0.00617252371143021,0.00113913803288827,0.0128704254967716,0.0130303806143228,0.012637034334482,0.00337328377879409,0.00622066901930677,0.00766583136034636,0.00221824080932115,0.00457371917985105,0.0155155279869274,0.00676102213418987,0.00639290447150235,0.00449400473384138,0.000260573607349463,0.00964727462043137,0.00749002652223894,0.000868773547052455,0.0122020418795787,0.00122289552389817,0.0169620338194875,0.0106111085232681,0.000307790403052516,0,0.0091257064968456,0.0181779062674698,0.00703042874461745,0.0040385773468372,1.78078306958626e-05,0,0.00403393005918066,0.00389561671095196,0.00272066243215916,0.000334216443857083,0.00677522502295537,0.00364101287877735,0.00221969283073824,0.00110783275056662,0.00652050578956287,0.00311204965921228,0.0030805279927903,0.0100180223244169,0.0059028527396752,0.00991434536681574,0.00040664175104569,0.00457488618724278,0.00100576286176462,0.0115236992048061,0.0074402501290135,0.00384377299794172,0.00914655136023997,0.00714789795214207,0.0176593389478208
967.851683639732,0.0192587540308819,0.0111584460219689,0.00368611530892676,0.00287977924472633,0.00610825307123618,0,0,0.0082949872030335,0.00475516314984062,0.00139904499304498,0.0066804326123569,0.00127078040775155,0.0096443090914062,0.0111381882036788,0.00698831912380134,0,0.000593580929745778,0,0.00465483331943436,0.00209574748693072,0.00344894305452721,0,0,0.000238993535523447,0,0.0144015916053624,0.014033968112794,0.00420312093390666,0.00197767150248677,0,0.00375113023424712,0.00250735616745094,0.00124494057208934,0.000799260985097659,0.00320440959396719,0.0146915093648208,0.00307714478738388,0,0.00223835488217783,0.00066512325385493,0.00188730183472602,0,0.000923680009329323,0,0.00598790433263991,0.00746840540432346,0.0090471590180009,0.00261007644413664,0.0026502358835536,0.000271228908756395,0,0.00341442106647584,0,0.0122998255254891,0.00314340575251735,0,0.00224253716459158,0.00315040605497541,0.0125902365882384,0.00502082354483505,0,0.00213882978728007,0.002992023815966,0.00731851308694581,0,0.00214324075400499,0,0.00377269800815882,0.00134006599393758,0,0,0.00555292329824303,0.005555999640062,0.00718796317179636,0,0.00428528087756102,0.00179278743016233,0.00829166340821746,0.000623731047026146,0.0134354501566635,0.0127483463726622,0,0.00646140904888507,0.00698046887847902,0,0.00587656943231493,0.00375043462979557,0.0114969610232318,0,0.00218213066827795,9.00974986659318e-05,0,0.00050225932305022,0.00894153864384966,0.000756603650838536,0.00854482281573323,0.0031438780335095,0.00682815129323667,0.00200739991583935,0.00441590093919053,0,0,0.00642336185212628,0.00342823312783427,0.00448184961744259,0,0.000218525989652809,0.000446555059774541,0.00602979369219179,0.0148561990381641,0,0,0,0.0114775689539581,0.00436518596240315
970.974855934344,0.00304258186816261,0.0075555318955105,0,0,0,0,7.08113768673726e-05,0,0.00498005496675112,0,0,0,0.0076984565323397,0,0,0,0,0,0,0,0,0,0,0,0,0,2.75752997877059e-06,0.000605082751718368,0,0,0,0,0,0,0,0.00945838957161196,0,0,0,0,0.00168318249676981,0,0,0,0,0.00375143579533582,0,0.000178264330471974,0,0,0,0.000355374571071912,0,0,0,0,0,0.00516048264635897,0,0,0,0.000178047800235938,0,0.00369141969682422,0,0,0,0,0.000577205375044325,0,0,0.00195404182350161,0.000206488157321008,0,0,0,0,0,0,0.00593716598277781,0,0,0,0.000440180252562262,0,0,0,0,0,0,0,0,0,0,0,0,0.00580123583834518,0,0,0,0.00579234973486279,0.00191313625615004,0.00326339087108065,0,0,0,0.00350523766246237,0,0,0,0.000973115779797022,0,0,0,0
974.095781528001,0,0,0,0,0,0,0,0,0,0,0,0,0,0,0,0,0,0,0,0,0,0,0,0,0,0,0,0,0,0,0,0,0,0,0,0,0,0,0,0,0,0,0,0,0,0,0,0,0,0,0,0,0,0,0,0,0,0,0,0,0,0,0,0,0,0,0,0,0,0,0,0,0,0,0,0,0,0,0,0,0,0,0,0,0,0,0,0,0,0,0,0,0,0,0,0,0,0,0,0,0,0,0,0,0,0,0,0,0,0,0,0,0,0,0
977.214462677025,0.00751149443952831,0,0.00748320771395044,0,0,0,0.00126494690453568,0.00335896544439926,0,0.00166541811048514,0.0117547957185163,0.00493930219107259,0,0.00875378685684461,0.00113227790769772,0.000615670502058017,0,0,0.000131994336773788,0.000670565855673678,0,0,0.00763341250066193,0.0042200860832853,0,0,0,0,0,0,0,0,0.000337969727501752,0,0.00366629729959988,0.00289288290237819,0,0,0,0.00459343562598858,0,0,0,0,0,0,0.00674031366553624,0,0,0.00330203410179442,0.00816236231694161,0.00113921780785948,0,0.0053557977492791,0,0,0,0,0.0023269872892365,0,0.00121691064524753,0,0.00829458659702802,0,0,0.000339361088626463,0.00142339366762146,0.00437245580175975,0.000212968137783566,0.00162987719879731,0.0107989041718544,0,0,0.00608286489485694,0,0,0.000603081447686673,0,0,0,0,0.00201103441378118,0,0,0.00116849820463853,0,0.00135176337303644,0.00730368535891296,0,0,0.00775458042756402,0,0.000891351419881118,0,0.00112643523309178,0.00271673759312022,0,0,0,0,0.000983779985639742,0,0,0.000312809139176303,0.00701034703226491,0,0,0.010639098015548,0,0,0.00809050868858265,0.00898877427683849,0.00592661329171703,0.00661167015621441,0
980.330901634669,0,0,0,0,0,0,0,0,0,0,0,0,0,0,0,0,0,0,0,0,0,0,0,0,0,0,0,0,0.000827183220566558,0,0,0,0,0,0,0,0,0,0,0,0,0,0,0,0,0,0,0,0,0,0,0,0.00240335268626243,0,0,0,0,0,0,0,0,0,0,0,0.00134974807120219,0,0,0,0,0,0,0,0,0,0,0,0,0,0,0,0.00469461019631012,0,0,0,0,0,0,0,0,0,0,0,0,0,0,0,0,0,0,0,0,0,0,0,0,0,0,0,0,0,0,0,0,0,0
983.445100651119,0,0,0,0,0,0,0,0,0,0,0,0,0,0,0,0,0,0,0,0,0,0,0,0,0,0,0,0,0,0,0,0,0,0,0,0,0,0,0,0,0,0.00320209788728404,0,0,0,0,0,0,0,0,0,0,0,0,0,0,0,0,0,0.00121123094418507,0,0,0,0,0,0,0,0,0,0,0,0,0,0,0,0,0,0,0,0,0,0,0,0,0,0,0.000300121196023245,0,0,0,0,0,0,0,0,0,0,0,0,0,0,0,0,0,0,0,0,0,0,0,0,0,0,0,0
986.557061973506,0,0,0,0,0,0,0,0,0,0,0,0,0,0,0,0,0,0,0,0,0,0,0,0,0,0,0,0,0,0,0,0,0,0,0,0,0,0,0,0,0,0,0,0,0,0,0,0,0,0,0,0,0,0,0,0,0,0,0,0,0,0,0,0,0,0,0,0,0,0,0,0,0,0,0,0,0,0,0,0,0,0,0,0,0,0,0,0,0,0,0,0,0,0,0,0,0,0,0,0,0,0,0,0,0,0,0,0,0,0,0,0,0,0,0
989.666787845913,0,0,0,0,0,0,0,0,0,0,0,0,0,0,0,0,0,0,0,0,0,0,0,0,0,0,0,0,0,0,0,0,0,0,0,0,0,0,0,0,0,0,0,0,0,0,0,0,0,0,0,0,0,0,0,0,0,0,0,0,0,0,0,0,0,0,0,0,0,0,0,0,0,0,0,0,0,0,0,0,0,0,0,0,0,0,0,0,0,0,0,0,0,0,0,0,0,0,0,0,0,0,0,0,0,0,0,0,0,0,0,0,0,0,0
992.774280509374,0.0170596758758463,0.0259238171244069,0.0184844255688266,0.022899636168344,0.0203062532394593,0.0280668194788429,0.0225051952833219,0.0304469367978914,0.0246286490057113,0.0191755474504754,0.0231400949590673,0.0249580979437474,0.0197575409329349,0.0253033258554793,0.0304630552236028,0.0236606509986689,0.0209979223334681,0.0252537001113766,0.0220466079930513,0.00738667616099316,0.0223143899160197,0.0157074196007972,0.0143601223801027,0.0241411109862918,0.0312012039609576,0.0218747873798863,0.026245182329681,0.0123436560574326,0.0131030378599871,0.0182843139901121,0.0133769848157969,0.0185902104772994,0.0181049510850066,0.023975833105026,0.0211552899942755,0.0224825812030051,0.0256213554651193,0.0181361865884902,0.0260213879900992,0.020683757131509,0.0115401556792516,0.0275504260154155,0.0246368349819071,0.0204174353448638,0.030769875113586,0.0222637472690167,0.0276051766491089,0.0267379038639493,0.0296240626770043,0.0412975973857109,0.0216110039110921,0.0278018398463286,0.0308719213639366,0.0334556677239073,0.0191940873180357,0.0280538269453219,0.0216826579863364,0.0274388838676606,0.0236629082603594,0.0300494854981556,0.0176624481213309,0.0213162121481117,0.0231741729900804,0.0225417749011952,0.0284936803943508,0.00640524809018569,0.030111473942675,0.0220660005791085,0.0286657795025346,0.0211744789968985,0.020833608859076,0.02234732827538,0.0260772144533512,0.0115879304823008,0.0175581239660339,0.016623863235192,0.0219216273945247,0.0330539961761794,0.0190044765342034,0.0415625166800454,0.0186309326503051,0.030234605193201,0.0147879087426832,0.0265260276286213,0.0217330069820017,0.0236941570493018,0.024199997678961,0.0278595104436511,0.0265882204843919,0.0183160090171263,0.0303967465106458,0.0274793705193085,0.0312048157516911,0.0174818018894605,0.0249137188071157,0.0199455082940174,0.0242577559360575,0.0298754000839137,0.0246877145826847,0.0139757837586858,0.00395799245711735,0.0262137263047882,0.0282555179285307,0.016116423732218,0.0298905828647767,0.0249796192902687,0.0194025175503029,0.0294114902233868,0.0274937090802483,0.0155848745345931,0.0294841341551011,0.0155998392605729,0.0309754198826852,0.0194753094567455,0.0231074894999833
995.879542201883,0,0,0,0,0,0.0032088399729018,0,0,0,0.000974274093394442,0.0035354874320851,0.00286990859869238,0,0.00440964362647271,0,0,0,0,0,0.00319922589417344,0.00343797817969393,0.00813114550764124,0.00826444742871651,0,0,0.00558432673993267,0.00642957171006017,0.00150981193932639,0,0,0,0,0,0,0.0016208887062171,0,0,0.00324044014264508,0.00109678840803383,0,0,0,0.0015189714409158,0,0.0100509112068505,0.00851512226706826,0,0,0.0117166548050749,0,0.00469370699039135,0.0114446956303399,0.00779978464466364,0.00223410107254932,0.00195022414531994,0.000610930187952936,0.00282220186942121,0,0.00025895506281446,0,7.91594399225408e-06,0.000327713300358584,0.000304702951789359,0,0,0.00165111953969665,0.00510462422455242,0.00317508209676406,0.00488854690732454,0.00389533251503968,0,0.00556372479242065,0.00222313864745701,0.0160859734668163,0.00446836509732541,0,0.00902466401141343,0.00209507458736434,0.00151298136110009,0.00135598473247829,0.0072500331206673,0.00833943431562911,0.0030862690847841,0,0.00888960809065527,0,0.00330001120329414,0,0.00557514735822376,0.00451081536129886,0.0085462633030802,0.00475628043378463,0.00559641988954794,0.00842282720467068,1.80054869933781e-05,0,0.00284257383048933,0,0.00337169677413694,0.00686216089588155,0,0.011815570016691,0,0.000273688952974032,0.0034003432206381,0,0,0.00545515790641788,0.00582058075083876,0.00456918879898003,0.00665161919137237,0.00548158302950989,0.00385687685719081,0,0
998.9825751584,0,0,0.00643865795863547,0.0126564018030359,0.0159271316561262,0.00074060737652717,0,0,0.000331349019237947,0.00120420125126817,0,0.000963832759871622,0,0.00357721727247698,0,0,0.000617469927717293,0.00242424090725852,0.00202570183429412,0,0,0.00555765550846157,0.00622627913957947,0.00899982611782215,0.0086173359447907,0.00255396305354557,0,0.00118587026396972,0.00513867029630956,0,0.00260402574906001,0.000329048903008741,0,0.00143376423611713,0,0.00521900227453369,0.00553917611670461,0.00130776446977975,0.00540543942024541,0,0.00189901192746554,0,0.00410071579612759,0.00393293331937543,0.00514244080734905,0.00416727934654516,0.00401134826545354,0.00589342073723798,0.00974665523047665,0,0.0062120960699154,0.00488374402439581,0.00581924888636018,0.0123107269896248,0.00760062428671298,0,0,0.00575727565730633,0.00183534140234246,0,0,0,0.00183284733411512,0,0.00438070534235438,0.00419412307120415,0.010934354450078,0.0108849172644202,0,0,0.010523867786743,0.00249383421740572,0,0.0135223578216311,0.0071052278045839,0,0.0059055282891409,0,0,0.00699479938130686,0,0.00879071823262928,0.00872762503973477,0.00755182500284316,4.85641462475923e-05,0.0111889833647052,0,0,0,0.0026047155337753,0.0108675498516992,0.0198197966937013,0.0112936576168985,0,0.0014391414055243,0,0,0,0,0.00608622458348363,0.00314568821304564,0,0.0200823806007338,0.00168957531142525,0.00192964844853554,0.00423830710455509,0.00906748827872256,0.00580037075333056,0.0212250705412677,0.00842617461516734,0.00932553648629469,0.00585344575565607,0.00300870922055979,0.00446731432745537,0
1002.08338161085,0.00930188187575252,0.00404374848789199,0.00619308829940621,0.0182525614083346,0.0197681544478524,0.00427621304018764,0.0135131559855265,0.0163177711510247,0.00533025049431482,0.00902098605916868,0.00879597622168395,0.0132386916074197,0.0223933222473711,0.0189045777713005,0.0121743477382848,0.0122436230680623,0.00980772308493567,0.0140654126168888,0.0217388438189371,0.0218426181032037,0.00277732959097194,0.00743075319736159,0.00882602118202908,0.0189575957189208,0.00156010700592016,0.0138892214553104,0.00296313108916233,0.00694485172805981,0.00818672341618877,0.0104155336278104,0.00520295097915312,0.0163468921443556,0.00454030939193985,0.023258398239955,0.0220700374974726,0.0116886513484631,0.0165334115335697,0.0134658969004639,0.0142962519629871,0.0169755228188042,0.0170818264966635,0.00916543703552993,0.0123903541831082,0.00740930745802428,0.0137016920362188,0.015098469572465,0.0150411942254969,0.0170429723640463,0.0201715521512675,0.0176604725017334,0.0244375606534054,0.0121545783549732,0.0132106709606638,0.0160732304478238,0.0108983827536207,0.0227886198832344,0.0204860272740886,0.0177432535373692,0.0179335516802016,0.022458941513594,0.015265525771792,0.0158955005604354,0.0182359657044897,0.0115233483151855,0.0190524854150732,0.022459106930674,0.011803408467761,0.0180246621350314,0.0250641964654627,0.0175551510355209,0.0195980798321367,0.00513572047538358,0.0133536660882435,0.0056615695671983,0.020225264470721,0.0146653274753838,0.0183184666758716,0.0163259639355413,0.0138478020799318,0.0149218764156459,0.0212567755837807,0.016884283429125,0.0132084337488774,0.018966278758218,0.0163880103302202,0.00350893884350642,0.015953839053841,0.0117811850196327,0.0183907891613025,0.0267685738124423,0.0339069772420558,0.0398807026315559,0.03032255555299,0.00493547199160911,0.00457286789647711,0.0111826733333664,0.0217982373932814,0.00259959476322439,0.00635392533911086,0.0191430414885038,0.0221620282698628,0.0214107987282449,0.0151037638181161,0.0117327315713832,0.00841692335925428,0.0160716317830007,0.0134651632684194,0.00953304186670772,0.0221404207829093,0.0197175833458755,0.023900403937691,0.0231287243640641,0.0126661405254144,0.00644204386114644,0.0112897880886123
1005.18196378813,0,0,0.00263864642042399,0,0.0124643165963924,0,0.0050324110111855,0.00643850711598046,0,0,0,0,0.0146531520788957,0,0,0.00587393444861599,0.00438253018978317,0.000741685946772503,0.0127998817607979,0,0,0.000398280713232343,0,0.00741732515010688,0.000719146970732692,0,0.000936378432687445,0.0010783849582605,0.000534559270045492,0,0,0.0054500662660426,0,0.0105632224115841,0.00195642911422668,0.00304661884312993,0.0112514534389088,0,0.00942426798415432,0.00280851078254736,0.00367508433974318,0.00549588041991714,0.000684212316393611,0.00128969788368388,0,0.00251338360778561,0.0046440000670951,0.00490725114150032,0.00461257771220593,0.0133139178405502,0.00808363925310428,0,0,0.00663802819675095,0.00127511633684108,0.0150369185232796,0.00048240365954763,0.00466443943052406,0.00148974486996814,0.00548108752877166,0.00748172426191238,0.00854231861761139,0,0.0101480382645045,0.0176222113127305,0.0047747289330357,1.72085821040017e-06,0.00704653071896474,0.00421957632509058,0,0.00136050658659141,0,0.00679600718055276,0,0.00129719161144751,0,0,0.010362339496525,0.00302578441897323,0.00737059804603369,0.018917575185611,0.0220331668095511,0.00149459366083365,0,0.00295979508518937,0.00833177810490395,0,0,0.00429378649237873,0,0.0247067723903258,0.0154772543723208,0.0139791908030273,0,0.00484176757917247,0.00243105119135792,0,0,0.00257438054791569,0.0149000131552045,0.0139169392408949,0.0121591383833173,0,0,0.0023882540381711,0,0.0149582618736645,0.0194795659401592,0.0137814125389326,0.0189892982759956,0.0061580782578072,0.0159136137994471,0.010057763581231,0,0
1008.27832391613,0,0,0.00183445697566348,0,0.00237222888520206,0,0,0.00296249760924134,0,0,0,0,0,0,0,0,0,0.00532119961681972,0,0,0,0.00448884971325757,0,0,0,0,0,0,0,0,0,0,0,0,0,0,0,0,0,0.00136773122571886,0,0,0.000398220676260896,0.00369337887466363,0,0.00109296389268218,0,0,0.00381059715328189,0,0,0,0,0.00637738859732822,0,0.00380421964755776,0,0,0.00421635388118404,0,0,0,0,0,0,0,0,0,0,0,0,0,0,0,0,0,0,0,0,0.00096163608231895,0,0,0,0,0,0,0,0.00123752102084357,0,0,0.00514100845221387,0.000517511888189567,0,0.000845782801996601,0,0,0,0.00320896649899157,0,0,0,0,0,0,0,0,0,0,0.00599805575088683,0,0,0.00577976018405239,0,0.00980433923493795,0
1011.37246421771,0,0,0,0,0,0,0,0,0,0,0,0,0,0,0,0,0,0,0,0,0,0,0,0,0,0,0,0,0,0,0,0,0,0,0,0,0,0,0,0,0,0,0,0,0,0,0,0,0,0,0,0,0,0,0,0,0,0,0,0,0,0,0,0,0,0,0,0,0,0,0,0,0,0,0,0,0,0,0,0,0,0,0,0,0,0,0,0,0,0,0,0,0,0,0,0,0,0,0,0,0,0,0,0,0,0,0,0,0,0,0,0,0,0,0
1014.46438691273,0.00369025219768708,0.000327225012985069,0.00021517924367734,0.00869046608079188,0.00260734034625454,0.00909243299835875,0,0.01148335395872,0.00491415604564101,0.00500362073146339,0.00372307643578821,0.00883459572554899,0.00748163447753419,0,0.0164755953078593,0.0173976788647471,0.00831185855783171,0.0128420121980634,0.0108269039299684,0.00170951896954819,0.00631915620290887,0.00542644300291477,0,0.00444972149903022,0.00439345326424298,0.00779034485071337,0.00229771570233914,5.68590855290393e-05,0.00739061079642657,0.00392458000859083,0.00870808577316964,0.00666540707569966,0.00311921331389302,0.0120655963840355,0.0113292193209669,0.00563480626055448,0.00828857768713714,0.00624593877280727,0.00969146938818203,0.00946956016052604,0.00688172700035465,0.00528113262169271,0.0192361846462237,0.0159520254730744,0.0104140785573434,0.0158758589983715,0.00331106051811044,0.00765926138834777,0.00337576586555716,0.010283758815111,0.00394635225665395,0.0135290719299546,0.00465127373436763,0.0115819095793875,0.00350176080098868,0.00161105325411066,0.0161964321802233,0,0.00675357541374742,0.00477029033418923,0.00445555860171974,0.000108266349227591,0.00762521274623415,0.00138662558869167,0.00871001182775436,0.0050556332083649,0.00367604414484275,0.0216395607064548,0.0176527924205459,0.00659752286428005,0,0.0105220485483619,0.0130635561945306,0.00593777640145111,0.0149885550310148,0.00647705873196444,0.00348735385214911,0.00495175250573586,0.00227645039213745,0.010484264593944,0.0107464933934292,0.00334437725830055,0.00854256604727059,0.0216066956105552,0.000429578956369504,0,0.00566873081547577,0.0142101810093553,0.00817292498006156,0.00378442818237978,0.00283770757040967,0.0172695891529143,0.00261530620893834,0.00552699639796973,0.0107765848044612,0.01052355198186,0.000724844814657006,0.00775419737825419,0,0.0073379292762361,0.00365959777557421,0.00845621253011265,0.00460311549825953,0.00352961048913965,0.00873472583591103,0.0120239726432521,0,0.00690353375785093,0.0130174216209526,0.00648362219853646,0,0.0105711950082792,0.0109672379897694,0.00510313677806679,0
1017.55409421804,0,0.00102904671367007,0.00160364897366574,0.014771853196738,0.00968509380552219,0,0,0,0,0.00466781435532683,0,0.00581548178439518,0,0.00296183934084866,0.00606438244511094,0,0,0,0,0,0.00378509652088974,0.00116107477113234,0.000879701427835262,0,0.000144588071713032,0,0.000829906019036661,0,0,0,0.0118585123796294,0.00803787555658307,0.00788526838261055,0.00444961626571943,0,0.000335529150891269,0.00691986303161417,0,0.00537844749288586,0,0.00260747820897952,0,0.00694465146499291,0.0092868729994805,0.000211785937045674,0.00327678562205588,0,0,0.00374323252698638,0.00238255112967703,0,0,0.00557967876606578,0,0.0114785487930789,0,0,0,0,0,0.00305212578751069,0.0028282252471615,0.00436793776041348,0,0,0,0,0.00555281674951281,0.00150585878792506,0.00576104233664201,0.00623234848386357,0.00114303564446821,0,0,0,0.00382957906330585,0,0,0,0.00521065688297239,0,0,0,0,0.0035858010206028,0.00484682757931172,0.000795343745313624,0.00804293671311084,0,0,0,0,0.00365244447527329,0.00405483359532783,0,0,0,0,0,0,0,0,0.00137884307392142,0.00895036135616935,0,0,0,0.00157421677882133,0,0,0,0,0,0,0.00148248033114073
1020.64158834748,0,0,0,0.00289693316762338,0,0.00355830598122446,0,0,0.00736387869871394,0,0,0.00388437521263943,0,0.000989421237465235,0,0,0,0.00841215831181618,0,0,0,0,0.00171735979735241,0.000568780517868526,0,0,0,0,0,0.00563985330302089,0.000734115905642582,0.00414172238649089,0,0.0143716380600432,0,0,0,0,0,0,0.00233185802875152,0,0.0146418035558966,0.0138101403139385,0.0122640976930288,0,0,0,0.0052880923398074,0,0.00289898188875345,0.000360273546198848,0,0,0.000663667282917831,0,0.000463437250856334,0,0.00811529650518647,0,0,0.0025781365412542,0,0,6.87857885928e-05,0,0,0,0,0,0,0.00662191968797448,0.00279927093184261,0,0,0.00591206679559301,0,0,0,0.000506838116626791,0,0,0.000695767944470078,0,0,0.00226169811108757,0,0,0,0,0,0.00455235872778656,0.00236726471853234,0,0,0,0,0.00551263100237646,0,0,0,0.00826339419798736,0,0,0,0,0,0,0,0,0,0,0,0,0
1023.72687151192,0.00918866107034056,0.00406284994387086,0,0.00498415039269365,0.0159420374716959,0.0048827197530626,0.00061415714717776,0.00742064917075288,0.0101918189741135,0,0.00108387399760718,0.00686044404810454,0.00716633051196371,0.00235821891092114,0.0093077330589394,0,0.00771034027427662,0.0140610044680607,0,0.00119169401558459,0.0227162885117657,0.00319122084418676,0.0042927510161848,0.0037143274909495,0.00181569746123915,0.0135414068371776,0.014537584256967,0,0.00689599885209265,0.00372347903248968,0.00387790057243183,0.0113572954316438,0.00885698407429539,0.0276858632729899,0.00139542825090171,0.00427545497861844,0.00136725006540634,0.0144683342418985,0.0139415048233016,0.0108930462092234,0.00491159886931839,0.00845211047189014,0.0166239645544241,0.0359169587952006,0.00205561486462838,0.00628431805622077,0.0126609774659522,0.00356770389828544,0.00742005901391748,0,0.00611601852012789,0.00530118080723264,0.0121156254563862,0.00961234686374015,0,0.00959671819769011,0.0115290363521752,0.012992185304261,0.0108251223581969,0,0.00663059321278177,0.00469853470420337,0.00319978174797105,0,0,0.00193617093577966,0.0111749041723738,0.00337134834167592,0.0198622113788465,0.0146659456271137,0.0144596825545818,0.0138125693381172,0.0117981423158602,0.00875506807754923,0.00767613311032,0.0109497396844911,0.0107424746372324,0.00917079292775169,0,0.00153105022639251,0.0161265063976708,0.00874169635025095,0.00110454010948994,0.00467409354179388,0.0173295148947468,0.00990636627107329,0.00766562899398093,0.0127589376350952,0.00740041134880575,0.0161265509019536,0.00511113281879006,0.00791435761013496,0.00861669476071508,0.00637226038304156,0.00294931121521753,0.0101328450961319,0,0,0,0.00378196270145274,0.00787283747651565,0.00701594332677026,0,0.00366983813753247,0.00253836969229158,0.00419328441112671,0.0145580330773155,0.00503748960203746,0,0.0071089718118656,0.00734302154836597,0.00869778138421098,0.0165154470050684,0,0.00182362307709168
1026.80994591922,0.0159720813554885,0.0299048290723506,0.025028761798362,0.024025980649015,0.0327629502263777,0.0165818193256915,0.0244145776981453,0.0130013275231386,0.0183772321109195,0.0182806136942089,0.0221710381662872,0.0338389526873611,0.0269540488704291,0.0187732212895827,0.020723039635892,0.0192050724103094,0.0157447946749405,0.0294745060142543,0.0122976977800291,0.0333767425177654,0.0179899507692333,0.0306281933800793,0.0155690339619519,0.0198665232142037,0.0360104388175738,0.0270585049583733,0.0268420982364636,0.0229940163601575,0.0262401907040686,0.0217390120665171,0.0235734506296946,0.0326097917704437,0.0358450912094538,0.0319440035674263,0.0373872174380332,0.0291821891191964,0.0263613710894523,0.0220895562564228,0.0222316130320504,0.0279492055508664,0.0194942018179511,0.0144367201818082,0.0334543443336565,0.045764171961758,0.0404599382937365,0.0201277975396745,0.0287386064901147,0.0271829086862305,0.015453296606101,0.0117054553079974,0.0312276262264381,0.0384873772174816,0.0265133117203321,0.0230998000284047,0.0265834471237156,0.0226838607200761,0.0248527256632673,0.0227223141791904,0.0234096649895126,0.0239856584846542,0.0377746688007548,0.0299577147733284,0.0261203447090333,0.0211715232727527,0.0178625511194296,0.0212967590366181,0.0279873620389189,0.0302963537481958,0.0172543293529417,0.00852682544901759,0.0287370415812135,0.0364329889028603,0.0254097231287665,0.0255670581439425,0.0201868214174463,0.0224926269859311,0.028882908274019,0.0321688221274652,0.0240601077836494,0.0323545438926515,0.0301742644421801,0.0303368806608131,0.015966429083977,0.0270945008594017,0.0250554103421534,0.0311919399815991,0.0136762900290221,0.0236424909704362,0.0146429135715761,0.0374282111779776,0.02121222111584,0.0262784926380645,0.0229806945914091,0.0259774481644677,0.0232221887146658,0.0227678246966162,0.0242290472358852,0.0297858102710613,0.0292507216605447,0.0191180043461218,0.0349828403704903,0.0218150646418831,0.0294906993860152,0.0211650935565319,0.0300403851864408,0.0131148328320843,0.0334297563973711,0.0307878605583925,0.0247001305064094,0.0309618873406479,0.0173560948700686,0.0282786761248532,0.0308146064104671,0.02037842187062,0.01722762510602
1029.89081377425,0,0,0,0.00217067553225908,0.00362158866154527,0,0.00331458251102617,0,0,3.86581966971502e-05,0,0.00516611966219905,0,0,0,0.000213323426768071,0,0,0,0,0,0.00354040214265702,0.000151086364751924,0,0,0.00354250995498997,0,0,0.000545551124083015,0,0,0.00179360266993766,0,0.0101710673902541,0,0.00540570995203095,0.00253610193019967,0,0,0,0,0.0090334879825231,0,0.0188377768754229,0.00213078944649923,0.00399030084848759,0.00196705868860292,0,0,0.002612375802257,0.00101590652839289,0,0.00281914417699437,0,0.00519146368004148,0,0.00482188243303547,0,0.00229130226639229,0,0,0.00715078403049647,0.00618533633469923,0.00766182306359631,0.00835743846743647,0,0,0,0,0,0.0058264177753547,0.001892998895853,0.00209159823389006,0,0.00414635776209739,0.000308974924788015,0,0,0,0,0,0,0,0,0,0,0,0,0,0.000343656358079098,0.00334798922492179,0.00184672879839054,0.00545249718828503,0,0,0,0.00105790418946369,0,0.0014615479286571,0,0.00293527154014965,0,0,0,9.84201194736141e-05,0,0.00763104064204529,0.0124460448831255,0.00762426240768185,0,0.00128904371450954,0,0.00131930739345006,0,0
1032.96947727891,0.0326074630008247,0.0362009217352143,0.0310837687500052,0.0341757850073576,0.0236889767701191,0.0274085246586467,0.0320375141514302,0.0316293532950205,0.0342029079713247,0.0311363163095265,0.0370025773581217,0.0354128046878857,0.0470042725664299,0.036546089476375,0.0267488307688378,0.0370601294567462,0.0379855256509855,0.0347901795674434,0.0359903167381465,0.0348494207418204,0.0276269286300212,0.0331972471502248,0.0381136228434719,0.0357593453941586,0.0359670738220138,0.0463463715979146,0.0434027603511518,0.0361040570650182,0.0390241709968356,0.0405943998290601,0.0355547901573993,0.0382502735070529,0.0470598495818355,0.0432820220626762,0.0447296013048191,0.0364618871242111,0.0443580438710419,0.040707001167988,0.0353640587618418,0.0406440047499916,0.0383601421147289,0.0263979238432494,0.0402608297363994,0.0436019697910994,0.0469728827685704,0.0360507182751439,0.0394628516510519,0.033520979836194,0.041548434868002,0.0324624549916794,0.0387993874421148,0.0374023292897548,0.0429954703967247,0.0397411227508795,0.0395753193522301,0.0401570482237515,0.0328372621229837,0.0421741020256841,0.04624646307114,0.0384832917468959,0.0465678814391383,0.037151716850157,0.0421939709105976,0.0385403658291181,0.0344956970585924,0.0358588882641791,0.0395747824864356,0.044514039768451,0.026756814877405,0.0415302912485378,0.0508928806813989,0.0405123867118631,0.0347377063173236,0.0491848686607761,0.0440351537570674,0.0449787095829032,0.0421395503868221,0.0372329478188432,0.0313149250683714,0.032095898446979,0.0520373868767077,0.0499926123512168,0.042790919875956,0.0364991369042885,0.0399264996412448,0.0328234236910644,0.0560759321185913,0.0436361953266474,0.0435546465793997,0.0392114518214978,0.0459218427102322,0.0446580661017328,0.0459028618976824,0.0417491141794804,0.0345780697629983,0.037323673106634,0.0305274834408618,0.040501611283504,0.0374304473049805,0.0405576064334933,0.0358398413936798,0.0359289100915375,0.0478248039821545,0.0400349075571174,0.0389693696838983,0.0349880720929057,0.0415797431430292,0.0393216232671389,0.0496450035613259,0.0414678971245881,0.0453109850460587,0.0330349111582601,0.0383842010705292,0.0438064856088363,0.0327884908693617
1036.04593863214,0.0198992200284358,0.0161085951762531,0.0126256021044504,0.0148108868458094,0.00615083038978377,0.0101503758444187,0.00490967991157281,0.0201163559757055,0.0107514188098117,0.0204800124316049,0.00662963094548096,0.00782613724859513,0.0174182550472276,0.0200682892001012,0.0241590654499862,0.019704736398813,0.0190365357456723,0.0230647576701418,0.0232389077778511,0.0201354090051228,0.0196183020187887,0.00888597318631861,0.0110857004335297,0.0179656182346059,0.00172926295327255,0.0145345960034421,0.00229288569760984,0.0147086561288787,0.0195164534484239,0.0187305838736353,0.0118569027266435,0.0109384409302334,0.0130455119373914,0.0198069434817631,0.0183483197275891,0.0132396877032256,0.0194053673837475,0.0150570073059668,0.0195684490501207,0.0148733909319255,0.0117714714668622,0.0187126674618746,0.0216692868645622,0.0172040970421766,0.0221105803494641,0.0157936776547311,0.0228343421780268,0.0179476573203726,0.0306788444857702,0.0304454760544237,0.0108872674329969,0.0135082417578224,0.0151947694829407,0.010771206791039,0.0152426854019936,0.0213625483248617,0.0229761423101418,0.0173678940061847,0.0152453901957049,0.0185828019791589,0.0271241914157885,0.0220537282190149,0.0133258740774223,0.0111891061670469,0.019236322225561,0.0181428468771766,0.0150745048214209,0.0221839516165891,0.0200172112506602,0.00950364507361903,0.0221672854701338,0.0259727005901668,0.0189148054809025,0.0177637324432358,0.0233288636001426,0.0216067577681233,0.0217199839161473,0.0158890969845126,0.0126652209588241,0.0119033648419046,0.0174135636339389,0.0168802962810137,0.0177464312422957,0.021160543650898,0.0178806933252856,0.0160120907073631,0.0133455738291652,0.0174492516530525,0.00690455373053666,0.01062406295104,0.0251735771864595,0.0196649935570572,0.0179332821342581,0.0226863461174533,0.0130730565580379,0.0234682470270258,0.0205119389439486,0.0255367160363056,0.016655741167558,0.00976338774654963,0.0130668409692154,0.0209140452313453,0.00855381436765579,0.0224204472653156,0.0203966234531041,0.0162112068027348,0.0140354577918263,0.0130613137210124,0.0186585020290678,0.0109557565502288,0.0258376143922398,0.0158784933757621,0.00771559997167707,0.0193000272807393,0.0250443264051022
1039.12020002989,0.00359957354468584,0,0,0,0,0,0.0013234967220947,0,0,0,0,0,0.00332818088569236,0,0.00365051841445832,0.0023465548856957,0,0,0,0.00100570853736736,0,0,0,0.000735188258483049,0.00198382252049086,0,0,0.00493191488051222,0,0.00074037172910946,0,0,0,0.00538317882961733,0,0,0,0,0.000904137425331361,0.00183053600962259,0,0,0.00878741758578325,0.00306130407221251,0,0.000824720362674556,0,0.00350776808140605,0.000912468192635196,0,0,0,0,0,0.007934895592194,0,0,0.00202665058054897,0,0,0.00418983980982985,0,0,0.00228359450205478,0,0,0,0,0,0,0,0.00057081376895212,0.000781451841997956,0,0,0,0,0.00363667464664868,0.00626339522747049,0,0.00146086067221236,0,0,0,0,0,0,0,0,0.00754155651928398,0.00384695711606893,0.00356138256408178,0,0,0,0,0,0.000409968375955714,0.002898259369096,0,0.000730856496072448,0.00589686863233785,0.000585876113130892,0,0.0063712644003873,0,0,0,0,0.00104001701804181,0,0,0,0,0.00262372007321198
1042.19226366514,0,0,0,0,0,0,0.00266300043079368,0,0,0,0,0.00120228291171989,0,0,0.00329584914641828,0,0,0,0,0,0,0,0,0,0,0,0.0021845755595111,0.000133284694667123,0,0,0,0,0,0.000576710028727471,0.00469907532969646,0,0,0,0,0,0.00546716121796322,0,0,0,0,0,0,0,0,0,0,0,0.00119255073045012,0,0,0,0,0,0,0,0,0,0,0,0,0.0029231330123345,0,0,0,0.000732429763224513,0,0,0,0,0,0,0,0.00559120473147647,0,0,0,0,0,0,0,0,0,0,0,0,0,0.00190491292378436,0,0,0,0,0,0,0,0,0,0,0.000294558957391289,0,0,0,0,0,0.000134170830480957,0,0,0,0,0,0
1045.26213172793,0,0,0,0,0,0,0,0,0,0,0,0,0,0,0,0,0,0,0,0,0,0,0,0,0,0,0,0,0,0,0,0,0,0,0,0,0,0,0,0,0,0,0,0,0,0,0,0,0,0,0,0,0,0,0,0,0.00185784805205587,0,0,0,0,0,0,0,0,0,0,0,0,0,0,0,0,0.00523431830505769,0,0.000584495795207446,0,0,0,0,0,0,0,0,0,0,0,0,0,0,0,0,0,0,0,0,0,0,0,0,0,0,0,0,0,0,0.00100056898985314,0,0,0,0,0,0,0,0
1048.32980640533,0.0146791239318638,0.0193666540764489,0.0136817918430233,0.0201267881153476,0.0176947277508079,0.026301459129229,0.00259862209499314,0.010349225353366,0.0160934711881436,0.00548446468233203,0.0174903712616027,0.0191213514529983,0.00926188763443909,0.0165614070641301,0.0176976705377829,0.019237666620361,0.0117727584435887,0.00707337037859922,0,0.0153189586265215,0.0197547036331325,0.0150989676249808,0.0230648891121515,0.0169073933297997,0.00782349369114928,0.0149350973416934,0.0192952028554583,0.0220727064552828,0.0191487383116361,0.0209583665208337,0.0209383131728277,0.0215931021115066,0.021185446488794,0.0277379739293296,0.0142870927281354,0.0137720661766977,0.0155222700297483,0.0229401233042124,0.0119733732356593,0.00724501614247796,0.0231661300983179,0.0295060293588372,0.0203948122149105,0.014979771393041,0.0134286779554088,0.0199774073988178,0.0228246526912172,0.00844243000961124,0.0190606561205287,0.0217666006376332,0.0167713243861887,0.0205267530952872,0.0194126498375146,0.000420849853883775,0.0053752461803234,0.0203412091241324,0.0225129971319261,0.0133510494010986,0.0167233905927104,0.00883977956325017,0.00920842833507517,0.0073308825882743,0.0162699870938939,0.014179742840169,0.0168212874058312,0.0174624567168348,0.0227909286376591,0.0245445826106597,0.0154205987817297,0.0248913036133533,0.0199630186499317,0.0140908832007487,0.0254139518566674,0.0179130415101498,0.0121458813554562,0.0239444009420889,0.0205784506318672,0.0248397365036613,0.0148865460659394,0.011920428667416,0.0169670377716248,0.0179260215745423,0.0245213741001266,0.0225068411488294,0.0098080656722367,0.0163955371103932,0.0132546740315647,0.0156294052153352,0.0144518962162207,0.0169863636720776,0.0141085027309444,0.0158136675226502,0.00866115504110219,0.0208024799819157,0.0202998919363636,0.0176069233210046,0.0141875873163796,0.0209668521977828,0.00841034127817993,0.0185912422681273,0.010687788343535,0.0175793159355261,0.0168357506027809,0.0152371378028188,0.0194484288681899,0.0149240077852849,0.0140544511547251,0.0165266652210088,0.0192632766627979,0.0124781339235463,0.00574710515705304,0.0171940238882188,0.0210628441873499,0.0074801754288309,0.0177473459137529
1051.39528988146,0.00401214701133085,0.00199706095086939,0,0.00125507221398726,0.00108020140494815,0.00138532768705545,0.00448024156679941,0,0,0.000781471550798489,0,0,0,0.00230306943336328,0.0100588692864398,0.0035122592309757,0.00742206833190681,0,0,0.0154890213536159,0.00136754684543247,0,0.00937300812958686,0,0.00354569149666165,0,0.00688721829550498,0.00453974325685536,0.00863710881754802,0,0.00179656896968898,0.00245996278204056,0.00255151975259793,0.00312220963227676,0,0.0101232579690891,0.00739253001341434,0.0091204038864929,0,0,0,0,0,0.00775829093588222,0.00144272373058112,0.000886459539941854,0,0.00137694045629452,0.00877037426332915,0.00675804516995265,0.00555967732153349,0,0,0.00987521543156574,0,0.00443404783598289,0,0.000229143964113594,0.000819175403716421,0.00740923457370438,0.00254442404564051,0.0118046633485658,0.0022703949617477,0.0104544598684923,0,0.00198270883230493,0.000483040400346296,0.00163860568363557,0.00749215807189073,0.00167748630351581,0,0.00411413143814757,0,0.010006107643152,0.0118219486758075,0.00174593240320783,0.00820503295630313,0.00121104523684845,0.0023514740942489,0.00489896646791774,0.00100680909619332,9.68181093074281e-05,0,0.00309180984942415,0.00549553960674449,0,0.00548721724408746,0.00413906957858475,0.00261971731030285,0,0,0,0.0119919680661273,0.0116866173905533,0.00279047854951728,0.00317719689047434,0.000728189074724571,0,0.00751429092643677,0,0,0.00198118381766224,0,0.0091205048023303,0.00257127271250634,0.00363672251524383,0.00158220827930177,0,0,0,0.00157031622057816,0,0.00789966101131507,0.00365776018172029,0.00773426263953377
1054.45858433751,0,0.0021213173214432,0,0,0,0,0.00526529337554778,0,0,0,0.00120112547069283,0,0.00631986177413598,0.00699386038179449,0,0.00420884510963457,0,0,0,0,0,0,0.000321648078101989,0,0.00152810557457123,0,0.00423987968681771,0,0.00375320316201083,0,0.00377485993344031,0.000290220094843767,0,0,0.0108283045272195,0.00143684348939698,0,0,0.00673200892741777,0.00139515049969883,0,0.00785233205958433,0,0,0.00234136323207802,0,0,0,0.0037923466836672,0.00650017183814554,0.00471887749747481,0,0,0.00326600953126983,0,0,0,0.00548341897316238,0,0.000778806441462455,0.0040180062518063,0,0,0.00557446539630282,0,0.000542511744551011,0,0,0,0,0,0,0.00528362130795865,0.00268568620935966,0.00100938491118099,0.00498673125622144,0,0.0145249140297199,0,0.000741412752128852,0.00598188504002671,0.000499546493689546,0,0,0,0,0,0.00264799463835972,0,0.00740230228428407,0,0,0,0,0,0.00226852846008362,0,0,0.000767090855689227,0.000798016611597651,0,0,0.00383747365143283,0,0,0.00677009783310302,0,0,0,0,0,0.00384929497629439,0,0,0
1057.51969195172,0.0031834080018908,0.0016972505854002,0.0050909028760098,0.00590125154698602,0,0,0,0,0,0.00709476656562891,0.00725616037645391,0.00125045268670395,0,0.00499474460817134,0.0104536742051035,0.0120206356033518,0.0088299030502483,0,0.00203823740819778,0.00754935960370743,0.0104239473081123,0.00110188310951556,0.00925672143333277,0.00591344407761148,0,0.010655263772577,0.0050365113435058,0.0076525620897937,0,0.00350226807872815,0.0137436341078737,0.00513891803538968,0.00860176735605131,0.0065096597789796,0.00314368636515479,0.00114203155139868,0,0.0164320090511232,0.00697563278786343,0.00917291516534983,0.0153986972342478,0.00356976653454602,0.000571139079576942,0.00130528926315884,0.00441012999989762,0.00972516749086183,0,0.0037089180018078,0,0.00270045404846246,0.0021477398311834,0,0.0092287487184016,9.7281496251255e-05,0,0.00796586960666733,0.00871997272959175,0,0.00386838303695346,0,0.0101410754555433,0,0.00462020412957895,0.00761100765410917,0.00780574490732829,0,0.00377582695090529,0.00337146928501746,0.00105550139231585,0.0175922980441212,0,0,0.0113713685286555,0.00830227166439352,0.00650897615652609,0,0.00244245230615563,0,0.0101295041287302,0.00747161693914277,0.00359941647356892,0,0.0198985196591388,0.0118805076329454,0,0.00515230231000076,0.00485419725063726,0.00703830419966341,0.00955347095659333,0.000907404790236387,0.000750167864464538,0,0.00531383973843064,0.0116081852463865,0.0129706982054014,0,0.00756495240434662,0.0110289732148341,0,0.00054723711368535,0.0136716399705052,0,0.0082636629156828,0.00954173951118748,0.00293551741385334,0.00759452607486484,0.00853834568628221,0.00214989782546821,0,0.00444715006792701,0.00511725766035342,0,0.00317189595276961,0.00865478778103216,0.00632725191827267
1060.57861489938,0.0135346817478686,0.0198608110303596,0.0174636561294921,0.0214398579797519,0,0.0238509031761924,0.0134018938568754,0.00215560143003778,0.0122895725991644,0.0154002259522294,0.0159891691904614,0.0178411933747949,0.0188699718454711,0.0252892909827734,0.00784967489341986,0.0121661700993054,0.0241420359683887,0.0122203067893177,0,0.0132313661278076,0.00239962209767344,0.0201707656250755,0.0141288652856335,0.0180837306942837,0.018411410258044,0.0219373777014731,0.014445585206584,0.0183376007624798,0.0125580179190446,0.0231528618917276,0.0174316256666343,0.0211012657739411,0.0201753226185181,0.0158405159088789,0.0221048068012532,0.0232275772753598,0.0228329501338213,0.0262877856780529,0.00435162508248885,0.0105844938148484,0.0196671169672188,0.0283180157244092,0.0150948010511009,0.0063373690522439,0.0146779491018093,0.0123792936498192,0.0210975942543082,0.0227599469858917,0.0239443699922909,0.0266336242149303,0.0128290216677189,0.00964804286837809,0.011887083994186,0.0215940143849808,0.0201416205036317,0.0181328173445382,0.0180628452931133,0.0143167152363765,0.0146875858274166,0.0181231885766064,0.0185882822006504,0.00207625125455392,0.0138278233450134,0.0223293081136699,0.0155301251498097,0.0133839663646913,0.0150578277783752,0.0268784804173835,0.0219869294036264,0.0231950849985262,0.018314656749459,0.0159006380483038,0.0174576290972928,0.0127413369287351,0.0172510495863925,0.0197474919616143,0.0165339144212275,0.0206863282178966,0.0326702251314977,0.0113348117062449,0.00970362904062128,0.027769095936317,0.025486452305405,0.0133687039129839,0.0188780549521191,0.0127716104254748,0.0177222324780168,0.0155452827000939,0.0109970437431077,0.0159506074838296,0.012219608305515,0.011375346184718,0.0289342009798033,0.0165456571348867,0.0154840176737633,0.0274921702485063,0.0221392961022391,0.0253983159483263,0.0135918687389653,0.0170146563945267,0.0251030275637729,0.0147902977884308,0.0250926988680082,0.0160799019901285,0.0264331786784963,0.0107252626362083,0.0215859499290598,0.0199649224837872,0.0175240916801606,0,0.0139750796532216,0.0208160713394803,0.0139431608539358,0.0134504830535046,0.0233993145503578
1063.63535535287,0,0.0145133913601029,0.00174359212273431,0,0,0,0.0103506219109064,0,0.0118706504798213,0.0101487191473568,0.0134656788046445,0.0071520734391604,0.0202639140602089,0.0110255432536095,0.0125231429802718,0.00738293796843739,0.0119165816924394,0,0.00678068017447654,0,0.0080155992321329,0,0.0184197355345782,0.00536497311765175,0.0113000853965513,0.0144267614475496,0.00145735950492886,0.0107593675326799,0,0.0051466097170738,0.0119847077276125,0.00839695916375753,0,0.00480028207314653,0.0217882807917603,0.0100605404456642,0.00908648714275315,0.011335726030793,0.00344641700085668,0.0189386811609221,0.0187889291981533,0.00240137893743393,0.0130526692665208,0,0.0015155000348139,0.000924981591710563,0.00558196930464502,0.00603603846036785,0.0112862547855399,0.00512911810325538,0.00161137412168195,0.0093755241052297,0.00516870599078679,0.00981828945749226,0.013408530400539,0.00569729496335719,0.00479314059315874,0.0106562531969942,0,0.00917774732607817,0.00610477643640166,0.004171640936037,0.0117258966848226,0.00649151514011222,0.00428066658080673,0.00632333952168512,0.00430941210502286,0.00566548025641143,0.00227122274754288,0.0129159942659175,0,0.00820509538849841,0.00507919007274207,0,0.00293938871389551,0.0105601616109326,0.00933417928645078,0.00614530224515249,0,0.0157698744856938,0.00279199301782952,0.00170065380711318,0,0.0096285820869779,0.00654651960177365,0.00504045678298315,0,0.00522577528046152,0.00839730979055995,0.00831941245100937,0.00411612435345648,0,0.00616876252493964,0.00508081636035644,0.00197478098758074,0.00573156772577681,0.0155405829944624,0.0121101905542997,0.011520616566037,0.0127258184873583,0.0115955814863856,0.0163826418704733,0.0100248969015966,0.00535377381114396,0.0101189077818583,0.00404780484057817,0.00504734900849672,0.00442911480539174,0.00680189469069986,0.002329229593918,0.00128957570561397,0.00830939702918521,0.0147870328273441,0.00732244830761875,0.00491405795970249
1066.68991548165,0.00654635213957947,0.0146322110070287,0.00475023809990212,0.000150580318336024,0.0020315612090026,0.00568489945025436,0.0138688502470488,0,0.0125225549538208,0.00598045591138781,0.00450935667585706,0.0122836495446791,0.000992170616923796,0.0246294849975919,0.0132764323311709,0.00971537150347166,0.000251636885818001,0.010446607955802,0.017258876415945,0.0179718961028267,0.00926510546110487,0,0.00240096873118839,0.0152705545015331,0.0126699535173026,0.0107838046715231,0.00914129121595771,0.012587589693328,0.0100986729949775,0.0126117816304743,0.00425331998641366,0.000371547630423928,0.00797636389836858,0.0141294329789288,0.00672991478960316,0.00752371226466323,0.0116111820915901,0.00935008913081674,0.00999300937835042,0.0110901632854037,0.00247351603606192,0.00893138860620763,0.00929599160164612,0,0.0129528770338967,0.00651631653523614,0.00697854142956919,0.00464286930204598,0.0145690396785276,0.0125379774828991,0.00364644800469039,0.0154435451494586,0.0154432986496695,0.00836721537573026,0.00902313708672478,0.00890785060375836,0.0146988483494284,0.00866538444344807,0.00843297562533045,0.00831675893342582,0.018619332820784,0.0169469551543779,0.00248080846065257,0.000453254621789665,0.0148778350688104,0.000384980603145877,0.0084295848989014,0.0121886037468157,0.0108298391326298,0.0126350050181955,0.0195175656492728,0.0153696571521832,0.00827802506909263,0.0127945062299877,0.000861985688278066,0.00965499104995141,0.0170942215704339,0.0114961974441804,0.0125989778331883,0.00759515977724191,0.00549905294364354,0.0115099279274899,0.012951223369788,0.0076296374265491,0.013674783582947,0.0149315717587689,0.0102017444876017,0.00961246248145847,0.00406410584522528,0.0120236919304318,0.00291882966727952,0.0213740282796957,0.0141324533844369,0.00415839184633423,0.0136412169010143,0.00932505329716719,0.0226738411874613,0.0191398404848491,0.0106183420447695,0.00497684029415008,0.00852647309067641,0.00822968516885606,0.0109042309169349,0.00038084202956029,0.0182586837906492,0.00256139600669747,0.0122917447050955,0.0211115730561779,0.00708746983516033,0.00441582534806924,0.0175150918511606,0.0115432339042549,0.0121264113253738,0.0144151134938744,0.0140821534404745
1069.74229745223,0.0194586244388013,0.0092826779396666,0.0143657835904418,0.0146914731514849,0.00212902284465313,0.0239104242694963,0.027789458933651,0.0188230018300636,0.015853642342384,0.0159089722244228,0.0159176908129786,0.0250524439653895,0.0259186825910408,0.0209540030309224,0.0190679315578882,0.0147838868896684,0.0211790043619472,0.00901612913305692,0.0115205023446323,0.0142724280435845,0.0203355581989089,0.0178418742706171,0.0142335086631659,0.00933752654501084,0.026479589496169,0.0331162088273277,0.0231411031154607,0.0216088531174604,0.0204078720323582,0.0256133329949942,0.017642752816835,0.0221804833432247,0.0286672584219292,0.0127070303582853,0.0234203507443216,0.0189745017595867,0.0247960828305531,0.026532746285067,0.0216984168264878,0.0200213817855972,0.0318939344427316,0.0154605974480174,0.0158200358669933,0.00650714491528732,0.0197036839514394,0.0268022109728911,0.0207772904197346,0.0282338537754261,0.0237553174285065,0.0264370708862798,0.0235444278847652,0.0209343511288703,0.0315772088999685,0.0310084021379862,0.0175541302927354,0.0231284667928662,0.0296910900067772,0.0144702176943723,0.0233164919800338,0.0242036787443619,0.0154358517115353,0.0172607090187219,0.0247790953107702,0.0243924162516694,0.0283489616351057,0.0292678396644698,0.015302445750348,0.0192770031865857,0.0211547349141208,0.0152941310412496,0.025637617999985,0.0196755718646539,0.032824085188038,0.0225235918012575,0.0279150464204043,0.00874909428237173,0.0260043510092601,0.0230981674324535,0.0245567063863518,0.0114550398027635,0.0144297963314807,0.0230830386451898,0.0191144509775978,0.022472270517725,0.0202297556728589,0.0276642911702277,0.0190533734885062,0.0198811493301034,0.0280235233504094,0.0259299348061335,0.0241698731149328,0.0202584554636985,0.0244147151842499,0.0225648111911129,0.0167239316291596,0.0230596385775009,0.0292339368728547,0.0340703314231913,0.0231693637236132,0.0220179535830383,0.0135760445167935,0.024723306015266,0.0182802207224988,0.0207259918940484,0.0224164439265016,0.0126119564391802,0.0230158473165472,0.0298797235213608,0.0218573888465207,0.00764601170965296,0.0258031986807303,0.0235215691156327,0.0228941502894667,0.0169078490762196,0.0170409682069636
1072.79250342824,0.0082715791108142,0.0186942184007179,0.00745609275202511,0,0.0119760608372791,0.00499336205661959,0.0143328386252056,0.0120968486552982,0.00417375858249931,0.00631649185531147,0.0112464407160504,0,0.000905005401394918,0.0156057026856498,0.00862197632622005,0.00671208793521813,0.0111974933253331,0.00324412598083159,0,0.00340061013460011,0.0112155680732787,0.00241346232701794,0.0121394740698534,0.0118882884064595,0,0.0167595299810987,0.0158925953076422,0.0234351291276195,0.00538356210129978,0.0120335999020611,0.00534289756626113,0,0.0105946316803655,0.00619159925515567,0.00552574162667709,0.0102808365026233,0.0295635947107404,0.00594079353619465,0.00703212815976176,0.00869974277194068,0.01157486346225,0.00263444697998034,0.0103482989783673,0.000345235296696975,0.0129821082908273,0.00594085647804773,0.00413180631905414,0.0109397891874949,0.0128656638891384,0.0108312776976325,0.0105951019743511,0.0114357898180582,0.00962136177555059,0.0129201944841379,0.00553462956927642,0.00605424934421985,0.0107655475254175,0.016375878494782,0.010890586124629,0.00428127935972958,0,0.00926668629537482,0.00719991086931994,0.0195054666199077,0,0.0098483497299708,0.0117106348116538,0.0116471405858996,0.00497065093062886,0.00148364985212751,0.00561115082797257,0.0108345937044091,0.00197916850757198,0.0134324120949312,0.0153492684230258,0.00547604286392258,0.0147745460094189,0,0.0108994501741014,0.00729041117368737,0.0103451341744178,0.00583514424086362,0.0119774622118357,0.00188652567935407,0.0153363947858121,0.0102661733441249,0.00497103980248163,0.00485262028250158,0.00405600981654346,0.00185783888239107,0.00627703955726718,0.00413669006357545,0.0103444228176197,0.00933982732676532,0.00264013564324699,0.0108747009256443,0,0.01457084285432,0.00647172608381588,0.00446647209372275,0.0122456617287147,0,0.0203397282390059,0.00711972016967832,0.0089429525038921,0.0076627777069947,0.00357410329324257,0.00755847890979004,0.00475952061618802,0,0.00461179659421519,0.0121788079122238,0.00388281465072104,0.00732757328539313,0.0154837869654208
1075.84053557036,0.0232337520768841,0.0138899134655435,0.0154178384472221,0.0148480510795919,0.0181096122966903,0.0106547007984743,0.0123739684203938,0.012845110290056,0.0139357917575564,0.0173277793290299,0.0156852547746676,0.0260372532119502,0.0223859521565053,0.0208469479448461,0.0155321096028778,0.0112310880517412,0.0169498398394087,0.00778183274737421,0.0184210681329358,0.0212143223979127,0.0113711529871024,0.014801782499297,0.027452545949149,0.0144384810333032,0.0246910035965129,0.020298932720633,0.0212771096312627,0.0197267434203384,0.0224466116695196,0.0194957002073118,0.0261521710211689,0.0102203466863819,0.0290039052170925,0.012690098718327,0.0233489335507596,0.00494372836084577,0.0236694254719146,0.0293243154533757,0.0250426308333646,0.0153154179199092,0.023842610897795,0.0222553863159885,0.0117304031585026,0.018697113517061,0.0279321638755734,0.0203477176043518,0.0100366515956797,0.00784122798514002,0.0232313921984698,0.0152880107393,0.0132039675466049,0.023267012536382,0.0269265422859113,0.0206454753902679,0.00349611653540606,0.0214326785647343,0.0285826242861297,0.0127117950977759,0.0170573265529256,0.0190112515744476,0.0247638776182881,0.0279741910928917,0.00985609400313486,0.01577091013516,0.0184939052631976,0.0173873202146665,0.0163790916226061,0.0159040966087931,0.0205957689119215,0.0200224788980409,0.00708208935332917,0.0157110066153954,0.0213307795703986,0.013750477207931,0.0190965661229064,0.0235018212974624,0.0110246339237916,0.0173124393765426,0.01895796029063,0.0100025809632299,0.0266309466864644,0.0174073390043132,0.0158264993023827,0.0149852435556603,0.0155938181526659,0.0184496682572814,0.0109546842313366,0.0298272169106633,0.00376204003998195,0.0157626080874932,0.0131353630443096,0.0124672579761354,0.0125084514194899,0.0189585014379897,0.0246041689672108,0.0257346435539687,0.0194634064818902,0.0125675108549376,0.00673744848473893,0.0117053751003372,0.0143946424776309,0.0187313600674627,0.0182642335680289,0.0211335608733616,0.0108243597825635,0.0165584215296086,0.0171973873988785,0.0231084364960865,0.0183695954885484,0.0141046318307145,0.0350078948740356,0.0142449501489654,0.0257427977051334,0.0109684452381615,0.0195695920826658
1078.88639603641,0.0258898930238508,0.0243937230859522,0.0206250473651795,0.015425723842505,0.00613814070228154,0.0299705522454251,0.0202704025089323,0.015728666152479,0.0183364034366917,0.0277962236363174,0.0233388634426521,0.0262562038336648,0.0295159969600847,0.0210714241964803,0.0207622268747229,0.0245087712896882,0.019329597006195,0.0323967859764082,0.0218712082597926,0.0208228319890935,0.0262591027569314,0.0271896719828966,0.0299998502179728,0.0220789558504546,0.0271887404738408,0.0326807893827532,0.0306809409051673,0.0304059444104989,0.0259983703815879,0.0247420567387515,0.0241267561594061,0.0296872173078675,0.0297414305361919,0.0208859171485768,0.029265668240884,0.0219878326938847,0.0261914669733356,0.0312835185706387,0.0292940092136999,0.0196162766882726,0.0303927964846077,0.0202442372637205,0.025107262929681,0.0194625561436921,0.0305816049535558,0.0200590875084142,0.0170686933800181,0.0149634426971434,0.0211972924153957,0.0191543971229846,0.0250323803822249,0.0304860254859398,0.0330977895442363,0.0329595547605379,0.0196587172140344,0.0362311995105341,0.0300059515718784,0.0251974378613924,0.0191564201660251,0.0187241366540425,0.0308805597686065,0.0211663449916655,0.022034652992761,0.0374021835788318,0.0250645965086311,0.020432681795282,0.0293079601388483,0.0246892074849742,0.0120684922534711,0.0226801771424292,0.0312126241755857,0.0228734101441342,0.0227954186898996,0.0275947200163384,0.0350787355136346,0.0202280896422907,0.027989192320074,0.0135660458437875,0.0186635299314269,0.0299078834907404,0.023677191405593,0.0230975704659658,0.0300834688838548,0.021114048323153,0.0210021728272066,0.0300437021218771,0.0295511574384688,0.0300931938852254,0.0207901209390471,0.0256990586216475,0.0303542521088887,0.0252432438194702,0.0227896060719045,0.026233661742527,0.0191024602695724,0.0298884951687466,0.0248770988085864,0.0348334385860502,0.0286463651462636,0.0131785942769913,0.0235028407029973,0.0163079316475422,0.023276513590841,0.0311188183744625,0.0149801556297441,0.0196848373942145,0.0244391634502907,0.0307445258501051,0.0267647460937783,0.0236273818405923,0.026287453738004,0.023306995997025,0.0300856213161858,0.0324295284783026,0.0321204314230976
1081.93008698127,0.0147019335241345,0.0113874558772879,0.0010452158804344,0.00253850556268399,0.00298818575801737,0.00886706675151866,0.0111931857487057,0.00953519798079307,0.0152314604736592,0.0171174361871633,0.000978704730474873,0.0155634056158829,0.0217212744910126,0.0090334204617576,0.00639600262553221,0.00493777897120183,0.0211467124958758,0.0190274472734705,0.0145107469125911,0.0121561201996912,0.0160460692529933,0.0134290037222339,0.0041147757279941,0.0133157764830862,0.0178107915610923,0.0185331624623748,0.0153913735651177,0.00677442483559656,0.00872066319981471,0.00673011426843612,0.00554623570963368,0.0111282815068797,0.00368671586416525,0.0245549831987348,0.0170395639265276,0.0172092752203202,0.0186132343093335,0.0118185553110048,0.01118714364371,0.00482200785508145,0.0175045440327513,0.0136788293950552,0.00306974064106471,0.00317461534150992,0.012144619229,0.00860197814740112,0.0100062720757817,0.0112965295168638,0.0108966386868301,0.00885860103780165,0.0195728011226635,0.0221396288856656,0.00821160488098439,0.00856019017795807,0.00939987327186693,0.0220534252944015,0.00938285367771632,0.00593905697962558,0.0166069783513509,0.00573029970496459,0.0114164284246068,0.00901806676547017,0.00921559372427725,0.0169481531578023,0.00978768915407119,0.0122448208807028,0.0130477894861534,0.0159261859296414,0.0100206650775536,0.00298693554804407,0.0146715363971112,0.016317784660683,0.0150279362215049,0.0055639129275233,0.0102772785635373,0.00807956333202363,0.012730650915653,0.000725211155099721,0.0111299675494092,0.0148524148810914,0.00374745434478714,0.0134952217625062,0.021788816836206,0.00749595045701445,0.00752171735372273,0.00525391801725371,0.0212007894861233,0.012121893816388,0.0187628167117105,0.0288331914935889,0.0187910514894808,0.00967545292420679,0.0174158132901421,0.0241364376989236,0.00787859086763496,0.00530601652813157,0.0148407191724524,0.0142036378249102,0.0189672330921366,0.032524103085133,0.0198520620775982,0.00987189830457587,0.00761548838283483,0.0163600268773915,0.0145857957634908,0.0101195152493401,0.00905682856190547,0.011813656541764,0.017198244618526,0.0154122252486562,0.0152991926023895,0.0102144179532142,0.00815313967058108,0.0090508008494707,0.00798606469910492
1084.97161055694,0.0353037653392417,0.0317319352332708,0.0326911337906048,0.0235652341496076,0.0165521212945385,0.0210816761522995,0.0322302884113697,0.0289701141565943,0.0346410192722617,0.028669531373904,0.0284610108746812,0.0256023448490724,0.0397570650178038,0.0337819573702203,0.0261830160595257,0.0225940738704811,0.0308307239692044,0.0268209225057423,0.0255287542138186,0.0239005221312155,0.0342073019363841,0.0208093635043722,0.0327733022866097,0.0328341592565231,0.025962757246057,0.0331250849622994,0.0282402453814129,0.0307342885163886,0.026345517114409,0.0274806316114793,0.0292090243075116,0.0311796000959389,0.0243750628980393,0.0293558222829655,0.0206882054528711,0.0336931277697493,0.0374070324415785,0.0408398643156629,0.0332102321747278,0.0397905279458287,0.0337733072506422,0.0258988096601706,0.039294163830461,0.0247237752326227,0.0388089648237907,0.0206573372337439,0.0260583799801427,0.0212577225498662,0.0377938595693159,0.0215762201448755,0.0308243749146691,0.0287820534217695,0.0290327836952506,0.0271840846582334,0.0267367040784117,0.0322154562942737,0.0418959917123701,0.0290052645124334,0.0291644065192364,0.0360525932836001,0.0268346363768872,0.0318790386665869,0.0481766570900532,0.0305078615502507,0.022682596554769,0.0220295156933029,0.0270774900359067,0.0365983607217314,0.0338917829489105,0.018584342610802,0.0283436205898743,0.0343399617577339,0.0211076853332245,0.0223483863571137,0.0361640865369207,0.0308381836597039,0.0291196663897584,0.0259652113540035,0.0102781862725543,0.0318915335181105,0.0307840476978576,0.0427123477514883,0.0256371121693883,0.0293050988271524,0.0157914570189584,0.0253749472416362,0.0289035264888565,0.0170937713751392,0.0357901286496313,0.0365017288659103,0.0233450130841209,0.0296754761762186,0.0242181195220568,0.0407830672795693,0.0286976214139127,0.0370682383451659,0.0385645800280643,0.0375978457999094,0.0361962411218652,0.0236194583417791,0.0202610385073714,0.0263635957976692,0.02562244270991,0.0309480945001436,0.0301155001047722,0.0311292268975441,0.0377618497067716,0.0301891799500609,0.0273314712621781,0.0209294369705512,0.0320890173045228,0.0297706357023842,0.0300118648525704,0.021888227519969,0.0261798123728464
1088.01096891253,0.022064983937842,0.032393799957763,0.0230258167353634,0.0306286348022665,0.0189751950249843,0.0174563487178658,0.0215106626395657,0.0153015927100502,0.0251025231358581,0.0228702601026722,0.0221782118431875,0.0192740757032812,0.0308140587828399,0.0256454814227569,0.0224547601621484,0.018898812967054,0.0259034273366062,0.0134520197975883,0.0235743241374404,0.0284733135920152,0.0218111999154727,0.0187318547165043,0.0121107369477926,0.022939605251763,0.0284597178579499,0.0250566428541575,0.0290296928599043,0.026471041848548,0.0276447969797059,0.0216506194143544,0.0197621737355081,0.0219805347615047,0.0199815856038549,0.0256693351387486,0.0254708532398897,0.0216400665121955,0.0225342289382514,0.0202476806030785,0.0351685222163611,0.0163169289676926,0.0191697452982232,0.0199026805128745,0.0315365558633028,0.0249564975718073,0.0186150248839039,0.0209567100070484,0.0251974572754697,0.0266763138944554,0.0292643710490763,0.0254427392491585,0.0121106672337724,0.0354246547106934,0.0182108405880932,0.0205677158657476,0.0241109463251632,0.0255714399111344,0.0297517112149959,0.0164293988067304,0.0155752281544109,0.0282561057425085,0.0160909560461381,0.0126106170410024,0.0228588668065957,0.0227368162972932,0.027528626535244,0.0149648156313088,0.0256866713564006,0.012551700974385,0.0265421038273699,0.013007464331555,0.0187750262653998,0.0289275887059786,0.0248793730563481,0.0191371268424673,0.0329200251163618,0.0204648409637251,0.031123587830826,0.0239230742267877,0.0322564224067821,0.0277250934565813,0.0266984593542859,0.0213468206633655,0.0219683292536014,0.024979071943523,0.0292125697638959,0.0233247762521186,0.0153930205223998,0.0173593496059784,0.0187493784570758,0.029432636311337,0.026171772538913,0.0168860145061842,0.0240629344295104,0.0351710747978874,0.019190366544007,0.0265716332272538,0.0376832796187881,0.0220475115657919,0.0364615111508192,0.0314343314693578,0.0293695261960358,0.0176347527602563,0.0300443687380169,0.0190661062377807,0.0189150929174346,0.0215639617787868,0.0322410966358856,0.0265200347027495,0.0247179784281382,0.0121421374783818,0.0313049799481616,0.0219254045171457,0.0226761552116111,0.0157550198756436,0.0280063230157801
1091.04816419427,0.0370271210624446,0.0308687928053473,0.0287834859791852,0.0207365379824539,0.0181497809385385,0.0214779269002164,0.0190043488616114,0.0219224846454673,0.0241410079098273,0.0208665284353886,0.033581357508841,0.0369512822122042,0.0224451711656342,0.0230829165807087,0.0248855497944533,0.0245103170006518,0.0254715802411906,0.0277578255003151,0.0270258154437112,0.0209097249761284,0.0165087486040401,0.0266687480981528,0.0245228108006956,0.0305798664030066,0.0168194793223988,0.0330162042970455,0.0321163069114196,0.0316154640039187,0.018811085494833,0.0202505323317371,0.0308663840608564,0.0279917694488985,0.0309792705147327,0.0163248577930478,0.0308206991370663,0.0151824526321757,0.0228115510758951,0.0340472576964009,0.0296744326456326,0.0310336912115595,0.0268629877761616,0.0287074425487905,0.0289199415217252,0.0187945667768792,0.0206792127714781,0.0153783489342193,0.0271556128717158,0.0178991837646775,0.0343152719106671,0.0234087426387179,0.0285485468954859,0.0328437094424778,0.0220391086829077,0.0248508212833093,0.0349897864770731,0.0281999808999743,0.024390827286535,0.0205607485499144,0.0258087712073128,0.0175717604471427,0.025695539724742,0.0188577508582066,0.0231338148440522,0.0328376291271127,0.0289254030413314,0.0208181460532683,0.0215422512486944,0.0298278432734769,0.0239051131743101,0.020370771596642,0.0330286586323138,0.0155134017156509,0.0228812682901232,0.0282764263875097,0.032589487087961,0.0207414776030195,0.0250720729335273,0.0218809520391366,0.016927112850238,0.0258512222455374,0.0277058661485092,0.0370365473443155,0.0142520572069826,0.0229761874536536,0.0288967168319648,0.0326446340474683,0.027682533028024,0.0217431321762849,0.0282700286782797,0.0268982398727206,0.0232420741988821,0.0263266272209718,0.0279668043071928,0.0201871524207709,0.0222716508596933,0.0160750678886894,0.0236411882917129,0.0273805533641174,0.025612797845394,0.0259891856008406,0.0344187455249177,0.0215164176931224,0.0250160685343771,0.0313523697117595,0.0213641456403553,0.0293056002866586,0.0296210189658703,0.0324603449969358,0.0244224084815937,0.0205206017121072,0.0373239746624788,0.0123314685881877,0.0287698661549649,0.025718027604838,0.0224958183827874
1094.08319854548,0.0248145443568738,0.0205962176005399,0.0279316377104963,0.0258073317680411,0.0187185056069681,0.0145756946951436,0.0247114996485636,0.0125259037865864,0.0188909442947222,0.0161517877866232,0.0246183598894101,0.0257133477297704,0.0221127608883041,0.0221927928780563,0.0261969670782078,0.0284793939352845,0.0272875004971753,0.0116768017177746,0.0207483889360177,0.0232762028002289,0.0313960380564205,0.0151338391283267,0.0247501345009028,0.0342610060035907,0.0147927477773523,0.0299221640421846,0.0231438072665069,0.0279057832195702,0.026866051764221,0.0243880321564174,0.0282704033641329,0.0199631191182538,0.0214557427156693,0.029614433908162,0.0270996184698195,0.0294281311192821,0.0270169452323166,0.0190939738146084,0.0339266614063629,0.0243413869096611,0.0236940377158451,0.0255582074090176,0.0217341323611653,0.0147647767743522,0.0321155991389513,0.0127395573004287,0.0150198749369623,0.0272933160529671,0.0222435776976336,0.0272761114594571,0.0265465298401634,0.019309891267904,0.0276259652298211,0.0262660849453815,0.0212092165789058,0.031987934138106,0.0224217925074446,0.0185663224089118,0.0250029658362943,0.0265243005236379,0.0289052861666829,0.0156114485067089,0.0329319339053163,0.0296790906777199,0.0170991990115792,0.027233426245459,0.0256589597756773,0.0340849419206831,0.0277481747330493,0.0306753886002006,0.0275280357902912,0.0238195717390777,0.0243452021016349,0.0203608529639864,0.0176939491297313,0.0298933107465091,0.0311046201151849,0.0226808721927786,0.0205303009161139,0.0228313398301145,0.033240555528223,0.02802352604058,0.0169444521529074,0.0267812675117295,0.0177059365490654,0.0192250907325081,0.0279323857807479,0.0237740823908892,0.0297069062830772,0.020963081785968,0.0197367337076904,0.0290983824541232,0.0307115868428696,0.03449107070339,0.0224923354354714,0.0286801220507755,0.0221879592011376,0.0180391052375228,0.0135945789620533,0.0320750591942222,0.0255496739439049,0.0231056568797622,0.0199883259804183,0.0229232071871027,0.0147138327486458,0.025509875580575,0.0246808835338705,0.0270960222194469,0.0316595436925752,0.0231776076914651,0.0189665827634254,0.0307226664837427,0.0208504889978488,0.0218844733884641,0.0226291827268536
1097.11607410663,0.0172172028212497,0.0190718189740894,0.0292834787530636,0.0164165270173858,0.0151105430462164,0.024059908556817,0.0161834252324841,0.0170119136278579,0.0275788536267523,0.0195706767152031,0.0220867124456022,0.0264785310476493,0.0171886307700696,0.0285489919255041,0.0213501536797014,0.0187619165483512,0.0302274239174247,0.00753444289452686,0.0214987957055411,0.0267463756498686,0.0222744038603155,0.0219588269738627,0.0203361184011854,0.0187110590539876,0.0127663504178806,0.0334607141557137,0.0147460130601049,0.0219828504458162,0.0191588499793085,0.0279719601558706,0.0119743882243859,0.0095948823331341,0.0193431123237692,0.0214028491228695,0.0233790767641478,0.0145777784012764,0.0188783668482019,0.0328948292410494,0.014101556864307,0.0292224602818105,0.0325314241276279,0.00760884256892392,0.019689612778756,0.0213939210299811,0.0242235170164635,0.0253844991002452,0.00964989409920028,0.0258990570366128,0.019619474864252,0.0270135284000743,0.0245448994981055,0.0219184782949972,0.0179778598767915,0.0248136540006171,0.0250435370090419,0.0195498155866386,0.0300628551096142,0.0293810629591167,0.0236166259479201,0.0285464090788259,0.0129300946033767,0.0200797519931097,0.030231905894027,0.0230619692277935,0.0196470011716451,0.02522445523662,0.0116019324994114,0.0190964572851579,0.0203993069342614,0.0280406582112666,0.0226090644158376,0.0235526446729927,0.0148468216358398,0.0124457960601678,0.0255214072721164,0.0212964341375832,0.0158475971956604,0.0166606113160135,0.0196792463759584,0.0301280233404846,0.0263268822628043,0.0272455865008835,0.0225285362076763,0.0172287538690412,0.0294106979635065,0.0245662789612048,0.0115560794196882,0.0269820939451016,0.0294118023711626,0.0189960825823211,0.0156559014148827,0.0190881656273715,0.035776293917975,0.0236080629663589,0.0261467192448761,0.0221282235619669,0.02702941387516,0.013213354871666,0.0202956581792203,0.0145236240750885,0.01088177371082,0.0166706641050257,0.0255932537792053,0.0254276171627992,0.0222819960746924,0.0251760342304431,0.0226417283798326,0.0251237025589449,0.0244121999627126,0.0269795106873081,0.0249864478486907,0.0141336849039234,0.0193541982891848,0.0163266499227903,0.0227627641613279
1100.14679301532,0.0239772797767291,0.021921849614564,0.0185179329774872,0.0160042337335713,0.03007417673151,0.0215282157422307,0.0158691193312536,0.0156253645469013,0.0110717851933099,0.0191944007122873,0.0227708789365678,0.0114226589474284,0.0323556162449668,0.0198567145452464,0.0137045999079727,0.0145193941925884,0.0179946942741891,0.00610614654625858,0.0238718340736965,0.0180806122738208,0.00715091605731146,0.0154321219490834,0.0188241733041877,0.0280496086731874,0.0254431616240739,0.029262092892764,0.016111198272863,0.0138468173760488,0.0277776837683343,0.0188198482877644,0.0168007630006224,0.0173624594368175,0.0252115668039087,0.0233771751598628,0.0151235650204602,0.0215500918997803,0.0275736896634252,0.0230172620745512,0.0183551972968441,0.0294752358339221,0.0259332441063454,0.0101533726762266,0.0222153344989841,0.00510842699850162,0.0251182084844215,0.00805194683366311,0.0172472875867375,0.0154200718051388,0.0246717869674815,0.0161301948300295,0.0219675526717571,0.0112685240070649,0.018292497945096,0.0216409643412718,0.0265301087844347,0.0216003994566974,0.0235723125782881,0.0184769565616834,0.0216498999702812,0.0178627003072057,0.0126526170759807,0.0144615557627662,0.0221759905175128,0.0158689523160466,0.0221956101239303,0.0147913807571539,0.0146179897375066,0.0227887197574892,0.0218870767912844,0.0124667299337134,0.0153667826069094,0.0181422319142549,0.0290050821419487,0.0280558730979849,0.0246103972543873,0.0239416461532771,0.0299372325970682,0.0106408221726227,0.0227265563059474,0.00819604203157956,0.0205456277478506,0.00588240669753855,0.0107660433663178,0.0146460592457855,0.0159313672078256,0.0242231494413562,0.0238468832270036,0.0166600692421111,0.0204558013469102,0.0170295863074434,0.0213610591313843,0.0174146860724974,0.00953208000339642,0.0238548932277711,0.0298017737285481,0.0116326594007983,0.012416191649094,0.020240818187035,0.0217328108126289,0.0154218898229997,0.0136132403550071,0.017114669176153,0.0146604353958163,0.0210273032766865,0.0213198104692349,0.0219584543307183,0.0153823283994481,0.0203257870053315,0.0275948799100941,0.0273489825772989,0.0111654244263493,0.0138698638527171,0.0196100541222639,0.029164945889776,0.0245898492969295
1103.17535740627,0.031250979170366,0.0247725627085867,0.0160153486843069,0.00960891349792018,0.0260055020434395,0.0189972151222756,0.0128180791783249,0.0195788741940138,0.00957512312979845,0.0274942722728515,0.0127363846373195,0.0263741640880436,0.0285807891119262,0.0334601385576154,0.0273357221319222,0.0201317185754757,0.0316124689485236,0.0269268377853002,0.0246244442582028,0.0287235361879848,0.0094892860407647,0.0217021506764681,0.0190539515214159,0.0306013099250576,0.0239833667482394,0.0278275372463816,0.0226454591727146,0.029507240332521,0.0240123447260925,0.0201895748362347,0.0233405519860029,0.0181107149949877,0.0265203731320222,0.0230891230224303,0.0267123947953174,0.0162129958373492,0.026730887281163,0.0306182862119006,0.0157303554348101,0.0326221430210557,0.0307699931230978,0.0257916165954619,0.0247418756617938,0.0213316979114968,0.0318711714929793,0.0195230636513074,0.022590395935374,0.0429871642507843,0.0179159855479069,0.0117387699109088,0.0291872149399403,0.0242556720582376,0.0221241429920588,0.0293683382078529,0.0203848163946656,0.02828797708767,0.0233004654371678,0.022053025736184,0.028980564853521,0.0129550423851731,0.0152827529263795,0.0201185293218849,0.0188823227970718,0.0207833421799612,0.0322193207279201,0.0251399822660518,0.0236926885488002,0.0259157539952164,0.0221974267197191,0.0174798982974922,0.0249750534279144,0.0270221114581506,0.0189307852035799,0.0124968507228576,0.0260309005370242,0.028954414413118,0.0158326741718279,0.0228096576848894,0.0157516115687817,0.0154939319816099,0.0108042010419943,0.0227514254409889,0.0180862637612503,0.0132255420057273,0.02649262869108,0.0130794131269672,0.0304051036689871,0.0151631833865054,0.0265133557450174,0.0161973964142763,0.0178565833921899,0.0201878346510902,0.0198168997880523,0.025273932188013,0.0214415333216962,0.0225488075020178,0.024125338084635,0.0182383657787252,0.0243407519361487,0.0220862907596846,0.0175055868649509,0.0215718428984398,0.0173139126220362,0.0321643258630763,0.018652113565147,0.0210492807289761,0.0197256894609022,0.0285294109897429,0.0209286100534398,0.0260027210476479,0.0245564529981326,0.0194371081463708,0.0151954577079326,0.0201590302674829,0.0173873671344715
1106.20176941133,0.0231435490380217,0.0237969482485466,0.0228775050652902,0.0266553572996821,0.00754712848362428,0.0126436461616377,0.0261941020997789,0.0187279800009615,0.0252332936529568,0.0151903093443519,0.0177088279147777,0.0195035794173087,0.0213627307686529,0.0125073003201688,0.015772809480591,0.0158902208855216,0.0294959386556923,0.0222449985703917,0.0226757083806332,0.017300985345947,0.0232873532248594,0.0185152106710834,0.0100008460369806,0.0212756060392547,0.0191314138855229,0.0225249295529259,0.0131014266571286,0.0230327678808849,0.0168701581075159,0.0226674486793669,0.0264562010121856,0.0200299053366535,0.0255498389282451,0.0307239221550337,0.0263961081662308,0.0203888703057177,0.00568901630577304,0.0275084228415781,0.0262921531351833,0.0178324125792661,0.0184563493164984,0.0209376129790695,0.0204150291808735,0.0151735206011138,0.0292535525966212,0.0233537740500629,0.0149677222803362,0.0137713296438178,0.020608251643151,0.00911871431717027,0.0243063796806244,0.0222551024968126,0.0312309137728909,0.0164454853649929,0.0230477590505257,0.0262837127143654,0.0134195605549939,0.0211746191772683,0.0212052162122503,0.0132460323298524,0.0167510270700186,0.0251833208013663,0.0203510617805271,0.0228161176119043,0.0203966474638034,0.0203250141917484,0.0162462696651235,0.0211188956875399,0.0166179387625606,0.0154359472066618,0.0229639596359461,0.025043025741654,0.0203968463250698,0.0210513762867562,0.00589554615215587,0.0274602063753747,0.0143881803307907,0.0224750186149473,0.0215846163292767,0.0222195259250481,0.0231323022974631,0.0202118482555627,0.014420845126799,0.0100634555843442,0.0238900370336915,0.0218338355890989,0.0117376423659754,0.0160203993882889,0.0227554667258729,0.0306703793955912,0.0183821032292026,0.0118467172476405,0.00633063087321133,0.0167360471896274,0.0313925198157854,0.021633290031805,0.0215300004605075,0.0218808817307072,0.0228549889269166,0.0212567288031024,0.0242988135025845,0.0111268835665914,0.0134712433645623,0.0156813063420266,0.0193975704258713,0.016102891637674,0.0101476347044146,0.0288204858630761,0.0102075762714929,0.0172190295719736,0.0192406844840172,0.0250054311747386,0.0271304696766441,0.0169025247495515,0.0226019001616463
1109.22603115951,0.028881244693396,0.0293831664342196,0.0264357747116061,0.0272458882752182,0.0192670025147035,0.0417942082061128,0.0428565501799515,0.025353152427257,0.0392840018292532,0.0337939960525915,0.0317929389990808,0.0426406606666435,0.0336622293490889,0.0328011571082196,0.0383643424647163,0.0319057564156915,0.0391812471522612,0.0175645123624817,0.0218095269862407,0.0389788546008824,0.0278100198279051,0.0342451141006239,0.0392455566550599,0.0362732070650225,0.0289831148038446,0.0360146616634008,0.035716879914241,0.0348211393589554,0.0401281732141589,0.0273611315119836,0.0238644404535179,0.0272152390336802,0.0348409940869292,0.0338332834537846,0.0425227180581738,0.0296015014958535,0.0362703177976753,0.0294740176698665,0.0282559201924021,0.0279253130531521,0.0347292201428725,0.0286083625523728,0.0480762897500418,0.0345964764471438,0.0289801252575494,0.0265979508509917,0.0287694089521947,0.0203305105103306,0.0339296339169475,0.0330538108833067,0.0321041261563405,0.0358210458022088,0.034479156600975,0.0287640984178972,0.0280605392963408,0.0283372238419167,0.0295425144796543,0.02753690441437,0.033186220732978,0.0343297702798642,0.03973121613451,0.0415235922901249,0.0283678916492465,0.0311915401504283,0.0373219402878094,0.0312371968325556,0.0390908700214711,0.0389656636082161,0.0416711703696227,0.0333912137886601,0.0261832775716267,0.0413555676133676,0.031672474738295,0.0290189112535451,0.0376149272837568,0.0324753841321151,0.0319334093102381,0.0244148080139477,0.0296459355520565,0.0203492724420892,0.0331981048538724,0.0353187159099089,0.0396685194381453,0.0382643505359578,0.0384597922895162,0.0351372562169972,0.0377909907188283,0.0304093819132797,0.0374759635925011,0.0394760145745866,0.0315722102271817,0.0262923327022145,0.0235755947032513,0.03221499460744,0.0402002234256102,0.0460739299326118,0.0418240572816055,0.0345549921638221,0.034824484442,0.0365711775608893,0.02761360401048,0.0350747466682945,0.0350284633104116,0.0406304339890108,0.0366369884972345,0.0232723100602729,0.0359566801401199,0.0426786427126639,0.0220844915848403,0.0158748416387678,0.0252640246658795,0.0311579950463214,0.0314759000624098,0.0452644612214598,0.0419267387448948
1112.24814477697,0.00949607269062838,0.0103673420398467,0.000801940089419834,0.00489725521918214,0,0.00540168213002493,0.00640971923101725,0.00741892407657245,0.00991394260749081,0.0144429540575403,0.0153287882571336,0.00522012698546549,0.0120959588989408,0.0118505591842144,0.00664786712655998,0.0123368132613296,0.0145879103201711,0.0080018368441055,0.00526945314180637,0.013215301241092,0.00832449488807176,0.00213045310785029,0.0145283955657859,0.00828383930267763,0.00773396968382559,0.0141333740485808,0.0227295977925402,0.0128536938121308,0.00202597487349672,0.00547549278998065,0.0121402861708772,0.0104165306492595,0.00765069988932039,0.00808632077527321,0.0183966454537204,0.00636154535859895,0.0118640213105928,0.00776179907748542,0.00786297393685435,0.0114023300402531,0.00698165593108378,0.00781757475482763,0.0054816725698949,0.0129861939361622,0.00937899480451839,0.00809458118120323,0.00254461581678583,0.00758444843646653,0.00414979059601318,0.00624288788488715,0.00648027374192305,0.0113398882826978,0.0119453730519119,0.0112544703681446,0.0207447866931362,0.0141654205166535,0.0072273148243838,0,0.00449588197801478,0,0.00399371496924921,0.0127688437437475,0.00424659271099394,0.0118958670767275,0.00135471414660096,0.0135065820966367,0.0013562927276463,0.00700021377052098,0.00958568117633058,0.00605808917624845,0.00732513337529192,0.00451271339766897,0.000252631453911892,0.00228913029128903,0.00175157583753171,0.0144178121791562,0.0063242288175002,0,0,0.000140254838400657,0,0.00866671807663743,0.00824986015259063,0.0095499684470582,0.00781279956913477,0.00807887735350385,0.0151123898089504,0.0159734006844264,0.00253919406863409,0.00293643006612286,0.00216662533889302,0.004615162527877,0.00545356471572356,0.0148930002358472,0.0112442586965324,0.0147341248144023,0.00947576472692229,0.0111078107793156,0.0128675976466315,0.00288162592381479,0,0.00571668066672339,0.00578999991088866,0,0.00951700691224607,0.00448305659928593,0.0107183170464992,0.00962232189421766,0.00846901289836109,0.00995443484917092,0.00974635110496212,0.00466317637547409,0.0153863986645585,0.0132667393681465,0.00537891412250125
1115.268112387,0.034720645596667,0.0268907288391989,0.0269461380464645,0.00898315990728539,0.015323121954929,0.0280002825802707,0.0312880845425565,0.017250289507186,0.0362961883283278,0.0314221010771819,0.0278066336012078,0.0349066384613878,0.0198058198666053,0.028802705527116,0.0365207440430558,0.0217846873874333,0.0315805445913696,0.0288282421585911,0.0184606200935191,0.036550530524972,0.0253996655645486,0.0212010211966418,0.0339118640853948,0.0328997606060531,0.0322906959550257,0.0397845440147424,0.0281199344791351,0.0384791507876671,0.0286641266251548,0.0262301105313047,0.0243935910325711,0.0433448114008242,0.0351855142536237,0.0219495730206604,0.0322581441159596,0.0329221955795221,0.0323478731021809,0.0339735830523043,0.0333343614349714,0.0301777429263659,0.024400481820164,0.0206143106477786,0.0371439810357584,0.0324118849847524,0.0307806093715541,0.0372054109826756,0.0326982376844755,0.035724249738888,0.023968755112336,0.029000792819961,0.0344493490054219,0.0381680527531345,0.0257446167690854,0.0252966898921641,0.0304577008862143,0.0272325429820544,0.0278747268688452,0.0313543140422577,0.0222898938186902,0.0274082368043796,0.0281391807337867,0.0308924085000205,0.0325021820818773,0.0243094452799804,0.0223075258049872,0.022174701869013,0.0264060513160094,0.018622994588375,0.0263944157433364,0.0287215580942726,0.0239108230431128,0.0305448164984279,0.0236471015700763,0.0308432685115357,0.0253173589990349,0.031860578975961,0.0382575375289965,0.0277294055080692,0.0285103875552311,0.0343790459879876,0.0306993359905671,0.0267174165306413,0.025983000481169,0.0342684660909919,0.0372668235457864,0.0327547053258595,0.0354348999574754,0.0344830649780333,0.0236135390754082,0.035551193795639,0.0309006603375496,0.0185073165806995,0.0232813606886892,0.0239311487197245,0.0200546142986152,0.0386136020459408,0.020616762817119,0.0271708182057923,0.0324443698429397,0.0187752553443293,0.0319277808515106,0.0250816197648699,0.031484954401181,0.0266589011448935,0.0301711167778607,0.0324232095859755,0.0289887367368123,0.0223526034888097,0.029039854913392,0.0269227945276693,0.0242758134842678,0.0265600056720761,0.0279085740752519,0.0272593580294628,0.0297852180545026
1118.28593611007,0.0435392061380949,0.0401351323224981,0.0305083200973713,0.025040779428233,0.00987311733550121,0.0161896162475332,0.0233161785488063,0.0233457053629019,0.0283711487167925,0.0277980000320798,0.0311743869307657,0.0242220933647687,0.0458856633315484,0.0318219954302197,0.0316820609217982,0.0345185696345747,0.0350873243726331,0.0279511514846372,0.0186808771789816,0.0312009871077316,0.0184669375449972,0.0246954114277568,0.020222788355279,0.0298011202310049,0.0223539354167727,0.0250907916051841,0.0271949757763308,0.0281355267766504,0.0305340093102757,0.0403409023274728,0.0252313893156811,0.0259640575863754,0.0325096155867665,0.0324195020594708,0.02967946432614,0.034304622602808,0.047783222098415,0.0365078582316727,0.0295699238720099,0.0275453070783762,0.0372471273654044,0.0186119507339441,0.0356784662516578,0.0299895903812949,0.022897399655302,0.0381030859829903,0.0273358286054715,0.0320666397406342,0.0272568390155353,0.0204858352880567,0.0203533151016803,0.0229139720266685,0.0307558336971963,0.0272939367717881,0.0225581197545396,0.0258132174776197,0.0196940712386157,0.0221268600014094,0.024978485902199,0.029436057994586,0.0394958846490534,0.0258761514915512,0.0220730352121989,0.0298064776290515,0.0231393644380957,0.029721012000377,0.0233699501273211,0.0240206597477551,0.0379029863216298,0.0343294787505368,0.0248105827442024,0.0342869950400628,0.0141550606704307,0.0370507380839861,0.029075764825711,0.0368805294890289,0.0258859126827862,0.0234207674325508,0.0315640895376421,0.0279276352308058,0.0249253766063909,0.0335945365392963,0.0286834068101446,0.0229800267293739,0.0232215283813954,0.0324183388634393,0.0351189578400411,0.0247563620595644,0.0250568624139739,0.0273556601130695,0.0210687108294682,0.0290663279714813,0.0231367733527058,0.0376567756616102,0.0260055371190114,0.0191088217781872,0.0300425079168095,0.0274316960622707,0.0233597050476264,0.0312112344078881,0.021328437836793,0.0209470869609326,0.0370990840822893,0.0262925936619941,0.0314899924500249,0.0142138976095354,0.0292776614641723,0.031692919067394,0.0368654814639613,0.0210053325212963,0.0354053879198759,0.0274700207040885,0.0316738485025023,0.0240074221972414,0.0287956726135701
1121.30161806379,0.0610760991807641,0.0446333279246606,0.0445376078822742,0.0166635058480536,0.00999681636649778,0.0344216758564434,0.0246541683904076,0.0326463720922474,0.0397459590071638,0.0323087017330253,0.03239950406861,0.0359077442720648,0.0283419238600134,0.0309412991019174,0.030204481939062,0.0308297894822782,0.0447769678711579,0.0357581388999696,0.0307950062855792,0.0435060465271275,0.0404558983144637,0.028747816606026,0.0378691368371414,0.0425418671755378,0.0305143589660739,0.0446652619388629,0.0251231940930141,0.0438028362982225,0.0442274129797355,0.0289803382795599,0.0266418313840256,0.037835372141351,0.0452263596552607,0.0355353877922862,0.0424103628877447,0.0384861972575987,0.0368480342909471,0.0350975191881941,0.0366997520731755,0.0347515569732822,0.0478085807474225,0.0393815443257042,0.0433537998982159,0.031832334932826,0.0355166552761167,0.0360635930138047,0.0242301539496958,0.0443102611545148,0.0329084429952335,0.0391167252407152,0.0362240910625805,0.04743967059057,0.0410429252725832,0.0378975538849025,0.048127456284193,0.0330884427308528,0.0352567275627932,0.0273804563517586,0.0421946917686172,0.0291550844309615,0.0369012262589111,0.042816753625731,0.0283105912288603,0.0266575983486572,0.0423709639156122,0.0338990727299361,0.0324513737409224,0.0390431045170408,0.0393989741387704,0.0328810256273793,0.0350084927467693,0.0197404383231256,0.0340905084120594,0.0456123796701115,0.0310882448110559,0.0401274424383611,0.0330800135868269,0.0395751688268069,0.0357330336429686,0.0323670991552242,0.0253776063756821,0.0381208210781923,0.0336984370102064,0.027374129456277,0.0360796004480758,0.0406110103359875,0.0370979383586526,0.0420927120137495,0.0438243234828338,0.0441021185718971,0.0371414254616978,0.0240658195541433,0.035170087633629,0.0361544691994077,0.042257676583852,0.0328490827552771,0.0366087226878397,0.0248720897907694,0.0324105855176763,0.0367305152476442,0.0362488038022023,0.022546197620105,0.0362178238212137,0.0362856036967097,0.0305355096513785,0.0306196385832988,0.0405901635234452,0.0319909193769451,0.0307872360561147,0.0271054278171468,0.0306633942018087,0.0266328166365602,0.0319373502600002,0.04317670107451,0.0357088397474203
1124.31516036295,0.0396467722908196,0.0305441929789815,0.0299261956458594,0.0132761194953829,0.0226580801865637,0.0133289599569887,0.00902063825480378,0.0189900251608095,0.0227105446493709,0.0227231438635723,0.0255867138411717,0.0235898735644974,0.0171141374238568,0.0261607619767514,0.0298485982781276,0.0233102490668391,0.0185027012423153,0.0158929785369212,0.0104792614125104,0.0188517670175877,0.0226129862556396,0.0277949235213137,0.0195419945260463,0.0168213055037101,0.0137949130266967,0.0288693066021106,0.022479002374083,0.029035282972654,0.0303381093843503,0.0192825819832519,0.0269125041215771,0.0227982489988011,0.0277326808562821,0.0273365104703324,0.0301970218952478,0.025323456202966,0.0315257326093157,0.0257961699512141,0.0317926061061801,0.0176570787023242,0.0252126820832276,0.0265668868046628,0.0241847638356428,0.0246173533411407,0.0311517443158435,0.0193308810558073,0.0301466024636387,0.0202140527821093,0.0344288302034298,0.0182138473532902,0.0232839050146264,0.0166241073947679,0.0366823938565695,0.0215417391068355,0.0320118270195798,0.0328317772208674,0.0253832987125695,0.0365340385464577,0.0274557032643726,0.0294532354664103,0.0220994807321847,0.0259370922471417,0.0196707313037629,0.0258165889476888,0.0288333437570553,0.032462444365761,0.0189545170159824,0.0263303557994874,0.0191011080125616,0.0202591019015956,0.0190623748902716,0.0137694294853236,0.0176778635240867,0.0271227613903157,0.0109631627291234,0.0185272859658913,0.032795717610112,0.0307227566572341,0.0209714630936479,0.0264920948249783,0.0275292948079915,0.0255920989592987,0.0236810274032202,0.02189664635752,0.018030970291913,0.0266342444388084,0.0218787424013562,0.0188389095767354,0.0308351954256658,0.0172044267223909,0.0204047565665218,0.0107307094764443,0.0234332202839109,0.0211816365075773,0.0167413584959511,0.0201088699559366,0.0265824811840513,0.0313448193661205,0.0274243405163462,0.0382159063479953,0.0297129828603674,0.0315986855004734,0.0235253441352878,0.0295926926317114,0.0267390902353882,0.00779887372384783,0.0147782283597487,0.0238120006710958,0.0276079715326661,0.0337795422433943,0.0287577145058429,0.0246315556175672,0.024612025532193,0.024981477852748,0.024563385689399
1127.32656511951,0.0515475338833388,0.0323123343907798,0.0334936099044693,0.0253519422149888,0.020930689298684,0.0173634596288826,0.0202183554889558,0.0186838414103586,0.0217588546815154,0.0261527034729345,0.0348537759808122,0.0401893858427997,0.0317189967370628,0.0392181014325366,0.0356535698909564,0.042070805103648,0.0371867770008615,0.0247896030549576,0.0290844635840452,0.0284021104534676,0.0287810768436665,0.023505921143031,0.0354518364270886,0.0357877492149328,0.0276137162628608,0.0396042272025093,0.0376387941069052,0.0220170421006695,0.0310873741055622,0.0184466050993156,0.029468705197435,0.0329184656872297,0.0410230243612514,0.0231006414143727,0.0321596428882253,0.0339846637425761,0.0385497867733505,0.0328470448082055,0.0486724434121101,0.0283393287012641,0.0306324947423054,0.0302626612261244,0.0375759199601351,0.0413855808854185,0.042018025366704,0.0319908611134169,0.029863513005209,0.0267831907315806,0.0365417197337852,0.0203265163592834,0.0397345764454246,0.0261651157694633,0.0264642336709831,0.0344437852289396,0.0294026297149998,0.0395314017088786,0.0330353693787567,0.0323236717344113,0.0342170689485508,0.0234000179303294,0.0288105506013362,0.0227073470642091,0.0312689426252491,0.0261305899682976,0.0273715135786768,0.0321510360734186,0.0318944347780509,0.0356960548990499,0.0376838606770298,0.034695427886687,0.0251971784053344,0.0226614670442371,0.0260771655585226,0.0351001957686129,0.0333717750518087,0.0424860651641573,0.0307872730522335,0.0349448126758814,0.0318259786093619,0.0303620194371222,0.0313805892075795,0.0307107167296239,0.044312312479953,0.0321020018816371,0.0486363799914551,0.0285772200193671,0.0318879907537752,0.0332376881963916,0.0409447236204403,0.024318279900148,0.0272705349454391,0.0201832377087769,0.0261937962956739,0.038427073129773,0.0398636671422327,0.0372332955508633,0.0394465091912894,0.0412059037219806,0.0230251307659579,0.0362440866225051,0.0307186785865453,0.0406531579280849,0.032099010832087,0.0349856948825905,0.025219400130707,0.0305543396201366,0.0359562762070909,0.0354187891127403,0.027907241876378,0.0335894274122129,0.0296884934129804,0.0401228200956527,0.034805141970127,0.036681001043302,0.039945478837564
1130.33583444261,0.0470428761402401,0.0406433679764597,0.0326565316046736,0.0434153682462919,0.0219919555196909,0.0295930658433336,0.024300444080619,0.0199815802724587,0.0395713857487156,0.0268730135324955,0.0334034870713353,0.0382414142793482,0.037715700203427,0.036671044447683,0.0313827403283279,0.0290800741294597,0.0322703489925838,0.0320607414324414,0.0271518748624998,0.0368511465433904,0.0344054207261383,0.0303459638127274,0.0391787687681801,0.0479686704909479,0.0261662679953853,0.0437088403698849,0.0413155954789301,0.027175397841754,0.0340904974447955,0.0403164425639512,0.0377357316125324,0.0389458355851945,0.0372141643260507,0.0364080379850655,0.0227852972653646,0.0297781970569303,0.040525932369195,0.0382089325477377,0.0288643659016433,0.0320802565319218,0.0326241492885308,0.032822076711602,0.0412588912687629,0.0501621888304099,0.0394148323566653,0.0293701151225334,0.0369115206167192,0.0407364137458387,0.0321619298508994,0.0301126371001096,0.0423571955232843,0.0276375114634559,0.0361721389184211,0.036448735691339,0.0361900313363352,0.0439151288990776,0.0395587755551983,0.0464931335775161,0.0287787936176357,0.0404508205011703,0.0384305845402765,0.0242270449088046,0.024419005861396,0.0218346882365486,0.0305114824104618,0.0312800550690379,0.0376767805663868,0.0331766033031003,0.0409528426160497,0.0291359113777808,0.0359823983537547,0.0281262219119404,0.0200539175723218,0.0319056873311718,0.0353909992214117,0.0362732716855272,0.0264794180400063,0.02893811127348,0.0348868873806287,0.0434038990645947,0.0267461623553716,0.0299499100801081,0.0354554434964995,0.0440516483246557,0.0328811638531459,0.0390496755198194,0.0344459777263154,0.0411674462288713,0.0285367134565493,0.0354018960272933,0.0404700270557112,0.0224129697981638,0.0370740528650631,0.0316587531065832,0.0343783137257388,0.0414003334463698,0.0362905835726999,0.0420384064268958,0.0250627111024404,0.0244733465110153,0.0218675037212914,0.033660295735411,0.0383123936259809,0.0340508776146642,0.0362136253323466,0.0313902498658834,0.0281315692357182,0.0317659567453568,0.0363204256966609,0.0328292540047695,0.0266530617828214,0.0352108773781364,0.0315708698896506,0.0305616996607629,0.0372692438968147
1133.34297043855,0.0338240283500569,0.0314809994757211,0.0433887780464225,0.0151007317914271,0.0216637998525794,0.0199768225863433,0.0212670576591437,0.0164762691710194,0.0348709019650889,0.0232575468446264,0.0319549323827832,0.0253841511784541,0.0299382568516445,0.0229787256326227,0.0276741685865465,0.0243033250986828,0.0335373988396263,0.0263112641023142,0.0203571740603595,0.0221327243239211,0.0274815484804988,0.0399700065897122,0.0284019423359929,0.0239512611796258,0.0196315272704945,0.0312348952132199,0.0248957005035886,0.0301223192968514,0.0269627697407234,0.0295167083010334,0.0248834755935645,0.0344454421418053,0.034547533713735,0.0412302996392993,0.035524613796979,0.027252358059371,0.0335265473573801,0.0311699266776768,0.0279771537296041,0.0311945612058436,0.0340463440054346,0.0154598301756346,0.0420881811398676,0.0546777265749251,0.0362284003752043,0.0279274781483612,0.0169007664336847,0.0331140690486691,0.0330985200043199,0.0363607193441026,0.034033184184866,0.0337242701797664,0.0370927669269446,0.0424714906662479,0.0341728165201945,0.0355517296671657,0.0330827384631123,0.0211243641748167,0.022180727893175,0.0205402112304812,0.0393322318371037,0.0304963414224222,0.0288798325284914,0.018117598103977,0.0273296548214756,0.0320962361538109,0.0302436750901169,0.0261309599527409,0.0424568394045609,0.027696000421905,0.0270152693061812,0.0238764903647943,0.0255723734010757,0.03106595555304,0.0379954002434604,0.0265131211067259,0.0290788609885236,0.026343806331662,0.0295975060203392,0.0260725093535283,0.0198506181899635,0.046248567928178,0.0289137857800513,0.025222109007646,0.0291480652172241,0.0421339538932979,0.0364328181666633,0.0338039854466103,0.0299889041736027,0.0323168983408195,0.0335244358420938,0.0174200582370725,0.0323019230556575,0.0237211504543081,0.0254620600379574,0.0399349758862753,0.0302757101788391,0.0219898040609203,0.0317823512245508,0.0294243211070447,0.0286774554972203,0.0152058071006588,0.0327150110785071,0.0204586170764624,0.0250297219566349,0.0224214089674451,0.0237897701979822,0.0303763873604415,0.0261951110128947,0.0412262970075525,0.0270212789988574,0.032050391271682,0.0335937264826452,0.0284685585741094,0.0424963101760604
1136.34797521083,0.00984018454840115,0.022320977218894,0.00785479104209223,0,0,0.0163711856100569,0.00235782351958739,0.0167108890644645,0.0146264598480931,0.013679776213484,0.0106782197063057,0.0196217106878257,0.0192931212235925,0.0170919942861969,0.0138900972436294,0.0173388323566175,0.0179477602397726,0.0118823806926858,0.022213896890113,0.0151398102684157,0.00964659989176871,0.0123212648453482,0.00370176222169378,0.0106832715484808,0.0176229638380823,0.0187632063307507,0.0147951067830864,0.0225570832481968,0.00688960330334067,0.0231491624828017,0.0194549293104803,0.0200024525824298,0.0353034408703517,0.0353042206817812,0.00631156890845544,0.0135377635579479,0.0181128898403493,0.0151129342740388,0.00874744661626426,0.0164242075702639,0.0211782027506183,0.0151777149256267,0.0303536006721701,0.0575969117917362,0.0166441450723029,0.00473850687444882,0.0143692638193275,0.0158409272769618,0.0192765173209967,0.0113368529575984,0.0141864388119918,0.0109890015611928,0.00988860907291579,0.0238299797595386,0.0116083193708093,0.0196570453281849,0.0215213527088267,0.0102373744064096,0.0120988723095708,0.0139155115803677,0.00244689075808209,0.00947312458163487,0.0113217787927081,0.0190150206230867,0.0201259190868342,0,0.0051894271452162,0.0196538340657952,0.00390638130149868,0.0209649959264066,0.0110784156177309,0.015628193041537,0.017245558384383,0.0125853548481324,0.0219585868225037,0.00255614387612825,0.0161447594256255,0.0078372982355918,0.01150333651614,0.011035914207367,0.014089262604853,0.00137985382730673,0.0142791598873125,0,0.0196935007257875,0.0173644540562797,0.00975545236297923,0.00879429996224811,0.00719158892656369,0.00826148675873169,0.0190977547710098,0.00464890012567645,0.00376021054329257,0.0110999061044524,0.0188370102358333,0.0187511287730704,0.00423569708897956,0.00589441460725384,0.0162760239713757,0.00612763237062252,0.0134518558088857,0.00993724164350111,0.0123536921107514,0.0149246752684098,0.0047485010089188,0.00710929777030704,0.00726837479489926,0.0109012421341243,0.00564309739223935,0.0118616034363988,0.0234235747612664,0.0224793205599329,0.00525679164370577,0.014880396931866,0.0121695615233885
1139.35085086015,0.0273908423937647,0.0240981992289738,0.0307098037308152,0.0198241677823809,0.0284459980617104,0.0286079449536403,0.0217786314338741,0.0270927121249431,0.0297648459037337,0.0355533461449273,0.0237041383756907,0.0340480338852431,0.031037145336559,0.0329453365247511,0.0381812090318674,0.0366550505114813,0.0366398574028498,0.0278437853518835,0.0311005890511552,0.0368355362657322,0.0431064567474564,0.0236193340293198,0.0474739640330805,0.0279620323120003,0.0280575789614123,0.0361391210320492,0.0288159502795965,0.0304892482766057,0.0397360995495026,0.0306277979430575,0.0345799555885469,0.0383225335857953,0.0360617924700122,0.0486193593320691,0.0383325363484519,0.033398122988481,0.0330017050756985,0.0351415166533768,0.03481001339181,0.0265380077071243,0.0220336401980108,0.0228677813225599,0.0329015236435911,0.0759731968795514,0.0427497066557847,0.0256380867592637,0.0360824014589387,0.0371834706458272,0.0355699041380882,0.0276218221801353,0.0335274752513342,0.0320698574048348,0.0278085215724257,0.0396097183909895,0.0277979265794058,0.0327410616157183,0.0286166117003526,0.0260842369972644,0.0363007781631134,0.0263524088287317,0.0388173435042186,0.0193083336834952,0.0401901343483941,0.0452813498844963,0.0382220648567523,0.0320509134503335,0.0252973245421638,0.0335575581736924,0.0307453424337262,0.0418810163035349,0.0462741553411348,0.0273877266060412,0.0262305471872665,0.0429206546712573,0.033890516762437,0.0330334065553699,0.0423412129025341,0.0330981198845253,0.0279351327333857,0.0298159419341777,0.0303990543666471,0.0306236715137611,0.0285590959374154,0.0363553664359975,0.0239784821062324,0.0420563723230956,0.0341069978138093,0.0432045419174384,0.0404065818088603,0.0261538070488357,0.0392110793189702,0.0235580106923207,0.0256647813363317,0.0295260326556421,0.0219418551321919,0.0420822015532987,0.029697098850797,0.0389054203804204,0.0224159096996805,0.0381806199277458,0.028386455745947,0.0447949292148709,0.0309790610844769,0.0318350417134112,0.0293989209696389,0.023528696328523,0.0301962929983065,0.029865627285499,0.0239138361390813,0.0282742022164224,0.0311664244111467,0.0309843832839931,0.0312237456048803,0.0369362176812912,0.0309461467494323
1142.35159948438,0.0352022787072428,0.034079130335763,0.0315347901516064,0.012964742946535,0.019772241690247,0.0353853757707396,0.0280615580560511,0.0364094226228272,0.0374006164551898,0.0389937393654867,0.0367322287896629,0.0473858453682448,0.0513940996070967,0.0404407216164908,0.0423191044623653,0.0335275409346959,0.0390375324085385,0.0226455396410813,0.0416120483859984,0.0353642478651321,0.0367353194175904,0.0388145459292686,0.0401870806639621,0.0367589590538168,0.0379292625384465,0.0402530564724795,0.0405425444315138,0.0400841750687585,0.0450008071646681,0.0370013700647175,0.0320113106987429,0.0443603108636821,0.0465134197803686,0.0562789910352202,0.038606671665414,0.0336768425339036,0.037232104287015,0.0292386396184698,0.0345044038829869,0.0395479188016663,0.0417581924491354,0.0299913356878987,0.0405929574863118,0.0741013400795143,0.0413288622181973,0.0330209771291034,0.0346835989595917,0.0352473704780057,0.047142580582934,0.0362386044590778,0.0413460794950597,0.0312468906963543,0.034597647302022,0.0565394816229634,0.0328348118797154,0.0452483494947099,0.0266698378704253,0.0252264447094276,0.0401691189707481,0.0399468904501976,0.0403079831789068,0.0404207360500651,0.042873702373631,0.0409955920320534,0.0350485842526405,0.0317513516772105,0.0277843663097146,0.0412373450972839,0.0369694959436384,0.0369200107387071,0.0390581395228484,0.0260037508007558,0.0484886276787525,0.0273860281783032,0.0341730091872448,0.0392561728020759,0.0449486779036799,0.0293744162426744,0.0349034193468127,0.0216618714561258,0.0201162029245033,0.0369316477263314,0.0376375592119056,0.040183404113305,0.0357069944745025,0.0388948069523131,0.0378212599987701,0.0287894915462571,0.0360916588358584,0.0332789240225,0.0316965896478612,0.0319104174155124,0.0324972233162765,0.0420973175182512,0.035348937143329,0.034426085531686,0.0368502863909766,0.0386186816233697,0.0379179909362658,0.0356443814113872,0.0363645270785511,0.0446904270747084,0.0389754482343963,0.0337866719708717,0.0415399701969459,0.0324513476460866,0.0322434436988188,0.0324404785109702,0.0282817556212236,0.0452616896781644,0.0389119494207726,0.0336621721470307,0.036173393739698,0.0371497620551935,0.0339225137562624
1145.35022317861,0.0322491640487774,0.0238335777354675,0.0345658120881619,0.0185770611005583,0.0236370750601478,0.026325795895159,0.0212067599403656,0.0329147849964904,0.0300289384756336,0.0277966750934685,0.026180968485984,0.0274463765516625,0.0309987693225524,0.0334471846227368,0.0313429439221843,0.0353298238100747,0.0358181596672602,0.0288457449466883,0.0148298963826328,0.0349990217997575,0.0287298386590106,0.0239699255887207,0.0375453221672579,0.0314178617479429,0.0240530925785875,0.0294470947152414,0.0338958366432922,0.0203520825602381,0.0305651541345547,0.0356249660554196,0.023737143018278,0.0316808677880014,0.0364463393924592,0.0480981794535213,0.0303793723376152,0.0272435899709657,0.0437097679958201,0.0402526923990531,0.0336285883540736,0.0467745421960313,0.0203225169941782,0.0285789406474582,0.0431465169737454,0.0498498137899355,0.036982467160526,0.0321776206773328,0.032723819487567,0.0327463432883323,0.0404144713003877,0.0265657967592206,0.0393711654222902,0.032156426592229,0.037874001918768,0.0356116004643571,0.0325905378872171,0.0397934266362136,0.0354660499209001,0.0293834699366916,0.0306764873906993,0.0379500502614111,0.0313367115210405,0.0366145958777375,0.0253243932235168,0.0361362481897876,0.0267037832402184,0.0219066064812844,0.0297233052409825,0.0251454074398131,0.0343604135580334,0.0307856054288811,0.0364932731585947,0.0343395070534083,0.0372845644080857,0.0294976860347361,0.0350412909516621,0.0289159922332715,0.0210902526192547,0.0262218426030792,0.0290673596134532,0.0370085336673484,0.0268120550795937,0.0326555639703541,0.035154053507058,0.0416910207186563,0.0411421032606691,0.0402840069845011,0.039244967898916,0.0296729209759374,0.0306245584982799,0.0330379564294492,0.0218821260260958,0.0285947755829374,0.0283163619825012,0.0382703771372607,0.0436091150157613,0.0267726603630156,0.0297008827434399,0.029304102646334,0.0247599933800642,0.0284987462041893,0.0333265604292932,0.0279661365649054,0.0280737010264945,0.0219305796056401,0.0371907189451088,0.0321467354014037,0.0337134233277867,0.0259741874745264,0.0332320946765602,0.0342150079921786,0.0341884700457702,0.0322618764090135,0.0288641818536435,0.0281681882405561,0.032386407806375
1148.34672403512,0.0272482053379531,0.0381941584128396,0.0353964863531646,0.0296791432500386,0.0279702145178431,0.0451255143032151,0.0302336148606178,0.0368981651403124,0.0376698748546677,0.0382913479743527,0.0333184212036266,0.0407898997139319,0.0341410873007633,0.0420630478361068,0.0349270426427614,0.0393247160890338,0.0421547875282474,0.0182276638744715,0.0334561737150957,0.0269134865132862,0.0278207905822113,0.0397273710555015,0.0412895938239645,0.0323017037751501,0.0299719097620836,0.0346719608350611,0.0439056857562995,0.0432340365795103,0.0397763130025331,0.0386813543273204,0.029166738050313,0.041819857878416,0.0429133126022083,0.0410522087665354,0.0442664804151976,0.0286466673335591,0.0249404510895251,0.0411217836656491,0.04594155522426,0.027387108754241,0.0377660894785989,0.0374161944715994,0.0274248354429882,0.0479837082976042,0.0431824871909121,0.0319253207742549,0.0409148456397187,0.0313840541048647,0.0348704200236869,0.040499687560415,0.0408567288931893,0.041140027465736,0.0352937769795,0.0318960802194876,0.034698089304726,0.0349211211191225,0.0357858017660989,0.0385554584495792,0.0543059864567084,0.0342233276686139,0.0427165553286956,0.0375588332151971,0.0339660180664398,0.0358920323214686,0.0338854404070178,0.0317224589310056,0.0355201194333605,0.033963260953746,0.0482483027818524,0.0340651540703036,0.0345125510273997,0.0341046673628838,0.0324301311950825,0.0392578810750218,0.0429043632163719,0.0428365796466029,0.0334857767546164,0.0384183030012421,0.0382686340703016,0.0368838237666304,0.0306816676163763,0.0383816175966338,0.0315170517653235,0.0339090163381497,0.0420010903343823,0.0416761754653084,0.0292049753591768,0.0323243117242293,0.0326667607434318,0.0362007978121407,0.0281879796123294,0.0391757970946712,0.0299368430111351,0.0274173931849975,0.0335620289432592,0.0348986642170213,0.0339985428798545,0.0363604140009113,0.035588502844572,0.027121443105008,0.0244922622799216,0.0364654611387094,0.0520244443976226,0.0399998778122264,0.0311381498391241,0.0283838931623506,0.0363466794914184,0.0387293796464923,0.0271769332525841,0.0340428204479112,0.0317355598448494,0.0308647395762847,0.0379066973733679,0.041609172460288,0.0415762383059404
1151.34110414341,0.02635241584327,0.0350622442946477,0.0351285920846527,0.0283171343141782,0.034628794329226,0.0398955020996146,0.0348835694770066,0.0280704986658054,0.038880775519517,0.0504155939050168,0.0345630650739128,0.0361325262076536,0.0367125381147775,0.0423213899359582,0.0396341938510117,0.0405851653923233,0.0456844702268392,0.0287757211090111,0.0331673393037207,0.0287608290209947,0.0400106294472831,0.0387975958905495,0.0415557888644887,0.0348855622799602,0.0358937294585556,0.0393471374609225,0.0401366035649534,0.0423231907614616,0.0349169001714401,0.0362030899524578,0.0363122612979274,0.0437720728782872,0.048243240853385,0.0357070631479307,0.0360454775714408,0.0418030292415438,0.0482575109255272,0.0425581246352401,0.0422059325958692,0.0531367226450668,0.0432069186472174,0.0428410989559997,0.0345541940081917,0.0349294455859541,0.0400142219948355,0.0334398491809899,0.0361422286011201,0.0328641679587156,0.0381863708312493,0.0514865393618834,0.0342778383975976,0.0339851775427219,0.0461947794160086,0.0413775576923314,0.0444418867389072,0.0358472748662288,0.0383695985099521,0.0377060986878696,0.0424954077955688,0.0443608231275255,0.0442161629702672,0.0337595998614852,0.0330882340457035,0.0425691248730931,0.036471015161426,0.0364865975666634,0.0501315158583166,0.0314630577629308,0.0426999778021981,0.0444060937546162,0.0447365537438706,0.0401603895437287,0.0287326571945633,0.0407877496353261,0.0350400996452882,0.0378279460938553,0.0320747270901318,0.0415238216328953,0.0329953648283851,0.0465052291966302,0.0255007320689453,0.0458755382332842,0.0481215926006393,0.0330993516347547,0.0445802650784633,0.0356810502254408,0.0472612515979294,0.0485096191199963,0.0370216158255072,0.0359656481073991,0.0362235654873265,0.0392005766413128,0.0298212844899736,0.0417548702256627,0.0389673805162657,0.0272510622783274,0.0382991862642098,0.0259229875968214,0.0528548578064378,0.0401606036772599,0.0446588451832531,0.0369432222124676,0.0316787811000024,0.0402337111161462,0.0358943473926223,0.0453922831996058,0.0418836597093715,0.050357216071885,0.0414042119234471,0.0338737746076296,0.0468596930809314,0.0417141949067906,0.0376100875027036,0.0326334612124474,0.0423032287245238
1154.33336559018,0.0116160886358585,0.0231857850775831,0.0188902375323901,0.0214732918369764,0.00693743425261089,0.0215599502984543,0.013803008071903,0.0331282715378019,0.0240125287287325,0.012115999760749,0.0261634167526075,0.0222035973686067,0.0209187810714639,0.0180585207457071,0.0230689525684522,0.0204974360217554,0.00707022882344606,0.0295600166869585,0.0107203343706931,0.0206815282919736,0.0254660039870854,0.0167299795368993,0.0220970439384982,0.0267256415871586,0.0169371613615846,0.0158383300409287,0.0266085474267112,0.0214934380556086,0.0278089830341568,0.0176689715554064,0.0154893224226415,0.0316876033781609,0.0216541006936133,0.0173511015467205,0.0125199998346502,0.0258660617049628,0.0233223742873953,0.0231377501678811,0.0241417276060744,0.0354921200892143,0.0252109665346086,0.0260683519912564,0.0262645891670075,0.0197467371969503,0.0198633212248602,0.0220261044403116,0.0212249636949179,0.0127697454750816,0.0167071157564664,0.0294320990565787,0.0156008654827184,0.00665658101086831,0.0231120007112972,0.0181646318173446,0.0283550531283413,0.0246068834470093,0.0189104552824865,0.0123559851238576,0.0208105227958156,0.0204257318090535,0.027115059176328,0.0133495448311105,0.0238815502801412,0.0284953605366789,0.0304361210400791,0.012610004553722,0.0212383522703841,0.0176449451182132,0.0306751530493312,0.0282824263584365,0.0177785831399829,0.0216416448946588,0.0354239732109326,0.0223252097267285,0.0225184816641038,0.0251315161313375,0.0174326617823044,0.0145086732721231,0.0293957883516314,0.0171575860819085,0.0180597116324055,0.0304342193706521,0.0167354651203034,0.0171925723803314,0.0196884759034069,0.0205932999323608,0.0188809428579116,0.0264594688304826,0.0321408311738472,0.0255307072203827,0.0258420091995506,0.0153312315507708,0.0146342017847094,0.0191932613581888,0.020915997612998,0.0224238414666497,0.0185700833770096,0.0273414445830919,0.0198180538990076,0.0145753984395619,0.0265521304606078,0.0202284428396607,0.0249219874597031,0.0209059250418106,0.025298132323414,0.0272138812079382,0.0201594004174408,0.0116811325103062,0.0220295538861684,0.00967628192398952,0.00246246244870269,0.0216673878483565,0.0238872982801368,0.0207865849811797,0.0244086842036507
1157.32351045935,0.0471317128746175,0.0430234996746266,0.0544319642754059,0.0400685339182677,0.0470306653662305,0.0545708391122777,0.0556923444666029,0.0536734079282907,0.0563215336300778,0.0470199187761092,0.0558189039015067,0.0672001071287296,0.0665481772880303,0.0573396209660759,0.0524182565355609,0.0540647059992048,0.0488192867964291,0.0553091718145778,0.048276664145409,0.0611514222963379,0.0611257330477214,0.0564202710943369,0.0595065913448287,0.0700418003093811,0.0477469691365746,0.0492597720798539,0.0578761280184349,0.0593265442706696,0.0511037162078126,0.0545135885691829,0.0540391490522498,0.0506121445147479,0.0594828345537837,0.0555825395120047,0.0604346589866816,0.0591721516115554,0.0578683220590612,0.0612279765095159,0.0588234152119165,0.0548839548155402,0.0575289034740393,0.062809155780118,0.0568198164932056,0.057326079570225,0.0700038527235381,0.0670458292371404,0.0587417210922842,0.0591160117885693,0.0666753499241051,0.0557684414325653,0.0655015377903661,0.0709938438285582,0.0580459587603933,0.0597769896096173,0.0463261111027671,0.0643679017732074,0.0571132920956772,0.0633052162644612,0.062462133573076,0.0646452059152867,0.0507136467111189,0.0499073596706634,0.0622925758193536,0.0582396366467498,0.0629255021618356,0.0561344291859728,0.0655953878560935,0.0542098738767159,0.0651903763346459,0.0598047316452965,0.0570606486949265,0.0557115188391022,0.0594279876866765,0.0650298192839518,0.0641845390547332,0.053262399533852,0.0614859796945067,0.0488813959190223,0.0580957372274943,0.0416866999822832,0.0536275245220079,0.0573449862363193,0.0541633613010942,0.0547207500407691,0.0543273867755644,0.0595157976551646,0.0541437025447658,0.059123848204655,0.0595989444786848,0.061012173018787,0.0770559142649593,0.044261596926733,0.0556923943028401,0.0604820404934582,0.0532212909224889,0.073381420564341,0.0566375981549315,0.0530330173505917,0.0523003955948326,0.0449172790160738,0.0623844816325377,0.0522387286191529,0.0559714610048472,0.0550967580825546,0.0607718958661532,0.046536774621395,0.0645698922583539,0.0532739244465249,0.0559636360979764,0.062154889996035,0.0459383051425107,0.0593425267471482,0.0498721486261266,0.0509080948703225,0.0584402664097716
1160.31154083208,0.0103548816435609,0.0174855651961727,0.0315906781285538,0.0302410236981653,0.0216697388233927,0.0220411164976909,0.0214784940765023,0.0320419914408675,0.0253775300797422,0.0179446756909699,0.0254513732958864,0.0183612613175993,0.0283748608993147,0.0286246572385356,0.0168240589964825,0.026866457198212,0.0147071844700203,0.0175742709933534,0.0112432235415484,0.0122562971175036,0.0231241587072667,0.0143312763597935,0.0313517091368144,0.023425754210024,0.0208802939705717,0.0196781294127929,0.0225335618172653,0.0385036312929747,0.0316179729928734,0.0177121023841299,0.0138145906098615,0.0186448837194004,0.011238975693906,0.0253513344663979,0.0153719969855161,0.0247766195852498,0.0256457402060475,0.0181359930423813,0.00923608196498336,0.0245168741619362,0.0223887342200395,0.0221347692538488,0.017692729316562,0.030958980470748,0.0199882615918426,0.0262491351638617,0.0218442771185407,0.0225614052531993,0.0186335198636695,0.0219198221145618,0.0341539392063824,0.0200364819366884,0.0238370610984433,0.012478092498147,0.0296597309958365,0.0137273271312323,0.0178758357457451,0.0234821938390986,0.00708419805722792,0.0164594748294598,0.027805822170726,0.0152641422445267,0.0233347221266568,0.012465234298554,0.0241269078010666,0.0283332616954865,0.0130274083308268,0.0200206356400204,0.019006445689951,0.0213375555405334,0.0196515599123091,0.00976422156929889,0.0263144263049598,0.0201094861095155,0.0190437712596222,0.0163161537840601,0.0226839689864469,0.017894501999324,0.0188658428614759,0.0215158477812131,0.0201641156359004,0.0148551647724492,0.0239407133239697,0.0248819989148139,0.0294424367430343,0.0268117306048891,0.0206102693146071,0.0217854125917261,0.0218117756538608,0.0330122330458228,0.0304161750548177,0.0265123408222981,0.0306560791990506,0.0314841789490806,0.0168666681588004,0.0217945816564915,0.0151711600815024,0.0335750642585615,0.00932658363784242,0.0268340375720356,0.0181873590779267,0.0315186682601257,0.014963748948213,0.0196635243741403,0.0154902209400065,0.0179816311453562,0.0219693199963285,0.0230836069567683,0.0354375583163729,0.017365783564349,0.0219564573547322,0.0299748616344575,0.0215590694389933,0.012624225467468,0.0315220944702332
1163.29745878673,0.00844813712567918,0.0165545206588451,0.0269299761762675,0.00695254247244056,0.0185974486398659,0.0140942463234167,0.0168353590510252,0.0125500688742978,0.016415786015062,0.0154419238142519,0.0202765416875439,0.0109897483234286,0.0280903503046451,0.0222083042350396,0.0187463599678437,0.0182856056738766,0.0193737210574691,0.0194556087651507,0.0152946891676605,0.0301153591927868,0.0227769516287902,0.00952125174505974,0.0159663805897146,0.0277204485657886,0.017202284232026,0.0111022572796883,0.0314126860013046,0.0204513234053759,0.0188913571929136,0.0163544604108111,0.0255419753813979,0.0141769120217375,0.0194327211410545,0.026810950518483,0.0207723506988116,0.0155640116743271,0.0248490359094309,0.0162049306441553,0.022140789996549,0.0097769772758501,0.0278436952354511,0.0213120834060045,0.0185531629172149,0.013655085681817,0.0238639409064623,0.0271909606403703,0.0148303199901746,0.0291663736814229,0.0331828207368282,0.0181696117005886,0.0316227520962502,0.023849786345496,0.0171737394169674,0.0259892627615673,0.0200430672092843,0.0326331428544365,0.0170810586513006,0.0187477769327286,0.0132999451291704,0.0219897689367261,0.017110612401511,0.0156342198536144,0.0319948957240929,0.00993267460189768,0.0163787496925154,0.0128920211325155,0.0215938699424572,0.023195297591636,0.0122940112370388,0.0258112263793829,0.0234988671253981,0.0181205701950765,0.0116678222298444,0.0210657015453827,0.0170211564815336,0.026113988453749,0.0172595970363112,0.0136249044827428,0.017504075092046,0.0179691615228245,0.0314074132195136,0.0247166675610408,0.0191643576134147,0.0142125395879326,0.0177258304296108,0.0066182169275817,0.0209069971652166,0.0191599506679736,0.0152089584684252,0.0265553518974304,0.0234982838239773,0.012101222843841,0.0241776768499371,0.0235771223026547,0.0251470543898943,0.0226121392697111,0.0149075030153192,0.0259734388568285,0.0219278934546551,0.0191321187484861,0.0134308194253949,0.0274250315045834,0.0206225749637218,0.0256650945979406,0.0236722339313804,0.0119289845508212,0.0228799665353269,0.0143765021808534,0.0183918187179419,0.0297988070115577,0.0274571549273254,0.00993931439754783,0.0189406573778009,0.0168839036355302,0.017023737774045
1166.2812663989,0.0188511237857175,0.0123469100481194,0.0195189900899781,0.030049941590768,0.0271362888223411,0.0187139447350435,0.0204093332637607,0.0197584326257248,0.0133543494421182,0.022702847860995,0.0172488342181671,0.0319919222788987,0.021495575051812,0.0252711139204337,0.0189930180158292,0.0327020440475952,0.0296634664969096,0.0245969694161818,0.0252964278890332,0.00881052383379897,0.0251617408946009,0.0158420722635706,0.0261162726606863,0.0280595584999198,0.0242723188269452,0.0207688602136336,0.0230681115981666,0.0256452633477752,0.0253088843077439,0.0271830918603684,0.0292815100668565,0.0173181531289643,0.0264901606536758,0.0237479045849721,0.0244758007948346,0.0270581133476176,0.0279839654782559,0.0232987686949271,0.0224373822486202,0.0338098856243869,0.0201532489642825,0.0307399327758749,0.0262718807242332,0.0299286721841407,0.0201292928940294,0.0122660683941305,0.030934746196485,0.021579305372259,0.027661110793457,0.0256351986111242,0.0337054564990468,0.0270906749066646,0.0310242707940147,0.0125430626689851,0.0251091055345188,0.0283621169614713,0.0202468990761382,0.023484444235962,0.0305593105724099,0.0188604422839843,0.0250232937321058,0.0219423612396353,0.0281605805845468,0.0350764345949436,0.0195584890052485,0.0227287317540538,0.0296132325064058,0.0297702626496514,0.0232575941158438,0.0232307618527415,0.0197968943644215,0.0219082466004859,0.0160653079541758,0.0249664677518569,0.0301509668487289,0.0323661652314047,0.0291015329096516,0.00935912747465424,0.0228280652457735,0.0304736696429417,0.0251130052198054,0.0328177468825895,0.0265349153037252,0.0110969401827196,0.0174605789757472,0.0256545719437199,0.024074170548786,0.0206565314778036,0.0224679797649912,0.0189685239911943,0.0361553863994226,0.0282602213353354,0.0200226579708872,0.0256317357638108,0.0277093610291624,0.0251237677997167,0.01922524822473,0.0234553346783092,0.0292685961567975,0.0189290080562978,0.0104181938421718,0.0330796261197215,0.0251042627658121,0.0241897437595118,0.0204834913631183,0.0156874394288849,0.0266950994619446,0.0209350135779267,0.0251056926705534,0.0239258060625619,0.0289933765799749,0.0190584954575107,0.0139905135326542,0.0268959745878752,0.0234110388066552
1169.26296574145,0.0251563510986986,0.0360269154733742,0.0352462294340845,0.022231389055366,0.02360980028439,0.0331693542807665,0.0458888750903707,0.0296405250346035,0.0317393948826455,0.0212919578253308,0.0254794952576966,0.0486334353951729,0.0487718002645116,0.0378132317561962,0.0494779073268876,0.0334356145818808,0.0438906978649166,0.0286574444130797,0.0315189574449135,0.0377104493077896,0.0346439876939451,0.0360756190769507,0.0374310137599827,0.0385840755951441,0.0358701614958911,0.0348608652753718,0.0371237570437871,0.0291829783615615,0.0413005862948083,0.0352467520713348,0.0296002064502449,0.0397689062963326,0.0398219644791806,0.0354008336663325,0.0485938296575407,0.0374368276467387,0.0361728972779745,0.0461831684063892,0.033057404694187,0.0341229862473755,0.0359069519584787,0.0350485509155134,0.0328522828075057,0.0328832601348047,0.0386567515654756,0.0332019007520946,0.0414054020200534,0.0344385400946044,0.0392665852491848,0.0419563885944708,0.0311821373404508,0.0412891381940477,0.0214395823626444,0.0438451828748396,0.03135375774508,0.044958008629002,0.0381138620130133,0.0360216240621347,0.0292295580732457,0.0399922057918265,0.0399165150629812,0.0294417192932691,0.0338534116502466,0.0348580526317427,0.0348161457529564,0.0325694354579879,0.0425929324890257,0.0301226169644836,0.0289235724914158,0.0330061860131196,0.0375968738019096,0.0314157901666396,0.0406609923206774,0.0394573871876647,0.047363526347521,0.0321146096336775,0.0346181139967932,0.0374947019344988,0.0314969765106001,0.0447014843218998,0.0346667590899027,0.0391585522797073,0.0368006872713066,0.0434127414387602,0.0458181815957796,0.0321880811266025,0.0364185742461584,0.029216759043525,0.0314631252273657,0.0397269940295051,0.0355767628355946,0.0277506157327511,0.0367450981353739,0.0353051636189244,0.0331366713740772,0.0338372121938333,0.0458630927725672,0.0390023975226275,0.0301789219734542,0.0337197723517965,0.0346674785365071,0.0278475699698471,0.0414035836389895,0.0336514998523974,0.0406163315712279,0.031564699640838,0.0316745759717314,0.0388025397195053,0.0405148383561719,0.0415163656238499,0.0311004759100927,0.0357610518480942,0.0347353383706061,0.0397862676463474,0.0422184463431059
1172.24255888445,0.0135200216842075,0.0187057765505189,0.0234367480650755,0.0164127040110903,0.0191600615771619,0.012125867570168,0.0188097303781001,0.00321984178584752,0.0243969165973767,0.0155471971855116,0.0154915861972738,0.0276343722203498,0.0307049849409863,0.0263923844716256,0.01110066912868,0.0193915362336199,0.0142890474618039,0.0164434775398699,0.0150437014250671,0.0136553369435301,0.0141186625399821,0.0140310651290276,0.0208982272105394,0.0185685160043763,0.0242869742337962,0.0235332224068822,0.0184510643718279,0.0166764369747454,0.0207048549062369,0.017841623935332,0.0110850904514788,0.015423546430522,0.0166752647459099,0.0210295502671012,0.014886483599741,0.0192826110273727,0.0157493751419989,0.0143842139029789,0.0201772063031539,0.0269182594555214,0.019077428041561,0.0165911475643063,0.00288034753805405,0.0129264963912531,0.015601791589693,0.0153467239005475,0.0124161987885677,0.0143673387457172,0.01308801595842,0.0175660757276222,0.016561641653609,0.0232084237180118,0.0124453987011784,0.0109033440277339,0.0152915408122699,0.0227302920111598,0.0248942431483336,0.0190467718934974,0.0180263904939527,0.0264747346350553,0.0170245492982893,0.0173643152952504,0.00979199605543177,0.0150427500509927,0.0121326078121791,0.0132086462708827,0.0131703912207604,0.0208561333741797,0.022812314844406,0.00984794025450677,0.0141486075563417,0.00949082068559797,0.0110245955176845,0.0192540137073586,0.00864886618830126,0.0188513722968956,0.0194242381855889,0.00993364472055821,0.0195672376324635,0.0159492931842668,0.0215903664896423,0.02432953191264,0.0239410061404567,0.0106853227099775,0.0152248895577767,0.0142805373087382,0.00806057815597287,0.0183677330065995,0.0156331284081109,0.0128758455804733,0.00852308691221075,0.016685823585406,0.011725650411757,0.0221384597815546,0.0173969054965184,0.0166359875148993,0.0210059217417915,0.0122225914473954,0.0152996556207255,0.0219942291428106,0.0102052235824969,0.0300712602110449,0.0110448991614493,0.0229770854524089,0.00729309761002465,0.0087947372033511,0.015774809699866,0.0176720162061102,0.0194259326537133,0.0133363552927988,0.0258419818687495,0.0087419391172625,0.0146122280457655,0.0170390333589345,0.0158793349397845
1175.22004789522,0.0208594725808918,0.0276323446927976,0.0342149687369553,0.0325429245991364,0.0448917568415775,0.0276822964535372,0.0300624324697758,0.0253908971650165,0.0374290753279066,0.0249887983382288,0.0264093827101522,0.0361005767629802,0.0333071088696884,0.0316969935877719,0.0393548071937618,0.0343673493920337,0.0206568554146945,0.0270247552712348,0.021816303763426,0.0375986510952278,0.0252459836690074,0.020364541794762,0.0235183651733655,0.0319296432451822,0.0319346188305986,0.0348700113954367,0.0405551402377604,0.0362708642820444,0.0372680711773368,0.0380959668955152,0.0268259933355705,0.0250131923730055,0.0294453134650917,0.0338229693454615,0.0282410067621953,0.0302287002583127,0.0413411878790854,0.0316398886127021,0.0319528647037887,0.033026779143928,0.0331245782963651,0.0300164533493999,0.0266052356338309,0.0217513804122965,0.0353098293725778,0.0362916249672125,0.0465735138085347,0.0283708766566199,0.025292970178218,0.0344864239311225,0.0244193687176468,0.0356863135968956,0.0315833829151449,0.0227101199858792,0.0350495570108403,0.0323806979113314,0.0246801910161286,0.0304782391949171,0.0312311365066642,0.0268226892615996,0.0371586759582617,0.0373339542628936,0.033944422213815,0.0211747085843742,0.0331486651754683,0.0314824807482053,0.0316653626694743,0.0274437683423149,0.0337884553420183,0.0272784266283788,0.0168507605347441,0.031581695256312,0.0338975811689769,0.0319893389060594,0.0287837818496277,0.0304419390935667,0.0266758047112848,0.0392143713988983,0.0265739731023853,0.0290392014471136,0.0260600100147334,0.0447954214490436,0.0376846866866788,0.0325553086040543,0.0332879893424165,0.0316238546970164,0.0353198953231693,0.025171882263794,0.0356074555324369,0.0172044308932783,0.0257969213638484,0.0345243422040906,0.0278773199647919,0.0288916627816607,0.037709794103222,0.03042865917776,0.0293411564378233,0.0294712441780756,0.0437119465645237,0.0373700327979911,0.0385230206618751,0.0449096006187499,0.0362133268504819,0.0410785203289674,0.0268654086823072,0.0287189635686594,0.0288844148448515,0.0332870316746782,0.0313675475742364,0.0440956101857652,0.0307919736079965,0.0283684072028834,0.0295265722061002,0.025913524898891,0.0290508664429009
1178.19543483834,0.0435856809252067,0.0431242255709348,0.0306763515391602,0.03870396674986,0.0381317320579571,0.0421508571380005,0.0325593427681809,0.0342183258861938,0.0467128711720898,0.0360612924153591,0.0314356811221917,0.0467534529620814,0.0450980064368658,0.0420223578988396,0.0351399614532596,0.042230363487492,0.0455735459106165,0.0251303206795486,0.0426478122246231,0.0350667819175815,0.0412885439202373,0.0383858092354573,0.0371680726881206,0.0345481701964099,0.0333662153845965,0.0412369375526254,0.0362480209714686,0.0470154295488911,0.0470804200695424,0.0450644399448367,0.0482802309745742,0.0392876569255193,0.0382294462150515,0.0392651209036531,0.0359305215858983,0.0456552749241192,0.0450541643090587,0.0381883317408677,0.0477462786726313,0.048398240077027,0.0408874385574169,0.0360459466337386,0.0366259342291151,0.0444363991006384,0.0567798457997936,0.0484241352637918,0.0423987962769141,0.0491930168811991,0.0375026787205964,0.0472809303015444,0.0432303858858542,0.029721134383582,0.0454522742143435,0.0477152191201946,0.04717953127282,0.0443537986709439,0.0323843120608335,0.044141597768639,0.0339817272977761,0.0531648475393103,0.0491580415049417,0.0525615223227964,0.0414367698012241,0.0544070914374263,0.0443956008127026,0.0351579342957761,0.0441065147946481,0.0346019835647827,0.0359330164665131,0.0441253327893595,0.0352450884425285,0.0399592478949004,0.0521590692615028,0.0435530372662689,0.0355232296769009,0.0444039235631363,0.0408368910372789,0.031555148105976,0.044721700263732,0.0369754064731213,0.0339293450382489,0.0387982297777667,0.0444939365899982,0.0317792388166943,0.0433421663890575,0.0341907951968739,0.0430903436056835,0.0366869785725927,0.052121554481999,0.0391090037454011,0.0344405117826908,0.031248702895318,0.0480924002492974,0.040335375715063,0.0488720115052376,0.0363373466540091,0.0405417427473587,0.0365648617977562,0.0458056604993886,0.0343012751269081,0.0395877635575776,0.032812270414595,0.0442572789599176,0.0447984168287117,0.0379111728164268,0.0371100212152062,0.0414185252370277,0.0432540142514903,0.0369403941510818,0.0376673476431175,0.0470843967430697,0.0357562353495683,0.0327676062497843,0.0388164139583723,0.0484347656487668
1181.16872177565,0.0293994455852333,0.024176262526491,0.032650426767609,0.0164432704108014,0.0262706773679398,0.0402380535777067,0.0224678876627809,0.0297022861459617,0.0329499327414464,0.0221958216343773,0.0321784679287989,0.0268586590951765,0.02934081324775,0.0289425672014301,0.0354090155501761,0.0451706016357272,0.0356531597552517,0.0129308544813399,0.025647017865773,0.0325394356366166,0.0278696362884999,0.0235873138922811,0.0235509635586035,0.0326462160315764,0.0257544645755986,0.0249481063836028,0.0348169907804763,0.0361822763848495,0.0321277090383349,0.0420697283378368,0.0286377265939444,0.0161265998013454,0.0316270051549634,0.0345269615744684,0.0283169038336969,0.0319898012144132,0.0420384257219947,0.0216262608065813,0.0394666478098505,0.0336854995435794,0.0280734239235113,0.0346797756626734,0.0352273760150899,0.0356838189922698,0.024953287643774,0.0182392322595898,0.0354097314723668,0.0297032561947191,0.0367275107889826,0.031756206699486,0.0413008681764347,0.0185723526682978,0.0276826927790561,0.0360117296812024,0.0317188298519478,0.0227194362455304,0.0197426468171192,0.0282933618923936,0.031507644157484,0.0321520439401804,0.0297677969048261,0.0274446685638289,0.026317449594299,0.0374881681207989,0.0154020622093323,0.0416462051670413,0.0334213830936211,0.0423309262634767,0.0263007934266597,0.012158210264372,0.0356324789002931,0.0311941638841968,0.0334983301153667,0.0198347851047401,0.0364414562283064,0.0240554416478817,0.0371650152484533,0.0324261323826468,0.0266799616317843,0.0202719330991177,0.0367106248996348,0.0269241521711509,0.0270216946590401,0.0281037479929242,0.0316504854436566,0.0231184916440464,0.0267854216407195,0.0276167015200425,0.0264882961862835,0.0383448638588064,0.0235170561829996,0.0302006112984941,0.0190285194785194,0.0365541858620095,0.0199851254266633,0.0276008003281491,0.0202751468108382,0.0267306376240688,0.0362049584590815,0.0248952815765593,0.030218182535758,0.0270247388973262,0.0375395655124582,0.0283825830655238,0.0267811456984587,0.0328142825312245,0.020891784962387,0.0328766238620818,0.0245565531302649,0.0318158622663107,0.0242652000074136,0.0349866671881165,0.0243354809212338,0.0212559995787621,0.0266232434822034
1184.13991076622,0.0259856160969973,0.0391307854330689,0.0423406054216473,0.0450577791957935,0.0334495755734894,0.0345066828481162,0.0430432787482067,0.0358696268232829,0.036881723049239,0.0462905839670311,0.0377489876164217,0.0435220383270743,0.0537695558630619,0.0454082627429629,0.0452011288954433,0.0514002272050272,0.0347286587928972,0.0506587007992215,0.0270297173535659,0.0366366496055072,0.0401015057646274,0.0371672983033825,0.0482355088598164,0.046586742823014,0.0469873118114746,0.0412725520679885,0.0494701253467546,0.0391886218665467,0.0374459551917662,0.0412945986747377,0.0392557078947842,0.0345061191536246,0.0409903504336718,0.0529930760630285,0.057560369980266,0.0429487033139275,0.0294885699332714,0.0326951579570422,0.0438043509022378,0.0502241991220466,0.0501385014953774,0.0486883295049599,0.039545597804976,0.0354624862353787,0.0247612949653687,0.0527185042673107,0.034063019844435,0.0408816392950891,0.0448140898567518,0.0404300934951642,0.0485961799458036,0.0379826254786238,0.0450776013065107,0.0432433011884112,0.0385745775780824,0.0399179039199835,0.0427182676188962,0.0425225997986317,0.0383349586354779,0.0359786385294961,0.0423579681103884,0.0509898256422824,0.0415571952871721,0.0413284039667179,0.0467816617149787,0.0380295649134734,0.0425669973962902,0.0398755586419936,0.0420034153863505,0.0366610742084608,0.0441590549707415,0.0458685780508678,0.0315746555728908,0.0466990335802064,0.0385300851935371,0.0563685779921075,0.0386767255941715,0.0310283502025174,0.0492915334100872,0.0356679411534472,0.0479846260607219,0.0444637038064683,0.0419356571657311,0.0348869017049762,0.0411414741073333,0.0353591385099033,0.0425916918651535,0.0414946712578149,0.033772697955772,0.0449540841218225,0.0413795629562681,0.0380492325131241,0.0351948720909767,0.0444928316553845,0.0374508579360637,0.0329551022513965,0.036634661850227,0.0338334959136814,0.0289490394802515,0.0414380089866163,0.0417317802409493,0.0327059128825193,0.0420495773254775,0.0545534535481698,0.0384047092400728,0.0389074332221709,0.0369161515585531,0.0558537112968307,0.0365126307867362,0.04256245305694,0.0394330756821509,0.0418012170902238,0.0392635353679058,0.0410664012080828,0.0426296692280513
1187.10900386642,0.00822014346770466,0.0196457671734285,0.0289013280843885,0.00335818109135608,0.0225288339217002,0.0200410807350857,0.0220113944611822,0.024956314238256,0.0183031434129192,0.0226742435059151,0.017598407322215,0.0209088391456753,0.0167835756440128,0.0217478850465851,0.0130065838592361,0.030808691802834,0.029875137644235,0.0194775317465051,0.0219314509124596,0.0258439312211801,0.0261461863402671,0.0318364775786627,0.0282460269764515,0.0203721574656278,0.0241167588145475,0.024440449440078,0.0193362949759822,0.0206175517278288,0.0168735504840638,0.0239115219759677,0.0264738139069783,0.0166204508737318,0.0281269342730342,0.0205388402889994,0.0199078930517098,0.0119463157414623,0.0231158266348446,0.0274193560059316,0.0189097516043968,0.0308926350952028,0.018467858758846,0.0211461527247952,0.0175937553732153,0.0235217253138043,0.0169600465615288,0.0231316932763376,0.0191906063124599,0.0236730383060742,0.0216123156820211,0.0225553132192954,0.0109485863205947,0.031455882875741,0.0185285549716204,0.0189293777538381,0.0242985039009374,0.0182935204310727,0.0210412632290495,0.0222283822932815,0.0265740468750874,0.0143976122508835,0.0218147035507765,0.0110492370935668,0.0175206909562609,0.0244194774798802,0.0246976078731119,0.0158834589839802,0.0263836973582364,0.0272360278110303,0.0229557820577122,0.0176438099397462,0.0259636623894266,0.0148217847764724,0.020424093357671,0.0235788430743076,0.0231453482874123,0.0253809149118753,0.0246574101255754,0.0233833282927942,0.0178953537048555,0.0149621405747351,0.019653435491483,0.0278943769436506,0.026207778033428,0.0196052234332702,0.0237354929471695,0.0242964542946507,0.0194162840543673,0.0212569026694713,0.0202746562875607,0.0243602536317684,0.0166501551857981,0.012557622672865,0.0125191409056527,0.0307636069615535,0.0148677795790054,0.0185934178927883,0.020955074860116,0.0228799830555641,0.0135087676895507,0.0262763716718758,0.0132338432360594,0.0240621537328467,0.0329795554066375,0.0203085199111501,0.0210280799761572,0.0190456541661435,0.0175595784710196,0.0200497527597498,0.0119714090408417,0.0252769086629411,0.0234262349074647,0.023551275119798,0.0302571168932396,0.0298389329408106,0.0213916295092045
1190.07600312986,0.0135331034455825,0.020395101375913,0.0270341608864008,0.0115366605771529,0.00650748867686447,0.019235679865073,0.0113879584071547,0.0145820750728903,0.0206360057661559,0.00882275044837917,0.0226418368604656,0.0130311102685027,0.0176877726308679,0.0203874271630464,0.0155304449826203,0.0140543180247439,0.0239025453984605,0.0197744744978039,0.00873076351643138,0.0200210965805694,0.0236546639430557,0.00926403987389389,0.0187064775765314,0.0196161219282149,0.0187813100599382,0.0147982333520622,0.0207918909988582,0.0169930666191,0.0300831682893068,0.0192696796287291,0.0154098901336902,0.0139503665745491,0.024959157397343,0.0141183603714124,0.00947452451768203,0.015080846924047,0.0189925741658832,0.0159472729043618,0.0215381978819079,0.0161955273504396,0.0245351577379207,0.0123945323261638,0.027062822240925,0.0137174926522874,0.0226360115682688,0.0129479822508684,0.0155985365560379,0.0172585045437783,0.0243955112977499,0.0229785845263387,0.0245926756595679,0.0266638923316037,0.0183544550208707,0.0175663203476282,0.0288163408891258,0.0146395090732872,0.0191539367135943,0.021430719552308,0.0287631251011701,0.0153460718577625,0.0268570303825292,0.0233312273472179,0.0327711964328138,0.0086687928911342,0.0210168093283695,0.0190164851681969,0.0256255957969332,0.0140355414872352,0.0209962996514337,0.0151007251121146,0.0222989873055616,0.0146452897988654,0.0104324340141089,0.0181072029637379,0.0118444325858478,0.015106306104978,0.0181236170772372,0.0197219701155948,0.0199139808979641,0.0160399350392309,0.00830315326823196,0.0172120664511857,0.0191585444001864,0.0240749504501836,0.0132030151624187,0.0183552381706003,0.0122990990850273,0.0169082068467976,0.0194848002437923,0.0196425070385745,0.0149507183803295,0.0154143261230055,0.0176796438131651,0.0129392205355875,0.0323434561797833,0.0222670240180749,0.0258799732826488,0.0113670481839845,0.0302465606866291,0.0168851163416469,0.0114188905858643,0.0137039042470859,0.0191896189041413,0.0136893056668468,0.00934359977994865,0.0153419480816037,0.0173514659257361,0.0283403075517238,0.0210408637009363,0.0280228355275341,0.0227307121755232,0.026295060149925,0.013665198236286,0.0151672245469442,0.00862406507764047
1193.04091060743,0.0362845183975559,0.040832202213086,0.0488572059325089,0.0396700087150008,0.0206685148830906,0.0462918813889916,0.0511429902987202,0.0410540748420831,0.0529936465952078,0.0464875455075357,0.046984004725241,0.0411664149260575,0.0450019815943394,0.0513597597174373,0.0449344041296048,0.0465770483924276,0.0465948669565051,0.0548054710061073,0.031751694466801,0.0467511659489622,0.0380837284729184,0.0423315008945505,0.0590740540906105,0.0437531498779157,0.0411599251506066,0.0399804956962547,0.0440746927762312,0.054324725191707,0.0432980630595988,0.0600407818733514,0.0511617659944292,0.0557463729940993,0.0485883746215595,0.0507069215267151,0.0483717483914273,0.0501142605835229,0.0519077836398958,0.0456376353941543,0.0442371398912522,0.0605248776981807,0.0443287522903903,0.0395112992573623,0.0462474871540181,0.0358932275277281,0.0558468836325451,0.0468555482758322,0.0469653148649218,0.0466231101228978,0.0543447233862336,0.0434703184337328,0.0463095384779778,0.0593493065710891,0.0486573777472337,0.0466116527349655,0.0527153801372441,0.0567730342523879,0.046100946512306,0.0356745108160826,0.0553610043890195,0.0573058851468561,0.0481830974780659,0.0510466831681365,0.0563597672534446,0.0494211442020366,0.0564370432311243,0.0530452581465181,0.0524088802639331,0.0529180507347182,0.0402486163986161,0.0560881571302787,0.0488527617917874,0.0419097763951289,0.0419884321183751,0.0514562834004419,0.0494894272476801,0.0551271960725144,0.054175504185767,0.037664054946216,0.0475519328686137,0.0560951076527379,0.0507148067235747,0.0394728712679982,0.0525913196348726,0.0442307776632951,0.0358735938826829,0.046528782151673,0.0436001826279514,0.0460974398217512,0.0406420317731625,0.0376029364083623,0.0483696156388656,0.0477309880534409,0.0558948133788395,0.0536952746402994,0.0544018917280659,0.0377781216947612,0.0536983481858646,0.0382393322553859,0.0516694296116799,0.0392083451156207,0.0415066289349347,0.0429013732452578,0.0473424179262341,0.0565624418492664,0.0511242707390301,0.0485644468074255,0.0444133430604661,0.05076729580371,0.0405450034326881,0.045078537223024,0.0503853759636116,0.0418705308810669,0.0513798953846786,0.0459148774570326,0.0483487691384167
1196.00372834731,0.0298153128049425,0.0306573770814245,0.0453479711163558,0.0309040682904607,0.0404069050592257,0.0449510472904122,0.0377930279096074,0.0301566616142919,0.0542642391892538,0.0413216985522283,0.0493571385280752,0.0463928173109847,0.0430468135896404,0.0399769614533532,0.0485889633724654,0.0418771989972153,0.0361367565274657,0.0355789872291237,0.0434272954206735,0.0448003111344488,0.0388763231333023,0.0370164866802589,0.0443235545836936,0.0316949440029135,0.0403586963684548,0.0419550547701662,0.044392777393712,0.0429632325031292,0.0379410939463044,0.0520865886556843,0.0395382651295261,0.033782346950653,0.0522714343827075,0.0499556807855044,0.0430517651906047,0.0437463565441448,0.0623839370304371,0.0443251505823255,0.0480233648294968,0.0417884982939714,0.0469764835188367,0.0307703378261318,0.0334505695031897,0.0442182812300053,0.0363476782753697,0.0466757996027087,0.0411284577295779,0.0379479081990984,0.0565487289805585,0.0350534970222825,0.0409478267465898,0.0493798918038839,0.0443926293923831,0.0504220197750616,0.0355202707578182,0.0386418847232301,0.0453542297712211,0.0432405745528501,0.0459399979651768,0.0432481871161319,0.045096804992593,0.0496926244824842,0.0418629194557894,0.0423289836865501,0.041268752198518,0.0415859636263244,0.0472549299467972,0.0578422178094975,0.0453686174706442,0.0382632817705192,0.0434558128210497,0.0434587015461657,0.0470085888359178,0.0389381609453918,0.0486871041479146,0.0448639572229921,0.0545574604969432,0.0396969805657251,0.0367738335495414,0.0468671341272374,0.0184384156069692,0.0435059080976784,0.0432396494997153,0.0481300078088632,0.0453847254874035,0.0377556038366774,0.0427999961630129,0.0458777158520478,0.0571850837800013,0.0470661021061592,0.0391970536683576,0.0378158610403492,0.0575875971557572,0.0446678229001015,0.0421339109023013,0.0386447221401661,0.0437559451477371,0.0425403863467626,0.0508693511238095,0.0459705525988318,0.0379627344393208,0.0285413973470362,0.0459676949078922,0.0372939139020747,0.0439998296664492,0.0466022510878372,0.0494370005415225,0.0392846569961293,0.0496254524400563,0.0306694359200223,0.0440312535191602,0.0475403075014791,0.0458923199176947,0.0433256510399695,0.0378487053472432
1198.96445839494,0.0515523711352478,0.045637995905152,0.066630869832123,0.0475792166876099,0.0494741848360865,0.051808854372458,0.0474452099091023,0.0646485922016784,0.0625088963541197,0.0535122820298475,0.0624541491568335,0.0647183959967461,0.0525775483174655,0.0525666392590698,0.0673662317161331,0.0525117857719593,0.0594014995840282,0.055970543522861,0.0453793338626331,0.0566463015481856,0.0604094458250347,0.057298967835509,0.0609124675627387,0.0637616398149657,0.0497416526654668,0.0588575888835488,0.0625185748070879,0.0631505270901272,0.0652407076339955,0.064626650616229,0.064455447694298,0.0556997239731044,0.0491194092848063,0.065053549445412,0.0609826358007585,0.0653608057082657,0.0745489144332658,0.0576771631889467,0.0644276871606204,0.0531470451599661,0.053060042152038,0.0504977280735872,0.0486478270013807,0.0450877841034714,0.0525839184010647,0.0717777028629646,0.0431897489195361,0.0639164574452342,0.0652534935953285,0.0555567365926936,0.0592180499525495,0.0601699119275088,0.0594713986194085,0.0559588532733884,0.065889425901775,0.0651395274873154,0.0576142403767436,0.0513688320677037,0.0684815655878269,0.0603837308988018,0.0536435523980477,0.0673325914625379,0.0487983051477619,0.0583027764158949,0.0514033793933499,0.059899416119718,0.0520193141847517,0.0633379963546623,0.0552067279024952,0.0574992623779207,0.0636294304892727,0.0593026213187402,0.0485722570596796,0.052302603765087,0.0612910208526087,0.0624139839171041,0.0532188238565594,0.053671276694689,0.0588541498707938,0.0571307092793467,0.0580317506271997,0.0551909267904279,0.046614746679846,0.0514538224508801,0.0663488273071474,0.0562755641090062,0.0614984552903235,0.0544880437545822,0.062185041292419,0.0554009246674549,0.0559330510909622,0.0595839861570936,0.0598659880479032,0.0573187466461377,0.0670641450819522,0.0496587596639868,0.0572795210099262,0.056441895035563,0.062359134713367,0.0435137424052605,0.0529829458915192,0.0520178430125285,0.06527208482837,0.0611882614882881,0.056786089788558,0.0590679121327477,0.0614275082368907,0.0577657299643457,0.0656644644536517,0.0597517831260632,0.0580909893604723,0.058462890241359,0.0614301343769771,0.066035840879954,0.0538797235074893
1201.92310279306,0.038941720722259,0.0458623764741634,0.0499130173853591,0.0463068193526127,0.0320861652514659,0.0433787815547208,0.0467002242104731,0.0388125975581003,0.0460996391746698,0.0451037266770321,0.0562621537792519,0.0432225527496952,0.0460415772942828,0.0590307628719314,0.0497565015124246,0.0522025321475989,0.0506400356596867,0.0443528485298887,0.0343647551510059,0.0359500646234657,0.0421145071797311,0.0542206265366327,0.0711246593042473,0.0494519949320925,0.0546062153810449,0.0520000308269377,0.0582542263377804,0.0423924583037684,0.04469545466799,0.0516994440378372,0.0442810077353009,0.0401827015464983,0.0482530913402908,0.0535628331443861,0.0443348746702083,0.0522887595686716,0.0457585130260628,0.0569404119445675,0.0527470471281278,0.0413660978918784,0.0517171007048721,0.0554301599156222,0.0444301165919586,0.0475614472758091,0.0471541273910777,0.0522120215395385,0.0469478554740969,0.0529811777059704,0.052117823285095,0.0412508644500808,0.0532912734807604,0.0657773803159904,0.0423267592576582,0.0442920377634138,0.0510547577158419,0.0516560417602577,0.0523558941419247,0.0388970093407718,0.047451070293499,0.0388286767372168,0.0511498661848253,0.0309816091329412,0.0462169871821456,0.0437275697458751,0.0546447718350747,0.0462046208544948,0.0452237350711012,0.0490272913260348,0.0450221145567545,0.0455676013933547,0.0431372971954305,0.0379997348320986,0.0386018664335354,0.0462651700377342,0.0505961148836653,0.0574875439232323,0.0484335125285941,0.0511683440692105,0.0414050511964411,0.0416094104276275,0.0353862576459581,0.058647415307705,0.034961226069454,0.0629140540822858,0.0575548034366859,0.0423970409346516,0.0463759443809822,0.0331014324698376,0.0435161913227815,0.0552387768132275,0.0398635957547905,0.0574604236637409,0.0540329893053062,0.0365875203267695,0.0548072753417078,0.0522265411318335,0.04448683727819,0.0534166015233588,0.0510413149752743,0.0427921741972418,0.041331236845079,0.0514257817691239,0.0479612845668514,0.0442322892731125,0.049103753869803,0.0409642863237091,0.0368776471746734,0.055903458640891,0.0423099197725104,0.0442093900031896,0.052881658096811,0.0437387127849983,0.0436920486539826,0.0416127062596506,0.0501627927205175
1204.8796635817,0.0535121527159325,0.0548403802605845,0.0524794304252174,0.0380588968256582,0.0230614381177263,0.0453324646308525,0.0497940593930796,0.0428823770951513,0.0495304191801434,0.0562207922635495,0.0554348570807933,0.0468288190175673,0.0676382716236468,0.0543531161753594,0.0545483495246603,0.0628482826985002,0.054247286828307,0.0663845356321341,0.0449779430481395,0.0538755519650199,0.0582019962731964,0.0583806543300016,0.0500095123759332,0.0577734639764729,0.0560835120018947,0.0573073007614838,0.0735206717789257,0.0587173957127521,0.0528664520133085,0.0437616500570105,0.0515138613227197,0.0521672080304286,0.0582232323666371,0.0613165454207126,0.0600095802378411,0.0498534692908284,0.0613015888831731,0.0573374444844514,0.0571245189549538,0.0573658346786068,0.0578122542106591,0.0637839730516248,0.0533557737601566,0.0527052399957636,0.0552023124444265,0.0679210642522471,0.0563493132400206,0.056815573545078,0.0519781231074464,0.0617662192114195,0.0496753337749792,0.0546726107219574,0.0509718218125885,0.0544295348766124,0.0503176340151399,0.0630979334974321,0.0533211812688451,0.0498208096180029,0.0560592981934943,0.05539781023594,0.0504061455330692,0.0516009732870881,0.066258568586764,0.0556776626842277,0.0584672237187277,0.0555431063052999,0.0466945895583668,0.061327358770876,0.0560499011483703,0.0501108648351745,0.0546072615236381,0.0515689175979492,0.0499854264226787,0.0531721481994996,0.0486467750418467,0.0531589746745295,0.0603410225027823,0.0418507104086203,0.0540305089022354,0.0455799579738471,0.0597129574063165,0.0544636968026344,0.0493342928978095,0.0534719035356064,0.0625035572334388,0.0614968810495852,0.0553390174706634,0.0617254849361282,0.0392885364161454,0.0584832078472487,0.0531567738440504,0.0508966060705343,0.0470464684687088,0.0445639953973657,0.0488503343649536,0.0525461607016383,0.0608825367396231,0.0599920589303636,0.0490888576240859,0.0616784931300227,0.0528835338930193,0.0571447027551681,0.0501485709506497,0.0583553763394544,0.0545077171272095,0.0499803614481133,0.0500401523716097,0.0574384667371438,0.0543050071834395,0.0624316037475942,0.0550477506616423,0.0540900979592289,0.0644962490340426,0.0666335826831634,0.0588677330967491
1207.83414279818,0.0496300731358358,0.0463287607841526,0.0616614859880264,0.0512627141064801,0.0367918232290919,0.0456536189346697,0.0550842703419883,0.0560349535651829,0.0567192852125363,0.0489079110649816,0.0530050945917881,0.0509864782589218,0.0576701394320309,0.0669598968906238,0.0599062251101793,0.0587182302820132,0.0629179383624401,0.0428414800571433,0.0507328405112316,0.0629803743494013,0.0519229743731943,0.0564268930322446,0.0573329841483745,0.0536569080238876,0.0643525007724452,0.0725687907080316,0.0577834255068285,0.0612134616873448,0.0672359211490558,0.0507810144263615,0.0507610701623569,0.051872932956559,0.0476777649972587,0.0322968815532008,0.0530120538413538,0.0519000874044515,0.0661895160754045,0.0695804670042873,0.0666678460275793,0.0658495710289983,0.0501924067610305,0.0607586618133446,0.062858628277442,0.0418672356482437,0.0679426619066506,0.0530702653159885,0.0584275438610702,0.0549775856389396,0.0423976463164875,0.0616348397866281,0.0575904462579513,0.0551038545319372,0.0543492919497409,0.0594102081464761,0.051348252790379,0.061216967721495,0.0650325025495343,0.0657624861280722,0.0571200414958259,0.0586890075899791,0.063621413775646,0.0562057006007059,0.0660706177613602,0.051491727278829,0.0605711511633381,0.0547778622771469,0.0465188942295648,0.0475945517458315,0.0611929700011653,0.0623065316576399,0.0573679564550706,0.0462820582684068,0.0711834832140673,0.0465586684247591,0.0548605321988352,0.0671778015426049,0.0498136265176002,0.0547056543016959,0.0633208338791807,0.0403864413338879,0.0619771488140857,0.0644023055977429,0.0504137565231828,0.0434547819158492,0.0594448576407895,0.0567259282494471,0.0562812974648955,0.065059225814613,0.0587409784449171,0.0492631594227953,0.0497624131583139,0.0548979559592703,0.0528220136859154,0.0472747139590011,0.0503378599070827,0.0511812154038663,0.0606898605460958,0.0648801582201506,0.056501913815349,0.0580859938651224,0.055742682852685,0.0559912691847015,0.0552954899220968,0.059824696755092,0.059348736407516,0.0532336494479589,0.0521869178728285,0.0618056512254923,0.0599328311446942,0.0623498315428973,0.0594873026473276,0.0522043303994748,0.0677897861355363,0.0606176305433665,0.0562907210757231
1210.78654247712,0.0611363820883562,0.0635199278541529,0.0708495371683705,0.0470181510582658,0.0454226545948305,0.0694676736138448,0.0658561990940314,0.064388391678257,0.0665942440727764,0.0632898406957071,0.0612997913440897,0.0693350400810321,0.0700948174636021,0.0634088366421788,0.0703093965127567,0.0781352338857439,0.0738423480814884,0.0589170611212779,0.0575754835297467,0.0671262828637273,0.0647480719304395,0.065606223361789,0.0756877107344655,0.0789593610212594,0.0590557103971957,0.0745717228782489,0.0713396576833345,0.0653757730325604,0.063597241497531,0.0688813983553384,0.0648570447471605,0.0656253468004912,0.0656403005351398,0.0757107002195328,0.0613285757772348,0.071298279862037,0.070522422556574,0.0745006923034017,0.0613122189726801,0.0662388240483058,0.084313514413436,0.0691246098145259,0.0620861003384247,0.0544833632734625,0.0713177897152331,0.064677343849659,0.0717871147196828,0.0758593127539774,0.0700216969097582,0.0668206752715185,0.0649354268178718,0.0699537202720655,0.0700390027536541,0.0666915809226389,0.0588438925727418,0.0691941352613148,0.0677051334926785,0.071128824119425,0.0721318093530841,0.0654514753214576,0.0623084498832107,0.0554767011384972,0.0670795888512264,0.0513476451698493,0.0603817723059568,0.0703064318790929,0.0672766905183775,0.0791528648549922,0.0716438208356474,0.0698030136112141,0.0612968962910303,0.0632928617448615,0.0623845750767195,0.0758262509781353,0.0680722933889278,0.0569456894631988,0.0669121358856711,0.0613145762942385,0.0586963943451038,0.0655743681683558,0.0591547636063672,0.0625837985566985,0.0780983350188939,0.0636441229400685,0.0661225808166334,0.0673103486715629,0.0744294834794835,0.0619280914767741,0.0706928750682592,0.061588500559576,0.0682478035683958,0.0711318711726285,0.066721293484613,0.0622923838715494,0.0747192859975775,0.0577104974335645,0.0696584626284749,0.0590504429262056,0.0662611102182662,0.0827496524175898,0.0690472082622729,0.0823573205091862,0.0687181723621435,0.0699314503361799,0.0647644070564237,0.0714922807875295,0.0717429109563855,0.0707009061336264,0.0696228029682164,0.0611297366355627,0.0673342599628911,0.0759774333996355,0.069921632255175,0.0689792710899674,0.0661358744246267
1213.73686465044,0.0639325116655977,0.0654087239765806,0.0739847557011032,0.0632281578618442,0.0624172091851068,0.0741710538817133,0.0656840414225692,0.0711464011881157,0.0711143941350354,0.0657488110072509,0.0696001537637708,0.0865985555394182,0.081951825389689,0.0648802759684974,0.0717607719891708,0.0805868741030803,0.078591283653541,0.0679450720384109,0.0752356418741863,0.0685200552865671,0.0753965283501775,0.0686720646882095,0.0702588170314075,0.0805114136618567,0.0684677603870203,0.0848711050512058,0.0785855714097839,0.0728646556258992,0.0740386144778585,0.068713935001958,0.0721094013594914,0.0846495039127867,0.075628408967046,0.0789564085844444,0.082124506075561,0.0750350615894405,0.0602727104313672,0.0811189496057516,0.0725884458849766,0.0770501160682743,0.0772778790191217,0.0883127052528006,0.0647470473785122,0.0676383664792517,0.0705994270953504,0.0833447191433199,0.0755686624733095,0.0797121706278265,0.0787581694446087,0.0743734461445109,0.0930318180074796,0.072703732888842,0.0804614200985382,0.0797156653092036,0.0780889695536104,0.0881886259591895,0.0777323960109279,0.0653630651220939,0.075529132908248,0.0670220605482577,0.0825126456319566,0.0743358786616485,0.0722615145876898,0.0708112431035675,0.0820464624724783,0.064498634506878,0.0764750964980215,0.0722252321134296,0.0697304754067653,0.0743649943003765,0.0675562705613848,0.087168884760745,0.0564767051678607,0.0768708911781592,0.0772123850481242,0.0715693839796663,0.0667547255352748,0.0730451282099086,0.0718966773701796,0.0741479521699542,0.078407189393413,0.0807696389435634,0.0687817634452457,0.07106243096513,0.0739511978702754,0.0744900196974089,0.0690772393655512,0.077628705411072,0.072257266992192,0.0648506260327071,0.0688947025944522,0.075145475994416,0.0701905460812991,0.075559110988469,0.0785078721468252,0.0850934948909501,0.0746276292524264,0.07918989305132,0.0678373140326306,0.0653326997590713,0.0695992260868593,0.0869482486614416,0.0738781651104183,0.0760162393311815,0.073029773514851,0.0689893283376077,0.0779630772843351,0.0677321476787179,0.0787398458546551,0.0759369783621045,0.0763211628117775,0.0735213599991379,0.0743952571094185,0.0819459615329366,0.0776801152784456
1216.68511134738,0.0749389841122411,0.0886267073910088,0.0908966595799697,0.0624888087921096,0.08220465999048,0.084889186573928,0.0759216905891151,0.0875215740706039,0.0885062574873681,0.0871917572471353,0.0902331033169255,0.0809541952023519,0.088075175078322,0.101472524174382,0.102332993902916,0.0923517279462879,0.0861562435424095,0.0900030397038284,0.09182170427601,0.0930897269838005,0.0893251311539192,0.0850966787932596,0.0950097476839565,0.0990388250690212,0.0959817302445176,0.0962821319673684,0.0933034948401761,0.0958548714920023,0.096308396306349,0.0835040756817932,0.0845062768944909,0.0913953612104525,0.0970236060372261,0.0935253956947936,0.0972573648555775,0.0933259762210777,0.0977237162596071,0.0837974696328632,0.0924706908971263,0.0855535945198145,0.0873999970010893,0.0887217969885396,0.0896910890181175,0.0792007177810908,0.0874597629799721,0.0932016759293945,0.0990883871892455,0.0926568986527688,0.0851396803097685,0.103176055607049,0.0940507023851089,0.0881431882814334,0.0885466419591174,0.0990562502076523,0.099689381215767,0.0903835915622166,0.0945491507911404,0.0985868621566068,0.0922967372438231,0.0899683760879601,0.0852820370504034,0.0860815140169603,0.0869731248200067,0.0931639814697413,0.0778458616675452,0.100259039127081,0.0873317565361805,0.0913428910086111,0.0943317645401564,0.0889325354496217,0.0819564398108853,0.0927608896481698,0.0851939144276254,0.095565433195905,0.0985943839640604,0.0850166281935442,0.0959497390963101,0.0790983383526178,0.0856600821424085,0.0792891302282234,0.0863488812088601,0.0977857627360307,0.0987918739985094,0.0941680189260213,0.0852203684490519,0.0913404263297771,0.0912511444669046,0.0839233009017757,0.0980796171331361,0.090225255254825,0.101207321944544,0.0802769362689347,0.0788847841673165,0.103476094921084,0.0903135568103457,0.0967061264516151,0.102491430814051,0.0982068386131869,0.0869689230068893,0.0796313886093344,0.093355823086015,0.101863105893964,0.0914488724571169,0.0826826816832729,0.0909696760756516,0.0964911114104591,0.0818694366328078,0.0907712234848162,0.0872841102761356,0.097044570703315,0.087581956569656,0.0891452765596516,0.097559629090633,0.0839965180718261,0.0960030126752147
1219.63128459449,0.0787737910101396,0.0719394411029269,0.0874348147185492,0.0647490831759567,0.0583607466444631,0.0743121570512728,0.0752155609391681,0.0681303705753768,0.0849975818142077,0.0793608637564975,0.0851465640492722,0.0780441034607229,0.0907610825635237,0.0801043659735803,0.0886806847002358,0.0800344578814863,0.0875460371651519,0.0816805877944422,0.0749017902835976,0.0768432153156868,0.0759768395999089,0.0792740713447106,0.0820513598070164,0.0909879727785903,0.0765665000774288,0.081723214628864,0.0752955848941645,0.0828811684324524,0.0791784651038173,0.0850104702039069,0.075217597487763,0.0776729869388082,0.083082741032463,0.0775458193657978,0.0891516408647357,0.0942771350959703,0.0835591611147965,0.0814088211103862,0.0882818933105204,0.0790194105835311,0.0763755022798274,0.0936915187272648,0.0849395260142042,0.077979319115201,0.0885123012235794,0.0854312228382255,0.0792041591698732,0.0828946696829287,0.0856237212398972,0.0871390235416688,0.0864323560448467,0.0805297522332011,0.0901928948902297,0.073659155366481,0.0749126291044476,0.0908467263344357,0.0944137084764229,0.0800247476352765,0.0713035502231716,0.0886638463493696,0.081662897335234,0.0859667700500916,0.0778847975813391,0.0757445603901217,0.0937748288298628,0.0866010494793932,0.0767161950931167,0.083862211875136,0.0871298220821942,0.0888023178526908,0.0853238423436529,0.0766395670490334,0.0769908540788991,0.0819205645687378,0.0844434207021408,0.0907794766506987,0.0889006118936047,0.0806111097412654,0.0710315767030274,0.075839964164111,0.0925995939592207,0.086576402113756,0.0837057797845198,0.0806909434796815,0.0873379177088463,0.0757932393458977,0.0824716155228895,0.0849300624815793,0.0892630447656072,0.07025993474131,0.088051599349383,0.0726326459585883,0.0817877761663544,0.0851253084928565,0.0729437583909224,0.0886043966932374,0.0943122653740322,0.0765925473044511,0.0908983206355179,0.0962427258908414,0.0782624363598476,0.0823928717450744,0.0753586290753249,0.0928080933977331,0.090148034426974,0.0841943021663481,0.0753407684393239,0.0793366131587269,0.0726590232413082,0.0809667085930071,0.0716379476446544,0.0936986643046442,0.0839456968906899,0.0837540527545482,0.0861131366709801
1222.57538641562,0.0964593577025342,0.0935305227213355,0.110418705363961,0.094945113078505,0.0725926537817681,0.0992450585791075,0.100797947437003,0.106409943495061,0.109906933963224,0.0953942548812166,0.106863462872044,0.0975091025714292,0.109526227873758,0.102775278331272,0.104709409009134,0.102214192393475,0.0951239160960487,0.09724102572884,0.0963670812261494,0.104184208890354,0.109016446292475,0.107951677288119,0.103334851803061,0.104437838697664,0.118230666031159,0.111938633192994,0.118740159539257,0.108098147989472,0.100335809151073,0.0998135010311968,0.114458793206757,0.113683344445451,0.113611591475582,0.11532763441241,0.0997622961408249,0.0985918232462522,0.112606728902781,0.11398238763658,0.105311676948304,0.119361808427067,0.110522807902135,0.108914572009972,0.111610484903176,0.10554175147985,0.113001142386902,0.109409528372134,0.107246905963389,0.119134120938821,0.10619001097327,0.100613338269677,0.119158491910807,0.100594839275656,0.129349503517322,0.09932310220333,0.126471207841808,0.111599965924649,0.100502767790738,0.114375110905765,0.113650082645226,0.106425130711934,0.118165346980296,0.104253910043903,0.124154906795326,0.116559179851671,0.101661758998914,0.10327861997811,0.0974985427705706,0.102993176284688,0.10231931587129,0.121616884976739,0.109614798813904,0.110252171398321,0.109182957607779,0.10180490408735,0.120987732385305,0.100690994464562,0.114081245539265,0.0997502119216076,0.0970582770953381,0.107930899867524,0.107910790011441,0.114193335050961,0.114307289655481,0.103228700776953,0.110067658768452,0.102321178714725,0.104658508474968,0.100062709490201,0.106436990630762,0.10244931971802,0.0938980671872943,0.106676270032498,0.106730520915919,0.116570184196946,0.108794816872372,0.108681664165523,0.107883601984853,0.0984446519677658,0.102439100706907,0.10305968914981,0.106092234107564,0.0956014510185222,0.11066324415339,0.115024126290122,0.100138670036733,0.103056301190883,0.104785068619458,0.112563343508511,0.106131323638876,0.106092688604186,0.114658186741873,0.115749319099701,0.105371630140672,0.102488687562677,0.103884280735788
1225.51741883196,0.0869767605083105,0.0888850932106724,0.104766912847115,0.0827575512238571,0.0812615229089888,0.0925052864514394,0.0929880791835438,0.0902360622105071,0.103730720875396,0.101674174307581,0.0985735968667561,0.106069297241074,0.104763694290319,0.10371534843317,0.101708935158518,0.0997646455196102,0.0909073468703664,0.0921887227157465,0.0924347164165783,0.0945709217064887,0.0951355541151474,0.10603717982529,0.10779834697316,0.0997942388508594,0.0971322429068128,0.108999458164217,0.101894884180206,0.0979049087685071,0.0978562941914358,0.0919192626948765,0.10632625075419,0.108165554681779,0.11165487897968,0.101625195004354,0.105277288634705,0.105710638052727,0.0962112539817519,0.0992046974842051,0.106869994485997,0.11168458351653,0.109802787709752,0.103651305785292,0.118867668179142,0.102201570056966,0.111139349422668,0.112233870749153,0.0992150029381844,0.103139306697572,0.0990127033102638,0.0963922739856302,0.101757441588303,0.0947248812432703,0.108156464882255,0.108931869314898,0.0981859485577436,0.0993275649303377,0.0975538676873486,0.105850352930989,0.0996429617854399,0.10340119781426,0.101769601728774,0.113647856018933,0.110914940665326,0.107224851844161,0.10323160786615,0.0918806646750268,0.0962582287828255,0.113640083230332,0.0945419458835641,0.103266983788776,0.109509796126959,0.100431828806215,0.09637738888017,0.102876697138148,0.110929577353577,0.108834881184447,0.0932360816989602,0.0967295625875617,0.100818497329439,0.0993370342038452,0.0960676645209182,0.105350680448643,0.102704099798399,0.0915072106080805,0.100178570508308,0.0975888073479311,0.103918891704349,0.094024004649422,0.113801451519472,0.0955341666094993,0.0974486264599392,0.0879304548371879,0.0968918606803193,0.102919102333827,0.105743358345588,0.101720023371384,0.0997175447397571,0.0994202589175662,0.101702775977962,0.10700080977494,0.0962322523773305,0.0967798189255263,0.111125887002291,0.100994495603824,0.09989892274739,0.0988497690217278,0.10059072820991,0.101707458155366,0.0961554693602372,0.106049363522373,0.10212889013108,0.0993281294843091,0.108703925427689,0.0884628002659002,0.0979579880411035
1228.45738386203,0.103650939659268,0.122518305438426,0.117849724603284,0.101997046898539,0.102937246266192,0.119637132038518,0.113657142559529,0.110910134986546,0.112035014119395,0.128565311935935,0.114407722339144,0.109726153431059,0.12296888472446,0.108563896009957,0.116632113380244,0.114840927115873,0.118729278726741,0.103965397455334,0.115536627553372,0.124132165369066,0.114546908546753,0.115256664883234,0.112269258694311,0.116086014406191,0.119583337383669,0.117120913649808,0.12468062385312,0.113728040002536,0.125220129447565,0.121687159670212,0.126173070686031,0.111430347299432,0.128516364338334,0.1269726487429,0.110799379802543,0.120110073776672,0.114611548302414,0.121644684944814,0.119328076720741,0.123688330508922,0.122810861818302,0.121165285243331,0.127274279916719,0.10899343491098,0.111627868154674,0.129172976816433,0.119378394037855,0.102483172927326,0.117822401636938,0.138205249791789,0.132192460113969,0.118839703379535,0.127404020079968,0.12371043591618,0.126273536678944,0.124731184063829,0.125702147947496,0.116267123064523,0.123410235765907,0.128684226905896,0.109217252998685,0.125422880038214,0.111966684109384,0.117498955191881,0.125506403917531,0.114750085754385,0.121459538841901,0.113538837713048,0.124472146080151,0.139036549884233,0.123356381263383,0.127199424453695,0.11415862167779,0.127480098351088,0.123601133818577,0.116394582374673,0.119581620329766,0.111335545263418,0.132427101309954,0.132014752393384,0.121578245166432,0.110043212749225,0.112502730110935,0.109993058150065,0.130362817673079,0.117308571476577,0.11006610188335,0.118583603290931,0.118285639048106,0.131704734651009,0.118850410273055,0.121987825693148,0.125327899970554,0.116219666212983,0.119864709930498,0.120120422740645,0.103574692048155,0.118463982706065,0.116182612199614,0.119596868149495,0.114217027760599,0.116307425088103,0.126362500112858,0.12437486329493,0.114452815172865,0.121764121379535,0.113226421261239,0.114033734802181,0.125586241185505,0.123178452704705,0.109447977998203,0.114396818994753,0.124304818470981,0.122157513644762,0.102761600999422
1231.39528352165,0.126485238213614,0.158892369581694,0.160683566201746,0.133213616058407,0.119514461034786,0.144045260991691,0.147474380423844,0.154550193062134,0.158943071262483,0.158174406792769,0.16294109720591,0.163037193022655,0.161845866589267,0.165255131218754,0.171874622082426,0.160034900094963,0.155549533039765,0.148850096151252,0.13972732803281,0.149838832916832,0.158520003130397,0.164540223420801,0.182896209261682,0.159535248372589,0.161833528932039,0.161726785386384,0.155513387889844,0.166082092571368,0.149776478413376,0.164752098187595,0.164294830108855,0.171448382944594,0.166476340922923,0.159117387878929,0.169055659866604,0.162493384673028,0.164441063820411,0.166080083794141,0.163897563813097,0.175625430953812,0.168985254176013,0.161456630887589,0.151681551075738,0.14456952269128,0.160153793437448,0.171983159180615,0.16604588075087,0.160889409569979,0.162028788578891,0.17117441654921,0.16436339566668,0.166598009625299,0.157206869903473,0.167751971413807,0.152020091707223,0.168686761878969,0.163467027363838,0.168458652774977,0.172169212970866,0.167835513688076,0.159112408847324,0.166280952127344,0.158854513046918,0.156605713187056,0.169061202632682,0.150544446930715,0.161537282331972,0.161559989719664,0.17620511830568,0.171284313343746,0.172071426918229,0.159118369095103,0.158487918754559,0.161500573012901,0.167159236476368,0.165377041252607,0.164347499568374,0.156640903772251,0.163485882911204,0.160687666307029,0.152754571287373,0.15767965097262,0.175506458636292,0.159267141140209,0.171429239706702,0.155795672731852,0.177566643332927,0.159622681938621,0.173589881132859,0.152011018548471,0.160981665050028,0.147160279483596,0.163628104601811,0.161743771151012,0.156308764370121,0.155994701376265,0.169809725157183,0.164606540073466,0.169277116092254,0.166215373079636,0.168745906805487,0.165075057755107,0.18413440124635,0.159270846960821,0.164274554055466,0.16083861395385,0.164155886201662,0.159716769423992,0.165453612395915,0.162057539562284,0.163259880420523,0.172615757454776,0.173194336095406,0.163907335570306,0.156108730593516
1234.33111982401,0.0960021857898758,0.119824068700221,0.116495789762093,0.106586901291518,0.0989606546989195,0.110563583664594,0.118333224663195,0.106896538418181,0.127055853235068,0.110252532103366,0.119834354937836,0.121971099007346,0.123238232624915,0.126085388997222,0.110667738655802,0.117093958097948,0.130561491499317,0.111805259009204,0.112575285910824,0.119835374282646,0.10755468594993,0.107012849210976,0.123554945711608,0.11871243628783,0.124922450842405,0.120120490199001,0.118591478226619,0.116066108681449,0.117482535313395,0.121438542493715,0.117937820605715,0.125588108483036,0.121217667020741,0.113749843760448,0.120164584545,0.120392405814651,0.119450427754276,0.115242469637984,0.11158975098762,0.11242165674299,0.111687778890639,0.115228528476064,0.113264638251083,0.110340586722846,0.116142070452543,0.138973618280421,0.116315811719593,0.132423728006244,0.126533014288628,0.122129384215379,0.11759498361937,0.126160732080923,0.116698753537137,0.111986814375924,0.126693179730107,0.121085659147271,0.126621774376347,0.120414321375956,0.118092173883114,0.114585496242792,0.120064655788109,0.112207099502406,0.125996871045789,0.117315261286841,0.12695861397528,0.111647117755414,0.123969251941391,0.125811362881162,0.114843954516898,0.130017367963486,0.123182370540101,0.119026043345842,0.112815657660011,0.130248229177196,0.117505635467321,0.123845595555077,0.126837287986041,0.108740189747659,0.10601590974646,0.114862196565959,0.116035270782326,0.12592045523637,0.121713114768324,0.122012398393475,0.124929043835265,0.123228450299592,0.117795044000217,0.128309707247884,0.111107310961395,0.12357716524396,0.109292694813021,0.11231909995762,0.116124258051044,0.122341307750124,0.117802449695188,0.124262189279501,0.127331791418897,0.127787741517664,0.128200665473012,0.114830814744425,0.120631131676121,0.116980280927649,0.127325240344247,0.126272784879127,0.122538792612381,0.113964274041161,0.117056383113974,0.114402037418591,0.11725933515627,0.11454421470537,0.107667220309042,0.131146998432463,0.118159463684753,0.115410719209949,0.115211357921557
1237.26489477963,0.130644444409804,0.127235899655606,0.151632710220954,0.119367095175952,0.115090494448488,0.134440593853483,0.122051667474711,0.124923184216226,0.126267721334551,0.136080231957258,0.131936906294918,0.135469639911339,0.135151490091311,0.142102859495398,0.135691402116989,0.136571552725675,0.128059097151389,0.125775574500784,0.128133413743889,0.145556563851922,0.130806806260531,0.141846329692089,0.140814525443599,0.138419726767555,0.140043639194603,0.134342995758231,0.140825756145652,0.141318728145231,0.130794924704613,0.134061422112839,0.12753251894325,0.124781268962634,0.13183022267771,0.135158636861831,0.129677562053585,0.133133703439188,0.13675032425682,0.13319528276221,0.150441904221506,0.136599699994127,0.139582426446111,0.124225644742006,0.127976406040655,0.128877354403243,0.147111642542468,0.143591646281767,0.13762795478844,0.135764462496409,0.133557132029005,0.139181724980462,0.130188133100155,0.140497768593526,0.14534510712952,0.146864810908499,0.132492528169854,0.145932211719848,0.140093678650796,0.136978155353089,0.134327960731456,0.13700222477693,0.139743186845798,0.128159428422359,0.131238366372433,0.136259563887317,0.138907537649054,0.131168374703144,0.134321665547682,0.138185424666902,0.141261766571384,0.139929420965382,0.128335762914647,0.136098821164042,0.144465940167538,0.136642590276656,0.136609310463703,0.139119989043571,0.138244415898223,0.130757001029422,0.134305061890093,0.126929214176052,0.117235944328029,0.134164603304901,0.130955235937339,0.131227210677592,0.142542466279568,0.133874046757309,0.137150308778182,0.140537844697963,0.141019443195259,0.141630416265725,0.126686246141752,0.131948749586009,0.144583086381325,0.144450261678967,0.143389404091409,0.125216986185311,0.14322655368945,0.130485148569875,0.134513582046947,0.137826205089614,0.123559511045366,0.133663861680032,0.140222211402549,0.1427692517028,0.142801213616652,0.131708965644703,0.132034963459338,0.131272045842832,0.13570403057604,0.133411467700202,0.126345782941186,0.14623808275058,0.14078886009847,0.132455911571847,0.11890713420695
1240.19661039634,0.115046083007656,0.139029264086245,0.140508623001901,0.122181232911679,0.112195050680962,0.138662144324532,0.126325559752633,0.121066611096428,0.141568884654045,0.131008475834989,0.134399399383748,0.147884436649037,0.133296101319775,0.136947605525169,0.137207518406749,0.142917448406137,0.135117458519201,0.135412849459209,0.118294687521323,0.134324246306211,0.13005705851482,0.139412332197167,0.140094387986815,0.143993728721392,0.135945657178867,0.137519195872392,0.132058087677506,0.142783117793133,0.123285972337831,0.127310333645937,0.128572461656296,0.139192717597357,0.140170083201046,0.148087559839143,0.134095625335014,0.135810325609477,0.132735645147085,0.130295834480968,0.152611860684098,0.139376160091217,0.1434729889748,0.138353673747478,0.134127866294644,0.133565507714049,0.141773953020707,0.135873625534614,0.135832889638647,0.139680662996593,0.152988656687099,0.143260143956459,0.135297619757988,0.13235948020955,0.13180824065872,0.138727121423684,0.131841339689501,0.139492465551575,0.133222730308405,0.134614542727294,0.154057582708678,0.150763110443918,0.139081260430499,0.1417464620585,0.156128760892924,0.1384930493727,0.141090544241048,0.137217656622601,0.127608710041108,0.142076174536352,0.138822776295554,0.146320140421865,0.139307031090945,0.146891878988258,0.128811414972918,0.140104167471791,0.132416178869491,0.140202979689992,0.143329751767447,0.129478084121535,0.13197603674856,0.132126295749511,0.128629697395692,0.142416577529199,0.14367432905993,0.125349223346395,0.135551102160174,0.141684713605236,0.130139824230811,0.129830543384084,0.135138874902019,0.131916452342949,0.139482125230169,0.133246237012013,0.136521873981275,0.140208081418825,0.122636049086444,0.13125023101798,0.136812452543639,0.134883303642894,0.141419265875053,0.134885228336705,0.129975320485938,0.140610757690599,0.125365957311334,0.139708376205056,0.1312224656199,0.14080808087257,0.147601441316698,0.147584340645652,0.136774474093027,0.133404173925377,0.13766208267085,0.131603281730224,0.143573724995037,0.14261021294182,0.131640260922761
1243.12626867938,0.120990581961611,0.127320726863416,0.128841327537378,0.126499982655323,0.107915678852945,0.129236604699792,0.129512461650836,0.129498162965143,0.142403534945697,0.124859717024562,0.134725229912199,0.134664824323202,0.149817063569375,0.12901307836607,0.127533802671647,0.133941938784818,0.145555182001949,0.127694105719166,0.1230587142023,0.110411450711713,0.140773725502616,0.12697193689438,0.130098436585135,0.129778267107306,0.135248205621102,0.136281498684353,0.146843005031094,0.127100125137316,0.142806383873342,0.129426891652922,0.133045765915019,0.132552225210739,0.141107038209009,0.141785863190105,0.153829352524093,0.123386520542847,0.142195305924133,0.13980797683689,0.146190692636915,0.150261624576746,0.140510884456988,0.129719263031897,0.148283840851762,0.134530583401406,0.142301718289505,0.131102745661083,0.143629411600531,0.143036800433579,0.146448897160205,0.137905310165281,0.136957369796071,0.142100388502902,0.138789085907027,0.14321733420715,0.137069704925573,0.143492024224753,0.132012014192775,0.141168885029502,0.148229402646419,0.144317255679047,0.144240866650616,0.132793648371191,0.141746001651778,0.14015803066213,0.138682186517871,0.132603346861213,0.128062584147703,0.131257085858887,0.133446234244825,0.131544359274668,0.126464258706103,0.143403304289425,0.136243689214938,0.14533799818351,0.147457782781277,0.139519268792221,0.141518036907901,0.147531670789009,0.130211460430232,0.141915993268066,0.137767793142037,0.139501270058356,0.151196951879444,0.146194626290131,0.141732033557931,0.133585272656563,0.144350150044905,0.140897955342218,0.135040100234956,0.130145581818709,0.136743568478481,0.132328443667417,0.151661052029575,0.14710300511594,0.137366482949785,0.136164128734691,0.136127959454936,0.140982354447877,0.133123963267196,0.146365229826631,0.132339357983028,0.131515992683694,0.130009737400047,0.139532212247311,0.14069404981388,0.146453763118102,0.138231688336704,0.133946154652873,0.13205887155318,0.125393959495078,0.139915569919617,0.12747062352226,0.131769186986929,0.141274865127807,0.151717741070616
1246.05387163129,0.110535473411215,0.124914659774699,0.133155428396742,0.118359388109581,0.11803675881175,0.13675135769118,0.112996483584823,0.132598471678927,0.135204653236829,0.134443036984966,0.133450489924763,0.131273234540565,0.12903507180132,0.134463239208995,0.143063189062449,0.133186236569562,0.141951706825331,0.127580505221026,0.126209651442804,0.133948908658359,0.128034489936663,0.130117180823147,0.137518319605901,0.130842722595003,0.121552256432152,0.135604245125389,0.135220345924998,0.131900486942459,0.139816920786192,0.134873704740574,0.134673182567053,0.134110265069442,0.133501156052191,0.142848034433164,0.133884131681647,0.135030508103137,0.146612854633686,0.145945700733665,0.139204523860412,0.138588549374543,0.138128475154228,0.147278500131112,0.137315139098985,0.118982744749587,0.132294652480013,0.132806014597507,0.132265404928606,0.132772744319762,0.136374878027694,0.137869510917163,0.135167534694104,0.133401711125941,0.135230398011816,0.136242563771965,0.132912140866302,0.135329755315513,0.132504706829536,0.139934176848159,0.14066603809283,0.139034266615581,0.15173390969104,0.135123458360655,0.123205499796062,0.142407672606696,0.123058616125549,0.123503698564827,0.128523960490291,0.130635011062349,0.135735557525815,0.14324458600852,0.132803136778869,0.128491122793862,0.144837704008227,0.142934462901709,0.143281244761073,0.144760394730959,0.136837283360304,0.141721469290392,0.127897820510209,0.139677976519828,0.131069790472236,0.137770432280853,0.136176078921357,0.142655076510199,0.131894140729361,0.13800049603368,0.138501655948997,0.14256089316028,0.133216790239507,0.138585262788917,0.139193317215597,0.112523042685472,0.14651514075671,0.14170513319973,0.13379447738332,0.128689843199157,0.136023323924672,0.14031626847873,0.15876441490011,0.14113366683412,0.133551520364972,0.131027044675455,0.12934582069306,0.138212872770339,0.123443276207022,0.126724428776157,0.152073939901328,0.132186021474613,0.138939450252591,0.134557022952107,0.134240191322432,0.134423271725496,0.141576324885437,0.136498110971208,0.144148162617522
1248.97942125198,0.140594825988646,0.160241531545088,0.147392102038251,0.122695492756521,0.111918465880828,0.150828741761546,0.135911086206098,0.128765916236203,0.151600474181621,0.146202986496574,0.15201317094505,0.146984565446704,0.168532824020704,0.161658817148552,0.140684378729111,0.148315024838578,0.141727902000384,0.140498503737405,0.122342322468418,0.156390965987881,0.139857885866829,0.148291864363551,0.166415928070311,0.163590583493097,0.155365257897953,0.145988654790367,0.145427812291993,0.157737737957033,0.162731220848163,0.151957229745613,0.143730258273514,0.146207020544471,0.146994659299777,0.152971729500018,0.147397476990967,0.162349258984856,0.153282856873832,0.163367727754181,0.145412318938369,0.168007016733768,0.152333750229335,0.158583988999239,0.155485480683312,0.142878262081611,0.145725247370131,0.152739763982603,0.155299137737237,0.164536775769413,0.161145607934222,0.150824007023233,0.151825883642246,0.161606723986539,0.141055938188422,0.146485139085908,0.151074347922946,0.159628853595867,0.154485793208692,0.140934854339263,0.149960785253426,0.122785681152602,0.155165425908236,0.153483034472866,0.150502035178203,0.153313202740316,0.154587973849253,0.163275225862701,0.15047138889652,0.147568895267223,0.156294158115022,0.153188457799307,0.147284411923365,0.151311035128352,0.158055480747325,0.149948921982674,0.143191583950844,0.171900913736397,0.147125322215546,0.148423582426665,0.143967476900993,0.159799585604067,0.141355601350248,0.146634956919468,0.155279297086578,0.160612200828926,0.143814503852248,0.139012740967819,0.145847639493223,0.153056480728511,0.142372363605852,0.152701013190665,0.143953383828066,0.158859787532514,0.147175666732703,0.146858916665439,0.14281873208074,0.147705514829045,0.15995932527204,0.169007555510561,0.145220854094332,0.149746841683865,0.162029482007946,0.142583223461595,0.136368963306256,0.154164373754497,0.15226699272582,0.142193443200199,0.149101631724252,0.151913310639307,0.150463526974108,0.155743852912645,0.152382491253296,0.151295344606358,0.157230365770772,0.135753329111829,0.158032732071217
1251.90291953874,0.142461897735164,0.145276855209671,0.146214004370476,0.128536642792396,0.112308803554641,0.140335496300367,0.139123112760036,0.152705735009049,0.157818779072587,0.147668573891442,0.145393944079613,0.145791099194143,0.148341358788964,0.150961079835077,0.151751299525193,0.143743139034108,0.138140418589781,0.147998809840001,0.13415926599946,0.135260244360292,0.141321595625352,0.141995626654393,0.154124457474859,0.151661595567721,0.159780885691059,0.153617675617877,0.16138637227891,0.150933123609097,0.1411810139767,0.143022354133959,0.147087486309216,0.151292465906669,0.154795819087861,0.155181985271485,0.152981724081609,0.153864899886659,0.147616631532023,0.151481255863947,0.160227956381501,0.152879101748462,0.141963849201974,0.147696748967355,0.149673836792192,0.134273676206172,0.170293313985634,0.152108744469771,0.152407393870999,0.150314147600167,0.168802186654293,0.160246558648729,0.158119910907509,0.154077733846934,0.162711722012455,0.1498521744946,0.163960905803185,0.155539870954572,0.141992585838038,0.156979874362686,0.151710286941507,0.141775890430721,0.167907163797602,0.14930323796849,0.143287280965093,0.158462141850921,0.144155769484503,0.139588895920252,0.136078534963435,0.141868524646853,0.149174711375184,0.153141646552628,0.152477608294944,0.150132961492688,0.158010826550182,0.152266870914347,0.151267303977317,0.154676780849012,0.155695435033778,0.146608317960732,0.147238108441592,0.152992669446458,0.143161763649561,0.153743390734604,0.151839314769336,0.161154013984028,0.145440114286057,0.154813911251385,0.154921641756922,0.141793829062912,0.148071434476745,0.157188629374828,0.157931442314942,0.129622865238531,0.153062971488182,0.166079009642926,0.138118404845707,0.157713990946229,0.159298209904489,0.153682825661906,0.15157432081403,0.1468375280653,0.147599498881363,0.145549703492057,0.151669976656256,0.156888891865333,0.151525025030347,0.155363246650352,0.153679002900912,0.150734536614944,0.148090376817321,0.14661307434466,0.148990617371912,0.155932509548072,0.150704945830995,0.161460352485105,0.155558139260811
1254.8243684862,0.131006243599759,0.143988993240744,0.15385714131659,0.123913758126347,0.133599395787406,0.151152599253663,0.131393212347602,0.145152476006884,0.146354751587453,0.146973299400478,0.154324857295816,0.147879205038238,0.155711082698599,0.150304223346709,0.146030108369503,0.166005370226006,0.165468875301404,0.143027386307017,0.133012388011859,0.133997373251106,0.145521688951665,0.134595116477826,0.153446775874261,0.127296955870857,0.1500674918645,0.149095766174455,0.14347249969929,0.149670759082293,0.15172729705807,0.150154523621533,0.151595282866331,0.163406906337624,0.154054586739703,0.150610623320854,0.146101375850023,0.147066999491284,0.155425333892682,0.152570766372236,0.159573679405322,0.159169415653814,0.141893140232213,0.161295823134355,0.157008056618098,0.141131517750322,0.159726370090457,0.150898617578802,0.157416495284193,0.155974211401308,0.154621234938003,0.162596810515581,0.146558484155449,0.142521882183781,0.15038889542371,0.153801184400194,0.154544931209793,0.154357036508269,0.141943563045779,0.154098186426572,0.148238836045359,0.151533462328284,0.146937611867708,0.162933635374642,0.152151177242038,0.157854646743753,0.157304527620889,0.160842503899188,0.139316920162746,0.155988648697175,0.146776227953497,0.160749614393095,0.155936143728659,0.166682099087996,0.144703891541023,0.140478691755468,0.157603990293212,0.162310573182748,0.15909531799551,0.150485181780666,0.150516947720247,0.153071440307152,0.162517880158341,0.159095884107633,0.154768235102417,0.154153893496291,0.167107132157669,0.151863104886312,0.143363937597253,0.15524794457192,0.149159310711966,0.148080466768563,0.144863134464012,0.144298410725282,0.150841615861556,0.161877494611434,0.152880971559178,0.162096117671059,0.145484336728424,0.154734290045351,0.151501798608343,0.152584463100783,0.137237623219658,0.162281178081465,0.168751706848265,0.157895242930294,0.149085005694554,0.155850016335145,0.157684843929539,0.174434953590314,0.141669991011497,0.146645441173707,0.15240971001028,0.14716889421278,0.152362276255347,0.171079412452991,0.14462585019923
1257.74377008637,0.13955596905775,0.153644413630695,0.158754545944184,0.131768000541851,0.134937145826371,0.144499986193217,0.150501124285834,0.135472123959942,0.150444824996222,0.159299562252751,0.155224430721168,0.154340173515473,0.165959510100222,0.1669342354978,0.162713165369998,0.143931262064561,0.146163164875771,0.146746967047788,0.140523155392326,0.147085938767058,0.142636372241636,0.138886425478507,0.162642288297925,0.154413313864296,0.155630627003722,0.160610151361356,0.160597107099124,0.168892341326797,0.171289373057876,0.150649981247431,0.153257822493232,0.162075295635264,0.155031825923415,0.152837874890126,0.153403522920987,0.149789313180301,0.164364715629862,0.15987091880987,0.158928298688606,0.153895882725004,0.150406648724235,0.163518305779142,0.146643739310436,0.14213530608842,0.157368560656304,0.164980374631383,0.161306271315662,0.169024677237077,0.164657509710163,0.162005511991414,0.167852009960195,0.154034387594727,0.162100447687069,0.165789679156683,0.166274895505401,0.166511857314194,0.152077745594901,0.154009225261275,0.161044901896725,0.15898918578448,0.153882547660667,0.149871365061644,0.153882104479251,0.152643881757824,0.152064291276959,0.150090723576034,0.156882314183344,0.144078450844995,0.16323654038748,0.159543554009561,0.161146288118583,0.151803072246573,0.151599599109731,0.156340388023872,0.16744538838435,0.159895412132312,0.146967759789069,0.150391966152646,0.158258777691822,0.157170448402378,0.140574906357112,0.165045271449872,0.166957397322003,0.154131437761304,0.167032144850705,0.162564531003966,0.147867797912914,0.162827936841516,0.150255511267133,0.161086814512853,0.15310129146962,0.147867448282376,0.166603115991452,0.150655553337335,0.146480711355151,0.158598248638802,0.150561640809543,0.15635856766306,0.147343275850359,0.154304108298513,0.159361533919287,0.165264514952757,0.149811849562749,0.149127508037053,0.173952003825941,0.159229867264201,0.156478530634557,0.154619691037982,0.142211165707812,0.151835819838637,0.14279841901298,0.161151424191445,0.159866964569069,0.166335257552518,0.148375590030943
1260.66112632864,0.154780034144415,0.161121582444789,0.175227544341066,0.150104620506399,0.146962109847805,0.165712423380747,0.155382231729607,0.159437753719213,0.159903831011156,0.166754137904312,0.158275784065929,0.163537426652515,0.164162412991326,0.180785843334346,0.172126518779115,0.153071307868992,0.169574822447846,0.156444548798892,0.137232543482078,0.164044609469347,0.157766302432212,0.166552941425031,0.173587651365761,0.164569253572986,0.178166896640901,0.177659905255019,0.169691123391864,0.166540336543205,0.16777940841249,0.173304065840296,0.162921498725055,0.172453045740008,0.162858041160467,0.180536491820098,0.17205352644039,0.168186959089198,0.178362682794935,0.173381860879994,0.166891218777284,0.172934058118542,0.178938680730093,0.177134530972127,0.174558171052822,0.172990497303939,0.187234943669743,0.163788105744717,0.162385556761872,0.179244610039503,0.168798545954141,0.17440510919923,0.173595394873673,0.167861726495285,0.170305078592243,0.185817798412889,0.172729675952826,0.170562252278404,0.171264708960977,0.152814803170083,0.168630310358539,0.171651395316468,0.171882274187467,0.165300322314531,0.167525778522473,0.160125154666436,0.163506121880129,0.159566758316697,0.171702279179546,0.17180117835902,0.173225782160447,0.168933454313233,0.182633692190947,0.160367308932945,0.16485060234943,0.159860589780303,0.176130679905728,0.1805635458669,0.168798073502543,0.166221912785362,0.154315691263016,0.1744597502134,0.159382347027138,0.164533650023108,0.170481542010096,0.17734857380024,0.172689419051533,0.169863567893219,0.16671337422181,0.17806460809279,0.170415078515628,0.165599123389377,0.1613478560982,0.159781331396745,0.166718754158787,0.164629647733711,0.166982169731354,0.166941241123001,0.158508371919539,0.164199923859809,0.167761902538332,0.149113955455978,0.164675665039322,0.159085413364918,0.180496753579969,0.17029072939136,0.174372284368133,0.182232678995638,0.157021381273251,0.170988872099351,0.163619703426374,0.161039987972272,0.167209572191296,0.17514275440446,0.183145210732477,0.165048805469353,0.157777425467211
1263.57643919976,0.145401595954733,0.152205498569928,0.148745639467351,0.125561038795339,0.109787377288959,0.148153657418928,0.147679286749548,0.154580389027282,0.147392394470781,0.137346004382732,0.148472577071484,0.152011458412862,0.153190016692122,0.155072622541915,0.133398456709924,0.154555556983517,0.145790667485883,0.133050907940634,0.138816152808733,0.150119200818243,0.147804231009786,0.143044587427827,0.150307554953918,0.151542979539425,0.165651527920796,0.153819429921731,0.158695332199025,0.159216614244765,0.160337760854241,0.144467704365408,0.136059810537542,0.149494869241372,0.150741514954033,0.160147858385599,0.168034179503418,0.151901161130231,0.157580683528795,0.168296951758114,0.152505286559684,0.152055555044879,0.147450245612511,0.152050245556869,0.157928192522797,0.15375995635946,0.166152097767597,0.148497579767865,0.142613868849956,0.149156873085673,0.159368739023357,0.154949297865217,0.162060039630973,0.158638468929062,0.159767251577045,0.145048509674848,0.155708110135616,0.157815580301588,0.141845950820888,0.148287446540599,0.15298311171834,0.150824222848656,0.154427044857517,0.147509816434056,0.16272850728814,0.149743848044002,0.146210472415527,0.1533254294978,0.142472363486235,0.137265970695156,0.149057821232928,0.150687963976129,0.16229647972712,0.158080405244917,0.144645519117018,0.155156225280664,0.160937794073923,0.151542856552713,0.149207846397535,0.143979646748677,0.148153936306416,0.147054428278174,0.147076429471209,0.150503114577914,0.142789498322995,0.15527366121215,0.149736457247157,0.153863139997609,0.149447778082903,0.155659863033194,0.147276690482254,0.157649749785178,0.135065353588511,0.153920040214855,0.161625227260158,0.1610401008897,0.156021585480302,0.151627964969135,0.151013941632175,0.153988802392332,0.149582243365315,0.147968241261133,0.1543400712629,0.14890275700692,0.153305835221565,0.157511965710246,0.15717068344823,0.155632125077526,0.144231021262575,0.147234153430938,0.150852542036538,0.142788049072206,0.141175250283148,0.155911336586079,0.156218107444332,0.16204643381371,0.146870027891632
1266.4897106839,0.120650070020481,0.130176727067286,0.127229834959095,0.11050267552974,0.119046752284478,0.132242636226248,0.131225142584248,0.127307259441431,0.123632034887046,0.121502062008257,0.118847644297584,0.131765017164662,0.137060571823481,0.127696022687048,0.122673974505341,0.124295641102629,0.132130598559008,0.110751882625558,0.110680030767444,0.120204561201757,0.12584621380812,0.137904634499503,0.126456608970304,0.132869236782043,0.132787348782119,0.134961928350181,0.139095003944594,0.140834024870875,0.140520370149179,0.126715189780106,0.126904100285928,0.129471278488913,0.138063742074442,0.147689941375719,0.138510843582766,0.119396981484266,0.133440927788559,0.146307709377332,0.133542434459219,0.143916351863136,0.139982594929781,0.127544147432887,0.133310433613681,0.137202411974467,0.136292672048493,0.125574836241159,0.134689981431935,0.136681053978728,0.131054242391527,0.14553425967616,0.140737370760304,0.135588604738656,0.12755715837898,0.142722239243264,0.133411657718883,0.131749097708271,0.131090040215563,0.12427705413768,0.141993156870131,0.125962987462745,0.130004311039322,0.129135537816197,0.137109748177319,0.132453706746496,0.124899600312469,0.126312063967602,0.139685900701981,0.128212449632938,0.129611416054798,0.125981590939719,0.134995996163284,0.106075317646552,0.142335608192494,0.12987711811768,0.130606185265599,0.124898197865596,0.138257792189964,0.129703607016745,0.131978043061054,0.128827851668345,0.143267333631442,0.128247343895721,0.139392350492785,0.134949846168946,0.126792266807658,0.136166090299768,0.143657540218697,0.126793155625034,0.129343855195557,0.149709043552939,0.12778725519224,0.140287190646741,0.132768815545574,0.125829029389579,0.137059100986621,0.125617880514976,0.129795121397469,0.135884756901698,0.144865809445674,0.138759958193866,0.139953879684471,0.131850721562681,0.133802868304991,0.141289320671545,0.134290541519363,0.137117078180624,0.136090614531801,0.129140767483421,0.128824119471616,0.118250890607439,0.134424263782078,0.126194783155694,0.132219374541719,0.146405882304355,0.152902618627718
1269.40094276256,0.140515933966569,0.142601530399266,0.127755561533863,0.11889383046714,0.115317487877042,0.137642735428633,0.11751808065797,0.128875250337441,0.13686914168385,0.137658077245161,0.136930358380288,0.132259225240134,0.143900964734767,0.156065599736339,0.129315356089171,0.129630082026013,0.138148072872383,0.124818643457878,0.119309886561887,0.132776432941547,0.131180166803014,0.138337302295107,0.144973463408839,0.143051770851313,0.135557881138169,0.142089701294773,0.13845460151822,0.141829210651973,0.134222967489209,0.141643099375157,0.141733944158369,0.142217756884327,0.147056425307038,0.152216285077052,0.147549712494475,0.131664852069773,0.145782308656139,0.144624491923713,0.141533426373924,0.146780700916302,0.122805090483701,0.140617975465319,0.154968614156671,0.147299199318175,0.140415105408019,0.143808192554219,0.143687970190792,0.125917848208644,0.14585181915954,0.12904767831117,0.137863936390999,0.154631893170664,0.152197402824437,0.137536818448182,0.142243138583526,0.135247441416168,0.145780509717179,0.139258798217462,0.127526094636316,0.143272080977113,0.139891788488086,0.129165613766858,0.138878733849206,0.148610262429278,0.141543786818475,0.131883174322311,0.12864716117049,0.140678349866427,0.137860469180008,0.138927785758665,0.160577521069985,0.134671579949202,0.133687908385432,0.152832365303019,0.143398169953428,0.141453241741238,0.143428383594318,0.140445181781573,0.144209407804196,0.14614370423558,0.136638054428728,0.137762154323325,0.135425970960342,0.133800631185216,0.147357712081311,0.150882112923999,0.137302878430257,0.15911792078932,0.132207106850071,0.134975216449781,0.140089353092686,0.137778385674359,0.148567050497726,0.142173261666985,0.147859753346554,0.125535332399155,0.145778805221997,0.128513530932324,0.138403814872824,0.140514781832393,0.140075625060265,0.131430395950661,0.153293191239547,0.136008776774674,0.138718008902231,0.140533004067564,0.147102749609751,0.130274836555821,0.136354555515011,0.132631123356787,0.137319468533573,0.145460546107021,0.140927353988526,0.141121844313012,0.142576928957299
1272.31013741468,0.131677827935787,0.137540055019767,0.116723244643289,0.10634872409144,0.102777898147847,0.12612008233594,0.116413811388374,0.119240182453528,0.11741484826066,0.114240679478619,0.11750541331558,0.132762431356725,0.135826362252098,0.130936440171098,0.134846414533034,0.125666784379357,0.121696351595227,0.124244048398198,0.112814699516434,0.129911030778273,0.137614391192646,0.132659491606579,0.139709795242299,0.139102645132924,0.133813583917303,0.127671737662401,0.136101052377699,0.135086176756075,0.131875603587691,0.130553660639846,0.13259768421962,0.139763961024224,0.139527044686721,0.138079311720827,0.125982276765158,0.14002459584551,0.145227389736605,0.133366525320842,0.143801241814179,0.135188782700577,0.137080905809737,0.125238294490376,0.13151161546967,0.146213466627365,0.139275655892882,0.130309465642871,0.133526716499626,0.11970659650514,0.143536356857829,0.130863380036497,0.125779743341908,0.137942228702519,0.134070101783055,0.149569918963793,0.133470112368503,0.137016682427426,0.135607480559794,0.123619696820097,0.139795944913925,0.138065731016564,0.127114967697416,0.13157910705049,0.153156280023338,0.134221576527525,0.131175735020311,0.135778505364579,0.132486881487887,0.119755856491718,0.13257021129151,0.130120794560323,0.119350952067498,0.118694129512001,0.114086731443438,0.135805523349289,0.132312418764705,0.141452004919264,0.133647679299683,0.122777343955843,0.128608379567329,0.133093343933975,0.136808323219134,0.133170318456392,0.142455291146671,0.12917581634304,0.143319991625513,0.130929255633821,0.126370626965171,0.15086026614494,0.125263263786108,0.138388839670024,0.120740950321728,0.116939087286784,0.126107487523365,0.134511036054636,0.135781721564353,0.124334910953491,0.132588704949789,0.128488805159274,0.132536247688798,0.132477734823447,0.122228274030237,0.120701826005802,0.134400018596459,0.130737248507988,0.136329784357695,0.131843681134502,0.130859792199791,0.12576557467733,0.129409412326513,0.13729333682431,0.139089908911806,0.129754946652183,0.131544128329342,0.126074239298613,0.140161442859442
1275.21729661658,0.141820514581389,0.113898973884789,0.117267270970093,0.0808469512659415,0.0990693354429434,0.109691233506869,0.102178545796837,0.0946647169551202,0.10976305707751,0.132583561060718,0.111487847903962,0.116361992544109,0.119151077046415,0.112504936876447,0.117991521162264,0.116238166583175,0.128856193764959,0.113911926903574,0.118761813046259,0.120435007125563,0.112954888056453,0.11419520468875,0.128073250642014,0.11819383882135,0.132078515158401,0.117131828992379,0.133183024854657,0.12226524467374,0.121093584606536,0.119473458826635,0.118333685308956,0.127960112004698,0.130866822037312,0.123385944396241,0.115763449233679,0.105867825813142,0.135704082596114,0.120427035868617,0.115121543993756,0.129971635657298,0.12163736895339,0.120114594901538,0.113775971073263,0.135544096862856,0.124674256009491,0.113293641105876,0.121683221389843,0.109529871542761,0.11761312683604,0.118526817848107,0.121196284499515,0.118379727471781,0.125328372407655,0.12489919268864,0.1264683414833,0.113296643369819,0.122617060051099,0.114115625879384,0.120118225537606,0.120740038236572,0.126556445957744,0.119761701971843,0.128757600086286,0.112348006630251,0.113343320173894,0.122272117013714,0.120364412568852,0.108465785452577,0.128467550326236,0.127793275486519,0.112414028404649,0.133019611714462,0.115266084878164,0.112907150275738,0.106671021960667,0.11542832107958,0.119273187419222,0.12387531016123,0.125266843224735,0.125210351193209,0.120578110398966,0.120353698709891,0.122316667424792,0.116429321737584,0.120975404560998,0.119513083578909,0.128634169703854,0.12437533190256,0.111399579344016,0.116871139187871,0.110036117864384,0.118894876956922,0.112354751549245,0.12158654398261,0.121424179473782,0.122580212697709,0.114830019164668,0.117749538997595,0.116733986797383,0.111766300690841,0.117729259125238,0.118580555593059,0.117879287038242,0.134681818697165,0.119732598170174,0.115087469455952,0.121587635300182,0.121265613627679,0.124212110239853,0.129376765424123,0.10969002181164,0.124553123031494,0.118083107581509,0.120808585602623,0.118001685893852
1278.12242234198,0.133514287646368,0.13509993181052,0.122778004205832,0.0867746912261239,0.0846937515591787,0.0998265579997632,0.108211815858561,0.113346838737871,0.120882822672623,0.112979990730395,0.127452953003641,0.13106854746381,0.124298064322504,0.118607182784036,0.132500168327498,0.118863314386151,0.12310044253595,0.112814506909882,0.113908455331837,0.118139924173583,0.112313818289344,0.117994352695171,0.12108872924087,0.116526000596342,0.128656356813837,0.111575503074044,0.123958108564284,0.113327602313768,0.123269073193985,0.123354010094833,0.122347166916661,0.130206616950177,0.121645944706454,0.117755563578469,0.121429038530604,0.117602630769014,0.119456966486426,0.112571674694882,0.126008403197167,0.126500326844221,0.127356699402532,0.132078088859237,0.120040100086007,0.125949532353198,0.125311828350071,0.113922009953013,0.127325804063763,0.134568668548139,0.11767958243913,0.118001906847431,0.116046166443621,0.117274714396425,0.125386381592122,0.116299994153739,0.111256599830275,0.120300938443479,0.116419176415468,0.10462077645185,0.127177718669532,0.110354399650137,0.113798657002408,0.121602132626575,0.122819537003822,0.122768599958065,0.123692562961765,0.114953288088247,0.112656849695396,0.120959832970421,0.124374496344961,0.113123702419634,0.12698445454419,0.109630593059425,0.125109555313514,0.12530516459171,0.131727781792525,0.11722203946803,0.123896837367238,0.118730763127112,0.123605182603101,0.121348637568295,0.125294194802329,0.125191997276855,0.118956430795814,0.121115545207699,0.127259076359253,0.120044704713277,0.117720461141729,0.117313789781006,0.121219542992545,0.118035810006751,0.102794363338361,0.105299212075482,0.103250341106272,0.111600455656285,0.117375574272975,0.116327240021358,0.129124387538561,0.115485894975956,0.126679716658392,0.124503145050741,0.117299533385529,0.115895631811274,0.117907086422101,0.113316624700746,0.131012190375309,0.114493809877501,0.124507313484694,0.118470846058454,0.124239216013585,0.107737180696587,0.129052875220749,0.110032789007514,0.12798708603714,0.119576395457253,0.118426309848527
1281.02551656198,0.135985346037835,0.121319478042607,0.122239286004256,0.10368458929399,0.084256188426357,0.120559049937324,0.106589700779902,0.105876443622547,0.118610123264352,0.118870285101362,0.120917328607894,0.116869122815282,0.119696644222989,0.118030434857292,0.112865494680821,0.12314051532372,0.124097803705594,0.114983001939215,0.113930239610075,0.121370960964639,0.128052040431694,0.122359614588358,0.115274886336579,0.127311686033014,0.111671990160362,0.125372801761968,0.125079899721837,0.116020878596638,0.130520955022892,0.103986424122208,0.127512632207431,0.128953450501792,0.13352607880454,0.11439827120338,0.128805279371267,0.108643414959391,0.11163613640894,0.135171213772651,0.115120592365113,0.122460465036474,0.125653615508067,0.123558085231778,0.119459583772832,0.132884461029892,0.120687975440152,0.124553202649918,0.126212503948389,0.120436314387598,0.124841676296554,0.131059055598565,0.12070210049546,0.132321376492805,0.125454450335507,0.126067053001636,0.13304481699609,0.122678982838016,0.125493197622806,0.121866747198644,0.123788267978465,0.125968221788762,0.111515347329048,0.118112585758597,0.134747082994936,0.117633543720809,0.119678549073317,0.101465951403754,0.11982818196671,0.123840506823248,0.120291199947939,0.117873804924995,0.123552953057243,0.122260569214837,0.131500727584885,0.123010293148653,0.139898715764933,0.126717384807363,0.130256499148804,0.130078829403442,0.115271096696846,0.110619068213523,0.12322967797197,0.120629467410832,0.121388183963283,0.130457509276823,0.119815196433707,0.122291400522248,0.124589483057529,0.126734353233901,0.128161913341025,0.130546438482884,0.115709050068722,0.117277698520444,0.117348295983828,0.116853705610116,0.131074593949559,0.123043067334016,0.125689617254175,0.120004785655212,0.12727601470287,0.126295490739144,0.124418942860383,0.122964693605001,0.114400997103859,0.127637767167293,0.124670768012636,0.125447749980928,0.126856833562893,0.125294899602072,0.128332074772543,0.121582478511703,0.1370871908294,0.110680636414057,0.12680694141394,0.117204042990196,0.122246539701034
1283.92658124513,0.110778500749235,0.115203248048669,0.113448001768847,0.0752215214336242,0.0777943283256716,0.11235297869226,0.0989549445663945,0.0946785302116129,0.101336895979341,0.0982011106516749,0.0988484177436786,0.104861565908933,0.113957195979363,0.101856868554277,0.114516662999136,0.0984117893874924,0.116675547383359,0.105766529657647,0.0972059876283331,0.11082028306387,0.10287502367923,0.100030211793382,0.117594875898643,0.116047435733391,0.1065725619695,0.108229252007986,0.121043626075607,0.110423146396284,0.10344304703326,0.111208738064654,0.105287479893252,0.1101606208378,0.118624017800887,0.113880051063477,0.111812323326149,0.110324788519412,0.0965306825025285,0.102529497194259,0.115708735137848,0.10280766400911,0.107380926783349,0.0985395093731642,0.105180220830307,0.108919538991081,0.106117006894887,0.105804144531171,0.098611513183996,0.110856502673672,0.104263363264874,0.0927890006733244,0.101165288347329,0.108176720080831,0.100921199866818,0.103719862683907,0.110220697119793,0.105363399552134,0.109704291382897,0.0917852854675401,0.109950019926096,0.100007944263984,0.103428186133745,0.102766099050368,0.1204975216105,0.100402022195777,0.104751028592509,0.10483775202745,0.109385565580989,0.101824290043902,0.120341304911084,0.0973422449379701,0.106767836229277,0.103463672337797,0.102128916401233,0.107198907611371,0.10846173564311,0.110190742679025,0.119363817173988,0.100513847885838,0.110844500450877,0.0930217863415721,0.11551642281791,0.11842969176216,0.101856577327808,0.106123989898834,0.107229577449353,0.117725929755621,0.106814938093634,0.109103751915787,0.11201709028811,0.0994208491427296,0.0992763259088318,0.104257291578883,0.100726537890425,0.112159132225533,0.101296467231512,0.103849841674774,0.108531327980647,0.0996992709957624,0.100974241815244,0.0992710064319104,0.100230985866006,0.10596944565854,0.100273201379511,0.101112730819215,0.110945512280204,0.100067744370904,0.106012541940413,0.102170513231252,0.109258912970389,0.10968920909202,0.104314309499356,0.109006426096873,0.105200647034569,0.114266541137962,0.0955997135560829
1286.82561835737,0.0942982821337391,0.0828536895306834,0.0804306402548875,0.0836743271014544,0.059737367099141,0.0746622786835495,0.0721669422521655,0.0696086578891665,0.0754961142885874,0.0688659853233079,0.0751809656969277,0.0884991331137944,0.086415317017415,0.0890373114084742,0.0848242426895591,0.0906644899713419,0.0783554690275974,0.0672583928566278,0.0810329085083673,0.0721449467509726,0.0858926321018895,0.081048943527674,0.0880115957495463,0.0742488820300835,0.0822563246360836,0.0800417640649151,0.0785425413375429,0.0826997725028819,0.0752494022992187,0.0868768922181125,0.0767934886964202,0.0755832927474196,0.0837803787317117,0.0703682120800056,0.0766868238207303,0.0818001699154696,0.0926573639757847,0.0834292304652459,0.0859232436126074,0.081429335303875,0.0822578239623381,0.0684076029986048,0.0897684622737112,0.0838981633360675,0.0845277204744153,0.0805995422586509,0.0800404761149004,0.0933369349972231,0.0825147798504818,0.0934749969950677,0.0902823218287026,0.0880777178254933,0.0752263190137828,0.0790880397835259,0.0762513485990445,0.0897965877334609,0.0854457541630402,0.0945708962666648,0.0757854941422619,0.0798330649330367,0.0907000703259557,0.0791230642318902,0.0895937814853268,0.0837573115106297,0.0869592168810882,0.0806987782088937,0.085734965016779,0.0871768403134165,0.0868244451668934,0.080349864993561,0.0830204736831582,0.0715304788160097,0.086614478069385,0.0872809283030987,0.086939831849113,0.0853916112372531,0.0883418814324642,0.0755059123525202,0.0858250169501911,0.0828849519589784,0.0851788143493531,0.0833025025992248,0.0944778884353773,0.0748309275394494,0.0854957166574569,0.0847457132724607,0.092490155762295,0.0920717423438895,0.0785594238590886,0.0813419878379867,0.0730676744943352,0.0795761093911953,0.0678804186555015,0.0887306109497122,0.0886940599201207,0.0812856757658603,0.0839439778004464,0.0867409972729459,0.0735127602802949,0.0878227627009101,0.0818526002324947,0.0803862582306871,0.0778865012885839,0.0815026447734237,0.0750497298093057,0.0648907721773722,0.0857585849331417,0.0875347397649565,0.0907753830031225,0.078923701587786,0.0811884765448519,0.08693690028042,0.0830204736750177,0.079146516546463,0.0836363891940953
1289.72262986205,0.0906467549153178,0.0898794197902297,0.0810229824252068,0.079171196978665,0.0686177612385661,0.0839552524519381,0.0749561302218755,0.0749828000600906,0.0780767391148097,0.0769541157332476,0.0702810976868037,0.0836036213920833,0.0933246688912027,0.0873751375956153,0.0780976411437326,0.0867595728495231,0.0698292767293554,0.0716287156458523,0.0762218371358546,0.0897486172598862,0.083107324086287,0.0982403674615098,0.0862909606080658,0.0884580597145678,0.0833970669550786,0.0806040574561774,0.0831410766857864,0.0826561215411609,0.0892871790470639,0.0752913897673858,0.0859867171523479,0.0848923036013611,0.0814390017992623,0.0885428433565293,0.086928099115701,0.0862981970609638,0.0960885654435387,0.0756154155912024,0.0859591100962802,0.0861001790882909,0.0771547857128423,0.0718719075919558,0.0829347883607868,0.0865979338173397,0.0869639856338633,0.0912618466483384,0.0851575703532189,0.0724204626013395,0.0855756474490425,0.0870905124324231,0.0782570443233583,0.0835543572563031,0.0805993684756695,0.0791330084864417,0.0786952983497628,0.0835124700206903,0.0838082242108347,0.0828867717516334,0.0857898862149173,0.0729519359384121,0.0774007702829853,0.0875331088416321,0.0801271779942504,0.080959208461023,0.0973496831700089,0.0745425321812455,0.0929348308675326,0.0759358770217467,0.0780587574849278,0.0845421503929781,0.0813620771044466,0.0733304383370579,0.0763028801982901,0.0897215119112678,0.0898987239218691,0.0984684848934254,0.0809219604687222,0.0800636751473335,0.0914411663074661,0.091098010774396,0.0842759870838186,0.0864168582577093,0.0905786734656429,0.0894293401519302,0.0843774238455883,0.0716727777479728,0.0718686640101883,0.0721087398751305,0.0820667080990524,0.0780104987198778,0.0733478401050917,0.0776908018263298,0.0808496962302438,0.0869851527092905,0.0864011774633129,0.0733811036317655,0.09427133276895,0.0890318933653439,0.0799893290077011,0.0896447890780959,0.0849426036970422,0.0834729213775883,0.0797275815540173,0.076863734067308,0.0943300944484586,0.0891435734502273,0.0713159993618585,0.0825182316580283,0.0844696984722346,0.0807826128385884,0.0818823687416762,0.0782869650659702,0.0894608897737757,0.0888759005696221,0.0852279564954838
1292.61761771996,0.105464189380323,0.0974622473478469,0.0942941867020592,0.0836559445640782,0.085865851847906,0.0883429524316438,0.0826837544163606,0.0857066063892467,0.0940689656884309,0.0948122151351635,0.101299253210312,0.0950853458874677,0.0996704640624926,0.0873951480553011,0.0859386766436383,0.085602258446808,0.0837916662363628,0.0857771379124214,0.0876377354110037,0.0902610652036906,0.0912452646304996,0.0887375654472434,0.0938651221601367,0.0936272924824983,0.109429446189198,0.0944410069417295,0.110146340462941,0.092583826356833,0.0971430033388855,0.0886349940849132,0.0854863005038153,0.0807571679083796,0.105329595833257,0.0988060696497088,0.0920771411787614,0.0997586101963078,0.0905522602631929,0.0914916326355408,0.0888721314833726,0.0948321683591756,0.09207196734437,0.0947011790428716,0.101244030779807,0.0887744502741103,0.0964397734070558,0.0901786293567506,0.0931034409528534,0.0923986606798382,0.0957327917544761,0.0860275027748972,0.0973598133885006,0.0859594201988191,0.105320712242736,0.0889401721002047,0.104048472412863,0.102737776209504,0.094616779941235,0.0934888165639096,0.0894131749706905,0.0886055653242128,0.0931805437489603,0.0906137945668215,0.0950737527727803,0.0822072667159406,0.0859033573509072,0.0858075196550429,0.0786660670689968,0.0975367722860749,0.0987569667498926,0.0916857416321339,0.0994687099245115,0.0894300893222183,0.0798489699867904,0.0880558082552534,0.0934510606939837,0.1003149560235,0.0982550295210889,0.0942941729408906,0.0976242678204998,0.0832738740242418,0.0828175873443942,0.0942471057486942,0.100567394831247,0.0999724074492557,0.0889930166715708,0.0887401504446697,0.0988436857334049,0.103337563050933,0.0902034770270071,0.0905601863206791,0.0960875751666144,0.0935997768315551,0.0787545392212657,0.10282264931872,0.0886960094379373,0.092532165001327,0.0994587662862599,0.0981059196776354,0.0923260208500879,0.0885943424136746,0.0874630302876656,0.0865698656133114,0.0904393249693753,0.0992802551145313,0.0942838489162084,0.0880237361812149,0.0835684707196052,0.0944693745978823,0.0915008195310956,0.0889456519941063,0.0814525073360005,0.0836397870971152,0.088904986334322,0.0986154454952662,0.0834431552405635
1295.51058388929,0.112601084908771,0.105602323170559,0.0965593276572743,0.0796735250684446,0.0854841345146266,0.0927413434813529,0.100277741274949,0.106585545435219,0.0939891082279189,0.0931603328037569,0.0899873706520242,0.0973024627898623,0.083640269420217,0.101917071899659,0.11002716075905,0.106354039117042,0.0943926773905743,0.0901690796994738,0.0860919304979269,0.0935420909278528,0.0961193379037431,0.0953793077604917,0.101450229259145,0.0999381276151156,0.0992807920114884,0.103314040904884,0.109023883646902,0.0942211250747057,0.0971281867590277,0.103096399602964,0.100410044567732,0.101203474085369,0.0938879747103873,0.097197178904224,0.109142801454222,0.105395224621727,0.10185963249177,0.0938477631139789,0.110714416439219,0.0960527303286599,0.108714824931782,0.0924936302918314,0.105283818027207,0.0989545024404536,0.0983119762216138,0.104389283313259,0.106133309513949,0.111819440960562,0.112986367100547,0.101497750949087,0.105524261324106,0.0935635813350472,0.100167426748456,0.109656961399193,0.103578382762843,0.10458813445182,0.105435367755897,0.0879507012361413,0.0994383103252916,0.0967613262673263,0.104901185106353,0.0984526435404056,0.0939618016785033,0.093843205457391,0.105514280801561,0.0982061378844041,0.0963495184271554,0.0948074164962097,0.101793564555376,0.086488168853353,0.10364128678298,0.0981096587689147,0.0885982017375252,0.0981629698574366,0.0935186408528659,0.103355731381657,0.101213383976077,0.101714691312857,0.110499598554111,0.0978117704584718,0.084764773985046,0.100323500847686,0.100736370924036,0.0907792578325835,0.0953359945105413,0.112639764821697,0.108629010207789,0.0975148983729752,0.0966182398388111,0.097451715662093,0.10214430151412,0.10007143369777,0.103921174368916,0.0975836463849092,0.095578701249889,0.113947222351866,0.102939690945053,0.098724088022447,0.0988237882615425,0.103120584645474,0.103332832365409,0.105153483689458,0.107068558629132,0.094661584522957,0.0948164959766796,0.0944140356359191,0.0964117391574922,0.0968216115287856,0.100860238069087,0.0982633111666226,0.102575057650493,0.100663459270978,0.10996333775338,0.0939937002331434,0.0923916382551962
1298.40153032568,0.0900098545299765,0.0940705239873546,0.0712940829232931,0.0672240749628739,0.0591163475568402,0.0676557185670005,0.0696999451460138,0.077820152167213,0.0740848258266215,0.0709141657951706,0.0711821218996005,0.0760701875259497,0.0704909135003037,0.0791053443984479,0.0775776395007891,0.0690849067605432,0.0802780279350543,0.0696110167025538,0.0688819035482492,0.0780772216385486,0.0862707505952092,0.074770777121143,0.0719104222576138,0.0841997522219422,0.0795292348225528,0.0867738419530003,0.0866649449473783,0.0731799948026772,0.0650361174865344,0.0776979258948591,0.0719599774123685,0.0889007405413001,0.0784664912905962,0.0876771794448472,0.0672556342555151,0.0724332509934378,0.0761443197340457,0.0821201696997641,0.0798255942114166,0.0816611096186201,0.0842053439497073,0.0811885657304184,0.0687792858597075,0.0777024573655038,0.0849662523005682,0.0833423382526908,0.0661789949778266,0.0818488418512649,0.0735685463950579,0.0744928227142457,0.0756666242385039,0.0752364508818903,0.073929492676907,0.0902292148485323,0.0649552327259324,0.0838480128062278,0.0721721678607191,0.0746261515440766,0.0856515500796614,0.0864458599935561,0.0683783816091721,0.0707003470710768,0.0684590390476039,0.0732057333437381,0.0751169713764153,0.0746698744768231,0.0837529660746811,0.0898243725375147,0.0800998551739756,0.0801249566369525,0.0776113624452351,0.0742199217549608,0.0783175828605919,0.0782872550377061,0.0959278382525139,0.073867180893918,0.0800152109281176,0.0835690223754926,0.07772527750277,0.0751073069161893,0.0833273893619165,0.0687676946741448,0.0731603139197572,0.0664962634458049,0.0839456490484885,0.0762896293460487,0.077144907866126,0.0822905175284585,0.0782142774144694,0.0765789285231799,0.069068671832785,0.0737644327131432,0.0885120807566323,0.0700967886324339,0.0853059630604003,0.0688855989347399,0.0749592790347679,0.0739541704919322,0.0784242285584347,0.0738408917137942,0.0710774262499618,0.0847704686657794,0.0782276594078989,0.0745165429962558,0.0703355807795765,0.085239098006043,0.0814211638546824,0.0709218713059476,0.0592430276736189,0.0921424189494902,0.0811904063333575,0.0681417495127925,0.0796503233777604,0.0635135293894148,0.0770819778212736
1301.2904589822,0.0951173164022573,0.0896571221703235,0.0785375057411635,0.0832130225014728,0.058758003656627,0.0655215412603416,0.0758178526322908,0.0629476659204605,0.0793861206003867,0.0736206853901538,0.0791842423645253,0.0668509860076318,0.0676847539320444,0.0836154073358615,0.0792923305542608,0.0701491867896713,0.0807849938024628,0.0745678192826933,0.0711425099404479,0.0764143654321972,0.0797065552539988,0.0730888215159724,0.0771968839515432,0.0735627048954564,0.067139596411259,0.0801926119031286,0.0717825189650323,0.0748386760341662,0.0729242927943664,0.0766752514342883,0.0880480296979955,0.0801195313429731,0.08813734303234,0.0798654539386828,0.0696019261718526,0.0831258363544347,0.0740062968401374,0.0799882641819468,0.0867847247201223,0.081746544797581,0.0739994392094634,0.0795715661826895,0.0802659546614497,0.0649871362736765,0.078074778934162,0.0770017573616137,0.0781018933591374,0.0785773784605365,0.0760836980356037,0.0811339502174348,0.0757849766529708,0.0696031078528842,0.0717282177866886,0.0736803715402979,0.0756630862006082,0.0839816035109536,0.0847071088756752,0.0741208169780001,0.0765238232045556,0.0715205939537969,0.0748880917211544,0.0655077611888047,0.0840348207614923,0.078522114684375,0.0769270843960151,0.0691169306768096,0.0827319462944313,0.0774932292991111,0.0749109362903395,0.0837716309853606,0.0847103957804035,0.0652018906045337,0.0859339564864131,0.0819469326883526,0.0797044106524582,0.0804803213838182,0.0858721099092512,0.0841905390844046,0.0805986506046887,0.0793501405752879,0.0813348746960644,0.070748664693846,0.0698809511972258,0.0753282101085643,0.0811515200288244,0.0888405010412559,0.0760578364947471,0.0811961648870046,0.0759886809513979,0.0698872679923686,0.081478197593205,0.0680309121100243,0.0684755670973627,0.0736656312827387,0.0784769846817282,0.0773621730634839,0.073883201882899,0.0706425539930036,0.0802641224376101,0.0895413055101647,0.074209806193243,0.0684105320194143,0.0789311211261317,0.0854554115328731,0.0834009419586428,0.0697292804430888,0.0757231604991893,0.0749909512920087,0.0761565170412679,0.0654334622828128,0.0779570520349099,0.0816889690032509,0.0802940465654844,0.0744341843507172,0.0775853177658026
1304.17737180936,0.0858790890984771,0.0737732026177988,0.0643098034553244,0.0677941150640224,0.0565545887235544,0.0759611465594102,0.0644260167400435,0.0657057390598573,0.056822234631375,0.0638665726965834,0.0716540893567178,0.068553859978634,0.0620195848325721,0.0859066230069758,0.0692604571523062,0.0712243495054178,0.0571385612177653,0.0675980692003071,0.0582797280533914,0.0703489898119946,0.0649679548733442,0.0703051431151823,0.0732107473297306,0.0753803698712925,0.06041556071628,0.0719640438934919,0.0775846798863312,0.0737413184722567,0.0690016472413608,0.0645882306620875,0.073892258871531,0.0713499678043638,0.0624764182706874,0.0703671231708397,0.0702583230203054,0.0742446186189476,0.0791735380651125,0.0626453504341203,0.0696772575226373,0.0679560079132457,0.058087447191233,0.0722728787040564,0.0740564342386707,0.064539092255715,0.0559656776817339,0.0694968340705867,0.0505713663482946,0.0702062360365378,0.0762486501424241,0.0641829480703122,0.0724567596060176,0.076663705612188,0.0736401255199046,0.0726307529744158,0.0722909353191851,0.078910632212331,0.0785982226380671,0.0730691114818689,0.079027718600687,0.0658469613731915,0.0715253750588798,0.0686340574060038,0.067482838172862,0.0642485214138367,0.0735740863915355,0.07368440733235,0.0751125495891566,0.088381480727508,0.0720892630533045,0.0744894101826756,0.0656743635771717,0.0681978347898291,0.0595193051888767,0.069738701423084,0.0652402817024049,0.0776386119357244,0.0727514605724828,0.0706136620512251,0.0706756387051771,0.0652638856113823,0.0601140319738207,0.0656826797357728,0.0787553973401781,0.0708129455378491,0.0823747299821582,0.0735459989255734,0.0755547561978876,0.0630526335965451,0.0610705099625247,0.0671739711971443,0.068570737608674,0.0639755290894523,0.0786003526231115,0.0690449623586654,0.0705143464329453,0.0728900529073233,0.0676677859295816,0.0695993620306916,0.0774354651709497,0.0689309837279515,0.0715536419894458,0.0652449431752626,0.0761019033736114,0.0670577927631518,0.0674719608189854,0.0617300493258567,0.0607547467381193,0.0655048187807111,0.0629521804901768,0.0799324131200093,0.0650970112179406,0.0742587457993411,0.0681031912791202,0.065245352332164,0.0662471726972343
1307.0622707551,0.0869067560422465,0.0715688319537957,0.060007620644203,0.0583714849806608,0.054363230847912,0.0623792026491484,0.0557832503097781,0.0476518666798232,0.0589281541338049,0.0552075783324323,0.0646702089949939,0.0675395943303144,0.0534955580068453,0.0625694559420277,0.0603596271263291,0.0449371929633693,0.0503618887471267,0.0704071783668695,0.0611041544578218,0.0609845559619325,0.0578793521638798,0.0658635458757026,0.0593719143201841,0.0608055920766626,0.0689705953630559,0.0692732377879423,0.0638735885586899,0.0698880735425319,0.0577719176572419,0.0669097351329955,0.0586064601225994,0.0661022504701187,0.0681785681400851,0.0716307622239115,0.0556180056027662,0.0692906014625799,0.0647129282495695,0.0684294427738343,0.0674866827753727,0.0703787434305399,0.0684852355217719,0.0632774395723826,0.0718563216452706,0.0598380677374647,0.0678404774368679,0.0608277196207964,0.048421143208509,0.0555998822694571,0.0622546690045497,0.064355904022083,0.0518520309021777,0.0652878469733898,0.0620856893658038,0.0520882136935918,0.0712788655852765,0.0686352492151794,0.0555414959045832,0.0536502012574201,0.0600443017242163,0.0636495803313165,0.0646855031020189,0.0587179011559781,0.0664172141681456,0.0667049958001629,0.0541343859318946,0.0636600047106942,0.0586920009108152,0.0647509517744915,0.0610317107237011,0.058748396258105,0.067566140748984,0.0471985530085828,0.0561947645345235,0.0704801653533806,0.0746752529691948,0.0629756239838051,0.0705747126004108,0.0633000335273492,0.0724569223129625,0.0557735192628572,0.0768167625709777,0.0494526801215864,0.0621982041404733,0.0692124237119364,0.0635755413793759,0.0667898115227394,0.0549959093878821,0.0655106292188739,0.0605987408824958,0.0531348129522063,0.0677622923112757,0.061042684974259,0.0580065991552364,0.0527204217462607,0.0602738023529381,0.0656114775376296,0.0563131761105519,0.0623585529104612,0.0488798431451824,0.053520363147183,0.0636890302839119,0.0597975972609117,0.0526108912721467,0.0561515941821992,0.0612220489841201,0.0623953327217782,0.0573996052954719,0.0548991002122607,0.0625060018193667,0.0612555494366483,0.0669871593759352,0.065673678291476,0.055923406491289,0.0629657972068741,0.0577415762441769
1309.9451577648,0.0987132029111379,0.0814039502562672,0.0733425268040728,0.0614286597926623,0.0656471856316516,0.0602789463199947,0.0679582510547757,0.0536359728115122,0.0589005361324266,0.0639105785497635,0.0641281617701576,0.0698096519485423,0.0650734533895717,0.072128255183676,0.0581888881096701,0.0646484649378538,0.0728182300048176,0.0623752994965671,0.0661025884185914,0.060457669246822,0.0568039033162535,0.0625459093557371,0.0583103034039672,0.060948356828577,0.0600064690530334,0.0605138824593349,0.0530454254116923,0.0638324838537712,0.0611902335675324,0.0709035552295154,0.0724461604532963,0.0754916671016775,0.0664812058645202,0.0649838745021376,0.0568637587986752,0.0732998271903559,0.0682189639524621,0.0578752457659098,0.0641611909142422,0.0693412660522853,0.0617430560048322,0.0594164655169258,0.064526628192561,0.0530158634716782,0.0650836866258045,0.0480555156892464,0.0564295691276311,0.0654217664923979,0.0447299126669454,0.0680809918876331,0.0531562031931138,0.0625707877367458,0.0669505097638377,0.0631072347890213,0.0620585014196867,0.0757569153985471,0.055672084496474,0.0665426427032457,0.0614083546357875,0.063195941564996,0.0578568739599093,0.0541540649577751,0.0611973470129197,0.0564898752987725,0.0623031049658049,0.066002904320182,0.0736736642412961,0.0677364869975449,0.0570542722463693,0.0653694526275967,0.0654019555606363,0.0685071232666636,0.0626899539856625,0.0653519137699373,0.0683911652266638,0.0583823953111986,0.0695600502964187,0.0616814325252679,0.074806042479984,0.0589028858700173,0.0703304476912326,0.0720534700449441,0.0583733535524405,0.0560073224585586,0.0579520367705447,0.0662981160721104,0.0797411369315592,0.05974410067948,0.0618702418040725,0.0561113682921409,0.0612085282665794,0.0620112834300004,0.0617763572478853,0.0668662901341751,0.0700711349884985,0.0656686868621357,0.0575580658058049,0.05851529019907,0.0612828586854067,0.0657943448731518,0.0610552280802674,0.0543614209840116,0.0657526766973979,0.0590667365112122,0.0686324252629069,0.0613412920258859,0.0656578899524869,0.0646534146860441,0.0638094717961532,0.065477012076839,0.0615185125966366,0.0600150083586111,0.0589358903186514,0.0578229775087057,0.0622275205383225
1312.82603478133,0.119760355742653,0.10327870454668,0.0877901901950904,0.0894337664492118,0.0843713821956326,0.0734839413510195,0.0730270582717557,0.0836581925307009,0.0835430159820967,0.0813001275624887,0.0684202531216792,0.0830022167366917,0.0789589348450271,0.0772391490712725,0.0789851870217832,0.0767065380398774,0.0924760708225837,0.0787736336147853,0.077058918545578,0.0820082463842571,0.0781116753119098,0.0775991065006497,0.0648038150145449,0.0797682444176117,0.0697146451128655,0.0827162604301988,0.0824270610591108,0.0766035750001574,0.0899527568787194,0.0771235961412283,0.0771641676078642,0.0813831697525237,0.0750557260454073,0.0872060528187697,0.073995730676147,0.073962462002557,0.0790307086925925,0.0704483615748352,0.0809124589786545,0.0943541808954157,0.079024120413427,0.0823218202886165,0.072630560475712,0.076580491714314,0.0728818762355687,0.0770295426489668,0.0819257971300184,0.0769584780863104,0.0768145659864306,0.0830294807409176,0.0930807814146857,0.0817719850071689,0.0841328091418181,0.0838894805029237,0.0786841427353386,0.0794130351313538,0.0931221747197271,0.0855720138159649,0.0837010606441597,0.0852781184157827,0.083596622172487,0.0685903253800453,0.0744400315126053,0.0641581452741412,0.0773827761109748,0.0762200807593958,0.0820573781481032,0.0877151778458662,0.088432497417479,0.0725901486976077,0.0923001696839617,0.0669639156787697,0.0807359589692725,0.0814072183000301,0.0609537271121967,0.072142119009337,0.088696139987096,0.0845143783584962,0.0888597508307571,0.0884070272705797,0.0723433349976409,0.0711389254626307,0.0765328331522735,0.0898564474074044,0.0763795512175905,0.068091609592389,0.0895908647361188,0.0839920439136407,0.0862497681665309,0.0823388934395868,0.0765397676546694,0.080775229757332,0.0730953009962286,0.0880526441358399,0.0793074405647057,0.0882749647256453,0.0811301890903163,0.0896768283933251,0.0848116924077272,0.078079535560492,0.0700318390984364,0.0810354644704694,0.0966261445641026,0.0850103061319569,0.0743476734296283,0.0787591645486097,0.0733476920851712,0.0772451799811722,0.0807684150043516,0.0874472897883065,0.0917756670657344,0.0788543770033666,0.0713019296264194,0.0779853857020991,0.0859133346139865
1315.70490374496,0.0941599244159192,0.0661174081251359,0.0438626585530509,0.0516199046397137,0.0473987347696063,0.0517438199168595,0.0474459685353076,0.0400102781290316,0.0540534852151687,0.042309468734601,0.0609322792322306,0.0541967222616814,0.0492309075207708,0.0455746247550465,0.0466036965914991,0.0564755531554055,0.0447102901381973,0.0528586535472201,0.0464063020553318,0.0450944993665274,0.0388618769409447,0.0398110073250077,0.0428770762274151,0.0482581257918872,0.0545525957129064,0.0446869065686703,0.0589889988818652,0.052308964407778,0.0506102686174462,0.0412696207448127,0.043076128660324,0.0369763804496916,0.05399946079535,0.025129905181551,0.0395461856416589,0.0612068492888959,0.0444039982396871,0.0441318048065329,0.052959498517299,0.0401058210240817,0.0545820261567546,0.0392049708162861,0.0556133451894733,0.0426009524062906,0.0443767464422076,0.0472344712191394,0.0386531133632819,0.0561398356011846,0.0463242974319647,0.0378011096089793,0.0460025997448563,0.0410297746903615,0.043314033828823,0.0450241579530525,0.0571576326628308,0.0500481997880779,0.0548355604936027,0.0400114564822492,0.0426722642042272,0.0501938895959806,0.038420195672643,0.0468429832109729,0.0478183123667751,0.0355183669391353,0.04245510719257,0.0510648980801927,0.0458429854827857,0.0567597301053235,0.0455993628064478,0.0539426327124336,0.048325261494875,0.0431406532983995,0.0376334845393198,0.0463085361836031,0.0360496642386812,0.0610648258486247,0.0480011839889126,0.0613205517111616,0.0505827114678984,0.0434168348983986,0.0460747353176834,0.0461210224859986,0.0426620711862942,0.0522810785862518,0.0536071114337835,0.0391978477247004,0.0381054596823442,0.049422841081412,0.0459693504766296,0.0467932578657778,0.0464076147057357,0.0345278681424976,0.0670317740525748,0.0483324377706747,0.0547955105652436,0.0477861273232931,0.0480645515826652,0.042396377453127,0.0463464947484446,0.0517484422534084,0.0442229598045552,0.057853041292562,0.0536784963746724,0.0493936839197003,0.0419695699501176,0.0373460761557391,0.0468234762419492,0.0355843728903959,0.0525456534004814,0.0396224342315753,0.0432448293927523,0.0487322566151045,0.0457268800735287,0.0481459672696041,0.053736591191433
1318.58176659346,0.0988227611462839,0.0661459666191929,0.0368512057721808,0.056209490362787,0.0675408577678102,0.0485864659485457,0.0311849289284478,0.0401560401935972,0.050842555761634,0.0385746424280184,0.0373768077864788,0.0526812568715009,0.0470674606228096,0.0384459038217778,0.0371895448149896,0.0406359523191857,0.0402269549018229,0.0481183999148141,0.0492791325959464,0.0490148576899576,0.0367285247165857,0.0448732686287971,0.0435922789626056,0.0405161255194896,0.0314851441428336,0.0525421788933004,0.0487709583673971,0.0462879461868787,0.0371752403731496,0.0380986870285205,0.0381140614230002,0.0452326466820424,0.0454955341286319,0.0366243063741112,0.0459292701220233,0.0423072054124566,0.0434554533611915,0.0556014660199436,0.0364843339837919,0.0373681641315166,0.0524483504667869,0.0461942360054725,0.0403213440089904,0.03847560398396,0.0410701712361858,0.0380247769548828,0.0483860528655743,0.0569106770916641,0.0506826373905205,0.0451024760508016,0.0415789030733459,0.0354654311723356,0.03473667192592,0.0451782101050884,0.0479732015349051,0.0438760765137209,0.0357797160322737,0.0256488717513902,0.0405845552621081,0.0416886522169733,0.0287193206270448,0.0322285499185879,0.0307318398298358,0.035139404112453,0.0408856517879756,0.0427706319802512,0.0470892552629979,0.0484583528986592,0.0516708251108018,0.0353068746982515,0.0479385827618889,0.0416204898242565,0.0372390352554543,0.0341580455681375,0.0525239917909237,0.0275172452973244,0.041842520328016,0.0512110788665449,0.0546362263516816,0.0397028592087044,0.0430179705824897,0.0493472543886567,0.0278847308028659,0.0420137513162002,0.0359974996318525,0.0353292880230057,0.0479778271477328,0.0360440669462084,0.0466973358682102,0.0356325398500411,0.0485220857009844,0.0410884512401921,0.0459051592260897,0.0326398206868976,0.0377335849385836,0.0416790948093422,0.045337396294736,0.0515687096855905,0.0289517367656535,0.0358064247265101,0.0439436048517615,0.0432801462262126,0.0473640921926174,0.0425601215059344,0.0488447980007886,0.0403651747794982,0.0464155962359157,0.0374592592126219,0.0446138907134499,0.0467386304157745,0.0480140097717245,0.0436914854702486,0.0435189619753803,0.0361388402951998,0.0396312507949145
1321.45662526205,0.135799953619702,0.100084107801287,0.0838312768969416,0.0578191228101182,0.0705187033452648,0.0787594696128068,0.0685941796268293,0.0814259999796827,0.0637250512521185,0.0706380245135588,0.0765381685486936,0.0664533313591371,0.0753388259332676,0.0837218054914098,0.0787373676048231,0.0773649987834444,0.0863316883119237,0.0764909240762625,0.0786506132890872,0.0750131253758279,0.0668007912575736,0.0883352641222165,0.0652088248459277,0.0712488672006602,0.0779844841925874,0.07367359607398,0.0787631844817595,0.080122939736759,0.0845506154145239,0.0748097625394839,0.0742661054879809,0.0652016541889136,0.074625865197382,0.074159026601107,0.072734676589746,0.0698608537271666,0.0716963461886844,0.0789230497099745,0.0865224381017818,0.06993954937116,0.0720515366304963,0.0628726034745775,0.0798759466699368,0.084455390868631,0.0682338821616513,0.0735008202149256,0.0710970612407025,0.0911957610009691,0.0904801815881659,0.0712988214078061,0.0682847749124565,0.0794914017762108,0.0630887981323476,0.0820572073530926,0.0746166270827241,0.0742257999682484,0.0693064315228906,0.0681020773320614,0.0745329024332595,0.0661156520465768,0.0730981494953868,0.0864581658354079,0.0701995851468291,0.0693629788724135,0.0749742980428394,0.0738032968462447,0.0797383106555208,0.0831894340885374,0.0724809245958748,0.0672663257014113,0.0725475997877016,0.07326353430018,0.0760908830139643,0.0749495871943582,0.0730890259300609,0.0744458736974721,0.0823039069758864,0.0757843596064776,0.0742925862907168,0.0680953245562189,0.0626073337083427,0.0696424932879724,0.0732560133379813,0.0799626578286391,0.0704858876684952,0.079225795333268,0.0716216669642858,0.0662109001259302,0.0739983278968632,0.0766314927351588,0.0759757849014137,0.0648890931363963,0.0758139018527159,0.0667480313414908,0.0756140659903996,0.0716443678313793,0.0746655041546057,0.0759918459061964,0.0823491902095522,0.0746466053275615,0.0738335250833248,0.0762941798999914,0.0640978127967039,0.0725658417700944,0.0756368684584177,0.0814708370101388,0.0634227339985717,0.0681735051058198,0.067402540791668,0.067026612443467,0.0675341034048773,0.0788905607127864,0.0693494180682943,0.0816297827240346,0.0588357288637887
1324.32948168341,0.110747887318441,0.0722529645195368,0.0526072185959264,0.0469732500938044,0.0493687543442016,0.0466777523575853,0.0457872698047234,0.0500941265048546,0.0439187635293357,0.0436105100144316,0.0562206373557797,0.0453202392829214,0.0462207614802101,0.053763960811754,0.0531106122364689,0.0467675524938389,0.0492784060231664,0.054953742585434,0.0464138445488079,0.0464091093910715,0.0352245914474043,0.0455756646784399,0.0572450802872713,0.0437331698727309,0.0447615782604819,0.0412059861548812,0.0478965766560207,0.0553104203409223,0.0508736260200482,0.0550496468347242,0.0396446329943967,0.035457852364093,0.0507542038108127,0.0539902291408588,0.0422894430167074,0.0476262915648501,0.0455214689589174,0.0391123584779956,0.0477138666708658,0.0406091954853965,0.0522188512393691,0.0436997582469337,0.0389038229008724,0.0451797929409098,0.0485515783890707,0.0537350768816059,0.0594295746953596,0.0414526022416831,0.0541230655908952,0.046760137218259,0.0379535222583772,0.0601154623037666,0.0586378280092931,0.044947972059797,0.0443198590010485,0.0362042468299398,0.0502734184605771,0.0481934033660641,0.0376067082796026,0.0466604212191957,0.0483053705787386,0.0445738010250566,0.0483771097089617,0.0505602867469967,0.058481125614843,0.0616009918512135,0.0490649013377402,0.0517031376017572,0.0479445829499055,0.0410082265488323,0.0489437585310911,0.0494755032514336,0.042255101006926,0.0481204710020211,0.0470567839053894,0.0367817407839479,0.0485494432415786,0.053762945356737,0.0544257328293037,0.0449187206646533,0.0465594795165636,0.0476014783087462,0.0428896473636199,0.0400989404465416,0.0466034102586274,0.0458190699499157,0.0465440828793803,0.0469736791710486,0.0499205208903917,0.0456548026169145,0.0550884000856129,0.0431301323022973,0.031519279551952,0.0358498643823299,0.0408374310907537,0.0469667050172723,0.033051004075406,0.034954920604573,0.0556192970215547,0.0564219124184748,0.045160419779396,0.0422563402022366,0.0412693861263821,0.0530959189622004,0.0438619432971573,0.0470162298958591,0.0496968973496101,0.0429398665216531,0.0438511234118119,0.0421237845922533,0.0479496792220998,0.0470551782049005,0.0560714658869581,0.0587236931060733,0.0447532993276386
1327.20033778769,0.106730238350438,0.0772382314089428,0.0533423379425272,0.0660632880110319,0.0672284895810376,0.049019103475785,0.0525595476415171,0.0577510451081608,0.0541440113528749,0.0502125989518699,0.05681637499078,0.0482041689383201,0.0509819081687559,0.0639488105078064,0.0554906550898583,0.0528625125345302,0.0465166868795885,0.0431964751268668,0.0390544274325232,0.0536747294645665,0.050041572033609,0.0523430207306001,0.0475532183620577,0.0541268748923201,0.055093246546218,0.0419116115015045,0.0526464889657742,0.0543058616313754,0.0464822469267815,0.0496991123498955,0.0598381314328006,0.0437524199366777,0.0593867329618471,0.0570328549502855,0.0521103284975932,0.0293199242502088,0.058075192802281,0.058512444343317,0.0725524415644727,0.0552677357989442,0.0535516203802904,0.0666638918572005,0.0516362069426289,0.0528121076356576,0.0558254813858518,0.0480892579549734,0.0534114285708594,0.0587264801705583,0.0549768056519402,0.0470175989545361,0.0543109961912376,0.054587645711176,0.0459954638253572,0.0480058419230918,0.0568969409244634,0.0486133467809895,0.0668647946113758,0.0566986170998284,0.0494996757410378,0.0647581561895078,0.0537562236882109,0.0608530437706262,0.071205667619709,0.0559833240159052,0.0506244667690311,0.0499722957548834,0.050345293586348,0.0547586611867361,0.0564083788823907,0.0488766528466236,0.0578891854333275,0.0428468162316442,0.0488198744255433,0.0512973400908203,0.0600728970910023,0.0500118423654653,0.0533595876310517,0.0522152170461846,0.0512756799418695,0.0395208282016055,0.039577425901578,0.0420415962540408,0.0530120303210145,0.0507748690548197,0.0542136057196449,0.0556297614541336,0.0627581375618948,0.0489273521146004,0.0547257059286403,0.0589024717882655,0.0629943157827651,0.0402787856670191,0.044058421098383,0.0447950467128812,0.050703968982713,0.0431485014226127,0.0492415659743698,0.0430338637269803,0.0534700600693469,0.0520459298927672,0.0611556504270572,0.0540861414671719,0.0527120110137443,0.0520516901414685,0.0524782371000597,0.0506484859939705,0.0493256961100591,0.0538941214298287,0.0469645966725955,0.0498472836527098,0.0493523672310177,0.057208978853288,0.0486445068145349,0.0496262925835599,0.0476139539954944
1330.06919550253,0.100161216281481,0.0778619265470553,0.0623517044836562,0.0532480076808717,0.0609607223781471,0.0437261713091218,0.0456561620994202,0.0558096637005154,0.0456185849827305,0.0541154097988957,0.0579595509911222,0.0521911360829921,0.0345169118134054,0.0557522916460009,0.048365046178564,0.0491153293979221,0.0550063686697237,0.0466456004934892,0.0538698613549647,0.0504709312737882,0.0457721801006569,0.0418759683885175,0.0413556467477125,0.05435128130737,0.051299725776074,0.0569992083089566,0.0487952758056825,0.0416923624246954,0.0494216591839757,0.047683215443558,0.0469349223162369,0.0467950130272502,0.0532102604065382,0.0487709489206265,0.0494704757525585,0.0569077362136846,0.0448300396214806,0.0491718749071198,0.0486745576561491,0.0427430301957979,0.0451776969426866,0.0515000868151612,0.0529568875635417,0.0450013014188957,0.0584262860428269,0.0600903767258195,0.0417673585116882,0.061248741269477,0.0552531079826075,0.0437472246976962,0.0447493551663598,0.0467663367532076,0.0433275249661666,0.0527968043721274,0.0530468290943618,0.0540806818156016,0.047289908667532,0.0535206583722542,0.0480410262180019,0.04243928367168,0.0609634945373782,0.0480699586402119,0.0565513155038008,0.0504653616837548,0.0577287481103225,0.0557667560426236,0.0483329720304279,0.0493354324045688,0.0448560809563167,0.0473465904364192,0.0499972034245836,0.0528060481026862,0.0427032114901031,0.0480174390183575,0.0503795525980592,0.0466887334073132,0.0432213794802967,0.0518165834217006,0.0542627991983446,0.0387200166661695,0.0546760860092238,0.0529630005342357,0.0440645828267618,0.050428033465618,0.0521053839421474,0.0410073560380264,0.0399976804284648,0.0491287644719934,0.0526138743116358,0.0477883877659033,0.0547946488161052,0.0546679579347459,0.0363167845988004,0.0502380947817139,0.049138634231994,0.0511747119517424,0.047705451833773,0.0499960892250261,0.0454837080662135,0.0540238902236798,0.0499054811971447,0.0389879904813056,0.0423127213307901,0.044114214591582,0.0571253821416103,0.0502549134147349,0.0431660441800141,0.0529902273400946,0.0535669812676296,0.0375563451168317,0.0467986759296619,0.0446376290881508,0.0529075569936083,0.0618109663530498,0.0476645299686509
1332.93605675303,0.0807862040448556,0.0653764041652904,0.053747119513783,0.0449341577058639,0.0472784112459075,0.0460927518648479,0.0420507488234787,0.0512111686913248,0.0531871722808538,0.053150192497017,0.0457156937447842,0.0480065185292968,0.0306928536274528,0.0542563545045535,0.0412520595044075,0.0404533605830622,0.05283120256138,0.0457665249560692,0.0443743432333898,0.0550025506014082,0.0447887932909996,0.0681402213930813,0.0583810349241794,0.0551535738166064,0.0560007384472434,0.0560710480450322,0.0501252658970045,0.0506735658038693,0.0489960004740021,0.0467870874292662,0.0551664914703296,0.0410757512160738,0.0464759399348657,0.0456139521818606,0.0491109181991881,0.0526131834101867,0.0456249548658734,0.0505562589060609,0.0494607838203102,0.0551125191945234,0.0545392769747447,0.0522877886556775,0.0611442898712352,0.0473274812630955,0.0475681850529608,0.0456528442727375,0.050430946139993,0.0484516955421398,0.0531807971418117,0.0528814939876943,0.0559453171338997,0.0562524058355883,0.0576660339160419,0.0467008334972459,0.0421639252541387,0.0537654465716703,0.0509035023076651,0.0564806535657059,0.0436895696881323,0.0432348416427553,0.0431840926972078,0.0358934406272481,0.0555992313106712,0.0501487303278675,0.0585215692172861,0.0391076098768942,0.050738287915387,0.0558118371899441,0.0339053215302854,0.0452408571799587,0.0566431188483109,0.0467734539611953,0.0440995567798201,0.0412214758791146,0.0488558871293163,0.0528449763195859,0.0509333279050869,0.0417680732894165,0.0444550024322669,0.0556982175021647,0.0414941367347679,0.0374292482352753,0.0466941769938622,0.0512549388510242,0.0545883495176624,0.0457259605277055,0.0464892114234252,0.0505195196518245,0.0453174405130407,0.0400872972875149,0.0477584087115124,0.0385032399241334,0.0483013965327323,0.0469073941381591,0.0475854897105972,0.0518881956418708,0.0530478915119717,0.0451179033165324,0.0480392765305276,0.0577436832261725,0.0409875423573751,0.0462567960063778,0.0525995055366089,0.049999257793353,0.047566483052415,0.0435281087142127,0.0474608431502961,0.0481418212954597,0.0497527494708925,0.0390099609828039,0.0595633786472161,0.0507352282366987,0.0525119483977586,0.0469892729410555,0.0437764135912153
1335.80092346179,0.0701403524738522,0.0671186811565896,0.0473580999543112,0.0336410693310327,0.0461442638385552,0.0380943486562513,0.0444811198234668,0.0460914133695496,0.045757868542817,0.0451481961771669,0.0495620241960869,0.0405606309685418,0.0389358712828151,0.0505431693693104,0.0459095297978892,0.0422058408166777,0.0461728914788272,0.0465283499606156,0.0316488614199051,0.045203447358719,0.0514568711871681,0.0337753793743554,0.0545305021082091,0.0548369993097215,0.0409219649354999,0.0452068549227894,0.0503197853500751,0.0463859570381724,0.0463313200888939,0.0525484288474565,0.0291599509418021,0.0435599923499047,0.0426041608774338,0.0469961734910611,0.0453622341054358,0.0567236111856682,0.0475545611321081,0.0491347353601277,0.0582860232166343,0.0431922497950268,0.0456188274110764,0.0365795643117149,0.0430691864841628,0.041671638736091,0.0460948293413772,0.0447478833764165,0.0529051249611345,0.0436168859503424,0.0428555839020873,0.0390153874277445,0.0377649430506194,0.04096210387956,0.0468199080568243,0.0406173168618257,0.0459725857030531,0.0383954573710017,0.0420929614204896,0.047757767859493,0.0387696013347414,0.0469306079485224,0.0341379058902966,0.0433116462485192,0.0362101401793801,0.0481155081353872,0.0461038758617808,0.0365020364010101,0.0459960728796323,0.0402242913053564,0.0441737368262638,0.0355014671044193,0.048776004544503,0.0584722257406767,0.0478162410017856,0.0256165971309334,0.0287014238313482,0.05191464840037,0.0367923012930011,0.0430997109630149,0.0380005197383813,0.0468983829593342,0.035680854639235,0.0324953554325823,0.0412407960654186,0.0474479446805372,0.0496427050704302,0.0476144957193069,0.0449663802249177,0.0407456815406406,0.0576656967752062,0.038066661781809,0.0470664063502065,0.0401350939680616,0.0359468643474012,0.0371461033821024,0.0483334646265352,0.0458525496093819,0.0372306797982106,0.0442030118724768,0.0447580316765846,0.0464860257304887,0.0494807024768318,0.0386350367849384,0.032775375782828,0.0455387455621131,0.0437070450973858,0.0414290995426534,0.0395864161091775,0.0314355577067606,0.0407366805107973,0.0364705767761149,0.0354917414676911,0.0399381073119696,0.0427867408790268,0.0419526683403747,0.0432866954172596
1338.6637975489,0.0420741526627866,0.053565092504156,0.0343717370375906,0.0388190313037034,0.0496662610026206,0.0443101848773443,0.0370690036984305,0.028170246047323,0.0356604269081023,0.0328206876442222,0.0362699836093615,0.0511310259378097,0.0569500515720842,0.0457276284878316,0.0349030129109987,0.0439710473462863,0.0434609745854833,0.0277685823128276,0.0335312107967983,0.0315552545633282,0.040130345042644,0.0389238743635329,0.0414092101561457,0.0483110034790848,0.0303795950691488,0.0376713049538601,0.0447849318604108,0.0437712587562381,0.0431166154097605,0.0428171919739228,0.0471227565701881,0.0384527122547334,0.0364647085634263,0.038771813654655,0.0455950147501638,0.0334283154588823,0.0315412708472,0.0420884950033513,0.0367403632048358,0.0295491974636586,0.0464302534019064,0.034546121430097,0.0375730621987474,0.0290997423578028,0.039948834212692,0.0356266792094861,0.0288943025101522,0.0433374272473599,0.0443527490222159,0.0257525033275346,0.0380374588287733,0.0412500051017496,0.0436046995992937,0.0339727574507586,0.0286573833057555,0.0317312229148695,0.0338599149794365,0.0368195419905682,0.0344433431238563,0.0390878944356362,0.0448712093158002,0.0323487344078253,0.0293332877876339,0.0403303042070649,0.0331243631549387,0.0378405441024826,0.0423674071762043,0.0404991097217228,0.041495360118778,0.0369502632122663,0.0368543925493865,0.0318879608787658,0.031351198515252,0.0388420930651293,0.0429349562198919,0.0332482819777037,0.0428033677636266,0.0268245261703287,0.023206057151128,0.0404035895165437,0.023089904752568,0.03110340247795,0.0381129089779715,0.0372648620325099,0.0447095152552743,0.0392827000988934,0.0314160175459628,0.0398092631417033,0.0440424593160281,0.0371919979371381,0.0331474101527482,0.0301088793943854,0.0346217343451744,0.0332551627437125,0.0416553753515285,0.0398293166974932,0.0317255807852487,0.0297547661249042,0.0356401238752069,0.0346643642030133,0.0400081115827771,0.0327455132385082,0.0377722746339262,0.0295819570619776,0.0466846638072057,0.0364584875868856,0.0381060576272141,0.0243510587460079,0.0363687808153358,0.037948912094962,0.0324077965588086,0.0396480453357041,0.0412486779320182,0.0357788823806308,0.0405517195525588
1341.52468093191,0.0478616046892424,0.0493189703620878,0.04508305770998,0.0425142140330514,0.0429886843401008,0.0450771586337803,0.0460960811934389,0.049772577459867,0.0389770914968551,0.0476168289668051,0.0396043701315552,0.0513479711515615,0.0497205894768895,0.0459409859287069,0.0395864831245713,0.0506763380985441,0.0469434418230972,0.0448358296934812,0.0500215411688433,0.0477092153872775,0.0506428446994872,0.0463106722962814,0.0462890844052964,0.0423633354920202,0.0441659083130458,0.0434129446970326,0.0438574909915865,0.0334219659983014,0.0432926767006283,0.0419587464273252,0.048544305765254,0.0356991870244915,0.0360382945300342,0.0509304228950113,0.0469746237707583,0.0358841650534501,0.0391073644865085,0.0328004428760417,0.0415791303569999,0.0431153454707871,0.0415375553794905,0.0365102587653141,0.0355169276111061,0.0309285728057713,0.0367448528521134,0.0441530210787833,0.0375945163023243,0.0498848226914516,0.0381877734871732,0.046137826693424,0.0377466359669883,0.0473158994483251,0.0239949924604767,0.0416820542101974,0.0442354139992192,0.0499994830941511,0.0414671221676378,0.0414871049581256,0.0400075322658146,0.0549376191571677,0.0410830348629926,0.0475079828125598,0.0391350596795801,0.0446649703555325,0.0345314666965756,0.04536986705685,0.0370987883952486,0.0322957638436855,0.0435424714690082,0.0431174374352965,0.0336609038713569,0.0458984412590009,0.0443248491976244,0.0397303068898734,0.0385379968781112,0.0317531246794905,0.0424978213413589,0.0406861687826183,0.0396067321204324,0.0258978058034314,0.0410681557017698,0.0456051622987096,0.0402018636258568,0.0410331013312897,0.0443679537068306,0.0400594827218828,0.0413847757514781,0.0447689681851336,0.0437125683138847,0.0408644236521211,0.0462955956175491,0.036768043588964,0.0518636837403182,0.0440210017711906,0.0447172432807673,0.0439607383436743,0.0474047550823119,0.0401533862276317,0.0300450671974257,0.0470697288229516,0.0502667163367046,0.0337471294759498,0.0451451049018176,0.0435602770136869,0.0360254013521645,0.0470768492311384,0.0383791347141614,0.043845954778629,0.0349109913598193,0.0474503986021198,0.0446426819659676,0.0434520434409055,0.0455623652766493,0.0416899408132125,0.0429085765374084
1344.38357552591,0.0187958919401803,0.0374316070577797,0.0315712170039498,0.0167983438723196,0.0214691877015793,0.02510177868698,0.023927230065837,0.0436238708688716,0.0369455630949715,0.030434308701418,0.0279444632087887,0.0199342000373809,0.00691534700847222,0.017740973745547,0.0185282505833811,0.028926369156184,0.0273985756180628,0.0233896680574407,0.0276070954921266,0.0285699191473151,0.0229714569005272,0.0169916952994535,0.0198489864078698,0.0166313310929494,0.0217736844279464,0.0176641343872888,0.0234188121963192,0.0269594527743266,0.01702340070914,0.0283767967342,0.0151573532155714,0.0265244738556666,0.0270740596122132,0.0257566894524325,0.012082037280855,0.0176491069138572,0.0304141871601309,0.0184517683682203,0.0269397082752811,0.0237126399390246,0.020650114746161,0.0236866785527942,0.0129106885659731,0.00985414023123719,0.022425497940313,0.0144851128565631,0.0254477169049092,0.0229426487655337,0.0361697119554512,0.017559432202765,0.00807992327120429,0.0118876033016954,0.0284242092038738,0.0149855888436482,0.0134428352042254,0.0213397888948215,0.0247797075857253,0.0188788614487238,0.0229242563823641,0.022285737364537,0.0256804060626624,0.0175845504182579,0.0156209271049028,0.0236467433419879,0.0152543667591219,0.0102268892217334,0.0263352550583378,0.0224071475409927,0.0149709607772214,0.0310641997486403,0.0217650379667703,0.00390727854536739,0.0250004932642533,0.0200478280419079,0.0143454521759539,0.0202136299886719,0.0180381021880931,0.0215951685259356,0.0175988720108506,0.0326103592306526,0.012658875963798,0.0201243896398627,0.0133916349442403,0.029713864595277,0.0159926005573986,0.0124244515784912,0.0163930642229029,0.0120914879519921,0.0283824963995052,0.016208019353556,0.0122549739110582,0.00620488688275228,0.0256332169229051,0.0266838868723695,0.0323425964249155,0.0182420346650903,0.0247583759904792,0.00541182743821103,0.0121790848816111,0.0197071961503922,0.0216816325481747,0.0238709873853396,0.0176821576096446,0.0161200546191968,0.0140043021119327,0.0254026026842132,0.02242275383756,0.00626347817402342,0.0299900256446568,0.0146229985458859,0.020041654840736,0.0245316313460653,0.0253658594750279,0.0119722638694688,0.0187521181499769
1347.24048324345,0.0348643863140328,0.0452400248633587,0.0450622496126841,0.0319913452920111,0.048245463176505,0.036273351568651,0.0439318804163256,0.0454973214792889,0.0456480853332214,0.0224823257433963,0.033447222717076,0.0425450728496949,0.0324313405550738,0.0335863017147789,0.0305168914268289,0.0296357422954982,0.0443941906685953,0.0350576673697836,0.0262873515080931,0.0265449549465941,0.0318723237937986,0.0199540136892139,0.03229938249508,0.0316379394679137,0.0338892508232263,0.0361433835137923,0.0385977521501433,0.0404322269107189,0.0335515739863617,0.0397268393750803,0.0274527963211916,0.0243838908183484,0.0289535208989202,0.0283221103664627,0.0299296814224843,0.0369159172932164,0.0318340534065403,0.0339977546829731,0.0232063365489389,0.0268903471134196,0.035221925611786,0.0228305572096391,0.0360132580603431,0.0378202562278643,0.029791851236235,0.0342067959934719,0.0262802745377362,0.0420085194840001,0.0288516057626806,0.0356114493117356,0.0268317680490424,0.030662922022338,0.0270070369818237,0.0347673566305126,0.0413779906554955,0.0349985236792399,0.0363690417269765,0.0324822125278066,0.0261903880396921,0.0404716162165193,0.0352900929931619,0.0280245937774021,0.0314023835535722,0.0337734092044283,0.0253124725210864,0.0306999352449311,0.0365119535519466,0.0363062128393801,0.0323602118228298,0.0296114180849081,0.0185975898050574,0.02880371623831,0.035115131099997,0.0197863929581778,0.0303675903046601,0.030578821404774,0.0338702700931389,0.017863550849935,0.0290137671829611,0.0330315834013634,0.0267021440410618,0.0422989498748734,0.0369012797419593,0.0213114465887712,0.038571818300608,0.0302818479381697,0.0298273665635005,0.0259024520780027,0.041936464030695,0.0323760355929337,0.0231263437345372,0.0334530021085881,0.0313057581390035,0.0327901328922077,0.0451574869291169,0.0308507652638486,0.0353129990094721,0.0254313162688109,0.0276692317263128,0.0269495643136267,0.0168876954270268,0.0449604727432463,0.0274446488656963,0.0295484784459839,0.037493968598013,0.0354705035922632,0.0291036512413161,0.0257841630428312,0.0268206643390002,0.0344493890420376,0.0283336785898691,0.030111048214343,0.0291218863758823,0.0305561744813721,0.0279067994774058
1350.0954059946,0.056586358300547,0.0541553023551891,0.0525073409638094,0.0462007089940737,0.0439315080219783,0.0627521754071568,0.0612125557237169,0.0559270038333985,0.0634765934925939,0.0459922297437952,0.0550408979905947,0.0428002854797238,0.0401663477843868,0.0555757090702962,0.0413992790737112,0.0604691495609958,0.0451062880608109,0.0570494275834028,0.0428192578726682,0.052115958777987,0.0511537073993312,0.0412891233588153,0.0499858938440951,0.0421326140241638,0.0545002390629928,0.0529776699226176,0.0468994247412036,0.0544717328844826,0.0529080216416413,0.0599501226804644,0.0426165638569718,0.033372646273069,0.0564978726471001,0.0427833720902403,0.055728083149828,0.0399684607703082,0.0624448438852715,0.0512489297564515,0.050444130982534,0.0497554347465179,0.0635281776255556,0.0578507875129702,0.0454203733810851,0.0562062838638951,0.0477151772465481,0.050415318564062,0.0491126580377497,0.065062486379415,0.05225074779069,0.0566276408021291,0.0542407863815084,0.0459928113483924,0.0531450226316062,0.0551359569768607,0.0476027506258128,0.0440346366254143,0.0502322964511704,0.0577934469444727,0.0567785136603249,0.0419216355687919,0.0414248742670936,0.0491595136484098,0.0412462956002199,0.0439137716784264,0.0578067226873903,0.0483778898807462,0.0593680849289253,0.0660682275679897,0.0615442508138383,0.0452291989618239,0.0444944616918723,0.037709203464603,0.0481278342628594,0.0512964935632681,0.0405773878022259,0.0510159364418723,0.0514420056424625,0.0459743426281238,0.0532488301566166,0.0477939861101338,0.0435879408910341,0.0556644192413269,0.0413421175602916,0.0454457224104033,0.0537231579311935,0.0600907272873054,0.0478613127342168,0.0538460586757194,0.0485744558850308,0.0457228040028091,0.0599140819001656,0.0546011436559044,0.0503275411757894,0.0500391016058682,0.0545522669027213,0.0457262964303126,0.057896950405989,0.044335123297246,0.0542871622502209,0.0578428635893344,0.0370449581055762,0.0471477664632972,0.0484434915328229,0.0631300755211254,0.047347192510144,0.0518976133505767,0.0479802085557164,0.0549271945626155,0.0398881420999891,0.0485669498212375,0.0491104600310742,0.0450320916266013,0.0463206407698031,0.0595007832165216,0.0500550785789466
1352.94834568695,0.0403791845192975,0.0510558937068518,0.0539066396070312,0.0354879658826667,0.0345252668427714,0.0466410567421315,0.0379897326245773,0.0418096630296619,0.0395046021089874,0.033186115939774,0.0348433758781003,0.0332482002500338,0.0473409967508047,0.0391194632703467,0.0382981021954307,0.0420440088279098,0.0413361620801535,0.0361871896853667,0.0382844811036356,0.0534272951120255,0.0393452787075124,0.0387148684375997,0.0473776541838998,0.0413279007612324,0.0411950958230626,0.0466122865663099,0.0385616140096499,0.0353212411445806,0.048634334633368,0.0358863254988958,0.0515151137536825,0.0341856734078419,0.0407323909393421,0.0385853771790604,0.0367503849249613,0.0424741274559707,0.0397635635798112,0.0369417046234562,0.0432987960008134,0.0408094005539559,0.0438244256836349,0.0422206272766678,0.0371338117133842,0.0463603029254355,0.0357802048745552,0.0325447188348989,0.0488433754878353,0.0398635198053564,0.0402374790026606,0.0434327331664869,0.0384442786924537,0.0319352918587438,0.0382775567327062,0.0382310191936484,0.0327044133736583,0.0374373826445277,0.0352791116370728,0.0380083341489275,0.0426402264675745,0.032411483139075,0.0487358992098612,0.0424200972474659,0.0356300274478209,0.0310077295038323,0.0328214591965169,0.0441649167595972,0.0403816114674394,0.0398034468193412,0.0424379960710128,0.0290989231909266,0.036705469067947,0.0369112402390203,0.0467293575647022,0.0445930111744439,0.0327399285132237,0.0448431009616005,0.0391059171371235,0.0411329488406417,0.0390758048490871,0.0436566946276234,0.0350234515375943,0.0449284688425453,0.046374463243858,0.0417158303196972,0.0442754193989949,0.0450019414460626,0.0366685363777576,0.0535655827527877,0.0379030265918856,0.0432114130915853,0.0449084463047158,0.0313026799829088,0.0386331755501508,0.0339138054639263,0.0359226616018804,0.0386404404456043,0.0450168446362412,0.0389824740713753,0.0428963748111395,0.0466625810398689,0.0461966083242644,0.0459092831749275,0.0393323278543463,0.0472375000117524,0.0543698867181555,0.0354556773630754,0.041926293691008,0.0450812814506307,0.0355872144386195,0.0340884762045714,0.0404214771708965,0.0442253324583319,0.0355063373222072,0.0378706363159615,0.0372247784044983
1355.79930422558,0.04469520579946,0.0578114455965912,0.0547684515189071,0.0367586486010893,0.0478816675839548,0.0616773393951591,0.0531081281420444,0.0554701884054372,0.0423491966468492,0.0523844031099086,0.0516389885091819,0.0558982033573421,0.0482152829425843,0.0583483847622943,0.0508876653433914,0.0581229446607872,0.0544384098015201,0.0511527147648427,0.0483584489557986,0.057510317563203,0.0602898892572322,0.0545137017899996,0.0563885922901334,0.048455488870511,0.0646601389311288,0.0491033254315557,0.0520597105559052,0.0576887581129162,0.0494410224646008,0.0511525978844588,0.072415995540302,0.0578284932743116,0.0477818935901427,0.0542052435301158,0.0478350722812019,0.0545048599965426,0.0530068215698929,0.053657174202256,0.042473692710956,0.0579160516018813,0.0601520794428122,0.047666459500337,0.0391423343102561,0.04825115248694,0.057246011282646,0.0540713893520428,0.0491509276801,0.0566981585547776,0.0630748846775418,0.0526751514378818,0.0520503907375584,0.0403747792380985,0.0544814823572926,0.0620683071864508,0.0483515093661192,0.0412853562591828,0.0621698733201098,0.0444109456198985,0.0412983106418136,0.0454394177781957,0.0525723193106557,0.066550612567184,0.0520497497173454,0.0544355957546161,0.0555697361299983,0.0467051433272907,0.0478430875088821,0.0480819654079011,0.0457301096185145,0.0470966682349019,0.0451986132100999,0.0447004414034205,0.0528450847437842,0.0596634676360068,0.0522999132736829,0.0664918650881907,0.0526769080822393,0.0544932669326766,0.053314496176614,0.0464103043935012,0.0525020192401892,0.0483224575545092,0.0612503038605023,0.0536803373370833,0.0554466360436657,0.053803286689799,0.0650488695068529,0.046827908372539,0.0566935030432132,0.0605522123319629,0.0420043881076114,0.0541451368308854,0.0449268311290777,0.0652481475102702,0.0470605972672999,0.0552327667872805,0.0647659625697739,0.0477535874470689,0.0555027979692857,0.0470263481009089,0.0547819101566703,0.0360864161282249,0.0585870857543793,0.0445931861234189,0.0523062277705557,0.0536407777953985,0.0556096192470433,0.0533367512200882,0.055055667349701,0.0562430710316448,0.0572562608930599,0.0591736433663175,0.0428061551980202,0.0409730908194395,0.0543197779331881
1358.6482835131,0.0187734520088278,0.0181081563514708,0.0181882513797511,0.0450256873263193,0.026898561185242,0.00736010262551821,0.0299134477883315,0.0274983557405901,0.0253724460392079,0.0309291739148279,0.0228920653165072,0.0343700025598745,0.0158106162874394,0.0246402326340712,0.023739040278354,0.0194689660521833,0.0270933624959352,0.0227219056809756,0.0222310753662745,0.0263008256808528,0.0244987668556502,0.0280440544963123,0.0195740654210747,0.0210930064952475,0.0389411375211099,0.0217627251492143,0.0167602270881773,0.0252843104518824,0.0271808287683444,0.0193633091337305,0.0265412400890024,0.00836014798735208,0.0274829851242417,0.016650038538012,0.0198135260728289,0.019546806834793,0.0213749483127023,0.0252835328158991,0.0256108735108636,0.0264314272923148,0.0341871229569954,0.0326327560357469,0.0268846525100005,0.0261735942748431,0.0148814398829974,0.0215337024364709,0.0229744764440095,0.015626888122975,0.0168448461125411,0.0241662554675451,0.0305188339619869,0.0274980426901932,0.0331961939132292,0.0233920052190845,0.0246744524908876,0.0225460129382127,0.0218053160386399,0.025766103417467,0.0260252241605513,0.00996649765644103,0.0221214163593475,0.0272046178065724,0.0280122702596483,0.0282980733239754,0.0231385382370592,0.0279163837311559,0.0255782830167632,0.0252407140545349,0.0207606391733687,0.0268766980592396,0.0298835541016731,0.0296402135900841,0.0151239559285398,0.0194654130224369,0.0345864101090123,0.0236656713558002,0.0277092231703414,0.0195555826571071,0.0263612412215101,0.0159364864527095,0.0179352093655422,0.0234981131209532,0.0264110587590405,0.040104091132681,0.0299991234263846,0.0256661618813215,0.0286562707616546,0.0342214781336203,0.0269940708075261,0.0206566543779605,0.0201180955446806,0.0236492733797328,0.0193450146652016,0.0210343984874896,0.0244524796681486,0.0284529145663633,0.0324571905706385,0.0266244138871341,0.0172316796936348,0.0197301256196312,0.024524260160372,0.0216916750294816,0.018198920344017,0.0206712506587601,0.0263695231313068,0.0303038075056708,0.0228991453833607,0.0226035687401563,0.0258682391379396,0.0274867533617864,0.0100446127282172,0.0280777534601031,0.0320192869411354,0.0256934815203247,0.0307926891404611
1361.49528544963,0.034910215973764,0.0281719630098714,0.0306442997392782,0.0318621019727896,0.0258929212285925,0.0371721459823585,0.030276937688172,0.0369153668285583,0.0277075999556195,0.0398519663152418,0.0257791017569182,0.0384972839678971,0.0322114075467012,0.032191276504065,0.0357968265768001,0.0339332610039444,0.0379754409767391,0.0241502187438518,0.0296314651927192,0.0298594369735565,0.0361939121672307,0.0266239489967987,0.0320953073569788,0.016369594271201,0.0296350010618787,0.027044461618965,0.0285642855743316,0.0410388752099892,0.0465929493583058,0.0352107261068252,0.0223536511818093,0.0285224673181391,0.0356997596751002,0.0362582877294292,0.0337607675328788,0.0399967563980445,0.0363290044677331,0.0301880628981376,0.027680855583422,0.0481957129541865,0.0305328532288854,0.0278594805813744,0.0272071365043768,0.0456764417842791,0.0275899981323351,0.0236911110935953,0.0300738310604994,0.0444136392498,0.0450256074898539,0.0340273216706613,0.0251363588151687,0.0232828087311997,0.0353647357995778,0.0323419570405976,0.0174517584479095,0.0322173525005613,0.0334600736775938,0.0321954682540249,0.0316833236017708,0.0264872033438759,0.0352875753215901,0.0424638666970409,0.0218448753735226,0.0333062101019625,0.0361414524012804,0.0372236938185563,0.0347182812290992,0.0437358095558083,0.0340947588433643,0.0284333107869586,0.0389852275037481,0.0391716041267331,0.0351145849116855,0.0345639584870204,0.0407749225673265,0.0275940488806591,0.0274980954136075,0.0403326639683693,0.0406271015746408,0.0353379548692658,0.0292168343607004,0.0386836028941473,0.0349535317747321,0.0404802038759526,0.0320394007741954,0.0305153524863376,0.033557066554839,0.0369248860279844,0.038882704827737,0.0312223290731205,0.0241487850450434,0.0337371331401053,0.034364110129787,0.0330668698482207,0.035045370923702,0.045072278105012,0.0373556250435424,0.0292143180672598,0.0263564864528701,0.0391467117540973,0.030237458304845,0.030811768532524,0.037482197273209,0.0376186971804112,0.0317262012457123,0.031210184054279,0.0267490669071585,0.0308862922139721,0.0314591567662526,0.0233479336705259,0.0320083999121511,0.0331427018092158,0.0259174544356238,0.0293981306861356,0.0388843346035848
1364.34031193283,0.0305515342570988,0.0371564359509947,0.040910851477809,0.0266926034695814,0.0453291510733455,0.0260334473086413,0.044890710017411,0.0372698026652416,0.0343448481020898,0.0482461368429812,0.0415421025720956,0.0344545693050786,0.0296839440417784,0.0503461167441933,0.0316320918965886,0.035819918302586,0.0460617871642581,0.0310193701592724,0.0354250239483827,0.0477749808889368,0.0222564694442317,0.0341195007948953,0.0365076710434662,0.0427699063178556,0.0356109029500146,0.0384196234411103,0.0271750240826685,0.040759183719485,0.0440643905435887,0.0427657341139965,0.0478654202441084,0.0381696697815109,0.0330995861433625,0.0439979171033722,0.0329812292994281,0.03807816139645,0.0400748169025498,0.049765768907229,0.0360715294771939,0.0393067588950149,0.035468400441741,0.0248079434140112,0.0423947189346593,0.0289540858914815,0.0356272929828961,0.0276264095614595,0.0326765141318126,0.0459580797788786,0.0277570270208199,0.0326912567335052,0.035903118725692,0.0283057203407953,0.0393056508585478,0.0338484597840615,0.0354906946020002,0.0390053911500003,0.0417366590151978,0.0280572188997403,0.0385175056798443,0.0349361075738518,0.0380030800869473,0.035189775976301,0.0264056293735977,0.0319872435841502,0.0261614919586456,0.0398051261283281,0.036161452103578,0.0299793043530883,0.0280036598618649,0.0435321644914388,0.053911088345544,0.0378569785939149,0.0406946291526077,0.0390907649440284,0.0242558111721592,0.0486948713070835,0.0480158042677826,0.0327051681189924,0.0409860030153154,0.0335478344213331,0.0365514153694855,0.0344736451490729,0.0325232968155518,0.0275122151314754,0.0363829685052794,0.022871565250021,0.0464982218157764,0.0367012954612489,0.0375044660202314,0.035566514108869,0.0460377972541294,0.0449505510835957,0.0372215670899883,0.0369130109801064,0.0399300975383226,0.0329694476647936,0.0336845124944918,0.0391554766862362,0.0337407092013822,0.0355158580069758,0.0510434200888321,0.0422386251297244,0.0414226826087403,0.0384677211214087,0.0399401804203009,0.0367458546777224,0.0381546257503562,0.0290083716303717,0.0376437742621418,0.0312387157599737,0.0398133217566628,0.0306426298381481,0.0437690617372424,0.0451888167608266,0.0317512981764726
1367.18336485787,0.0313344865493089,0.0346737154174222,0.0478864220824585,0.0325096776611686,0.0369257592840562,0.0405807617763233,0.0496635129839615,0.0365707063866985,0.0404597081306381,0.0550273837054064,0.0482073902826497,0.0407915394076832,0.0438173573961285,0.0361871388356719,0.0470779291656054,0.0399107069697766,0.0378655380137198,0.0406163494369725,0.0504225920709621,0.0370183400096698,0.0432553139533967,0.0399602828716489,0.0368730641900345,0.0358118555434888,0.046124691668929,0.0299119885666631,0.0458995216106923,0.046027658296643,0.0533721961251788,0.0392597118380925,0.0499870718805812,0.0367169105227867,0.0356437399120092,0.0426982641009122,0.0594298868512169,0.0400897573323151,0.0432736232277206,0.0349668742674614,0.0427570625581818,0.0373760939595182,0.0387031472352543,0.0382789462316143,0.0370333832193047,0.0436870045017001,0.0395792092904894,0.0439203281762936,0.0313464389884647,0.0452452770556093,0.041206647707176,0.0449418357215728,0.0328540565893752,0.031613580954941,0.0385732054435128,0.0462682778066865,0.0429758270710127,0.0429102809227389,0.039851834766427,0.034513919278544,0.046527918525926,0.0433991124585673,0.0366632054172429,0.0469187479029866,0.0506223107747177,0.0479780906531629,0.0259700444931049,0.0367841220910961,0.034313773064853,0.0586915622316003,0.0319410437288327,0.0486462907549251,0.0473532741190633,0.0451301056947379,0.054366454648127,0.023636199959634,0.0456219614754881,0.0420032239614217,0.0363247894140603,0.0387329949798808,0.038017873253505,0.0283330301481919,0.0376756642623441,0.0343952927113177,0.035311225961605,0.042435577457487,0.0355890549284476,0.0396869939140012,0.0411066694165922,0.0459049499063059,0.039604741073485,0.04105812877114,0.0477937702869241,0.0417286584350365,0.0383541152070993,0.0472167697419658,0.032812651078668,0.0389108930156881,0.0334604354609041,0.0412088918940145,0.040554419497013,0.0388173844718703,0.0359066242455856,0.0341909855324999,0.0436058110408195,0.0249447712840851,0.0305375227056886,0.0249892120112291,0.0327518485673205,0.0203614499127218,0.0392076121713048,0.0374268294256816,0.030058120331788,0.0287398747060307,0.051124959517191,0.0402984296739568,0.0353552195077037
1370.02444611745,0.0254662331804883,0.023457639655767,0.0234795436062487,0.0154003724554197,0.0317874028550577,0.0332947042555765,0.0221466934829788,0.022003999051481,0.034258789850688,0.0265779452866578,0.0200496614888662,0.0225915636701892,0.0246724279683534,0.0253863920889038,0.021106511150186,0.0150001489927843,0.0173205593208368,0.0252670807912052,0.0303005036621438,0.0240692087761863,0.0249802591092779,0.0274560627774822,0.0227471307671731,0.0266054382109255,0.0227232362393803,0.0219711886838637,0.0152528020653909,0.0324952229100564,0.0176587527541023,0.0324453801541952,0.0167307825335976,0.0183142804300567,0.0216708382355919,0.023306068487846,0.0337328988138231,0.0225308163290093,0.0358255943411334,0.0320224987720118,0.031112354369067,0.0198370431725309,0.0288030580609392,0.0164703476423819,0.008838490393061,0.0259254062483303,0.0207025135060299,0.0132042111647451,0.0193185024274801,0.015586941684398,0.021606585610668,0.0377343820871784,0.0257856410926977,0.0170647671148359,0.0278936441844621,0.0242836606828925,0.0258159346168196,0.03292127543677,0.0283710277509933,0.0226066165920499,0.0202714675746482,0.0264640117235592,0.0271984767965729,0.0260273187138925,0.0296210275707989,0.0288168231992767,0.0269432526838022,0.0101881329764525,0.028073928912568,0.0285475931649306,0.0241114334397568,0.0278950358423426,0.030932359728074,0.0249817750962873,0.0420884023431223,0.0234871065586334,0.0134018048655293,0.0205354638099076,0.0165924113414454,0.0311342988644093,0.0267113843031326,0.0133893561576482,0.0184432428580887,0.0208035165418441,0.0225008192509915,0.0283341037954917,0.0296578069083732,0.0218385118899567,0.0156625619040705,0.0110016111601915,0.0238190650783693,0.0182222265676523,0.016753016021239,0.0268503571827277,0.00819159729959807,0.0206326615412274,0.0262814862458825,0.0195111363507493,0.0178005669490161,0.0206999784606501,0.0280790416957164,0.0461687763840103,0.0173044569776476,0.0232916503757156,0.0257211363064709,0.0235199521779775,0.0234237339948809,0.0207466047732787,0.00590009884162013,0.0213379075559796,0.0176099127604206,0.0258912710099386,0.0293872844869157,0.0233534905951896,0.0287170481294227,0.0204757601577746,0.011318387369245
1372.86355760183,0.037045637609259,0.0483408293019471,0.0376439954348203,0.0491756844307103,0.0429131408037719,0.0309393059231973,0.042280060356634,0.0448267440608815,0.0425457344456779,0.0496538646560157,0.0347813604747017,0.0420502936624127,0.049167420974513,0.0485995681653768,0.0326624394059932,0.048683153443593,0.042308790111859,0.0457464915587022,0.0431662487709181,0.0348556300470464,0.0361851416390146,0.0472344851340899,0.045772319987897,0.0445637501163709,0.04344422411245,0.0273092148837534,0.0431953928871505,0.0499672673457922,0.0433214236576201,0.0400430519870907,0.0485674112243325,0.0432176465147431,0.0396344521812332,0.0395760728965934,0.042067890169014,0.0379986670640217,0.0401752736517149,0.0352948730061546,0.054453027067074,0.0364525079719404,0.0337820414634488,0.0345240785527488,0.0434896250030704,0.0465472657489743,0.0428420204140246,0.0342302888501341,0.0377480912850318,0.0614656058542932,0.0427626056400663,0.0287716341414151,0.0533070387562979,0.0284728146949437,0.0477003873248543,0.0539413970222551,0.0327438475080408,0.0397531371962903,0.0406460199977995,0.0391155387974706,0.0451607092763494,0.0378434403158483,0.0444915383278361,0.0538080112469244,0.0455360592357052,0.0344602612077481,0.0331058061367658,0.0335930290050262,0.0345146687142311,0.0448351177375875,0.0451608790021871,0.0436254086495247,0.03195650515749,0.0545750427378547,0.048288067807392,0.038643635872824,0.0301370447210983,0.0428646692073193,0.036577843693632,0.0360544801279146,0.0388060243077358,0.0414441108293692,0.0394012556558629,0.0472221727183559,0.0322560768752624,0.0415434986031411,0.0535044499939604,0.0364084425841326,0.0418323903826943,0.0390602187243684,0.0363413470222377,0.0407466854572663,0.0415625545775278,0.0397741157407642,0.0348652769628307,0.0362373377991571,0.0472299546305477,0.0373132401194973,0.0422095481927616,0.0380210577596265,0.0431115443282668,0.0523813908293929,0.0456927960939428,0.036480936773342,0.0421099386576615,0.0445512202564462,0.0441915658794941,0.0395941685623305,0.0428739784571581,0.0375903846152384,0.037744004860249,0.0441234497193743,0.0423361662202846,0.0313910172195177,0.0390213260031495,0.0363090073726026,0.0454267487372423
1375.70070119878,0.0358212702924981,0.0311399838456892,0.0341966899070591,0.0380811669902867,0.0438410662536113,0.0356995275183488,0.0410747432053426,0.0388322500953372,0.0320843562643298,0.0353304931605651,0.0457752515186662,0.0309710463918364,0.031200124808797,0.0322535056913755,0.0363947955753439,0.0402259073594013,0.0268506456946967,0.0309699527749968,0.0290206547673624,0.0235901949842412,0.0332169709643593,0.0314214778849368,0.0299359692958103,0.0433049829163235,0.0376016263168164,0.0304509298670846,0.0395690530993164,0.0320369590291407,0.0374739065237541,0.0399026761712567,0.0290424389642155,0.0394713256561243,0.0336707825826398,0.0309637727024162,0.0311410425933607,0.0366939880188226,0.033317304360655,0.0335083023396082,0.0451316516948866,0.0391958011463662,0.0376323866804744,0.034376180730222,0.0267476888784972,0.0357407152734668,0.0409817599937884,0.0305834120292957,0.0364597769739752,0.0312683990285864,0.0314597056195125,0.0292653837293248,0.019183990021449,0.0393192439198806,0.0341207389892332,0.0411639744061847,0.029705557681772,0.0280552382219796,0.032019680765437,0.0300209753281409,0.0427558249270683,0.0284454933782507,0.0356374251965701,0.0371011183725592,0.0215900157260521,0.0372362504067126,0.0295095739838808,0.0351081753149524,0.0382157177267793,0.0350983167542407,0.0326480057445202,0.0423133670186839,0.0341572538093629,0.0447440305578187,0.0360388911928612,0.029702466420371,0.0235826489926003,0.0303021187389583,0.0364386020911656,0.0324638174061982,0.0447899214990368,0.0230905411084138,0.0252905495636314,0.034248112698669,0.0397128162626389,0.0309553643977569,0.0315751916518738,0.0379174916933452,0.0427899795631273,0.0306599096416412,0.0413715712281315,0.0309761182481435,0.0399075839225488,0.025480741461806,0.0308240009185639,0.0319412531612458,0.0361498325131414,0.0320282351617149,0.0334444802197983,0.0446327734603916,0.0277410166385885,0.0349706230702283,0.0276996982911772,0.0324889493726551,0.0260272870203183,0.0431548822469456,0.0365374330607868,0.020381887797797,0.0311345743001505,0.0419870555426172,0.0515195557735996,0.0280389146525933,0.0286549434511512,0.0324471311908346,0.0294881654221094,0.0320364925693255,0.0343988617358769
1378.53587879364,0.0474302086808789,0.0648006137797867,0.0649144727987793,0.0634085707359461,0.0633545811510561,0.0612305550978948,0.0678087514408565,0.0744988888055266,0.0741720905418611,0.0616882814940493,0.0583909487982344,0.0679167017319782,0.0614651777879183,0.0705444711606058,0.0625377713330395,0.0542296908937837,0.0631075643953788,0.0672160748192704,0.0711061660942188,0.06474678106695,0.0668226581645543,0.0579056388658713,0.06401655452755,0.0669486990382905,0.0504347430119718,0.059030916075888,0.0704135191760734,0.061713177379273,0.0603518098195586,0.0613734160504539,0.0654769855272055,0.0679161842015095,0.0738949277340226,0.0670673641706671,0.061616914710881,0.0672972905616635,0.0674350486202521,0.063309435149934,0.0587569838367269,0.0477407192549484,0.0655094506137955,0.0604287591711461,0.0671401061043942,0.0739762116159312,0.070180575421028,0.0675106344590568,0.0577364835319591,0.0726336012920845,0.065636756324373,0.0645894868390504,0.0599888323920736,0.054792630323108,0.0639194563795202,0.0662617329077691,0.0695438727153596,0.0638931170583769,0.0595856314440715,0.0732898654467773,0.0653502686285265,0.0577583401193006,0.0645875201589451,0.0660997760379474,0.0655096923952867,0.0642407408899985,0.0661739558445674,0.0658435655268101,0.0711195050936191,0.0763217944917567,0.0702210388680342,0.0551324891005195,0.0630996969160459,0.0623633985625669,0.0768865157940729,0.070177682802501,0.0560793705688743,0.0556203827744429,0.0650846721593625,0.058443582547179,0.068606930854948,0.0695142851642109,0.0740049268161286,0.0695191880916404,0.0680007852750438,0.080782784483974,0.0651811406167505,0.0672973000162375,0.0523619893966768,0.0534541893713505,0.0764423088425269,0.0631652252567603,0.0693511425451885,0.0673330111458166,0.0731826196705753,0.053433202940188,0.0657101374807734,0.0616915834309269,0.065320760061918,0.0738356236177093,0.056257555007698,0.0648500659050458,0.0624968992752139,0.061756990543915,0.0654823312319227,0.0688183944420826,0.0601775597338834,0.0634884819389772,0.0605972629872812,0.0520507975644683,0.0600955248433768,0.0611766540767064,0.0665760843168161,0.0714140109463744,0.0643452231963139,0.0628453268031206,0.0623275339789378
1381.36909226928,0.0272643465373682,0.0334145437151709,0.0317522604871678,0.0224214498263397,0.0406376351680665,0.0469041865621296,0.0409000288288623,0.0327613619351559,0.0246063038631316,0.0311270015986972,0.0367201637090485,0.0383167613848979,0.0441021096423883,0.029702978477566,0.0310273022450251,0.0337580758033469,0.0308204670397772,0.0361912918776028,0.0396947171696643,0.020411230891011,0.034417499167314,0.0337773312098435,0.0337048919234026,0.0346094583278756,0.034442614934388,0.0389890410099262,0.0444220602709173,0.0360652546661126,0.0292019090353586,0.038004832434447,0.0339954340061159,0.0296862423847592,0.0343281439243834,0.027929385856404,0.0308764249483589,0.0414006968057424,0.0359177938410648,0.0277261593167329,0.0408671456290133,0.0244760380498153,0.0333721271515024,0.0346939162909298,0.0350054999102848,0.0381502983365795,0.0326215952306335,0.032740422033517,0.0277244326847841,0.0362197215332622,0.0277954123902994,0.0314790163811061,0.0374207721677809,0.0316562420083031,0.0327905878018361,0.0357308140677785,0.0348308317476732,0.0232494493287768,0.0334641927299932,0.0235699847745226,0.0310180176944156,0.035106224016977,0.0319268807842534,0.0233159213752067,0.0302870849323797,0.0364925248745869,0.0281123319599278,0.0258262506247987,0.0335442136807636,0.0315186608075279,0.0318189537802721,0.0403222951467274,0.0298876942694837,0.0354145927250016,0.0317789697013614,0.0412709296564804,0.0443123612453135,0.0271145424824056,0.0327522726412146,0.0327163167096116,0.035085096715372,0.0213878500114427,0.0389870113471736,0.0430473049023727,0.039057728126995,0.0237616038975873,0.0324058658594538,0.028472706786344,0.0384420466330246,0.0392015733098445,0.041659727596345,0.0324508582425839,0.0268558313473251,0.0308393984824897,0.0297446843662244,0.0286658640884601,0.0220440454511887,0.0248824974807829,0.0371293593173268,0.024599885946519,0.0338977616469608,0.0267134506317746,0.0311946407990662,0.0354400043605372,0.0376170302786209,0.0421320387683528,0.0269597877849207,0.0321915723106592,0.0314853131581682,0.0321710511923562,0.0460899681062408,0.0353940718770982,0.03421604960634,0.0316891337125237,0.0303186894679131,0.0350327987216623,0.0366545470485079
1384.20034350613,0.0291613820931704,0.0343011792953487,0.0266964535445153,0.0427926462480684,0.0332568449825121,0.0309546698262395,0.0391932764314635,0.0390923826202481,0.0233013648812524,0.0352827079334897,0.035429615942327,0.0300088572212813,0.0175701187188942,0.0356955758650132,0.0269667616562739,0.0324629950706794,0.0345138861306353,0.0409957793079245,0.0331636782343266,0.0307046275228647,0.032584184671034,0.0313616869532741,0.0301004523112195,0.0288698960784409,0.0405194343911554,0.0377534698422738,0.0287829134324294,0.0331215422756325,0.0318442688308085,0.0379089314712278,0.0270766228122117,0.029497868691429,0.0335389467388208,0.0363367809592686,0.0194276239522086,0.0272687666893594,0.040326560275865,0.0378257006039488,0.029872352404013,0.0237937475159878,0.0435565225239,0.0374368686278417,0.0348729100296184,0.0220563221184857,0.0243648040301647,0.0332543221211481,0.0208414581808524,0.0316198163436407,0.0377961165729693,0.029068600015281,0.0229354430398764,0.0419717033910062,0.0315626286920627,0.0212768885603641,0.0271419023417664,0.033039468182911,0.0407089244903012,0.0328967185452882,0.0216853909134534,0.0251752913841721,0.0248618769611386,0.0386988078345523,0.0218634517373373,0.0289375728266646,0.0297366921207675,0.0262624089568389,0.0284763223176875,0.0405064123207022,0.0346670117844688,0.0325854282249396,0.0280658519228818,0.0284859597616882,0.0276519467969547,0.0241417273776009,0.0226564915339374,0.0187404550945385,0.024602201576033,0.0297392835901272,0.0227376509299902,0.0260034827924144,0.0271843182145804,0.0301186757998828,0.0222725911291982,0.0335448431273069,0.0334157159241712,0.0271835485019693,0.0274035091396582,0.0249644821305151,0.0328760036638338,0.0368945128881249,0.027547559798147,0.0304846965181753,0.025169416092855,0.0314441184653992,0.0178742807954331,0.0354179525605502,0.041568640053189,0.0278694582069611,0.0226675630301652,0.0260662941107646,0.0219455791375509,0.0303462477519816,0.0239432162366032,0.0258182459529581,0.0347048855163334,0.0234085406782423,0.0325538950094768,0.0377423967472392,0.0245675148482139,0.017636812492091,0.0307826297067313,0.038037507800197,0.0325082663618395,0.0377030042077683,0.0301851034030909
1387.02963438217,0.0351756137655907,0.0461379143102044,0.0442390453693095,0.0432306729314353,0.0323917115407889,0.0314068136740541,0.0375021934152812,0.0331584756443732,0.0354128846679494,0.028066478245317,0.0384410473745755,0.0391741196094328,0.0295126718842808,0.0383587956014756,0.0307601656522198,0.0383003259754268,0.0269834161196535,0.039304413331349,0.0434052038450142,0.0377031075198372,0.0433159483723633,0.0339684768603601,0.0398576315024628,0.0412456621109799,0.0358669650450254,0.0254791622158347,0.045318016364859,0.0390474059559447,0.0305615149343765,0.0167854628948118,0.029878458285473,0.0381008865145225,0.0282044260776103,0.0362717536585144,0.0289715385813388,0.0416879827507517,0.0296005023997911,0.0332824364195998,0.0337987452641662,0.0329639958842037,0.0303162205739494,0.0225480400588647,0.025616362210571,0.0336881686127477,0.0213953994757508,0.0226155043924913,0.0393427878437533,0.0366883193200633,0.0247856524325288,0.0313946001928923,0.027481826507366,0.0223250628273271,0.029178294396459,0.0320784176377853,0.0229916181568261,0.0445835653371756,0.0389238274414448,0.027201758129118,0.0361904707040334,0.0296983569932754,0.0393230401527,0.0250224752924771,0.0408341345896297,0.0311989298416776,0.0486247688519993,0.0345766848310764,0.0443506691775252,0.0313952989178087,0.0228036242713428,0.0348629285734138,0.0280022209886607,0.0284313785775064,0.033925673683651,0.0299643532994889,0.0254866396433248,0.0340481532678097,0.0320034644006729,0.0404186387897351,0.0471560029417167,0.0415234987711428,0.0301091222681171,0.0283807676112728,0.0361492152500315,0.038696850534553,0.0338681399151399,0.0315943675692851,0.0393131000941129,0.0342746717942824,0.037965431436519,0.0345510165626955,0.0322837201799806,0.034035519670934,0.031626109614448,0.0318947741487079,0.0400404872126835,0.0386434792637451,0.0345784836234476,0.0317185173779388,0.0243219945895925,0.0369648009917164,0.0388095262987875,0.0321460013837105,0.0197357294438137,0.033687577774018,0.0265405437746378,0.0290631039688919,0.0353783514910263,0.0388067656618066,0.0355071491583269,0.0239261794606603,0.0341668390859667,0.0362390371577225,0.030042056994877,0.0265915503241321,0.0282454628323861
1389.85696677295,0.0504345742531938,0.0355739178865572,0.0353575585199555,0.0501679277471606,0.0403636189810549,0.0466221671141258,0.0445874408829605,0.0491310588338611,0.0486114012369166,0.0544830817170775,0.0387872943227658,0.0565379214508898,0.0305645624864114,0.049397626855532,0.0379285466368962,0.057292358580787,0.0408228365470305,0.0408847186780403,0.0406900519864424,0.0436134484383133,0.048606018322023,0.0382597741031917,0.0287418033903215,0.0462833909693984,0.0431049309874571,0.0469340543694041,0.0463641714894106,0.0322607266134274,0.0495605723641499,0.0355476408171876,0.0395468151033928,0.0432103120311409,0.0451166223485766,0.037353693587545,0.0424996010693664,0.0426926481965942,0.045261900589695,0.0451050970794506,0.0423273532791001,0.0328919270983976,0.0405315363323799,0.0384143309815679,0.0443637581615884,0.0410710091997286,0.0442141138283311,0.0337414801287811,0.0477110246660489,0.0485861814381523,0.0401328805766974,0.0449481171416308,0.0435687703066439,0.0395895268906682,0.0502492896767255,0.0406006212871627,0.0358843691768651,0.0462914741380492,0.0428063775917197,0.0421272159392939,0.0530350402940949,0.0336591777974591,0.0340329021196582,0.0392510793292493,0.0485129267346989,0.0507713312361257,0.038207068204854,0.0339198247100091,0.038761250764477,0.0551310695472281,0.0368748417077257,0.0453904112476957,0.0331830775871209,0.0358225733824935,0.0436765399568323,0.0505053951828628,0.0335764185403505,0.0452304418050131,0.0451742395101342,0.0403144114371397,0.0470889420508055,0.0461694440483112,0.0296540707598492,0.037833730424013,0.040789173541387,0.0380562170096405,0.056086038869282,0.0394313389861075,0.0357578057420452,0.0259519938563839,0.0396055003365811,0.0327892879410462,0.0496988947037741,0.0464937748777355,0.0334600476544556,0.0382185086268442,0.0479169029723156,0.0407571715307692,0.0327531622822924,0.0451778161623988,0.0376912862245319,0.0426896838695493,0.0400301649747332,0.0402662178091549,0.0468493061158671,0.0438736947973088,0.0468274245819292,0.0370407561951549,0.030677263356473,0.0455387927596451,0.0429860130931651,0.0548344960088488,0.0421012179576629,0.0484483806754407,0.0462756698096903,0.0430888085632058,0.0432521383579754
1392.68234255156,0.0287919436742601,0.0408809601046864,0.0308978346396797,0.0296914902453972,0.0358173652319752,0.0312661570158524,0.0254071317443226,0.0426944237370823,0.0323410805080131,0.0299456672060519,0.0262855115038788,0.0384544488957,0.0396684641209754,0.0275665753071251,0.0383940407428311,0.0253855928011171,0.0220842306623428,0.03705473704841,0.0347479947612842,0.0313344240391462,0.0222626610582807,0.0358905375982794,0.0431731613056232,0.0405894299355631,0.0486617346955914,0.0219784293074233,0.0290502483533157,0.0310235769382701,0.039865102812923,0.0249762263830268,0.0303933198702139,0.0261060872801227,0.0386724618233671,0.0322268549097624,0.025994533396951,0.0341997173810241,0.0283943651049825,0.023680110701145,0.0250742441574019,0.0264708765516956,0.0307527122554608,0.0224177385221298,0.0299972524463112,0.0228883385034539,0.0283907092629084,0.0219588411896042,0.0279056595767825,0.0309718542783544,0.0253839198153384,0.036094388365494,0.021638584089679,0.0280451721606361,0.0514125488542536,0.0273397417423512,0.030591865136019,0.0236753216026307,0.0257884680238739,0.0325638747841314,0.0332897897237473,0.0278170472306824,0.0322466087517807,0.0297611516629429,0.0490662132833611,0.0346163450404703,0.0260805680847043,0.0248536228196356,0.0282300850248484,0.0324651608142897,0.0250425657286871,0.0306418844402494,0.0308260935101917,0.0335123772103833,0.0263247617537735,0.0204846290426256,0.0166296138773663,0.0386796271162787,0.0313163130478694,0.028290003793975,0.0325595655777788,0.0296252894583429,0.0269510299544708,0.0284809115829928,0.0200018885081096,0.0258153012254166,0.0268051353206817,0.0256809178679841,0.0299243792187253,0.0317642634976402,0.0245156533961725,0.0361441023798981,0.0314404053887203,0.0439623279473557,0.0318310007992906,0.0252281439044962,0.0300597579127261,0.0282363846314358,0.0315151317231656,0.0338183229467623,0.0247531735177306,0.0328635116080815,0.0290873482014466,0.0317792457151439,0.0314510422338071,0.0189735440844658,0.0312997991297356,0.0329194388956947,0.0219313719106974,0.0291109082081988,0.0325191751442224,0.037694560817382,0.0296422702398536,0.02627557262101,0.0210689536791147,0.0348822859746603,0.0221535307985824
1395.5057635887,0.0394675756420478,0.036362533710198,0.0352665492818749,0.0256890030748782,0.0368587202699935,0.0350432769175336,0.0275966924890679,0.0373414630886446,0.0310958680578582,0.0379569299670446,0.025053454396683,0.0345711255670563,0.0235316142665922,0.0341768739938007,0.0371958063079864,0.0334597291015945,0.0264016998284206,0.039209888816253,0.0277413217366706,0.0416888190907462,0.0275830684416542,0.0257482245491066,0.0332503162922048,0.0377391314295576,0.0253940339597645,0.0351738117770936,0.0307031243133117,0.0303555844815977,0.0290597186966075,0.0443231653947425,0.0349569357284706,0.0300788778802899,0.0231230986069128,0.0242864103601659,0.028214798512174,0.0329956676376297,0.0255701645650926,0.0338437485005016,0.0256092037270936,0.0293241849674618,0.0427146798573316,0.0405920961648027,0.0333534545633228,0.0244381602246126,0.0248839196432067,0.021948528866535,0.0272835502557759,0.0264334103296321,0.0230509574684372,0.0254865829812869,0.0348756746691892,0.026893595522415,0.0215344225911056,0.0232727173902041,0.0305998873252928,0.0248355001452953,0.0342233658247708,0.0330400343146809,0.0269240252410084,0.0300762780225618,0.0229181867547304,0.0280017220611977,0.0270196083657556,0.0259721014543662,0.0260438361969885,0.02478927478386,0.0342357545981141,0.0256645624927202,0.0297200596080936,0.0276727059943707,0.0261606095229304,0.0317893255077309,0.0234130403961928,0.0328238242394215,0.0270824003203126,0.0285953583682989,0.0289822943679321,0.0225335663024671,0.0386483422185196,0.0274246897480165,0.0355807730026047,0.0314956075519375,0.0339244869774582,0.0333363142933492,0.0255861625359531,0.0307062552429267,0.0269729434098616,0.0264151628664684,0.044086596729092,0.0253434300212428,0.0431301009579537,0.0308873345177503,0.0325372181113814,0.0403697316371712,0.0259507114580435,0.0179847555333,0.0320089602591881,0.0275540633403731,0.0328895867193689,0.029394651819616,0.0320790110693055,0.033625397923564,0.0166595915356415,0.0372462767293546,0.0288681255024629,0.0328521753609598,0.0265437780153917,0.0302212120044362,0.0359739684106736,0.0320136363737629,0.0245682856447847,0.0332692261643331,0.0268239777872586,0.0261164277315275,0.0309822793588595
1398.32723175259,0.0383661015241981,0.0302198510481629,0.0468113998200931,0.0341708528317165,0.0379168717864753,0.0421138354992937,0.039110572835193,0.0346741061574385,0.0330823741245257,0.0497791249272225,0.0313396407528113,0.0410690765802406,0.0269273961564929,0.0430321118696864,0.0365735529042862,0.0464770216789634,0.0459079700066729,0.0402961110239483,0.0396699649396724,0.0415773460031565,0.0394668334875169,0.0367629830113921,0.0419119578723121,0.0394295438504267,0.0400297262470051,0.0345676083566501,0.0346694943104783,0.0335772501373909,0.0424772428372573,0.0287992668579164,0.0401081256371853,0.0311435634288261,0.0338111775113699,0.0367318589076011,0.0349866169439636,0.0362829189464674,0.0440838768997515,0.0400772437998348,0.04794537674751,0.0327724553515264,0.0352545192842307,0.0348734493058561,0.0401526075489853,0.0307989612531838,0.0424798613162726,0.0395887941981814,0.0385158243643594,0.0292926082536049,0.0325437082865135,0.042629167264483,0.0400611429900007,0.0395938983517736,0.0473414943653944,0.0421671588583237,0.0376700106803522,0.0404998257675809,0.0432388084942503,0.0379867832681827,0.0374241186439793,0.0404370207444023,0.0409302812207575,0.025072321739941,0.0395100511899374,0.0380984054418277,0.0421215618249474,0.0303570480243867,0.0341985055816447,0.0369936743342265,0.0279337044411855,0.0441293386940091,0.0354553768031235,0.0489440320365398,0.0482120633053069,0.0445909896452387,0.0358038069944401,0.0356853892237756,0.0381723322972026,0.0372546263146632,0.0436390293683098,0.0464452473379012,0.035738368571481,0.037467205925962,0.0513321423478665,0.0373882465795633,0.0409817019975036,0.04939106038187,0.0280503060783958,0.0387310568244387,0.045773078077132,0.0491346836337565,0.0479278782864688,0.0417255029485683,0.036158659754303,0.0391262826542387,0.0447450436578082,0.038174916516047,0.0416735400025349,0.047832872745399,0.0369473860677883,0.0351659125389949,0.0356664305810987,0.0412192622675978,0.0520909209081713,0.0359697497704454,0.0401012746785478,0.02530134848655,0.035813159514744,0.0375648637078424,0.0463977027820295,0.0360753189201412,0.0308477167765226,0.0338656694265668,0.0331787983272098,0.0259892103145839,0.0403907567997509
1401.14674890907,0.0434335198754498,0.0448692977178793,0.0512113178848222,0.0436665709430572,0.0468841591534679,0.0355457394538227,0.0517359420441702,0.0453710244874126,0.0388368154541047,0.050772342981977,0.0397847465844271,0.0492192522820109,0.056744148212721,0.0396407232240161,0.0320483136386107,0.0518458797423002,0.04800956968144,0.0500809270303009,0.0348587983995876,0.0497564986576194,0.0491834747321337,0.0394486188116027,0.0494297225022954,0.0552765838097936,0.0495917637687183,0.0444782720478462,0.0512861433035405,0.0373683758712582,0.0474668321521021,0.0531616110414325,0.0292922164691461,0.0427554610417089,0.0485052751849004,0.0339155612121354,0.0378057804764879,0.0440616132728802,0.0384857488964001,0.0485824646367451,0.0387674467926373,0.035658566746158,0.0483920328072811,0.0434020899910315,0.0366861510104456,0.045168374409633,0.0401775295915243,0.051367387793724,0.0463808220028457,0.0526098911544418,0.046776990567129,0.0385451342218153,0.0429576805887738,0.040780588481657,0.0444514375220983,0.0438681128397835,0.0471052616659408,0.0492261721885526,0.0494432497576506,0.0373799646055833,0.0525884433716903,0.0554341033365353,0.0519819209286501,0.0310604821869192,0.0347574928595525,0.049088164077977,0.0386679932510137,0.0449269692689994,0.0380316069407909,0.0409798403776798,0.0379448520439973,0.0500148567757331,0.047671130576592,0.043251517453629,0.0493707694164048,0.0434359364078023,0.0422113649096292,0.039833920884722,0.0462275566070663,0.0497183354341885,0.0508727570762991,0.0368255763122911,0.0466631814015545,0.0399259576979015,0.0554560399235559,0.0420366989563375,0.0363596860514016,0.0282971399297248,0.0578098335616364,0.0481219473808313,0.0520947033359878,0.049701484094905,0.0406532297705835,0.0564699456954886,0.0363175677967782,0.0402420076727285,0.0566887145150473,0.0437310395172128,0.0399094112295373,0.0506307007867818,0.0410214442632385,0.0461417139378946,0.045649261257136,0.0385115277112095,0.0526895013636114,0.0571507807973601,0.029738470146976,0.0385346371708407,0.0381377041340066,0.0494462604336401,0.0574170911997855,0.0493075682733588,0.0343081833494424,0.0373932664294158,0.0512274080035624,0.0396745605598978,0.0407846451461151
1403.96431692153,0.0223674488501358,0.0300111824119984,0.0352468685832295,0.0172708804052292,0.0284779812261421,0.0339099946004087,0.0238605377624541,0.0309896932989468,0.0242361940865633,0.033887814482485,0.0289510429820773,0.0301063467818762,0.0343418695951358,0.0267897204090338,0.0241801285530299,0.0178133612865793,0.0304588168084557,0.0202702531527434,0.0284429401350724,0.023748818088214,0.0256302828185714,0.0287981677855554,0.0302727436935154,0.0202325401398765,0.0320262105382631,0.0223489200024261,0.0294443335132885,0.0267875410909937,0.0282660912269026,0.0216107309087789,0.0236310452047549,0.0146041426745451,0.0290128420077677,0.0305494476521947,0.0207976379033554,0.0345096577498488,0.0149481351024972,0.0091820448058154,0.0376322048765639,0.0264099395124893,0.0283866973224908,0.0325920699282082,0.0298085870658534,0.0243803358956562,0.0232486542344977,0.0261305374577896,0.0243814766244492,0.0191593002991864,0.0185153781082601,0.0232661014207257,0.0228202953690396,0.0344892594276868,0.0187242945938047,0.0283757271535593,0.0242644948158968,0.0324700229795514,0.0240074559770533,0.0323335354356694,0.0230290257317338,0.0277082874426583,0.0275858904793729,0.0251982332023462,0.0187138391166163,0.0306927208080869,0.023157422763658,0.0381702665733107,0.0303147848451313,0.0274340877930086,0.0255875349638685,0.0247431833277342,0.0267846830230024,0.0227140051986421,0.022273469511191,0.0322993729024516,0.0125131260726293,0.0268416119674128,0.0186235228508211,0.0195702268586507,0.028610335575244,0.011174483147712,0.0168621586599991,0.0241676974846489,0.0272144034882687,0.0223083257685032,0.0237402065449989,0.0185890096060366,0.017638788676896,0.0245851990554523,0.0197449742695206,0.0208088615212013,0.0236088166406481,0.0262147478402472,0.020838084122164,0.027901758478997,0.0245891415142747,0.0273284271355988,0.0175613384787029,0.0161932474915016,0.0316578277042156,0.0254241458598639,0.0208511408774844,0.0277951211729034,0.0326314322015856,0.0271339865692756,0.0205288405032114,0.0264011236666816,0.0300369753333711,0.0302548420148629,0.0203624091903032,0.0282245576630479,0.0196435035365801,0.0304428564041695,0.0167424519470947,0.0171594420180482,0.0270846688122641
1406.77993765095,0.0310565435508762,0.0304781246091067,0.028111442085111,0.0402653984618212,0.0314444002322322,0.0240979165423436,0.0272111835424124,0.0267693809774584,0.0294858991507304,0.0224413301903212,0.0299235943666032,0.0241030206846325,0.0268805501662896,0.02231520235575,0.0353647385092051,0.0259522305806349,0.0337169163182515,0.031173762802333,0.034476442424989,0.0258917215319481,0.0217368275648564,0.029291007865343,0.0297007114767773,0.0344147041062766,0.0235245340081158,0.029528150342004,0.0277184584219459,0.0322714334075384,0.0254074419123153,0.03105390808244,0.0351127531611304,0.0192306180381836,0.0311979715086212,0.0221069611677015,0.0304528257238912,0.0266517070664391,0.0290210700118188,0.0233587644735625,0.0267679807615529,0.038009012028649,0.035268141122166,0.0320448418192537,0.0337999691253427,0.0265228343023954,0.00926531174863435,0.0297131071958268,0.0288949738462607,0.0260414578085562,0.028059528240446,0.0251163627604106,0.0257494567336256,0.0126491721974528,0.0270011929512024,0.0249460069207296,0.03784332241076,0.0302184738253681,0.0285473057352315,0.0217338294553914,0.0266049399956624,0.0294539177382267,0.0229729505363851,0.0341876067436926,0.0372077135407042,0.0134670636122376,0.0231868321799139,0.031429660416176,0.0165554732578523,0.0303203001257744,0.0250280218583336,0.0283086153262699,0.0268311842989209,0.0216262710146965,0.036157900535702,0.0317653526976605,0.0160413148174737,0.0274741919948434,0.0244095667116644,0.0297931954711454,0.0225120112233995,0.0285236027077566,0.0391363870871387,0.0278356208112096,0.0365744352654997,0.0316349375732705,0.0305975721827404,0.0208353111844568,0.0199101393061343,0.031656285766919,0.0341824926204627,0.0259417741483642,0.0244249853041719,0.0176501535225221,0.0198704743844714,0.0308075272380756,0.0308426720818778,0.0278452536026027,0.0398615543352998,0.0201519780408563,0.0299152545534214,0.0202889903641149,0.0285465160259595,0.0251196515665603,0.0421233394689092,0.0299328540656133,0.0357902392184502,0.0252449233390949,0.026013580950564,0.0280369480479863,0.0383675964642524,0.0300448180570648,0.0220016831812927,0.0328370453934873,0.0278170018700642,0.0349009427720094,0.0246880872643939
1409.59361295591,0.0141251818226655,0.0112790797727023,0,0.0104122240664902,0.0112158252551407,0.0257729179835426,0.00977249391757557,0.0247013485630101,0.0149169044459762,0.0126374676353136,0.020192776764062,0.0252081004745894,0.018287902857385,0.0117256017021837,0.00961331855435401,0.0237057894105859,0.0156370920388956,0.0111641845087113,0.0075545462786657,0.0241892353450808,0.0124027027974719,0.0125536360091559,0.010577746514644,0.00958437723775406,0.0218249263908246,0.0107472352883105,0.0110789791373997,0.00788870235598413,0.0281950223081122,0.0078418652081155,0.00722271897932032,0.0115895180730155,0.0157280327675749,0.00858824708268338,0.0106427320989191,0.00761837850108011,0.0128103964754932,0.00936287525260008,0.022226897602599,0.0166427322245422,0.0152958372444583,0.0150055251934334,0.018958241767112,0.0148247968677969,0.00935654488035271,0.00744891991452892,0.0103096560504811,0.01136205189222,0.0140033323601949,0.015771928273403,0.0125600429052973,0.0225328157577892,0.017129219229063,0.0175170594058806,0.0291278277834837,0.0100184998858471,0.00936115481624396,0.018946730474186,0.0133471696408549,0.0225526094285048,0.0247716307878826,0.0153057561112229,0.0200086424065788,0.0100944935522555,0.0249579587816381,0.0269518853499386,0.0198844446755615,0.00435363918030849,0.0197724749799602,0.00542257420106096,0.0193407242342082,0.0211264168946398,0.0212096424342694,0.0159571192542556,0.0131777568001448,0.00978294704305299,0.00949730335334318,0.0167293962798283,0.0175435087207185,0.0132210832831177,0.00993373881609727,0.0162276917879962,0.0187733837248439,0.0160042400604516,0.0134311734239461,0.0196868801193252,0.00213098043116936,0.0134478084554428,0.0134134831133301,0.0265560166533574,0.01719857743457,0.0141037958374271,0.0108023006980713,0.0155716094425617,0.0205186495562987,0.0126015846111661,0.00838986263515654,0.0122742984565883,0.0153202668678678,0.0174761552021814,0.00262112740759094,0.0132894140438101,0.00733231894598276,0.00915501357653574,0.0186503561485045,0.0148750935386564,0.00634433125070266,0.008877760987621,0.0111960231947788,0.0158599887363444,0.0204075298529405,0.0107611998405872,0.0108815164801168,0.020466322147205,0.0132773577004618
1412.40534469257,0.0115671257136602,0.0238075191528609,0.0199480576853848,0.0294508520916093,0.0156099187731874,0.0170870863398626,0.0279404299681866,0.0226500416579212,0.0250231603684763,0.0239964559599151,0.0217325593697533,0.0236013868403468,0.0188963652249421,0.0145291403094706,0.0146726820885056,0.0253083397533314,0.019490346741882,0.0264427830109535,0.020649593896334,0.0318812830836559,0.0238199401355706,0.0264319728860851,0.0123610398504299,0.0294554899696699,0.0286240044627877,0.021827891585188,0.0174270364373766,0.0161727509669988,0.0163628485870477,0.031715497300717,0.0198809942109297,0.0150812789966865,0.0179456705767826,0.0171536723964509,0.0180632260436113,0.0333642719050363,0.0201828207939844,0.0258289451166524,0.00853042151014052,0.0149671839611993,0.0216389080506889,0.0241684644003491,0.0201265230952935,0.0233929915136406,0.0182509286365842,0.0292875213062496,0.00921714061252535,0.0154378081123253,0.0218112075469779,0.0318183020547333,0.0299287824124739,0.00649114556571498,0.0342297144574787,0.0135464080831637,0.0145581018961667,0.0211295432571538,0.0212815059578199,0.0245292904055461,0.0157939273666583,0.02144335397404,0.018447707655305,0.0326373428183153,0.0111597226295926,0.0188456465162349,0.0313456242468302,0.0168740348540929,0.0281857988462196,0.0231223579452254,0.0251368919027445,0.0113739403365826,0.0141908167691555,0.0223577443513428,0.024741199287427,0.026630745141138,0.0132445651741505,0.0163665248253647,0.0118639382481473,0.0213019815577619,0.0181596203242305,0.018567347355528,0.0169625785227998,0.0222817292341069,0.0177576511540844,0.0201363618349793,0.0266171035951088,0.0231027661869245,0.0153278975664654,0.0193762848460439,0.0278835813601366,0.00961467330904911,0.0232280229551623,0.00723955720089884,0.0121876349091802,0.0220252840184813,0.0210826219111609,0.0193486974017664,0.0175612730323259,0.0196521755009275,0.0229706325502973,0.025057238401321,0.0306477211337924,0.0272694618346163,0.0186301869446769,0.0194668287176761,0.0168822009102363,0.0200979842649963,0.0238183256505694,0.0202583833212221,0.0245995421082682,0.0331614843248145,0.0216640003714232,0.0184357239441649,0.0161503829282362,0.0267432360926067,0.0199428794064212
1415.21513471469,0.0192806153997946,0.014483324026623,0.0123106001683389,0.017087118916386,0.022807182592904,0.0269892651608303,0.0242242705067436,0.0264887997534435,0.0233520591512638,0.0283227684741429,0.0232882025193572,0.0258299203213293,0.0143556938342217,0.021807985783242,0.0270276086790544,0.0285701662314215,0.023360429798536,0.02925808467957,0.0310594878308325,0.0235917764058034,0.0281598079457513,0.0219677054039211,0.0315692413149773,0.0312428512466049,0.0184748911619473,0.0229766741599326,0.0220697194355132,0.013959184684104,0.0186214344098604,0.0168429044582035,0.0302735028463559,0.0338011081459657,0.0178996229850332,0.0149847835714879,0.0192639812864558,0.0193983004558034,0.0185941121602365,0.0265261450021662,0.0143429428964741,0.0156234212906667,0.0279988729289121,0.0305017528504697,0.0178842891188093,0.00160052471816341,0.0131051100030177,0.0223406186203502,0.00983199671422263,0.0183945040084789,0.0219610663616781,0.00598579559097051,0.0144678817089586,0.0262089516767385,0.0232198169255598,0.0141814890485776,0.0182070703756972,0.0189286330432406,0.0269998893805807,0.00840874316987664,0.0200004767808448,0.011109907703695,0.0109778302870448,0.0108238892840592,0.0219694387957196,0.0108953482220014,0.0205024898055269,0.0197305991331557,0.0232856144036013,0.0090760607636585,0.00636623143233206,0.0191066750842945,0.0177728469831728,0.013317278851084,0.0323282219810344,0.0102682279301841,0.00925042296448814,0.00817646045372404,0.0159735505188006,0.029870103157895,0.0121102201084818,0.00444405576235123,0.0257056242055355,0.0136483848130475,0.0115542560142092,0.00860393349587566,0.0226481035887414,0.0265351723892988,0.0165012283257676,0.0164976252633224,0.0204281555464145,0.011961759263725,0.0166101590526529,0.0309584170029254,0.00837175586727441,0.0085803191842371,0.0210908173819254,0.018787354769181,0.0256045060255456,0.00842098415480154,0.0125042425023647,0.020547629074965,0.0221540903029951,0.0326682328138427,0.0181319746432193,0.0119565687950995,0.0196801530390726,0.0155306567329872,0.0175253936432028,0.0101760095296265,0.0281702067319633,0.0230145017564958,0.00933110904007546,0.0179648882255351,0.0226038395745921,0.021539438151536,0.0305752931005414
1418.02298487361,0.00855243367410697,0.00790983079941757,0.00138480043760575,0.00922918046242087,0.0221300660631908,0.01615308634552,0.0095748079637974,0.0169964266663976,0.0227694259685414,0.0196520836861189,0.0103892844373938,0.0144354555394519,0.00696210412057361,0.0140542075254572,0.020923319482673,0.0110452652887642,0.00645500847368798,0.00875759975016513,0.0182440674321503,0.0114573229479362,0.0117808467404963,0.018633099366718,0.00727619685193424,0.00985590576668353,0.00890790724288797,0.0136410430338693,0.000314116796284288,0.000694763090317974,0.0107641575364858,0.00420211720383547,0.000153023785301762,0.0139285335239234,0.018440239066132,0.00774010586338376,0.00970948920181475,0.0166391609681049,0.00916663870706237,0.00750808001093917,0.0127202318786097,9.52226928040478e-05,0.00293186614620683,0,0.00651972503555488,0.00380497736601787,0.0109054387652465,0.0101207639662901,0.0127181375000631,0.0105790215344405,0.000872833013777721,0.00731466168255106,0.0180403552662304,0.000401016886189846,0,0.00794956271533254,0.00836928356106416,0,0.0163413744767314,0.00622720423722144,0.0172514132752733,0.0111892457468921,0,0.00979643384528363,0.0089901807424097,0,0.0137012639009417,0.00463115437366443,0.0161986192180267,0.00636775890016537,0.00528468890202796,0.0103874098988921,0.0056840520169609,0.0105809068333059,0.0053132024306109,0.00333263657800959,0,0.00355392675437591,0.0143459587273515,0.0015109125220625,0.0166572042172841,0.0012267845345618,0.00504074932091116,0,0.00710222834892686,0.00870371580492982,0.00553096861385647,0.0106554829000935,0.00622444966832537,0.00657685324164947,0.00894743700944515,0.00752329703988699,0,0.00745535139438817,0.0126904459546938,0.00921047574671122,0.0148214229279184,0.0047197571921822,0.0170700023163604,0.00793034301425431,0.00965950060942106,0.00394747240880867,0.0119374390922398,0.0122900226333178,0.00465650428088202,0.0171223754197926,0.0168073166489264,0.0011732604577546,0.0193710946268322,0.00180601454188527,0.00278785438469072,0.0180336711812762,0.00381743776437662,0.00585075998209494,0,0.0180769541634121,0.00566812716304716
1420.8288970183,0.00450692387797386,0.0226762641051986,0.0213214072554685,0.0213375965589809,0.013114465605186,0.0239052259502179,0.0332700869937583,0.0278104299699094,0.0307803865478533,0.023469097321265,0.0280554936965501,0.023243768042866,0.0231204778120691,0.0185792575602748,0.036672028436907,0.017626105606547,0.0260940637044513,0.00563888628271998,0.0238246562306768,0.0274741981990021,0.0276126359806473,0.0236608051577463,0.0282603944769917,0.0235550701489002,0.0095365226746223,0.0203502093257526,0.0216455264697131,0.0261848845044864,0.0130573087055711,0.0281261119892858,0.0151481817998734,0.0215694922127197,0.0218478276247324,0.00899989584445625,0.0307877753498701,0.0267656299323614,0.0356671277871141,0.0217713938183843,0.0243006920437379,0.0210386783453913,0.0276207740078759,0.0261411312571084,0.0180199701251498,0.0182823320080076,0.0327383801809451,0.0196673716643339,0.0206945579896728,0.0135693957651327,0.0229051668479839,0.0145619448004617,0.0158674300623606,0.0161177793537227,0.0223475485349858,0.0183701944221848,0.0284933135790551,0.0244303700456523,0.033963386140067,0.0157571966593481,0.0185865858508187,0.0153284289662557,0.0303901868956215,0.0182810069953388,0.0341202980840168,0.0250254254614079,0.0258903831653095,0.0232473503671472,0.0234468347348393,0.0195260991458282,0.0266049834283843,0.0210951518208961,0.0244063110512521,0.0341539775465897,0.0129338878246264,0.0205269135554398,0.0199588922528608,0.0161069310718314,0.0167632804879126,0.0231859402962524,0.0173231240581046,0.0186587450009674,0.0217395294099898,0.0270180796510041,0.0310007671760001,0.0419246778813871,0.021056117581653,0.0152583575200705,0.0217642083618601,0.0178520459493775,0.0234675213095841,0.0218067274568877,0.0281766857297468,0.0223162042418981,0.0152870839835112,0.0151296270576886,0.0211570486011854,0.0154606321601141,0.0217128955797357,0.0255177677287983,0.0220410420947619,0.0306040131655359,0.0208761511688594,0.0182957370840751,0.0319543976094228,0.0286346233517851,0.0315815451201288,0.0358685602417078,0.0165934184107699,0.0222805219201418,0.0145046277454076,0.0285184502127146,0.0175949554372162,0.0310666234725888,0.0256357396978889,0.0255537605362539,0.018590961888705
1423.63287299533,0.0158607926216323,0.0232448408329496,0.0197930332710926,0.00653257200717403,0.0250081544583122,0.014742726827594,0.0246786186320743,0.0247596767043683,0.0248701517580724,0.0170005287106853,0.017332813069359,0.0140647733987431,0.0169096993458696,0.0203341939455751,0.020524470470554,0.0286040188612488,0.0215861673102445,0.0329252676628711,0.0207746714142668,0.0275099616638607,0.0232715532383399,0.0181352030197684,0.0202499166578352,0.0242616281542181,0.0175334382731692,0.0198913919024207,0.0223215349719258,0.0173820060580078,0.0204345062792328,0.0265944569679175,0.027878043691049,0.036248902658121,0.0304026974567406,0.024988516393898,0.0337406688794951,0.0173242649575132,0.0358125205395001,0.0230852564026563,0.0101011149932697,0.0234834559129605,0.0243132684125647,0.0234170995810493,0.0301085172615472,0.0237160808790558,0.0153451511558322,0.0198266605152037,0.0241773024051193,0.0267979342801934,0.0148430519824054,0.0212368468674527,0.0258131326568002,0.0162866823844246,0.0184217298585349,0.0207768246423723,0.0228009384986852,0.0199633780350589,0.0210767401601078,0.0258607497186875,0.0257492533614719,0.0137091961365351,0.0183205989037815,0.0107626335414316,0.0289148371568161,0.0107861963254904,0.0173995536644149,0.0244694793134868,0.00537789697824495,0.0191159856040119,0.00376223623702036,0.0200566163026149,0.025714973370213,0.0285936499358416,0.017109747985232,0.018919062198447,0.0125221548943223,0.0156616937681331,0.0180469742266033,0.0278270849779565,0.0258015693730255,0.0137559885182146,0.0254406093266645,0.0254945100343887,0.0115482279146306,0.0252155775209934,0.0222886686802596,0.0147617568351512,0.0161075267913325,0.0197322730007559,0.00971088517994733,0.0230697849726881,0.0158530307625357,0.0105182264323711,0.0173214406105407,0.0152086388451236,0.0246485512819741,0.0149493456260484,0.0246558375188496,0.0103862471025023,0.0198160421368926,0.00884876851057681,0.0205527745604,0.0117082526786577,0.0173327760311681,0.015420031390295,0.00769925293852173,0.00481591922971695,0.0132532055114794,0.0218577220174041,0.0111743665069802,0.00869426480381352,0.025153257659822,0.00965868154860466,0.0286372366731113,0.0198257096326109,0.02419352426461
1426.43491464886,0.0215919018029129,0.0161765616605319,0.0248914477275228,0.0326405425856267,0.0183502027386987,0.0296308708436096,0.0292457153735045,0.0270656633497008,0.0259455949874656,0.03169554305323,0.0291363462917172,0.022360971845022,0.0250669347053975,0.0187617885850822,0.0228708737075637,0.0264602073832169,0.0300207725725206,0.0157336655702166,0.0269319116168044,0.0225979086056889,0.022221307788006,0.03265548162103,0.0285044596504001,0.0266822032045727,0.0142376493680492,0.0260819592937077,0.0281838793747493,0.0257516992891593,0.0272664203129317,0.0256337970549611,0.0212170785376304,0.00941135547650746,0.0144629019167904,0.0291117313167445,0.0202691916307793,0.0235665158708358,0.0208251655063574,0.0137049904770368,0.0142645781059166,0.0230528982286675,0.0295989015791038,0.0224180561122981,0.0193664692971988,0.0142442841637236,0.0196419170609605,0.0241184131043021,0.0130186447672773,0.0247120240348559,0.0274649119075738,0.0279296064766436,0.0236749441355168,0.0280029985782417,0.0268193924306632,0.0220533327941687,0.0159522235650473,0.0253658809729492,0.02629583463105,0.00980653244585479,0.0294429744152311,0.0201929859288317,0.0248724055322005,0.021657227198352,0.0159906018953498,0.0207780972691754,0.0215750990938002,0.0290786187655255,0.0225721699245779,0.0221194365132414,0.0274735406303844,0.0166828004910379,0.0252977703761429,0.0173347352422955,0.0224567725633976,0.0155644703310149,0.0249126017671186,0.012276347362715,0.0170463681836508,0.00804562451749539,0.0125806661946289,0.0197596977514926,0.0223685936063204,0.0163422280967727,0.0244942302801857,0.0143313412443272,0.0401372012446985,0.0211041819788853,0.0139077744447992,0.0133942682209899,0.0271521478106919,0.0215155334753713,0.0282985648217911,0.0204119326318201,0.0269110061115083,0.0281917228282664,0.0224350974204607,0.0178357373168397,0.0316210868185565,0.0201060434875503,0.0211184209832277,0.0188198683566565,0.024886279709,0.0286390145087932,0.0192675755568337,0.029267793970435,0.0247820250664234,0.027431380607743,0.0325545401478566,0.0338874801384967,0.0165527629102779,0.0277955242097571,0.0191227768071413,0.0261640416035424,0.0275689506139803,0.0227377904184734,0.0258622423365238
1429.23502382069,0,0.015686751471925,0.0123808888222435,0.00390689884817107,0.0107821738907133,0.0194116594055753,0.00590662187724259,0.0155071934805297,0.016852625954609,0.0138740661759626,0.0104074932885693,0.025218370156521,0.00052303706194435,0.0211080437032192,0.0218756884643045,0.013932160594672,0,0.0126684948936067,0.0147292584187281,0.0177031026901793,0.0173684107905013,0.0177069838283209,0.00718438353390668,0.00423215894241508,0.00813164631766671,0,0.00362875947679741,0.0147702697456096,0.000339256244462299,0.00420158519419375,0.00715342521077624,0.00657778021624041,0.0053808039870108,0.000433683992900178,0.0113509073456829,0.0135984846386066,0.00192740722742612,0.00998072921547278,0.0075537125955456,0.00528124068320879,2.79104163139728e-05,0.00777423685322207,0.0172097673748171,0.0117166394042022,0.00345620541027468,0.0137328598532008,0.0261188913955571,0.00958316831081051,0.0247537652570838,0,0.00887676075843622,0.0103359500914861,0.00124751323965336,0,0.00559875814174375,0.011082456155252,0.0241831242543074,0.0199438336930381,0.0151419763077332,0.0134104642184546,0.00353575969864964,0.00349493267843354,0.000109149038227898,0.0209873955532146,0.00679580104277068,0.0101158729275865,0.012797388432303,0.0109886663116753,0.00407674920443451,0.00626842943245107,0.00572419902624423,0.0112373473574358,0.0168585316210162,0,0.00935534160572694,0.011867503883463,0.001678000696481,0.00703821227755207,0.0121840585136542,0.00170962322610079,0.0119577689879847,0.0160302183967726,0.00565425228094439,0.0115952344460599,0.00133743057474658,0,0.0145917667338671,0.00883911616786483,0.00765565735811819,0.00694120062051247,0.00967740671407267,0,0.0133260009025646,0.0083903841536007,0.0190943998773778,0.00890681246542951,0.0117093790781814,0.00500897089453941,0.0165889648326549,0.0103591522280971,0.00777901894210581,0.00489031013962242,0.00999771627891585,0.00918206930027205,0.00377729382816536,0,0.00894646774723728,0.010888990254237,0.016154881122975,0.00800534861213393,0.0131092816614831,0,0.00724998445165489,0,0.0156959392823405
1432.03320235022,0,0.0201353491662413,0.0120055729441738,0.0135929331066696,0.0320160988005644,0.0212269608350038,0.00393938269199739,0.0194503655707728,0.0195702584953824,0.0150475678288678,0.00509404762462037,0.0149990674611266,0.0196222673768906,0.0145535118878986,0.0220181838082002,0.0189408624053748,0.00872970831693432,0.0242725419284543,0.0236259015238582,0.00620580312197152,0.0125326583454472,0.0133467816909065,0.0212779043854686,0.0185657166562299,0.0139183041568004,0.00922254056122043,0.011250383232953,0.00657353280396468,0.0139623390570323,0.00992092098425889,0.00452550519597498,0.0224832763034952,0.0156974370904308,0.0181718299172259,0.0143564101223652,0.00532573954672651,0.0133471078844976,0.0158591729821986,0.0157664855566648,0.00778001904456373,0.0207851479379804,0.0181951972657792,0.0116434384155759,0.0124028710152193,0.0148181062975907,0.00865569331681918,0.0155576935260038,0.0205924155679055,0.0143855542266594,0.0236667189682744,0.0108076909560232,0.0134404864228379,0.0131969669201067,0.00630181908100437,0.0158134696544021,0.0182592512236618,0.0153040360250226,0.0133910539073365,0.00724995467112913,0.00780062310031019,0.00256493459655239,0.0138332957300221,0.0151956119259617,0.017755817409894,0.0150319948708245,0.0186912432681563,0.016807662312516,0.0242160625217158,0.0119184633000371,0.0111644167037597,0.00999000834079834,0.02059002468211,0.0199324941061523,0.00420378078317646,0.0188691746333087,0.00970215173405799,0.0231535082412186,0.00945887520857907,0.00735014492097929,0.0123330727725131,0.00665719291381772,0.00691344879490057,0.00360062343373331,0.0100380577270838,0.00948999049580184,0.0190601306290209,0.0141463343551036,0.010773291096298,0.0112734549911388,0.0156239739939427,0.0158257407477721,0.0113530299113828,0.0142542260144703,0.0137942104907535,0,0.00224896102699661,0.0164198774109843,0.0079905577860236,0.00915262574671012,0.0209413644020352,0.0191069254570615,0.0138312731838842,0.0101966075147696,0.0098292210333894,0.0169132244159998,0.0121420732845538,0.00856034618043345,0.00486534704961522,0.0105602749504519,0.021991252823604,0.0246868494422621,0.0149186006773829,0.021981930931956,0.0194162267130912,0.0190918738846524
1434.82945207449,0.01171576307972,0.00983995773289703,0.0232148308473316,0.0337703012404468,0.035163071243325,0.0307073151820047,0.0293670056316174,0.0378274730601329,0.0319543596057026,0.0254561545542209,0.0228432010428675,0.0195275178459124,0.0083167320783869,0.0158195467113115,0.00482214652562774,0.0190403087182308,0.0189034411973107,0.0244996158031743,0.020649372865319,0.0145857129048103,0.0186274826546142,0.025694834365193,0.011599618015726,0.0221697916759434,0.0135021074589739,0.0287298892674852,0.0188904931831246,0.0244040886415802,0.0163445798185479,0.0167654596861934,0.0270340312223174,0.0220275894026448,0.0174809757537706,0.0263083595319035,0.0241832337828419,0.0261661077880929,0.0180511537445725,0.018373246778765,0.0199846529757681,0.016662105479778,0.0226939255483108,0.021802749012445,0.0175187334716097,0.0125727032624276,0.0297128028041444,0.0212310767369534,0.0241817507435439,0.0185590120996334,0.0306062431934341,0.0138915484478194,0.0294678850664389,0.00503320726638903,0.0245785811407221,0.0213981747722505,0.0272208626637107,0.0219770110770438,0.0154866123028198,0.0124245701864698,0.0249412763664181,0.025888206211848,0.00858845613096294,0.0241904632131866,0.0172072023418179,0.0180015953001835,0.0255862072193515,0.0171745449532512,0.0279943832268922,0.0278380309601009,0.0168327117947013,0.0290181988437657,0.0287989977780033,0.0288171735958176,0.0264859894790695,0.0167818922236565,0.0254883736809676,0.0111052572850418,0.017027121662753,0.0255385156737236,0.0264774339038532,0.0206816435896836,0.0126914701640598,0.0248706053101384,0.0137075692374248,0.0189524232530854,0.0268180542687612,0.0209068233990979,0.0188782619986904,0.018020366299211,0.0264572485101821,0.0328264499078936,0.0185378844889081,0.0240785480185987,0.0198390618003157,0.0186302705920184,0.0290587129492438,0.0108216737009191,0.0314474446254048,0.0256644745155556,0.0210380468717629,0.0228931022326378,0.028132741398911,0.0331074353971,0.0210457296481528,0.0139463806076942,0.0158483757526514,0.0151966791671784,0.0302361316804829,0.0254259406776271,0.0241040394564999,0.0308448677475259,0.0226760674986953,0.0233149346383919,0.0227184778527705,0.0246801645361791,0.0241982075901039
1437.62377482814,0.0108522198435285,0.00721696389785915,0.0223237161336603,0.0310247472526704,0.0267227242343266,0.0281896166391321,0.0345543409199882,0.0257888654536329,0.0272015809166772,0.0201576475070263,0.00898851005299084,0.0235277740208911,0.0165459631940315,0.0187751839358232,0.0178783624413938,0.0240850638618907,0.0195419267245904,0.0280009346717404,0.0247185417958092,0.0296032012585107,0.0247397442517888,0.0141380207259176,0.0228289714841565,0.0150445321393103,0.0215859309760755,0.0206205121782891,0.0190838993648274,0.0228839757065664,0.0198709938145491,0.0208590658044936,0.0181643718147124,0.0256861210891503,0.0118716481385324,0.0231459064228949,0.0238228112745426,0.0235225411973077,0.0210896838055458,0.0186506880770548,0.0173419446302478,0.020933555331903,0.0309096083167499,0.0174585283669413,0.0302662299296249,0.0175554344109097,0.0247112134262021,0.0232442787317982,0.0277490746875069,0.0261966707982261,0.0137810540855729,0.0182969171093491,0.0337397751137434,0.0168213223181661,0.026016674234955,0.0164347342079783,0.0222068678103702,0.0204973242665382,0.0281226904282424,0.0237273976257784,0.0205710651700687,0.0278221623840208,0.0117230991486916,0.0244792152312421,0.0132861793022769,0.0332550130516826,0.0154612304994874,0.0319633225276387,0.0149661273019364,0.0201565326672408,0.0247103558609161,0.0192456444055099,0.0220608214643426,0.0290600156257614,0.0330572872161791,0.0176159700805669,0.0187258876675513,0.0131187461702034,0.0230022767742551,0.026290159867646,0.0222354713857659,0.0273286059131234,0.0294948857412431,0.022848019418041,0.00879794242761549,0.0232382253438303,0.0155447952077253,0.0165177913444829,0.019041072604848,0.0176381137472173,0.0249135070728318,0.0211380783951357,0.0160871010047317,0.0290415341637437,0.022543127931086,0.0199699566532473,0.02519813877484,0.0165947070394848,0.0207429146951074,0.0134422517137958,0.0183176808923546,0.0300512862591067,0.0255773996267819,0.0306200188075377,0.034866594556135,0.0117513196500922,0.0193508044868403,0.0188462561985283,0.0142238516067865,0.0188722163278855,0.0376660099735563,0.0214061088632631,0.0161474968301063,0.0270651786091906,0.0164664141260071,0.0161651262723721,0.0169055806346275
1440.41617244346,0.0110322627684966,0.0171871559771081,0.0258568586821549,0.0292950959771934,0.0340858144631265,0.0218670435757696,0.0244293369029594,0.0340576823707741,0.0278270055189988,0.0143344780572839,0.0155169744303977,0.0275455552271737,0.0219234944265823,0.0133878440378914,0.0225545840558477,0.014366460251804,0.0230084185406081,0.0206682164720351,0.0201580535848894,0.020365605985996,0.0259586114942599,0.0126136074888543,0.0108670753635968,0.0260374036422745,0.0359079641327166,0.0208193293357379,0.010107985132672,0.010867611334519,0.00709033752786889,0.0260781767353177,0.016734921210017,0.0123987834700188,0.0119805282361887,0.0222647262555345,0.0155431204979421,0.0141815193192213,0.0168517466745032,0.0150002717720863,0.0244637706591979,0.017701337865488,0.00827123715277054,0.00800896240087267,0.0167566939746036,0.00656747295281954,0.0232427266476714,0.0199857416430706,0.0240047263702113,0.0332844343776975,0.013507518586825,0.0150497823022958,0.0144034484943031,0.0240158253014873,0.0186833754172544,0.00804733032914361,0.021321564924417,0.0236722003369374,0.0187302119045173,0.0194543930497328,0.022610276420257,0.0170679649118482,0.0235965133159238,0.017666583335826,0.015931375395374,0.0277728216495301,0.0162785866656107,0.0198109253659985,0.0206799200184429,0.029474831402934,0.016701272734065,0.0159612254288361,0.0199887507039909,0.002456648180846,0.0304148583056509,0.0237614021770244,0.0102343188993122,0.00627644058137738,0.0243922329887599,0.0151242103633747,0.0174544590596829,0.0122148655084139,0.0174574213313991,0.0214318853565085,0.0177839046385718,0.0246379493915266,0.0243225233735656,0.0172630425098299,0.0209415508468943,0.0190393280837239,0.0158811321160648,0.0281726188312688,0.0125029451827659,0.0140156138892602,0.0229463851219237,0.0324572170529759,0.0167777288572957,0.00829921422707041,0.0220723791020951,0.0238144356156291,0.0220502497166211,0.0210843707515825,0.0247799187933682,0.0184062689386448,0.0162194855590453,0.0159037301623499,0.0262832077731901,0.0207834006844135,0.0167931934002571,0.0225107859617035,0.00315585563313067,0.0154181115253483,0.0170062039175556,0.0150922247400431,0.0213263714132539,0.0254887924183628,0.0209181110086227
1443.20664675037,0.0178961657844638,0.0200681368956424,0.0178407384584379,0.0320725498279213,0.0405395717105214,0.0270333970647529,0.0302014701671537,0.0273949448399204,0.0290061513086954,0.010697915400358,0.0231346493183147,0.0223062367371055,0.0227274308518715,0.012477265469471,0.0182910732105001,0.0309446955868261,0.0141301748636603,0.0193232062316852,0.0231841034006543,0.0155592561869418,0.0233755594318063,0.0161146294460266,0.0215538777620213,0.0132916605341059,0.0185805631178083,0.0243522904089668,0.0212500318484787,0.0226654274530646,0.00783902250631673,0.0263316369004313,0.0181789858638275,0.0160961364718929,0.0217980456776341,0.0151773964554757,0.0174869413054232,0.0199654229644525,0.0137541405622324,0.0220807543211669,0.00294020676404677,0.0168024284601359,0.0199538342892547,0.0145166713606164,0.0204011883028085,0.0201105809970451,0.0147643393105304,0.0138068569148597,0.0168952415310762,0.0222194387650317,0.024471791566152,0.0265735774075608,0.0175593788279491,0.0191224717382517,0.0172285722689491,0.0226237502419891,0.0280879516007798,0.0262861011549533,0.0217915257005373,0.0213250274018476,0.019438321256507,0.0149952492281667,0.0133959752425044,0.0168069755765477,0.0108587511691137,0.016544343037631,0.0211392197249577,0.0200327720472862,0.0137443366107582,0.0235275218814205,0.0175465969831369,0.011518777455274,0.0237449756200811,0.021025951616045,0.0179818715707183,0.0240442194995671,0.0163272510605401,0.0237106576585225,0.0177446787860533,0.0238698201700717,0.0204870033160194,0.0188977857081617,0.0156235310774411,0.0259159066104427,0.00828414659993915,0.0167631748888655,0.0125125199333031,0.0208687520430327,0.0131132273617636,0.0163412621706961,0.0207248879624278,0.0267224378431557,0.0216006700211452,0.0229052881936462,0.025687463806149,0.0180183318798276,0.0215357014837253,0.00960023033154026,0.0199862784707664,0.0167078600388595,0.0287261422173156,0.0259721780107261,0.0211008380427001,0.0176745545313231,0.0212176799071794,0.0229511562059598,0.0201527194708834,0.0204313741005987,0.0118398857343216,0.0159928154047032,0.0312397799186622,0.0277578057457474,0.0218509270666464,0.0107167617184866,0.0145269286866259,0.0152851385651353,0.0181757772238065
1445.99519957643,0.0381096780519323,0.0377295554918749,0.0450948675186751,0.0423495842631288,0.0567618205753754,0.041504021994319,0.0529659490139873,0.0565237836217298,0.0430687724455674,0.0358171049034348,0.0527436066780175,0.0476369111662269,0.044214619532373,0.0416827779436889,0.0442802637016088,0.0420668216334939,0.0389879940417773,0.0543534416153328,0.0440669976460732,0.0366989360611742,0.0442739448141884,0.0502331554923047,0.0467660216424929,0.0492085588882483,0.0436829925618186,0.0544324689013141,0.0427478170935617,0.0455495658510863,0.0468869226661775,0.0476460857303418,0.0401932684665391,0.0502334953199029,0.0504449921260159,0.0324393101483492,0.0472300933468873,0.0453507489213861,0.0465858304085717,0.0477853776822853,0.0467901005788481,0.0460115364332732,0.0533799389762402,0.0386895682051294,0.0446270369838708,0.041664494681742,0.0484775976832698,0.0317470379439078,0.0458846952276689,0.0418359928664498,0.0431313596074423,0.0422468987843096,0.0512752702015368,0.0430723375933684,0.0486079292554997,0.0360710780938044,0.0430933198604927,0.0555766628577232,0.044090159737777,0.0471604287215849,0.0494037780542422,0.0429736499611699,0.0491425033289262,0.0462289232486068,0.0367548346034584,0.0422312129425846,0.0432667617215538,0.033190656882047,0.054189005667838,0.0481657975344751,0.0419732541300203,0.0494436188157306,0.0472741595119304,0.0418997753438463,0.056918347957294,0.0461058154368826,0.0480746610492418,0.0429390108149896,0.0404614080657469,0.0405912648623604,0.0419130309165601,0.0370613302592119,0.038139849831262,0.0486518551030607,0.0433270031966493,0.0449148089958266,0.0436489321862297,0.0432528713281228,0.0505960008543771,0.0413117318707071,0.0463739859844806,0.0445622878464494,0.0468341934623178,0.0490416816408665,0.04294252153978,0.0469436763043706,0.0423331813489492,0.0402186415166486,0.0482452240868228,0.0417910049676394,0.0471199115051255,0.045291384762186,0.0510772102477361,0.0456208753904427,0.0427733540424598,0.0467041571457075,0.0493010734806743,0.0420196370903933,0.0492525324966108,0.0417121594381456,0.0373250314996576,0.0532756750049639,0.0465550366409545,0.0413405725401955,0.0527052224635773,0.0401664133273781,0.041977162160668
1448.78183274682,0.0137334839519015,0.0154978192763229,0.0332592273480507,0.0356889581210156,0.0479342044942607,0.0325069776386161,0.0220913163523497,0.0424232969598026,0.0335622643311312,0.0370964204550779,0.025559805716134,0.0162457839912253,0.0255395403074783,0.0307754569854411,0.0299761997737037,0.024739371763179,0.0239653907399805,0.0264574350439702,0.0276723639523013,0.0357906062130776,0.0313591737904892,0.0281793464215467,0.0284786112784518,0.0280147568882307,0.0326123701133547,0.0226298199656848,0.0217698264090226,0.0269479813690623,0.0223405623061238,0.025786087673402,0.0325425701236058,0.0346650847825579,0.0283766030854881,0.0276519056367194,0.0265326393693605,0.030466375972026,0.0328638047446204,0.0233316281085679,0.0298909718230599,0.027212872684741,0.02622356197615,0.0190481598813946,0.0134652912522232,0.0147402464332619,0.0201225631950555,0.0238425837296774,0.0326091375383656,0.0234257154803206,0.0246125735350161,0.0278448963050722,0.0279606696352767,0.0272630378233304,0.0260951576713489,0.0220018237921328,0.0369807886817283,0.0385243980521503,0.0245758051750713,0.0234491880545234,0.0259323119289113,0.0282315629880045,0.0331652620692226,0.0246402048767585,0.0323167711180701,0.0287347294867467,0.0280426399841121,0.027832510980777,0.0313175029730505,0.0286695854782501,0.0346087196057769,0.0368037827108837,0.00923342742372138,0.0187805198432469,0.0249046998532516,0.0246659619669821,0.0221616947087163,0.00716366859737423,0.0355769865932176,0.0306178243924623,0.0243791430872422,0.0334646196356014,0.0148399479606392,0.0355280038312306,0.0315506651036407,0.0219761575706851,0.0347370433426554,0.0292717258211578,0.0290438219015215,0.0210029261984173,0.0264250464328776,0.0182075003883235,0.0214306955773583,0.0385170995626339,0.0219490073586802,0.0337136313532693,0.036827820178531,0.0269061356483582,0.0439061216485785,0.0296412393099476,0.0251702502416718,0.032919564605137,0.0329361102747424,0.0271568247375082,0.0200482200820277,0.0198371198729176,0.0198888639643785,0.0174755140228098,0.0269339942002147,0.0267517893218155,0.0196735536193597,0.0318925609146619,0.0196891560274801,0.0340871195187737,0.0237552083492836,0.0167774562259343,0.0189529770964176
1451.56654808439,0.0170638790309251,0.0135141976882196,0.0275008775556463,0.0395205361063129,0.0340194650640375,0.0224366811647454,0.0344908717424535,0.0358166013909386,0.0224656381740714,0.0199582543827909,0.0225113663970644,0.0219718356525206,0.0206598280380636,0.0143126078126753,0.0212899885190665,0.0293294818616761,0.0202007939433077,0.030053287508896,0.0199457898507523,0.0216609318328706,0.0250105418529491,0.0183839182216498,0.0136920890975274,0.0249396719899102,0.0260840817070742,0.0217961960175399,0.0237815472829006,0.0271805049646193,0.0135757921603268,0.0249873801472163,0.0266241442310192,0.0173616224728675,0.020007575925904,0.0240146825392744,0.022862628087347,0.0307073537357877,0.0320658627264147,0.020885078865319,0.022756987385885,0.0101693346876645,0.0105202255743861,0.0250418187749959,0.0177362988651689,0.0187424710447027,0.0292736328451093,0.0165450964279763,0.0238616570184745,0.0135515568624905,0.0167416246079634,0.0211332427930304,0.0121561700041555,0.0212730234163738,0.0305569504195086,0.024586746389805,0.0273647309057573,0.0168549616591817,0.0169503949080328,0.0242599115987899,0.0303692226493233,0.0163958731801734,0.0392990131114332,0.0220592265804462,0.0219468894961907,0.0250580956910815,0.0180121174053335,0.0208078833120005,0.0172754915866492,0.0227773835476677,0.0213722677179769,0.0165364063407086,0.0142068137377544,0.0214007463478854,0.0350291338950875,0.0238289662193338,0.0213208901340581,0.0157812659628453,0.0238063190248606,0.0263470236910576,0.0207843884872978,0.0132658909973693,0.0390907893412817,0.020658508534265,0.0163232936722145,0.00892915680979249,0.0103892686259651,0.0266788753673918,0.0195498474761716,0.00424307017664313,0.0313237010160122,0.0292815555618242,0.0300078030095982,0.0352360213770862,0.034603502374562,0.0181594732687378,0.0158914847191532,0.0164291835101369,0.00983017149970136,0.0293626273790595,0.0166936479906012,0.0338263726818677,0.0246727680846371,0.0230412263697857,0.0156528621472612,0.0177320258650567,0.0217747173111718,0.0148719801558903,0.0179767997176543,0.0208537988998274,0.0246377677512313,0.0259766488861883,0.0285561798333669,0.0251033867919139,0.0216827526529398,0.0238748122440166,0.031502888942696
1454.34934740963,0.017336693307057,0.0120962941880144,0.0112954826287139,0.0254172904685033,0.0326591596174718,0.0244021280511089,0.0354115705334274,0.024957475030566,0.0167479501710132,0.0218162389766682,0.0243043488027456,0.0146223420072323,0.018669336001888,0.0140319470427731,0.0148624433917708,0.00328045041998925,0.0265704395764041,0.0260716521554684,0.017103690504444,0.0152730381731362,0.0328674958603467,0.0258541405427899,0.00588811347997538,0.0247113452597126,0.0178778921124998,0.0154542896610417,0.0149019534429465,0.0335192827282753,0.0200298196445153,0.0170086045701726,0.0178712970878668,0.0158734765529456,0.010517011739715,0.0198302733118174,0.0254480241315856,0.0192156870313771,0.018381096085982,0.0286062448128858,0.0179356010334082,0.00992563025686554,0.0222779487927331,0.0145457518627579,0.00717493850169962,0.0190317592722213,0.0126720254470857,0.0239621691103599,0.0168235447098097,0.0161885408040554,0.0248326783484425,0.0303733004020713,0.0246070725660225,0.019914018712427,0.026248100799346,0.0254693751400039,0.02540097369029,0.0276578555826522,0.0251710504541497,0.0156214953145047,0.00867823315026513,0.0149749300183645,0.0216152894389026,0.0165312690954802,0.0205247209492514,0.0277424280022849,0.0200745554859862,0.0216649162511815,0.0137153064839785,0.0191680947141997,0.0158126829171269,0.013345114936479,0.00641638910291952,0.0291838239593381,0.016900250085867,0.0147775136861779,0.0193343912533417,0.013177258191419,0.018383981764821,0.0152747652356237,0.00996935300361089,0.0205956290163128,0.0163939858820486,0.0187478371684347,0.014992244644672,0.0237781058366805,0.0192579186588166,0.0133032395446351,0.0307141866879032,0.0233882730556168,0.0264247787617582,0.0222353838347933,0.0167296391955684,0.0286393293655108,0.021185731738173,0.019025414351919,0.0235834037472142,0.0144224299602907,0.0284159467492308,0.0116058490871909,0.0170105762097086,0.012843490665156,0.0117885588754907,0.017224767249914,0.0148208206472324,0.0110418959227583,0.0157167851953037,0.0180563118828617,0.0223811047570035,0.0223225881038309,0.0162948130052699,0.0132129121100084,0.0113640428528203,0.0260497931084939,0.0260519822058715,0.0166192224470334,0.0181095949846413
1457.13023254068,0.0222431553051405,0.0249126962649027,0.0127348119845897,0.0332771627308155,0.035961238017814,0.0323952535602749,0.026496161449323,0.032804898323462,0.0228421869167247,0.023692665672546,0.00253371030319018,0.0203850339620892,0.0241603433166742,0.0171140276017691,0.0157327240852763,0.0194055784766882,0.0295874631689039,0.0193963677699832,0.0213083592527771,0.0171787319886953,0.0232816570159592,0.0183220855821539,0.0236348569825969,0.0143203491558836,0.0130833549008074,0.025159112985236,0.0209727815396481,0.017188103487153,0.0225625564750338,0.0240001194172157,0.0216973101488711,0.00972556629267945,0.0107358233586936,0.0156646619575824,0.0138785171422732,0.0144564884236625,0.0277206916744593,0.0295815051700395,0.0211598135461318,0.0224314552950573,0.0151884204316609,0.010330345770277,0.0166243309539703,0.0220032415833583,0.0201050214994039,0.0208181214235036,0.0284080582510776,0.0143016401295294,0.0205445365734503,0.012488919271989,0.0301620301854259,0.00646790633263253,0.0143407367060097,0.0384173206140625,0.0258054037173879,0.0199353786428434,0.0226696613126875,0.0164688813736805,0.0270976961874868,0.0205035628630591,0.0219732356085739,0.0169571153614582,0.0173372766517311,0.0200691912942012,0.0129575479507945,0.0225407030886576,0.014579069855776,0.0235024900734717,0.0185191875581665,0.0172310327929831,0.00852214549791562,0.0209815433656881,0.028793174082923,0.0192718847292754,0.020280708653054,0.0283424416859921,0.0198855336342341,0.0303669522887986,0.018662053733641,0.0222129495886107,0.0265358747381911,0.0339133485344294,0.0223535032663012,0.0188992755979692,0.0178423825731383,0.0187066036660942,0.0166705242932951,0.00313755871273051,0.0221220247111623,0.0214427669357748,0.019012253207769,0.0226174319600517,0.022862354135409,0.012881531167592,0.00325633066056091,0.0231398212358515,0.0252761237060666,0.0209596704415749,0.0231963843739997,0.0293538864901879,0.0256009853344748,0.0148663525301464,0.0187335760440846,0.0314157393486809,0.0233267472709789,0.01664466809144,0.0140426378237873,0.0142008193460364,0.0207179942230791,0.0279325373525072,0.0236691920129753,0.0171040280887121,0.0216820001828982,0.0111070337549395,0.0165867202337345
1459.90920529334,0.0487037857055437,0.0339212190884491,0.0505467552355615,0.0496347797975332,0.0629599667974309,0.046416209120241,0.0614029223196257,0.0476126400122373,0.0423567039573473,0.0326365987112569,0.0354478508451273,0.0338043076448132,0.0285227646006594,0.0436244428748449,0.0339789970081179,0.0377399062434616,0.0359955272255102,0.0322755018042053,0.0455327752528682,0.024068216885802,0.056276233085081,0.0402955955471163,0.0402409451267625,0.0429769607484458,0.0360166653550604,0.0459366129690795,0.0465882430142835,0.0335262782618805,0.0532622030367824,0.0509458662864219,0.0369606257396671,0.0357734861719138,0.0417556485780791,0.0471657811545616,0.0352117043389492,0.0544789280622518,0.0454959364334087,0.0508730453618258,0.0381626240597979,0.0361142276092224,0.0395622180769843,0.0511051515026967,0.0386590712089755,0.0292558032995863,0.0427868080606427,0.0341523662986293,0.0383196021952424,0.0402578320350048,0.044027611285305,0.0359302665092201,0.0478375757622615,0.0345485899872536,0.0411281797932778,0.0399113136273516,0.0367981441475133,0.0330951143092539,0.0495813945263972,0.0446231984926658,0.0414689552232774,0.0416452260353737,0.0397916268075538,0.0405447973872727,0.0451193334080921,0.0354759176603318,0.0426559661775644,0.029613505488041,0.0358380729820617,0.0340825293732079,0.044218706902694,0.0440751133195726,0.0367928344467514,0.0385191868042112,0.0482058340680896,0.0396646754198652,0.0363950670266135,0.0376111404531053,0.0409701406048176,0.0267221112233249,0.0296008881748925,0.0496396656048765,0.0463163593862239,0.0520390440446848,0.038407214969495,0.040755132288757,0.0336169699793547,0.0349302121651172,0.0456453670861686,0.0358526218225596,0.0420898902850994,0.0433418831536554,0.0293726153621348,0.0327315164119439,0.037894089459194,0.0354588398994367,0.0333012475161373,0.044271852744215,0.0444711178822122,0.0337188978306978,0.0381760237200134,0.0418473830623058,0.044072052258848,0.0480650566407751,0.0403858976630781,0.0420259363000939,0.0315240848649988,0.0285207383523299,0.041109709952894,0.0467958397381092,0.0408044772089505,0.0449595702721195,0.0427957274011074,0.0443243064488176,0.0389350534981422,0.0389559264626301,0.0495096225759397
1462.68626748106,0.0223716379431362,0.021079678617972,0.0233813083383747,0.0306027360744657,0.0379832287429007,0.0140297948603792,0.0235077201908819,0.0197257207581509,0.0275814283439151,0.0204525138563613,0.00406669528578265,0.0216002533064596,0.00822210270352469,0.0227768956442952,0.00745364650117114,0.0188659487912231,0.0216305453088399,0.0272675924734565,0.0254534748269748,0.0188402628126909,0.0265381859183503,0.0233442460505511,0.0197310001771451,0.00999853515002276,0.0244741314696943,0.0297030192910392,0.0262831628809451,0.0216608829162726,0.0237460459437498,0.0247503293810346,0.00200890942159261,0.0138714528352917,0.0209207955212706,0.0243655552855734,0.0191450422550751,0.0178619866418443,0.0122293266630461,0.0248259370341478,0.019068417840242,0.0110481722978092,0.0296529146420177,0.0298502039484923,0.00416456239117445,0.0189400212576556,0.00984410312352296,0.0245817840466305,0.0285176653570561,0.0179668233964091,0.0250191205351304,0.0222160125754957,0.0194322083384066,0.017682425849128,0.0269160084687266,0.0173313264460183,0.00494953756643543,0.0155598400966939,0.0267669185295064,0.0243454122927851,0.0227403197305524,0.0189120484404431,0.0233282444867141,0.0261768404176168,0.0169755205869256,0.0151590962620899,0.0275293375393207,0.0181710146365052,0.0191151591923316,0.0141143086354504,0.018099372489084,0.0203552610259006,0.0232490721402424,0.0326412639627395,0.00936266946611735,0.0242022202613591,0.0251461797955566,0.0143594525987886,0.013164169281718,0.01911814425149,0.0143876438749445,0.00773781090887064,0.0214130843714021,0,0.00995542544880568,0.0213946859336026,0.0110611244339657,0.0255906588290147,0.0127193327964657,0.0232891754139976,0.0291637458603367,0.0165124599224378,0.0184537859968988,0.0300826696240684,0.01061932897927,0.0223247859866925,0.0175893916868182,0.0175295564625544,0.0230578341614931,0.0160189083847932,0.0128129830494976,0.0261097768752676,0.0248654931363759,0.032561348455213,0.0195301605167343,0.012950073773869,0.0158537879447113,0.0156100396434407,0.0316502870730172,0.0262763921949619,0.0267257220795635,0.0196638115525136,0.0171558050301582,0.0179266999902355,0.00949657805477846,0.0208347894446591,0.0186762812028403
1465.46142091496,0.0524601800050559,0.0301272213973544,0.0314871357522009,0.0524856808022965,0.0506308611805411,0.0466612989205371,0.0469560152990945,0.0340385560320178,0.040700614299385,0.0467852447233295,0.0332660257084698,0.0399672057242927,0.0453427738897484,0.0370628189929346,0.040296324611099,0.0377868701083254,0.0292015607533608,0.0385586094712028,0.0378265247844122,0.039559373802552,0.0350155324222057,0.0375677988648174,0.0352167425424891,0.0341682903191384,0.0434871873991604,0.0372542415415873,0.0450477753057551,0.0380380112748291,0.0404114477656793,0.0550571612596158,0.0390055959428198,0.0481508498282152,0.0422880569169972,0.0394957027255792,0.0410839859284509,0.0416942148759627,0.0294819125806773,0.050667785870281,0.0412707812984042,0.0363434847644512,0.0414881782595856,0.0387851068264903,0.0302361842953071,0.0358209852681899,0.0343231213171193,0.0426581867791429,0.0277546834513202,0.0445292479097258,0.0385057221682273,0.0368458909698506,0.0394517346937181,0.0360019438119494,0.0320612890400625,0.0452512666143524,0.0294865311874023,0.0351336713217303,0.0333658551959025,0.0441836798042986,0.0388932470368836,0.0389372238385311,0.0429296047953001,0.0391246550982058,0.0537264921358854,0.0438653386666028,0.0348450877443315,0.0353917040506806,0.0310487105957395,0.0445448883700152,0.0291110591751619,0.0419446325602544,0.0399376856999841,0.0456446312236537,0.0415073377048496,0.0469867254106955,0.0337266193544405,0.0414179334470685,0.036013686949271,0.0359739539592064,0.0476377656110385,0.02660604750804,0.0451930054000127,0.0436478913414553,0.0295167217656417,0.042707917535864,0.0417555343488036,0.0401469838663355,0.0463186568898802,0.0442782393297982,0.0422407841924533,0.0412833270414908,0.0484238667413976,0.0380125929307762,0.0367068757355591,0.0455270005143755,0.0505332286901571,0.0274305322541055,0.0451514765781567,0.0361538069705456,0.0342664948049881,0.0397944338666328,0.045114925171329,0.0348460041815164,0.0353155561228562,0.038559451124848,0.0383069802260443,0.0407935542447856,0.0361330703532942,0.0509960183602348,0.0329457967847218,0.0418782857056135,0.0453903426033031,0.0346915959429944,0.0472245839408584,0.0395242171693491,0.0380916584557588
1468.23466740383,0.028730765271475,0.0113108911233043,0.0115205367964738,0.0300022507498454,0.0229094420021286,0.0170458910576511,0.0227891043625347,0.0184712504079914,0.0045203427546105,0,0.0131768656136263,0.0119792817892688,0.00786129163498785,0.0151385408225161,0.00541219986085014,0.0030757944845701,0.0109422051155323,0.0221955106852938,0.01832845402444,0.0145102458258523,0.0124090650447815,0.00619063578181367,0.0240312676857396,0.00801597345933828,0.0121909918339665,0.0122161745123834,0.00698126570909182,0.0195711738582936,0,0.00619651901027018,0.00637844460457105,0.0175154174961286,0.0220616603488799,0.00994403880202128,0.00748074857171184,0.00567367849303343,0.0142095655246389,0.0162040636145979,0.0101778925585837,0.00900299378337156,0.00246106956146125,0.00959929680565234,0.00491961773720377,0.00795515832711368,0.00200648817966548,0.0102029948730605,0.0157350620586044,0.0126236632267788,0.0154055224951161,0.0113700407851869,0.0110856300605324,0.0122573742580568,0,0.00951606362327993,0.0141181856144713,0.0141609373042329,0.0151112777170642,0.0139194176310057,0.0132310222391759,0.0168205204882086,0.0142964929708147,0.0111502650700405,0.0107449195714764,0.00859952244413555,0.00998464070188929,0.0127548194207566,0.0105079232156772,0.0172565126020049,0.00833260587186994,0.00591223266364957,0.0270135967541605,0.0152275259278802,0.0188583572400992,0.0115680482540552,0.00620478081914697,0.0087406328574433,0.0128499708150833,0.0153368173139372,0.00851916758205028,0.00938703236472503,0.0316456338507023,0.0283066180383447,0.0144028929201337,0,0.0135141839938597,0.0064007205492169,0.0151507422894285,0.0205773927323257,0.0195369999435283,0.0201600891910811,0.00703532144342076,0.0248436199791277,0.0158497456032805,0.00490206647979554,0.0188381223371392,0.0125589108108491,0.00889858174379726,0.00268885655560643,0.00718818231216047,0.00737577944469417,0.0149281025374297,0.0102099515928009,0.0115465168916003,0.0129743860139519,0.0124376743569026,0.0163844005059415,0.00873044789672804,0.0118617314896229,0.00500093082523105,0.00746565542496288,0.0158199880905805,0.0089161583997073,0.0102348141835749,0.0064952713370492,0.0214057193745084
1471.00600875413,0.0286070668441447,0.0187578464289192,0.0180124534651895,0.028485207692465,0.0434904528759823,0.0180380049177263,0.0276616179992796,0.0216112493683596,0.026254744516829,0.0208854001780999,0.0166881437504267,0.0211095519685156,0.0203392414845841,0.020544795505622,0.00974037325661019,0.0192991222648697,0.0157430727342168,0.0150774231990129,0.0226344909282266,0.00658196061234268,0.0176506695060465,0.0165592562766085,0.014026754354205,0.0260025596624279,0.0193675361805347,0.00875246744337892,0.0183213959009715,0.0138521982729366,0.0118779756294022,0.019929863483509,0.0137320495496377,0.0190764534716465,0.0155356599598097,0.0166255296590521,0.0158521174216454,0.0172330757414407,0.0191567738084475,0.0178434196208182,0.0152223190913084,0.00830007268842827,0.0137643023967331,0.0151576851314388,0.0121808620386781,0.0174117582048439,0.00602557414623263,0.0112731925027534,0.0206474684879316,0.0142401515447777,0.0159440609926837,0.0124683697032667,0.00290827481926767,0.0225458043745481,0.0353799735861731,0.0128081969272619,0.0163844528825838,0.00421916287030927,0.0245745603880063,0.00260908242583056,0.0230316962174229,0.0166705419697165,0.015914675691433,0.0247329650177072,0.0112321556029149,0.0125564685989462,0.019640492833382,0.0187814108306659,0.0263340991904829,0.0194229253426979,0.0199729086799601,0.0181302472930119,0.0187572255622001,0.019124590863109,0.0164232718011226,0.0132204120653097,0.0189043645813347,0.0157241879226244,0.0242305624697507,0.0117708865627079,0.0161937392346118,0.00938119375582681,0.0209471349351755,0.0159261272572931,0.0178121907960627,0.0133758363051167,0.0127663553561219,0.0192903522345679,0.00980199430855969,0.011015791667465,0.0101334119898437,0.0290979420118864,0.0128679125512728,0.0261439785963228,0.0141464311054015,0.00529971961748448,0.0209219075528511,0.00446802270483405,0.0115752154202421,0.0127032214943805,0.02692672604728,0.0141807326477146,0.0183980584095962,0.0188388358372263,0.0137869534253034,0.0150294639385815,0.00649296425570681,0.0179551038298635,0.0144135825106375,0.0219235618200135,0.0269047740414434,0.0205635533973711,0.0112124311401593,0.019307360517086,0.00537864043317699,0.00912745995439442,0.00586770972396896
1473.77544677,0.043885417112105,0.0305987404493204,0.0278287547226297,0.0419500405937951,0.0427368500115644,0.0310669399742458,0.0292693189431134,0.0285087657533609,0.0233491976881704,0.0310089256091283,0.0218261814940026,0.035714827385344,0.0236531446897197,0.0198393126776831,0.0157683791877009,0.0349950820426162,0.0329270942793005,0.0356539939659675,0.0269612593389222,0.0246011875373562,0.0332792353107482,0.0252788068503358,0.0150676163420673,0.0253428547987168,0.0333495588838123,0.0252052041435517,0.0314049609245784,0.0319490692983841,0.0359220416242697,0.0281454605339375,0.035378025423405,0.0247537892212887,0.0238502840641171,0.0278533982000235,0.0208416645241736,0.0355257945526758,0.0230015056545425,0.0375446509946568,0.0311796863263261,0.0203475948394997,0.0296612746257959,0.0361057156331187,0.0217466628240226,0.0130309750418074,0.02880860412337,0.027059011192097,0.0255789305022828,0.0243939400793931,0.0218177043789772,0.0324699079135892,0.0322074449181721,0.0340073416315199,0.0259358138883692,0.0235773765334939,0.0180841210110721,0.0221146141862139,0.0193596953842482,0.0147080697207584,0.0200693566305438,0.0240485989002143,0.0361568045172407,0.00807451925694262,0.0153116446571696,0.026911004989187,0.0189679429085016,0.0203344676309468,0.0306139346283611,0.0334963425269437,0.022797143540291,0.0268391621760311,0.0273701743502565,0.0361876172437039,0.0203547131078595,0.0395936257008434,0.0269635903135884,0.0351530487371946,0.0275752728754645,0.0241395650119261,0.0205468752101129,0.0317467715288464,0.028941726637283,0.0294453068422126,0.0310711578895447,0.02545494837807,0.0234856012663162,0.0270831599257839,0.0170859525498039,0.0208882020690212,0.0232689237560818,0.0318199920990302,0.0331109254334373,0.0307987959519479,0.031017274676001,0.015675262755328,0.0270305451627627,0.0189346073019022,0.0297208604687213,0.0261237341931885,0.029136642337403,0.034842019774117,0.0218877841404701,0.0280606765564222,0.0249077467207752,0.035517890419049,0.0329849361677393,0.0270453865833562,0.0143160392770204,0.0201347155242144,0.0250732384468509,0.0250980904289057,0.0253319083516251,0.0349656335530609,0.0291528963498991,0.0370733765547512,0.016874886371221
1476.54298325324,0.0279067519906742,0.0216838019563372,0.0266483687453504,0.0210233509282207,0.0285409952979657,0.00424368421011746,0.0100913281710131,0.0194086748611482,0.0231434158492769,0.0167518186043654,0.0130486630339225,0.0110581290562348,0.00861890003813729,0.00967799590658209,0.0100590123936188,0.0140309907229871,0.00910831024490015,0.0128405669330627,0.0172550070447586,0.00954073409587367,0.0140047761186354,0.011208282733624,0.0219317520083908,0.0139558782637775,0.00889805113438943,0.0118325393746924,0.0129251905935572,0.0174159940597221,0.00988413050460864,0.00869325398125435,0.00738060978180265,0.00588224631838282,0.00824294177711454,0.0136383809596671,0.0184808386473133,0.00851433321096998,0.0089106089063505,0.01554591175913,0.0150537929999831,0.0127420583349944,0.00727393213690986,0.00925612356031172,0.0204796541155079,0.0150637585210095,0.0147112926740228,0.0117114178320806,0.0169990989908477,0.0112861833603357,0.0182654873407025,0.00528513597142329,0.00851140107794562,0.0172410478201077,0.0135821041845931,0.0137151769979157,0.0104102303318622,0.0116338945142884,0.024339238000219,0.0156883650443363,0.0188700742124888,0.0118098203653764,0.00816490873311083,0.0175457248336948,0.0104848715352151,0.0268735033238829,0.0142914172105112,0.0129209633200367,0,0.0158901111803767,0.00443496859439801,0.0138056090183767,0.00230370559663217,0.0115453398965511,0.0196902105140192,0.0177620046797254,0.00824295641789924,0.0114126708024522,0.0165547408485729,0.0126567525436864,0.010442110493743,0.0151599377630951,0.00866321133482893,0.0112233792708338,0.0200637658795499,0.0154842029361225,0.0239216894484105,0.0149984720972126,0.0272561397569731,0.0119559224880396,0.0104402316352328,0,0.0102015847468265,0.0176896727972218,0.011960280409512,0.000883734077360909,0.0096987784830492,0.0170807819456008,0.0181309689533077,0.00513487928039186,0.012063201652816,0.00363510984943107,0.0201778674167725,0.0126550328476321,0.00651585449474997,0.0065386175341626,0.0202544418002257,0.0136572027749766,0.0113384623773421,0.0047995899675839,0.0139915607954806,0.00790917912201918,0.0258652033421447,0.0238253840359744,0.0126591296409255,0.0138762309032312,0.0132276386348257
1479.30862000336,0.0288686484747117,0.00732183050457099,0.018327154733572,0.0130839307149245,0.0371143886376637,0.0140366395691307,0.0155729718500657,0.0210074455213244,0.000978328796376465,0.0198655099262868,0.009113877102964,0.0131541398878751,0.00795556380167649,0.0106838147106169,0.0166876868487513,0.00732145541665245,0.0117219647624834,0.0128384114989372,0.0140562094847571,0.00608499604047012,0.0154851926413132,0.00439052806098542,0.0218538022327688,0.0155983933604234,0.00765151339469042,0.0172712378920484,0.0128426302953256,0.00788375287464328,0.0114512549698493,0.0213789587314565,0.0165101415454513,0.00926253795522235,0.0291380496323503,0.00510170929518138,0.0150063183175657,0.0139755294120881,0.0150397138029137,0.00935418223934179,0.00697472256111894,0.0144154494124343,0.0100621708117981,0.012027869699464,0.0123783577819319,0.00752276209408556,0.00532068824215016,0.0104919385020134,0.0157676248522238,0.0180728051630978,0,0.0123461242029915,0.00673332344122439,0.00510711224070751,0.00417889002316431,0.00616751907977982,0.0145000040874134,0.00986650623411005,0.00955338468134891,0.0155744187347235,0.00200288964495504,0.011719808555325,0.0174012593501514,0.0127972251476897,0.0217493435871356,0.00667905102305503,0.0148100121885945,0.00777398071107172,0.0089409931200528,0.00566267954421062,0.0131903625561985,0.0072622806899047,0.00107911082110276,0.00349878119772274,0.00981407314760409,0.00183196342425019,0.0122655293623603,0.00721765675774141,0.00900682299825797,0.0222242290015264,0.00926647850924367,0.0140673614464318,0.0161318384849136,0.013607866923219,0.00849801137440476,0.00611412861454132,0.00262719864394271,0.02396793483483,0.0173794711622853,0.00657412926140422,0.00109600895140941,0.0163499526072667,0.0137911835837958,0.024052100726004,0.00162097171643038,0.00485667690715872,0.00383070241459782,0.00961223841003497,0.0134272104667653,0.0101289854944379,0.0148988957278319,0.018570636275711,0.00398923707463586,0.00185500746422424,0.00409259614922391,0.010378833798955,0.00242510150328944,0.0158653355072788,0.00142031547460012,0.00700705571849179,0.0127802053899957,0.0119107685400366,0.00827725185954402,0.00629223196763464,0.00727950075359239,0.0205920250354692,0.00113429649634477
1482.07235881752,0.0277999265906503,0.0252378616050139,0.0111275006763139,0.0266102418491277,0.0341028160840164,0.00691818293291383,0.0221705154207931,0.0130160239521628,0.0136774974686803,0.0154078199534556,0.0159173862497336,0.0201800164547209,0.00559084412919315,0.0100373211581031,0.00933973077724184,0.0055596874953012,0.00367891141693134,0.0237097740472952,0.0152028816257128,0.00430428879143992,0.0153483964696944,0.0142835802010922,0.00729066276812919,0.0121702684834922,0.00133561996313586,0.0227300282930274,0.000721794497739351,0.00722623949748481,0.00909846511341091,0.0135959783594104,0.00739369700250995,0.00271944345230194,0.0141406407109666,0.0163894788450656,0.0109852098293989,0.0155391278863031,0.000989045747730738,0.0105127301038605,0,0.00916609317130687,0.0157294743909559,0.019373838626271,0.0105804361759861,0.00479685815727808,0.0158659502169623,0.0128201438965026,0.00722661761881619,0.016929833565832,0.00886368445794808,0.0129370649604447,0.00958574140172543,0.0143239553906177,0.013548041398008,0.00667099377621639,0.0180236373881452,0.00290409400008958,0.0151373069953155,0.0165939997148554,0.00723535183427457,0.0180031779459564,0.0214256325618553,0.00807018037853707,0.00565744777593162,0.0205194222202226,0.015349473548956,0.00826354830753266,0.0198873648226053,0.00451238368078954,0.0160754956226612,0.00368025869849086,0.00800895208598829,0.00919020523874858,0.0161135718412742,0.0141518978297004,0.00815246873859691,0.0125101844178117,0.0147136378655935,0.0136242691845121,0.0170201267482927,0.00554433946806309,0.00947414175379934,0.00719028142769515,0.00389116594651815,0.00605655907433785,0.0151229810580383,0.00169033565021931,0.0115359853785949,0.0129790372675221,0.0166010214203978,0.00212595467900214,0.0208547008028515,0.0170968988834238,0.0110158968479046,0.0123646937106409,0.0122874420856112,0.00441741995753057,0.00759877244964106,0.0106279040654533,0.0101507403380834,0.018536322541186,0.00231959390689326,0.0145761975843018,0.019410117061211,0.0148143905626421,0.00850201320278085,0.00309484994823193,0,0.0165827679217628,0.025495147062313,0.0073494323837813,0.0145188782202914,0.0121000172117931,0,0.0083574506286272,0.00881401771533282
1484.8342014906,0.0195733480588735,0.00982355227643872,0.00670200210359872,0.0217045730061801,0.0292556350026542,0.0145681747192253,0.0140056762793633,0.0178594728304575,0.0108504941165024,0.014223385346785,0.0120214574672882,0.0119496377492812,0.0101351316261379,0.00996815521374029,0.00929110901963606,0.0175053174808638,0.00801962677709585,0.0020442274343333,0.0093439417693458,0.0157835660747374,0.0141401983048935,0.00861950698369756,0.0159587750217774,0.0166812269095158,0.010873630893244,0.00499612848614624,0.0110182833227831,0.0148902138675839,0.00507770699991388,0.00970969410809268,0.00571997806386476,0.0114084211414298,0.0174046886988523,0,0.0109533203400898,0.013205270988436,0.0021086865972716,0.00549068683833198,0.00807824946022067,0.0195609727503974,0.0128418052067275,0.00453914499978823,0.0139436449327742,0.0143470095273435,0.0141320284218888,0.00987903421037471,0.0105444174798034,0.0010433451974628,0.00419530593388881,0.0170895792232033,0.0101537565528968,0.0126081742183723,0.0147341866127827,0.019814903112513,0.0156970156930904,0.012768612717689,0.0201757137324228,0.0042677027057729,0.0084209472312136,0.0150661304583865,0.0150058037465146,0.011078624540399,0.00744264037471969,0.0107441105179336,0.0141851511432743,0.0121432266007038,0.00882411274519468,0.00847693433505424,0.00955609200508187,0.00894147256806949,0.00333863823718374,0.00575666675665868,0.00570099412687064,0.00355624623137151,0.00813900086550405,0.00539951423743004,0.0135359838539238,0.0232330276378962,0.00419117866315306,0.0159546025614645,0.0181149718068581,0.00549874619448033,0.00508689639779963,0.00892307351537759,0.0156189110925334,0.00615211217999526,0.017752459608186,0.0199932883134801,0.0148036070924164,0.01626329394006,0.00318644779512054,0.0129410087325507,0.00999507596633872,0.00700688312737508,0.00932032856704681,0.0122020183919739,0.0120900272009566,0.0100182608183963,0.00834817249121232,0.0092976382757028,0.0169089388529056,0.0106950778592514,0.00994072229764465,0.0158173980065555,0.0208548623809965,0.00534409249205084,0.00833098800321584,0.0109168920972055,0.0133165046085107,0.00852991804462334,0.0128437662452473,0.0126812248263068,0.023440510547084,0.00993991632151165,0.0142561208398257
1487.59414981516,0.0118801409306179,0.0168462738237214,0.0160671296442628,0.0163211006668949,0.0411429289243747,0.0238779237764988,0.0206453481420615,0.00190057050468594,0.0144763335184337,0.0206501489100998,0.0140405922963358,0.0206520584219537,0.022736609969651,0.0177223194856366,0.0215809808981114,0.0119528629444083,0.0101333279459388,0.0243530705048599,0.013776662747076,0.0107334755502109,0.0200457089853738,0.0185538477527238,0.025228519419547,0.0206469099135686,0.0170390510511243,0.00220521632455944,0.0190391833308867,0.0137206865726352,0.00783335807724959,0.0224566282462116,0.0137725688955661,0.00490927044704708,0.0149886498189217,0.0175240988972617,0.017178627952272,0.0159268145320294,0.0200821147025896,0.00894681103860012,0.00923516611183144,0.015511132678651,0.0191223066296632,0.00794111458752088,0.017898561824695,0.0223175340645292,0.0153480810151117,0.00931029213456307,0.024593625820365,0.0175441408529884,0.00781505133627997,0.00887148670468626,0.0136238068231018,0.00918379096718208,0.022387215136873,0.00945980025155572,0.0186759678474344,0.0116431991268597,0.0252340322150853,0.00866858718714564,0.00614086123717626,0.0237007490106681,0.0132576727164628,0.00995520905037591,0.00865465638530868,0.0159792126911159,0.0228158775838137,0.0025637595796337,0.02366482935014,0.02831166357275,0.02014050079333,0.0071652649265923,0.00914714046625292,0.014918250502441,0.0247348924806192,0.0188584260129611,0.0297039541523679,0.0225678391275964,0.00720023900566984,0.019790029632368,0.0186672165909702,0.0183615956772901,0.00131257837520035,0.0114742747898447,0.0132418302241153,0.00484057697875137,0.0264378934091923,0.0163191691783258,0.019975778105106,0.0105566236649212,0.0153362650345147,0.0134158118230346,0.0166226258452905,0.0182536007665129,0.0118942939129162,0.0145564799271435,0.0201061266224717,0.0211337371002736,0.0251844863438222,0.0274902427106105,0.0130011052874308,0.00469150508970301,0.00832074403735477,0.0142860001118647,0.0117150996097076,0.013963437142009,0.0155973637801501,0.00530656108001378,0.020519324962723,0.01375005498305,0.0191202843468759,0.0200298431002566,0.018558389995954,0.0138661388901117,0.0187065603309699,0.00694391679046134,0.0135100908585428
1490.35220558147,0.00369497644453723,0.00202044392593799,0.00341997802847804,0.0239255014547375,0.0186975176506833,0.00589888914722687,0.0201883924275132,0.00892144748633044,0.0132976938619715,0.00486590858310225,0.0112559970494718,0,0,0.00821814607820731,0.0081369880587249,0.0108011693520592,0.0060864548490697,0.0168384680918745,0.0112040769965428,0.00129062780302184,0.00796451719522306,0.0168257871587922,0,0.0189767614681488,0.015873602380655,0.00219828634686369,0.00525989889530023,0.00980511712502201,0.00272891547599743,0,0.00300879703734013,0.00603742192810842,0.00461251087485104,0.0107662693492676,0.00811690626694733,0.0102748305523561,0,0.00453127098376645,0.00754710853924645,0.00396036510536166,0,0.00908667784883425,0.0070230353337057,0.0127210853257447,0.00311379379868949,0.00406034800351652,0.0054002857057224,0.00737709153132345,0,0.000674753534617702,0.00501343627671897,0.00981587588722694,0.00310587069973567,0.00371440554711609,0,0.0105389063073305,0,0.00417913148450156,0.00330042693917456,0.0104090720321722,0.0190882646985402,0,0.00631777986323082,0.00394051187505958,0.00559589460704248,0.0126624553966911,0.000525059030654679,0.00458016887942371,0,0.00482174323817359,0.0190433664592861,0.00238046526714138,0.01782533356577,0,0.018663588212917,0.00189250678059009,0.00606393145067102,0.00272705174355471,0.0125609527787425,0.00875361819395376,0.00942862320763832,0,0.00175705915926497,0.00949025106402488,0.00522407322983671,0.0105889182329573,0.00845946373656853,0.00996567029567817,0.0164668779574497,0.0060538877209627,0.0128105154875227,0.00691450361932194,0.00395787676182854,0.0174410789730987,0.00974103300491725,0.0148726818458401,0.00339423521809978,0.0156333145217487,0.014165363630151,0.00990686083653291,0,0.000128517473032333,0.00937612255885713,0.009252655182631,0.0097914004368207,0.00644373592224748,0.0106851449292457,0.00755966766975075,0.0121982529791194,0.00980704456941877,0.0169234657450046,0.0144888809069817,0.0075707586552648,0.0148909344013793,0.00657607479273072
1493.10837057749,0.0134765970333398,0.0161927966475917,0.0117243565377573,0.0165894146572718,0.0222718613767255,0.017436213444613,0.0230380739872955,0.0213026742059275,0.0126754215899726,0.020551039329745,0.0143867567270453,0.0179311586663158,0.0141361463632727,0.00709496738678613,0.0199092570155356,0.0135029231471094,0.0245390749799816,0.00934534367112697,0.021085597121515,0.0271745046910307,0.0308262059590053,0.0362599008012803,0.0212029951703756,0.0161959986669473,0.019818201991914,0.0165819529510287,0.00930434605999007,0.0197454062222013,0.024104378086404,0.0114649359358448,0.0190973470443174,0.00835795938467626,0.014208392268506,0.0130825442879899,0.017218782248208,0.00576171944319176,0.0140077683514224,0.0181786762787286,0.00989364732944942,0.00921156382745728,0.0231707310316045,0.0119607748212333,0.0178737756305254,0.00580861292747587,0.0067158687990243,0.00706117566797561,0.0273822470262833,0.0148338017381493,0.0210253076933805,0.0178732479759912,0.0165930261584424,0.0139280869421165,0.0137312934651786,0.0169199752492055,0.0158912901275784,0.0152510970614463,0.0229747806849297,0.0130757139820711,0.0219791962453001,0.0289037413118741,0.0173819797017004,0.0113345536366439,0.00221769472770641,0.0282432780596238,0.0200187582832266,0.0166037092827931,0.021463611984072,0.013701019771995,0.0237000418809777,0.0136746171798549,0.0161778342695221,0.0132980655406314,0.0178603281176282,0.0207086774225358,0.0187147441409626,0.0125962280662421,0.0141550794006077,0.0163775005921834,0.0159413888895239,0.0175062497842184,0.0102092492985662,0.0187829983819172,0.0168919566072619,0.0164836748309604,0.017801113892592,0.0185231449704548,0.00728355546611843,0.0111611007838835,0.0170407506262279,0.0174176485908429,0.0176535900911606,0.0017096809858594,0.0232938268529513,0.0168323356411088,0.0148457302540032,0.0227183848025664,0.00966266507360116,0.0150853530420607,0.0176907018827216,0.0307091737963349,0.0184641548985079,0.0163711879486803,0.0224158721028771,0.00974127316363246,0.0182239568831683,0.0185628695583094,0.0211757798508945,0.0262608484112462,0.0128296825107333,0.0167701847948228,0.0158757532206048,0.0273758971824724,0.0139726022157781,0.0194095133699573,0.0357827378951596
1495.86264658887,0.0191773864355835,0.0183581745226129,0.0261083736311118,0.0172542581467471,0.0175117000289991,0.0131552986761207,0.0209815612306808,0.00807666291861162,0.00992931398221085,0.0161943574323712,0.014857865459208,0.0245120937964121,0.0256534132817797,0.013238181696385,0.0205050985975992,0.0134886703341097,0.0121052278983985,0.019780714794736,0.0234215814016298,0.0199797363292838,0.0198772216812459,0.0195526826881253,0.00848828364523216,0.0207892748772274,0.0130392923152938,0.0254595658546047,0.0173905025818863,0.0131051652442664,0.0274869837135313,0.0253819682784695,0.0157989927927178,0.0200611398111922,0.014704388444067,0.0142879867199223,0.00536435441739734,0.0158166940341752,0.0112824724112042,0.0115512864130881,0.0225810678568501,0.0150630534084589,0.0220823749198607,0.0165635531566887,0.0184639388882866,0.0191664860517832,0.0185399561272602,0.014786065930116,0.0155581748232064,0.0234470819359078,0.00995056135116243,0.00735934560499032,0.0109062101853389,0.0197910978980722,0.00562649639788415,0.0232626605387428,0.0206965012499335,0.0176666269841088,0.0190491933980947,0.0281187042091222,0.00930295704851849,0.0231622025727295,0.0156968427889452,0.0328256305268555,0.0201615597947179,0.0133652991565171,0.0166402928107822,0.023374017376759,0.0198423850632319,0.0245409316707915,0.0237443283474825,0.0219604754182216,0.0261156441828718,0.0133765596895205,0.0259939857495352,0.00725705138274986,0.02519659520484,0.0120806608625187,0.0245689106522981,0.0181133992076483,0.0132174144014223,0.0171098143757637,0.0115766405842939,0.013646591616746,0.0279999312043779,0.0176900904442646,0.00807607848548858,0.0173822749059426,0.0158748686601328,0.0112016182141647,0.0309161610493822,0.0242672589777056,0.0259713349433614,0.0287596096197042,0.0182991894432607,0.0303029580820076,0.0125325287576342,0.0119909101663033,0.0170959894209843,0.016815900359207,0.0136329451535771,0.0278943954713548,0.0215373747004837,0.0205977028436696,0.0242545957236593,0.0171557398154044,0.0101840535458675,0.0162810224321772,0.0148650878594318,0.0201117862290206,0.0158000921105577,0.0197485979272358,0.0142815947942684,0.0163804973506762,0.0203956479697857,0.0164757532615959,0.0260676534006537
1498.61503539899,0.00644080976001023,0,0,0.00846485406595191,0.00488141694816579,0.00507273844758863,0,0.00448271504605606,0,0.00318272396066378,0,0,0.00217729008727362,0,0,0,0,0.00310625321217112,0.00523934218573335,0,0,0.00231043534039843,0,0,0,0,0,0,0,0,0,0.00195165905752871,0,0,0,0,0,0,0,0,0.00329244968114899,0,0.00479529913140025,0.00163489407618666,0,0.00254714613329878,0.00375444175577074,0,0,0,0,0.00549836210024356,0,0.00266505651443869,0,0,0,0.00698340772902128,0,0,0,0,0.00182238508880461,0,0,0.00208295450590491,0,0,0,0.00203510053721723,0,0.00147294001902235,0,0.00147240012200433,0.00198669794690733,0,0,0,0,0,0,0,0,0,0,0,0,0,0,0,0.00265050852171655,0,0,0,0,0,0,0.0016350653560469,0,0,0.00897300651543091,0,0,0.000422774687423427,0,0.00363656307861339,0.00393528621323188,0.000417616531821806,0.00372752734256124,0.00501001101673437,0.00023621137675802,0.0019083030479346,0.000565155824415625,0,0
1501.36553878894,0.050639600239347,0.0375151932860429,0.0356604126876679,0.0301192326049097,0.038234093745442,0.0330614200682678,0.0465006656021889,0.0270727058394826,0.0307664471215951,0.0330276161018813,0.0249720153758425,0.0322800416380181,0.0298103101268462,0.0372916443404191,0.0284801715003987,0.0304962545810152,0.044059865103944,0.0434301083252228,0.0265384182769401,0.027167823982506,0.0296899031218336,0.0340481257275759,0.0405698079869885,0.026645015878369,0.0425216394212226,0.0338821814031954,0.0290351008600435,0.0198110452613913,0.0286877893153472,0.0278069359108213,0.0286786923261145,0.02657053650769,0.0237398121795342,0.0309079344750734,0.0327455915074817,0.0438206132261334,0.0401229781342479,0.0389553844865337,0.032543099613616,0.0308820605415335,0.0439818788077231,0.0468949101909046,0.0277044736401652,0.0384805531108184,0.0240964191707412,0.0261865270794933,0.0398916837627487,0.0413047453172761,0.0410088603364711,0.0306536218906145,0.0289857932428857,0.038499594233618,0.041634916374655,0.0274064987145391,0.0362442377537419,0.035312027545675,0.0270875403573064,0.0354334628272179,0.0368883879562148,0.0290694755235098,0.02983186338426,0.0337454746297096,0.0233827281669914,0.0367136746340601,0.0335211433566759,0.0307995706371802,0.0370378533661482,0.0406233425418155,0.0356785334731473,0.0303617838253286,0.0390821860428281,0.0364598148754482,0.0400168067679424,0.0504038029733618,0.0382264517278543,0.0335986279857085,0.0310750467690936,0.0284702836458411,0.0451398840449575,0.0244038597202576,0.0381408332844182,0.0234360453995088,0.0329315396583761,0.0288775453952792,0.0293275076410489,0.0333552769786715,0.0382798508249295,0.0342915813770743,0.0344783434851535,0.0272587567103402,0.0466995110949227,0.0295714008981293,0.0431634380384855,0.0397362141883412,0.0331452713121367,0.0306034678480909,0.0297357911525365,0.032192830194189,0.040679822422457,0.0384705244201057,0.0341266958553593,0.0187966518362652,0.0327227650146487,0.0383769618437582,0.0368208303632321,0.0388953687198622,0.02493272458995,0.0321821831568179,0.0270202423379914,0.0234789532729792,0.0315636605328115,0.0317665740392324,0.0379770423908449,0.0353906769346916,0.0354829365147982
1504.11415853751,0.0307675855292355,0.0293572141524937,0.0258713843268446,0.0233681676989935,0.0242557875697663,0.00699819910227137,0.0242511654725502,0.0203184246919806,0.0141447367296075,0.011924339214199,0.0126415225887813,0.0181912515515215,0.0149880386286493,0.0161860314171836,0.0106646620730806,0.0239773061803163,0.0064026300994084,0.0164896597422416,0.0132656674659365,0.0222429679687655,0.00789004762188096,0.011285506709498,0.0174770343522312,0.019423269736195,0.0233652249472217,0.0245844608834684,0.00675227146929246,0,0.0236915538052377,0.0257290125568789,0.0146016651692048,0.0149419971561662,0.0157483672713827,0.014069969775273,0.0266249754279906,0.0114108320926761,0.0122114157002051,0.0115337956668692,0.00631334224572822,0.00902486541801264,0.0223767087066328,0.0117133961267157,0.0083665237604118,0.0119291387221036,0.0131432536594255,0.011052478709137,0.0168536485662164,0.0198861108229024,0.00520348721949888,0.00722372541338298,0.00665216648066384,0.017332354155219,0.010741769697043,0.00513039384723293,0.0188043105721023,0.0111347666575284,0.0096570977536845,0.0176812191301121,0.00568281517331451,0.00895313771790185,0.0136766964019472,0.0155480542058183,0.0217541995055298,0.0219017321644083,0.00951084329468285,0.0219071163338191,0.0162023279330027,0.00907208340779812,0.0116354186733121,0.00989130229614855,0.00899297740251547,0.0183113084431144,0.0147493502507312,0.0123165162621265,0.0197219965847909,0.00830081005638121,0.00875452856639001,0.00924119695977256,0.012410120453185,0.0223515751081942,0.0225960383049299,0.0101299109307454,0.00940825833306082,0.0185316164065022,0.0168035073678986,0.00328452137927995,0.0165473042935395,0.0191024795304814,0.027629945777571,0.00866338697285967,0.0153624222325747,0.0161158527085885,0.0196800994489663,0.00113979015316894,0.010295836151442,0.0143043684867079,0.0172040092516315,0.017054451795163,0.0132887274359803,0.0172697891846205,0.0250846585132853,0.00589103727935126,0.0127726101955705,0.0124790753718388,0.0191751435332944,0.0141794610721654,0.0186875228396001,0.0147912172216329,0.0149911625708708,0.0190815293045915,0.00905639500896711,0.0196694548487597,0.0129347326142126,0.01297511505448,0.0139782189158741
1506.86089642123,0.0314267876197179,0.0179406640946967,0.00839217634643748,0.0131479693066501,0.016799526432597,0.0159141238739746,0.0113319086245238,0.017857392265757,0.0157704365892707,0.00656665358163551,0.0158741581023337,0.010670351186803,0.00994607149336145,0.00959324928914569,0.0253447361607713,0.00926829230215314,0,0.0232146401748162,0.0210963458547079,0.011822927802173,0.0112118477786947,0.0169183139369531,0.022258743730065,0.0122229132625912,0.0194984095474029,0.0175189248677044,0.0103335544741992,0.00723491176530589,0.0237839528603182,0.0109363351970634,0.0102520459970789,0.0027516228754825,0.00150782959439411,0,0.0171243266541413,0.011475131275263,0.0146213184905718,0.019653479715182,0.00246405865764818,0.0161217678646245,0.01851640575419,0.00729320818548735,0.00847079566231434,0.0077802822550148,0.010998443530614,0.00593338946788207,0.0169509708774224,0.0155241313373199,0.012523602030859,0.0192212857375133,0.0183393530700112,0.0123288124854163,0.0138580640496637,0.00983701045233857,0.0137167166009764,0.00958085816785784,0.0137283025453829,0.00997430630067012,0.0163334796721292,0.0113830425574312,0.00451977721952342,0.000340364789387362,0.00110318243498814,0.0151832004293206,0.00909507248479005,0.0119127789307365,0.0113586464807639,0.000184781679858353,0.0117660228109098,0.0147342346278251,0.00623323843742775,0.0241904976527725,0.0125826343292022,0.00718545470512895,0.00415311259881911,0.00432483895453336,0.00199171578252739,0.0144741721630313,0.00810003233616304,0.00943145313113421,0.00537515557365369,0.0191962050642248,0.0182877820396683,0.0209842003024172,0.0174654797897982,0.0158721249994844,0.0126091943974147,0.0127600097015343,0.00752226654530363,0.0201310070392469,0.0162820684067184,0.0154643524131347,0.00143708658760998,0.00708243613119123,0.0240881687050872,0.0143665626740878,0.013848663197671,0.0115325425579416,0.0122428391334831,0.0133863397207,0.00736488507462567,0.011349214051009,0.0129272547718575,0.00961977437010304,0.01121891172332,0.0183298009620848,0.00782366877463027,0.0149443077770547,0.00472226028185393,0,0.0092462061998911,0.0180883121368667,0.0159407803396914,0.00897669972503373,0.0116835080739498
1509.60575421434,0.0346715040884088,0.0349764666257096,0.0217800690380301,0.0318758176470122,0.0353639436765855,0.0319530539719175,0.0219788977299751,0.0186219068265809,0.0313551342031033,0.0283414225902742,0.0293105976609696,0.0293581777055626,0.0255908632941413,0.0169560709630532,0.0193310097623858,0.0334515540503632,0.0238772554009985,0.0250783175063062,0.0208417169951741,0.0290072956721271,0.0260138424733852,0.0253547715003896,0.0230013085032389,0.0248412751920659,0.0326178109193759,0.0287136984292541,0.0305909867621539,0.023392095497782,0.0267133463860742,0.0249606998733797,0.036751684490927,0.0169098934695932,0.0271916073405379,0.040437290549401,0.0229533835425075,0.0339418515476804,0.0221028847438222,0.0356887556531179,0.024435112100174,0.0284488157205567,0.0163932585739328,0.0336344974459339,0.0205918859706178,0.0281657857099283,0.0258623756538372,0.0255246638290687,0.0227069084241952,0.0219727252017789,0.0251808847179578,0.0324214435695943,0.013337142526698,0.0188771851962104,0.0398501476055249,0.0260380982463938,0.030963004456661,0.0358661441589152,0.035909606873654,0.0279062335376935,0.0403697194619976,0.0271184823056908,0.0337555071610875,0.0183847039285715,0.0167811110520009,0.0321239131181484,0.0357235872559356,0.0238442244301147,0.0329708101739386,0.0298113346126593,0.0331251414212827,0.0290099236360986,0.030222095554088,0.0318060166574358,0.0231311698777687,0.0397156652764022,0.0223989490576086,0.0210792244713535,0.0245965975294722,0.0305283600566646,0.0277551245371319,0.0286277436655479,0.0243909379155444,0.0271081648608621,0.0208281567917219,0.0356546661316115,0.0227278958562922,0.0364401595119804,0.017865705903063,0.0246769672010222,0.0272782846849294,0.0316198358507414,0.0298872071971771,0.0342860696380412,0.0278616508051498,0.0235906946282255,0.0258857645243507,0.0240288012987855,0.0311141252690166,0.0224002065142358,0.0211634207170267,0.0291264532606248,0.0308433175554281,0.02428061760757,0.0196015663458023,0.028648338021464,0.0470757543748059,0.019617677104721,0.0346884948939069,0.0269891068166064,0.0222868441399301,0.0246548548091547,0.0315663378529351,0.0357684975386966,0.031814288646503,0.0354677280246724,0.0263414291978089
1512.34873368881,0.0148649498170822,0.0137628040215847,0.00709787757377865,0.00923183725542898,0.0135615425641609,0.00213356854336044,0.00855697047006898,0.0108657338971767,0.00836412287118422,0.0105551759730804,0.00685954865074353,0.00769475498210592,0,0.00706171817862615,0.00886043853216861,0.00838501179250056,0.00820257755846789,0.0139413591264759,0.0173667486104879,0.000977442436465347,0.01573667018404,0.0148975269826872,0,0.0063714658704457,0.0208773556860708,0.0150592017353748,0.0152673017709217,0.00968825849529118,0.0127766973926043,0.00688917765705318,0.0176059650357133,0.000671295852091982,0.00843388973361262,0.00272804377178653,0.0106618176282925,0.0189398647113838,0,0.00156914782971014,0.0154714616642185,0.0020297729365483,0.0171508370892228,0.00534900827326068,0.00303261377800639,0.00433960659666107,0.0102909946839033,0.00457953266862555,0.00311422546846542,0.0148149547096312,0.00538701404118126,0.00374804558590975,0.00893330909043297,0.00354108435906215,0.0125395281742698,0.00440039023252678,0.0200492147281986,0.0111759049981999,0.0185423866044677,0.00297773242412785,0.00225688643058559,0.0157308510465733,0,0.000256321618216754,0.00867546921613312,0.0173793907499415,0.0106305772267104,0.010523270851106,0.00228467263829024,0.0158728414279543,0.0120932494031128,0.013898769931322,0.00775096335458152,0.00914968551523415,0.00946838367270503,0.00522343058843641,0.00337970913726142,0.0124157495133581,0.01845291181736,0.00966040949713076,0.0140219887182233,0.0111660339435398,0.00664762871956873,0.00563364600065816,0.00141704038112638,0.0102730527257759,0,0.0138243987367233,0.012250407576607,0.0083785888890234,0.018762345862629,0.0187563822661114,0.00609823243124337,0.00866973051311198,0.0114026028106418,0.00790482923781791,0.020266336488588,0.00328630232428347,0.0278013261336739,0.0157928169173215,0.00787780368993373,0.0149084983520804,0.0149069021012402,0,0.0162570892934896,0.00741805762022174,0.00958855870576078,0.0105436901695838,0.014007696891619,0.00457529955222131,0.0138005394387405,0.00773324272124937,0.00402049569006393,0.00449757620122396,0.00625396683498293,0.00621871885379328,0.00377162648569051
1515.08983661433,0.00943719624736051,0.000225773556110102,0.00620777878115141,0.00905278915817629,0,0.000193067276927849,0.00720341454489469,0.00740326168311215,0,0.00146604206613377,0,0,0.00241610953649617,0,9.19616811354761e-05,0,0.0105329490566773,0.00391235296297815,0.012833732917839,0,0.00275271274606298,0,0,0,0.00237285452924151,0,0,0.0070745336851315,0.00280324505149499,0.00157609641654738,0,0.0049315939819515,0.00679917297963805,0,0,0.00507788871483939,0,0.000736101481014749,0.00481078388985388,0,0,0.00611752364058991,0.00263122275660466,0,0,0,0,0,0.00273952906644525,0.00460169734817133,0,0,0.00165911152964281,0.00745126812825317,0,0,0,0.00146073969097646,0,0,0.00450563700875725,0.0118200285153901,0,0.000351621350033191,0,3.24045736413912e-05,0.00631560718978557,0,0,0,0.00215135145968595,0.00366256475841406,0.00390530742606909,0.00545221206790272,0,0.00259204558292907,0,0.00700285181280774,0,0.00633490726699455,0.00477032929761767,0,0.000531403224618532,0,0.00927767174539554,0,0.00723006122981962,0.00563362427628878,0,0.00308028469509592,0,0.00808442771851778,0.00424300826686637,0.0045421351939484,0,3.24383717093281e-05,0,0,0.000464235615391741,0,0,0,0.00525663298217049,0.00232159791607884,0,0,0,0.00366273641341375,0.0030190392452254,0.0114318358594152,0.00654187894583236,0,0.00115193224339462,0,0.00379855153799113
1517.82906475833,0,0.00366006257143542,0.00974604440377735,0.0193694593623494,0.0215576169132221,0.0195772850053031,0.0288690295760241,0.0189131745848814,0.0123011721127829,0.00920753777231048,0.00328882219432205,0,0.0123882187408714,0.0118622594472047,0.00814275751798056,0.00375908137421321,0.0106379960509109,0.0123556887170675,0.012107638705926,0.00732067416812258,0.000703725406446702,0.0135219641881981,0.00853892712029096,0.0107887549665849,0.0099028477866657,0.00937084776742867,0.000768281478845302,0.0144442895097446,0.00185967747801833,0.00237654501530585,0.0216280221666393,0.00453564937584291,0.00119611513527896,0.00432925424304049,0.000886198197122472,0.00858286004891396,0.00315696217185696,0.0117656542747318,0.0171044788330258,0,0.0027252688276487,0.00292334156162646,0.0108199167186124,0.0100404751302309,0.00791775400373652,0.00449186642928524,0.017550787820109,0.00510804476861614,0.0036583536473031,0.007248490631377,0.000768869250917914,0.0109846290199756,0.00545108201709787,0.00708230584387473,0.00709740586951172,0.0134404089196958,0.0138321330488249,0.0150018143498866,0.00744261070997641,0.0097711030559107,0.00357646248824338,0.00738608415496355,0.00324826043993872,0,0.0122568419083299,0,0.0109185401318293,0.0061757151911623,0.0136876465553041,0.0125639554439921,0.00354603859420896,0.00219852491717998,0,0.00746791018959257,0.00444585072207842,0.0052161207876937,0,0.0117567137563268,0.00388288539805752,0.0158538780987162,0.0102712925720754,0.0162754139235973,0.00602834541966242,0.00719931107340108,0.00258527194756267,0.00845300631672756,0.00739145921469909,0.0111476162145763,0.0173866312207404,0,0.00866603480156867,0.0180807752270455,0.00696283048954952,0.00705949322206504,0.0045150648767675,0.00637906061930905,0.00636285507666259,0.0105456519940528,0.00886719441714168,0.0113288964598601,0.00455832260301276,0.0127652487017596,0,0,0.00406343813100911,0.0161151240289816,0.00403933942847864,0.0135118234223879,0.0125392314738121,0.0162965200563526,0,0.00848596224932162,0.0176761088197198,0.0110217289058229,0.00215400151090912
1520.56641988599,0.00736519556545444,0.0185984480579739,0.03148322485093,0.0302075092350554,0.0378931522552044,0.0116744072333019,0.0193482647462917,0.0170975108916967,0.0226113586680118,0.0104641530802649,0.0259210654448206,0.0170317976224276,0.0206610766374017,0.010950982448232,0.0111772711498071,0.0148930576565056,0.0293103586836334,0.0208220159816482,0.0162696893648295,0.015214499190059,0.00522454019699034,0.0214912538629174,0.0232994786780061,0.02349474060235,0.00671066553689662,0.0107050221461081,0.0148011790448969,0.0201764527100138,0.0172644755674112,0.0153819828727837,0.0213909965815593,0.0211288789489802,0.0161365942202208,0.0113872415437051,0.0107728879683718,0.0165853951317891,0.0107267054329142,0.0188717657676065,0.00820976986829466,0.0247496323451769,0.0172713156453082,0.0185368522485398,0.0133189363929536,0.0134549070840333,0.017601815139266,0.00418847095439614,0.00816998836197142,0.00766975336679596,0.00696275639400941,0.0140489233381949,0.0194824759263009,0.0124343688184711,0.0104378279274803,0.0170611151990426,0.0109311025081925,0.0154760472455517,0.0140531854396374,0.0296784561028589,0.00948784375193242,0.0221299326758562,0.0172041625147004,0.0136565319812554,0.0273533117148589,0.0251687229939763,0.0154041253813732,0.0139389249391415,0.0155428855213625,0.0194743763236027,0.012162322898987,0.0145770329723792,0.016583344969326,0.0150461052140409,0.0170788848508829,0.0195042391653054,0.0082181073873959,0.0167382547461007,0.0174172304216487,0.0125546462325556,0.0186138262558937,0.0173713605366265,0.0265458229230637,0.0154543219144134,0.0150168119194911,0.0184726787557529,0.0119414716041429,0.0211497250595742,0.0213347093894631,0.0137432065079518,0.0193303547301148,0.0143053369269888,0.0171786017704348,0.0169846082719494,0.0247805109118377,0.0131140473879866,0.00754401803943178,0.0138745709675333,0.0174202522968587,0.0141638251309614,0.0208026626558514,0.0260032692908142,0.0171058680422924,0.0131745883591321,0.0276241460782984,0.0111836014856446,0.00986447540952469,0.00826219699192392,0.0147520865337584,0.0296007095711623,0.0180263187852061,0.0246161766832622,0.0235545481362857,0.0180929712228387,0.00853184368384693,0.0163308363111699,0.020848951372929
1523.30190376021,0.00405564211218361,0.0155172590978712,0.0108296878784335,0.0246104872451575,0.0291826888865529,0.0163573250295002,0.0158734698898127,0.00782961298712979,0.0179335013189812,0.0198760977354424,0.0185618185389421,0.0118221943260843,0.0111623909072858,0.0195370473782276,0.00919565350672163,0.00743601130515207,0.0238412993192112,0.0184588408446249,0.0264011064484795,0.0247855740751798,0.0195892891711351,0.0278141740544849,0.0142931326777559,0.0119007491365171,0.0244638685313101,0.00487656281306992,0.0127783314483565,0.0132033419329875,0.0135520491531654,0.0151198158168259,0.0103314861507549,0.0178560056732996,0.0145681420503722,0.00262407014210757,0.0167134823780948,0.0195733779992287,0.0155133133733949,0.00683218944296253,0.0119506133678143,0.00594465984501948,0.00725663831163504,0.00570995053961062,0.0072724483952486,0.0104952494160862,0.0155945659900611,0.0115497041941622,0.0224891741425879,0.0136608629209071,0.0091102257259437,0.0143815921355944,0.0117111197233564,0.007565519797566,0.0166194990327608,0.0104265586725757,0.014200952469747,0.0152165393626173,0.0171224484789504,0.0115195570626529,0.00748828790552826,0.0166071536006791,0.0250407608479657,0.010456768533766,0.0044636040563832,0.00993974291149682,0.0145500163255399,0.0113775605641648,0.0141307642548819,0.0192098872717687,0.0141941346608988,0.0119073410594491,0.0098882451470113,0.0153413179357198,0.0225452957972586,0.0215655539527521,0.0149268554855925,0,0.0165414458009955,0.0241745529826291,0.0138778933579881,0.0280811441384819,0.0224717839171601,0.0287721352386234,0.0130409410940984,0.0187335096487728,0.0167407949746719,0.0185193965447079,0.0232600727716658,0.0069493576874735,0.0143673329594835,0.0134321662854331,0.0165034958643678,0.0236916343821232,0.0188489160185051,0.0127481671742002,0.0151726442037862,0.0135039213447001,0.0107610276289741,0.0166755123585662,0.0216467824283361,0.019944675802181,0.0111173896388283,0.0164723335873935,0.00842327426086754,0.0124828149166656,0.0139813539587071,0.00908532326845347,0.0196868992910223,0.0146230731935224,0.0183216448261488,0.0180810602784018,0.00913416634181486,0.00906617103752144,0.0151752275267181,0.0176382807538969,0.0209413134770532
1526.03551814165,0.035122293962625,0.0168328822525941,0.0248998449183242,0.0280134406948942,0.0441725401890874,0.0330799886693137,0.0403460890652638,0.032755908006572,0.0261433841429499,0.0331057210235231,0.018191567965966,0.0333677602317844,0.0229253941769453,0.0281452476375464,0.0234738705174743,0.028470284935079,0.0240148035888328,0.0242584451833927,0.0349345512462325,0.0294141580486439,0.024154202928532,0.0308218363825779,0.032001843994837,0.0410548083051789,0.0241438290782303,0.029468460349317,0.0257097946510505,0.0228548658861982,0.0239365008785043,0.0348155119450897,0.0318347497126033,0.0210425017352257,0.0238528384764425,0.0255702752360389,0.0391185910753529,0.0360119224031572,0.0298613555114462,0.0241332383475549,0.0334867247043508,0.0444480485724058,0.0349977175778699,0.0270609500906179,0.0223828079311267,0.0230112002105322,0.033525632256377,0.0295147676001515,0.0390852074179455,0.0372774997358553,0.0372613902698033,0.0477824365107115,0.0258602978008256,0.0303912621926597,0.0310281199817217,0.0313493988381016,0.0304113484484066,0.034683839504961,0.0326498624324379,0.020671090066589,0.0357252707718838,0.0295887984121036,0.0346442828015988,0.0310159635365876,0.0333783456538917,0.0431607161909819,0.0401661706551612,0.0228798100627364,0.0292622215750521,0.0274588292919266,0.0333318671149764,0.0333757518044323,0.0345907948937805,0.0253758256920361,0.0314961744558294,0.0312953549165252,0.0274853606060895,0.0232871735879657,0.0358276839051243,0.0346807096899216,0.0297670406591346,0.0279241303434878,0.0342643435521445,0.034466609419157,0.0347952994396594,0.0195975322770611,0.0312928490760424,0.0261443550631789,0.0372475882099991,0.02959336908738,0.0313688180207557,0.0386552042103761,0.0302416745388797,0.0348674929434325,0.0326539604325596,0.0288063278456858,0.0251123057833593,0.0272417977142423,0.0367399233547695,0.0344488362650953,0.0289485152135572,0.0340870563666859,0.0382086830646359,0.031256561891941,0.0347268370825141,0.0281901359439697,0.0300636092659671,0.023199759852185,0.0258051107050409,0.0290607605677193,0.0342838852638991,0.0327389131519033,0.0264822922235087,0.0245487133364303,0.0317675468769802,0.0195431248474113,0.0441953725493469
1528.7672647887,0.0226290173217669,0.015984619346816,0.0268744669499644,0.0274497011122019,0.0341166974063301,0.0307090493531486,0.0265148701022848,0.0224660903575338,0.0209737269833274,0.0322597615822582,0.0333856106160077,0.0369315087865102,0.0186392061307306,0.012251289041926,0.0254576896833355,0.0205119651117114,0.0253353523579479,0.0208567470941384,0.0353837596281906,0.0147573068745922,0.0243760715016468,0.0249509289000556,0.0189809579772043,0.0238494714239495,0.0215844015784684,0.0192635795107714,0.0283283982001786,0.0198014188548137,0.0242112069496062,0.0224162284600022,0.0442284104514749,0.0230834371079635,0.0217592609110938,0.0213788548809897,0.0195917682912809,0.0295307728244554,0.0189821576334821,0.0267992445754076,0.0160630643335407,0.018746247374982,0.0233139303104635,0.0222488575980685,0.0232359930619421,0.0184950131120901,0.0280510758486501,0.0239908276113954,0.0269508540130566,0.0223037330688358,0.0223343445082389,0.017477444625391,0.0319649468436371,0.0388278268542542,0.0220204032299642,0.0207444146666165,0.0296182595975862,0.0246188040211954,0.00806433981812148,0.0226050405812339,0.0145968815694495,0.026421797719269,0.0204343788962688,0.0296443800547197,0.0188696974531964,0.0204841011096239,0.0272851950404595,0.0304731235888713,0.0361545816541878,0.0227109787040955,0.0401221167518128,0.0383981311910199,0.0227116038900473,0.0251445700258494,0.0283532099120043,0.0192882117546592,0.0214236296239945,0.0254140170445025,0.0338465739368619,0.00940239117349813,0.028416931910675,0.0260704091799376,0.0240110515828844,0.0260679941880953,0.0241907234653758,0.0239687899399749,0.0206826981433781,0.01616858872655,0.0231642474311939,0.0281409963494124,0.0362670569696124,0.0253561148863202,0.022704264815334,0.0316167844840358,0.025609083225668,0.0191145449204096,0.0179084884078224,0.0252255127617633,0.0203974020438092,0.0251529772961578,0.0204795190118087,0.0228845059148385,0.0189265965735876,0.0328800226484693,0.0132099895462807,0.0283831515626656,0.0228504651037285,0.0234919019174953,0.0278859880731186,0.0209109614666097,0.0265137545883733,0.0216707863823817,0.0172082557179272,0.0348070551722717,0.0139335808942962,0.0220455176761988,0.0223212636198564
1531.49714545752,0,0,0.00628819272052946,0.0174334485779153,0.0143354949127505,0.00815225470891881,0.00449422983293514,0,0,0.00540942498009009,0.00840560818065119,0,0.00174807395176348,0.00139611926626777,0,0,0,0,0.000181590772949764,0,0.00115678952986489,0,0.00134190392890127,0,0,0,0,0,0,0,0,0,0,0,0.00122191153696098,0,0,0,0,0.00926990573779169,0.00193431692785857,0.0100592697670893,0,0,0.00151397189999997,0.00261956604951379,0,0,0,0,0,0,0,0,0,0.001827694919764,0,0,0,0.00364097998433123,0,0,0.000814540586166712,0.00474926780766586,0,0.00495201613989359,0,0.00213616987566524,0,0,0.00097781472770314,0,0,0,0,0.000349143580958098,0.00714580327521644,0.00176700378732093,0.00147525394616382,0.00188775829047244,0,0.00181191724195821,0,0,0,0,0,0.0043572631330919,0,0.00924525637567579,0.00367711313335049,0,0,0,0,0,0,0,0,0,0.00488692053360746,0.00529339285373956,0.000576677827097786,0,0,0.00130857341918925,0,0,0,0,0,0,0,0,0
1534.22516190202,0.0336033476313288,0.021465476491918,0.0375013549758196,0.0448448584245897,0.0386820752799941,0.028769175466616,0.0317752313392382,0.0334578412264089,0.0385772630666259,0.0257551716544783,0.0397221596585294,0.0272132178386393,0.0227655491123865,0.0279075552851851,0.0317350283241373,0.00904519829638311,0.0370377887079273,0.0423411715473378,0.0244623797736834,0.0351610842915824,0.0352548234569164,0.0321943937402045,0.0284061365986251,0.0262732855710171,0.0374569605726553,0.0431373747379576,0.0330632910088133,0.0331329485554865,0.0315865812215925,0.0309120543748951,0.0359790031940319,0.0284093215574659,0.0307512166782259,0.0283420130838785,0.0276648813201217,0.0390157276246938,0.0360090843968047,0.0265646333182088,0.0260033475307024,0.0362714619261133,0.0205977518289955,0.0320480260455835,0.0295807243365279,0.0356396113168891,0.0341596196913946,0.0241821460212397,0.041084837531033,0.0316056733314035,0.0332944137351011,0.0253885623542233,0.0304138370038055,0.037323184208862,0.033374785403695,0.0386106959008158,0.0298649163332174,0.0393303293182602,0.0324468181236372,0.0309953502989669,0.0235402463639234,0.0415264574508471,0.0385940182072113,0.0311277772405931,0.0381353611537607,0.0288172538870967,0.02861609991335,0.0300020066412527,0.020816751344412,0.0336620404449269,0.0396345433612362,0.0385133206384845,0.0385311570710888,0.033895767446558,0.0313677710395893,0.027690228367085,0.031511491103943,0.0297398275515817,0.0351321001752681,0.0310994525865444,0.0257847845594348,0.0401982917079528,0.0250757508233569,0.0399255149451191,0.0284923015372127,0.0356834761033123,0.0247149680866241,0.0332373717230145,0.0346250298109085,0.0388380647771755,0.0334286973412291,0.0345354225610239,0.0330258390991823,0.0374114215717685,0.041159979184821,0.026745591015099,0.0321784240104994,0.037600865289293,0.0358453554268041,0.0297706909703334,0.0240853427755217,0.0345628663850472,0.0355264816161398,0.0425008591522599,0.0263602810889186,0.0242335262339775,0.0192974503688165,0.0287609735124545,0.037919399238155,0.0267241654028492,0.0342197465071,0.0327887003143454,0.0276392867342956,0.0221613270034302,0.0402272697859576,0.0299932742925981,0.0299989964765154
1536.95131587387,0.00579738177477869,0.0102993006974556,0.0186131064310666,0.0273946778006138,0.0384476203590981,0.0242847322479199,0.0191102431312389,0.02483982559809,0.00559947673535931,0.0228079568343363,0.0180022308041908,0.0275708354638005,0.0139579081323991,0.0176550484074193,0.0158728147938943,0.0164864054004255,0.0159502742721345,0.0129643724317154,0.0244433310075157,0.0145046111533972,0.013172141753964,0.0280623334942986,0.0212597281951429,0.00574273570642223,0.00782263638620958,0.018631332777993,0.0122095951478524,0.0174215132671461,0.0105401406489686,0.016920884163999,0.0261825200259533,0.0153143967170463,0.0173253139077328,0.0146000138294057,0.0223815953359259,0.0169330849245275,0.017904482460911,0.0174626021967632,0.0115178079225883,0.0164273839106659,0.0129860889968692,0.00795017181453087,0.0236486410000594,0.0157332133879196,0.0164564779155423,0.0293098974934907,0.00477493363618333,0.0206756458929165,0.0172602515589123,0.021708843804758,0.0164195844150636,0.00893453091901819,0.0109599435486063,0.0137333314159113,0.0162264459321103,0.0107912499586051,0.0322355686708691,0.0179602977890573,0.0111966009583956,0.0159043413819277,0.0122449861861461,0.00728118321093725,0.00108416810930535,0.011400773891521,0.00948210992381314,0.0107049353714099,0.0118043500420606,0.0165296285330532,0.0164521021326181,0.01419655447606,0.00406087454484168,0.0148712273824438,0.0282939154098668,0.0157535502225198,0.0121214151552963,0.00590668866586044,0.00847771278928064,0.0115752556353911,0.00278664477304126,0.0177810633489002,0.0216816852381931,0.0233625470248183,0.0167996948321795,0.0116651348220394,0.00158070800971309,0.0153712651855022,0.0125829905549894,0.0133372478916915,0.0228052860085279,0.0145019519382141,0.00943980447896801,0.0170022354078307,0.0138923795491913,0.010095113626467,0.0135987567050469,0.0193127143500173,0.012131623361563,0.0171571533660172,0.00866732765478948,0.00728575899111401,0.0116737844576094,0.0138140316175272,0.0125932309067784,0.0187403119984155,0.0127208304486893,0.0106626668607434,0.0203479108403912,0.0129902341276928,0.023623013837687,0.0103446724458516,0.0172988846023107,0.0039216618464651,0.0125371909404602,0.0124443683688926,0.0093212902449509
1539.67560912248,0.0231358772861249,0.0182926040987263,0.0195772476477106,0.046374989673611,0.0373090151920518,0.0269249884343352,0.044249011412617,0.0311953945110749,0.0246432714696807,0.019341358242029,0.0172066470017425,0.0214042839641828,0.0212465748440765,0.0163433823111923,0.0257893172560687,0.0151919234067503,0.0173648643489169,0.0221385171297241,0.028232425764479,0.0120759978172545,0.0276718237274231,0.0156086487236486,0.0286438821059669,0.0140826667380183,0.0245816143817485,0.0234410118854273,0.0258357395679953,0.0233159947442016,0.0204797918779406,0.0289796410193301,0.0238319053917387,0.00984965537497576,0.0250140230000933,0.00880292686973842,0.0267600829482785,0.015016250521237,0.015534267217474,0.0202243881618812,0.0228542897174936,0.0226460473959409,0.0231211075045153,0.027708310238065,0.0108855271439937,0.0129018577422379,0.0227925341034936,0.0215298332829293,0.0259921016019361,0.00295479697248799,0.0325445836907255,0.0186433118446433,0.0157028089324871,0.0186180755479394,0.0190404065982643,0.0273133424933603,0.0325563718437205,0.0211039340357168,0.0275247344289778,0.0171999490602123,0.0192126092817457,0.0105200646066202,0.0283598795444792,0.0214353346984466,0.0259561958006723,0.0205277675205513,0.0196938147337533,0.0178284454036053,0.0286986432463511,0.020364757391892,0.0215686850737996,0.0216649513358117,0.0160955393441448,0.0227340370627273,0.0194735945158588,0.0203077889563355,0.015477915750274,0.0223299170689568,0.0169467494857137,0.0261773237717146,0.0254717018255067,0.0171656963922728,0.0330232376668604,0.0262329347024219,0.0218991684553143,0.0236782461493165,0.0139569414697569,0.00832967531263206,0.0255370653536243,0.0213930892433424,0.0260632169784613,0.025100050148717,0.0250198757151783,0.0299617240207972,0.00868141099234897,0.0151412019774135,0.0219352767310957,0.0218952224233174,0.02334558577184,0.0198059942866591,0.0272008177030831,0.0319196371703945,0.0191617413073378,0.0155298737056541,0.0319274173452073,0.0149963965908656,0.0186790426309039,0.0139328571651388,0.0248441240281471,0.0207588670798758,0.0182646848434503,0.0268320482391624,0.0211537783322797,0.0160222178828953,0.0175683759493803,0.0156138542548649,0.0242223786266589
1542.39804339507,0.028704985107245,0.0219358278535257,0.0348857639482318,0.0339595413405065,0.0468726416659747,0.0274046666972172,0.0382026198202354,0.0258283712260747,0.0190507922329341,0.0245733398796973,0.017505516808746,0.0267176754565424,0.0233931135168429,0.0262021971050329,0.0312506339141673,0.030892869660954,0.0227370624485623,0.0302515992443556,0.0320460713283468,0.0240137914743896,0.0247332489005398,0.0232071486393294,0.0192252198112829,0.0224459035483337,0.0227027497122248,0.0288267416785903,0.0205359405484257,0.0142926959331986,0.0186216170765867,0.0305406268176454,0.0306398872964929,0.0161103065691181,0.0224652771775198,0.0137800884557004,0.00848392918509292,0.0299080996520513,0.0176763866708223,0.0247018774980782,0.021602864310317,0.0178948559499898,0.0258477423304459,0.0161807902671569,0.0209937381192301,0.0154215267872812,0.0186098134382334,0.0149495469551685,0.0111505781005458,0.0198955380944892,0.0124272822910087,0.0380253156625447,0.019619850023701,0.0121837161678452,0.0095651755986079,0.0311647507353336,0.0254250277024056,0.0157935454704507,0.0211408708363942,0.0159056162911217,0.0220227937841993,0.0161329199811112,0.0247317214873522,0.0255269901864453,0.0306174515612677,0.0175724422746241,0.00923210276790569,0.0165505832694405,0.0296443458832101,0.0321481390550873,0.0190511068755195,0.0156289529941572,0.0188572149113071,0.0140444677185816,0.0245242798094906,0.0137118480339933,0.0241024698033736,0.0198450875029719,0.023713118087137,0.0237520538458818,0.0186679641055861,0.0245974281430243,0.0132659172492578,0.020892706247664,0.0160353331047738,0.0235183004255968,0.0189154350786396,0.026893568236397,0.0190209762047148,0.0259434670205204,0.0201057565920312,0.0266518464396609,0.0314133257766277,0.0273838936122294,0.0208887469045685,0.0184539321645714,0.0194232017426669,0.0194298502275409,0.0231382710620041,0.0219138002048985,0.0188500856234129,0.0150664099349642,0.00985455486817569,0.0218547446207188,0.0288405250511524,0.0210580008090124,0.0178355989508783,0.0235725959738125,0.0137017977170749,0.0325074741686197,0.0193037174859278,0.0215994570840999,0.0108590563365996,0.0153201403919549,0.0115294906897422,0.0297291898328537,0.0177000063517081
1545.11862043658,0.0255812865534047,0.03271060959427,0.0259816697799448,0.0305450780824655,0.0402121876938839,0.0246315171077605,0.0283478317468405,0.0343673806507497,0.0242028025446881,0.0260328838200168,0.0183630388806521,0.0211425885443483,0.00776932669639399,0.0277235608486635,0.0188195592642729,0.0219818825627824,0.0253235130223075,0.0269937575891828,0.024533184943085,0.0166670366923246,0.0207264930828393,0.0347239413298275,0.0156336678624616,0.0110354116831131,0.0129304912402109,0.0215241385838421,0.0100925312512113,0.0185747424856136,0.0224171665717416,0.0177277054139957,0.0260557858911399,0.0294164545906723,0.0233601904255923,0.0238732649216478,0.0146107365893212,0.0207620187666956,0.0164754481452287,0.0156728231813708,0.0255355136131099,0.0230048832818434,0.0194510161883677,0.0280163405341052,0.0248424110821437,0.0105023708091276,0.0197232057578315,0.0177985318761176,0.0233928042341086,0.0203924863205935,0.0194956782827632,0.0226166268159478,0.0206795549480495,0.0190326977537327,0.0264836227549993,0.0206985486287525,0.0236024688125634,0.0290519838987427,0.0249550470221724,0.0263293732150505,0.020789376885385,0.0211919847439402,0.0164764125131445,0.0154026792420183,0.0281619456299608,0.0255952188283507,0.0171926426250929,0.0265291343672921,0.0206996239904129,0.0213125511710953,0.0142011579151515,0.00314684500265902,0.0245475038152427,0.016809955542666,0.0301755795184086,0.0194903449372747,0.0240122893210607,0.0191599573942942,0.0293523767649098,0.0162354742874141,0.0302630151692635,0.021736522612741,0.01390310805213,0.0279280596409986,0.0252291511706513,0.0193163520996228,0.0244696333552009,0.0221726897992484,0.0234214006435837,0.0234587942359071,0.0257202481926595,0.0180238290376845,0.0268934186979831,0.0159379134760121,0.0331202278608585,0.0264767265430563,0.0146456158041444,0.0248760883988427,0.0269595307899073,0.0155789383551666,0.0263173888618532,0.0310988942875819,0.030728415373391,0.0264836429561065,0.0110113441885018,0.0144833521737868,0.027252381885873,0.0303518187378144,0.0275279708032167,0.0239304722726614,0.0255814551826869,0.0215396973845133,0.020428931146348,0.0274681744949027,0.022447236878018,0.0191489440099833,0.0202308521910325
1547.83734198977,0.0240197041296844,0.0320280271571482,0.0215075524391036,0.0336381345494893,0.0224345175266883,0.0257063175990328,0.0289206402177162,0.0311840988173256,0.0277698406229969,0.0193823402922054,0.0170996239327099,0.0254110095266765,0.0197226226808205,0.0170060035035252,0.0237693052808458,0.0229495558457641,0.0178189014243921,0.0346130672102775,0.0197478292470623,0.029203558835498,0.0189256886385236,0.0323560979566067,0.0196101316439157,0.0200113364184407,0.0291943578441418,0.0280624158254525,0.0272383405491535,0.0234342778904691,0.0279259551529675,0.0270888775069773,0.0243511727320062,0.0216879266894368,0.0174381858127942,0.0119223800233414,0.0162258333120752,0.0301035397851695,0.0158593706007184,0.0207632136405866,0.0203202707952714,0.0148308132814774,0.0319448430204734,0.0279212336968204,0.0127213571719283,0.0135990942500423,0.0284757880597638,0.0130304462278136,0.0311477733327791,0.0209131265874925,0.0265894590358976,0.0154937041051475,0.0177295663866277,0.0218704084839306,0.0363944884513588,0.020007946287492,0.0200431577114924,0.0226310048849626,0.0310534590351176,0.0217398863512765,0.0201608025946568,0.0193443193452566,0.0123147281357147,0.0308187006230681,0.0233512367162345,0.0307600910715479,0.0211531575540367,0.0163120259462992,0.0255459815509241,0.0257843222023418,0.018800410663772,0.0165685678746647,0.0238702054949753,0.0190275236682614,0.0243110622508522,0.0247049742415921,0.0239468656282789,0.0226412644287804,0.0177531936031115,0.0303413652911802,0.0173810422666512,0.0229111630102303,0.0236177633773891,0.022047712859042,0.0228817137631035,0.0226881297119767,0.0266130343382951,0.0203178672321162,0.0163785843706231,0.0233518658217796,0.0128808930254719,0.0184883234138063,0.0241241520814396,0.0223000189314208,0.026822079044062,0.0151939092341211,0.0213353657021327,0.0207671432482053,0.0267985521194778,0.0205560096685114,0.0320540673579758,0.0275527948410744,0.0278480132525124,0.0305631077321567,0.0168332215897448,0.0257705912172703,0.0292990768207327,0.0256173493571024,0.0280363027624748,0.0317692278410806,0.031883416671685,0.0203588891494452,0.0186839849147647,0.0332270213727754,0.0199596692926936,0.0269880805257908,0.0193986981673562
1550.55420979513,0.0163293055748318,0.0160610697222104,0.0165062131283672,0.0113205146626655,0.026965787495018,0.0175203768530761,0.00761678399948633,0.00987155127451901,0.0142060250234312,0.012212999237285,0.0163951525091802,0.0111531933996969,0.0173499930943413,0.0135577478283832,0.0125066304667264,0.000948003945754397,0.00415709522849719,0.0183812121718621,0.0214739045133756,0.0125259948297428,0.0138743386922403,0.0172164601288558,0.0102657429654655,0.0137388972467491,0.0239933790276457,0.0114115689507227,0.0105279796449167,0.00507561256939228,0.019385583412486,0.0182001566323563,0.00668793439540469,0.00989008381548727,0.013250014972393,0.0169703995804373,0.0121954539027228,0.0103715138739142,0.0102172015462739,0.0157301202371304,0.0134099911151703,0.0240405438723996,0.0221662936233621,0.0164648733600501,0.00862096869580834,0.00979018303156269,0.0108953157253901,0.00652354265064208,0.00791841369774585,0.0152113748199415,0.0272138880839978,0.00957566338066298,0.00788876444140548,0.0149320778135456,0.00238057718003137,0.0153256264528509,0.0118115426168371,0.00928022459656093,0.0173902509104563,0.0104908885088103,0.0137458127716293,0.0180982726447638,0.0139909436974996,0.0159979351346039,0.00963855825487966,0.00481838597206505,0.0147895248264112,0.00948857079674449,0.0210529305723377,0.0172604789204161,0.0110533852619414,0.0111927410362314,0.0139203579242821,0.0115520816641523,0.0115467173040077,0.0152412073418622,0.00118407214304197,0,0,0.00298024705513954,0.00062492618988703,0.00978161259673855,0.00732672249063562,0.00383998653393084,0.00436724447611615,0.00924106291372222,0.0190496224391442,0.010527880138055,0.0185325815881841,0.0115038731595551,0.0104589435215431,0.00763963780832649,0.013895604022334,0.0147925104017447,0.0118512223169913,0.0162362338110665,0.00916621603059902,0.0076666120246351,0.00949462035305306,0.00410921211649653,0.0150016991065618,0.00269865989212977,0.0139724197606359,0.00543351636382295,0.00968510683286214,0.00658342313587989,0.0103264412707272,0.0237915475510681,0.0123264539861307,0.011934422702013,0.0167718229553138,0.0151962567988359,0.0141278791479124,0.0174384773742571,0.0174963279738671,0.00438329274626768,0.0112530299986124
1553.26922559097,0.0260962205427592,0.0351097337628381,0.0297055498349873,0.0304214047744468,0.0343076464982794,0.029568750855976,0.0323304434679645,0.0136779520824327,0.0274692384520937,0.0278406639810506,0.0323281795299973,0.0323811903580219,0.0259082897898809,0.0229526758215358,0.0158256291787826,0.0304329369178476,0.0247993020910552,0.0303910469896678,0.0286304930879919,0.0212485783986604,0.0175772051238095,0.0304748009057994,0.0346009538685822,0.024459366812758,0.0256021783696528,0.0202083660162146,0.0294467522508898,0.0299058963474439,0.025506567587819,0.0375771393998949,0.020447334619502,0.0203483988768375,0.0313172744676843,0.019778978778775,0.022363252197184,0.0259137128414749,0.0191879425832799,0.01579609511447,0.0288827898214478,0.027488758825757,0.0249897952078415,0.0232487222523327,0.0142549826079444,0.0273203283394656,0.0337552755084874,0.0235538080158496,0.0123370021196389,0.019754715861412,0.0219595691066265,0.0290562007263012,0.0309188355144164,0.0264659665167612,0.0275762130658582,0.0192719122233944,0.0159348630647124,0.0243505860653582,0.0229700318392624,0.0109604176606416,0.0282722559506908,0.0197642103582253,0.0215052092531754,0.0160370588228639,0.0120214207070695,0.0250221528443815,0.0228240613226014,0.0285247885114146,0.0215395768438435,0.0291388513672001,0.0233591424440021,0.0305446875172951,0.00631854180631813,0.0241057985606991,0.0115000170247596,0.0216810016370427,0.0326302392278454,0.0243544338944928,0.0320286451513406,0.0387332835167568,0.0317800663487288,0.0316364617121408,0.0193526758543879,0.022711551493389,0.0211492823150925,0.0353108642773317,0.0292537082174277,0.0183850623659424,0.0184169228693142,0.0255655354951468,0.0242287692969377,0.020054476563123,0.0330482145241837,0.0300951568222475,0.0195175641191888,0.0237463329566029,0.0347857039605244,0.0250161210379305,0.0213969984552075,0.0226799878204751,0.0319015903508234,0.0211082598941351,0.0250587535455779,0.0233176406620502,0.0126030686354085,0.0150408115921167,0.0186762067571743,0.0242976747610251,0.0291268411209123,0.0226469081510001,0.0196462626709131,0.0197843648311009,0.0203663857769831,0.0279098024807573,0.0261512070525413,0.0266419367278364,0.0285280462899699
1555.98239111335,0.0266581841058623,0.0230189391726203,0.0192436773894831,0.0310940426187887,0.0296042398091417,0.0247098651106993,0.0192893018040908,0.0324588432974419,0.0160969129167395,0.0261408634292928,0.0188074107387792,0.032355365504723,0.0310472676101393,0.0256828553467073,0.0326066721091227,0.0199774653458984,0.0235497668834383,0.0228910768470328,0.016893665857669,0.0233753260758236,0.0316714269906577,0.021503760960219,0.0183438412640703,0.024456837507439,0.0176217083612897,0.00857978016662289,0.0202522399714062,0.0143631412197014,0.024334076863009,0.0209843623876101,0.0262404173540288,0.0337578024498292,0.0106458052488402,0.0277041572789843,0.0206493425459137,0.023573541486481,0.0175217880917677,0.0215250832758229,0.0225958898659258,0.0170746964958543,0.0266944720073365,0.0300567340902255,0.0227691914735188,0.0240892940157341,0.0162249429793293,0.0265015460074786,0.0286181066995834,0.03397545751345,0.0238164514691343,0.0125664797054929,0.0222794677533752,0.00919987570364114,0.0234971112471012,0.01807948629541,0.0283032853338575,0.0226395896786941,0.0229205351639276,0.0153519380331215,0.0213245827803724,0.0289627129080288,0.0226487991114859,0.0279693517123174,0.0168109575003185,0.022767249812751,0.0142104793079148,0.0200643811035385,0.0259046051536776,0.0217952176265758,0.0309768468294585,0.0252176025160684,0.0237247508462541,0.0195362941863498,0.0207092306584275,0.0322622748974727,0.0338052497290472,0.0261364800582449,0.022228155757518,0.0216521143515737,0.0223105348697699,0.0248593824695225,0.0234807414442742,0.0239624801508545,0.0252340242214483,0.0277195264701083,0.0205932203887673,0.0171703885895946,0.0194717390159716,0.0255332802659878,0.0258968377098979,0.0234237422629992,0.0268973309531965,0.0126329307450808,0.0214105508539331,0.0142942828282512,0.0146533775203036,0.0260494923800324,0.0161567149669118,0.022649255898873,0.0154834497312376,0.0297407642268491,0.0170308734372336,0.0234569124273996,0.0220432711064229,0.0177677422167499,0.026481017782836,0.0202132200468192,0.0279690572870133,0.0198173645155018,0.0179101493636575,0.0272571486186628,0.0356989453806186,0.0133359523430234,0.0319111824555084,0.0270799174853117,0.0339748006119872
1558.69370809615,0.0175026059900359,0.00821918507315544,0.0209237958684575,0.0153334681696705,0.022604961805294,0.012775506143404,0.00736831245112191,0.0245680950414202,0.0122533923221624,0.0136204386194669,0.00638196893111354,0.011075862954128,0.0172686498392955,0.0150599481314958,0.0146993808856774,0.0100943242503496,0.0133337022346808,0.0132456866478247,0.0159930093116295,0.0111831815463383,0.0108670116764246,0.0209025343896016,0.00849485689209405,0.012034555236556,0.00853445986690821,0.00858191415990386,0.0133802414335555,0.0171070137424137,0.00967583273354643,0.0143836649882552,0.016646204092484,0.0179430731971373,0.0133701420765256,0.0118883448807685,0.0121564894622189,0.012863400395866,0.0164410882432512,0.013184496149281,0.0169075515503243,0.0188371611036254,0.0238502182741436,0.0118417900149052,0.0101734990442712,0.0038276304315668,0.0145346465862731,0.0136034779238886,0.00884137566822336,0.0147179671532067,0.00739555689295743,0.0143946040088797,0.0061734850326296,0.0167477172869072,0.00655113099022104,0.0106012072656244,0.0189727764617792,0.00878355601826026,0.0166766240140754,0.0102998555532902,0.0138202718447504,0.00988560284834324,0.0197473634995551,0.0144123263071782,0.00674725147720372,0.00727793746027326,0.0171207001456664,0.0071350146440683,0.0132204443227389,0.00938128515171737,0.00798752108081519,0.0105042638507939,0.0115230904891755,0.0167057677575255,0.0160953044437819,0.00464113892964948,0.00354401165309878,0.0060531659633467,0.0153291671218623,0.00743764714340439,0.0162061008586976,0.0152409858510701,0.0163159084171146,0.018768206525982,0.00852625224747948,0.0189908223202019,0.0113844150570334,0.00745249931017737,0.00449725324960798,0.0025829098708271,0.0154632976458184,0.00924514837207097,0.0184682824943828,0.0218714258939152,0.0111524194321033,0.0136533179740249,0.0162884960596594,0.010766873363461,0.016662368570571,0.0153054234008665,0.00786457439599829,0.0153360760871637,0.016566679596601,0.0219009523766424,0.0114259610181334,0.00728372258517773,0.0109920392264017,0.0149996636517634,0.0100134513981157,0.0141856801676577,0.0219928968416543,0.0101499148799598,0.00853770032630277,0.0110299432528439,0.00674985502888341,0.00684711254236299,0.0112264131752504
1561.40317827101,0.0201646610187994,0.00875295755750772,0.0160183006113903,0.0145594563027455,0.0128457039661035,0.0227145308347687,0.0151837389869079,0.0199057500790219,0.0202273832293569,0.018475214000308,0.0111304099323138,0.0269193320209043,0.0184395265014682,0.0156085399404532,0.0192126737990175,0.0237772954585213,0.0171915844378847,0.0242455911708694,0.0124152964132348,0.0210816844499525,0.0239178113372045,0.0125372293212608,0.0120171615504206,0.0137774550625545,0.0198291826918007,0.0207676055232002,0.0231873481823957,0.0154486076571272,0.0198124729979141,0.0150064232567078,0.0259162527801097,0.0103448151230183,0.0144086619141855,0.0255204566907222,0.0184292187251571,0.0212011176618188,0.0193126520162171,0.0274210049089559,0.0175507762851749,0.0142599300868058,0.00902496185694529,0.0209755957372748,0.0193077753392231,0.0246233303028649,0.0198985748279949,0.0183649320710407,0.00938400391264354,0.0216055097582683,0.0163899780146511,0.0186083923509063,0.0119899999094755,0.0162495933068894,0.0171717080528286,0.0232248626153134,0.0190619570972337,0.00886108942143169,0.0240233170088609,0.0136253023569639,0.0255147285309667,0.0197108459121886,0.0128010524155709,0.0216494115985385,0.0223023645265446,0.0194863458749989,0.00568284257921469,0.013887649173195,0.0231397497825423,0.0235966976442107,0.0239017045929317,0.0228718582874506,0.0144523793582132,0.0133280570302259,0.0155447704212985,0.0264463824899175,0.0251617033436276,0.0203109974296621,0.0107564175371277,0.015983162052714,0.0212625411340123,0.0142438492539767,0.023887875991091,0.011246089567516,0.0236459859869641,0.0131903532863666,0.028529224084654,0.0261835886319201,0.0164934188633595,0.0167201663004301,0.0125606484512903,0.0234319757529564,0.0244544769995639,0.0139063982404382,0.00961649128389887,0.0130373116971301,0.0173755661667299,0.0157926418592783,0.0211974710172015,0.0187098526284483,0.0084601554471769,0.0176750737218296,0.0190267097222176,0.0157839312114605,0.015600498011781,0.00200278215404165,0.0137263077442621,0.0155798160952671,0.0187675553071017,0.0131002463043959,0.0127743391763047,0.0291143276408598,0.0199496569297726,0.0268220593949996,0.0213176380443223,0.0148071252108589,0.0144635312622035
1564.11080336739,0.0110585162984634,1.72239519293219e-05,0.0149928465950918,0.0178002211857231,0.0151826513885971,0.00919233181003314,0.0027658530140095,0.0125987650057834,0.00946304569669575,0.0108829844106051,0.0137587876699793,0.00623331677014093,0.0087293344604421,0.00837807231198317,0.00583462966838218,0.0199664829580221,0.0154549989876603,0.0265887903099772,0.00616067913425717,0.0105933588619616,0.00152460120597437,0,0.00570088473888688,0,0.000611968946396975,0.000921893645945705,0.00603015083015639,0.00496094126876651,0,0.0184227454102935,0.000961045954547097,0.0156432442118246,0.0080611103667012,0.000134244620933931,0.0111198153775519,0,0.00930332499616151,0.00898308717021513,0.00560731803699426,0.00623633928766927,0.00851748904476189,0.012487069306284,0.00504766140273291,0.00440745027822877,0.004201792010995,0.00728088298961226,0.00262137862613319,0.0143216479014145,0.00533560411637792,0.00219462574550261,0.0132214727242669,0.0111646061505117,0.00965179954656903,0.00145438631334571,0.00508534342897422,0.00258910017710787,0.0161313724994105,0.00249528541443773,0.00701995923001707,0.00530365413072596,0.0180885171153706,0.0188252475427115,0.0158624524401475,0.0132720925602734,0.00806882815466686,0.00269209686523642,0.0022419192155986,0.0117977963720174,0.00862008798618191,0.00644362283304963,0.00520474343462376,0.00768857696914285,0.00578723606500842,0.00181595528795094,0.00194313363282176,0.0186202355674029,0.00333136505938027,0.00181880576513851,0.0140931150186303,0,0.00998176216168364,0.00668983454777345,0.0110346151541933,0.012641383656283,0.0102109266464276,0.0119665565464129,0.00214062146908249,0.00676303459187625,0,0.00646734321412917,0.00744014294376048,0.0098565690194177,0.0104250036941857,0.00951765625337666,0.000176662662635758,0.00337581572713956,0.0148846736743291,0.00915734841396478,0,0.00216596216309784,0.00179301372138115,0.0108379513193036,0.00385247717334514,0.00710397147266727,0,0.0138773897137423,0.00666345307876791,0.00129947051818963,0.00300150417088657,0.0137718826059987,0.000206119155731906,0.00707520203178333,0.00204498913166414,0.00669556428249686,0.0132097708684631
1566.81658511252,0.00761743711623891,0.0142696421110915,0.00793288811275954,0.00809926797486977,0.0110459114669453,0.0104431995691227,0.000229100728532764,0.0181311685034409,0.00140332479898494,0.00765285855789905,0.0142672477788464,0.00302986925333179,0.01109886221331,0.000614548183473573,0.012078022676106,0.0107063214750815,0.00306646808941829,0.0159343761011847,0.00587787667557363,0.0150244299528418,0.00807592058590627,0.00756479987866835,0.0162377073684523,0.0060241811898495,0.00177702287401394,0.013156835527971,0.00268108267206605,0.00501287388406358,0.00751084019656253,0.00359007793898735,0.0125669775290775,0,0.00515839931191165,0.0126838183515411,0.00610323240959755,0.00605310405289485,0.00268544828573209,0,0.00056901395349894,0.0034460917232786,0.0154674372876473,0.00800808928360957,0.0130890084412956,0.00979464054124735,0.00610269835418004,0,0.0122320039757941,0.0144444196998049,0.00552618211696243,0.00704959389250732,0.00698678368816105,0.007834318631492,0,0.0141272471566663,0.00757441677898278,0.000978642252051075,0.00656770603587053,0.000299995041985159,0,0.00767048994664712,0.00537840550258346,0.011280367471432,0.0118298507163901,0.00189498530628894,0.000706511905204619,0.00331578553223791,0.0111073234103072,0.0034199750485526,0.0145701490553122,0.0159202627132213,0,0.0106474447708437,0.0104790347636983,0.00132340845429554,0.0113772557517041,0.0015726807186663,0.00628858812231234,0.00416261019350276,0.00305042976599338,0.0151890936319993,0.00911516491295317,0.0139221844293055,0.00769966976426362,0.0115362715540068,0.00508183424240676,0.00573304895440003,0.0176254210914643,0.00624420287379539,0.00509689126845567,0.00879916238089717,0.0163539464818239,0.021392881135255,0.00314152039904341,0.00543751078137776,0.00360124834610241,0.0118311207077972,1.29681269969614e-05,0,0.00329238961626372,0.0241559951053047,0.000822713120798081,0.00419718344737634,0.0133939159803992,0.00762615950697684,0.0101680248530735,0.00527742740689115,0.0032863154682822,0.0110027265292194,0.0187477016084931,0.0110418243892201,0.0150677652570278,0.0100908754842233,0.0108240230222575,0.0112557861847812,0.000128337734827495
1569.52052523145,0.0267619500482134,0.0383886672670232,0.0389038703930269,0.0358279297463439,0.0366472101182413,0.0313831050815286,0.0245471466022616,0.0188835260500532,0.0287486335724568,0.0337273137796959,0.0362376031676226,0.0364042531199219,0.0192340871207636,0.0447112348150808,0.031224324411893,0.0277500699140496,0.0199252393507535,0.0443752100930483,0.0337289880229728,0.0194802942840739,0.0304759712307138,0.0343245197102351,0.0279610168744012,0.0321632307419036,0.0357652619305214,0.0359177138661097,0.0332393093363527,0.0377402229917432,0.0272939959767709,0.0375129714918948,0.0430376397932648,0.014620206501858,0.0279322447613736,0.0275215322051894,0.0373970555429852,0.0379625736810489,0.0219035744297418,0.037020642952907,0.0345399670679182,0.0348211752560609,0.0430242747336811,0.0314475587202819,0.0365776092202396,0.030126716553859,0.034973142859864,0.0292752608443831,0.0325783178192635,0.0367377922276901,0.0275898816948427,0.0266824980808508,0.0261325700276262,0.0298950558617725,0.0298475419126429,0.0342823087164973,0.0294650344374718,0.0364830527446761,0.0343369275499523,0.0326572446507472,0.0363433171049636,0.0302768264999491,0.0293201215393934,0.0352108219168592,0.0316310198264132,0.0262871554698093,0.0370649141895286,0.0488960231948355,0.0348664132682402,0.0369556262622045,0.02938154552086,0.0360092988011887,0.0419807146531697,0.0290637355143164,0.0319282360165129,0.0349667913345221,0.0231678498998543,0.0259664844372861,0.0265331551163474,0.0218779774715251,0.0438176987663498,0.0360447784871669,0.0280785504803079,0.037648670219177,0.036192670736683,0.0371717788077788,0.0326029589403116,0.0279489614726152,0.0314147729983888,0.0269296262855882,0.0253652298540351,0.0326948942803755,0.0322002595720158,0.0368446917369803,0.0324115885741715,0.0294988683810288,0.0408099750226232,0.0321435099548629,0.0326592079951942,0.0375373124090462,0.028532245154016,0.0340635351747779,0.0271350277212859,0.037705045175865,0.0406809787584784,0.0311903162309342,0.0215062254905757,0.0353542613166207,0.0266193452822047,0.041644909726731,0.0350987292829722,0.03637327028336,0.0384572858757368,0.0312051199429506,0.0231316605891457,0.0319371258232343,0.0361724353427216
1572.22262544705,0.0049126011658068,0.0171539680784767,0.021978609325316,0.0211904249669509,0.0204920608111023,0.0113837864025089,0.0165866189792392,0.0159238415622155,0.0132329075671648,0.0175328526708393,0.00678120967125127,0.0234292400942671,0.0124705889079975,0.0147018354376268,0.0145632652818447,0.00649673689740297,0.0323139224667401,0.015865512522406,0.0172824390746044,0.0145829230300396,0.00924748636632688,0.0110384435339788,0.0165004413731086,0.0136421385977131,0.0104020441239114,0.00343470295686844,0.0121406289784509,0.00740638443232374,0.017266662171319,0.0227306346629121,0.00160697853841158,0.018244178024369,0.0193787722013958,0.018053147577531,0.015422184238005,0.0256919306011371,0.0119690620925088,0.0158413095631849,0.0094886263222478,0.00835850468421853,0.0140073762454889,0.00538679888263563,0.00582766429700047,0.00571721112403299,0.0140825163238726,0.0165048011778968,0.0241965260855659,0.0204431161417258,0.0118919107532036,0.0245081312990014,0.0124573141377975,0.0139328397401423,0.01127031030576,0.00914443742320121,0.00852041147043204,0.00826579912402298,0.0112551753539402,0.00656390780365215,0.0132752315904986,0.0159450000073512,0.0265439359044769,0.0188183541989496,0.000274063868383598,0.0126558974517241,0.00618191174613083,0.0130624299707155,0.00412743613559309,0.0212688465700044,0.0200664467238118,0.0267147745674346,0.0171199666373388,0.00978090223886859,0.0147449015443099,0.0110008353908516,0.0169232796011491,0.0107463261316529,0.0140045427464859,0.0185890554067456,0.0138923243646925,0.0099295391067334,0.0170763990545591,0.0155231188023822,0.0126689131002416,0.0134660030048053,0.0097795797463548,0.00698432051455457,0.0217222532661974,0.0141084806198031,0.0294907500404388,0.0243059462786094,0.0175633119588823,0.023422798062664,0.00952437772312438,0.0225409414587086,0.02482921662794,0.0136026574503287,0.00982550283989489,0.0201576095196098,0.00992568615219524,0.0180519532067483,0.0151956185384737,0.0144916528519986,0.00951809067052671,0.0231303760657766,0.012394991355942,0.019305448145086,0.00879118238167009,0.00674298293094071,0.00628185968918782,0.0170989795599995,0.0148185149234463,0.0150317959922559,0.0126931622757973,0.0101035867887548,0.021446919636351
1574.92288747995,0.00308544774518663,0.00250575398081446,0.0105864237192551,0.0140593392949536,0.000184889163359993,0.00397318692005195,0,0,0.00417472890850581,0,0,0,0.00228883807198664,0.00589738763399359,0.00688618713815395,0.0110001537862247,0.00651512546040406,0,0.00518655180562629,0.00143577877031439,0.0109616621988312,0.00446827508363018,0,0.0030649936408512,0,0.00524354694095273,0,0,0.00163576910875113,0.00354364361777072,0.00701334573231884,0.00317510183871345,0,0,0,0,0.00318200492325569,0,0.00854144342365689,0.000438278588834503,0.00902792571722269,0,0.00137799878542193,0,0,0.00199688736640775,0,0,0.00448714226081662,0,0.0039939403877741,0,0.00385267482072959,0,0.00462907487421807,0.0038347296178145,0.00176475364799007,0,0.00882561869079668,0.000483490265489748,0.011584374562446,0.00779301742353492,0,0.000203820953462772,0.00292177787945247,0,0.00590577041533536,0,0.00311899414803141,0.00921124827489372,0.000418639984013165,0.000240012238241872,0.00335664686176989,0,0.0019656590330923,0.00324402469225058,0,0.00282162238678606,0.000696866810652285,0.0130686742242514,0.00836286863362284,0.00283392695707001,0.00246970384632135,0,0.00243536008848874,0.00480501316463075,0,0,0.00765742551462386,0.00970658995419804,0.00352724788371769,0.00835918432459121,0.00811594926703841,0.00975121260371712,0.0025791817652562,0.00184813698243722,0.00132177943325034,0.00731836724560337,0.00947866453597266,0.00610107735171582,0,0,0.00259843940276862,0.00128493627342455,0.00330855155252753,0.000974656280403276,0,0,0.0105167192393568,0,0,0,0,0.00266687159499197,0.00561739609148709
1577.62131304863,0.00230930528491828,0,0.00527827758302569,0.00545777825793909,0.00125971167633683,0.00478184695527469,0.00129125193618076,0.00634392172168791,0.0117595728222798,0,0,0.00628237494156411,0.0093535592611811,0.00603581681366925,0.00651357156246416,0.00403269561401265,0.002096665145164,0.0159007246169213,0.0104143349039806,0.00541525329484579,0.00833542790792748,0.00293089309027421,0.004683083075117,0.00608828154889369,0.00385920882292483,0.0142626402651312,0.0067751511143482,0.0209701762011023,0.00686003959192536,0.00542489916915509,0.00902150632802652,0,0,0.0144693906305767,0.00103068452426673,0.0152115616679665,0.00620364338860943,0.00287846962011177,0.00704732434461888,0.012217922279639,0.00235914883573017,0.013682162571975,0,0.0123921380219299,0.00986685415621871,0.00456159500533056,0.00412346365040397,0,0.0142324111789151,0.0013550223813874,0.00881015783876895,0.00341578388119245,0.00993874447147253,0.00311481238144437,0.00898406409781457,0.00116819139204257,0.00247411500863767,0.0112557853954855,0.0166032205894247,0.013925238718564,0.0111848395416432,0.0181561038511905,0.000730127835448777,0.00853230963754063,0.0146361149854512,0.00549842819470713,0.00605634066428473,0.0143115608980042,0.00563660808463087,0,0.00582140296795189,0.00444225506865694,0.0121881243944748,0.00901905068473572,0.00626102386049708,0.00819290076702805,0.0149169360518037,0.005268084081678,0.00645879643723278,0.00935568150923608,0.00476740715994182,0.01546191418081,0.00790815185141578,0.0038804797277677,0.00141239179981399,0.00265091683606465,0.00527852363228889,0.0150177543930004,0.00663659270110102,0.00306769209739115,0.0159955554709454,0.0111053251996458,0.00731328233602836,0.0069451337141895,0.0135415275876329,0.0115297859254902,0.00428712578657305,0.0103079928476475,0.00203803452809826,0.0178131552717294,0.0116908446864324,0.00769123000376025,0.0104715430842467,0.0157168821411466,0.0118775099278773,0.00574512293313023,0.00221776679549081,0.0014526874725983,0.00724521120408448,0.0123837210540714,0.00332983003880539,0.0154103996224773,0.0123291040660314,0,0.0191605373492839
1580.31790386938,0.000533367400230783,0,0,0.0113450934397815,0.0204669223430233,0.00397828405690049,0.00654997085331178,0,0,0.00596980759278284,0.00752565473416804,0,0,0,0.00336755104190039,0.000923601404783246,0,0.00157797410857677,0.00161488514804879,0.00611016807968338,0,0.00587010130182729,0,0,0.00628069180009045,0,0.00298391206122845,0,0.00760695320616951,0,0.00477733336102248,0.00119944710779973,0,0.00564252343802803,0.00407869624089598,0,0.00476193293539938,0.00432975771239073,0.00385985253303631,0.000878471751922922,0,0.00363660714952249,0.00797730910237107,0.0067056338488614,0,0.000686670709570368,0.0104731344494936,0,0,0,0,0,0.00784705157986115,0,0,0.00200489943842521,0,0.00305788390231191,0,0.00486811974184936,0,0.00540461715501162,0,0.00996919414194638,0,0.00287774161397679,0,0.00436128971757548,0.00464566693853867,0,0.00718242508238525,0,0.00546671767612555,0,0.00184364472826809,0.00370221439754725,0.00419101746457128,0.00148846506958631,0.0172574940286228,0.0085337744782517,0.00459258285465657,0.00517705164032622,0.00469830858671071,0.00638544807021941,0,0.00904957351584913,0.00884755892697832,0.0140412287505656,0.00159925173935888,0.00495622722892415,0.00316171455809355,0.0110985483296836,0.00131842322012283,0.00533657822774312,0.00450218793604232,0.00207937598946943,0,0.00542129125551395,0,0,0,0.00174987366926482,0,0,0.00227237192676065,0.000734361354409047,0.00303104786244417,0,0,0,0.0035752818300298,0.00631002805909973,0,0.00109156901025276,0.00281657617034742
1583.01266165629,0.00749981820831905,0.000815211651791548,0.00465244725044413,0.0122711518683792,0.0150955132034542,0.00429366222587486,0,0.0134193238718633,0.00770589540504107,0.0061419512174586,0.0087163421677248,0.0121492376020975,0.0017489918841971,0.00248633782147899,0,0.0120749040032096,0.000643500395973283,0.0176691205773038,0.0144636973396384,0.00407232855781388,0.00152126607485798,0.011617010750764,0.00631788613657836,0,0.00590026202360878,0.0113751269394514,0.0107047054945163,0,0.0123208872904122,0.00815712851685684,0.00912326160859176,0.00668809824531824,0.00992851185570744,0.0138163136992994,0.0139560811554523,0,0.000540352314707994,0.00524386375658591,0,0.00866055870562826,0,0.0141099111663824,0.000748300505600517,0.00743804257481667,0.0180576393060975,0,0,0,0.00782539239274677,0.00722168537198236,0,0.00395597109195734,0,5.50603243405288e-05,0,0.00112931459556965,0.00905507374584618,0.00435248899548839,0,0.00507773612844396,0.0180211961860078,0.0021743581976693,0.00308133893018662,0,0.0134217877830478,0.00140589254240833,0.00973570277855653,0,0.0195856668566778,0.0080265903784085,0.000434701027052175,0.00777895978175008,0.00800272040515742,0.00596527344161576,0.00735759622931766,0,0.00557449320758236,0.0028504186233025,0.00803572684015031,0.000286914940318159,0.0055751035367333,0.00962255457696229,0.0113440126944528,0,0.00917274259156555,0.00524086202867718,0.00728189241282429,0.000148901794911942,0.0127553230303081,0,0.00186617489873485,2.72262097441438e-06,0.000568109726619301,0.000825434961843372,0.0103652534509677,0,0.00743187710986415,0.00451108237101381,0.00419897839913534,0.00326214025506353,0.00190859013880811,0.0147496578916638,0.00503285820795092,0.00840420791166956,0.00349823085479721,0,0.0148926018038774,0.00304650736868985,0.0146861170263662,0.0083408934451644,0.0146169363763479,0.0118108887355263,0,0.00982759988831082,0.00568673021236261
1585.7055881213,0.00782664464638133,0.00868728111854275,0.00437771001903292,0.0122258992877187,0.013929232842857,0,0.00838641204340749,0,0.00839727646035977,0,0.00618029046240417,0.0151203743707193,0,0,0.00499270570708583,0.0139456618358303,0.0142863248857669,0.00991105829343848,0.0057180854284989,0,0.00169894618129783,0.00348138188747362,0.00311381647976371,0.00173573928488229,0.00780747319509167,0.00444301742695739,0.0109871916099932,0.00166640664759373,0.00467649427402869,0,0.0112131683991912,0.00869452270790729,0.00321184900869959,0.00956733358777931,0,0.00163230527447572,0.00476125189706223,0.00167439161199976,0,0.0129975040112619,0.00137555166079788,0,0,0.00606284410372246,0,0.00124560800551873,0.000132313348580632,0,0.0105676641752777,0.00930984393074239,0.00324589973314539,0.0146422572739395,0.00432853305204972,0.000284604556371115,0,0.0107115331142976,0.000229627466479962,0.00455853596998382,0.0110382922408618,0.00069295092163401,0.00316513654774122,0.00253172944474463,0.00102498746775305,0.00542842142304807,0.0125670428591756,0.00389126240931254,0,0.0111425976113761,0.00627642748629714,0.0100363915599318,0,0.00291267418158607,0.00421781951325345,0.00565407252218713,0.00823746785290616,0.0024931656826101,0.00871013123844412,0.00594384664192956,0,0.00925947539468491,0.00997855647695169,0.00468348305901043,0.00124635426366989,0.00450276339422501,0.00536403151938519,0.00543725431432993,0.00975496186629921,0.00393200970454348,0.00661447677901949,0.00370742318719078,2.08636488818693e-05,0.0133861344565693,0.00332306117185347,0.0103986582517508,0.00194888376559233,0.00353902151898431,0.0064671509949944,0.0103995790591166,0.00970613130955867,0,0.0109749032300469,0.0025546741898463,0.0011720049941617,0,0.00304329515947663,0.00175193712131468,0.00647726751341945,0.00105545585508632,0.00164328662190694,0,0.00470847350134439,0,0.00701453139032441,0.000768659204200933,0
1588.39668497415,0.0061286436885495,0.00783794342220074,0.00853515037498882,0.0171941820963686,0.0151112256187249,0.00664325105879224,0.0181052236265487,0,0.00750589051827119,0.0114424070787313,0.00956469100930608,0.00993321798695057,0.014914804546711,0.00851355064278175,0.00696473296495016,0.00708349584282321,0.015030597036304,0.0124897902207863,0.00672926007565963,0.00283212792682829,0.0122697393412029,0.0176258754325909,0,0.0116489938635073,0.0006926837829822,0.00416906286094032,0,0,0.00662891047541957,0.0121008470626344,0.00705121302294392,0,0,0.00817335415107031,0,0.00629445472255116,0.00564146803518817,0.00151459053460259,0.00535039014227282,0.00578854600059496,0,0.00325568988840854,0.00521743460688829,0.00311309169024119,0.0134696624081217,0.00920663331668064,0.00824800842766912,0.011223777840528,0,0.00611406534969449,0.00528533931633014,0.00114229903698004,0,0.0108656008632793,0.0020106862134168,0.0104684651263306,0.00669208379732131,0.0047899821708824,0.0084604664691648,0.0119282929109436,0.00054420335246763,0.00469676061009301,0.0168517703448683,0.00636915297551333,0.0226628383642528,0.000786003714819881,0.00415208298452864,0.00523197419687891,0,0.00442611514369167,0.0178106632887876,0.0169343062460351,0.00276686597855408,0,0,0,0,0.0102005263200587,0.0113854950810037,0.00564928698911189,0.00705175020720903,0.00976969247266586,0.00852166167219375,0.0111502074991445,0.0113114294569416,0.010207390574346,0.0134002598160358,0,0.00223178959837449,0.00340451976748693,0.0206511195868716,0.0134577913364104,0.00320551326271993,0.00242580127804153,0.000996665169340377,0.00374382814682807,0.00438342934789052,0.00897660638605269,0.00588043786520775,0.001497101469393,0.0183272987222029,0.00242278078231983,0,0.00637243438109696,0,0.0187414528550903,0.00621001900562587,0.0149171129835909,0.00890606008963412,0.0124100524766928,0.0118324151773569,0.00598349290434929,0,0.0204788876959831,0.00585939883975102
1591.08595392242,0.0147116931247235,0.00100103687946317,0.00170205961636418,0.021690168578712,0.0302479290992309,0.0152321937652297,0.0125200337017461,0.0215596495679965,0.00717616427125397,0.0127754403096098,0.0140461665783978,0.0195020568726784,0.0117794993337479,0.0121228968656857,0.00672384841738087,0.00791257963159493,0.0124297741497123,0.00478542954901846,0.0180379097682668,0.00914663747397802,0.02341183365801,0.0151063991338196,0.0112932743602145,0.0170631369184431,0.0241403065277471,0.0133168560759425,0.0110596464073229,0.0210255369447759,0.0159264956832562,0.00802076599749417,0.0183301124267774,0.00752639432326737,0.00410701690205336,0.0243463084257221,0.0119954344553109,0.0109815114340662,0.00598669963385065,0.00194564966003382,0.00743001961981599,0.0165443088145379,0.0237199758923253,0.0155145692068917,0.00777673322595999,0.0103130754640535,0.0115091673120976,0.00837739238422691,0.0175164343425691,0.0212289615269524,0.0173165523671069,0.0117965764342368,0.0102325501832836,0.00842262922131818,0.0132219665103613,0.0128679343626482,0.0158939874964736,0.0114111645501972,0.00752715104320457,0.0117298429951962,0.0210157824292595,0.0087511230012187,0.0177164218223981,0.0175702382840049,0.00889959248873338,0.00560745681911417,0.0138127546001912,0.0083780203818785,0.0104849469190807,0.015763192780986,0.0121359780143976,0.018840276068191,0.00474925339593753,0.0138346280831007,0.0157665912987936,0.0209903699633809,0.0159047505253201,0.0144092589869603,0.0052778267241714,0.00823173417686451,0.00725240517533632,0.021551301379355,0.000755851566475682,0.0142942196881863,0.0140881498833891,0.00736960078049601,0.00640946228812178,0.0098870374860752,0.0193645939348134,0.0115790396406494,0.0163526493115253,0.0110628036770905,0.00561849320665971,0.0118886385990417,0.0135512560916868,0.0196668989060277,0.0132307011034161,0.0135530974604238,0.0137695059022179,0.0120949841488602,0.0143655834068987,0.0208319302426669,0.0158466063822997,0.00174382391437387,0.00770664002075927,0.0117249354000829,0.0107410110606903,0.000567252217231369,0.00770992630226377,0.0101513996790866,0.00055156861988193,0.0156273913208669,0.00934455166318627,0.0103968990062114,0.0203410237979992,0.0160709369206608,0.00711286776633052
1593.77339667152,0.00691352794610037,0.00785925722369272,0.00701286740496359,0.0217242038339144,0.0245206237562087,0.00964703602882752,0.0102471059979385,0.00652862264136406,0.00204754571625879,0.00328975474939704,0.014801339891012,0.0121836939955011,0.010393150720446,0,0.0053899826919232,0.0120533281579984,0.0036742149589096,0.0128444927794555,0.0104552709252431,0.000592520142660076,0.00129418569668537,0.00816272192549242,0.00643009282593753,0.00553437241316596,0.0102917499217365,0.00204134766820944,0.00797863895739615,0.00584241126501914,0.00385904010473284,0.0161497515053115,0.0125111843713884,0.0113722448624005,0.00829890193329287,0.00942427788950434,0.0123395800593385,0.00506227065916756,0.00860264559694614,0.00465909922318494,0.00437735291220346,0.0111253791773456,0.0109203770381847,0.000475387522143509,0,0.0122083670664531,0.00254718941013961,0.0081629986038868,0.00313183168826413,0.0130894870256396,0.00833369473200561,0.00806484982031275,0.0180876833300063,0.0145766985035454,0.0130209539453875,0.00457081934118049,0.0186488810354295,0.00194935929894606,0.00499610278190959,0.00922799578149756,0.00861283764693248,0.010220862873906,0.0145670648445043,0,0.00514184069314637,0.013520608254113,0.0118889767455617,0.00532488274473007,0.0179445539987674,0.00650840536094915,0.0106875814339469,0.010342029794073,0.00740157397606989,0,0.000520618052664381,0.00840881075150902,0.00463116890835276,0.00827980366378355,0.015972480447809,0.00231112279684749,0,0.0059578551575133,0.0188181461003261,0.00237654537526113,0.0138982831888188,0.0105844608696857,0.0135534113307379,0.00959277917872809,0.00299488917259759,0.0125018184276462,0,0.012511700277801,0.00557854825804722,0.0136805962162331,0.011747833774882,0.00471842339111658,0.00603597738105229,0.0143731384937543,0.00773159642242359,0.00282247290594179,0,0.0102130811542283,0.00991243640980744,0.00739629853116815,0.0222370829722472,0.00962273838883521,0.00581329337781836,0.0118409798220945,0.00633635470204919,0.0144556930104856,0.00902656048899678,0.00971557082614341,0.00178023683660725,0.010755698449835,0.00602425165291647,0.0013416955758377,0.00331269508646846
1596.4590149247,0.00221836821902103,0.00326283771025027,0.0106973138367465,0.0172964313331321,0.0211420314611432,0.00245057805412099,0.00690633074520873,0,0.00337764976067768,0.00901227823496385,0.00593493979955403,0.0119835674633272,0.00214567275529704,0.00938632356635481,0,0.0173160257609464,0.0073087209278285,0.00356654164556922,0.0196568384967834,0.000339537778976757,0.00266603446360025,0.0184925003003372,0.012038941735772,0.0115665088437578,0,0.00239863967058474,0.00492529290636588,0.00230733411749489,0.00195180087014884,0.00713891742581826,0.0158540001551544,0,0.0130870509381725,0.0126353111941551,0,0.00308503387136966,0.0106839038511487,0.0169843958365064,0.0179773663295836,0.0178851078665776,0.00729498839933081,0.00766357194476671,0.00440639383691956,0.00986493563074167,0.00532727414706814,0.0115026540722817,0.00906844160163503,0,0.00587397418550996,0.0126216309217807,0.0202070775167056,0.00230989423717117,0.00229911931390794,0.00605195388545182,0.00616553316237382,0.00874117496042866,0.00983944373849299,0.0128779488679417,0.00785710965443152,0.00882946594390474,0.00621203346276509,0.00423811031381566,0.000817273554861937,0.0058954781200226,0.00826764575618039,0.0107227286469339,0.0155164607809458,0,0.00808781767899326,0,0.00891814206881201,0.0140012448390608,0.0014565629683169,0.0134975658751705,0,0.00986944070317325,0.00828053901207221,0.00323797012796124,0,0.0184737310710506,0.0193651447219787,0.000484599909096571,0.00274804535282728,0.00685624061961398,0.00526926236781439,0.00875626999048305,0.000411127397708284,0.00345101401891998,0.00829550057492554,0.00945184183451851,0.00038439534315485,0.00104974637077479,0.00997141538257681,0.0108839427931959,0.0120277999514754,0,0,0.00599338945908826,0,0.00596224010848331,0.0150237165996096,0.00333087691387561,0.00962415915113001,6.59911960513205e-05,0.00659878361712739,0.00295038843821099,0.00615014539849122,0.0114379011195369,0.00536100948341807,0.00726278810333927,0.010114957718354,0.00939209396200294,0.0133380733484774,0,0.00574662869822566
1599.14281038303,0.00831744275930586,0.020016170780526,0.0105522805025142,0.0133942459081609,0.020112303652131,0.0204068742209321,0.00961578634972174,0.0187273471762199,0.0100944835940952,0.0115075206991384,0.0126366201369993,0.0205385464207975,0.0105718688608079,0.00359806874844281,0.0117614888049625,0.0209634894059891,0.00422683882291663,0.0192770719313,0.00888635132664725,0.00342292104754875,0.00515528794577178,0.0238420314575909,0.0205767172878337,0.0170594124020707,0.0137755354196529,0.00830930322650256,0.00591956567905888,0.0148475893573125,0.0079531373934069,0.014213739828107,0.00438272931599152,0.00627931933795719,0.0161914509758364,0.00738517057653654,0.00290268371611343,0.00896675517909645,0.015597283411595,0.0101682673196191,0.00810027536540105,0.0258295498186849,0.000266353071264766,0.00406241738802608,0.00476021076785357,0.0166058197222378,0.0134065334614729,0.00664030806228494,0.00657411189693648,0.0014324339562474,0.00934710425756789,0,0.00852332573954626,0.0165887491388124,0.013286043711454,0.00354402198664486,0.0113239895324452,0.0196168184021605,0,0.000960521820414954,0.01235734011765,0.00861995876401735,0.0141623537502362,0.0160088413286413,0.0090199012731309,0.0121340641796083,0.00639851794500328,0.0212018252626708,0.00980956281433544,0.0231738272883982,0.00256962430326877,0.0251873504795082,0.0133662562451254,0.00926575062068728,0.0139587347662246,0.0127323200353931,0.0182892953573799,0.00557047155764539,0.00234150080069223,0.0110124283430464,0.0200672738880297,0.0103837513752948,0.0125824740787114,0.019205645045912,0.0124408029802648,0.0136084574058084,0.0170446202415415,0.0147680658100598,0.00760013876116221,0.0120764115493648,0.00748240552808002,0.0115194641052763,0.0228470798319876,0.020123669548416,0.00822215132258614,0.00946176938531334,0.0106072661850926,0.0166551576400149,0.00660553016981552,0.0120128624686446,0.013659336112849,0.0178806037896961,0.00914244670840428,0.0119023342924614,0.00471722724609411,0.0124019598820387,0.00570421057324395,0.0125471460422382,0.012952434722513,0.00448966825922863,0.00751657551625311,0.008841372516213,0.0122397140647913,0.0127193828946846,0.00316225126148949,0.0185265871962193,0.0155435759347148
1601.82478474544,0.0103414776152018,0.0193010549404743,0.0197975043458339,0.0314629786179775,0.0274668651207409,0.0203661169409353,0.0172805590105291,0.0139217802855606,0.00986858650812582,0.0145712010271352,0.0140045942312593,0.00893330795245883,0.0121372402090127,0.0179014716501411,0.0105089237910747,0.00821425482779909,0.00117223058704676,0.0247051143106497,0.0240894805671438,0.00818784551505709,0.0169470578335158,0.0169789633733071,0.00825329926902135,0.010134920885937,0.014708978405331,0.0142465986465386,0.0109616127608751,0.0097064394817674,0.0128560304015251,0.0119016202916402,0.023766077713191,0.0119660366373482,0.0312932143195148,0.0242292513127692,0.0101306577823777,0.0120762301711683,0.00763184993616703,0.0118367052266002,0.0154494555444574,0.0216502128499459,0.0184200935858643,0.0175656195966764,0.00913913196827081,0.0191082549730326,0.0121418450881297,0.0112104154396729,0.0153809520779662,0.0229000759848631,0.0217054690169804,0.0218176949182473,0.013001794254658,0.0245533643198046,0.0172683837018369,0.0165510768939873,0.0276658527058705,0.0282017080636299,0.0201691555269618,0.0263819112732985,0.029667158190869,0.0240313337708309,0.012837674525186,0.0307747618325433,0.0101091060726974,0.0207063855323148,0.0166305581333321,0.0187896229858391,0.0167951541691965,0.0247536469565093,0.0106271410596824,0.0144168918098514,0.0184219763427795,0.0154168262263657,0.0161020395669736,0.0166992342020258,0.0146728050369105,0.0166822986941809,0.0217473232811452,0.00687827338859155,0.0249484713404885,0.0143559893329479,0.0182753797676205,0.0120741699370239,0.0198470887394894,0.00993321655349453,0.0133921739001135,0.0168269475048242,0.0194020938781981,0.0236709140942391,0.0153572781328242,0.0141800823515666,0.0142525202259437,0.0253308393216289,0.0163569693206638,0.00338081407184197,0.0223735705793713,0.0124829339127369,0.00865660833023487,0.0141080851780597,0.0158181094526867,0.0119529088662009,0.0206863843115724,0.0153417562190174,0.0234643799685479,0.0138310702640418,0.0190540042081148,0.0175558694148919,0.0168817024966515,0.0241346193763042,0.0207080408626631,0.0144514692303388,0.020626475756938,0.0166566191904182,0.0128656652754768,0.0136497169246485,0.00674220056554768
1604.50493970872,0.00623966645172101,0.00221111693343829,0.00648578881730238,0.0276149589385383,0.0204575195387311,0.00342086377578158,0.00690442385929359,0.00754168151035241,0.00859687445004539,0.00519007524546593,0.0137906365703743,0.0120847874875285,0.0102860343674409,0.00269042620729472,0.00592442125623434,0.00370450564939811,0.00769835260233211,0.00519974027339306,0.0149965766334625,0,0.00693862258728163,0.0112557575664903,0.0209086363568507,0.0111559980385978,0.0151036525370478,0.0124730305932366,0.010863470904647,0.00680613459371854,0.0099052534295361,0.00795528561510791,0.0112099485884582,0.00130149578872717,0.0105091130337702,0.00828141839128697,0.00718047986094614,0.0129731456739003,0.00305994479598281,0,0.0159470974251094,0.0186558936317026,0.0131610587330837,0.00775614433986618,0.00440579195191767,0.0131090499552796,0,0.00170072354419537,0.00617303972204169,0.0120276687799414,0.0110651937411863,0.00934477559993529,0.00482992721974237,0.00833263498596423,0.0189342063661389,0.006639097907215,0.0146785506408921,0.0142127539521594,0.0177418675912882,0.00282186365553828,0.00749338515882983,0.00943700286972346,0.0156097715175399,0.0135268809380481,0.0106319725887566,0.012011367006132,0.0102172156793352,0.0192123794441199,0.0127920168763809,0.000887426170503705,0.00928674776216737,0.0124962349482157,0.0101409280052746,0.0095915234699791,0.0130794476710591,0.0118718914101882,0.0081711744862275,0.0177643080905757,0,0.0118655339187395,0.00535573735298155,0.0229400140912912,0.01380961130969,0.0155570444861792,0.0053068771996274,0.012092477475981,0.00804915102113973,0.00981662569707669,0.00887059517098492,0.00940846240005707,0.0117104961497377,0.0145996982992832,0.0206512441148807,0.0177829130783747,0.0204605694769396,0.0137282929224891,0.00670095732480222,0.00608346726942225,0.0118784104123855,0.0134080316823942,0.0226839911908445,0.0100875319072149,0.017178406827489,0.00849053082776717,0.0138872914533203,0.00205173482822225,0.00683760125475936,0.00816960645327797,0.0092366252587851,0.00254294914229515,0.0153859755648302,0.0218044866777953,0.0154338469205161,0.0107097080038901,0.00449585192634497,0.0151232105095049,0.00417537270514381
1607.18327696747,0.00267776106916404,0.00920507116461684,0.0223940091746674,0.0302776635483024,0.0329748074956047,0.00999022040661,0.0184574266639725,0.0134693053717734,0.0094959138097075,0.0207777879445258,0.0157465216704227,0.0261741055217219,0.0205168325793833,0.019833548625639,0.0209636179445823,0.0178362742175116,0.0266151547742776,0.0188227911093488,0.0248506326401953,0.0150397052829904,0.0220572627072172,0.0267010316113957,0.0150240892238846,0.0201227912138093,0.0217455799766536,0.0151479023921418,0.0251500481593137,0.0271757079106134,0.017678252561233,0.00901995190298996,0.0186624725406533,0.0105562855227475,0.0165437141801273,0.0217839922504288,0.0116279740331047,0.014455366882886,0.0175927987599963,0.0192037693987302,0.0130330630390815,0.0208972012879546,0.0159334188142949,0.0184668578123661,0.0174065621794407,0.0300503896993907,0.0149679053256798,0.0116165595698837,0.0240521561213929,0.0221922474802664,0.0234811519955805,0.0205032203183257,0.01627810684149,0.020387491058412,0.0212136098602089,0.021994353488874,0.0193335115740343,0.0298070140060158,0.0238201142444078,0.0210561703421028,0.0231140858646946,0.00642098067182701,0.0201532946933627,0.0265697692557375,0.0284439116000663,0.0269811410816578,0.0274040264264594,0.0235935357953808,0.0220323850530511,0.0178046150008736,0.0215223660705115,0.0188373507606177,0.013507191221027,0.0157962394848068,0.0239314517325696,0.0158937924304656,0.02733306111823,0.0117748831278935,0.022662964591902,0.0168803615904112,0.0286657283435847,0.0229541800157569,0.00993665513933622,0.0155382680794502,0.0116101017698317,0.0160209356390893,0.0273451025878043,0.0210249101071467,0.0293255451417617,0.0169407037827481,0.0173294016571342,0.0241150342006417,0.0253501402706753,0.0297136632479608,0.0303898791209619,0.0112167677050116,0.0225257387425264,0.0149238429817821,0.0231376175536459,0.023458760468908,0.0231428847751995,0.0272744609668242,0.0287761253655361,0.0297529085140185,0.03150857802035,0.00871295413459144,0.0202403457885868,0.0149635886773762,0.011480995930686,0.0103710039340691,0.021679513963668,0.028611833277416,0.0153697102254544,0.0251955012162633,0.0189250088157982,0.0194980323990955,0.0112295185620689
1609.85979821418,0.00734699014178967,0.0118527274136206,0.0129915021404556,0.0229933071418457,0.020450686487601,0.0133104400209293,0.00923216098356819,0.0130173551477333,0.0120297816778189,0.0195831909209913,0.0177286072313176,0.0201036397382469,0.0101108816075685,0.00746251370140358,0.0186739310789655,0.014476871068146,0.0174617393541305,0.0156522164180255,0.0168953867279828,0.00774875946727687,0.0142846617715539,0.0215889615975803,0.0196123398748753,0.00988502611524278,0.0125808187933166,0.0123229634201562,0.00902942059362375,0.0176897143292709,0.00521302571327503,0.00678943866603605,0.0107306814447703,0.0110652272966379,0.00892431452444186,0.0285234905807004,0.0127011015102905,0.0204398481866554,0.0158806244986846,0.0260302855785602,0.00326779681940194,0.0150656439722814,0.0107294604209026,0.00700370150697285,0.0132986196921479,0.0304966220546751,0.0137873809634367,0.00980413985952117,0.0120776248038108,0.0119416955376391,0.0188032382315367,0.0169375629930659,0.0127712362837735,0.0169046839196811,0.0153168991020303,0.0155781580204248,0.0146224051109664,0.0170325214217886,0.0152274751614501,0.0109148464323727,0.0126153428117167,0.0299998126185027,0.0154222685445261,0.017686548863479,0.0159310774617169,0.00796518775398364,0.0250710879292142,0.0150838361949648,0.0142262886974737,0.0121063703853207,0.0102226699355545,0.00932509131004498,0.0186435436566026,0.0100248713460497,0.0175012761454501,0.00994551558807464,0.0261314372906376,0.0182384890009049,0.0156812795464217,0.0247647839047559,0.0124676547376901,0.00350932718708293,0.0219348780384411,0.00554808796806348,0.0202532180390314,0.0205571813935705,0.0151870964024115,0.0134999051233474,0.0159807186032253,0.0174415797659841,0.0131592164804011,0.0149516235965141,0.0202905433268327,0.0277781154181733,0.021213201580979,0.0239624767588181,0.0109118946352973,0.0125220761904555,0.00924612171003336,0.0222483156606904,0.0271392677702608,0.0196973823758049,0.0166229540268424,0.0183703091716068,0.0137179515226055,0.00849579291677412,0.0103520841659771,0.0114011028089142,0,0.0193564505749845,0.0297389463517996,0.0211412339603953,0.0130644952328736,0.0117240247736794,0.0252073093523368,0.014127321788552,0.0160528048084078
1612.53450513917,0.0192220251087105,0.0150748727547974,0.02399616411556,0.0391766236296068,0.0339530289128515,0.0341373537283098,0.0263165994912386,0.0238055736949649,0.0237036039063721,0.0184153936488468,0.0240246147819786,0.0244257266426327,0.0163793662840269,0.0274459377673351,0.0259302269062616,0.0314016953253362,0.014517761830667,0.0179361054345103,0.0208604452011983,0.0214479582058208,0.0250914569100683,0.0203989355102062,0.0149450224487324,0.0251279190595992,0.0266282920281134,0.0261059162609094,0.0262443181149208,0.0336874690214452,0.0197973803832581,0.0173228043212657,0.0290872836812331,0.0250587441574318,0.0304040719718189,0.0341584387811675,0.0217391566415934,0.0247717415544682,0.02149019439103,0.0283747468279457,0.0256348188576363,0.0243068417826358,0.0301367727300072,0.0416775531018984,0.0137875700830086,0.0267049537474036,0.0255212996994164,0.0256541211790104,0.0238077848495318,0.0227284241064768,0.0312774248168051,0.0293324506222889,0.0260034438377867,0.0324738888063688,0.0270277690463832,0.0338558481036048,0.0181596124154727,0.0257282493442849,0.0236198923622921,0.0286455234992804,0.0143457439153358,0.0212631770201317,0.0333924699209059,0.0218865234778464,0.036182185392588,0.0229914563282716,0.032540189382795,0.0262589414678477,0.016910337923641,0.025115396071241,0.0313495606120546,0.0351310903606364,0.0220640017235636,0.0294300959172952,0.0266769358834828,0.02166845942838,0.0278713579180325,0.0117145117804639,0.0236876681431495,0.0298352025298646,0.0213540198118943,0.0299414540153181,0.0215114292289621,0.0302877948606711,0.0219845270941356,0.0239590260561136,0.0322473859458869,0.0105499699875875,0.0204360268210686,0.0403257466655629,0.026916347127896,0.0273544586213317,0.0290734217303123,0.0403197759734108,0.0335174153035392,0.0261924917762076,0.0256459747263648,0.0157818028930219,0.029714040611755,0.0289668851562659,0.0253139247844345,0.028290240972053,0.0213156261180827,0.0230645022710913,0.0319859705255806,0.0123336383640588,0.030633058438213,0.0384413710178815,0.0282357391366366,0.0345866820169078,0.0320321771066793,0.0280020428094503,0.0187225671576595,0.0233496579780485,0.0163362672262548,0.0346528017148898,0.0220316585615519
1615.20739943063,0.00805143086181231,0.0155912343627353,0.0207067172208424,0.013494748645243,0.0224142510768615,0.00747307331179424,0.014410082289597,0.0111288537258186,0.0102090533461721,0.0107678474690088,0.00890923487750755,0.00640601931150834,0.00602951805345865,0.0128991324089689,0.0102590417717647,0.00510469076161347,0.0149735802336352,0.0224188137417004,0.0108002539809993,0.00483330462919318,0.0135529681660261,0.0142295622622416,0.0137878028822075,0.0115507741980985,0.00677370988497244,0.0100710462416232,0.00443846093498815,0.00820873558606244,0.0102031772037388,0.0145936946292592,0.00808389701015837,0.0115865113118663,0.0142884370367114,0.0222796820668924,0.020599656020206,0.0101053074698226,0.000755051564761357,0.00650456325723268,0.0182195223620239,0.00522319536735351,0,0.0114836239038675,0.0188735613393477,0.0229388507004797,0.00916864380872811,0.0127296563525557,0.00568458309868804,0.0227535837374146,0.0183918258432637,0.002809997262638,0.0213996322006692,0.00656358664807693,0.0159130828949586,0.0148739845099419,0.00880821262608973,0.0135893031000701,0.00434022716834757,0.0113179914878724,0.0161036613927735,0.00620114032537622,0.021158920742638,0.00890770379923145,0.0112294618808866,0,0.00324182448001407,0.011063963623115,0.0113598789483996,0.0160753450834137,0.00537859581060979,0.00567608744405397,0.00924316963359544,0.0048511972941071,0.012800914175061,0,0.00575233967639329,0.00640260478177813,0.00985603899955684,0.0184507683090062,0.00855119624714274,0.0116975136660624,0.0256422550146853,0.0150595781267295,0.00986529167202108,0.0151918174252179,0.0109854713149976,0.00876429401890878,0.00657178157052813,0.0038210407769574,0.0164491337922199,0.0074749474936509,0.00449728803386872,0.0278804007041765,0.0128004922122147,0.00560617690203764,0.0158026997236236,0.0230128216479074,0.0158761674510095,0.00467012581920309,0.0159121256444922,0.0103897878863217,0.0167564826908401,0.0232005962871571,0.0177957020858353,0.0156231681565328,0.00373689334326238,0.00147485486821823,0.0178021855880907,0.00745037932085831,0.0233447247924574,0.0131468016730287,0.0204391464282437,0.0186785894004341,0.00807696732381105,0.0132406572520806,0.00997730463478758
1617.87848277462,0.0215200551677186,0.0166823875067756,0.021851061024388,0.0227515307036626,0.0211176617866919,0.0179790690070458,0.0206005811133848,0.02037114495621,0.0289057569714744,0.0156185602657268,0.0184740531801903,0.0189654234773308,0.00317015596164811,0.0162153630617092,0.0158918287539642,0.0182535765630883,0.0165815120292152,0.0111936154320851,0.0240119217541071,0.0103124063142678,0.0129548673948194,0.0181023425235631,0.0236840917414392,0.0206264131165952,0.0225724264898692,0.0106443652234353,0.00792883543422902,0.0143013604641716,0.018651689129451,0.0174299451046764,0.0230737855225444,0.0162792289986515,0.0238520140684685,0.0166525611118605,0.0194879795674994,0.0156088082781616,0.0120307929820089,0.0162353580145552,0.0182855735916554,0.0104707948736145,0.0147228977616968,0.0257192298353801,0.0194176015508763,0.0229288623703333,0.0168596260968134,0.0362778193640709,0.0135214389378116,0.0216705887012739,0.0250204247896536,0.0241130597451253,0.0156713224637848,0.0233417716310566,0.0270941943816387,0.0274700324307772,0.0259068014228703,0.0171256683117947,0.0201349341412398,0.0168505995077823,0.0213754654100538,0.016001748810239,0.0298827742062465,0.00901239112703152,0.0196361734307779,0.0196921908927891,0.0153671751147379,0.0189239660400241,0.0256622507485725,0.0280071088403589,0.0312738630651339,0.0180095983922687,0.0231767995135092,0.0265975484690183,0.0197238475383423,0.0216740994862629,0.0122105630793088,0.018869003323421,0.0173422891932374,0.0116415108590231,0.0147079681446089,0.0307340276091632,0.0241420237050972,0.0186808783329233,0.0110729552909253,0.0209715363028556,0.0189421453723948,0.0206498689616888,0.0133746152232614,0.0179378529641195,0.0256418001698249,0.0136966035905238,0.0300286056328082,0.0243610147765393,0.0228417288351644,0.0207788631172043,0.0151417671359878,0.0128041938154233,0.0226649302117724,0.0170877352697221,0.0188226743596604,0.0144248884287877,0.0284635252542974,0.0262302815743767,0.0148564722497897,0.017789095724859,0.0223658137259915,0.0210713652526648,0.0218994769173241,0.01086488722608,0.0268528813741756,0.0252113110380639,0.0255840925495398,0.0169504139002529,0.0319594245608251,0.0297971469795802,0.00302947333437925
1620.54775685504,0.0155325181898564,0.0117876355780635,0.020819547024307,0.0290439811590625,0.0170643464669431,0.0208669265035942,0.0268196655580704,0.0168273384527095,0.0256508011225059,0.0242920849668349,0.0227061848231334,0.0206403944968801,0.0227258443350982,0.0256899292041034,0.0187534729621827,0.0248612519077216,0.00922644892171833,0.0233302126719,0.0302256073490201,0.0169224274673492,0.019477650436439,0.0203341535667821,0.0185227674243444,0.0218107590491875,0.0259579848935617,0.0211937554190093,0.0102997560481484,0.0276162638715663,0.0175586040804855,0.020294152405826,0.0146879908013799,0.0256818981467583,0.0203322210315199,0.0212380870774289,0.0235068917369685,0.0200196927500317,0.0216509625626836,0.0214845548894052,0.0201002773719742,0.0255838758644434,0.0244953490595847,0.0274589102516636,0.0279861563881839,0.0181484690007692,0.016379194403892,0.0245859276851762,0.0287140701654053,0.0285650140609184,0.0234124624609415,0.0206611603814269,0.0214962563355905,0.0199709568354749,0.0172080185083091,0.0217370841499397,0.0242456795413399,0.0282242000153449,0.0212593371369827,0.021853449798637,0.0289992305519497,0.0194772577072892,0.0211934281765578,0.0198272398163978,0.0256919757624975,0.0203916872798491,0.0315456813665623,0.0234416984111043,0.0289767544932159,0.0360040882408847,0.0265655658268184,0.022724823162224,0.0197073891498911,0.0163631956344002,0.0191738611045654,0.0181906610963746,0.0128714524756727,0.0207148656110429,0.0162252478827156,0.0196383323473458,0.0214490718053578,0.0119722291857681,0.0215377623355449,0.0299765594536798,0.0244511840655991,0.0256172989153022,0.0229196109782289,0.0257410965894179,0.0224980926161747,0.0244356245133226,0.0273556595087255,0.0278810510986127,0.0152936544958105,0.0130892055680822,0.0131977680513294,0.0219218000101134,0.0248077138722332,0.0257244397093407,0.0203254886217815,0.0221956552930551,0.0270261971932243,0.0207935886460378,0.0187400698523347,0.0189702083540668,0.0202151092073294,0.0171052671148916,0.0194104873757774,0.0130053582038367,0.0213845186106945,0.0109153765673412,0.027492305261938,0.0355865070361609,0.0262209339332898,0.0333236315299573,0.0260918332433394,0.0222370983470776,0.0271497903025998
1623.21522335369,0.00547113010637038,0.00692124072196561,0.0247729332764697,0.0149168496728655,0.0232535305360718,0.00903617277418194,0.00623837884748841,0.0127779068409119,0.0111657316391322,0.0107617870369538,0.0162463055556216,0,0.011313260230878,0.0179132845044977,0.0121254464821073,0.0145259910735562,0.00133793017749852,0.0148755117043249,0.0207928958528981,0.0246635160578076,0.0183885264107936,0.0164743748397238,0.00990899505558443,0.0111445230723799,0.0118411279225713,0.00911072441026446,0.0121256356692996,0.0149500998890217,0.0153682990188485,0.0137726251595115,0.0194615107676382,0.0152243880951173,0.0196903294896808,0.0134028888415283,0.00827737980307816,0.00934948932172144,0.0127824058021587,0.0205609282291028,0.01449122984848,0.0146871162880828,0.0165731764345278,0.0144257885815618,0.0188755423741233,0.0176573804271448,0.0100704259324398,0.0217398918034588,0.0174363901578048,0.0258339910170332,0.0117967626586684,0.0231389454543399,0.0181294361151503,0.0079811340993302,0.0149681984870627,0.0143109722365525,0.0202649461866113,0.00689808897123042,0.0201497866545662,0.0263266880609083,0.0244491811283767,0.0120073888748944,0.0131136590349213,0.0104968845970049,0.0252308024540104,0.00843697546616577,0.0184313196375258,0.0128227263509156,0.0224049920861537,0.0179899959370432,0.0165839102428813,0.0204100885501771,0.00696938941499075,0.00329873255739681,0.0163439252262905,0.0159119218704095,0.0164744985959638,0.0143069290962198,0.0214657225989488,0.0157277586944279,0.0115129047062557,0.0196018738417029,0.0116051584415983,0.0189499521701935,0.0112580215342247,0.0140290006041782,0.0177666098726137,0.0103942933533183,0.0236224072642565,0.00625409837999719,0.01812632859694,0.0233874814591006,0.0184311893369204,0.0168509656613815,0.0145987136668198,0.00962089109755869,0.0064635700760121,0.0172611864000818,0.0105746227909154,0.0109634274840982,0.011859786354783,0.0127765965539966,0.0235432403582364,0.0180431960565137,0.0191051520393684,0.0158735643889614,0.00681427354301282,0.0147747233421274,0.0174176599578754,0.014950238563896,0.0154132869316054,0.0271070094689846,0.00477588012774859,0.020574295522562,0.026091414839949,0.0135552247439298,0.0208209803033377
1625.88088395022,0.0615812415503812,0.06441141418281,0.0700652376773895,0.0581714542858623,0.0610409325501644,0.0720640918556663,0.0683634250063444,0.074963862238109,0.0658611826120134,0.0726282394910844,0.0575127821509771,0.0759017144822609,0.0711073827121168,0.0764916182882027,0.0687935864021905,0.0710104479021792,0.0693425367880762,0.0721082418704509,0.0762537165914344,0.0633253225326309,0.0713477120313236,0.079404519979818,0.0837200122964516,0.0751698201676401,0.0723967904644492,0.0783009231057156,0.0714066297509129,0.065399072582309,0.0706275490605806,0.0792675548857895,0.0710750488995375,0.0650528084397725,0.0601191802613443,0.0757594527033157,0.0696153697793303,0.0781613738754166,0.063980683853416,0.0647697591611902,0.0702527619291957,0.0749916329604307,0.0767129476597102,0.0811165202058676,0.0851908996429042,0.0699510981660346,0.0846216614772272,0.0671231411004902,0.0783483786974388,0.069125911488004,0.0799211312598319,0.077573308924374,0.0557051226765704,0.07326977204189,0.0596361909719802,0.0665717859013276,0.0703302833979147,0.0742674105948337,0.0835097136551095,0.0603433743430525,0.0762878269856885,0.0715620366738179,0.0730831196348169,0.0824886675136395,0.0658668164444958,0.070880724754355,0.0766377018989448,0.0752457411699177,0.0753390025817848,0.0639689049361505,0.0802645702207891,0.0775296582525284,0.0692110926476522,0.0748556421779041,0.0856646186147841,0.0754135334194499,0.0719601488391258,0.0670929675918381,0.0848507621136811,0.0755038237553795,0.0689810419932835,0.0668049020767995,0.0814867844865588,0.0738271401560208,0.0697944746041562,0.0744851946568818,0.0704515586514169,0.0689794402990051,0.07408078010389,0.08046314536611,0.0753285108318744,0.0699359854027091,0.0705253585975285,0.0600995336314619,0.0769084051934291,0.0676387980996338,0.0711154643695774,0.0747492784800547,0.0769553253160529,0.0725684411566351,0.0721818969360839,0.0658997979084668,0.0811499599121112,0.0715978144262469,0.0747278564530175,0.0687603439354905,0.079554301078941,0.0650311316917101,0.0738098760996,0.0834513238182187,0.0810029262864077,0.0838840335536471,0.0700940942304273,0.0725677336917478,0.0810047828434011,0.0664118627859639,0.0653139251721937
1628.54474032218,0.0279904322512089,0.0251577278824358,0.018992547520833,0.0251495468421807,0.0278270136429282,0.0220573530136934,0.0188208463837744,0.00529847817960685,0.0208752744804343,0.0260774557128529,0.0312771582033049,0.0274658613830417,0.0201453268093793,0.0325408653049769,0.0291894235361263,0.0202201674298766,0.0244221830429639,0.0246419436954747,0.0198531584568079,0.0242314757095409,0.0277519965802623,0.0249741199332295,0.0403497731717382,0.0277932852085603,0.016489671165607,0.0286911369085808,0.0175884383454214,0.0306543737688592,0.0273998296040223,0.0152121389267327,0.0216768586014479,0.018385460255502,0.0276108813255985,0.0272397792498223,0.0340320869654179,0.0216621698254239,0.0299184309631604,0.0210561411599391,0.0171194361483871,0.0155474668938445,0.0339736878991761,0.0243068371440131,0.024157698190442,0.0114245210974834,0.0315128182341975,0.0231882591497039,0.0208957472239167,0.0346519708336627,0.034710196377981,0.0270014120954981,0.0172438766722114,0.0267476210151928,0.0234664007905786,0.0213411265732629,0.0217852029994488,0.0298179921152963,0.014055816916649,0.0236606069126208,0.0346077807419475,0.0271854669038614,0.0278522011522435,0.0281213770944865,0.0309458675840839,0.0197818988200787,0.0227610147407372,0.0180660442961506,0.0258645064828761,0.0177077330493552,0.0155563177454812,0.03174655040227,0.0239918307699453,0.0115483658023073,0.0240391061372011,0.0279076011902561,0.0260988259809227,0.0270201672112329,0.0176460340017905,0.0364114133276706,0.0251339424344226,0.0229097693570251,0.0212487721862909,0.0246263087720326,0.0173367375941323,0.0321715522923348,0.0189915221676145,0.0252638561093296,0.0282473445795349,0.0241009878979189,0.0251583162368176,0.0241190165368939,0.0253663823130924,0.0311288947737336,0.0314021811441734,0.0225931281291167,0.0236447690029408,0.0150677191052741,0.0197660003327329,0.0309140118267644,0.0243151203198983,0.0262291985921269,0.0198948244454227,0.030603382660879,0.0240599630021345,0.0215494978178911,0.0129845491000451,0.0212833070135558,0.0281337703951966,0.0293211712003502,0.029002387457838,0.0256797209056832,0.0282955304990089,0.0301413969069422,0.028511654602986,0.0227195268009682,0.0195337341546401
1631.20679414497,0.0164758923047005,0.0209240470958777,0.0279868216538975,0.0265682841201584,0.0146052821547685,0.0250615118773812,0.0257033272391517,0.0237597958211825,0.0257716648423218,0.0326925067549169,0.017931627920589,0.0303416833788169,0.0271879172336689,0.0270767009819879,0.0271267934644483,0.0373448467261631,0.0211157647270916,0.03418125635713,0.0261842970321126,0.0298500795162004,0.027837261001723,0.0195308615428502,0.0324043356728354,0.0262612556506018,0.0284694941624212,0.02277203712831,0.0200771576153063,0.0280351839803772,0.0213558336200971,0.022065970981581,0.0214024283747948,0.0185492035615253,0.0264829379632387,0.0330686983758676,0.0341956822288913,0.0222635564389484,0.0289900254742349,0.0343149307519194,0.0259302809085976,0.0238330611972066,0.0238506888604046,0.0261588278893941,0.024842054125123,0.0285984126377162,0.0188488462185429,0.0263073451807529,0.0215388075753445,0.0268947346023196,0.0344033893134703,0.0283863981705361,0.0220304557061681,0.0171497854574482,0.0342047229227201,0.0294876003863304,0.0208279486947976,0.0242254891209791,0.0175509188886149,0.0282166007188565,0.0196838417944777,0.038860197382129,0.0256716870304895,0.0313415202749821,0.0228382227533,0.026939653282556,0.0160581457749284,0.024942281423047,0.0259829421156828,0.0348737943200739,0.0274560367603144,0.0365753757869011,0.0194722860659618,0.0345774887995666,0.0184090796884477,0.0268914193627703,0.0204679630575415,0.0266173406425851,0.0258484661756936,0.0217880683408653,0.0280887084588754,0.0323432330522095,0.0198884652658722,0.0325069775518175,0.0233093820351112,0.0276367403400837,0.0259421075470477,0.0264873771058416,0.0179883231733159,0.0248323107470332,0.0287166480176201,0.0299112416216072,0.0216811543387857,0.0288630653191907,0.0230327756904286,0.0162359816175459,0.0357103790908516,0.0252819463540046,0.0141034524987834,0.0321832366395822,0.0226891481367084,0.0257908560376441,0.0276821665525841,0.0337733575119698,0.018902408709858,0.0250048262131591,0.0266328121651081,0.0392912570686384,0.0143922238817897,0.029483042265581,0.0239624201458231,0.0287269309971338,0.0222394216047166,0.0233074556307048,0.0291809559886873,0.0210206232443103,0.0257043513052345
1633.8670470919,0,0,0,0,0,0,0,0,0,0,0,0,0,0,0,0,0,0,0,0.00294923754770106,0,0,0,0.00100092583329649,0.00428634382666506,0,0,0,0,0,0,0.00587349227273089,0,0,0,0,0.00227905741719645,0,0,0,0,0.00583827925581402,0,0,0,0.00300428823857226,0,0,0,0.00560727109515514,0,0,0,0,0,0,0,0,0,0,0,0,0.00166731397680194,0.00241909345494873,0.00765985186222309,0,0,0,0,0,0,0,0,0,0,0,0,0.00264681456023297,0,0,0,0,0,0.000479894964655326,0,0.00215702273853943,0,0,0,0,0.00708752561090942,0,0,0,0,0.00340772400906874,0.00103006486384706,0,0,0,0,0,0,0,0,0,0.00358046981690817,0,0,0,0,0.000177855937186539,0.000100969331403616,0.00152943601694035,0
1636.52550083414,0,0,0,0,0.00171387665245503,0,0,0,0,0.000459807638201504,0,0,0,6.85450102773572e-05,0,0,0.00110341961240692,0,1.7391202233685e-05,0,0,0,0,0,0,0,0,0,0,0,0,0,0,0,0.00342653084132856,0,0,0,0.00465744860344429,0,0,0,0,0,0,0,0,0,0,0,0,0,0.00185773883291868,0,0,0,0.00257853699179676,0,0,0.00569578887085186,0,0.0052368652817658,0.0102859013935826,0,0,0,0,0,0,0,0,0,0,0,0,0,0.00263598892961151,0,0.00791206110514765,0,0,0.00424213507614709,0,0,0,0,0,0.0016754222969925,0,0,0,0,0,0,0,0,0,0,0,0,0,0,0,0.000351225427386904,0.00339705154130241,0,0,0.00162908835010168,0,0,0,0,0.00316379419389016,0,0
1639.18215704078,0.00517802079221809,0.0258929734538977,0.00226071372258821,0.0125446994334183,0.0108653399269771,0.0102184721791205,0.0142230123429086,0.0125768790584791,0.012753441831338,0.0152925851277795,0.0128972404816348,0.0113121297900714,0.0197906653893656,0.0214426062631505,0.0205539811917317,0.02046107563469,0.0175533758539613,0.0255342357697419,0.0145462608744567,0.0126737855748016,0.0200765514301739,0.0183959557359998,0.016289908105473,0.0127855176001382,0.0165130593130643,0.0190030459323767,0.0168120775513915,0.0242256303069349,0.0157850491160021,0.0156663239472108,0.0184777483668478,0.01630021809716,0.0135787675114282,0.0156438562312131,0.0274889325964215,0.0163977680768379,0.0202041931900549,0.0178896740008137,0.0233032838978267,0.0268787741077433,0.0245284401774996,0.0193624387156361,0.0150716379161133,0.0227248550315211,0.0161789151765731,0.015267716586,0.015740605411058,0.0225327584914575,0.0124103600030701,0.0203267255400267,0.0215816841050075,0.017355320378833,0.0179576849736237,0.0179581684582933,0.0263541541768012,0.013998210641951,0.00954903397525518,0.0175485706379229,0.0122703167867169,0.0145694377127606,0.0146525564433533,0.0168552817195579,0.020720918298635,0.0168829971684859,0.0225733709973115,0.0260840378575797,0.0187932253229443,0.027672412097641,0.0162034133588163,0.0177089440627133,0.0200288219848617,0.0238148016319965,0.0166924947506012,0.011667616983685,0.018319490006039,0.0107974944798609,0.021282039833761,0.00935380716800778,0.0115088115678227,0.0241351339158595,0.0114518185598265,0.0080926798483685,0.0171113229029917,0.0142029562401141,0.0137655554765759,0.0149790466138885,0.017193348015841,0.0130849143623372,0.0130013699249601,0.0111789593712251,0.0038899071388579,0.0211278573371294,0.010855647608538,0.0207695272776762,0.0119957449078116,0.0200334977197244,0.0127335224117131,0.0186652214036673,0.0115517823874472,0.0159976447713016,0.0158383466989328,0.0153683052519638,0.0083315935299654,0.014249243619605,0.00746147216567401,0.0121476743375595,0.00989019036340751,0.0086590296222451,0.0153907814503054,0.0168661176171088,0.0104745499660612,0.0268820817166963,0.0255240826074549,0.00574795082614143,0.0184232043592406
1641.83701737876,0.00864840126212025,0.00974782732890166,0.00475863447519238,0,0.00519065810201022,0.0127951917611529,0,0.0113994090516396,0.00864929456786864,0.0149714871120729,0.00341425888730085,0.01320881576107,0.0171926741672536,0.00327153599991311,0.0186084990678985,0.00430783315288988,0.00705888212215396,0.00209125358733215,0.00424068777847542,0.00902847760800441,0.00936132591399446,0.00917445268459866,0.0107850696159174,0.0119332735655202,0.0122079828531722,0.00325010263091236,0.00851019373416298,0.0156358212681011,0.00929617639213974,0.0110070437807453,0.00862063296739298,0.0107376392374657,0.0131349170358171,0.00857255897100166,0.0152952386363118,0.0182278349969717,0.00648514831949818,0.00927948441952578,0.0150347577847938,0.0185024951375059,0.00251634171020054,0.007666958386908,0.0113013423876622,0.00589904606584713,0.0100772448112494,0.0132146613535205,0.00860162442555664,0.0148900393945974,0.00218879293572822,0.0106187005723529,0.0103497173802575,0.00729778528220944,0.0100615962246558,0.0078623419004295,0.0178832412839239,0.0079436901786515,0.0058073649225869,0.00773739631894253,0.00966326647327664,0.00614567806369114,0.00909990078631089,0.0326579770129713,0.0133317476927591,0.00571168386266205,0.018863590283602,0.00667715910209269,0.0151671584470562,0.0126873581040257,0.00465672938965038,0.0114783772625513,0.013880467815722,0.0126636238338873,0.0227172429512058,0.013121109899475,0.00989506091400123,0.00578186876139256,0.0094604084179143,0.0175827335715608,0.00956593557030367,0.00674657320577641,0.016996426067424,0.0125607249558138,0.00989833098644476,0.00862084875746983,0.00766501956179009,0.00551530496220277,0.0162207004781626,0.0174648849247002,0.0166742899981266,0.0119822681738763,0.00722740139302754,0.0184226357418299,0.0060824453381945,0.00515746966402376,0.0161638266385733,0.0117674762075253,0.00546683476104315,0.00593869299729227,0.00594833420739566,0.0179791208817186,0.0121412732541203,0.0106284400113626,0.00329223215507035,0.0132145787746089,0.0109856185805767,0.00604269585389459,0.00728862683341592,0.0106303767665402,0.0162619001398528,0.017737322101715,0.0170024420897194,0.0125847257204338,0.00879335673205621,0.0173858073223532,0.0111615138410943
1644.49008351297,0.00189325571681164,0.00128657110176159,0.00342956890415794,0,0,0.00447794503442636,0,0.00224253524864725,0.00028511962174347,0.00437668160754845,0,0.00204007088788199,0,0,0.00437510459165135,0.00351345405973302,0.00446154508181351,0,0.00747886532140244,0.0109286801153415,0,0,0,0.00205979686728135,0.00510440414694448,0.00908103092906463,0,0.00320182334334996,0.00959258201247047,0.0102533669237918,0.00336123658772655,0,0.00872966921143643,0.000964303646982177,0.0059656469298036,0.00273977680529876,0.00289517846850618,0.00126320207910977,0.00622312353690977,0.00321260624407288,0.00111535705346975,0.00510861263699032,0,0.00295612538452144,0,0.00590123232858675,0,0.00216576636109579,0.00853078281296616,0.00448123255454978,0.0054860655370334,0.000728775827296352,0.00571113442556072,0.0104156345274555,0,0.0036574877388381,0.00718157059227238,0.00408064494522901,0,0,0.00299527277496807,0.0004280715319136,0.00656897476466907,0.00437115652005038,0.00655978499187251,0.0114500272864286,0.00496035001656597,0.0107507176804941,0.000797453914802097,0.0105707817365454,0.000207763924085052,0,0.0108847767508349,0.00343016830928675,0.00849237065210441,0,0.00457288802344516,0.00537985996317273,0.00765188619242432,0.00428821368222577,0.00502839077696882,0.00588296216377052,0,0.0106178023403709,0.00102086817718689,0.00460784944655975,0.00782339175148329,0.0136389071962082,0.0111374784419592,0,0.000808356011789643,0.00185307213062007,0.00945630076884299,0,0.0117776414210332,0.000712973688667758,0.0148227575049808,0.00114295759881032,0.00212945593521185,0.00672914238258534,0,0.00935684320290673,0.000645454912664066,0.00127541401943493,0.00373260095891957,0.00862050979126024,0,0,0.00673339519968412,0.00776557359665663,0,0.00239777671486012,0.00260210365203686,0.011231976991378,0.00844343321239312
1647.14135710615,0.0177280028562941,0.0218321030553804,0.0197554958178918,0.00925699577685879,0.00600241272995577,0.0125769898091914,0.0314826217151027,0.0123366981736136,0.0139284821189243,0.0236329334874132,0.0220490059712955,0.0312723724645686,0.0103642053531628,0.022752497494416,0.0187259066785834,0.025742632989327,0.0198767774231944,0.0252949227327522,0.00804487255056974,0.0194778559438019,0.0300328686444034,0.0191935170912955,0.0149529057416873,0.0125781867715833,0.0229114507649521,0.02102069442654,0.0201365733750575,0.0168069284989873,0.0183632632020259,0.0200505093297349,0.0141168555981037,0.0248619464993235,0.0191744906981816,0.0222428022066349,0.0165090204692072,0.0163759269062034,0.00718999087708429,0.0158288890482749,0.0209464927095782,0.0301933692003656,0.0208973448511833,0.0207956448941904,0.0192704946063895,0.0245545465076587,0.0155365784781024,0.0332986631961714,0.0163949781853837,0.0138877210362184,0.0231702592596705,0.0184368904708187,0.0162109432962609,0.0172491694131336,0.0201421784186224,0.0227499726442135,0.0168849002661077,0.0249001194971657,0.0176287701386517,0.0205011039695576,0.0266161634662039,0.0153762656417632,0.0219193187712074,0.0305335455773102,0.0188831830326117,0.00651999500008395,0.0195832101423083,0.0246766825832844,0.0184630517953849,0.0275232609195323,0.0222978644791365,0.0132217727222064,0.0196823682422352,0.0327449993083269,0.0186989486416951,0.0249389752165492,0.0187725513335388,0.0118166377873461,0.0198540530356901,0.0204888340470711,0.0235853886866131,0.0236376608661979,0.0117629004455948,0.0204090489600504,0.0134844631361525,0.0219363018951446,0.0167283750033014,0.0156677834393042,0.0172281127477639,0.00925490422618658,0.0200653834199172,0.0170755048457459,0.0162925613466456,0.00587596559242271,0.0198177433859628,0.0144393454626827,0.0177197914781666,0.0133522607996951,0.0270683700299541,0.0206461338366945,0.0223237896923606,0.0208755204033405,0.0170133071246312,0.0178588144262789,0.0216553301677478,0.0175613764470019,0.0192572950496454,0.0198812661308725,0.0131972483901605,0.0135291134811708,0.0227284318770596,0.0144158559844218,0.01483725757891,0.0266380780126046,0.0209637416057989,0.0281019486172454,0.0322799258083427
1649.79083981897,0.0084681011106093,0,0,0,0.000882795127324657,0.00486655730192906,0.000246407226390695,0.00217143091582455,0,0.0114690123943346,0.00782722001802916,0.0103404430749398,0,0.00299534781862265,0.00119295423661842,0,0.00272843329540231,0.0155080727439463,0.00485779041279564,0.00543830932532164,0,0.00783533862979122,0.00257637092672606,0.0067224007739899,0.00964582161632615,0,0,0.00332570371704524,0,0.0038507643322711,0.00378194549618019,0.000673640520912212,0.00627685146505582,0,0.0134750352408846,0.00374152579490022,0.00365865415279072,0.00561812144534468,0.00588953764150254,0.0080203533525463,0,0.0177265614924147,0.00530641207441429,0.011540780187709,0,0.00664778941219605,0.0121594052016436,0.001789724878802,0.00064311757895765,0.00291857432203332,0,0.00324535945518186,0.00120180466894768,0.00298947846759502,0.0231834958294113,0,0,0.0141171799999124,0.00724693614280215,0.00588589904159661,0.00599057112419044,0.0132001061103706,0.000279832409257107,0.00408725970814004,0.000440623317501428,0,0.00666050417970528,0,0.00200402573021537,0.00943247606882905,0,0.00910642058494147,0,0.00354562552793572,0.00927414468538372,0.00630126312349228,0.00581880169137093,0.00493556429036411,0,0,0.00494608238200012,0.022613280652731,0.0138755557275962,0.00598742796941707,0.00327364990956655,0,0,0.00960763832465001,0.000728932379166117,0.0077618350341827,0,0.000480837936827851,0.00643696903371205,0.011803253159197,0.00137527268817411,0.00460952820499365,0.0147376809781907,0,0.00101593241486104,0.0154488813287546,0,0.00403554892946725,0.000167600007699356,0,0.00694339028947643,0.0121344808309823,0.00778537923157225,0.0161525448737739,0.00225099024895492,0,0.00330996553773328,0.0170932097112459,0,0.00591056579154073,0.00535108988905069
1652.43853331,0,0,0,0,0,0,0,0,0,0,0.000601275467598742,0,0.000212072737998653,0,0,0,0,0,0,0.000254662009177229,0,0,0,0,0,0.00132568030944437,0,0,0,0,0,0.00284245823221628,0,0,0,0.00120710582783965,0,0,0,0,0.0130992312858251,0,0,0,0,0,0,0,0,0,0,0,0,0,0.00191710488673177,0.0106826380429905,0,0,0,0,0,0,0.000158605641623337,0,0,0,0,0,0,0,0,0,0,0,0,0,0,0,0,0,0,0,0,0,0,0.00319730290460136,0,0,0,0,0,0,0,0,0,0,0,0,0.00489150918632037,0,0,0,0,0.00418585976686266,0,0,0,0,0,0,0.00258263281160716,0,0,0,0
1655.08443923572,0.0146489733267073,0.00874552230179814,0.0094198341887972,0.0182052809601662,0.00559154924704979,0.0212171769915446,0.015067506336093,0.0214415332038582,0.0239400550714579,0.0192195643371694,0.0100183594972975,0.0111179613044796,0.00580083922443217,0.0181907094788251,0.00708950605439025,0.0143234891403598,0.00504980245622518,0.00850629826271133,0.0110085460139645,0.0199251253867148,0.0233333129436974,0.0169204791580537,0.0231752153955352,0.018290002729144,0.0131738160987265,0.0144590873700909,0.0162726669863636,0.0113170847942203,0.0178356407784171,0.00864234235291434,0.00604056593703241,0.0138183545930848,0.0199024532643839,0.0206167207991692,0.0125991159965402,0.0110109856198749,0.0140791560073443,0.011222910077697,0.0177174714435519,0.0135286762056138,0.0226805389317035,0.0156617775532623,0.0117387940059023,0.0181037094518519,0.014583045193729,0.0175085992661152,0.0229420063238856,0.0214058110161449,0.025946664903973,0.0168201396626629,0.00995608820315027,0.00991747815171235,0.0255265178467612,0.0249367281956242,0.0164970935678457,0.0105736153899243,0.0180522049460543,0.0142449998390138,0.00636481087889119,0.0118295230188682,0.0172445273657757,0.0201634843273593,0.0113775611367801,0.0246801381632675,0.0191653806351124,0.0173543215219526,0.0172860831915768,0.0106557005239531,0.0215915450061822,0.0201769984470395,0.00797849567035456,0.0207900601702471,0.00827703820819341,0.0167200890649569,0.0218312810501299,0.0119295693838751,0.0261717845120119,0.0205263855187165,0.0169918155348534,0.0188192725881458,0.00215231330338974,0.0124073453845503,0.0216846131253727,0.0212210559643311,0.0113670240056271,0.016050720599133,0.0135099188611998,0.0156995829185176,0.0198867657601488,0.00849363103272336,0.0157209425906978,0.0281274131426896,0.0273105158689972,0.00486430353059385,0.0168381257333331,0.0170746521711783,0.0216348369538926,0.0211975905999276,0.0286860286524165,0.011025289333513,0.00627310921739841,0.00571075884155634,0.016940532585356,0.0240119583033971,0.00856414711039532,0.0174987921534865,0.0103951543802094,0.00735603046862434,0.0233826960181314,0.0145138552910933,0.0132223042534394,0.0161663098090641,0.0149201297704627,0.0156537838253578,0.0164842849776675
1657.72855925052,0.0116314547211249,0.0135560584015873,0.0109906846422226,0,0.00288535024214543,0.00431338122507401,0.00253909487668998,0.0113665860026019,0.0135764552523935,0.0131075511811275,0.00338585996731041,0.00991355487681457,0.0062540286069757,0.0113404997839643,0.0103632784449481,0.00163603572383623,0.00653713886488054,0.0123769425460542,0.0100765083107044,0.0114907370198795,0.001332725852495,0,0.012632120408089,0.0130883379013071,0.0163959907086488,0.00827814280561195,0.0127499377851764,0.00401363694348227,0.00927667016555137,0.00748375085065655,0.0015087023525276,0.0201463342057971,0,0.0148525650219174,0.00795399451682221,0.0124501644619018,0,0.00279569107103203,0.00905901385536446,0.0140143992672233,0.0111389326942437,0.00926604450735415,0.00528933757455129,0.00250823123411638,0,0.0162251241868648,0.0103357179754633,0.00996441491184924,0.0135522851159281,0.00434419743948445,0.00466604490342489,0.0109929787494094,0.0125369047056275,0.010427639360294,0,0.0151312729490398,0.0110910445632964,0.00683439308662485,0.0120693974598873,0.00589433638048506,0.00431266276263381,0.00470446247354109,0.00477328569789189,0,0.00298924117049862,0.00654799285895027,0.019337514810339,0.0207534723674351,0.0061005383607523,0.00941946929787965,0.0107212477938985,0.0143874267611492,0.0115941316627493,0.0154134004441705,0.0124255196107793,0.00354925396928701,0.00934883592105169,0.00733753747656119,0.015780938357422,0.0102040177494939,0.0124001170200478,0.014113626044509,0.015803345534109,0.0163955667780243,0.000289862196891418,0,0.015577932652169,0.000260666738300152,0.0127650190663672,0.011170614888643,0.00829873005230901,0.0105959499957533,0.00474371275860932,0,0.00801990337050157,0.0140544768302431,0.0151134716743871,0.00751853788754328,0.00980888919664892,0.00799290325220005,0.00681201290260442,0.00229407636756352,0.00026971478139633,0.00358718359445916,0.00259375427968794,0.0115728784463303,0.00797533460932795,0.00271937264387811,0.0082106067865729,0.0115532226747423,0.0136868852714385,0.0137073203413242,0.00771096454967898,0.0148214402645615,0.00544556224261007
1660.3708950067,0.00761859618257355,0.0107427486127017,0.00598134806464158,0.00520296895486815,0,0.0060114542702376,0.0119428693840174,0.00292382690427044,0.00753082669793942,0,0,0.00219148330002812,0.00386785617147825,0.0173392873169046,0.0103082809092331,0.00759316812985071,0.00636925202514055,0.00108473064173198,0.000527168909832475,0.00584446008584241,0.00937311615379099,0.0127739885983808,0.0102437350245833,0.0158353352672699,0.0066417445304634,0.0181550724768331,0.00179325822620226,0.00282795474697377,0.0120074797865902,0.00746289110809412,0.00500064273294734,0.00603137382287545,0.00457450307762903,0.00232811276591109,0.0118434395355697,0.0161561285416005,0.0105912520119048,0,0.00903092143348119,0.0127951543291888,0.0104902859897104,0.0154238671426395,0.00743781016029386,0.0162510191553352,0.0133209418944526,0.0102699948772654,0.00565111387771616,0.00479913164811667,0.00414218136562977,0.00488110552362306,0.00286395094932985,0,0.0118836610955499,0.0114367731808427,0,0.0110267778374922,0.00359381155523031,0,0.00037291992718555,0.0109629201158893,0.0105964716042135,0.000551315122352398,0.00593846102510097,0.00792384789622642,0,0.00981265421284221,0.00379448158461641,0.015597424722573,6.50564521831122e-05,0.00163309605469504,0.00942665922645424,0.0034420113635483,0.00801752978595296,0.0053156313792462,0.0112076600396175,0.00939983718037187,0.00291334646637173,0.00156817569622514,0.0190544155949591,0.00620366843094091,0.00117514343974404,0.00173413151295591,0.00301291762097799,0,0.00984795577922472,0,0.00104887603228478,0.00308976671460237,0.00971513865256618,0.0150106312954735,0.00723851525612811,0.0075444227983905,0.000181647747184514,0.00800479363136961,0.0118195260878354,0.0116274000926154,0.0126269465056302,0.0034644056344542,0,0.000954459312170822,0.00506101218140215,0.00979809330069954,0.0119816179747083,0.011963703344823,0.00745859340488216,0.00567733395581783,0.00210574993032327,0.00489538642539126,0,0.00690545468723024,0.00681102582447732,0.013027573945631,0.00753885915076906,0.0117196309905045,0.0136252032507194
1663.01144815449,0.0328621220980158,0.0216284920460553,0.0235852283375414,0.0254291291531257,0.0198503519774614,0.0235805394965042,0.0191875288148036,0.0137330084640762,0.0261739656330811,0.0275409920215588,0.0282601361595181,0.0168673537558887,0.0319353870615531,0.0189086397465815,0.0254010277367027,0.034932378316988,0.0281485666017294,0.0283504575613659,0.0223603353238056,0.0195361634028187,0.0239910680572185,0.0221514714978935,0.033997974929518,0.0299249446127601,0.0308468405600814,0.033588940799881,0.0270463359448362,0.0188280178892704,0.0282800154849728,0.0301763747979167,0.0182291151268733,0.0264642704551192,0.0197569234562247,0.023783827637814,0.028803257962044,0.0254862871021077,0.0195535145989588,0.0328292709775853,0.0187799161525601,0.0254942803112249,0.0133025281099774,0.0221810176656944,0.0256099093699556,0.0172318603284819,0.0267942590026842,0.0284460516676919,0.020727511433379,0.0223774409338492,0.022515197103624,0.0202012744784088,0.0281763708720126,0.0253418800514721,0.0300128216748486,0.0325534298996026,0.0293048482029974,0.0202820816104073,0.022128900330196,0.0266294780895499,0.0276360964066003,0.0397416047048048,0.0291196064743586,0.0278789599386494,0.0249912204247238,0.0258235539091705,0.0241986549133448,0.031079980458886,0.0262807762726684,0.0183962595017113,0.0299934370676706,0.0332850494924369,0.0343079990550128,0.0245349070177077,0.0212035610707876,0.0334758534416539,0.0251693235166236,0.0265232466078471,0.0310326752069644,0.0276585702567562,0.023471411339139,0.042925024254086,0.0295904190302337,0.0340862947184653,0.0278379723249475,0.0178690108430185,0.0245872441717171,0.0257962126945214,0.0370025623109615,0.0300699357994357,0.0228631318064202,0.0188801687332288,0.0200236362214639,0.0417588313273224,0.0269601107803616,0.0225075761290538,0.0305259231704464,0.0283874009405353,0.0118865623609004,0.0287897877848947,0.0341523354365854,0.021619376470064,0.0317576672002538,0.0282229582788683,0.0337658029473285,0.0192191237473891,0.0333958490161959,0.0280798259281094,0.0252720537583434,0.0314069537924812,0.0324221254896267,0.0160196666160982,0.0277427343993262,0.0234554326610548,0.0278333468581427,0.0333671069310526,0.0325576611974095
1665.65022034204,0,0,0,0,0,0,0,0,0,0,0,0,0,0,0,0,0,0,0,0,0.000987923659389125,0,0,0,0,0,0,0,0,0,0,0,0,0,0,0,0,0,0,0,0,0,0,0,0,0,0,0,0,0,0,0,0,0,0,0,0,0.00482776387139171,0,0,0,0,0,0,0,0,0,0,0,0,0,0,0,0,0,0,0,0,0,0,0,0,0,0,0,0,0,0,0,0,0,0,0,0,0,0,0,0,0,0,0,0,0,0,0,0,0,0,0,0,0,0,0,0,0
1668.28721321542,0.00294066733868775,0.00686107253117227,0,0.00911821457768321,0.0100138333268716,0.00200776697214434,0.00639385611851084,0.00767942577572285,0.0040457669636092,0.00684876649870899,0.00876785696031512,0.00375297012886446,0.0100975224764703,0.0115464890042508,0.014807327463532,0,0.0060510465533709,0.0108053974409114,0.00504100242987728,0.00894571789819707,0.0129371722286767,0.00928671042030775,0.0108105881192998,0.00898443626139391,0.0103578710610497,0.00762048307285468,0.00414282868784885,0.00886283388214032,0.0130680182687271,0.00758314713361429,0.00767687843002284,0.0112674257030746,0.0103093130929764,0.0118992834668828,0.0146232103471249,0.00898212359683433,0.0044635441429602,0.00266237877429711,0,0.0075886827724336,0.012730713945651,0.00504630266844153,0.00949506818057185,0.00968570528048722,0.0122484194596788,0.0108131837819897,0.00643014713679039,0.00651921874967082,0.0115324509541226,0.0113997522877304,0.00628553922662408,0.0092597972066669,0.0136248942990971,0.0163655618479092,0.0141230298174513,0.00701208182941354,0.0180221393213646,0.00755966904108789,0.00207052758908689,0.0119128729762448,0.0104458440325553,0.00667851905265416,0.0197466097459314,0.0127142627037819,0.00356269638581553,0.0108007165902796,0.0135144111726922,0.00540449484288312,0.00629435513660434,0.00845412663101559,0.00979037204338962,0,0.00958618494527733,0.0116702977535048,0.00366438455356879,0.00880054591595628,0.0137101501148441,0,0.0145769876372034,0.00756550025233997,0.0118181900842652,0,0.0052982463528041,0,0.0100826615376913,0.0091351188122259,0.0138266293417719,0.00352873701780835,0.0117174774945791,0.021040103013617,0.0122986108139981,0.00413112163152256,0.00175570984903434,0.00826028645872909,0.00565904856255973,0.0095965818055873,0.0122115333351923,0.00954411288463371,0,0.0134574650283322,0.0104280007655269,0.0147224652122208,0.011863992743333,0.00792534872695035,0.0148380026363059,0.0158650377472037,0.00904758989506054,0.00538521708444801,0.0208339983870865,0.00630033684363731,0.0113041743555942,0.00767295896944738,0.0188843309642875,0.0129431800287641,0
1670.92242841862,0.0169956887508689,0.0156526487134204,0.0181903416987671,0.0134770179080943,0.0241773426115304,0.0125706043202091,0.0257782056508422,0.010038345394455,0.0168816959139072,0.0133565789923584,0.0183600562405754,0.0141532383964504,0.0164459748633286,0.0198938531493689,0.0210349007661501,0.0229723126403344,0.0267997834286907,0.0170023925756758,0.0134559652990197,0.0078334753277037,0.0194598083838281,0.0282143887778523,0.0160918048544485,0.0271241780909926,0.0216475462767974,0.0203819484099738,0.0168578250457481,0.0299361622255921,0.0142347833210141,0.0265123636318919,0.014151901968821,0.0154184649277317,0.0181718495961447,0.0176021223892003,0.0118315003384961,0.0223161953951936,0.0264226238578926,0.0141245609458425,0.0310173763346597,0.0169101833319477,0.023639691161846,0.0181563694323805,0.0209041099456455,0.023008531063928,0.0170304985551783,0.0179146900757633,0.0176481311656898,0.0258920163257165,0.0134705870736679,0.0179628520803787,0.023046782241365,0.00875968573808359,0.0166114384732135,0.00430167734096659,0.0153867142568021,0.0227354689592057,0.017991857318265,0.0131060190384767,0.0236147892188867,0.0171039849674352,0.0151082390774855,0.0198617831338999,0.0258034807230167,0.0220610403634911,0.0249132590673477,0.0198026180454977,0.0294798546299817,0.018483364063511,0.0139305644516501,0.00961297398384956,0.0173318134532532,0.0154046448282364,0.0182479147011511,0.016987305151523,0.0148078762260332,0.0171448739136663,0.017178429547799,0.0168810019475393,0.0157434561724008,0.0225993771404442,0.017690100041462,0.0195745664940832,0.0198054621462035,0.0281459757690239,0.0186160419167692,0.0193260613414273,0.0217769736160451,0.0229556134520572,0.0243791261246838,0.0176303056525893,0.0222971455702125,0.0189866807377083,0.0089138118195992,0.0152413633978036,0.0278885568568702,0.0213758085441747,0.0252936118511423,0.0236722802732128,0.0094787708225117,0.0261412513098161,0.0151775320290738,0.0194819205236676,0.0107061345866942,0.0169972528704744,0.0272156138625252,0.0193226747014745,0.0253465585576405,0.0229431439246007,0.0145071712082802,0.0166484730241866,0.0119165646942005,0.0187757757857522,0.0194193258754812,0.0214600955430898,0.0212441319054991
1673.5558675936,0.000317281239936417,0.00151250074797357,0.00727226249847839,0.00639602256727701,0,0,0.00412920283377497,0.00281773190116668,0.00401642804522127,0,0.000112717675783114,0,0.0113455917652814,0,0,0,0.00543303286558152,0,0.000822064000912226,0.00233853815293094,0,0.0104542851745615,0.00109623251439104,0,0.0041278436432117,0.00940844641636492,0,0.00344904466481528,0.00473711835484696,0,0,0.000297381831238387,0.000983142973830904,0.0120186929690918,0,0.00210692447489841,0,0.00419441864229922,0,0,0.00313589776711702,0,0.000928099655703161,0,0.0101298426486158,0,0,0.00611453746056886,0.00245178044265682,0,0,0.00771430511605838,0.00497958280280954,0.000873020700245623,0.00904942635441184,0.00951422611660334,0.0134692550571634,0,0,0,0,0,0.00630080183141519,0,0,0,0,0.00159153612966932,0,0.0037447011022147,0,0,0,0.00351609433741482,0,0.00244720339140153,0,0.00444648411678591,0,0,0,0,0.0031181651490761,0.00840141665870768,0,0,0.00453102291065369,0.000645716961438092,0.0012712806302115,0.0012135557820511,0,0.00719725143253936,0,0.00116671228708309,0.00494489245009077,0.00895709790514024,0.00292869804865286,0.00396632825536133,0,0.00311043950280384,0,0.000197887469830262,0.001901233906268,0.0065347776150113,0,0.000312796448342168,0.00455082787345576,0,0.00994984792380678,0.00127847001732888,0.0153934553980385,0,0.00363669272179248,0,0.0036117684114272
1676.18753238021,0.019048854935289,0.00599279127908599,0.01456160233076,0.0148066305465301,0.00617430564428299,0.00648163343765937,0.0153639593858439,0.0121801753968016,0.0126242400954103,0.00748500993677843,0.0199474419706407,0.00667389672715886,0.00857290220621618,0.0143841933455763,0.00558967934390365,0.0182583440455135,0.0105099188928911,0.0153829359077326,0.0195714349445215,0.00956243058972326,0.00967785697561133,0.0121975197761949,0.0197872994992813,0.0120227302693423,0.0103894124652411,0.0139410199739333,0.0130973679182188,0.0234781731448705,0.0183520573457914,0.0107496025179703,0.0232038852353318,0.0127048691015128,0.0157473168431427,0.0149534614429208,0.0103097950322438,0.013261597849863,0.0137610063271734,0.00951861492761117,0.0135369171576706,0.0194466240219772,0.0106772435388423,0.01145179481021,0.0118275485080875,0.0135017891431498,0.0138043758510528,0.00928801691686197,0.0148034156740399,0.0187346499888856,0.0139028790526354,0.0158421002014495,0.0151726738400662,0.0182301351986332,0.00568499346886844,0.0175526168375066,0.0127255423079017,0.0125511433771021,0.0168906791656836,0.0137078465836486,0.0127593863911616,0.0154507666281601,0.007085093818794,0.00241625594705254,0.0171851735525806,0.0166370662182154,0.0153905243160832,0.0171173332056323,0.0212964124338115,0.01416568851669,0.00750094077190489,0.00731843169541454,0.0104276556775957,0.00985146652369371,0.0177775813846611,0.0183057296561264,0.0127207367392624,0.00375629317097345,0.0109731747805222,0.0193254811279592,0.00647444150072988,0.0109214455042874,0.0193405068615329,0.0198583088282769,0.0171081985818091,0.015403394043883,0.0180303624813555,0.0181969127905288,0.00910201719559963,0.00954712890650179,0.00475564267208791,0.0143021421580606,0.0107271911103067,0.00988866676500448,0.0239040737734894,0.0169968623138959,0.00949702884504055,0.0162896472324699,0.0137822575614396,0.00573885118810026,0.00781022688936722,0.0170082346748766,0.0241886932733359,0.019348827853307,0.0202986294795938,0.00991320624976223,0.0196443202782965,0.0153705776322669,0.011051451033522,0.0123651699156161,0.00252695239958382,0.0059651955430306,0.018900486135938,0.00842565281121317,0.0124086065959689,0.0104179555320185,0.0119712019146721
1678.81742441625,0.0393498243183514,0.0230795655704647,0.0196783112847477,0.0317268041600565,0.0148624708123006,0.0297028820451262,0.00965712025352262,0.0221080056972231,0.0244789120505866,0.0254704930433143,0.019446175345043,0.0253480833485569,0.0253485277308712,0.0233797701085535,0.0281484755112444,0.0227922882196286,0.0319153382496585,0.0249310354016099,0.0134884959466908,0.0328152467867788,0.019565444073403,0.026768087269971,0.0298068911574013,0.020073090523978,0.0262951705227536,0.0317690639814205,0.0178697426701454,0.0169760348714096,0.0286211973051514,0.0198046015216147,0.0217851606397827,0.0304108362048312,0.0271220564137817,0.0281040873667306,0.0149818397460879,0.0160527104549198,0.0257127313204236,0.0295335107968534,0.0234766114391834,0.0248132345855048,0.0182501286848272,0.025792804464047,0.0256140030126538,0.0231803587250278,0.0286399824786042,0.0264774948469903,0.0261106631850617,0.0228680907751136,0.0330629231648098,0.0248611404368505,0.0205028302262602,0.0305069644296294,0.0234157357009408,0.0302475680460102,0.0252409337230403,0.0208354729261317,0.024864583689214,0.0238000664848876,0.018708445740189,0.0253557873391768,0.0246313432930455,0.0168843011639027,0.0233414361242286,0.023773874843187,0.0259127678957313,0.0222798392407324,0.0230320864044106,0.029601047741512,0.0193545233953802,0.020334315447213,0.0174801451629982,0.0208389555979806,0.0196084363408169,0.024305343800687,0.0198821921030286,0.0198890059276147,0.0283441960645506,0.0194584106157287,0.0222102822631437,0.0294865246532976,0.0224754784905534,0.018282713493994,0.0126252974238742,0.0346325891132945,0.0186420243004729,0.0222264190274049,0.0211568426217315,0.0290698641885947,0.036564627972328,0.0291216118238386,0.0196673827207612,0.0303955924204399,0.0357952077370497,0.0264153756958239,0.0283846159340529,0.0168914847356365,0.0235217781526893,0.0165729168947655,0.0172601580068997,0.0349724497329289,0.0174315447101601,0.0173225540735196,0.0292772930048805,0.0196520520860571,0.0127763653469887,0.0218064568217958,0.0297660281798953,0.0271885215994561,0.028741043834988,0.0135432740330794,0.025839207475852,0.0353631116682846,0.0282186386216965,0.025351023318175,0.0243117740895886
1681.44554533749,0.00174266645302227,0,0.00554723685833865,0.0087801813891542,0.0198687930708498,0.000520964046104038,0.0028872957288402,0.00643893399099849,0.00312785400584319,0.00173530349351113,0.000752852172105396,0.0145916218165858,0.00197499364562669,0.00955360920120052,0,0.000532275637743078,0.00221439399316493,0.0100927321388117,0,0.00755322327216602,0.000563445765531903,0,0.00214264543264827,0.011185412932637,0.00434416921348824,0,0.00487278278412128,0.00607843867608037,0.00458254833810123,0.0144933898168046,0,0.00017983358797236,0.00261524076391785,0.00507202542993252,0.000975706868697534,0.00152769650094273,0.006834583205381,0.000530708018464828,0.00650424869700846,0.00822382025393354,0.0104185559489397,0.00316328638946726,0.0103006338912239,0.00517630326639173,0.00543542759053108,0.000201080503592365,0.00982320854036165,0.00545471033655087,0.00738247692400122,0.0073584709204941,0.00396697165133934,0.0151438530352081,0.00191697103653714,0.0062603097878474,0.00138591494651862,0,0.00460476653060123,0.000508453573553309,0.00319037422651556,0,0.00383836012973849,0.00765032297440459,0.000367579674493909,0.00845925297524,0.00657056564505418,0.0010759658153298,0.00552225836929541,0,0.00885501082744118,0.0110309066830797,0.00306582460151151,0.00499332775844827,0.00820001449005552,0.0103409703236233,0.00493641471024335,0.0011472761327979,0.00604320980023979,0.00427705146106292,0.00568084801938477,0.00739110716576221,0.00130955450604773,0.00673974864291871,7.79328822822932e-05,0.0114959478664688,0.00383029915985325,0,0.00228251102958224,0.00156168136199244,0.0106625368177382,0.00372679236717521,0.00503802564977742,0.0136986862820291,0,0.00716384579387291,0.0112545978853635,0.00118412178353759,0.0104033874301691,0.00373274027146066,0.00743820496724833,0.0079979906392692,0,0.0130346671008945,0.007573461821264,0.0127341277770545,0.00593905569725406,0.000583280142290057,0,0.00586675983007179,0.00805520914559929,0.00455859464810225,0,0.00344762290051343,0.000852738000940587,0.00869776871110349,0.011850267458026
1684.07189677761,0.00416058405300375,0.0136093560064572,0.0195387097215806,0.0132950427264553,0.0146938514000732,0.00960557056620655,0.0142182951590909,0.0121587163538271,0.0139717078726682,0.01056433987621,0.014782558161818,0.0109581652215968,0.0193886551583051,0.0191678453153033,0.00841433590124055,0.0182694437292159,0.00289125673160509,0.0126509007275134,0.0100688288266574,0.00990522265313605,0.00887541545945561,0.0187287352922724,0.0145482509151603,0.0119446232338135,0.0135262421738871,0.0177765927342242,0.0131561305247086,0.00240675348314863,0.0143529734696538,0.0092137579941212,0.0230430594309614,0.0138580668199092,0.0203224624284102,0.0143237805928976,0.0113802747372311,0.0138906956933881,0.0137988098584528,0.0127171526201821,0.0107758878701817,0.0188626291603811,0.0106227528369308,0.0169973977477393,0.0121544651698676,0.00265593398259212,0.00920698245379084,0.0139279236090597,0.0138616643930689,0.00624338613858822,0.0165717543412302,0.0188023465250527,0.0185806058794977,0.0182603060554119,0.0173674773582533,0.00754454394321344,0.0227732018055743,0.0172166739871048,0.0182923742507511,0.00230823510831661,0.0161744756800879,0.00714184378655939,0.0179595156867273,0.00972362029621577,0.00421019873463609,0.0168138825084755,0.0165822498823935,0.020341791160773,0.0150283163019843,0.0198085573839095,0.0125249408990946,0,0.0136665550108456,0.0189008740583934,0.0175942784337003,0.010523222868132,0.0243979154774073,0.0143871951633708,0.00966707514628575,0.0141361623025835,0.00978517375672421,0.0162755137923379,0.0271412358188721,0.00758012797018242,0.0158953750173511,0.00755616557259297,0.0107999031585685,0.0121866815422015,0.0132521842067883,0.0105598728943392,0.0130853666710911,0.0140728605346545,0.0117383943201331,0.0159290975377215,0.0161872933499465,0.00610254383455243,0.0130378852792143,0.0108629488602826,0.0173430537904148,0.0118070674790133,0.012272207832241,0.011610724092131,0.0132898379737872,0.0162296389947879,0.0113003893175413,0.00929974880761055,0.0179004271400312,0.0145819850182167,0.0133423331408255,0.0111427180763695,0.00825978989632541,0.00647613427269093,0.0154313399151311,0.0211197981435489,0.00855178444953279,0.0127709384084528,0.0124002670133089
1686.69648036825,0.0194285831856739,0.0143895249851447,0.0219941183022435,0.034798267425907,0.00815863299897883,0.0121682899124201,0.014631018144603,0.0221818281779309,0.0157332611050309,0.0150864863240059,0.00901265919379684,0.0106288341462881,0.00583771493914746,0.0143212363709271,0.0137123280754794,0.0135927002312606,0.00978185301710668,0.019582506000278,0.0100297269357283,0.0106335536904111,0.0112159878215413,0.017816618581426,0.0188630918258098,0.00877566343280471,0.0159537612836514,0.0218811378352634,0.01630411270325,0.0126018238729025,0.0207780581985582,0.015040962837954,0.0120194307835821,0.0152850599228652,0.0209597387207918,0.0207775646259756,0.0206826301581641,0.00614013260600702,0.0112556377743451,0.0164792626458392,0.019666428969104,0.0133320833569927,0.0217214154627399,0.0166315140513687,0.0111837855540075,0.0145535526311313,0.0159398377224746,0.0124040528425766,0.0145478242824176,0.0155810014806633,0.00867177019446065,0.0167067144976494,0.0228536055159694,0.0121848618405716,0.00999648288998105,0.0140228761694023,0.0107260897852972,0.0169042681563614,0.0190091616741293,0.0202890669823282,0.0158262576115583,0.0130988298646798,0.0228104789995416,0.0112368428857783,0.0217756054788196,0.00905896346501141,0.0254764830913253,0.0138031798069789,0.0229124910524835,0.0194877411557788,0.0144595539218752,0.0225161255334291,0.0208124339252122,0.0225513375934019,0.00797976679909801,0.0113256897670607,0.0229177343382542,0.0134605732264779,0.0202274184781731,0.00924966444144082,0.0194889861159436,0.013728912460562,0.0145258175277964,0.0172749636370369,0.0132403253709108,0.017586377608854,0.0200901321231893,0.0123300485719735,0.0150795472047307,0.0137077355176692,0.013807332947124,0.0221824485099707,0.0155921879494526,0.0170798887570348,0.0142588786028943,0.0167883524694772,0.0131355875705151,0.0155018553749992,0.0100082667846323,0.0176551296579891,0.017138313777172,0.0146780575443625,0.015325621687884,0.0177364894000154,0.0180129861790098,0.0185559937046414,0.0253429437917524,0.0124596948198438,0.00952966962593098,0.019841316656692,0.0148698517763797,0.0124298299522135,0.0213279798547289,0.019584227250459,0.0180344269487099,0.00825263439265831,0.0135455667614052
1689.31929773902,0.0116551247633813,0.00809425207179584,0.0178709537942879,0.0149389410681135,0.0127981833590204,0.0103940838418924,0.0139812117666774,0.00607456088190467,0.0185979826355118,0.0180130113461453,0.0134563174701956,0.00378342930016885,0.0141317583167246,0.0184236076705281,0.0156832100033895,0.02044515703454,0.00883737187114184,0.0108102869447754,0.000293930802655019,0.008635049963392,0.0152246066772431,0.0119293566531089,0.0121860701272466,0.00450684893055001,0.00653747282745463,0.00943656278457422,0.00398025736430621,0.0128679774295731,0.0103472039524223,0.0103786982493068,0.00787962115975545,0.00153594117010569,0.0073774168008403,0.0153801209729147,0.00847247053751797,0.00401518552993858,0.00706075362879701,0.0180189065424283,0.00565836738706838,0.0240359726412373,0.0111272736969818,0.02085122626344,0.0176702693845449,0.0163551784441434,0.00864795584154279,0.00914924523292644,0.00680790028767932,0.0175682135108793,0.0102526979332105,0.0099230203446186,0.0121760901664036,0.0170948854047619,0.00265772591763534,0.0090597806267167,0.0198488190325108,0.0183627544590721,0.00166773983683388,0.0104555612354115,0.0143476386958259,0.00522645312905592,0.0119962774356433,0.0032895180645438,0.00306927492394825,0.0117139514478708,0.0091061990263051,0.00280284709190396,0.013754510783896,0.0265572169296868,0.00464479951176636,0.0156607014790043,0.0111401146304522,0.00508489937127783,0.00993656133619579,0.0192177468418401,0.00865273737861983,0.00369237471702177,0.012406361793606,0.00553220261576308,0.00249627292264661,0.0123601212278739,0.0104298237244252,0.0111211507185835,0.0129295735819258,0.0125478021923672,0.0151021707544418,0.0107993357892097,0.00719141622135242,0.015123449871428,0.0105188980918499,0.0082167026569729,0.0056625913054467,0.0165954585074828,0.00482519747103916,0.00876235161784627,0.00697028857664126,0.00946649607856016,0.0130042409748662,0.0195838368307889,0.00799763095200156,0.0045164315118468,0.00695380147189642,0.00609145680271296,0.00881015139923986,0.0146085117751837,0.00836141143384229,0.0115231972181288,0.0167713708372256,0.00143923659869238,0.0174562864563283,0.0104039636913662,0.00231184401572126,0.00875228398798327,0.01762309656208,0.00434082410201512,0.0102068979806846
1691.94035051744,0.0172447833587492,0.0144062155671282,0.0165332366840244,0.0220428118359163,0.0258271173876012,0.0179381560482815,0.0204820239441557,0.0156280181812089,0.0129167670830306,0.00958402212518392,0.0216823181036297,0.0122450804652542,0.0287725183775734,0.0231145047783217,0.0193661393872775,0.016380817709326,0.00455363618867956,0.0161791969190813,0.0192396458754638,0.00942643192309613,0.0236297393253223,0.0188701759251777,0.0252706000747246,0.0251574670391316,0.0169449163667407,0.0158150835260304,0.0186797447056022,0.0231274516066762,0.0151485970864185,0.0251299016064887,0.0260369239443129,0.019411393972909,0.0268889365574715,0.0196334257595892,0.0252091147771937,0.0175877916013309,0.023097587971593,0.0173362367219823,0.0169077557051651,0.0168349026825776,0.0240055001002294,0.0239641233903056,0.0127646000129395,0.0283117433613051,0.0154465635058095,0.0106295595738874,0.019394310748032,0.0235619486096447,0.0207242510459627,0.0179242578488054,0.0222759502723121,0.0197312141206775,0.0105870780521637,0.00929107772934806,0.0278301953739502,0.0215922842896716,0.0182741735859121,0.0162464920374619,0.0291698678989207,0.0158678464387731,0.021562294970663,0.0214843164603389,0.0171316422655849,0.0097898303738311,0.0215153211487176,0.0193547835073956,0.0233519097435083,0.0251673909957818,0.0143015728367681,0.0264826629947367,0.0177679646341869,0.0122278799627659,0.0136561539812996,0.0236135411583458,0.0206387645875539,0.0140733770108484,0.0224548629256023,0.00923604940068187,0.0222858375754221,0.01618113753013,0.0137216810429209,0.013233920019385,0.0114938261066135,0.0185756245524865,0.0130075061787718,0.0223754962141881,0.020547771641779,0.0165720384107378,0.0147686440065447,0.0209230222549339,0.00957998379535844,0.00947418545427742,0.0174567283846239,0.0230272892646406,0.0197187271528203,0.0175487835242023,0.0177479585768177,0.0142068618342831,0.0193629564877934,0.0139883213128076,0.0223916370953688,0.00938126828074767,0.02917317483535,0.0158713154955919,0.0175724099061761,0.0192721845668063,0.014184057932463,0.00963531216530816,0.0194956639219135,0.0215694873191795,0.0190414694553854,0.0148597075862598,0.0213312081045721,0.0246050619447325,0.0204445521105115
1694.55964032904,0.00440792951147221,0,0,0,0.00639111448071988,0.00858296496820327,0.00894708565764505,0.00225496056250016,0,0.00118637949714611,0,0.00382502925817019,0.00269087024955218,0.0105581281110831,0.0034854620618991,0.010706776926492,0.00929388701114304,0.00530195290369547,0.00254324664868049,0,0.00696566976667133,0.00692749734331363,0.00299306859479753,0.00907361419809974,0.00589553476947445,0.000117899845253217,0.00527405058766217,0.00907013850338634,0.00140551687973437,0.00613421519022947,0.00426809295479537,0.00456085918062452,0.00367917163191305,0.00411407155641388,0,0.00321364528857823,0.00157198008399352,0.000336598018956847,0.0064054185896983,0.00156584798398029,0.00204191761303582,0.00718491139143908,0.0113180191517344,0.00832304704545761,0,0.00156209495870065,0.00776935971477126,0.00460256929769143,0.00170768187023112,0.000584725760918826,0,0.0125996045164292,0.000383297504360771,0.0112750510679835,0.000616212615879838,0.00804834136651091,0.00438649150280452,0.00703220453385212,0.00509461017435576,0.00228422212090259,0.0119752007085783,0.00767061933960221,0.00325504029029133,0.00040422290477816,0.00463569760412717,0.00055474187742218,0.00709577751616576,0.00909172950709132,0.00455136260068561,0.00086982071314161,0.00757791159392787,0.00797106611704369,0.00182930138628552,0.00863421848915966,0.00935308361850995,0,0.000312432077923874,0,0.0137086808736904,0.00570598642352695,0,0,0.00546379029412096,0.0147619638324605,0,0.00214776933071956,0,0,0.0155857082271796,0.00815333051305367,0,0,0.00228993167909119,0.00569419165754964,0.00674981608530269,0.00368811784312437,0,0.00321759293797824,0,0.0125376733007614,0.00422412037647789,0.00181227598644516,0.00113454392401483,0.00680785525422578,0,0.00109353480692938,0,0.00147074233576936,0.00708245745347214,0.00301274988406149,0.0040558001290358,0.000593809204904539,0,0.00696023135358982,0
1697.17716879727,0.0131383001181057,0.0156461392380764,0.00679188203532537,0.00642330237329078,0.00138010786021028,0.0189241970519552,0.0111334666637958,0.0198822023792244,0.00593701090295784,0.0128825291865332,0.00874997791202427,0.00962117306800659,0.0122310334219732,0.00472167559665857,0.0173116128567823,0.00780292428724068,0.0174386929280282,0.0101940383718413,0.0112854485510089,0.010001271534246,0.00834000907685156,0.0161583903194394,0.00976139500290408,0.0162125882122059,0.012973712796699,0.00324410578488068,0,0.0127539259109081,0.0197834223755207,0.0115360951808272,0.00822182966198708,0.00788006514625914,0.0266744514990426,0.0157867192621918,0.00718591478742088,0.0106923219031908,0.0115005809184196,0.0132511128073804,0.0200142667197526,0.0117898610483876,0.0144134734890622,0.0120694120807607,0.0127594784068971,0.0219378496237937,0.00922840736110495,0.0207424425832365,0.00857824665697668,0.0100922073695595,0.0163807307365364,0.00983214831978421,0.0183703226531365,0.00434758527078858,0.0124797960497511,0.0155854916873786,0.0198195744194108,0.0130818494316993,0.0210552636249432,0.0117719267867074,0.0199809238580542,0.0193432853230725,0.00881563242069743,0.00753847724088019,0.0108391314657293,0.0169946567051824,0.0188355147746151,0.0182936040014244,0.0151025992505584,0.0128601670203904,0.0236981102522565,0.0099918074095111,0.00729708494128645,0.00831876432434721,0.00561305979848439,0.00780227523218126,0.0138315322764176,0.0118616050621241,0.0179054161032663,0.0156049172015482,0.0107316001590233,0.0199070623296947,0.0147424029789067,0.0181447209582283,0.00929561217285574,0.00749553395769865,0.000327318307055843,0.0166299215354086,0.00492842892250654,0.0183918729467535,0.0158573479144731,0.0118530813602216,0,0.0158916466766818,0.00570978490381401,0.0165098467747084,0.0104061521696546,0.0112702302336308,0.00730193033127856,0.013143565024476,0.0123584609637349,0.00823608342707433,0.0133462579756207,0.0154835723921939,0.0132940235144384,0.00353040812935362,0.00935865547993292,0.0140992930834111,0.0120084931560589,0.00803438351074848,0.00628996268858549,0.0130966572096304,0.00837605512837742,0.0125957799067694,0.00957652070742427,0.00716824846203577,0.0190032895468867
1699.79293754356,0.0116462694405945,0.0144015600897238,0.00720159361466526,0.0136238530815669,0.00522319664949444,0.0178284935989433,0.00459246325688466,0.00230290045826284,0.0153601522148556,0,0.0122454766539366,0.0192677392615014,0.00860184248574671,0.0122937676718616,0.00485578529037982,0.00985928040781227,0.0115674923851944,0.011863458582839,0.0130342470099915,0.0114399966999706,0.00101536457086289,0.00873147109530974,0.0165632268279592,0.0064145608900841,0.0121671012880236,0.00308631274618239,0.00785064025005662,0.00152888446153884,0.00666936040834396,0.0103253974633644,0.0139223012522535,0.0100639567075668,0.0109390223650611,0,0.00644378562991492,0.0103681228336838,0.0108003077866776,0.0115403406265517,0.010151843020613,0.0145248287159914,0.00966650622326909,0.00730870511838622,0.00966358039201914,0.00414058711197055,0.00441218005929149,0.0140922609972672,0.0161834123026986,0.00766419440416355,0.00274686741789085,0.00908134446875267,0.00321263272382911,0.00996408988269443,0.0175772589855863,0.00386594570446177,0.00793787070948699,0.00887596003344303,0.00609964826852273,0.015986263650705,0.00642871149163307,0.0202633781958118,0.0027817456451513,0.00625366474500118,0.0125060375847102,0.00652269195945435,0.0112210297734984,0.00405066414381279,0.00937221732968329,0.000244880677478402,0.00694419806811647,0.000912797856077081,0.00356214074410979,0.0229879323886431,0.00365932862166326,0.00700319079089526,0.0165955992937173,0.0164268550816656,0.00273235872620877,0.0165651187330277,0.00722960902511581,0.00720360075169561,0.00681296425877014,0.000945182409328257,0.00795519955737742,0,0.00347915561240702,0.00385642515681863,0.00576619562302413,0.00876250432999122,0.0178933983997767,0.0127502525644572,0.00483165110896013,0.00386606883846579,0.0120615592857056,0.0209150789500195,0.0163829992537626,0.012122812146135,0.00184006164784584,0.00955576388104256,0.00568814493303764,0.0103082104866149,0.00510196834912861,0.00625925722902892,0.00481336911417342,0.00546368623520149,0.0124082548223317,0.00406215619221529,0.00661956628622891,0.00897740903603253,0.0188565379758875,0.000896988141900004,0.000822835778014059,0.0118038962838076,0.011046715825733,0.014306852620099,0.00111649769261817
1702.40694818732,0.00147020286910224,0.0077225076330952,0.00599081084453436,0.00539636576205947,0.00306433970793486,0.0102118267895723,0.0123206160585893,0.00557957872132044,0.00498048849022761,0.00763200058914284,0,0.00657729117494142,0.0130420213202892,0.00930750409223179,0.00307084158731382,0.00537919367367779,0.00291961208801043,0.00596930318586817,0.00238443514524336,0.00298108467826675,0.00954676153426333,0.00467534895102252,0,0.00343628392517187,0,0.00240811132222007,0.00545700965240924,0.0014045492601175,0.00372162520422578,0.00360978420626283,0.00481481592256012,0.00643264270437063,0.00777659769314129,0.0131994773423505,0.0165064313087554,0.00447936771286514,0.0101323938301877,0.012681995324154,0.00376267151263509,0.00861363090609299,0.0163866167775084,0,0.019737542492626,0.0124862739185125,0.00490109317286596,0.00629971140297633,0.0215646789099778,0.00753977665322525,0.0039087089896826,0.0178053044569795,0.000765366083245822,0.00235415843788891,0.00571401794456682,0.00537239307766749,0.00196111445485017,0,0.00926457936257892,0.0202322662351975,0.00511068216405984,0.0102426309593235,0.00433843187453373,0.0133103403608221,0.00647039406494217,0.00876742816940635,0.0145636113835892,0.00781259281678184,0.00422372937592268,0.0103042926435477,0.0131968380583693,0.00774723146925508,0.00799365020966293,0.00968201139165226,0.00173805459615542,0.00800144973059699,0.0135670832592034,0.00445991348336356,0.00485403796176538,0.00391737829838304,0.0126689676339178,0.00312926861205734,0.0136281440006437,0.0108343447453249,0.00953805854278426,0.00118987122977619,0.00494585377327532,0.0166972202045416,0.00720914361593097,0.010932414530679,0.00379394111758246,0,0.0071511571891332,0.0063228468288684,0.00453090680665106,0.0107095217135472,0.0126644035300219,0.00511911359654288,0.000987572570755113,0.00712906302885014,0.00665531737033267,0.0026113052681837,0.0148684083706966,0,0.00404460376917161,0.00742893899897489,0.0103711540043324,0.0067493158041995,0.0035842950951451,0,0.0158121751966332,0.0110442281877511,0.008040620555057,0.0174577362922501,0.00729478390918324,0.00193247569953135,0.0126092338170214
1705.01920234591,0,0.000529765248906296,0,0.00468245145560453,0,0,0.0009185603751819,0,0,0,0,0.00101100301744892,0,0,0,0,0,0,0,0,0,0,0,0,0,0,0.00539444410837424,0.00352681296310238,0,0.00024948962391438,0,0,0,0,0,0,0,0,0,0,0,0.000730581877251293,0,0,0,0,0,0,0,0,0,0.00342462455522913,0,0,0,0,0.00172083859871654,0,0,0,0,0,0,0,0,0,0,0,0,0,0.00258010233323252,0,0.00215730562266446,0.000211203278230755,0,0.000218392284548637,0,0,0,0,0.00067063961988384,0,0,0,0,0,0,0,0,0,0.00259573385927108,0,0,0,0,0,0,0,0,0,0,0,0.00271858305241039,0.000219386181692706,0,0,0,0.00248093931122261,0,0,0,0,0,0,0
1707.62970163467,0,0.00703863364439554,0.00201324499354241,0,0.00627546059229424,0.0141965558233511,0.00980882816273631,0.012231975198382,0,0.00250920007265138,0.00362626441556748,0.00147786793550908,0.00767206393498525,0.000643897988220567,0,0,0.0042684273074671,0.00404883453990338,0.00334854732649507,0,0,0,0.0151217851625929,0.00210183274437518,0.00145876026330158,0.00667602561093485,0.00421755758890439,0.000701743997040421,0.00243014293026336,0.00412094955944215,0.00440000117510865,0,0.00496897213154067,0.00168779643031412,0.00554748111052344,0.00790277125553663,0.00721090830208758,0.00379046562763874,0.0151635153837076,0.0136724269413228,0.0122031570399833,0.0074522943060937,0.0131369282073438,0,0.0135947238981781,0.00903706730035306,0.0109980643737657,0.0124987989949607,0.00456546054742917,0.00230918255382256,0.00230874781735503,0.0120226541872221,0.0149024914575167,0.00446693083242398,0.00831018921620712,0.0103659170818774,0.00721039663041989,0.00710054261316427,0.00489660711172257,0.00820390076626923,0,0.00972576722177071,0.0064073999710497,0.00816963563544999,0.000651759673864315,0.00588561377483436,0.00613685504587811,0.00901001427015781,0.0104852827079446,0,0.0082384065223775,0.0100314498518049,0.00607119018330403,0.00715704604211805,0.00353322535596347,0.0102105398273981,0.00861993113906137,0.00202500580249219,0.00582590846823175,0.00997927795149294,0.00472148659029336,0.0095373384164435,0.00123578322416424,0.00779071565693313,0.0136995972269025,0.00779776802823866,0.00159122782504601,0.0159616032270052,0.00571842635519103,0.00883065947702777,0.0107369405722613,0.00577785625287046,0.00638376205632075,0.0103135354553978,0.00189025541833821,0,0.00624478603728599,0.00801720369339366,0.0110291307967979,0.00691620038581352,0.000281518124316812,0.00400162802414181,0,0.00455076153590286,0.01492383551489,0.0179914084497339,0.00689571857900124,0,0.00287005955578995,0.00625841899976353,0.00783210675468229,0.00670925885581142,0.00748057487914611,0.00602461211271609,0.00126356440632398
1710.23844766691,0.0131830960956826,0.0163145327889838,0.0174236783584155,0.0113328270508528,0.00932445530876087,0.0186976338791963,0.0094247865303542,0.0209472678003479,0.0190633836298757,0.0235828198303251,0.0201105443629555,0.0167072220849716,0.0185267860986065,0.0133601554729803,0.0191912087062963,0.0107533031137852,0.0120175949530314,0.0123638850004397,0.0155033128269289,0.0158633178532175,0.00695860799908712,0.026085563108653,0.0226394217418137,0.0105335518553531,0.0177465284667901,0.0226762059054688,0.0214512402607956,0.0194922629751218,0.014219759288973,0.0191006016057122,0.026793549754402,0.0127146393399175,0.0167248535115083,0.0237067117042192,0.0179766333349642,0.0205724788104251,0.00664096250290748,0.0225109891756945,0.0111690318855354,0.0257999976030344,0.02188141135752,0.0210378059575544,0.0204528702325008,0.030244426356023,0.0311714379603458,0.0125135596878791,0.0187288089348574,0.0232609218472654,0.0117364663420251,0.0188053348480775,0.0195535310880007,0.0148890898897184,0.0213047737415775,0.0204119131740371,0.0100677968429782,0.0196222603448345,0.0149930494749353,0.0203529011057948,0.00774396717765744,0.0167637704740748,0.0237405770261107,0.00620533279575667,0.00761896977828285,0.0116689849054809,0.0178936390575985,0.0170463878629787,0.0198075015614648,0.0276579017772379,0.0138918694647403,0.0166843963459751,0.0214825832487195,0.00368190652301438,0.0163647563390084,0.0153125745182561,0.0274071543577946,0.016687156286511,0.00681198503655842,0.0178960456144914,0.0191579718981172,0.0151727048288151,0.0138977762735859,0.00188050507378361,0.0191064550708157,0.0192709244408082,0.0101117594717406,0.0207358484220305,0.014597206410739,0.0152914521861396,0.017123292649653,0.0211921059945658,0.0143060374586196,0.0116684292626713,0.00996946739902879,0.00782263339936043,0.0171506007364136,0.0158546721804426,0.0169324653864299,0.0231850024229826,0.0167759133078814,0.0183417613449923,0.0107255365945742,0.0155426517124065,0.0155246324285663,0.00431108978018146,0.0243575292727511,0.0242390905159512,0.0277451666655573,0.019854202008977,0.0236809696319697,0.00505807210668662,0.017413118161812,0.0182918600849566,0.0184252280594311,0.0173176520747257,0.0134169656555116
1712.84544205395,0.00108761592557615,0,0.00312259526447823,0,0,0,0,0,0.000235140397561862,0,0,0,0,0,0.00130290707449561,0,0.00237977990481148,0,0.00498989587476923,0.00312139515737843,0.00306834392178628,0,0,0,0,0,0,0,0,0,0,0,1.14902466960189e-05,0.000491315747684046,0.00605983796067296,0,0,0.0108208068061961,0,0,0,0,0,0.00353942280499432,0,0.00309209881656304,0,0,0,0.00465101747040975,0,0,0,0,0,0,0,0,0.000165681341932328,0,0.00450009677929306,0,0,0,0,0,0,0.000487583621693696,0.00378323784208721,0,0,0.000794603212001479,0.00361219266265805,0.0029178296948765,0,0,0,0,0.00134020538859276,0.000912918195949959,0.00160424676998388,0.00131510052336786,0,0,0.00655650421631382,0,0.00470242084965611,0.00700764250452395,0,0.00184345897988871,0,0,0,0,0,0.00334598294415975,0.00075852317159816,0,0.00266767175651224,0,0,0.0104939565095675,0.000123813579474951,0,0,0,0,0,0,0,0.000948863267929309,0.00134000547957763,0,0.0056491305422504,0
1715.45068640504,0.0187641995919067,0.0174714048277538,0.0114376479952773,0.00714357313016132,0.00995344158096136,0.00322308553917303,0.0186141633451915,0.0139175871531316,0.0130674843661696,0.00943599521574849,0.0135148453504926,0.0178014190337309,0.00876682671831027,0.0149227232851196,0.0131224795208523,0.0108548798226408,0.00851067598540482,0.00359206467797319,0.00099739121134807,0.00475548739023846,0.00521290067540298,0.00547559160657591,0.015147915802654,0.00487002190107498,0.006312473104021,0.0144290877975347,0.0158242871748901,0.00792211691185162,0.00975338998055395,0.00762813958359512,0.0191668244785414,0.0092797808863363,0.0141131193060865,0.019746542790516,0.0140198680827328,0.00907648934395884,0.0140167210442054,0.00931311217202082,0.010162099677924,0.0200681687195318,0.00989458573862189,0.0135830162865279,0.00605277072803733,0.0109717799649704,0.010197416703756,0.00781207349159437,0.00778850895381092,0.00513509036371099,0.00965186217687352,0.0235756584356803,0.018992109628932,0.0149576120175579,0.0113566627768266,0.0099507193390629,0.014859900566965,0.019691512785612,0.0159575205904598,0.00630042417866053,0.0199292610916206,0.0183895499343306,0.0149431691033707,0.00757644891643413,0.0137193870324771,0.0158878297202263,0.00993428011155659,0.00632928816093607,0.0097945877875108,0.0152388009644583,0.0190381852351349,0.0171227935275128,0.00855986971222358,0.00880018544271755,0.00993316013604026,0.0152575143109443,0.0111694962203814,0.00430328401486332,0.00559700857536781,0.00995303281288504,0.00137380501707666,0.0227928128712747,0.00858294836136822,0.0154875150798021,0.00926497638125175,0.00690238220625685,0.0173434189766474,0.0120322954766809,0.0200667367535224,0.0164067687115554,0.0146253015028846,0.0125691475105783,0.0100310222176259,0.00965610143752707,0.0102841708628348,0.0140710484018609,0.0100039409293964,0.0083369524315294,0.0160885845905459,0.0135460698152466,0.0160863065481865,0.0222652662421282,0.00329463804847769,0.00834433309862609,0.00838356029610552,0.0194662726904051,0.011473730173975,0.0160667404581296,0.00573506305916001,0.0113564411720828,0.0132573109810025,0.0170590772360602,0.0173971528778841,0.0106570515667339,0.00654966456068224,0.0135590807676234,0.0141171576179853
1718.05418232747,0.00776085430439865,0.0120863644790953,0.00215942911234496,0,0,0.000180025382563028,0.00573903097394789,0.00244433403676439,0.00717005078920792,0,0.00276193141690351,0.000393106883547535,0.00365086607378131,0.011015174341513,0.00314025384048772,0.00657698022163879,0,0.00332710977587656,0.00352595129869837,0,0,0.00217528709558709,0.0117440813333603,0,0.00799636956858056,0,0.00674613105524669,0,0.0120749835958577,0.00609530981364549,0.000564005078504635,0.0140510695455525,0.00145592147313608,0.0107428744736471,0,0.0028164894421522,0,0.0146053023965284,0.00856368269666112,0.0120458913149125,0.00423765956358622,0,0.00604246125749297,0.00564508264930002,0.000347789937719924,0.00433687519571476,0.00772215746889318,0,0.00630101540238093,0.00299884842048318,0.00521998483189834,0.00466560936107014,0.0008664649717937,0.00591694271775896,0.00850045579791817,0.0110842472824179,0.00348681653950612,0,0.00893121775083227,0.0022149165759897,0.0056531156157132,0.00712793542150158,0.00730023668034331,0.00623052035992151,0,0.0018627434841021,0.0119955710358815,0,0.00487331549727004,0.00180554415389011,0.00563412224066604,0.0128378013018025,0.000709034774357621,0,0,0,0.00101159108396023,0.0071691409233357,0.000883525082386826,0.00401431092495197,0.00767276087288201,0.00969572303263114,0,0,0.00526810390271189,0,0.00163731325401651,0.00289702266161461,0.00649695831477394,0.00235477601556442,0.00621661917689771,0.00675527508520237,5.57489251501956e-05,0.00582388853128262,0,0,0,0,0.00380062268540105,0.006115526271473,0.00281854075467988,0.00278878132870263,0.00722685235272766,0,0.0130429267034652,0.0103003261619523,0.0075433556294568,0.00630896957666715,0.00288155727192883,0.00508463537895561,0.00666666608821542,0.0019341743055847,0.0024140940905245,0.000232362504442685,0
1720.65593142649,0,0.00126791424685011,0.00117642707988291,0,0,0,0,0,0,0,0,0.00320360452792579,0,0.00212402286479176,0.00382996333318269,0.0110927835340658,0,0.000925966355876706,0,0,0,0,0.00431323245237341,0.00216679129024882,0,0,0.00459402768494731,0.00478800739478506,0,0,0,0,0,0.00290399920975431,0,0,0,0,0,0,0,0,0,0.00567858719451357,0,0,0,0,0,0,0,0,0,0,0,0,0.00631126132294261,0,0.00145284865273507,0,0,0,0,0,0,0,0,0.0023860627825022,0,0.00475548702011325,0,0.00376236806534178,0,0,0,0.00211659284344599,0,0,0,0,0,0.0057022557433248,0,0,0,0.00118685071932882,0,0,0,0,0,0,0,0,0,0,0,8.89147068631123e-05,0,0,5.59178492554263e-05,0,0,0,0,0,0,0,0.000651446215349825,0,0,0,0,0,0
1723.25593530534,0.010979135493302,0.0238344901394208,0.00242981432901204,0.0170697321979538,0.00604749576149915,0.0122223263518254,0.0140390472964173,0.00469415958518816,0.00726723468684887,0.0204523426212536,0.0145818787136285,0.0125936950794107,0.0176303946769947,0.000511617457330911,0.00511375030953193,0.0112632421125677,0.0175548831719547,0.0137530291066267,0.00598490301536589,0.00930517291774514,0.00529517946314913,0.0212680473240409,0.0143247624979852,0.00510734222523661,0.00750561900031421,0.00645273657548162,0.0168334682331248,0.0132330553758137,0.0111918535206496,0.0114372048211065,0.00684990251335485,0.0149266505759552,0.011583602223394,0.0126393384038053,0.0176910543564632,0.00997631117159133,0.0115829174597919,0.0213468847153531,0.00891055431668069,0.00015527650548119,0.00674683252398732,0.0120427251398974,0.010120539399961,0.00840785369738148,0.0164821497222654,0.00924575046256263,0.00824990581778414,0.014536819560935,0.00620146921600617,0.00679526532848132,0.00831901562251044,0.000325286186900764,0.0116317318785113,0.0122902766235548,0.01056406094288,0.0113579284734445,0.00860311938559824,0.0041224528596922,0.0108581326192267,0.0144385577848195,0.0011274092545526,0.00871054479006146,0.0106393096053534,0.0112332293150895,0.005726556198087,0.00987884161785121,0.00437815318198235,0.00931216976803314,0.00668787507570526,0.00715109981193185,0.00743559645556271,0.00386553098412021,0.00313270680409654,0.00954856754932178,0.019116775732293,0.00817557737621574,0.00690200724052882,0,0.010025343271864,0.0112609480905753,0.0172696112941553,0,0.0152777902635794,0.00805416777916467,0.00353941692481698,0.00292017501419996,0.00787697994487551,0.00833728191829005,0.011127600226884,0.0114994312323975,0.010776773059628,0.0177278927020494,0.0127504515582391,0.00993316673077636,0.0144070188079195,0.00435052946724897,0.0124924433510331,0.00582752316758246,0.00682471172360461,0.0142725327172988,0.00660593027574985,0.00668107546918791,0.00796985673275328,0.00878302194292732,0.00718040330928806,0.0167526058029767,0.00836259555584354,0.00309631200197974,0.0106229458740699,0.0109877165810237,0.0153493611114627,0,0.0035869826788851,0.00127276290722371,0.0154129398425643
1725.85419556527,0.0313539151748582,0.0322201742807407,0.0240966568517938,0.0251006915947723,0.0195162048583812,0.0262155929557526,0.0231687730686038,0.0242907394583622,0.0250556681980099,0.0297934561562032,0.0264361037363276,0.0269268017654868,0.0252458850528003,0.0323746303696026,0.0299472284826399,0.0322719804630511,0.0333761234837245,0.0201031450806331,0.0291586458800901,0.0176923525166841,0.0283064995592959,0.0291964205625265,0.0353960820236057,0.0261816299393605,0.0228614206408608,0.0331534655773205,0.0291081915323294,0.0283530427083292,0.02656470622315,0.0244035373891443,0.0277429359761399,0.0344315148797316,0.031518582870114,0.026934785158778,0.0325894195316196,0.0273132262471117,0.0302906387418633,0.03238104847361,0.0355073708269621,0.0217472201129933,0.0297776615043276,0.0246892093828901,0.0296315037439142,0.0271559015074513,0.0330947598374396,0.0246838405048308,0.0240660748500916,0.0272016426501646,0.0342517522705332,0.0406101701542911,0.0257667250272993,0.0362548227018902,0.0264416176521729,0.0261395434853313,0.0213359772367657,0.0283524649604523,0.0329737952638116,0.0175704848465472,0.0261075314594367,0.0307085241363072,0.0262401557892624,0.0255763546216718,0.0221833736505862,0.02877608676184,0.0329481934693813,0.0296631807650981,0.0369661533531581,0.0338197408857667,0.0191331809463168,0.0248733162879568,0.0272696590440185,0.0188632044269857,0.0251664337700795,0.0214367131622587,0.0251372204902169,0.0201862787749339,0.0311879620850995,0.0172107292533625,0.025226037091388,0.0315551732754507,0.031172103418526,0.0236969235507559,0.0356595813068487,0.0307681279900102,0.0247615094489312,0.0336800589772924,0.0319730328867821,0.0284641725611335,0.0313933610678426,0.0314255798326529,0.024907926885513,0.032157391620276,0.0350940693193613,0.026390164581101,0.0275755248492742,0.027504304168906,0.0199427039304271,0.0228879861459584,0.0326640629566695,0.0368499776269587,0.0271083333718777,0.0287395138954842,0.0352684144687381,0.0271547896906633,0.0253415336674489,0.0301253749376901,0.0323180521568229,0.0286718783434233,0.0258433747487804,0.0248602435981826,0.023991720629181,0.0307710591086888,0.023492881157871,0.0357603914752603,0.0339710543136192
1728.45071380552,0.0153582894306521,0.0116632280231275,0.00779063307556631,0.0236897872053543,0.00934268951990388,0.0134799693977422,0.0120745931041223,0.0124199223401594,0.00588856096428009,0.0218166453748539,0.0104538675613126,0.0123774532832726,0.0122315040072269,0.00630404601663008,0.0139432736158077,0.0144452740886906,0.000341642996630023,0.00369748711323938,0.00425993419170765,0.00239195515814798,0.0137002642552863,0.0126797941682437,0.018786352099085,0.0133515489204052,0.0128039144762595,0.00627720393335613,0.0104084846904807,0.0169446615901858,0.0205803436058005,0.0124850376790887,0.0058576070208835,0.015947429487669,0.0104443436876776,0.010708575157253,0.0152053406174181,0.00607391831636064,0.0170489589523902,0.0107502575252683,0.0151299543879881,0.0248577148714455,0.0162535360212533,0.00492189481747898,0.0183317442474347,0.0160921539291089,0.021041674134173,0.00959060570088326,0.00496112652624691,0.00923689437919359,0.0145122123209573,0.00778028615773904,0.00348729542894371,0.00938115420500038,0.0137444997520037,0.00503021557084741,0.0151158920581022,0.0193031760277662,0.0138507818765943,0.00877543646557433,0.019892484378055,0.0100492815237801,0.00603990873444295,0,0.015908514832632,0.0152227038619306,0.0107604081606913,0.0112892469188615,0.00515148531780694,0.0193027395299699,0.00215927960824187,0.0138089948340897,0.00762791243843409,0.0138893485249281,0.0143462806022983,0.00983494202414832,0.0102184492121948,0.00501673212393496,0.0129275585593408,0.00717533691793378,0.0115051106735123,0.0243733811618929,0.00719573095122267,0.0133358747653633,0.0161763665810476,0.0128612910769136,0.00251637358828043,0.00307639901496698,0.00794268496257873,0.01156386446252,0.0141605175148841,0.00547181066845279,0.016047876627044,0.00160524574237259,0.00470948563833292,0.0188658795456136,0.0133120068131604,0.0118135885140282,0.0159819057489259,0.0145836559509182,0.00413667033421667,0.00526690423469126,0.00530804634827811,0.0135740942582646,0.0129859842555397,0.00700600387617958,0.00884380659137857,0.00661160575822667,0.00351940075085424,0.0107567560956604,0.00865169162552153,0.0153064301291899,0.00829038779647283,0.0105232996020644,0.0177421733789514,0.0156698788285309,0.00797648703314492
1731.04549162334,0.0214445461657081,0.022304818021849,0.0218130404842917,0.0168269844637996,0.0122033711553099,0.0259047798778718,0.0262019000690249,0.0107281916932932,0.0162386388456865,0.0149576826413115,0.0175502266980626,0.0191386408232472,0.0136023324152982,0.0209550181165221,0.0192497547113374,0.0218368880183567,0.019042114607234,0.0258536910636487,0.015612527369483,0.0152598781570775,0.0171343329750928,0.0140006064876558,0.0161379675317733,0.0135648016222435,0.0169174640185457,0.0114907718460959,0.0290710591725739,0.0243861222970053,0.0202604045349831,0.0216435258444881,0.0199723015028059,0.020315208327263,0.0247462934595294,0.0267687862754348,0.0103285458557393,0.0206778688283978,0.0274078710703298,0.0235459243469893,0.0188657038892335,0.0193237224919694,0.0244889026401738,0.0153590319514163,0.0236306422787108,0.0199816315351035,0.0213241770525084,0.016869044607604,0.0140774138985284,0.0196979354727929,0.0196076729176108,0.0245526706655429,0.0192750919510234,0.0217434310842633,0.0245215786344307,0.017799657497426,0.0159767133868606,0.0212995313770226,0.01850272093008,0.0189484292035794,0.0148735585741589,0.0246550968118791,0.0108731119792082,0.0178792615677062,0.0269301857576169,0.0213057861814882,0.0202289561586223,0.0210314269120992,0.019080043117686,0.0234996201949473,0.0105498518213161,0.02277699292322,0.0141658814263891,0.0146650686338861,0.0093300260525272,0.027085278702936,0.0273791981488411,0.0283396832948604,0.0251979284080326,0.0227515074965569,0.0206478992694045,0.0246761071241478,0.0222975615468066,0.012419988790628,0.0198564313701209,0.0135731867108103,0.0249502916261603,0.0265132419754418,0.0194922481204184,0.0270546401360435,0.0252552514807288,0.024897605875413,0.0158564016826022,0.0116574787911269,0.0224838170247826,0.0172337654466142,0.0242585453208917,0.0226385935321957,0.0143432469790477,0.0226811865846657,0.0136663299881653,0.0163808061061188,0.0189186195846429,0.00646739412585998,0.0161370190997361,0.0219922115934081,0.0168346113832658,0.0367827883569223,0.0159426260403527,0.0115284895321629,0.0239411726659699,0.0218070958702873,0.0277700628272432,0.024707506765571,0.020200371536095,0.0220570901236179,0.0181355990183045
1733.63853061397,0.0203867660116816,0.0269670159859146,0.017692242681046,0.0184768108359049,0.0188132666030704,0.0181554308107351,0.0118926106682416,0.0192156971642321,0.0169730011385482,0.0249412124247156,0.0107450265021318,0.0215685121885139,0.0201742780517311,0.0261641316950622,0.024591027288816,0.0276211055329164,0.00799376194187459,0.0187428323370414,0.0199737035954399,0.020438572015356,0.0238759276732405,0.0181376677520673,0.0193275803481569,0.0177714030872251,0.0238924416990814,0.022817972477281,0.0207793142264338,0.0185809027620211,0.0182867230914719,0.0125625465100685,0.0130015060937773,0.0288148102427579,0.0157105410948406,0.0247560534283914,0.0213609174287603,0.0258021669739113,0.0187232007027566,0.0239734595367127,0.0249299709767851,0.020189930575706,0.0230399303930567,0.013875865771692,0.0101142245300412,0.0196395220409726,0.0321852284472556,0.0153654118748829,0.0142062797273766,0.0188362144473526,0.0265109599329686,0.0218874414587386,0.0224199661695618,0.0197280940577445,0.024785638170451,0.0139673945192146,0.0221571722741407,0.0215922294883068,0.0220573729413704,0.0113338750641915,0.0203474808680887,0.015038174106358,0.0215545625553632,0.022392046278545,0.0141815088767065,0.0245417438581669,0.0193838567086047,0.0274376888310177,0.0176210838225099,0.0181074403432234,0.0260438736515922,0.0117814126758856,0.0178326617301331,0.0223336648157666,0.0135796932009983,0.0208460011026281,0.0230184163244592,0.0191578900439344,0.0139107476345328,0.016195955708812,0.0186879232626852,0.0227204411423699,0.00914044215534398,0.0268311367900238,0.0120055384960604,0.0114151688200734,0.0187990923374179,0.0255388283395131,0.0155955117913265,0.0172843114514082,0.0207936923820567,0.0233842187138042,0.0168504671951242,0.0228558210403795,0.0234784808350418,0.0214939720327037,0.0169284735764955,0.018284255402588,0.0155990830156094,0.0217821759524132,0.0173812124109325,0.0211866282933054,0.0140047811668092,0.018883461104476,0.0151884821598683,0.0197491774675231,0.0180343043095764,0.0266064068232022,0.020859675180747,0.017986495003391,0.01608929161907,0.0220472228031218,0.0212056336502464,0.0179376203841178,0.0209415725016865,0.0244544231685292,0.0192982125462844
1736.22983237067,0.0126978375299855,0.0141685094736451,0.027375697469688,0.00519919328778425,0.0157090762669258,0.00880293837944062,0.00856925393348427,0.0143897870519535,0.00862786536338616,0.0127272455176732,0.00826058856697083,0.0174849148127507,0.0078388605149394,0.0213741579369725,0.01541012155761,0.0175639467281492,0.0115914272119496,0.0170935499692391,0.00545182579735702,0.0102049879130221,0.0115529808636349,0.0139642126975462,0.0225528467335201,0.00391181346456732,0.0195917771989439,0.0148353019489774,0.00965219249581907,0.00838341216285185,0.0084670321069861,0.00794620665465497,0.0117756426225609,0.00459101104529951,0.00841896098371047,0.0137239203341362,0.0131513022727562,0.0113751656621406,0.0100728216018829,0.0125968093701277,0.0121113978737635,0.0176196806171812,0.0130501901939031,0.0135654185269922,0.00291524157366347,0.0140001335289698,0.0184811610630682,0.0144848086265357,0.0121131027766879,0.0140337803389299,0.0151471257515482,0.00863603965466612,0.0129220690317942,0.0160181056361179,0.0145368299397762,0.015332023096466,0.00606183069389851,0.00917053515293941,0.00529532020993804,0.0137771717758427,0.00842466262983072,0.019894705097408,0.0194804339215867,0.00973322083242725,0.00385032194467532,0.0139771143794035,0.0162743281282814,0.00972727888606488,0.00683276815157923,0.0223724455491513,0.00328309057968585,0.0114076143343863,0.0180473789502633,0.0106027521849329,0.00459323691901714,0.00758437087762714,0.0175280207353286,0.00705376056243349,0.0227972656532559,0.0153591731838722,0,0.00532475305584276,0.0192177465548124,0.0136328870665761,0.00765806643725918,0.00232194168387619,0.0155436857356091,0.0126601324290458,0.00542590198484043,0.00931433743164818,0.0100147327940526,0.0100010473967444,0.0138495579465651,0.0140818322075292,0.0117522989995882,0.0129026235564116,0.0147819281367377,0.0139638395229505,0.0151718764881702,0.00511383080942524,0.0170363471912179,0.00988347870725534,0.00912510182954181,0.0152843431544891,0.00718720875997008,0.00890854278449765,0.00163729206356644,0.0153109679010112,0.0153702118441412,0.00752096241070363,0.0146457459084619,0.0120216724697463,0.0112732687676619,0.0112022482894145,0.0112076476207832,0.00906531577093831,0.00977133946157365
1738.81939848471,0.0168364714888847,0.0216342581862268,0.0211195031293637,0.0238747192834296,0.020532707925555,0.0196955206044903,0.013494315468298,0.0250826868306822,0.0169346916750055,0.0151871666121805,0.0181362504395848,0.0259830947097364,0.0207953898746302,0.0238638020620042,0.0174620938044403,0.0212287649771076,0.0169102278671888,0.0165649339775554,0.0206952780972829,0.0160037154382748,0.0232730737419577,0.0170580724476621,0.0310361676616163,0.0302463790269683,0.0192838150105364,0.0157300016982848,0.0129175445478364,0.0203565544433456,0.0195117994601802,0.0161009782397395,0.0225742903645439,0.0155046736849189,0.0222530235668572,0.0247935727374615,0.0225520201196696,0.00929100684539883,0.028390128091707,0.0283177710400524,0.0188201694786091,0.0197140266126658,0.0202467197419367,0.0201203912229666,0.0294512118713897,0.0227814612276682,0.0276562833968493,0.0253957623608069,0.015690799886288,0.0217580952446942,0.0339327607421249,0.0178434095645364,0.0259330064786246,0.0204139687561037,0.0201448072731182,0.0201727597423305,0.016423478189766,0.0170672612691726,0.0230489900729462,0.0212663192691938,0.0122243126521572,0.0224758086540909,0.0174411105705759,0.0160988093563575,0.0209340975500753,0.0138253103715575,0.0252738520346714,0.0223800026157626,0.0103965665949794,0.0261056724837757,0.0194358421267267,0.0193030363964764,0.0177152846877402,0.0200544276647292,0.0244902969692687,0.0296445147120753,0.0272215709057405,0.0192431075205779,0.0265396256387507,0.0247883043001602,0.0187678720089929,0.0189119803396156,0.0270659399077777,0.0175264863511399,0.0178007104469267,0.0147517704549072,0.0226251235824406,0.0276717409032672,0.0233833427677212,0.0237349836367815,0.0171702073502516,0.0227257155451935,0.0281521163376707,0.0286843498308447,0.0209344043555386,0.0230904156651668,0.0195356370279174,0.0198195677846718,0.0176394557621655,0.0229089719992316,0.0214062801783619,0.0141807456804333,0.0263178520165652,0.00885367849836222,0.0187132069537763,0.0193929504418686,0.0193975353737899,0.0150112538299469,0.0203579029583425,0.024786701445257,0.0207694897446069,0.0283503377526917,0.0115787212047908,0.026656014806925,0.021944671915439,0.0103816980092972,0.0262397539315781
1741.40723054537,0.0297263895843576,0.0192939158492454,0.0237105130274065,0.0246307229825522,0.0272489706635677,0.0246156522111335,0.0261204145741707,0.019792835237622,0.0263476262137888,0.0236455363236192,0.0157186308310753,0.0252402233057722,0.0343613746708888,0.0280594804033189,0.0189894207426768,0.0243815809637654,0.0166448633645675,0.0318082150598477,0.0300288441105287,0.0130103447504463,0.0262965298923551,0.0207432479504916,0.0267899553516212,0.0221116882447897,0.0224032138360502,0.0238441548405925,0.0162191107610152,0.0229572101748672,0.0266514945542426,0.0220756306537524,0.0254176240635332,0.0252855853269695,0.0224404967282362,0.0240149311030095,0.0200814845026566,0.0150734788843873,0.0203698794960035,0.0243417640648281,0.0295777701202602,0.0224226697602406,0.0320520814682037,0.015324760255713,0.0240348196789633,0.0225353780840717,0.0304242341720067,0.020471388125243,0.0209931264822277,0.0244063145578158,0.0291375930394796,0.0205955099948152,0.0205389412572448,0.0202330232278078,0.0228580731488379,0.0135750256874078,0.0221238384866979,0.0261583873187236,0.0204862463937195,0.0304600341023084,0.0195448201146056,0.01873876682081,0.0200877357148325,0.029621470510807,0.0231756233653212,0.0217804593776514,0.0320092506521284,0.0232725628661587,0.0206024224528633,0.0276090834634495,0.0208968995334431,0.033703299152151,0.0243897971424045,0.01467950445122,0.025381738484523,0.0276273911228304,0.021220270219206,0.0172691723785942,0.0211101115974405,0.0245904043550839,0.0235922398861801,0.0308143841311511,0.0247631342225645,0.0243959478519456,0.0158346003196624,0.0237313541332326,0.0182932111575782,0.0131561110895701,0.0218816175592867,0.0211310390164517,0.0180085780835145,0.018479438772951,0.0171617084510787,0.032762629320511,0.0237738755948524,0.0315562224957907,0.0197458512695393,0.0189481280079403,0.027579649411357,0.0209841902688423,0.0223017271042005,0.0306193861406602,0.0238267307530198,0.0196534424785434,0.0143268186637108,0.0172520229904687,0.0212675360697736,0.0314762858469756,0.0190000705861027,0.0206072041663411,0.0217138124818724,0.0195368428669671,0.0243897353180833,0.0199901121035511,0.0163680198000528,0.0318528952634301,0.0235532910586502
1743.99333013995,0.0262435840893977,0.0257366667064697,0.0235817444545925,0.0244241046519381,0.0196090200109571,0.0186476718929012,0.0185235217944992,0.0161399843778214,0.0138158465739851,0.0185824366745252,0.0192300476255839,0.0261679318042841,0.0129480310571974,0.0172401552030108,0.0211120314721519,0.0193580168725709,0.0254063956528786,0.0242966312446035,0.019398742248173,0.00453496690674716,0.00698190667278978,0.0116675934641812,0.021419359198419,0.0145771397673427,0.00972351098572247,0.0248080215817652,0.0298936650819932,0.0195058750862614,0.0287603743290858,0.0114726882137201,0.00888867004815962,0.0187237485034264,0.0124017642952638,0.0277974170548121,0.0233154942424659,0.00801960921960246,0.0174343501498301,0.0232206199596178,0.0237461269175875,0.020538040518869,0.015307327021853,0.00828676095814567,0.00780044662139906,0.0233874081140113,0.0174134845697856,0.0279266831247816,0.0133622168419195,0.0180037172850081,0.0355979954699805,0.0210230920033695,0.0174851460155658,0.0114399816652337,0.0215047997597414,0.0138955540578796,0.0155302421469133,0.0173198921359119,0.0224796098603367,0.013513211989655,0.0216707921623805,0.0156143643428252,0.0204439691292684,0.0158856170654069,0.0206930205138259,0.0136294617952507,0.0255569441028511,0.0225147336385481,0.0148706097187479,0.0110331038365829,0.0182696746633409,0.0175533950438134,0.0101820622160496,0.0161980445361898,0.00957563040815123,0.0162359241335759,0.0158376807255091,0.023022967477345,0.0128383751814103,0.0198809943551415,0.0139734568473628,0.0198266376271459,0.0236266700546223,0.0201252867335891,0.0289371403033685,0.00486816723891406,0.0122785130936943,0.015161238858688,0.0164007750277726,0.0156215952761088,0.0148396788112646,0.0159676883147244,0.0159918857673795,0.0207592980366769,0.0214304832461949,0.00666965537591115,0.0228512480955501,0.0158572574049783,0.0163820868401012,0.0190940564554345,0.0208927585018028,0.0182657977829487,0.0202103072255665,0.0173044435818383,0.00997611082110993,0.0111173984258822,0.0117972265611462,0.017978338508554,0.015937648513442,0.0187230721909801,0.0122642416022654,0.0147626965211066,0.0111572319815187,0.0226873689302068,0.0119944039711962,0.0113938562769653,0.0146928152326975
1746.57769885376,0.0299741462020054,0.0360420365987089,0.0229366068229035,0.0307359308203399,0.0236113932432416,0.0334714293662143,0.0284835636293368,0.0280063936043209,0.0249053662010347,0.0357847998416208,0.0249190227342111,0.0244017704520808,0.0283073908523615,0.0265204553351046,0.0266295224219006,0.020939822988837,0.0274601537610879,0.0379835732600696,0.0298858546072849,0.0236771307729263,0.0286263290462689,0.0293318005833513,0.0387147657066509,0.0268743987008878,0.0236564940901356,0.0329916394401667,0.021208738188189,0.0277112032939979,0.0286533289962821,0.0252701610233759,0.0243646775129203,0.0274096475119565,0.0291895049616738,0.0293511316227591,0.0271515904107941,0.0295357698607997,0.023511451172488,0.036230328946402,0.0340025830777182,0.038362994207951,0.030042007224445,0.033161855644611,0.0298710291586603,0.0258706032655766,0.0389969830611766,0.021898191552878,0.0232417684900733,0.024696148157843,0.0415052404614809,0.0303379335237971,0.0323306089959713,0.0315069253861831,0.0307348594330146,0.0349019306031228,0.0289355501500401,0.024164107708427,0.0358126013139971,0.0277872098617837,0.0354524250288361,0.0217660406419472,0.0289746957149786,0.0277017671687684,0.0355078967259893,0.0314574115614083,0.0300642797301474,0.0290929967591495,0.0212884259640238,0.0352482804281035,0.0327608416409675,0.0361411264192477,0.019249808263526,0.0286112312904323,0.027846298690915,0.0313450205868071,0.0314657085850788,0.0270383303439318,0.027617968909765,0.0356686889560306,0.023321455134825,0.0306523191077695,0.0338421671857841,0.0270651975773473,0.0345571358318471,0.0319211522751355,0.0223248699878521,0.025159890650842,0.0293008169386381,0.0342680978168931,0.0330701849847584,0.0299281360245215,0.0252184262962436,0.0343559353050863,0.0324582980389629,0.038636476594917,0.0288519733254031,0.0251967651912819,0.0241016349740946,0.0290913711573198,0.0224441616316946,0.0370794202661313,0.0241679871533712,0.022441853056636,0.0286971065428462,0.0245819556901333,0.0285224853627726,0.0287449711503892,0.0366950804231443,0.0225259443417305,0.0335585184732365,0.0271882611840962,0.0297051895957957,0.0312498577833428,0.0134950556326443,0.0300604049291673,0.0301349278841045
1749.16033827016,0.0378417970720428,0.037088504248112,0.0344440053549148,0.0445638012712107,0.038327724762264,0.0363149791343265,0.0220536487502892,0.03510297651162,0.045142473945669,0.0324170732454477,0.0301059706997565,0.0401281322674098,0.0368144672749609,0.0380645997257401,0.039461269554043,0.0269372861472459,0.036855242719011,0.031629115912099,0.052301224584674,0.0290627316700274,0.0284786288459926,0.0303410575913099,0.0368983545915674,0.0352470292215624,0.0393208198665031,0.0279456995220866,0.0320852149327597,0.0387190961258309,0.027456406686449,0.0385492338369927,0.043873834465709,0.0396433238237958,0.0311910229183859,0.044519660267839,0.0298890528730526,0.0298227167829122,0.0251347086109257,0.039691781958107,0.0431487715185867,0.0359718119767117,0.0339498411276301,0.0284706202229927,0.0376967540094111,0.0267876103622038,0.0448020874161028,0.0323643356202117,0.0365376878936551,0.0319913102465435,0.0427263762458816,0.042639332544474,0.0339578034491874,0.0343147027988099,0.0423445585330149,0.0347183412961856,0.0312214877197787,0.0333622180891863,0.0378741137812481,0.0309573984327562,0.0277708063366284,0.0389266070326019,0.0433545708705069,0.0371814599084761,0.03310030124472,0.0377915712747614,0.0357575448480354,0.0328978737024676,0.0260878021443757,0.0408182995225774,0.0296154140349659,0.0353543548052217,0.0347435806813163,0.0382013724983836,0.0346125307142914,0.0311989672093096,0.0453822683274895,0.0245822571816876,0.0228687723342699,0.0327358225290543,0.0371588106566516,0.0340624124029705,0.0373022659950745,0.0316878683482945,0.0361641702161154,0.0293893288216159,0.0358401310919535,0.0317823773655205,0.0284754285555728,0.0282427134572454,0.043829193664236,0.0393882941478562,0.0287238561381559,0.0285367500868868,0.0278669696982139,0.0360797252040741,0.0383203682392545,0.0390785212426821,0.0307110800233834,0.0391236307864865,0.0298808849858195,0.0363256133295841,0.0391796218630231,0.0419441620348752,0.034459489026815,0.0421091690265706,0.0339077265734079,0.036085743184789,0.0296438356121466,0.0241024832570333,0.0334505495152869,0.0436534652552371,0.034681727259252,0.0346004886248231,0.0331317159206402,0.0280669472363957,0.0348882897157282
1751.7412499705,0.0267734821005887,0.0288762225789442,0.0228518889020347,0.0285032570141355,0.0331172029193788,0.0184392506734133,0.0260630436106006,0.0240817008450091,0.0214564732032743,0.0220350071997577,0.0224642739311511,0.0155162904080168,0.0206749463679083,0.0178729960119454,0.0288135177340318,0.0264012304608664,0.0181884610326755,0.0253108173455008,0.0320508751463279,0.0190369455010258,0.0234545245860353,0.0119137894124715,0.0258345260585194,0.0221605552568281,0.0176979201070722,0.0284617440464383,0.0194540113632154,0.0298406827309481,0.0223550245509638,0.00867093252540533,0.0183226252076789,0.0209095822484039,0.0172663897452383,0.0223778111077535,0.0162202111808977,0.00944014012313665,0.025109817349372,0.0285310046120858,0.0276801989967824,0.0249373653864558,0.0310329386843412,0.0192604386516369,0.0244234214309029,0.0202765028190925,0.0219428866503937,0.0258201418200519,0.0250616359162204,0.021150684807016,0.0268622350343345,0.0225223043435487,0.0212143755729465,0.0238989027452998,0.0235186660372732,0.0127712959158207,0.0388281324880131,0.0217335616740397,0.0196197951723382,0.0202393993741407,0.0230296047697234,0.0295552859609772,0.0153296866968813,0.0294904785247085,0.030730449008918,0.0245610088888337,0.0219392996549716,0.0277514075624798,0.0182543124774217,0.0254790596667873,0.0176695980051023,0.0210750029465768,0.0107628819924932,0.0232486988126453,0.0281435355968114,0.0134454767646325,0.0278738043167653,0.0215713512890781,0.0279367947591961,0.0190397900744801,0.0226327116294132,0.0203140130980475,0.0266509400163503,0.0216418326193669,0.0245065591750368,0.0263117425449899,0.0253503282353926,0.0174055990925266,0.0213780432806202,0.0304897809399413,0.0205554788454889,0.0228088424171647,0.0161469970468396,0.0255319886509586,0.0285298093928505,0.0241868363276785,0.0209302583563569,0.0152440265292145,0.0213331011724406,0.0226636152065927,0.0116152665625637,0.0217698429039554,0.0258087133557044,0.0230775653330733,0.0142688142152354,0.0257206251618012,0.0171473546773778,0.0296168316620273,0.0156675844521125,0.0211918407534784,0.0159963074607099,0.0178115858206071,0.0255200877049936,0.0269092852069194,0.0125160145510902,0.0255338346783862,0.023309258521367
1754.32043553419,0.0331737351541947,0.0409291001919124,0.045445224937501,0.0424018128285385,0.0427992482775323,0.0432037838668171,0.0405119003175517,0.0408604640674373,0.0374742856892765,0.040425529434071,0.0293273348656015,0.0373126901405638,0.0338463877183116,0.0372894955977757,0.0445165549588742,0.0302811390289232,0.045076458787955,0.0255404182952459,0.0421073096109436,0.0333192068460274,0.0397460165681479,0.0335791234432614,0.0484619008124538,0.0441784217374658,0.0272120605804433,0.0317764807704368,0.0355726230581626,0.0447939846739615,0.0398078576427775,0.0524776794332767,0.0424734048859155,0.044919336724365,0.0409994108543786,0.0387478943606013,0.0502112801973382,0.0344143254758322,0.0369035476927197,0.0433411665994465,0.0460719887026875,0.036506134481192,0.0493051715972143,0.0334249641496611,0.0420299542390322,0.0324502491464714,0.0424643428644021,0.0469392620748424,0.0271500883356808,0.0353301332932341,0.0399676211563068,0.043747697728876,0.044234508728101,0.0406140651188954,0.0422320446195124,0.0401926968263449,0.0394256928942146,0.039117035899526,0.0421001615583834,0.029047651138152,0.0351738312332275,0.0358135781029721,0.0332690616428893,0.0443850946310786,0.0426826809855905,0.0298152779907718,0.0415035402762154,0.0327497054409723,0.0330347214093934,0.0294210811338385,0.0340349521718015,0.0374164896353049,0.0309748477581704,0.0374815672165506,0.0344035332142717,0.0433649824277653,0.0436114739148796,0.0345718180874685,0.0284369584829452,0.0411874150038484,0.0393240911323811,0.0369762958056818,0.0381033485652318,0.0328057421681377,0.0417959335935954,0.0331425438337391,0.0320667778449876,0.0343309501199478,0.0383952754824661,0.0410094530910866,0.0354268277222791,0.0385732100838451,0.0364164981062067,0.0409028667899789,0.0303882971378161,0.0398602554154121,0.0333290627874598,0.0370838149298955,0.0377391910286098,0.0378459138149218,0.040767392088297,0.0429939722298374,0.0350910649171782,0.0449431385642486,0.0437301507944793,0.0375631986213595,0.0396636230710947,0.0387596394371228,0.0330529057810049,0.0364041152930365,0.0397156093320591,0.0412121281056849,0.0351006360710521,0.0367440092770166,0.0444858502279401,0.0402819657099788,0.0394195296551005
1756.89789653866,0.0431987844001037,0.0453637397530743,0.0471426009048142,0.0468600929595089,0.0539105547999831,0.0439721363389925,0.0402138548670446,0.0363181057270688,0.0417334322046226,0.0387886279877104,0.03193718229498,0.0465954650025489,0.0482022134942101,0.0494949416709946,0.0361805064732118,0.0396720987087525,0.0455887669870179,0.0442559848958296,0.0462547739380304,0.0393619157611374,0.0467960881678091,0.0402589977885346,0.0577804178744369,0.0447374781112247,0.0429818952485531,0.0461803787818939,0.0477085888341794,0.0448418003446014,0.0488529586181581,0.0392834784039147,0.0455401130491359,0.0490771088961889,0.045386341930261,0.0393097036137908,0.0439841702201617,0.0409574467964488,0.0414383334761125,0.046348362797505,0.0450088809244053,0.0429037575638515,0.037884625048581,0.0345320084045339,0.0476768523423466,0.0355974099292452,0.0442792150482889,0.0451702532210718,0.0473133441103934,0.0523841117366415,0.0460255995068955,0.041406254061223,0.0436642676488184,0.0435294586191437,0.0416439224966539,0.0481455096637702,0.0482799676549018,0.0420487702248193,0.0459608313579075,0.0451303945865923,0.0496777357260043,0.0432628163834431,0.0431050569807447,0.0575370964963822,0.0457453592917648,0.0449069420808155,0.0392568421633662,0.0473312701657288,0.0428927511520865,0.044153586932796,0.0380657978891769,0.0455592875035476,0.0459928668046721,0.0523212929779396,0.0487768395614517,0.0380340291066562,0.0488988082550646,0.0381430894616932,0.0445087282391284,0.0480251847615437,0.0432435459236448,0.0445040752111675,0.0365763469674128,0.0492991002473836,0.0319432080214392,0.0463972147176411,0.0376735522476848,0.0467435970507819,0.0479941444204475,0.0445063693676014,0.0457142314403695,0.0419021333795607,0.0434821584888243,0.0485291760028698,0.0519965036186624,0.0485408429908696,0.0503403662025929,0.0420552484057869,0.0341526765974455,0.0451618338991923,0.0395378002967413,0.0365796708826098,0.0368693912657389,0.0467823476335977,0.0342441353670453,0.0327532924279058,0.0417407409316853,0.0560147844216674,0.040613036505771,0.0420422621665401,0.0437713276714404,0.044048853975017,0.0413144038486588,0.0413673218786378,0.0414585910233467,0.0550656056120073,0.0437127330400549
1759.47363455937,0.0578742561967009,0.0443672367418049,0.0450194469115878,0.0423769707923543,0.0478809970968893,0.0486007448058709,0.0383098503599509,0.0526350327811686,0.0336979898431624,0.0344756180702859,0.0313658542811419,0.0526395182160239,0.0516882577150317,0.0394404093315317,0.0418779865289602,0.0480046657912631,0.0332125319236836,0.044016024677564,0.0401691336755856,0.0360619052037551,0.0506071846586087,0.0536510419040965,0.0619137218717103,0.0521195223799201,0.0457809593696352,0.0550929473855768,0.0443769290237102,0.0504597399238744,0.052868161809164,0.0399691090189063,0.042936034074373,0.0456681826353156,0.0389779121887709,0.0523552357695235,0.0428955451187314,0.0341055343337399,0.0465698527685585,0.0460096238018544,0.0543017982052268,0.0504953795994687,0.0550857281845905,0.0481982073483801,0.0436490431468794,0.0483701474079729,0.0490596709394521,0.0446134469872222,0.0477789828889976,0.05357409463481,0.0527121024193921,0.0438222326458084,0.0414014282974892,0.0510929551268473,0.0510538943131352,0.0475290975451669,0.0483640429216451,0.0455964438197254,0.0430728538530385,0.0512237211123288,0.0473672711405089,0.044972518798012,0.0477446902088729,0.0392778924453267,0.048251082932176,0.0588825422157031,0.0450958789917204,0.0495920584386165,0.0423212568387257,0.0555251873650642,0.0385983349247212,0.04785625118665,0.0407105372553821,0.0460481028730846,0.0447225519603361,0.0456778477606592,0.057718879601528,0.0429349249362542,0.0387506626204799,0.0395532478234189,0.044970987950387,0.0532136738166867,0.0464020432751131,0.0570059210236868,0.0325340979337821,0.0591065686452305,0.0410260434606053,0.0466847954419572,0.040428187412017,0.0474518623077616,0.0404468349426979,0.0441323169568876,0.0407979031499772,0.0511898284183292,0.0533476881628186,0.0566720076798234,0.0444989622517982,0.0408639936852137,0.0397564264149474,0.0553353523106391,0.0471189309050447,0.0405781726342004,0.0433228017413521,0.0520963407409342,0.0478305840544747,0.0412135479048185,0.0398718272001463,0.0525380433816334,0.0458893941098244,0.0471504086818628,0.0478633027405713,0.0497814306440683,0.0475629373975599,0.0425284086768915,0.051896866984438,0.0457406501065732,0.0457834546859575
1762.04765116983,0.0505379249740598,0.0565287768664049,0.044584066411657,0.0643622861087454,0.0576729628228365,0.0494429395139271,0.0468457634401876,0.0513686293993199,0.0466043837325197,0.053513397514376,0.0474435058299051,0.0478069533558606,0.0529148981584221,0.0472568850449475,0.0470520277998301,0.0487093943229754,0.053466505163871,0.0541228460939146,0.0535800163196917,0.035555773367461,0.0408118424064576,0.0470508083142278,0.0643434646535923,0.0470931775568368,0.0390023326366886,0.0502240116253708,0.0560133993620711,0.0467064036661147,0.0507277251106522,0.0440133765735059,0.050645310791064,0.0469778456097228,0.0474260257701164,0.0484611089079227,0.0401420761173491,0.0418359160949993,0.0483704885791319,0.0552923164153518,0.0504462471345317,0.0517588869883866,0.0500265655409251,0.0425454094541228,0.0567928582467077,0.046254505019918,0.0439197999316593,0.0605520362561293,0.0471515444851636,0.0513926761417971,0.0617986216248911,0.0498156141924027,0.0512762204748395,0.0488924202335863,0.0546404086266322,0.0440800425987909,0.0525951568674848,0.0503397285325487,0.0453072816383543,0.0451001546581157,0.047997816138289,0.0530714438897186,0.0535832273096229,0.0507252528308723,0.0496048366942947,0.049258489924008,0.0567210709418904,0.0485185524647283,0.0472915106543347,0.0567432871952728,0.0521266764799177,0.0490129463421353,0.0453410917465051,0.0478125604572237,0.0470509339200338,0.051593820061176,0.0467669728860973,0.0495391239172354,0.05604481919507,0.0538528253306247,0.0478475434737038,0.0487772168671349,0.0494730791979395,0.0459274232325942,0.0470381852523678,0.0422318468233597,0.046703417105508,0.0392711218871725,0.0500973343858945,0.0492577964306879,0.0513829489566072,0.0446970787382808,0.0467840256049121,0.051663737040514,0.0495170617632889,0.0466813747911247,0.0421259579149018,0.0537943492741842,0.0471118530034227,0.0514342518254788,0.0576613393679887,0.049800839058731,0.0509717397684537,0.0545801189959571,0.0573191280676981,0.0485582983424104,0.0494125572907384,0.0473668530981077,0.0448214479985792,0.0505982034936109,0.0490946710604203,0.0498272497988035,0.0566808836502363,0.0495556188612702,0.0407677073720878,0.0496733491148173,0.0484537361610079
1764.61994794158,0.0586198080148283,0.0550584314695984,0.0618102593965296,0.0649382886376765,0.0698231472379844,0.055238101151649,0.0537760213479816,0.0576136297073035,0.0493607590607676,0.0541508641439023,0.0490854019947647,0.0479195707446388,0.0564744079354274,0.0517643490301833,0.0477835570537544,0.0625901686035151,0.0501550383962777,0.0588402561432704,0.0583797076627997,0.0439118917040568,0.05069569293582,0.0543955388964263,0.0650697998096758,0.0488901152793868,0.0503551034598948,0.0509178041431343,0.0533310678833245,0.0623582638121473,0.0660755953119429,0.051970187029342,0.0532549713760768,0.0571012994720484,0.040518763453662,0.0530901379718808,0.0572682545454165,0.0501601423638502,0.0586236858016622,0.0595380026145429,0.0615332996133063,0.0628962354315229,0.0570098053312285,0.0500213171638672,0.053979112402614,0.0574951200968002,0.0552176119035694,0.0394955287909437,0.0516326373656508,0.0515183887353771,0.0597050969162577,0.0611568084955166,0.045628636807086,0.0496108143915985,0.057677515701563,0.0561550781495432,0.053927779628471,0.0516426128316859,0.0458808845992552,0.0456946119759692,0.0602850612488908,0.051388265473175,0.0536443275325121,0.0485629684014761,0.048021257095766,0.0529313329367505,0.0580344401153244,0.0536588807128862,0.0528470988408014,0.0562989591001734,0.0491974675568721,0.0484413454211803,0.0418730304239737,0.058757965647515,0.049992340817693,0.0534296536055152,0.0579920020809161,0.0538143271118886,0.052084843620976,0.0522746266300842,0.0613394676246232,0.0581315356767926,0.0514481977914706,0.0584121613322057,0.0488566019135384,0.0474624470635883,0.0535610656247633,0.0563382696313296,0.0494819052807468,0.0569837937741184,0.0490742452179757,0.0503985004409921,0.0470499397257716,0.061621852858944,0.059058695917003,0.0554713988622189,0.0621039244091588,0.0521105807412917,0.0516414197044104,0.0458757500722824,0.0618058212175904,0.0481049308473922,0.0476373885289933,0.050794659912762,0.0621192534382607,0.0496087965117459,0.0453392519683882,0.0560773207163586,0.058872960383245,0.056907784720411,0.0439891674203992,0.0579188621715959,0.0590310790168588,0.0566189759304567,0.0530304341453786,0.0530671377677414,0.0500305876524535
1767.19052644422,0.0493048291303273,0.0476106626807109,0.0377609014667188,0.0570720518715806,0.0690112262950686,0.0523313418995539,0.0465075180254296,0.045741673417069,0.0403590565990726,0.0412681823984906,0.0352197979285254,0.0431571782921579,0.0325181636420607,0.0429302381969455,0.0429529479104487,0.0436599492777281,0.0367652822886224,0.0451452254041119,0.0437576427467313,0.0363058552380625,0.0486103894707892,0.0478680966723363,0.0507471403345545,0.037713329964411,0.0493030370792742,0.053305656368053,0.0392013779611818,0.048163692258527,0.044306023086952,0.0433507609710139,0.0519068864175493,0.0426933632924122,0.0439080265157658,0.0402139671961723,0.0443820667648932,0.0372561512642895,0.0475907976356628,0.0497261645746251,0.0457133752837425,0.0509253348314762,0.0474501692803687,0.0495636308110686,0.0432046926769228,0.0447880730772719,0.0513238320420348,0.0402250020491469,0.0403629303469949,0.0477051572770313,0.0482030233433514,0.0394904062201062,0.0440514410423992,0.0457539007523675,0.0408277338131745,0.0430256763006245,0.0470778035726797,0.0466076473879802,0.0397062783389213,0.0474381882125557,0.0499480214975078,0.0480088741011147,0.0397889058519254,0.0482189410362452,0.0435005041799145,0.0381933928177558,0.0467364079822375,0.0329993797475543,0.0468721363489669,0.0445693052790597,0.0486611031739111,0.0390834761878088,0.033211606770211,0.0343014839833092,0.0345066079747382,0.0464806144529815,0.0407060402990048,0.0421528601348463,0.0470102053601438,0.0473230367801164,0.0475824778199337,0.0514744923171778,0.0540251252757089,0.0432892987288594,0.0385677356585128,0.0376287263412776,0.043855438112922,0.0427426714044473,0.0414486969014205,0.0423921365975805,0.0439144542433732,0.04139774956772,0.0410201674680307,0.0477191850109668,0.051822619597476,0.0426254283999006,0.0426359748938458,0.0453914646246268,0.0361789665584515,0.0414820558925321,0.0449285377310418,0.0412559125119927,0.0431790568887321,0.0424596989687767,0.0480551867960012,0.0397617311078082,0.0367516336863887,0.0388643734213092,0.0497576441434779,0.0508175779657677,0.0366027633378076,0.0425863193748241,0.0478108643797436,0.0421471655585716,0.0320483292903577,0.0501735356351543,0.0465635046121017
1769.75938824539,0.039513490906649,0.0309052127543482,0.0363307501339505,0.0392675296372758,0.043166648082414,0.0319835959811701,0.0316108037402072,0.0376439314358713,0.039433975943941,0.0376389073624168,0.0219252312751236,0.0378845153147211,0.0350037188138905,0.0380332538899415,0.0347999098971497,0.0395484838077973,0.0340898331204757,0.0320300481550298,0.0405245209080805,0.0265292338202875,0.0280081225339838,0.0391518945437305,0.0498078721786937,0.0378851835990767,0.0386737275943869,0.0303060137637749,0.0360204877700965,0.0367729024987148,0.0394621173833458,0.0375366717104544,0.0380383669310035,0.0347595175589795,0.0290920222354317,0.0347295715183048,0.0320993135664742,0.0299821853304718,0.0393996774509323,0.0343138402928695,0.0333706858500168,0.0308908804320724,0.0333536948232021,0.0371877143995657,0.0376072398681467,0.0326476019753577,0.0328243512716606,0.0304111048858247,0.029691887923046,0.0507420578642697,0.0379205578648492,0.0414647716158598,0.0298334450657367,0.0309804306688747,0.0322186816337041,0.0333741543122071,0.0249997101776459,0.0334964274935052,0.0307405791200249,0.0291686490649587,0.0291886156347838,0.0371578971209918,0.0306210871494306,0.0265517168141168,0.034257216854218,0.037905664701704,0.041224988538087,0.0275403425788351,0.0260624053871569,0.037404198815046,0.0322565671210707,0.0332912041090541,0.0327204422806788,0.031600930805668,0.0254039959070555,0.0278063086182587,0.0275360562850111,0.0447287595979976,0.0379440091752649,0.0344512195813507,0.0288499261734738,0.0322449685785571,0.0419258033272487,0.0423192133648013,0.0283147654903109,0.0307349502718449,0.0318961208706833,0.0348679604457522,0.0265711917228203,0.036074008150212,0.0353263060776201,0.0324325020801645,0.0223629417293928,0.0338532394043499,0.0394051874239565,0.0362596528487352,0.0426583143896368,0.028566118539744,0.0287629434214538,0.0337380229090534,0.0327678690920197,0.0263712780903115,0.0352770908095705,0.0439052597208832,0.0363909733672998,0.0311013362480229,0.0412802640383329,0.0314951746857224,0.0308179052294184,0.022718513199359,0.0396824641138951,0.030722396814046,0.0315238978508975,0.0317928921088418,0.03445840768445,0.0294954431248188,0.0256363113627844
1772.32653491077,0.044628066298202,0.0437604803902875,0.0420971114135312,0.0349650963534165,0.0419650749715182,0.0357063294623069,0.0375577374964403,0.0322526988803823,0.032111804843433,0.0378409435100125,0.0252802184148803,0.0326473007072537,0.0386745692389325,0.0259260924646609,0.0300432610941444,0.0393065913020121,0.0359473042296933,0.0401149025413808,0.040572455709578,0.0217537097643195,0.0352704315163739,0.0377049560161127,0.032079178708981,0.0358306346477585,0.0309080720877644,0.0393985556172821,0.0351747036824006,0.0326131653974063,0.0335297135592952,0.0339743141137231,0.0361964003546676,0.0344699280580479,0.0314132994738331,0.0456904796492934,0.0340270858688798,0.0288979257604998,0.0329282537111246,0.0364166368693048,0.0336779169282709,0.0311461591190378,0.0295849468752876,0.0333869038464374,0.0320461440358814,0.0397258545833134,0.0278343606382201,0.0394444341300459,0.033713880280443,0.0373478696924989,0.0394858455616656,0.0293145910191642,0.0369737265221479,0.0289266880287249,0.0347804448587375,0.0283479417170592,0.0399490972031348,0.03433086762692,0.0280284268557718,0.0304263768995677,0.0340312104398846,0.0350069557230457,0.0383498661815063,0.0304380448888316,0.0304095124521432,0.0365026412584522,0.0351760693481738,0.031103805511747,0.0295197567205592,0.0410304572587162,0.0359172719562982,0.0281237933673268,0.0322653937029642,0.0232207767955794,0.030185373901389,0.031517292132272,0.0394565577713455,0.0349181714595595,0.0289142675385491,0.0403728983942488,0.0385517233113896,0.0325378684978128,0.0366530414736771,0.0343278577950705,0.0313973358017772,0.0337505952368545,0.0342821923042785,0.031008804462806,0.0323693401625404,0.0356764011812173,0.0337035243260661,0.0252033865796135,0.0261917936021322,0.0405869966106461,0.033982556877303,0.0264164641366537,0.0392833007556202,0.0331877926121129,0.0339711680011865,0.0361896811394924,0.0218142072654858,0.0276654879074165,0.0262514406608393,0.0322036922697959,0.0389400236987149,0.0362872649885302,0.0270768007310121,0.0247396770513499,0.0304786611830857,0.0251788574016235,0.0393227588937943,0.0234716026921757,0.0373815257667859,0.0313864202745875,0.0357376435357125,0.0295488093889775,0.0256268946161685
1774.8919680041,0.0497793123262584,0.0539191980236277,0.0434930091932333,0.0556356542763466,0.0719062725489851,0.0525756647603724,0.0451848212126744,0.0477216488864108,0.0478764697508727,0.0407899890876602,0.0340300394202771,0.0487230631047968,0.0486969999304129,0.0422807276131505,0.0449199244205308,0.0489565533676332,0.0423378485583902,0.0433535852870664,0.0509285651526713,0.0468039692893328,0.04747959779907,0.0507599203568588,0.0503638942770149,0.0490844443082194,0.0520186759421184,0.0523963544539548,0.0458522797407952,0.0522863403847336,0.0608487357500616,0.0404164021963253,0.0446685711404637,0.0494298264543281,0.0383311524408546,0.0504633677033458,0.0450629253596087,0.0435157508460813,0.0377155243821008,0.0532157458061715,0.0506482044251576,0.0487981399217097,0.0550104429905663,0.0455616580362497,0.0465133753802276,0.044173461619202,0.0474828704451089,0.0538055380732353,0.0501739729891503,0.0450000605112188,0.0599843711010089,0.057327857717385,0.0453035812029603,0.0482401828698266,0.0432392747301158,0.0468773980647941,0.0367349717291284,0.0462135157356754,0.0389186148029479,0.0345043736700044,0.0464638411495389,0.050797035883836,0.040883186547762,0.0509774604267722,0.0468368943170986,0.0512796497305286,0.0458377840147399,0.0526762467019201,0.0390702975328207,0.0463912459334374,0.0455056898872675,0.0476966313530566,0.0504392652216328,0.0451704760582827,0.05173578846939,0.0482039465925762,0.0444235302064118,0.0523614321615715,0.0475407432903594,0.048037008276649,0.043278245870376,0.0460490089094255,0.05574862409428,0.0475476343147582,0.0483938322087194,0.0484181422780831,0.0430005183498707,0.049357077609329,0.0473767017738735,0.0553183967547961,0.0419333587563767,0.0457846152088821,0.0455993217091721,0.0568055632872331,0.0552684067753966,0.0511697824217242,0.0405218017368411,0.0395359420367894,0.0432206368578025,0.0437574716883739,0.0495050860990514,0.0474448113024109,0.0485794667405359,0.0400272520105954,0.0444798855567136,0.046688180115998,0.0436202826509679,0.0485961432548524,0.0469997668574795,0.0401107963576898,0.0523264701801716,0.0460101353980483,0.0427078866193559,0.0461750051847308,0.0493155425378883,0.0480343262173353,0.0454066371081793
1777.4556890872,0.0677858203364568,0.0608347790130109,0.0526365282944214,0.0683632751550145,0.0703156528357655,0.0541892804482709,0.0621576676875374,0.0562867188940407,0.0604607523656661,0.0573306675629575,0.0503186265617905,0.0582876743395988,0.0564609426822408,0.0586713190597711,0.0531152780956036,0.06138146372796,0.0515757474032869,0.0515136303634244,0.0705119319485158,0.0580993010965391,0.0575421437989245,0.0527250446743768,0.0634644787790784,0.0612434129805494,0.0686418827294471,0.0593511784443825,0.0588652738505874,0.0631425471080299,0.0578063108323615,0.0596318626954744,0.0611716126691254,0.062089205415187,0.061816546028315,0.0609309547001466,0.0640730735993234,0.0548113292965234,0.0649838226974275,0.0632872392968978,0.0590572214998139,0.0688024615145095,0.0610351357244435,0.0651733037394514,0.0593036750563216,0.0609121762007815,0.0654122003837033,0.0605627699838342,0.0548302279082996,0.0651812075057304,0.0657609896791506,0.0552845775597375,0.0680769838679934,0.0554845897407872,0.0529074134075415,0.0585595986027319,0.0529344358567268,0.0575541244448994,0.060019608916336,0.0569961173640703,0.0589331926717494,0.0573833261867466,0.0568251626833844,0.0620616403215036,0.0674698320452826,0.0534115540140059,0.0611366984540407,0.0658604744595656,0.0481054337297093,0.0642418797099679,0.0669126746136814,0.0655419259562191,0.0541240310336445,0.0580114117182349,0.0548596663895904,0.0649279977683083,0.0610810086749525,0.0574185142109744,0.0552712007071641,0.0602855719630891,0.0536094014811361,0.0659010965507138,0.0567732455251434,0.0666862254522175,0.0521271589639121,0.0613798556005538,0.0643473986670683,0.0637623195511356,0.0515268951971097,0.05911453734415,0.0553965941995152,0.0635676484040333,0.0598630276493845,0.0713940466256872,0.0684743037071787,0.0566307276985959,0.0589622408825205,0.0650776167838068,0.0536504469864719,0.0654721358591792,0.0608544938519357,0.0626481468485441,0.0564452429629762,0.0645101162772089,0.0701399491747889,0.057700771737275,0.0619059946907157,0.0649901964148892,0.0641386580156628,0.0607315007779667,0.0613116744253424,0.0468416568837268,0.0554397271036091,0.0516722854002999,0.0594273626927532,0.0648319588935927,0.0697374817303431
1780.01769971991,0.0673707380046908,0.0716149439979375,0.0667737404673555,0.0766392046413949,0.0799050288796928,0.0629415906784849,0.0632899156471641,0.0664908942160987,0.0612876932605077,0.0570985905524579,0.0591396376670117,0.0542488127675715,0.06311457883852,0.0600489487713108,0.0619080271776734,0.0694644125384238,0.0681568193442139,0.0689362500429638,0.0658094841025045,0.0556398454689843,0.0692778604106111,0.0602908447092763,0.0690600836559618,0.0655200917076332,0.0689025741315008,0.0586051111319616,0.0690455341745483,0.0662887131179825,0.0711272095205628,0.0606105812893137,0.0714342704114114,0.0759582593303076,0.0659571839717877,0.0629474647484367,0.0627098648103736,0.0633443449739529,0.0636723669149864,0.0609933491108763,0.0652112402375062,0.0628061242432815,0.0636670050279964,0.060912948923244,0.0629916513679907,0.0622305610484627,0.0699078980634946,0.062655325041162,0.0629045601620859,0.0621176464458812,0.0774813994384075,0.0762925854917505,0.0649563624740478,0.0639193510991173,0.0678869327389778,0.0639683291496075,0.0679977507145564,0.0642962030386085,0.0517618785715534,0.0594753294504744,0.0749256300133654,0.0657394736710453,0.0605954923859496,0.0660642352631276,0.066120818939029,0.0705707901052805,0.0695743054120087,0.0639168801206132,0.0593789504925674,0.0674115577096063,0.0618488267303939,0.0598972761406229,0.0619124972170213,0.0600289952272153,0.060328403795166,0.0587532781047416,0.0661242912226925,0.0636973959242816,0.061312326433948,0.0702982547300414,0.0634202133142678,0.0726081733913434,0.0736786193301254,0.0588061397962651,0.0645705552136769,0.0581164343733265,0.0548223113276794,0.0645603115931079,0.0631666077997055,0.0629487718179744,0.0619675412419105,0.0660824122436301,0.0563192127752397,0.0660127695392553,0.0625840052719853,0.0586147097242764,0.0642784581760752,0.0602295003397564,0.0595386428820228,0.062953810653811,0.0570324911662849,0.0611684740968415,0.059128118804616,0.05635766525555,0.0633513249832253,0.0647217267138317,0.0574789828680854,0.0589229108080886,0.0615920739829721,0.0621701705892663,0.0599050918319266,0.0597251218347548,0.0574363865675287,0.0665348018337265,0.0660732533052383,0.0626959653925683,0.0585486727246602
1782.57800146015,0.0751965761650679,0.0693110218770953,0.0666262490712106,0.0699902961979903,0.0709620907967155,0.0657239128770606,0.0606274407754012,0.0649861434714615,0.0755526804495471,0.0617828589098686,0.0626369998009872,0.0638853286419491,0.0721021500336875,0.0698234107170109,0.0656994321386181,0.0743004850444025,0.065107237164169,0.075544194348915,0.0703345987444972,0.0598370481771488,0.0597690215035706,0.0639995959443684,0.069471859081343,0.0636115260460771,0.0675036010912882,0.0623174340170489,0.0695021368949037,0.0617249902343102,0.0630941174667125,0.0588578415611049,0.0623269993882949,0.0699769321316909,0.0707045711694302,0.0683956185644606,0.0693212617389954,0.0624004151822071,0.0623978716077984,0.072832440277292,0.0685371294914066,0.0718924115167799,0.0703384114727437,0.0595357379138559,0.0672877698665729,0.062517455458304,0.0703417956034273,0.0659614456580066,0.0591753369074307,0.0710154983364032,0.0786133231580266,0.0707848537943986,0.0618732619294211,0.0637442666835319,0.0705983188725476,0.0740029571583325,0.0695951251204886,0.0647013414400394,0.054280524509967,0.0636614393557559,0.066551568700243,0.068934998004772,0.066147300083298,0.0772263949237227,0.0737390694487123,0.0635551081719814,0.0723006205620986,0.0603251117010114,0.0668329787123637,0.0711840856097158,0.0674257061540355,0.064877089478237,0.0575362308890326,0.0746580136479539,0.0652572543541535,0.0626141341748194,0.0700407153413226,0.0723815214314302,0.0593347703540719,0.0701179702597981,0.073267658103539,0.0684628685384702,0.0685523066917818,0.0656677466512985,0.0764723395961524,0.0636014741584735,0.0636498429451134,0.063121037280774,0.0691094071794429,0.0768221652713115,0.0651108728145337,0.0601309868780833,0.0775646001724896,0.0778972885518874,0.0665881579653516,0.0711798941966967,0.0679144879357376,0.0621793390379929,0.0591687391583303,0.0734538326724867,0.0643624039935684,0.0562661652587952,0.0688072012239267,0.0660112050918432,0.0672325925403246,0.0637231635445062,0.0644627819427389,0.0771222973472455,0.0689451350141922,0.064775905842909,0.0591155227858083,0.0589124267172497,0.0577684121802871,0.0680252204677256,0.0593273173874708,0.0720942254897393,0.0603769328477037
1785.13659586393,0.0697284973112061,0.0703252499191797,0.0577023576214676,0.0788391156555127,0.0722709312470547,0.0641750056619168,0.0574555927862989,0.0677904348260615,0.0619785491772095,0.0599969180495087,0.0506278844117626,0.0626465315847383,0.0644813169168146,0.0617983368875607,0.0656094216953876,0.0709626365027137,0.0649054715124462,0.069167083515172,0.0619254584446613,0.0580029537520641,0.0623012532914422,0.0632951028507077,0.0670209572511895,0.0555178659338883,0.0621831589058084,0.0688302321058444,0.0636807777097362,0.0666066378526082,0.0601657109844891,0.0549275500728735,0.0623927843377695,0.0657906058109589,0.0652281160847771,0.0563395996026222,0.0714343747709358,0.0626110118259016,0.0684549036716287,0.07625299450125,0.0736213131655278,0.0775451347070202,0.0690436289583962,0.0752731976098371,0.059625885520209,0.0591084227730809,0.0667140470793378,0.0704812833177493,0.0566093993851015,0.0714327313437522,0.0768326937686554,0.0718063231225742,0.0628616043989442,0.0687952745783852,0.0674875979909219,0.0594078269599712,0.0694695128341191,0.0709396154281923,0.0653145666852881,0.0545181647033332,0.0675112490192645,0.0640822878691906,0.0577836389078409,0.0658795372851665,0.0677081246714355,0.0692610425789423,0.0687408634044685,0.0618250649279195,0.0533950814460935,0.0687668731950521,0.0671495036290303,0.069894331434619,0.0653982473667398,0.0716050524329793,0.0609916801738872,0.0659247256464167,0.0739956771096903,0.0680882831573274,0.0666009476386789,0.0671337345027924,0.0619923543392668,0.0683664718670673,0.0606336804280454,0.0702142042123641,0.0623901223992244,0.0534424567837023,0.0593493953095917,0.0708144791848462,0.0687821088689056,0.0695555588387527,0.0677138425585758,0.0666861489404453,0.0758221009439396,0.0737026156135724,0.0625128059589421,0.0644531520753176,0.0698704759809616,0.0624755524918704,0.0599796133016105,0.0648008677949515,0.060030965859274,0.0704260924098894,0.0611247166557235,0.0590791857355674,0.0705612979198205,0.0604595556185522,0.0657958436212556,0.0647842224490761,0.0496518619912754,0.0617658684889117,0.0618401298576166,0.0678632329206621,0.0638056505215194,0.0660549004966133,0.0613773421987533,0.0608345695147922,0.0661923467023524
1787.69348448529,0.0663487841713526,0.0631763222767773,0.0697462444264451,0.0697710152796861,0.0777963573915633,0.0681266498619215,0.058154786102314,0.0636914466844052,0.0613066896440002,0.0555364828776169,0.0552691997263944,0.0565338829474062,0.0620647987733891,0.0616130138638854,0.0666771477833174,0.0599984911538098,0.0540646903124391,0.0557740300522826,0.0567982921822922,0.0578609035239821,0.0550481615109897,0.0598465530624967,0.0669297763466587,0.0576426079108778,0.0574653044416777,0.0632210830619524,0.0561756657585563,0.0587981871271127,0.0533349886691678,0.0499273679920044,0.0573603703051578,0.0546243555564747,0.0586485918072223,0.0562030690918582,0.0577102311298083,0.0533449512407706,0.0616436831715253,0.0605431236833223,0.0609722962617166,0.0618267436981386,0.0632130609163337,0.0477844299357193,0.054857222244417,0.0530694317724482,0.0566818889071383,0.0556416762028107,0.0484416597062281,0.053716248017646,0.0756823349575764,0.0669653513165555,0.0529389630631801,0.0571658634233338,0.0620708541413834,0.0557489651861845,0.0629239480471733,0.0563532509908125,0.0526431336457707,0.0576632690543475,0.0673461703958655,0.0569570224446494,0.0622478605044595,0.0610991829136537,0.0652881948918368,0.0628989937379711,0.0606199878235338,0.063362075702933,0.054312018665312,0.0629903770216011,0.0586640925747186,0.0643619690511365,0.0517994978563077,0.0531565719924731,0.0486857939304016,0.0522181118409197,0.0599280676657484,0.0632423758569695,0.0600946518205054,0.060777327416067,0.0557654473985342,0.0620029594280227,0.0652010903034567,0.0606822217115899,0.0518142671437587,0.0590015274092704,0.059664807482094,0.0552367576921871,0.0564515676908486,0.0558563355960301,0.0553410792448969,0.0562729986678558,0.0493649847460529,0.0639881975679238,0.0631139162293555,0.056007156858306,0.0546973194902323,0.0537934613804214,0.057393731020265,0.0584427217424011,0.0621720691533055,0.0546432308820327,0.0621785837841695,0.0590627486865785,0.0638869802694844,0.0462995698511292,0.0557910859331203,0.0599833937602077,0.059401744972617,0.0582274446728056,0.0553322097305239,0.0573963369512784,0.056273641980258,0.0577089313760473,0.0558746973793179,0.0542111141245671,0.0522911613187934
1790.24866887635,0.0609556844314493,0.0670001499136802,0.0653026086789022,0.0677225526741624,0.0763963393490037,0.0524537353452409,0.0654628362711476,0.0537571855143045,0.0488780837150331,0.0608728455442469,0.0551232507716747,0.0564590074193765,0.0648527454634777,0.0531037851500933,0.0661033165777067,0.0654967185720939,0.0522535676354911,0.0635820664856647,0.068466645819004,0.0406547279305416,0.0576537758173145,0.0603302422470297,0.0593342330056669,0.0569763464155211,0.0601360438280732,0.0515697068092344,0.0584720787441333,0.0543481151365277,0.0566757767570149,0.0516100089552095,0.0603596110449053,0.0616335812168856,0.0486859936259044,0.0578011093584881,0.0496933186163333,0.0525077672870909,0.0537476530551762,0.0651683974721715,0.0581078542443999,0.0623487034968152,0.0579922345054521,0.0544882764790771,0.0575514850293561,0.0587893146618997,0.0560601787182865,0.0620015924453621,0.0538404118325262,0.0581827025786592,0.0604013100165071,0.0544918393904106,0.0563081122596226,0.0553747734951277,0.0537622504485363,0.056716440546133,0.0617013828407499,0.058611205903133,0.0524443542772922,0.0541621391560185,0.0585030169167279,0.0602655032648431,0.0568665337024021,0.0569517395750008,0.0593373510380958,0.0565757409243047,0.0548373411355762,0.0649362916370213,0.0525113551521194,0.0623456642739928,0.0549291610601122,0.0553382769133137,0.0539254457487503,0.0570367644585972,0.0543037968080248,0.0614859522465004,0.0622127004892312,0.0608021762756492,0.0570782979242431,0.0646898726854815,0.061269033166508,0.057396169898104,0.0681081988307566,0.0411891628911862,0.0545749799435767,0.0587900600095444,0.0542934398366406,0.0601618776193809,0.0521844612298915,0.0610210579157388,0.0539766699057675,0.0515647945251736,0.0413656003954462,0.0570904699598552,0.0660723992774613,0.0557998147761202,0.0607321901262253,0.0468387333905896,0.053700079090469,0.0605880691470276,0.0567468413810409,0.0544637092166039,0.0574701893050024,0.0550713392738275,0.0566604065896557,0.0534675529985716,0.0480980112378118,0.0644506165935973,0.056427937075343,0.0490735456350552,0.0558151808145494,0.0532601341087213,0.0703203370773878,0.0610608394021043,0.0574166580785541,0.0527988666506387,0.0536649939154192
1792.80215058734,0.0632913573001768,0.053913355286588,0.0553879086817081,0.0761849736511021,0.0703923087448888,0.061398725251575,0.0580261162913441,0.0609466681118418,0.0573930634399711,0.0570283224426003,0.0501901847097349,0.0558751612195881,0.0642350886988755,0.0641394131749653,0.063888079471386,0.062821490042559,0.0549765924673743,0.0589481387644635,0.0709849547378438,0.0433455528511553,0.0537483416480648,0.0552884487586961,0.0691851947370794,0.0620037178941232,0.0566238072185752,0.0548783779422944,0.062530584381195,0.0554701316674436,0.066247598551805,0.0655131685443532,0.0662529558615484,0.0616632018620151,0.0490213908385985,0.0690555790870869,0.061557677428989,0.057861425809412,0.0616002259422562,0.0698324678586159,0.0615884337536151,0.0577016526917524,0.0636720451864486,0.065214365703066,0.059712092211542,0.0501553918383128,0.0683634446641441,0.0672244445995312,0.0513825702790313,0.0598473651589815,0.0658259624819796,0.0638901947235474,0.0562578681956915,0.0645751323897399,0.064829496628415,0.0640313278196699,0.0722605063869743,0.0690208282306539,0.0522821919984143,0.0540392035846121,0.0665475102315346,0.0613017290018478,0.0491976712712679,0.065304851032761,0.0605688815217724,0.0595155269001554,0.0692159851048304,0.0569998874685442,0.0529497878355715,0.0515492308789064,0.0624246225808319,0.0528224054666123,0.0653850093875282,0.0609542944701044,0.0634213638527978,0.0572655545886143,0.0540491510923449,0.0649093480799126,0.0615798925502982,0.0635254290052195,0.0523322773281276,0.0688742622559195,0.0665258571681233,0.0652587998062911,0.0596858625425845,0.0528082048715048,0.0615515007113919,0.0605763553610955,0.0663008563514351,0.0632831990006805,0.0572691315833798,0.0616309190497738,0.0541266017148102,0.076351172374698,0.0661701179435261,0.0632455241904714,0.0599377089732375,0.055697713102007,0.0569097402949101,0.0559979420720285,0.0496050285553862,0.0652754187054608,0.0620783874741004,0.0597153902452146,0.0589229982080256,0.0480131572023897,0.0603471662672853,0.0666483012047037,0.0668349618120222,0.0574795029554852,0.0621303870077505,0.0697593446016494,0.0639952738028688,0.0638675164581452,0.0560773320015128,0.0571728360618585,0.0590264186898751
1795.35393116651,0.0866871275689624,0.0818700830912955,0.0818642497782749,0.0991482467869156,0.0918181881004642,0.0813067420929935,0.0774572699498922,0.0719118663678195,0.071841856221979,0.0738253634937361,0.0688752769567732,0.0809700387239354,0.0785804501208181,0.0791136201828864,0.0701095852478638,0.0787988035379998,0.0729111127184517,0.0733450716785971,0.0859748037071623,0.0742083728976486,0.0695238432629225,0.0864472280553176,0.0901000786573032,0.0693310741747918,0.0802925485104536,0.0819902486641361,0.0827077443889696,0.0809796595962957,0.0736064033068618,0.0833306835547841,0.0813199828899142,0.0863036811906168,0.0750459698276941,0.0854399347924438,0.089901731210686,0.073882417890269,0.0751015911619262,0.0869389035515584,0.0886126995091196,0.0854970412997514,0.0871131459077381,0.0856553993154343,0.0784750409045995,0.0793934326902175,0.0959347682250437,0.0783640909786544,0.0748944270081454,0.0814239056277947,0.087232900869174,0.0863092963922346,0.0787197614804884,0.0893790238941086,0.0817950103887341,0.071957345971576,0.0805101160334882,0.080628031258163,0.0764638682905446,0.0767862678156385,0.0839263359539918,0.0854781555279907,0.0793562060667166,0.0825984284245201,0.084457466618818,0.0849781385176256,0.0830584975483931,0.0844846526658189,0.077105859733175,0.079848541245843,0.0858631903966934,0.0762243265060871,0.0751389478692031,0.0803418726959808,0.0846933332095206,0.0854296796490794,0.0861256128854159,0.0868052924770861,0.0712979491421488,0.0862712135695615,0.0762858221214011,0.0895599433940603,0.0813910075811776,0.0823085172744777,0.0827595215728199,0.0741604281962798,0.078004877766194,0.0826309501997912,0.0735744135855875,0.0773501271266956,0.0802315533198077,0.0802364188151441,0.0767111924293407,0.0889810795336338,0.0784822752111691,0.0789301895079426,0.0729130163217956,0.0769898647581426,0.0704561196309314,0.0723286584326246,0.0705796937537367,0.0772774763140152,0.0806429287695065,0.0810197786104986,0.0824881691418022,0.0753956642530094,0.0720646796418327,0.0827294329888135,0.0749603496300849,0.0806192255777579,0.0829690172533237,0.0754240406855259,0.0786823030948335,0.0836194775304035,0.0874738509073505,0.0845790518230453,0.0774056400162838
1797.90401216025,0.0650000034809008,0.0655796965786235,0.0736766043758866,0.085243504712042,0.0756780663223744,0.0657508207956884,0.069003169905229,0.0610244278281069,0.0557719406465879,0.0564995228696335,0.0618716523018735,0.0586368730331993,0.0648378825543734,0.0651415755907307,0.0668515436702523,0.0690840487744781,0.0599767605204517,0.0666182262707,0.0631665168603509,0.053253153772116,0.0607816996521106,0.0664604947512147,0.0681158522360423,0.0619895850063554,0.0587599202683424,0.0582926358352517,0.0650236298497422,0.0683437400481484,0.0691822445665547,0.0596548219929182,0.0616049090394291,0.0641844909398011,0.0560751012642842,0.062253219359446,0.0717934913613898,0.0602837598775771,0.060585360674477,0.0674379864774432,0.0640806438341042,0.0566251755768477,0.0700014433939167,0.0600245258663066,0.0590057639041332,0.0580397414689286,0.0708296272612227,0.058976535885546,0.063489051409515,0.0684000152418218,0.075025000602248,0.0680515368914649,0.0701024218308544,0.0646431068483636,0.0630537520341656,0.0615644271462747,0.0688361686975547,0.0667750444366288,0.0684614405840698,0.0550180242149489,0.0600895280270495,0.0606008863888702,0.0671127119228357,0.0601759162245916,0.0637486141560591,0.0689715907542518,0.071067983541072,0.0637055469097138,0.0616459695023482,0.0691273016136597,0.0716396599708128,0.0579038882343801,0.0686618931975847,0.0586135830500431,0.0650377784277664,0.0612905791786138,0.0646402255106098,0.0637758489014236,0.0637916774198444,0.0618806508743129,0.0635261425386338,0.0592756974128853,0.0691326300545166,0.0705760947008287,0.0630809874798098,0.060122903862741,0.065304456896532,0.0649287182905151,0.0556587435456068,0.0649832377911091,0.0662768501879969,0.0609015680548575,0.0567372674104988,0.0733060038079867,0.0676406293291846,0.0606799364597771,0.0630378233942439,0.0667663712491781,0.0525680454725276,0.0610409659277764,0.062344993183443,0.0599138691743712,0.0632882317039437,0.0616651697831357,0.0647457791344191,0.0585073153571561,0.0605017808924565,0.0653894304258646,0.0645615322455401,0.0642289951673613,0.0713996234438316,0.0559497902274986,0.0622267638194303,0.0666797482547487,0.0622719672922185,0.0579860759151306,0.0625237688864307
