Wavenumber (cm^{-1}),Spectrum_OrigIdxInItem_1,Spectrum_OrigIdxInItem_2,Spectrum_OrigIdxInItem_3,Spectrum_OrigIdxInItem_4,Spectrum_OrigIdxInItem_6,Spectrum_OrigIdxInItem_7,Spectrum_OrigIdxInItem_8,Spectrum_OrigIdxInItem_9,Spectrum_OrigIdxInItem_10,Spectrum_OrigIdxInItem_11,Spectrum_OrigIdxInItem_12,Spectrum_OrigIdxInItem_13,Spectrum_OrigIdxInItem_14,Spectrum_OrigIdxInItem_15,Spectrum_OrigIdxInItem_16,Spectrum_OrigIdxInItem_17,Spectrum_OrigIdxInItem_18,Spectrum_OrigIdxInItem_19,Spectrum_OrigIdxInItem_20,Spectrum_OrigIdxInItem_22,Spectrum_OrigIdxInItem_23,Spectrum_OrigIdxInItem_24,Spectrum_OrigIdxInItem_25,Spectrum_OrigIdxInItem_26,Spectrum_OrigIdxInItem_27,Spectrum_OrigIdxInItem_28,Spectrum_OrigIdxInItem_29,Spectrum_OrigIdxInItem_30,Spectrum_OrigIdxInItem_31,Spectrum_OrigIdxInItem_32,Spectrum_OrigIdxInItem_33,Spectrum_OrigIdxInItem_34,Spectrum_OrigIdxInItem_35,Spectrum_OrigIdxInItem_36,Spectrum_OrigIdxInItem_37,Spectrum_OrigIdxInItem_38,Spectrum_OrigIdxInItem_39,Spectrum_OrigIdxInItem_40,Spectrum_OrigIdxInItem_41,Spectrum_OrigIdxInItem_42,Spectrum_OrigIdxInItem_43,Spectrum_OrigIdxInItem_44,Spectrum_OrigIdxInItem_46,Spectrum_OrigIdxInItem_47,Spectrum_OrigIdxInItem_48,Spectrum_OrigIdxInItem_49,Spectrum_OrigIdxInItem_50,Spectrum_OrigIdxInItem_51,Spectrum_OrigIdxInItem_52,Spectrum_OrigIdxInItem_53,Spectrum_OrigIdxInItem_55,Spectrum_OrigIdxInItem_56,Spectrum_OrigIdxInItem_57,Spectrum_OrigIdxInItem_58,Spectrum_OrigIdxInItem_59,Spectrum_OrigIdxInItem_60,Spectrum_OrigIdxInItem_61,Spectrum_OrigIdxInItem_62,Spectrum_OrigIdxInItem_63,Spectrum_OrigIdxInItem_64,Spectrum_OrigIdxInItem_65,Spectrum_OrigIdxInItem_66,Spectrum_OrigIdxInItem_67,Spectrum_OrigIdxInItem_68,Spectrum_OrigIdxInItem_69,Spectrum_OrigIdxInItem_70,Spectrum_OrigIdxInItem_71,Spectrum_OrigIdxInItem_72,Spectrum_OrigIdxInItem_73,Spectrum_OrigIdxInItem_74,Spectrum_OrigIdxInItem_75,Spectrum_OrigIdxInItem_76,Spectrum_OrigIdxInItem_77,Spectrum_OrigIdxInItem_78,Spectrum_OrigIdxInItem_79,Spectrum_OrigIdxInItem_80,Spectrum_OrigIdxInItem_81,Spectrum_OrigIdxInItem_82,Spectrum_OrigIdxInItem_83,Spectrum_OrigIdxInItem_84,Spectrum_OrigIdxInItem_85,Spectrum_OrigIdxInItem_86,Spectrum_OrigIdxInItem_87,Spectrum_OrigIdxInItem_88,Spectrum_OrigIdxInItem_89,Spectrum_OrigIdxInItem_90,Spectrum_OrigIdxInItem_91,Spectrum_OrigIdxInItem_92,Spectrum_OrigIdxInItem_93,Spectrum_OrigIdxInItem_94,Spectrum_OrigIdxInItem_95,Spectrum_OrigIdxInItem_96,Spectrum_OrigIdxInItem_97,Spectrum_OrigIdxInItem_98,Spectrum_OrigIdxInItem_99,Spectrum_OrigIdxInItem_100,Spectrum_OrigIdxInItem_101,Spectrum_OrigIdxInItem_102,Spectrum_OrigIdxInItem_103,Spectrum_OrigIdxInItem_104,Spectrum_OrigIdxInItem_105,Spectrum_OrigIdxInItem_106,Spectrum_OrigIdxInItem_108,Spectrum_OrigIdxInItem_109,Spectrum_OrigIdxInItem_110,Spectrum_OrigIdxInItem_111,Spectrum_OrigIdxInItem_112,Spectrum_OrigIdxInItem_113,Spectrum_OrigIdxInItem_114,Spectrum_OrigIdxInItem_116,Spectrum_OrigIdxInItem_117,Spectrum_OrigIdxInItem_118,Spectrum_OrigIdxInItem_119,Spectrum_OrigIdxInItem_120,Spectrum_OrigIdxInItem_121
380.958441887711,0,0,0,0,0,0,0,0,0,0,0,0,0,0,0,0,0,0,0,0,0,0,0,0,0,0,0,0,0,0,0.000125257917706615,0,0,0,0,0,0,0,0,0,0,0,0,0,0,0,0,0,0,0,0,0,0,0,0,0,0,0,0,0,0,0,0,0,0,0,0,0,0,0,0,0.00309949302319222,0,0,0,0,0,0,0,0,0,0,0,0,0,0,0,0,0,0,0,0,0,0,0,0,0,0,0,0,0,0,0,0,0,0,0,0,0,0,0,0,0,0,0
384.515243875205,0,0.000250902128310473,0,0,0,0.00187813008870864,0,0.000463708086539957,0,0,0.0032514016482162,0,0,0,0,0,0,0,0,0.0020734340861328,0,2.6047701768894e-05,0,0,0,0,0.000558567505976732,0,0,0.00049898134466139,0.000434019358319238,0,0,0,0,0,0.00106188667343936,0,0.00133227991095697,0,0,0,0,0,0,0,0,0,0,0,0,0.00107086996007474,0,0,0,0,0,0,0,0,0,0,0.00245124693860669,0.00443419132049374,0,0.00016178294573416,0,0,0,0,0,0,0,0,0,0,0,0,0.000723135687033211,0,0,0,0,0,0,0,0.000156562516148444,0,0,0,0,0,0,0,0,0,0,0,0,0,0,0,0,0,0,0,0,0.000176494552077529,0,0,0,0,0.0033328161603185,0,0
388.069349005981,0.00588146554641022,0.00325575942611733,0.000197633342748593,0.00787636606012532,0.0109381648905972,0,0.00755754990920726,0.0126809084207772,0.0251298251178148,0.01041401583084,0.012655436988112,0.001621973784599,0.0026621587788692,0.0059024398784224,0.00666312650965293,0.00606337008746302,0.00580872936146469,0.00178737984461107,0.00896819414457555,0.0136535647944505,0.00911964584154081,0,0,0.00241801716867766,0.00530644335139747,0.00530032839822016,0.0109479550819258,0.00172658718091986,0.00110307289418604,0,0.00727509141381706,0.0103797444113029,0.00947787330845942,0.00723874155347047,0.00439090631017779,0.00920143228221245,0.00186594296274405,0.00767446461990733,0.00286793966936906,0.0102000305015296,0.00692852749945603,0.00933634525260682,0.0101534047126348,0.001227621187423,0.00811711631037064,0.00667576890523348,0.0103995974657138,0.00298348308102857,0.00695869634045792,0.00981581909205457,0.0126565048458122,0.00668564809916532,0.00401268384430203,0.00406528797161994,0.00556076928429214,0.000266718892978999,0.0107750955752004,0.0113956358377855,0.00145874689759977,0.00758823764014395,0.014127147289217,0.0036654881740029,0.00217166237865024,0.00519184999548442,0.00298787379382265,0.0170338816046434,0.0010935694850569,0.0114063192812345,0.00232091731177092,0.00342577886028962,0.00964822084454712,0,0.00669043310929517,0.012117762722351,0.00860816840277764,0.0081547529075457,0.0061296699722232,0.00215183890648888,0.00801584388923591,0.00645649869704099,0.00204927504616863,0.00929170670398758,0.0130643409784276,0.0119092469067214,0.00390045780053448,0.00555057983503993,0.00848390294405416,0.0117332325241059,0.00835395377654321,0.0105719542200158,0.0102362257510843,0.00823212812268565,0.00907680219047106,0.00737611513852113,0.00759177953594835,0,0.012642388167708,0.00650325879162926,0.00515571182148301,0,0.00440236647622238,0.00170929602115439,0.00336415593636075,0.0070955148572898,0.00366849783426619,0.0131567596838893,0.00167339211290356,0.0173941638044838,0,0.00984419174083356,0.00381501316107475,0.00027228622496415,0.00788142816600818,0.0105843836714453,0.00633144318638437
391.620760167868,0,0,0,0,0,0,0,0,0,0,0,0,0,0,0,0,0,0,0,0,0,0,0,0,0,0,0,0,0,0,0,0,0,0,0,0,0,0,0,0,0,0,0,0,0,0,0,0,0,0,0,0,0,0,0,0,0,0,0,0,0,0,0,0,0,0,0,0,0,0,0,0,0,0,0,0,0,0,0,0,0,0,0,0,0,0,0,0,0,0,0,0,0,0,0,0,0,0,0,0,0,0,0,0,0,0,0,0,0,0,0,0,0,0,0
395.169480244544,0,0,0.000632643819676054,0.00285252354193435,0,0,0,0,0,0,0,0.00650306364296777,0.00317147852855008,0,0,0,0.00561613276507415,0,0,0,0,0,0.000185009116951717,0.00117166161219283,0,0,0,0,0,0,0,0,0,0,0,0.00424803684652431,0,0,0,0,0,0.0055129886747589,0,0.00537306178464508,0.00090746721500334,0,0.000415217114271698,0,0,0,0,0,0,0,0,0.00385208292255974,0,0.000126626215896224,0,0,0,0,0,0,0,9.7068227100273e-05,0.00483203298702828,0.000131148479630862,0,0.0015916125273824,0,0,0.00476280030336669,0.001510291471361,0.0067977470465281,0,0,0,0,0,0.00669807298379563,0,0,0,0.00413171655051507,0,0.0018032387760424,0.000339373007830249,0,0.000255108705219345,0,0,0.00660928623259866,0,0.00293409226228044,0.00287225643698921,0.000999329647162995,0,0,0.00218558739993057,0.00794747686121047,0.00320836971348758,0.000451662956942229,0,0.000138549698600199,0,0.000488538892166831,0,0,0,0,0,0.00277228900721924,0,0
398.715512115511,0.0361382778114186,0.0362738397020427,0.0493310502561831,0.0441871897511042,0.0486054147499783,0.0439519575721056,0.0543076951821052,0.0442806158428654,0.0456330934748792,0.0464134687754554,0.0433476140976156,0.043083264119797,0.0446266521071184,0.0491302714808466,0.0522155377347213,0.0382676562230654,0.0379421533616219,0.0442767181186827,0.0402004509670501,0.0438852159262385,0.0405781149668098,0.0527413049955258,0.0442897424239328,0.041846807897494,0.0365098569561908,0.0478707732057834,0.0467378046668393,0.0500826012449898,0.0439131276756878,0.0413568945367291,0.0407344155929075,0.0479183419620385,0.0444964295461268,0.0483828237781395,0.0478414239924833,0.0412391024628819,0.0364655901537076,0.0365697047196602,0.0347441972891785,0.0472369624272601,0.0392121551526728,0.0348331204788332,0.045246577721827,0.0432235521228437,0.0339371002701325,0.0446433294554999,0.042983771830201,0.0353094006707678,0.0383934863967241,0.0430388869586071,0.0390390718884759,0.0448565585019266,0.0517922637136613,0.0455292977775546,0.0494938188271539,0.0437444549156478,0.0486026465669756,0.0443781938395386,0.0397271746946255,0.044451266630804,0.0453377801665549,0.0459982785427446,0.0410704885125593,0.0482622399158792,0.0272539014792222,0.0394795171695564,0.0494518593356048,0.0433862023160808,0.0487988694475021,0.0465320301656992,0.0471689911866486,0.0421045482689579,0.051512843789172,0.0465072162100916,0.0397654061831989,0.0466500608748278,0.0433372711858378,0.045571321203817,0.0433340948639219,0.048818564601388,0.044238875072807,0.0372639805520886,0.0522342954831634,0.0398903014263067,0.0437738455236016,0.0485862161887601,0.0403023137100907,0.0444552057754005,0.0410157487648733,0.0406690512290675,0.0449319670060923,0.0446169975336105,0.0469000163172237,0.0499055120838634,0.0447452951538145,0.0515373023887407,0.0492342749047324,0.0450558495184367,0.0425655092505904,0.0432869578228008,0.0415880300583811,0.0482829613598032,0.0367857706117566,0.0462324036677574,0.0482813439520332,0.051060337051824,0.0337508089525598,0.0545557814721928,0.0460372167982723,0.0508365460392051,0.0476174416492346,0.040179544432563,0.0490161314958632,0.0371980834862745,0.0348276585040091
402.258858656118,0.00392003503889572,0.000975198357189326,0.00421194548055347,0.00312171288508283,0.00466732707112998,0.0129212652797897,0.00886407701644894,0.0169280797229907,0.0024333121260133,0.00751761299479375,0.00291252040625752,0.00684224351328266,0.00905006659479312,0.00529471050621469,0.00296605568788152,0.00357101483981405,0.00369033397956764,0,0.0124568698693168,0.00241968345987805,0.00491240770016909,0.00756662143757465,0.00417892467563226,0.00308450573642563,0.00384610515439462,0.00139313773328338,0.00944558431991996,0.0039188625830143,0.0063695157832893,0.00165628133580192,0.00204033297153723,0.000325900933092786,0,0,0.00575130511639208,0.00620498903682432,0.00311317230360369,0.0031864296912342,0.00209428006520985,0.00843046294522581,0.00590487342057097,0.00527760035532268,0.00473485750156961,0.00829968427981061,0.0102963747878515,0,0.00553943955139599,0.003667460585764,0.00812351836574245,0.00543122801573085,0.00653376311594282,0.00462404559318819,0,0.00415994349512343,0.00666981376674145,0.00513332415849759,0.000865511014684711,0.00783398452462882,0.00529757646604857,0.0030603572602237,0.00383605512512352,0.00157226714067428,0,0.00189494184110303,0,0.0072547535521497,0.00405304039451863,0.00896426499769754,0.00120202515452629,0.00564193710961994,0.00251431978334002,0.00636822751139117,0.0081995371123036,0.0055521006551352,0.0037655931159014,0.00871794566157925,0.00615610090422005,0.0021603758541583,0.0101549846258056,0.00853534199704627,0.00742464749368079,0.00535947193916723,0.00951180220733783,0.00642870822864079,0.00261264638563953,0.0125734110925234,0.00418487771555656,0.000614553776578817,0.00194228906697611,0,0.00643639989705472,0.00405085549930663,0.000711422864159052,0.00186927356330284,0.00912751583191282,0.00575652611884095,0.00726356162083926,0.0114025129420585,0.00308494912500184,0.00625834490033881,0.00541816844202972,0.000792723188273917,0.00837917829143825,0,0.0057638407166977,0.00132272218667188,0.00297224254242274,0.00894846538523609,0.00512931365391333,6.12392540294938e-05,0,0.00472834901101016,0.00242156256458977,0.0104917304559193,0.00688040662581034
405.799522737568,0,0,0,0,0,0,0,0,0,0,0,0,0,0,0,0,0,0,0,0,0,0,0,0,0,0,0,0,0,0,0,0,0,0,0,0,0,0,0,0,0,0,0,0,0,0,0,0,0,0,0,0,0,0,0,0,0,0,0,0,0,0.000568566889647061,0,0,0,0,0,0,0,0,0,0,0,0,0,0,0,0,0,0,0,0,0,0,0,0,0,0,0,0,0,0,0,0,0,0,0,0,0,0,0,0,0,0,0,0,0,0,0,0,0,0,0,0,0
409.337507226919,0.00885375129095946,0,0.0082103904540409,0.00760130641750638,0,0.00928328636781163,0.00959689026463071,0,0,0.00560625367675105,0.0047997290058545,0,0.000499342707381999,0.00751651699408624,0,0.00267958451737826,0.00432584360806517,0.00402042760677207,0.000334707528347812,0.00363638865328502,0.00289127323772365,0.0115607237392335,0,0.00213382631584497,0.0115300260280012,0.0084550633857272,0.00102834765824506,0.0013335177609615,0.00371693142854962,0.00408033773647074,0.00497601753528468,0,0.00415204035563594,0.00621542190141873,0.00223486641125057,0.00208213140079486,0.00381980135549231,0.00183481102457368,0.0086553820553245,0.00762873172654752,0.00603596031601299,0,0.00156953948742289,0.0089147661993297,0,0.00952707393633511,0,0.00167070312361023,0.000653116271685406,0.00168666384496147,0,0.00905410154186913,0.00192319841714233,0.00482860856564923,0.000157784710290546,0.00411159723172765,0,0,0.00264488307250164,0.00470043240194857,0.00714538517208905,0.00650793447995231,0,0.00361113134223274,0.00548785946455659,0.00137438542751156,0.000403877944488739,0.0018177262448258,0.00350084484826157,0.00574111928061835,0.000942272990666985,0.00322455927085038,0,0.00399560511039426,0.00334265302643391,0.00446656006864171,0,4.67995482785338e-05,0,0.000937788881229295,0.00640020178238405,0,0.00179514292099486,0.00106766668076986,0,0.00715021206566804,0.000496761380291315,0,0.00203904819081518,0.00768950894129833,6.65439511051254e-05,0,0.00845369475926102,0,0.00531439496250916,0,0.00465735644779124,0.0016902108638715,0.00598258873364922,0.00355798112367797,0.00222485819959136,0.000957093961981695,0.00576104202815573,0.000585233568972186,0.0118102316808981,0.00138022749296119,0.00261632608365076,0.00618595848837598,0,0.00728909170795135,0.00560353600452793,0.00164749378911906,0,0,0.00265459083867169
412.872814987094,0.00941943815703995,0,0.00934478741187542,0.00545947481317721,0.0134760370574817,0.00929726084423062,0.0112427486309193,0.00276699102907912,0.00489851920848157,0,0,0.0098661838938645,0.00167575527628881,0.0085817458902601,0.0123416753603047,0.00763111219245307,0.00164650184900524,0.0024737499963352,0.00790875562699794,0.00257864147252869,0,0,0.0112965639541248,0.00927860992680053,0,0.00301201854285082,0.0133387677734802,0.0164019419393137,0.00959811769270583,0,0.00502892482356564,0.00532935583428566,0.0107356497227807,0.00403746895705047,0.000163354566672337,0,0.00604670968439997,0,0.00941644157873339,0.00718144038350086,0.00828192614437999,0,0.00264764874795566,0.00343336883202376,0.00607976122703451,0.00290722711869134,0.00564689840641292,0.00331862438458471,0.0077211867342593,0.00386540123417439,0.0043311869341924,0.00476807311383937,0.000840325511096987,0,0.00950983275972283,0.00300995562333808,0.00410989506175742,0.0104346887346202,0.00264173835394957,0.00847351933048772,0.00335382783033032,0.00490606438078604,0.00580131339175326,0.00852157232859207,0,0.00134874605809621,0,0.00503399709468078,0.002939514248826,0.00738340592669232,0.00311037332240788,0.00214935503395466,0.00104460904953016,0.0045387614063606,0.00773460321937303,0.00609717284563233,0.00193130766166184,0.00114558286007606,0,0.00799773148191442,0.00855458659432414,0,0.007207394054955,0.0124026091088346,0.0133853723310668,0.0114991407665872,0.00482178949096867,0.00776368261289564,0.00204169217633692,0.00450589527337168,0.0139785746464502,0.00420219510772706,0.00677193527677493,0.00793447758032303,0.00747781702369235,0.0095721706141793,0.00795258172598185,0,0.00710886829420738,0.000222138931391607,0,0.00694496335554832,0,0.00970980855959451,0.0052327239687288,0.00189883403080471,0.00428953894708392,0.0127325052443045,0.00291927962482756,0.00456425794253495,0.00396359467786922,0.00545059999165986,0.00736015828222219,0.0159674970111166,0.000495486546774651
416.405448876898,0.0216203696315096,0.00840552766508065,0.017536557925671,0.0211695757966948,0.0107971893360648,0.0162597333143869,0.0277018346205235,0.0158162862336361,0.0140477347661654,0.0089954531842858,0.00709623675531497,0.0159569206208428,0.0116201652750613,0.022626569302829,0.0139586658849042,0.00928508385799823,0.021477242847879,0.0193407966721871,0.0170619471689538,0.0214704766868899,0.0208080832598162,0.0208880056746214,0.0145132866792848,0.0114638439661992,0.0207038245030886,0.0213484889597285,0.0186723168628415,0.0147642759130764,0.0213589288938067,0.0145705529543245,0.0214625485063985,0.0106892042305168,0.0205764357821048,0.0251648569196397,0.0162449344687815,0.0156980818916485,0.0203166324952303,0.0138928803897425,0.0128923507917732,0.0224092738063349,0.0166234755619687,0.0182259535886093,0.0123565376202081,0.0154235919698512,0.0189983185104682,0.0128024290832074,0.0197673880686248,0.0216270610168846,0.0153011114411568,0.0131153047565196,0.00588740428328365,0.020891585191884,0.0158662213706951,0.0183034095168763,0.0193811395363362,0.0214960830214245,0.0143637092140578,0.0190629422225287,0.0135664275166231,0.0154877544590443,0.0195130430660617,0.0113204769735651,0.0101259533991978,0.0128547874228471,0.014146265666008,0.0142091039411069,0.0103467230283782,0.00767331263884773,0.00789159337239626,0.0133666246375048,0.0237958446100819,0.0178774711928168,0.0196422843490714,0.0154489568372788,0.0203020474311214,0.0131293928222617,0.0224305868883818,0.0132265447448151,0.0123401423563047,0.0166629326681129,0.016646151946397,0.0130547635012705,0.025193960813412,0.0150535607794243,0.0230592807627847,0.0152706489563804,0.0139803670038002,0.0179483152817505,0.0224027770702889,0.020612775465555,0.019824853297603,0.0186428974868735,0.0243310562978045,0.0188247105620137,0.0129036753697605,0.017223577181417,0.0177747766389903,0.017432350293848,0.0120538687100266,0.0167950819130047,0.0129737010777569,0.0118196068051033,0.0183723310693361,0.0258015799814983,0.0150031551744349,0.0189912524178711,0.0146105146765464,0.0225478672783536,0.0126798154128808,0.0100147466516002,0.0165475681097634,0.0178470140523488,0.0143718557242163,0.0186416285132848,0.0134029192795166
419.93541175101,0.00940038208318968,0.00574937743822217,0.0153373315224176,0.00379318234269708,0.00701293352306729,0.0103076454337141,0.0271665471077075,0.0126251890793569,0.0108522228856213,0.0084723353527146,0.00552525441936336,0.0126416459339525,0.00833295608163523,0.00899534442418643,0.0106630092841751,0.009819304427642,0.0112244907514528,0.015561907051992,0.00365148768105349,0.0122517593696623,0.00830261121920104,0.0170436383617853,0.00738034359523223,0.00759442137319876,0.0104629776609928,0.0153042943948486,0.0148917402405575,0.00933095672846082,0.00837772887271912,0.00584235997414289,0.0061350862714836,0.00851352032297777,0.00846553862785432,0.0142430308207851,0.00502101930352729,0.00973914296648421,0.00876011285239428,0.00904722971622421,0.00864676283225635,0.00727789721558187,0.00989429355591271,0.0107852502815059,0.0144566996132293,0.00714661512492567,0.00977042819238754,0.0110849373847411,0.0153581400841248,0.0102925420229989,0.00549136876722726,0.0125016346911867,0.00795603627828801,0,0.0109573575116009,0.0139514901055404,0.0110647764047524,0.00834500448962318,0.00340643501503597,0.0172927118999438,0.0135016346374892,0.0126572280116087,0.00972045868061688,0.00858456075330931,0.00632602449561951,0.0127854395991996,0.00981771048309134,0.0033600855919369,0.0108818601826547,0.011376229447315,0.0178027574579682,0.012214639917112,0.00571812591135231,0.00859541370251906,0.00581989606157084,0.00498503747408393,0.00821860607206163,0.0217607792804091,0.0175085937572361,0.0142630657775715,0.0117191148208035,0.00730512098798991,0.00626206152975924,0.0102150816195927,0.00259567580684197,0.00956150232278702,0.0104770779940229,0.0206516289005707,0.0128394147166166,0.0114823794593243,0.0126871418264371,0.0103905885640347,0.0106413669795914,0.0100378733795062,0.0132270246110804,0.00562631823569649,0.0172007840112709,0.0104888462697954,0.0111707377811543,0.0157331460540351,0.00101668797032812,0,0.0101888719628771,0.0101698723104317,0.00242197029981646,0.0154884875246771,0.00836424767727186,0.0114151141032209,0.00157499886169718,0.00923326119764166,0.00875579762815036,0.00832186800626179,0.0170385368720489,0.0102693758942383,0.00615643442628859,0.0141821981851245,0.00633009975066123
423.462706459995,0.0321464762563331,0.0369366277324939,0.0321916331547026,0.0340735004389719,0.0354446314762145,0.0295570204323571,0.0387941342013224,0.0391221160459526,0.047783055679018,0.0361376705291943,0.0365296893803398,0.0274919958316379,0.0347138345038278,0.0338216295911192,0.0366292030757091,0.032643742049852,0.0326055127659386,0.0339945239653658,0.0358142619119413,0.0337829827805134,0.0369752325940743,0.0300907885752529,0.0311754449030852,0.0403854000356265,0.035668911581638,0.0314165242920388,0.0313863934311243,0.0216192806543916,0.0308237664313697,0.035858799236079,0.0339949534039661,0.0320407825418719,0.0270132058800534,0.0342245441059335,0.0295991715196589,0.0313561604124033,0.0268096223883529,0.0328649969561872,0.0274400210500158,0.0343594610513685,0.0309844740123039,0.0335325151462495,0.0333077614858486,0.0322028571688134,0.0339569658949418,0.0446347240008792,0.0326821003371433,0.0290791803805932,0.0352519568623788,0.0358943127780978,0.0322411606777846,0.0347586704177715,0.0350687229974697,0.0332725749453912,0.0357302456288427,0.03004053190072,0.036410862618294,0.0444152382596049,0.0282005289043779,0.0376044967993974,0.0322996755213622,0.0272767517729123,0.0343307522954965,0.0383710502827929,0.0269882767830733,0.0339203328734222,0.032785366668848,0.0259853711682798,0.0343365861289701,0.032345066714682,0.0350711909709182,0.0264346223163499,0.0309444865464306,0.0306098545565821,0.0322135038117504,0.0271024356638366,0.0282227341399034,0.0345421078151364,0.0306951783596392,0.0377192263136376,0.0354511079149844,0.0310516452849303,0.040799002643026,0.0294583438843416,0.0368958524389552,0.0287356007447574,0.0376107317852417,0.0382260116222982,0.0244033291308289,0.0242895118142465,0.0378558691867837,0.0335170583990505,0.031826003316787,0.0344985099463741,0.031896548086482,0.0401641143235728,0.029675250998833,0.0319628754367675,0.0367008134461479,0.0315697574306893,0.0284701121257913,0.0322991853898066,0.0368917652580311,0.0320585463177346,0.0344522898294371,0.0316610393086248,0.0291919493269381,0.038786167905795,0.0261013575842143,0.0328589594419048,0.0339468110137156,0.0366187927006747,0.0364443872454196,0.0359184798519695,0.0342739102540048
426.987335850322,0,0.00841001587185667,0,0.00579832728941011,0.00204060879711408,0.00421836783209752,0,0.00237000479008481,0,0,0.00603255150817942,0,0,0,0.00669273866769985,0,0.00189983191022887,0.00628412084908618,0.00195638001327075,0.00344380326649486,0.00163547338703813,0.00926212671163159,0,0,0,0.0123258272967381,0.00136276332698524,0.00805715797166327,0.00703911040500963,0.00140031261697207,0,0.00675292974864306,0.00223663554698984,0,0.00815381088138064,0,0,0.00142899167403195,0,0,0.00414049965340047,0.00270650112059439,0,0,0.00363186693916006,0.00038882295811197,0,0.00153231470751814,0.00151280824560691,0,0.00494955367718555,0,0.00427786455184934,0,0,0,0,2.00900607286862e-05,0,0.00145357374588023,0,0,0.0045696454661119,0,0.00214593432292617,0.000946947448613341,0,0,0,0.00162140750910207,0,0,0,0,0,0,0.00595271735171118,0,0.00602413413431938,0.00267526229475599,0,0,0.00279554441040978,0,0,0,0,0.000603892373314187,0,0,0.0028989186724265,0.000230644562282056,0,0,0,0.00300115782113234,0,0,0.0014001207117105,0.00484683429591153,0,0.00353175760481455,0.000589740785248878,0.0001553222843114,0.00209258564797967,0,0.00199074684547673,0,0,0.00812616434446576,0.00751085128879435,0,0,0.000800995935216596,0
430.50930276436,0.0292981730873661,0.0260938818870352,0.0270945484352359,0.0213868587589606,0.0207380661496663,0.0319973174106602,0.0312121048973881,0.0293471576221441,0.0235739249405058,0.0213693191646249,0.0113183005354837,0.0256671430013565,0.0191820789503325,0.0221301445792293,0.0255466119743716,0.0139599791646519,0.0291250636017563,0.02357040441325,0.0254752322664361,0.0222149544884821,0.0291628801051331,0.0304360700209406,0.0232769923651583,0.0193510181012763,0.0230995446291794,0.0294611478103761,0.0327595338179481,0.0283548298036498,0.0256658864165899,0.0226169641806203,0.0190505067556621,0.0157459422671777,0.0289437483460991,0.0279687080057218,0.0278588923709532,0.0349835945876704,0.0304348186386661,0.0241025926786712,0.0187929299924531,0.0293993159958841,0.0351948449080223,0.0291056351412339,0.0265318329893565,0.0187800376622115,0.0369292549156922,0.037738778546107,0.0264323047906042,0.0267202771722822,0.0263308927954171,0.0301459104316178,0.0308028257868361,0.026451032854474,0.0315576448605828,0.0324984982255115,0.0288485741634213,0.0259314578491618,0.0192356432587251,0.0303575758464257,0.0229870818552161,0.0323388909574645,0.0179648008585807,0.0232631727042089,0.015786382757949,0.0287902971555048,0.0241002206650493,0.0260663610162479,0.0199840976622765,0.022853177683103,0.0307163162337639,0.0304347268086666,0.0222222697596938,0.0272680747982435,0.0267546267490333,0.0325142942870671,0.0248533720624397,0.0213984157317854,0.0295718361526675,0.0254478155103922,0.025484912851897,0.0264866817798875,0.0177878269884266,0.0197065833591786,0.0190175748117367,0.0258947931019484,0.0283870414170541,0.033332392432547,0.0281512182807147,0.0315761287149843,0.0278940513250483,0.0267714279093031,0.0343396740012191,0.0338193640869301,0.02873722203779,0.0314601926866385,0.025516762658889,0.0221251768434464,0.0354413877444602,0.0262349309250048,0.0232715870317491,0.0273893416401401,0.0303237549326804,0.019106602764497,0.0284176789631451,0.032275549389913,0.0237524445770589,0.0243934574164961,0.0230365719422632,0.0290530878629287,0.017555219665069,0.0249424742559179,0.0254543753631398,0.0267014330604588,0.02420341138007,0.0301260399099316,0.0215948366035352
434.028610040384,0.0196112578357295,0.0125615594961972,0.016594052826944,0.0233978745417065,0.0205952175043313,0.0125043150066413,0.0194245913196531,0.0109065438245107,0.027755206764352,0.0158384567151774,0.0139009855994767,0.0134036846965348,0.0168693442547113,0.0170531426140929,0.013450827571468,0.0078390158514631,0.0198273307899856,0.0218388381333731,0.0205294065247057,0.0231361984682394,0.0268380461628399,0.0204639349146179,0.0133087680996653,0.0170029028046529,0.0175763783200302,0.021675248765658,0.0165696132779256,0.0158092676837354,0.0125673100627015,0.0164962418709999,0.0189177710003605,0.0209567127336288,0.0189031815433709,0.0185551414522117,0.0223982883227613,0.0197008332256645,0.01107129225826,0.00884759398636628,0.0122258690376779,0.0184796044745487,0.0166442988142648,0.0114742179149911,0.0149795048053575,0.00272588136791382,0.0167941432917923,0.0165968047635247,0.0229902447991684,0.00880551297549946,0.00772110876848319,0.0152085815304592,0.0181020176119517,0.0117632280090251,0.019536487916695,0.0172520334101348,0.0182096422203766,0.0175654868420932,0.0141340403503284,0.0159174599521481,0.0211569464956343,0.0239364044674006,0.0112927969895076,0.0171879960359419,0.0177999782728913,0.0209491177053154,0.00834780574891539,0.0161754143530334,0.011617218862249,0.0149546114798999,0.00668119778175218,0.00730128383861768,0.0209353727143445,0.017322058007126,0.0133607805484855,0.0230230727473589,0.0181185389352561,0.00437754323708106,0.0104830081525153,0.0203042348716423,0.0149291288884301,0.0240971643981891,0.0159641869204283,0.016745335575428,0.0204129452157406,0.0164964040692775,0.0205645929751829,0.0205518370253916,0.0187824189273922,0.0131945245083719,0.0218150573445181,0.0185749290952129,0.0180732848678622,0.0208123502951174,0.00760038773052607,0.0230610541274433,0.0176155205519919,0.0191338300748225,0.0145056822003839,0.0200602126022383,0.0115605370981191,0.00946761906622146,0.0176829298423593,0.00975924699035952,0.0117963734595415,0.0202288737128188,0.0202682422188999,0.0156268431160639,0.0115048968230539,0.0233160488651027,0.0129639046087658,0.014920360416946,0.0236296770769135,0.0179244470252357,0.0153240933644922,0.0233600224530948,0.0138624582481064
437.545260512592,0.0215604432863981,0.0226571847997568,0.0224213424148995,0.0226695135129773,0.0279467126247422,0.0294870628429649,0.0282825937271261,0.027557858361475,0.0286945806045572,0.0336124853409918,0.0223332192869855,0.0165493072085633,0.0216755353290001,0.0260407520482243,0.0268203219842565,0.022920023204853,0.0174770946836399,0.0238744568019532,0.027893786827917,0.0267277966847863,0.0217720987022947,0.0213791553974409,0.0228635211925402,0.0255773001539558,0.0222366322501302,0.0300939451104985,0.0340142281997356,0.0269031419851113,0.0252265002445092,0.0229062149225531,0.0214899532601269,0.0331074277059336,0.0269172659097782,0.0281062407854557,0.0233258535685032,0.0222511172658128,0.0306445815478649,0.0217151931056158,0.0221067719126719,0.0189032332259728,0.01477347113223,0.0250916021806116,0.0288397983600072,0.0375076434891562,0.0289951835991094,0.0158314528491565,0.0314883226516964,0.0253197853643003,0.0270548052320878,0.0341113375406417,0.0270756810111331,0.027168030965681,0.0365361338413958,0.0305275536787788,0.0267979272699835,0.0271533060787721,0.0307273883062052,0.0210936052106789,0.0231323516531458,0.0285904772731213,0.0261925262324511,0.0244945917241731,0.0241001296036219,0.0229150462214759,0.0167862838902585,0.0202476639131751,0.0246192953126213,0.0228840813764966,0.0280826122414445,0.0251244635168794,0.027256111985892,0.0230941696822001,0.0240921378084531,0.0310142094867805,0.0228427398359055,0.0193772563933301,0.0248583857161888,0.026143726706902,0.026697068731587,0.0254947105260566,0.0260462132836043,0.0286397632089997,0.0289031621254627,0.0265383140725964,0.0213862762872063,0.0252353923900466,0.0261384377464834,0.0242701626850737,0.0189259040736243,0.0248394817981342,0.0237414427908797,0.0259738681879407,0.0354389389638332,0.0228334063317408,0.0162711074655841,0.0277072052171529,0.0334348469502622,0.0225631160870596,0.0174198366830774,0.0291799790991327,0.0288133808476112,0.0317673395801151,0.0264024905647497,0.0312980918889346,0.0205758478642148,0.0287910778414599,0.0189283815663696,0.0362480967239522,0.0181734793593045,0.0311288068889087,0.0261608833458086,0.0279828294738869,0.0248676954035867,0.0253061694256472,0.0271285121541575
441.059257011108,0,0,0.0113153327015774,0.00673823401630276,0,0.00617711763134683,0.00636374742228469,0.00635635542856009,0.00176298853144892,0.00631336823818615,0.00507793883430072,0.000915534404851647,0.00170114587601197,0.00897941597715388,0,0.00203965680763252,0,0.00363754287468505,0,0,0.00528967653014757,0,0.00143070502675512,0.00345471372907906,0,0.00439255330180291,0,0.00784371949564045,0.00132561298911155,0.00307138667155623,0,0.00877395787121924,0,0.00886516304919506,0,0.000954075625455539,0,0,0.00284479242588662,0.00142492184662757,6.0868814560473e-05,0.002630756238704,0.00586086279349064,0,0.00880157544659828,0,0,0.00250052211795911,0.00296092891737337,0.0054576168428185,0.000751152963526125,0.0102692374719132,0.000248038407805793,0.00606371719994515,0,0,0.00873113764055495,0.00604936820497688,0,0,0.00380066221673686,0.000120374048716081,0.000693321398491314,0.000805385686631915,0,0,0.00576660301623383,0.00453780475550605,0,0.00684938172992508,0.000269855183829211,5.57538251162639e-05,0.00624714590001532,0.00395052596737114,0.00401117038029805,0.00501309205830314,0.0094915627760527,0.00111558504221558,0.00299664789812045,0.00287255050652086,0,0.00521969904282425,0.00612598915447097,0.00410052954503094,0.00971046533523209,0.0047416758077771,0,0.00314838252574063,0.00205727750013475,0.00101894115508073,0.00580944060984049,0.000597172648251842,0,0.00343894915970603,0,0.00367503957971701,0.0113457947550705,0,0.00564777012073318,0,0.0025906168156162,0,0,0,0.00174521928591884,0.00229035398172388,0.000284041064118531,0.000752105788678188,0.00423783256340332,0.0106513023653241,0.000700088872898404,0.00728785430461872,0.00127495639796038,0,0.00370050036087592
444.570602361988,0.0296137786386679,0.0228639105846308,0.0214447944698244,0.0184142459477125,0.0253628368313421,0.0257853223773222,0.0363683083932998,0.0126824137141172,0.0213836000861906,0.0218560584526079,0.0246751812005896,0.0227483154648205,0.0311955283050196,0.0314605963481894,0.0268902495048441,0.0203272199938315,0.0218129268216575,0.0278553966746973,0.0242932381386893,0.0241025334190537,0.0294439924461239,0.0225731600237403,0.0234186779106826,0.0234696586181103,0.0255559060083553,0.028445915883147,0.0330142324237492,0.026410161730139,0.024671726036263,0.0247127430064265,0.0276377886153601,0.0315883725501672,0.0231270275482642,0.0248698251071292,0.0218841041518362,0.0261795459240395,0.018109916361754,0.0224555625590113,0.0225519194452868,0.0321178063876838,0.0204096669304667,0.0278531774385145,0.0294063758141933,0.0194721899389878,0.0279569149974132,0.0291028967331292,0.0195585474676562,0.0227251967105567,0.0249479357441353,0.0188385600943823,0.0188904935887058,0.0336834329666562,0.0263348604218586,0.0268221939473771,0.0141736610958822,0.0233532162159057,0.0247232794989521,0.031358629603161,0.0220622729559689,0.0225436474746665,0.0224219598245111,0.0202429536451197,0.0263586602715823,0.0163744862566709,0.0271154200980783,0.0272287717302729,0.0225493492609374,0.0244388178543532,0.0236642920520816,0.0267987637596965,0.021806295467809,0.0291190356231563,0.0218602335624916,0.0244689915757115,0.023994354683705,0.0275588420155593,0.0216467364196013,0.0173576048911881,0.0196121547606133,0.0260207278520622,0.0195391200555258,0.0341455033608351,0.0216818867976524,0.0238183874355447,0.0337839053967706,0.0263132323088549,0.0272497765176988,0.0259595997231807,0.0243273278865643,0.0281554905441209,0.030704721927124,0.0222922710471263,0.0221987030641013,0.0184611779113058,0.0200793548068042,0.0204707789775183,0.0181917362587859,0.0225813016399885,0.0328974859010458,0.0153412368231949,0.0174490345943104,0.028074434292929,0.0111056854266961,0.0258977562915729,0.0287453700442986,0.0266440725086657,0.0179534658237088,0.0295736280158118,0.026318847209905,0.0246111705697103,0.0316813395034889,0.0167477321441939,0.0259556039185964,0.0247383132719612,0.0190642614600729
448.079299387222,0.0320065358001899,0.0398596154200037,0.0337255670917528,0.0343960201299886,0.0304760478464068,0.038385410321057,0.0318854066737907,0.0330278680149975,0.0399044123074441,0.0281430499517031,0.0367591953794012,0.0329705899325049,0.0370096225049202,0.0360242759651449,0.0369163222445304,0.0249746894393937,0.0397693653533202,0.0325135006980406,0.0251318132424279,0.0281460218297179,0.030795515439871,0.0337699766595236,0.0258250125705336,0.0270262142462261,0.0376534814590033,0.0389423129979006,0.0322034355449906,0.037416606325594,0.0399309242879269,0.029393905638739,0.0262901310961904,0.0372185693412154,0.0283116763391409,0.0316195512453516,0.027002397992002,0.0324297342216735,0.0288113748120209,0.0249464827342989,0.0367358934669301,0.0297447435899716,0.031259063995369,0.0286606284440666,0.0328939232333613,0.0295535406286004,0.0319794785891968,0.0254911142193285,0.0317764948938279,0.0310757382636107,0.0311738709831879,0.0414771293960669,0.0299470389739531,0.0231806238114151,0.0448612853090129,0.024386811178097,0.0386286681954892,0.0317635175184056,0.0406865936559737,0.0331735395901044,0.0244964484610994,0.0298363583549573,0.0258932614049482,0.0285340756067844,0.0250152451182427,0.0280886983787335,0.024162220191084,0.0290615773386484,0.0288769137112269,0.0339216973938314,0.0255686244800161,0.0319632743835622,0.0367670267075184,0.0326302873587036,0.0292093778374001,0.0329180149375188,0.0368353274335662,0.0272597234462533,0.0294506696831488,0.0330190948116138,0.0383790707543759,0.0295113591907992,0.0306183332267163,0.0266544649401015,0.0322763224712767,0.0299860630329634,0.0366865924670673,0.0325481642169888,0.0296529460889115,0.0246156223381551,0.0395932896434118,0.0273540493432052,0.024500272545635,0.0332533492085832,0.032328121178491,0.0367344228631938,0.0329171478373148,0.0245379599416198,0.0348450322140924,0.0369679921953943,0.037015841949921,0.0321942095263931,0.0295737894299509,0.0272657065081811,0.0354927306653921,0.0271911111836179,0.0256884392123331,0.0381139752144586,0.0231165499054168,0.0319665208954388,0.028162623330743,0.028146253189128,0.0280916185549007,0.0213270009023987,0.0337821259769897,0.0342449416124382,0.0327811847815213
451.585350904754,0.0274775724218539,0.0170368904344112,0.0198039583839744,0.0205440212007463,0.021049192077891,0.0246511594470677,0.0268434410814582,0.0301099192359916,0.0300192674587555,0.0121500766145137,0.0258287777495749,0.0227596285443037,0.0262934964520859,0.0194181332767243,0.0159934682661859,0.0192486944684253,0.0276435990482399,0.0284619430033553,0.0232588999459837,0.0240603839537697,0.026153195378885,0.0301980635479589,0.0249436212290906,0.0190531658688407,0.0201577979617278,0.0207303172760244,0.0196080674179003,0.0290287562399467,0.0293749411003476,0.0242147844486212,0.0205361094685289,0.0224480745281391,0.0230544311278775,0.0231448596848687,0.0288828820581765,0.0251178346695307,0.0169807504004858,0.0192866543370871,0.0245238677457981,0.019218649093293,0.023697008094842,0.0220175750432018,0.017406289840748,0.0160873511591632,0.0257242270075703,0.0279168257876888,0.0243778412611727,0.0227065576349051,0.0238087727057291,0.0242076649412854,0.0230689639172097,0.0180276279201872,0.0267773124608471,0.0208448723774653,0.0316923429823841,0.0178020324105984,0.0186038398588283,0.0300483593666343,0.0269011957333043,0.0196520817509198,0.0196150264000078,0.0207021905462831,0.0225631554463516,0.0157277568526655,0.017950325887541,0.0292512388550225,0.0280416389444152,0.0236909065962421,0.0246707306486595,0.0212500779850095,0.0184211921633451,0.0241655026509095,0.0178641768812685,0.0221833080058557,0.0222912057556822,0.0323636688267118,0.0291219176762705,0.0227694138365514,0.0200424295209283,0.0291563610713693,0.0215956649929196,0.0213392819369183,0.0253046535965339,0.0274712101530542,0.0205870555566554,0.0207131812612152,0.0239197909415296,0.0232423860767191,0.0178087338208498,0.0259865782699427,0.0166599626420266,0.0254519341657708,0.0264600408384258,0.0298268341058478,0.0215730220647683,0.0114596881892198,0.0257827892505848,0.0224810650675189,0.033403800850256,0.01523035084088,0.0227372420855063,0.0199339276341071,0.0115926148357841,0.0268409163393253,0.0280617748285178,0.0227741522639935,0.0130612023946561,0.0260801881043496,0.0196001116110736,0.0261806087041851,0.017892952607328,0.0242598622705172,0.0193273544547248,0.0218670947251423,0.0275975337182488
455.088759728477,0.0107246403422642,0.0108529351694921,0.0233014047202068,0.0185846708901842,0.0115932684032052,0.0216249066254057,0.0175316553585334,0.0190580247450133,0.0324200461567436,0.0156639482967842,0.0127307186692281,0.0130699116607883,0.0215970690615906,0.021213938505983,0.0183668227901555,0.0211150524693891,0.0149526611892354,0.0157008756377999,0.0229667203925387,0.0134657776586377,0.0187704989354311,0.0200458738099708,0.0196883982473334,0.0203604816832327,0.0209092204625457,0.0235937754830377,0.0128617959821267,0.0189984117964878,0.0144928925288842,0.0200982471911068,0.0109229427004937,0.0140821426674018,0.020507962613468,0.0222390037208804,0.0162947226003944,0.0166940232177411,0.0182924496919543,0.00655903385987418,0.0183240537188186,0.0227445286293933,0.0194471248328064,0.0206474056557321,0.0159642434483741,0.00806166707531871,0.0194403713448099,0.0253496334750722,0.0272877795530942,0.0153854644293133,0.0207544533511915,0.0129183979666032,0.0161621554877343,0.0176866888738404,0.0269555541536141,0.0215836342321477,0.0175739907382582,0.0136208381919994,0.0155012294113801,0.0258032006819926,0.017769996240633,0.0154368072893597,0.0143880378651396,0.0208881961385627,0.0163046298895225,0.0230116056180009,0.0122475543274278,0.0127291617531323,0.0112644822674325,0.0298356748391863,0.016534959164537,0.0126934837918198,0.0245951668097002,0.0162146186768023,0.0169205058228173,0.0196282099491137,0.0186597514656881,0.0178823947648592,0.0130974542149538,0.0235035477672276,0.0191233592071424,0.0244106456353689,0.0217668343658408,0.0248159643296454,0.0194001862472354,0.0184373168598723,0.022890113741031,0.0159560009594759,0.0127528228217309,0.0154064938751749,0.0169207472967739,0.0240532240624701,0.0114695680598533,0.0229739996704562,0.0178095565000939,0.0201560946173345,0.0184332180797718,0.0226458618870163,0.019970098496843,0.0286455455816562,0.0171112545320469,0.0126380348199452,0.0169537992191847,0.0201486194727543,0.0112433323817637,0.0216177494949357,0.0227625555731194,0.0143686279431449,0.0121977048529462,0.0212644003380814,0.0219315395286931,0.0203556910580587,0.0153405648098328,0.0196173597312329,0.0227535061609155,0.0176557655080519,0.019149782482251
458.589528668253,0.0390137547112448,0.0309862353667833,0.0333127321695481,0.0274343130714768,0.0273680375191836,0.0336015387787139,0.0384085711571794,0.034453609781313,0.0278318603320793,0.0294591887517463,0.0295368968127253,0.0353330654101831,0.0361203489880881,0.026775754325738,0.0304752838300526,0.035473639967624,0.0312135633156512,0.0273227725273931,0.0306935349164541,0.0368625684358304,0.0303363506643713,0.035520868017593,0.0399314037699362,0.0293054272819897,0.0361451786506886,0.035086904701549,0.02852957904413,0.0331462912936106,0.0350394894364885,0.0334285160357188,0.0237100091992527,0.0351732969005745,0.0184803309171951,0.0348717500198543,0.0298835091442239,0.0369302400595775,0.0305512823282533,0.0192478746030694,0.0373617139485278,0.0332819621680886,0.0224086462226976,0.0356831011884345,0.0285679246303035,0.0273542790109251,0.0336261813432442,0.0354385536467288,0.033433263285198,0.0387253666300273,0.0220110566723072,0.038747794603678,0.035271464604794,0.034529641054041,0.0340988790718114,0.0303742201389067,0.0303866463314281,0.031753876079695,0.0389823730484305,0.0406294571724613,0.0294312470683557,0.0362745003214561,0.0318137087002839,0.0231911655299506,0.0267439273943708,0.0297199862352222,0.0237394428871299,0.0370795986700672,0.0361590517594289,0.0364988214198496,0.0255583689024549,0.0336181091433432,0.0383776547497012,0.0473332075671898,0.0318682680623447,0.0296309751084803,0.0308650851762677,0.0337929018788207,0.0321587473912453,0.0352216442276411,0.0318055338776795,0.0343575366123706,0.0354720702391054,0.0282635058275838,0.038676559921806,0.0315487686678607,0.0365486537776294,0.0346773514149244,0.0339852345111944,0.0300590372356054,0.0385391063453854,0.0355083936061899,0.0346430212217891,0.0279606508297127,0.0311548272551166,0.0438091036882601,0.0333783819205033,0.035459302355028,0.0272442525181994,0.044032766527846,0.0343408002402746,0.033833494034758,0.0311560079632814,0.0349446162144536,0.0289612213217257,0.0314374138259407,0.0250777235980868,0.0348578317916511,0.0243233357283992,0.0378684760636081,0.0307878074946735,0.0369325103151363,0.033593130980227,0.0332720904127892,0.0337488457620299,0.0341778105039366,0.030622966725097
462.087660529904,0.0301579181616845,0.038723550227804,0.0351159045482766,0.0384227039142554,0.0436514714748946,0.049307498184654,0.038581958430243,0.0282072269742761,0.045167401393174,0.0421395891380836,0.0361577921510558,0.0316491476110321,0.0363138438291778,0.0393561887628718,0.0479794046935171,0.0378259627139227,0.0356394965494411,0.0356604276653286,0.0367823148055424,0.0402506048146431,0.0429576581965353,0.0367734679324604,0.030817079621761,0.0349356131739382,0.0449021313925758,0.0416816704643095,0.0382910672650425,0.0343554585990049,0.0362180283848186,0.0374450838005966,0.0392030387671513,0.0439057285006667,0.044920792224667,0.046933229088752,0.0477222435423132,0.0349439254840193,0.0394876979062161,0.0416526811684335,0.0409896040092163,0.0383747097572514,0.0448359920113744,0.0416783145150675,0.0470976613354126,0.0416958022687292,0.0450865531067829,0.0548745749878948,0.0395498888011108,0.0405002535329875,0.0411405960910327,0.0405119135165293,0.0375317862639373,0.043275356165525,0.0465935376027971,0.0412909548582652,0.038768608687085,0.0416842125478519,0.0320213594702943,0.0368733184955868,0.038871766648131,0.0369093811545921,0.0367901199660822,0.0469238492620159,0.0355354123971404,0.0396785281977172,0.0276671668412167,0.0366460419017132,0.03688153870625,0.0387592503995532,0.050632168736301,0.0381189860153119,0.0439484184678414,0.042582688905496,0.0412975500710947,0.0352265775795312,0.0392114476604383,0.0360939756047582,0.0360648492946194,0.0425051163855543,0.0482753320805795,0.0459115731162561,0.0355859873414352,0.0338873421241556,0.0403872679096638,0.03922314249561,0.0452999215646333,0.03095573988427,0.0400556252389607,0.0312795432147804,0.038667210502144,0.0388841402038386,0.0374314041958393,0.0334539068261979,0.0334586489307999,0.0400946465814814,0.0460987484087977,0.0443788548837342,0.0410473043577548,0.0474179258710303,0.0311897301575201,0.0328442105817095,0.0404614253789064,0.037806705295734,0.0345855113095146,0.0471496194267692,0.0322776410451328,0.0472843484390204,0.0402166456554266,0.0511435769201176,0.04070750615665,0.0392554272454854,0.0375613872692645,0.0442028374057601,0.0403734471700511,0.0359187498359981,0.0366756072368679
465.58315811524,0.0271066865978033,0.0173967555193445,0.00962676456587266,0.0184941129684025,0.0217481119994679,0.0284796746084412,0.0191122221991109,0.0159886669161643,0.0180350403749706,0.0113759502710467,0.0128159800821497,0.0158040512329681,0.0177777556142363,0.0155892253890082,0.0215163842658806,0.0183727136382318,0.0169605239684842,0.0125041354894491,0.0192363086746193,0.0128299731797355,0.0143414429311388,0.0128860940807253,0.0124412334446765,0.00822696801042971,0.0203036961051934,0.0119928455281202,0.0175663432463182,0.0140192023695148,0.0201775476659512,0.0124872118787991,0.0147309144239355,0.00811345867270795,0.0198183178849209,0.0188069908695623,0.0104473153837721,0.0253504737427607,0.0187577769625516,0.0201747949699994,0.0198699570564086,0.0147348940634526,0.0221159018116014,0.0174277784379491,0.0185040652110609,0.0117065929556344,0.0133647933711962,0.0147169319844854,0.0157127604202136,0.0142493036647551,0.00653656841414864,0.0193034725957581,0.0175172849114987,0.0197184968966692,0.0127950105325011,0.0171629089588508,0.019061082545603,0.0167095377981098,0.0272046522098428,0.0221748663071453,0.0219824928575878,0.0222488640049384,0.0168966833906552,0.0137630637547623,0.0124626433803061,0.0124465645057726,0.0181102472395465,0.0151958226199413,0.0139807930054879,0.0169321553921318,0.0180112748746532,0.0119875348652905,0.0156676753902495,0.0182542443934454,0.0133678882599435,0.0150718816870682,0.0152493378334734,0.00577283683716954,0.0161722760061423,0.010661959125121,0.0112858730387054,0.0110923353313834,0.0231937534543292,0.0207373817754363,0.0130237466420262,0.0246947033630028,0.0187866444808878,0.0211919014350687,0.0190737486037182,0.013170745560767,0.0189148431642295,0.0196896491191883,0.0166206358905486,0.0105509312412561,0.0131580989145851,0.0155741080813602,0.0181702866297387,0.0107555594418936,0.0105541380717648,0.0175762284995194,0.0164586647207866,0.00800867707573431,0.0140374168683175,0.0130422740057647,0.00672951690053133,0.0127753483543341,0.0126969560998009,0.0195112939442827,0.012684854329416,0.021491453155014,0.0145521817930271,0.0202122744640037,0.0151834960593402,0.0173741294128773,0.0236318830792882,0.0185077003031263,0.014662141838275
469.076024222036,0.0330416381980781,0.0379805570977416,0.0402711473339212,0.0348442336014753,0.0352872265871334,0.0398341596484318,0.0393739411964486,0.0340003475490551,0.031030885665122,0.038650307843403,0.0338111283297791,0.0319122779076195,0.032211678558492,0.0373286286220504,0.0324538526159964,0.0250224896346837,0.0261604784871863,0.0332611450249724,0.0327796433754204,0.0302012300110058,0.0415451402696374,0.0348241466571504,0.0315128050356823,0.0351570357224691,0.0306163897151501,0.0407178057176094,0.032614833879502,0.0393787434184711,0.0358055706239525,0.0399292772747389,0.0318068307708622,0.0414502480054151,0.0396248821332431,0.0416656053783676,0.0271598041795386,0.0362979112773716,0.0303799892332794,0.0311520469985478,0.0333261404904111,0.0360177994457829,0.0361293085769419,0.0291985332311718,0.0293987494956916,0.0352893033760815,0.039872835987485,0.0390593927339227,0.0446239555449726,0.0321201238033866,0.0310338231077616,0.0395844246997519,0.0376268846727527,0.035937746756723,0.0365307180788074,0.0377194806930633,0.0394899958672649,0.0347575495555471,0.0364807086255073,0.0369167357782873,0.0330092850299561,0.038094270772068,0.0331571339881719,0.0331470203435493,0.0373838880306077,0.0398358091651548,0.0359749597092645,0.0362330514771975,0.0316548154022731,0.0448362477363973,0.0363730079377263,0.0344648756251795,0.0419114919887801,0.0319096368405887,0.0315237708325618,0.0326496172421693,0.040498082458333,0.0330052306362003,0.0335268048517075,0.0371607447048195,0.0396930153610466,0.0334943542436301,0.0319311670425588,0.0351248232811422,0.0327628541305742,0.0404245717452825,0.031276210357699,0.0403738958543077,0.0353559421761777,0.0373875773738639,0.0345463455796515,0.034278805311213,0.0413166778231748,0.0352560021446177,0.0418342454296843,0.032579286420747,0.038517658278701,0.0345251011961869,0.0297643022320278,0.0388633690117212,0.0313999302637587,0.0246857561766854,0.0395141175369932,0.0282926804242836,0.0402631832950296,0.0316608706790989,0.0373102054037603,0.0345594453757034,0.0274347964086006,0.0435084109822457,0.0336992016274405,0.0345133271225913,0.0338970674420987,0.036332572710098,0.0334555188708844,0.0431392400040391,0.0325198339693561
472.566261644077,0.0187997395460683,0.0155207129702745,0.0250844682483472,0.0186519725595752,0.0203137464694855,0.028076241382396,0.0277998623790458,0.0244268426347531,0.0161570668835313,0.0219382469189135,0.0328618017078768,0.0198681763420494,0.0196664134756484,0.0265154642623603,0.0216649264712592,0.026199416658024,0.0203058734033329,0.0230670033741033,0.0264440508476498,0.0291841810807407,0.0242582964083452,0.0228883389665135,0.0250293717479022,0.0275580597618778,0.0263875584731752,0.0266659389827082,0.0193148026969028,0.0238277162174936,0.0223959322436789,0.0252899407985818,0.030253525017485,0.0281182184807965,0.0226853984399822,0.0243367997971878,0.0208474407482958,0.0304363136627166,0.0227640280293809,0.022068595277118,0.0225843750376037,0.0188199617848809,0.0228199740630165,0.0255676130745119,0.0213191263160111,0.0271212292553731,0.0242778887910336,0.0236634747189122,0.0136566520331501,0.0225038121282123,0.0191569974432898,0.0177730838486292,0.0246099901618599,0.0295369105114237,0.0268846997071767,0.0259251229560857,0.0213757689609659,0.0266200104413948,0.0202029901538751,0.0325309380564345,0.0237338834190772,0.0184702439936166,0.0229279338974761,0.022997327059335,0.0266641011284642,0.0223838798823341,0.033358217531735,0.0195706589595487,0.0257059031183919,0.0262341278690861,0.0192193742931213,0.0224847608279446,0.023393490236589,0.0189279543540504,0.0189087208262238,0.0261191429320413,0.0164782895978297,0.0227266661092063,0.0206002330539855,0.0217798588481,0.0266358171913923,0.0138852719996497,0.0200250643125325,0.0268795090956643,0.0267162303547915,0.0204310547034744,0.0171750778900999,0.0228995286542248,0.0283694693613593,0.0208302513519685,0.014737847326454,0.0128804685488167,0.0236642150832949,0.0219308055233789,0.0264320338245171,0.0216706845300475,0.0220589246550338,0.0196170099842243,0.0248993539247281,0.0214816625489238,0.0204607443130386,0.0213940960653185,0.0249342770182134,0.0202459031821531,0.019478406276269,0.0230671807150603,0.0214942242531234,0.0286905335854425,0.0161182615115041,0.0291981819519592,0.0266023041715206,0.0225246991832789,0.0246199743968749,0.0245389838751786,0.0258833242763595,0.0322277144025269,0.021772532186962
476.053873171131,0.0257398161744255,0.0301325800403858,0.0267724637271636,0.0251912245246593,0.0354086381635165,0.0254166592181925,0.0315716013693071,0.0283335645195878,0.0301679707015915,0.0377583411494387,0.0297457172993345,0.0193748142766771,0.027441597099966,0.0238056479819772,0.0358004286794803,0.0278921972968926,0.0267670384085564,0.0253216277169992,0.0297377036576039,0.0319190897482999,0.0242940789704565,0.0283921551546769,0.02720799137116,0.0286927010263133,0.0269684411554353,0.0315258728701295,0.0230860561265601,0.0372969895276985,0.0293733766969583,0.0302826950502111,0.0286714362155262,0.0249443248119096,0.0331185497250219,0.0292304076884915,0.0171811713664266,0.0348310970096582,0.032133125984306,0.0324469255008371,0.0271936166288783,0.0275897677523385,0.0278630335316508,0.0229693484426305,0.0186248090959266,0.0254884103773318,0.0253773536931663,0.0314034130215667,0.0278206745169981,0.0257815511346515,0.0218988369440429,0.0281645505595257,0.0305561613379037,0.0279490082143112,0.0311980282820762,0.0367285168046301,0.0263418304953464,0.0309883638529255,0.0229062663619198,0.0259346091635126,0.0237450010281375,0.0337144413270018,0.024551480914259,0.0326685417504125,0.0245491480403516,0.034414571965852,0.0221014177946211,0.0297890918374367,0.0334457758925841,0.0261956456152309,0.0358599236220684,0.0241384096132465,0.0299417006263901,0.0238381335770141,0.0298714919542986,0.02831642396782,0.0307274716416279,0.0270870346763989,0.0195303970679305,0.0344544166702105,0.0397204213301902,0.0291431529441752,0.0281638735902453,0.0230163672126676,0.0233817829680321,0.0350228094815384,0.030150944093359,0.0376514038357076,0.0327046945287596,0.0267620901647166,0.032459680432089,0.0247293599244774,0.0300906906425685,0.0289166890177851,0.0396337866948674,0.0386188719557434,0.0258815666403529,0.0295263790272839,0.0331219902890865,0.0291060792176591,0.0287436361985393,0.0230587772260778,0.033586365286322,0.0208287369694802,0.0222453479394059,0.0262874713267798,0.0247584582937193,0.028685547198926,0.0286405447404693,0.0346586293608121,0.0276694518670545,0.0302030396206768,0.0268279509707359,0.0202631747650147,0.0269665125471843,0.0256589332491375,0.0266334234040186
479.538861588979,0.0246988389112051,0.0167563103210171,0.0262509712336611,0.00948448657329564,0.0198414754067059,0.013602893864369,0.0241828609802863,0.0197847021760991,0.0195220049124095,0.0215313618491943,0.00949622125898061,0.018300896938512,0.0131878477775729,0.0216102456012588,0.0113938931349235,0.0197571124740872,0.017637261470718,0.0210377678054067,0.0260289494282408,0.026526037181851,0.0134572268812896,0.0202202126524181,0.0222981666352031,0.0122750256792189,0.0264463492468426,0.0228301286736385,0.0188143391439449,0.024917985821135,0.0153718089083144,0.0177704585212776,0.0177605703878372,0.0228149746339135,0.0226985805296817,0.012388454845097,0.0215092214027927,0.0137562610715685,0.0184225093810262,0.0233062501260213,0.0185909875433166,0.0200839809324408,0.0133818269874545,0.0166326671105082,0.0223985829719908,0.0227338122964752,0.0129636132076233,0.0236724592237172,0.0240015518785337,0.0214937589809372,0.0191879319967397,0.0210469098989394,0.018026280323945,0.0204161980128661,0.014503120172734,0.0151812776588243,0.0175244059518447,0.00481188401853667,0.026125104464438,0.0225849858281366,0.019344376099374,0.018396769144948,0.0229070315963893,0.0138793250543493,0.0159308843155196,0.0240107788923872,0.0188901008952238,0.0168387630029804,0.0181117113220635,0.0108190898755554,0.01809435945425,0.0104620347867011,0.0211870276334849,0.0173164860199991,0.012808505925056,0.0162565389369649,0.0175927608038492,0.0276167791575923,0.0157313210324697,0.0201176658190947,0.0118861938763444,0.0154758304417459,0.0210845635729244,0.0158170376812898,0.0134430844230708,0.0209223285547103,0.0214152720156669,0.020120705377949,0.0164739114694483,0.0155097274273067,0.0233265317346876,0.0161554195356702,0.0139900066085362,0.0112536113844754,0.017567440954458,0.00906343939782854,0.0143061562398391,0.00904036729435619,0.0118047325651469,0.0165657454779722,0.00894626789184553,0.0152788772677514,0.0232783115459404,0.014348572127362,0.0118226758510704,0.0165618850827972,0.0154375600944679,0.0216898271793653,0.0156390985725381,0.0219414533811513,0.0128699426807608,0.014327508829378,0.0251695288866631,0.0116470884164702,0.0204233168405596,0.0152373612255243,0.0147516518880942
483.021229679408,0.0321143738967846,0.0415274164468098,0.0366065207564332,0.0333084270177798,0.0397173608169579,0.0339719963250471,0.0395620291531642,0.0355230046202378,0.0409735551552608,0.0286112083030955,0.0234282159680918,0.0304323073897751,0.0313547112153995,0.0383600135016215,0.0363223047190301,0.0290150111898319,0.0347769674444457,0.0313729555027565,0.0469719991874591,0.0324452727892448,0.0410898403036493,0.0409518057134295,0.031481938261929,0.0358059749210679,0.0253589586923156,0.0379166097722379,0.0326828899027813,0.0372561389854639,0.0384115417206118,0.0292596877677948,0.0330804468808621,0.0351328578990313,0.030335170005279,0.0351353632508462,0.0268792277971768,0.0332511866403085,0.0310274345371069,0.0282136317546143,0.0324804139178973,0.0385461264196025,0.0256084842172813,0.0272329727892826,0.0353472016078879,0.0259678156374477,0.0274936231496755,0.0352169616947094,0.0288599124039518,0.0317155436609051,0.0310959809662278,0.032475204287936,0.039109894935734,0.0246893025948049,0.0392040556167792,0.0383192255920393,0.0350888052071648,0.0352823382303055,0.0244285971582308,0.0377620691602257,0.0357372235930589,0.0270425661461463,0.0363558070231567,0.0352968175433118,0.0321051965338925,0.0376249231642815,0.0344891784911353,0.033998555109404,0.0389634060478386,0.0347849973198404,0.0380045992272552,0.0273608784538109,0.0364077923993086,0.0303160901828671,0.0390867563767034,0.0386460877525901,0.0345206886045219,0.0292050837976545,0.0308122153265796,0.0420966880557103,0.0320024311481304,0.0334043575767002,0.0362204956977684,0.032296435177547,0.0347146047987044,0.0381623999309336,0.0305412474144386,0.0391900259490137,0.0245364417611386,0.0246022997221608,0.030262183244325,0.0359986799007524,0.0364325433597804,0.0379877092619781,0.0356684167491079,0.028142292515279,0.0323439904905312,0.0266232167670692,0.0199705901728815,0.0366510321639467,0.033122569300096,0.0335033339095254,0.0324159900786455,0.0354378441265644,0.0359196134273103,0.0326453452302417,0.0301107739721418,0.0339487381181097,0.0319012390484946,0.0328450875079402,0.0324502395759393,0.0317967632820335,0.034996471207458,0.0348044796095061,0.0399031703387751,0.0364777535537704,0.0308795757019128
486.500980220236,0.0352608164322925,0.0431498516514965,0.0333022930169105,0.0365123687802752,0.0310812374270082,0.0408924619265433,0.0480220399705747,0.0366446842629676,0.0340205998153599,0.0345772598896466,0.0330557859630264,0.0419834689868791,0.040142807591758,0.0350255615471097,0.0378975635492011,0.0355227231148864,0.0454494154834414,0.0248625111349408,0.0437446211333725,0.036176870013037,0.0432101891237446,0.0332689984179471,0.0319481784852202,0.0456182899710272,0.0392947940197827,0.0410710801782975,0.0336996177619418,0.0382703767542733,0.0436958898323297,0.0396282951575332,0.0319599681313857,0.0302681068769705,0.0313674959397392,0.0339762292407864,0.0381046111457598,0.0397268098786318,0.0320784704377146,0.0255131449367084,0.0265667978579712,0.0293597492651524,0.0339075087896358,0.0309143361824005,0.0347353064289143,0.0324558597386945,0.0360626550416886,0.0384607162036171,0.0402195383108044,0.0402946372903107,0.0288719850489139,0.0416907007240383,0.0346639711739801,0.0321620797320654,0.0321377389942244,0.0371874982304574,0.0350185584094741,0.0352082475737245,0.0362824608531305,0.0354491932138032,0.0351160862339781,0.0394776589075339,0.0422166224669293,0.0304000150442636,0.0385390028055948,0.0320838590095061,0.0274544358205849,0.0317570551054213,0.0296083647379144,0.0423195116337296,0.031826151551643,0.0382203144809827,0.0374170259857586,0.0302550571059672,0.0400844187534754,0.0336444379435805,0.0399311651047517,0.0253333766523019,0.0312791759394496,0.0315580064344991,0.0379154037492789,0.0289507711094527,0.0350535761301037,0.0382727551360374,0.0378734552616732,0.0478030812380515,0.0374714476112195,0.0401909057036731,0.0266260019475277,0.0299141751662797,0.0409262346412289,0.0343459940511951,0.035276799904861,0.0250864051794832,0.0399758681392867,0.0351642593608859,0.0371797357828663,0.0325833982479898,0.0368524132169097,0.0371160926601654,0.0330691126146688,0.0345290822454663,0.0317895543717942,0.0256547087398455,0.0292790627516903,0.0373979988794476,0.0409344596820575,0.0381459708631446,0.028064420437001,0.0360209690914085,0.0388949541741471,0.033918960626104,0.0338297751006518,0.0390686384898549,0.0403595926907871,0.0412989365529651,0.0361961457619462
489.978115985287,0.0362592667765973,0.0318397943700006,0.0408754040068549,0.0461914277985301,0.0401529800326412,0.0354381154093284,0.0453220032704797,0.0301742079046966,0.0345362506117136,0.0432284532149126,0.0442588949162902,0.033654499951044,0.039002288712625,0.0349163403518795,0.0383602486129153,0.0338362532150799,0.0389213333824312,0.0459913427396128,0.0415629139481698,0.0323209447748108,0.0425916307224567,0.0342922256224403,0.045422057068714,0.0406168539741734,0.0386898325189639,0.049068620696388,0.0405668793812227,0.0365677004862307,0.0355227802156883,0.0368614396404794,0.0428467836680928,0.0350259604623852,0.0384002018560091,0.0420154578395723,0.0359324116974621,0.0402202413459747,0.0341989598324129,0.0346954018818001,0.0403990901218159,0.0342267969227934,0.032708928509783,0.0377494641207177,0.0411332599126615,0.0389164426498131,0.0300400597028052,0.0405737197988315,0.0461105611861818,0.037539730835861,0.0439796105366208,0.0377678121993626,0.0442983101477357,0.0347661852656472,0.0374174475969259,0.0376443697392074,0.038771915627733,0.0361967207855518,0.0356177934605952,0.0445690949975185,0.0366588822574791,0.0382541252338643,0.0404896194189559,0.0372777899154621,0.0379303555937883,0.037991586372588,0.0370774277660135,0.0429427245310983,0.0388809967304836,0.0306887465764091,0.0461350818499009,0.0359361214940538,0.0378531300678085,0.0404839941381179,0.0432504287800299,0.0433910347987665,0.0392954195489987,0.0442495825528899,0.0387414169137005,0.0347579689217693,0.0416198633532336,0.0473695967738404,0.0338592627255749,0.0365027500983888,0.0464852346082955,0.0379461478394025,0.0378692433539273,0.0362439560735021,0.0351735933894392,0.0325177554106779,0.0301011870365766,0.0385693171852514,0.0378438178315116,0.042666327948267,0.0376480305072765,0.0388777822302032,0.0288135364126919,0.0324423531723761,0.035124945946189,0.037553323531991,0.0417877828187681,0.037188441824776,0.0473635883048205,0.0380300136238185,0.042352159693502,0.035664334374653,0.0479087605842272,0.0423159208114951,0.038845415650375,0.0419188181738206,0.0294734494255216,0.0371072800370577,0.0403108371304617,0.033602862614609,0.0451301424740251,0.0482779318220485,0.0371717046327872
493.452639744435,0.0335191492575718,0.0307178912991566,0.0364248308212225,0.0357926712368376,0.0389859207947861,0.0385459848981251,0.0362332265676113,0.031241029294082,0.0366310595558624,0.0312295313220267,0.0265695408614246,0.0263998732871631,0.0290332965034032,0.0326117249313463,0.0290313116511816,0.0402881729852234,0.0355863439048392,0.0377974005456173,0.0302333405994384,0.0224976540817213,0.0392343127032334,0.0254614946820694,0.0306261684076307,0.0295638471901331,0.0283819939828195,0.0359352725336528,0.0345826033787604,0.0332241120910474,0.0310835241909447,0.0264206298259512,0.0340111333799068,0.0322513013920191,0.0377328949412677,0.0256062369418242,0.0342677930940033,0.025529440596172,0.0357425483969896,0.0303146649884493,0.0344286333635202,0.0282346508158987,0.0348241676154261,0.0339549862873657,0.0355949515396617,0.0251128814009636,0.0331606502024684,0.0233557284315993,0.0285781031992046,0.0288351091105148,0.030851140878263,0.0305398424268648,0.0365423670475931,0.0351912616336471,0.0437460585351332,0.036457718847193,0.041397153922082,0.0273489466686723,0.0360123666756392,0.0307422309151947,0.0294070319210577,0.032096143107899,0.0317149764250678,0.027497857176766,0.0329773126966529,0.027476886349777,0.0316022289810774,0.0320365376337823,0.0261776830010621,0.0316074876231241,0.0304742929337043,0.0281593011650548,0.0393528417105883,0.0327652759975815,0.0332136061835362,0.0405228421184119,0.0353491435634752,0.0327176441879285,0.0332106939500964,0.0302206323069594,0.0262144606056981,0.0341376208251662,0.0315526796566817,0.0209220304765041,0.0309562549681729,0.0296843058580773,0.0360715519373231,0.0322695000044946,0.0318033129296541,0.0334854432503445,0.0315895545081049,0.0331044321782996,0.0371695893368814,0.0350626227662563,0.0341912772988058,0.0250670206395099,0.0313978704191086,0.0344821782085254,0.0339161183930111,0.0281667483028114,0.0367275373189692,0.0326193615238589,0.0277502798600588,0.0363082210607213,0.0329137636861696,0.0349801496026328,0.0220981093119321,0.0362820113018931,0.0279004056979429,0.0367893457764126,0.0347705956988182,0.0309669482031276,0.0330571964036699,0.026492440801425,0.0314202832720712,0.0262712920159542,0.0241010989350644
496.92455426359,0.0265103686646423,0.0263421407012979,0.0297655105466419,0.0302436279294492,0.0356417869646912,0.034647764888007,0.0313584329754333,0.0301193105297939,0.0386989187053249,0.038739247917699,0.0334407604654071,0.0235283146747511,0.0256358150099632,0.041121704032757,0.0375758317306443,0.0336464789819119,0.0290045455424591,0.0377131366353953,0.0312164277252515,0.0347872853137644,0.0293428484306278,0.0291582974374284,0.0299244590820726,0.0343644837036622,0.0287975751861216,0.0330565523005834,0.03231175387652,0.0379224695535433,0.0314527094281386,0.031243710083114,0.0295241329639147,0.0310580057420263,0.0299137456924978,0.0341337578328736,0.0261583916639083,0.0319220042609238,0.0268303648405286,0.0340271544976648,0.0311764239435418,0.036837800064194,0.0369113044195078,0.038085772997122,0.0359841378088619,0.0282373270216659,0.031399538577829,0.0314805728715105,0.0420314689529133,0.033563811504182,0.0345121091084759,0.0347566673302607,0.0325576136659623,0.0355890525444167,0.0312190066480846,0.0373986685375143,0.0302396418739108,0.0255584508148491,0.0304059576024018,0.0316226876844265,0.0336343254690342,0.0340899047120064,0.0326338208420037,0.0370032457122833,0.0285362592134413,0.0229462975801267,0.0293290949418643,0.036710482637504,0.0353945327180896,0.0357802071072743,0.036410129580988,0.0252732994951448,0.0282780517411833,0.0304495142061319,0.0324821099336847,0.0283235931045159,0.030280920369003,0.028220343268026,0.0308939577762542,0.0377702274125411,0.0331352670228648,0.0410521800414136,0.026506441460703,0.0339825227352398,0.0362254434768711,0.0327527204556567,0.0337048081206684,0.0348279158808543,0.0278652204119568,0.0253115868150919,0.0325143878615073,0.0297589345706987,0.027361517171511,0.0317136582758559,0.0406182044039667,0.0309123977002148,0.0328567219123999,0.0265561637668053,0.0283075069706354,0.0290929932977122,0.0294391388627189,0.0324536270400241,0.0302879119263301,0.0259007767674665,0.0338668460679184,0.0267334145807494,0.0410285207404095,0.0243293266405616,0.0332008489902728,0.0316322526762118,0.0313018443489593,0.0280814406355725,0.0345481539243535,0.0258226560122314,0.0301658035472673,0.0364735878752115,0.0336489405387093
500.393862304703,0.0215959413770618,0.0267779773315149,0.0290765781957346,0.0279187437418574,0.0371074272310224,0.0301857185343522,0.0333484090074814,0.0289705269158051,0.0343149637197822,0.038080878223333,0.0253175692889574,0.0371714173787344,0.0282599992747456,0.0241272743688577,0.0292771775121574,0.0302437434903044,0.0342028486605497,0.0180713518601628,0.0300265620753652,0.0319297931116696,0.0340639375858114,0.0306438495977424,0.03136830855884,0.0303757088240873,0.0313362361663926,0.0247399199855134,0.0294796829541015,0.0280699185436128,0.028572120736334,0.027846997408051,0.0244623246012573,0.0303740132135946,0.01439488682079,0.0296096716852538,0.0324618746849469,0.033956734986533,0.0250252628610729,0.0220113411151774,0.0289947421509848,0.0367483736009045,0.0328433580092624,0.0289365648837806,0.033098497297728,0.0275061579546493,0.0355453534100117,0.0340628905915598,0.0309734670695444,0.0328814991117378,0.0278389364726596,0.026928120424987,0.0323441928972626,0.0321944088850011,0.0299624807089976,0.0318479880019111,0.0311592930264841,0.0362748526916708,0.0269452867039471,0.0352050041795833,0.0296152038293575,0.0376925308059923,0.0351458210866597,0.0314606030168164,0.0267656688518714,0.0227604717515684,0.0313346471140471,0.0268272307073118,0.0308662277081873,0.0382858123251089,0.0306742315502871,0.0278247513724787,0.0351785969759438,0.0346229206183353,0.0262337382089539,0.0275894499336599,0.0246380070701598,0.0258687841888801,0.0328718070937335,0.0249174371930506,0.0231273477683599,0.032673238337797,0.0284858779050681,0.0315786289614529,0.0244786118596387,0.0320081697587823,0.0307691568791965,0.0280654563171997,0.0341689002244823,0.0224718011682925,0.0259007414625604,0.0279962679764827,0.0400262724726413,0.0326195776760385,0.0321509499731457,0.0279820879150961,0.0408750711850045,0.0335103008402364,0.0368805312061656,0.0310803107211101,0.041373865200886,0.0278291885656764,0.0322577447046163,0.0381933410064248,0.0304052859232344,0.0238425339307887,0.0228066278112341,0.0252045929928514,0.0227425099260976,0.0236978020456012,0.035452013733558,0.0344690155783163,0.0299805150704807,0.0299766260358725,0.0267131266564868,0.0318963950991923,0.0269941773028171
503.860566625786,0.0373343851668247,0.0449300104490534,0.0436277008118769,0.0510360424047423,0.0374711619991228,0.041265280310441,0.0437936865689285,0.0472467906934189,0.0481085392043651,0.0493338735795504,0.0433588302365409,0.039757872004633,0.0517558414164471,0.0342100279831136,0.0399371705072383,0.0464125349934196,0.0404479913162063,0.0407168439948304,0.0406131348702058,0.0484855039904536,0.0447222192822401,0.0517537608139477,0.0436478710581147,0.037859855362692,0.0445986078988608,0.038582986156209,0.0410483028247869,0.041321598361395,0.0460797483040496,0.0380760635071969,0.0418026784652223,0.0436020137937733,0.0415944262987951,0.0424249175708487,0.0403429882448734,0.044625105234703,0.0489877648209397,0.0424521252081489,0.0405173793889801,0.0469218806611557,0.0426729068280596,0.0430868201311312,0.0496736780189172,0.0349522246784019,0.0482953616134363,0.0415818397456748,0.0514456727066352,0.0472480404591334,0.0412103355927515,0.047479533865104,0.0424134248190978,0.0384549598135907,0.0518118547444425,0.0494349295659794,0.0381039685253136,0.0398801799591852,0.0392081216221481,0.0458549996813162,0.0452945640681488,0.0445399226665136,0.0419512804918272,0.0500317247426184,0.0427739777076495,0.0427679752382338,0.0456926097028803,0.0427496060886268,0.0367356925408188,0.0473265092052782,0.0420994533451169,0.0429181674792734,0.0409610679001875,0.0387692341026542,0.0369766406133293,0.0426986666967443,0.0506999469642552,0.0376140923436203,0.0488684716810281,0.0450772928100211,0.0414432308140171,0.0406244835813304,0.0440012596966107,0.0423792322353872,0.0412027058634904,0.0350224833775296,0.0473223125161219,0.0415033106102117,0.0517954479384022,0.0458752410468703,0.0412587554040299,0.0449910455558696,0.0414146562170985,0.0399214873563253,0.0456813633184125,0.0403340613661322,0.0439258190248005,0.0371244526656277,0.0503447070950889,0.045013432123608,0.042830301959112,0.042009463715392,0.0498876967849338,0.0385537699475793,0.0444644424193754,0.0440702573233613,0.0504180016896493,0.0431928886628464,0.0361241785349135,0.0443348482609051,0.0395750721491308,0.0457530156958389,0.0500576571111296,0.0427275637902161,0.0395152306344886,0.0453225821538797,0.0418797858998428
507.324669980914,0.0429719619451841,0.0302559141421052,0.0237998352414485,0.0334839353711899,0.035120821552823,0.0351391709207042,0.0292962992079779,0.0373989947019052,0.0345693099524893,0.0372239332104955,0.0319736971450385,0.0257735378048335,0.0328741817046744,0.0323405833589108,0.0326693826784558,0.0320669058678279,0.0284199860408552,0.0318701766353792,0.0340047779071485,0.0315342809415078,0.0298691180424119,0.0264359110907623,0.0374345105124761,0.028888111648167,0.0336453661132165,0.0334602537863583,0.0301476848009679,0.0437881578367905,0.0329394685417881,0.0291629214278708,0.0279327556717266,0.0353594276862531,0.0315013885565996,0.0275361415100431,0.0353620500840769,0.0411924406284196,0.0290160351233543,0.0265916338502881,0.0283928400218434,0.0305309021146868,0.0340934102335732,0.0349450691692591,0.038073529074977,0.0292449668557057,0.0399813664848217,0.0341825946743922,0.0338045116265841,0.0249758538986257,0.0296010752986248,0.0253938305158661,0.0367207516028019,0.0269379874463949,0.0279077454012264,0.0276691580554265,0.0356679999950944,0.0265655177368666,0.0335220935182248,0.0308302633762872,0.025878924814031,0.0344579009323705,0.0298289827492789,0.0320966658106821,0.0377114454654866,0.026679738834275,0.0358029104273936,0.0290463360169988,0.0327011953806675,0.0295473908068678,0.0291003124938767,0.0344853975203894,0.0303507649097963,0.0303988198177842,0.029576517110727,0.0304175734500923,0.0335130302137634,0.0281466976675486,0.0356659551056801,0.0261123175689907,0.0302908630439537,0.0278301862418506,0.0388745766228489,0.0327538440441296,0.0294023621210364,0.03314245527911,0.0296968672175657,0.0407004080895416,0.0402095969132773,0.0349395335219708,0.0249340340879172,0.0329769262058168,0.0288482937447397,0.037562322906991,0.0360585534306124,0.0313349617643218,0.0354221146912481,0.0213870035986988,0.0320841370439267,0.0366060678482493,0.0387588592303671,0.0279141742879626,0.0355764407842057,0.0323935064731124,0.029432139844765,0.0352054253667058,0.0348718346416317,0.0322313202361183,0.0380869409753342,0.0302961460685983,0.0343865201563865,0.0373140360626369,0.0262457333790407,0.0252669539614984,0.0316665985686464,0.0303101043762114,0.0346320622805251
510.786175120224,0.0501740804228443,0.0515796314933355,0.0573809300528675,0.0505865971849628,0.0563910482621557,0.0536812947360761,0.0476404244952064,0.0621058488762346,0.0552704223793972,0.0549342240403198,0.0590474826011374,0.0487072040811102,0.0464143565794669,0.0477912306134181,0.0487001327801459,0.0519922802731529,0.0533960171519957,0.0555461463955721,0.0584874953855184,0.0566766737743643,0.0534866631511246,0.0480370376249041,0.0588940503332089,0.0593185473446176,0.0543798093830214,0.0586144184943218,0.0544876556674836,0.0505317402169381,0.0557671849288818,0.0557212837953369,0.054518516237968,0.0522872637038459,0.0553587157701848,0.0484385408702211,0.0554906010181288,0.051806763634552,0.0501795762690744,0.0464364478693866,0.0530430495112484,0.0493159092869182,0.0538940203573266,0.0516934741292116,0.0567609241299151,0.051952062531519,0.0505209142731578,0.0598481543562577,0.0623843278580613,0.0441350784370254,0.0521410155862118,0.0557249775640029,0.0483647954277032,0.0535851660556687,0.0507802825912986,0.0505897377745524,0.0557635870598841,0.0524606266356718,0.054965069822872,0.0523417918705657,0.0535588748653128,0.0516120218017587,0.0527822376107465,0.0554424163460901,0.0536656031585811,0.048273038243806,0.0479542066737901,0.0594467354108557,0.0538796534033872,0.0527523070339534,0.0554415962751027,0.0555360617877863,0.0589919173926962,0.055126678684761,0.0561862138392908,0.055870680462805,0.0496725926101786,0.0572216573186504,0.0543100315977089,0.0539270105818262,0.0490982241986947,0.058628040428717,0.0505391935810007,0.0583861277269286,0.0521016110468324,0.0469199448587089,0.0505338947415616,0.0497110816540564,0.0512968199598091,0.0561447658310509,0.0515065332348289,0.0552849096898434,0.0500049721378322,0.0544452104795817,0.0522880649431203,0.054568275946944,0.049396934575163,0.0608356315613941,0.0411218426784572,0.0619139763988321,0.0517108774696619,0.0553332816726191,0.0417939241460608,0.0440635279827669,0.0544044436453549,0.0532273175246917,0.048780530828207,0.0592721301938978,0.0552108626766861,0.0574787259632731,0.0570250971486751,0.0529203189296127,0.0495580335676019,0.061141371356893,0.0558122286134923,0.057888344365776,0.0532384739142615
514.245084789933,0.0382615402618459,0.0352383389504898,0.036953753641797,0.0470704272137537,0.0351770254574019,0.0410601130237189,0.044222947238054,0.0462612836276654,0.0400723386502566,0.0433123550746276,0.0369175927760573,0.034116069870506,0.0379271136608092,0.0420746582047939,0.0375817479277656,0.0381370429912027,0.0418523909874122,0.0357953074189832,0.0378770696782829,0.0385923677477725,0.0315310021536758,0.0390414122218445,0.0439378041933743,0.0393405204730213,0.0342354875591432,0.0447813626669935,0.0419312495426383,0.0335802027293585,0.0393516907946127,0.042384571907538,0.0416882808444328,0.03702275975061,0.0468559414096532,0.0345822009170274,0.0413650477731654,0.0466964282730555,0.0400323779155672,0.0332286900431968,0.0386662845168507,0.0388288130859421,0.0374614996794216,0.03713785834688,0.0456493106810124,0.0401754095292094,0.0367602006921191,0.0325404415822272,0.0381605904522573,0.0304247630350461,0.0301715040277512,0.0319472811173712,0.0350230574700809,0.0393254361534551,0.0483422969421286,0.0346966078557096,0.0378680153695707,0.036368433079261,0.0399938885855315,0.0290790546159079,0.0401168156809367,0.0387509693139264,0.0298064395443703,0.0422822760835956,0.0302034293681734,0.0397823571217806,0.0363963716803581,0.0333133080595582,0.0404629619978959,0.0365612004040371,0.0401700808295536,0.0399450831241751,0.0439640675476294,0.0385572934901916,0.0333615466438996,0.0353268051423035,0.0395439568987179,0.0390093230277736,0.0378127241646528,0.0387624815853265,0.0373472047718025,0.0392380244530503,0.0383069703704618,0.0398858627760715,0.0413444031746039,0.0368741737810717,0.0382768031740348,0.0428412303249931,0.0369552436449823,0.0322885646664933,0.0410311248843153,0.0389236451119831,0.0406003689834574,0.03758149336703,0.0431621559752603,0.0318462122183589,0.0474262657758401,0.0417317167048976,0.0315512984588186,0.0387586838118646,0.038234211575736,0.0278905209753364,0.0431167794893656,0.036767170659065,0.0398663542402916,0.0356978046287958,0.0413702511818525,0.039152382553454,0.0408456186306532,0.0439360945591637,0.0370368525117716,0.0455213096704632,0.0459779964000174,0.0371590137528456,0.0337990786798851,0.0389977068998304,0.0340755215653337
517.701401732335,0.0480629279649574,0.046292181202952,0.047579938458936,0.0494886476624358,0.0558567770288193,0.0493495541510906,0.0487312237626378,0.0460600247598286,0.0559023817403572,0.0533707596736469,0.0516433324788546,0.0553403868207099,0.0481121581487043,0.0580150849869637,0.0595262917035689,0.046031580994872,0.0544330049758847,0.0463974138507441,0.0553326333605792,0.049641900274558,0.0523840362211505,0.0436659875083372,0.0436197341925832,0.0543839577456113,0.0592174011419318,0.0504029531750533,0.0475165577290227,0.048340330571313,0.0470855525023298,0.0530508167681672,0.0468842711070953,0.0522899843602461,0.0454507721575503,0.0505477088177448,0.0507448480056746,0.054550764761827,0.0463231965004494,0.0432742929333312,0.0478816325742278,0.0526863593538822,0.049966397974676,0.0485329529488721,0.0529164568607706,0.0524378741097049,0.0499446796407841,0.0548436356225879,0.0460117415595241,0.0484546986871008,0.0488611766896561,0.0458369957536846,0.0509554807493269,0.0567753643588563,0.051795904906124,0.0500223459752653,0.0485565800598823,0.0583964108599771,0.0472640536457756,0.0510842149165772,0.050209384018086,0.0427665614743976,0.0494669249817473,0.0500177220088763,0.0482623449351591,0.0547645809145643,0.0458033455426707,0.0566655313716936,0.0473212279173563,0.0482311193705917,0.0531497908071176,0.0554773048782405,0.0545497144522441,0.0491131021564946,0.052232654751466,0.0492338453642083,0.0545554701526176,0.0463022023337052,0.050461168177892,0.0478004962766201,0.0528301635826846,0.0514453185472883,0.0477489299453744,0.0571948897342157,0.0519342719025913,0.0511395674991595,0.048219581149133,0.0474253066477706,0.0506917510082222,0.0443264915658295,0.0482355943996423,0.0477608409254896,0.0574192467053484,0.0474534830562982,0.0488764153468366,0.0555728468580044,0.056956089071042,0.0496555592416064,0.040535193709093,0.0563939407045093,0.0516818280190176,0.0508246514006985,0.0557729257122048,0.0516304314236016,0.0532688051838326,0.0477466066787801,0.043760682414775,0.0447161175548635,0.0562879110129937,0.0534657925644312,0.0476068109801899,0.0468490277472534,0.050595175422744,0.046029631310869,0.0557205566708452,0.0555951608767004,0.047776378584385
521.155128685819,0.0467035365817292,0.0487163501732629,0.0538173478716694,0.0507967111687652,0.0517880493768383,0.0484865486483517,0.0484423075948568,0.052316564325689,0.0518960397178962,0.0433229306213874,0.0529791332239275,0.0500687888304875,0.0417700279138495,0.0538727297685734,0.053237088307867,0.0479109230123665,0.0476676980835083,0.0488353214086592,0.0572033724827295,0.0536452220226865,0.0520640304716886,0.0455343175057106,0.0449049670078689,0.0464005658189366,0.0497712022218661,0.0462584718241377,0.049335414953465,0.0512400571756127,0.042437686386615,0.0522213420034311,0.0504122102182689,0.0525204185112133,0.0473072024573185,0.048578242676461,0.0451239380774291,0.044515516030982,0.0454522947900704,0.0419236906036504,0.0477319047671732,0.0524363827623566,0.056317113682211,0.0524803916574582,0.0466245328670785,0.0460781767956935,0.0506965204180657,0.0506471517442968,0.0560128897261409,0.0454604814232699,0.0436557202372045,0.0444044918437046,0.0457005975260747,0.0424629626109451,0.0444643315991081,0.0540089278193648,0.0432625970102709,0.0504262214002151,0.0452756084529946,0.0534180242876423,0.0416456264905541,0.0456656270238187,0.0496602006727909,0.0448518554958507,0.0517259925868203,0.0484070695730274,0.0428044892688166,0.0503926753432137,0.0409839260407588,0.0472987046214519,0.0500228585811773,0.0463909476209776,0.0487431672443755,0.0471527647567556,0.0441777026680731,0.0477909624856505,0.0482030558881208,0.044333940469067,0.0528189559627285,0.0452477184932796,0.0432071288755252,0.0532670833690932,0.0484846331306424,0.0524245426527845,0.0444129223396628,0.0502353456183124,0.0440419071580181,0.0476095603372616,0.0460258896562999,0.0482961536845249,0.0516582642919395,0.0485211084980791,0.0474270529328176,0.0444535370558708,0.0463048465315181,0.0470136188212,0.0538342176471754,0.0409890347916073,0.0533179655473498,0.0506008420622078,0.0524517868881081,0.042714373235743,0.0462251035331599,0.0442808276221246,0.0474512318900715,0.0430834272037526,0.0406651805901987,0.0518607207350857,0.0527176255798493,0.0470195647959429,0.041765724884653,0.0525268113641731,0.0469615576575974,0.0554128127141972,0.0445090805895192,0.0524965917669095,0.0555199887365412
524.60626838487,0.0564535694062095,0.0489632235439135,0.0523945319702581,0.056955659559866,0.0482306087373914,0.0508186329658673,0.0497178896591246,0.0455790800746698,0.052682659327814,0.0441019963299924,0.0494776042764083,0.0458728981374206,0.0486005489405237,0.0442838168908178,0.0528886210587712,0.0486749430307872,0.0440967723383406,0.0517891305637916,0.0504640550544678,0.0549225002954318,0.0522599055795295,0.0462842101553975,0.048336773111647,0.0477004718289807,0.0494369988049723,0.0474996182199887,0.0441818716075374,0.051962238974046,0.0415249508027224,0.0524574185724348,0.0478957077231974,0.0537972633741028,0.0436570346515026,0.0574366688126668,0.0496384579606999,0.0593539496643231,0.0527871901927022,0.0448776818800004,0.0535973392013868,0.0510769930861366,0.0498296497342405,0.0426186944751763,0.048967867647053,0.043521058409316,0.0487255036372367,0.0464244344840197,0.0480327896118253,0.0478245301459749,0.0460187987878085,0.0440385038910514,0.0420476694556099,0.0523299184310842,0.0435626039517722,0.0482726290828162,0.0450949403454091,0.0456998316281053,0.0459770093841785,0.0568175755737768,0.0544250434348107,0.0485388145382005,0.044967264302031,0.0466338797712557,0.0427528437532426,0.0474883433491488,0.0462382949401795,0.0494758829951653,0.0494348798212245,0.0474342019577745,0.055186343368438,0.0487544652471797,0.0510934370628944,0.0489674483593472,0.0492720738168045,0.053983374923358,0.0527662664887215,0.0461421194344213,0.0513689542144038,0.0454216903769107,0.048278546708339,0.0501557984878397,0.0464818392715656,0.0410119884884438,0.0467302285855288,0.0520091973402603,0.0463435932099812,0.0488609989365899,0.0516028264434782,0.054384138209193,0.0464703679040741,0.0530120419812216,0.0422304707968211,0.0462447321511333,0.0486625358862688,0.0455360328435201,0.047941302132334,0.0499643480177527,0.0474929277055193,0.0377064174034333,0.0421943253170344,0.0489786036257655,0.0490927123985583,0.0482685450720237,0.0498328020020914,0.0432388467438152,0.0501004662005549,0.0509452324789859,0.0491205706324175,0.0443967513210283,0.0462753720911714,0.0428591666525286,0.0498806360396423,0.0410532838188518,0.058236962555822,0.051010920579333,0.0519146585788425
528.054823560073,0.0412568796988476,0.0389676615666314,0.0356779198619573,0.046289658019338,0.0430348464772663,0.0456090902630762,0.0525581150800871,0.049622344859051,0.0459477840352702,0.0410556438543326,0.0475532412543326,0.0399957199210875,0.0383542063374103,0.0460528729762142,0.0438348927898505,0.0450573043692033,0.0426470290742857,0.03301661238412,0.045845019346783,0.0437538287184803,0.0415852024779642,0.0480993600803385,0.0414234096861882,0.0352835015840329,0.041551494865295,0.0449273769111148,0.0416743536145001,0.0386725931173035,0.0373635783413861,0.0384673967879354,0.035505444616321,0.045934725864469,0.0355964614613031,0.0418480945607606,0.0428962160873156,0.0438530703235695,0.0419839726013336,0.0310217477730965,0.041858659172244,0.0431925182663061,0.0461004941160257,0.043864352621811,0.0453309243497407,0.0436727802651156,0.0370192591546928,0.0416241032155352,0.0443793452425716,0.0356256793434891,0.0385913755520918,0.0485631813753264,0.0443376236896523,0.041192828158577,0.0345658112795931,0.0425103968981464,0.0447002256182721,0.0338633788410588,0.0412218234798672,0.0470945702357921,0.0474525548637497,0.0453884969584369,0.0434887362671068,0.0435617997657324,0.0391492482684254,0.0465435740399395,0.0361900869990861,0.0383083918542131,0.0359113720470558,0.0426229104729416,0.0447979602761918,0.0499987472942158,0.0386883998255455,0.0426105506791136,0.0461058552703107,0.0481097393147704,0.0387013915659109,0.0479242992535629,0.044490630466233,0.0373091829588197,0.0413292961950192,0.0459282449363823,0.0411981838373986,0.0400483531170359,0.0495697602953088,0.0380728929476713,0.0421144684876336,0.0478996526477477,0.042560991634749,0.0368564203084949,0.0375009619939502,0.0413758079420638,0.0396868262276576,0.0431928874922629,0.0399815815924364,0.0347371737678168,0.0453155740229375,0.0473187596980922,0.0460135695219422,0.0470991845209597,0.0385105225978793,0.0358303588966956,0.0443616412556815,0.039242898395435,0.0439622531613616,0.0379860524146126,0.0469526737799172,0.0333999333654963,0.0346479527412503,0.0521972291829704,0.039289672610854,0.0380889867826711,0.0494836625907504,0.0433768882454727,0.0355758031052114,0.0423962340004285,0.0418131884597775
531.500796938122,0.0451234908246083,0.0499155916529907,0.0483794562348459,0.0491452262355348,0.0517866281348898,0.0403738699944557,0.0479509393294979,0.0541801883187498,0.0498957494644364,0.0553486888049341,0.0514824225825958,0.0484288535749931,0.0577806360458244,0.0461701969189899,0.0477740366551197,0.041413467910796,0.0476119732558574,0.0489376005649023,0.0562226380437175,0.0471394969342558,0.0563687643518307,0.0477045970856148,0.0621838125552485,0.0507694245477763,0.0529913494441819,0.0407063996350045,0.0471564927733726,0.0468745452409713,0.0519798857399942,0.0501193260296683,0.0564598801071559,0.0525214340606956,0.0560069180282955,0.0555392575769814,0.0607295191142297,0.0543087763021136,0.0558518868070932,0.0415025622053508,0.0465719252903704,0.0477384659408503,0.055156010260847,0.0456148067434387,0.0481642416832483,0.0525498413515793,0.0576530212524136,0.0500344772426658,0.0564786235436548,0.0443993774419803,0.0566344343502659,0.0519695199651607,0.0531132036786716,0.0536974851459509,0.0443723411191658,0.0480353058535467,0.0530827555539671,0.0514285002362225,0.0581654494081111,0.0509889088796364,0.0470292538145301,0.05475338654995,0.0484649501577253,0.0533389726910044,0.0452320048692937,0.046665902620611,0.0519514140706496,0.0545621818013741,0.0514425997242816,0.0552839406018064,0.053789795178349,0.0435660692498361,0.0540795562542638,0.0508896449059657,0.0489525647140186,0.0542498030893971,0.0525127960157221,0.0475077195704153,0.0516322936196174,0.0434877674155597,0.0496199990689687,0.0525797042198989,0.050536653204913,0.0528417132119371,0.0507395277294027,0.0500708394312858,0.054122729469426,0.0490991567045249,0.0518693265082876,0.0514705119468727,0.0499678227305394,0.0511817022609742,0.0515817470001457,0.0567077620951712,0.0521982280104836,0.0485168458619465,0.0393701832133912,0.0512727058334448,0.0565311517995878,0.0537447537522678,0.0485509012146556,0.0464730013082789,0.05420999067075,0.0469661603988865,0.0550652281218443,0.0504704034184288,0.0514223522401708,0.0490373182669581,0.048898563106422,0.0500719823468256,0.0513934913741178,0.0546294494440648,0.0518017775038392,0.0521425959902255,0.0595635082503909,0.0446831755955288,0.050018158255674
534.944191241836,0.0436625291908029,0.0452445228780816,0.0512401510550295,0.0514331238921688,0.0417023434497766,0.0496078763554696,0.0449086976667552,0.0533090991675087,0.0468579263217676,0.0517068357910097,0.0457639597059239,0.0474609924263836,0.0518805940584339,0.0505987778710246,0.048975158458834,0.0475430324201067,0.0477216720269918,0.046387540659686,0.0558445968747535,0.0461795499928267,0.047268776650526,0.0505589346176589,0.0427274249320956,0.0498006311572121,0.0520424213467482,0.0472827467709153,0.0520788517894878,0.0502097434812134,0.049380020297323,0.0491838611000112,0.0489405622292894,0.0505051494798536,0.045154206988295,0.0453264055969308,0.0475184354715606,0.0474167930299313,0.0515819866089855,0.0416705675416351,0.0468643073761533,0.0463012011032947,0.0497027627490664,0.0404483098521721,0.0417696423762159,0.0449930882639711,0.048053717212235,0.0523522593862985,0.050597094483449,0.0477634973593508,0.0453581997212093,0.0515262326620308,0.052096614186505,0.0478878853861943,0.0471600230071051,0.031447424825058,0.0399812520535638,0.0460803608330533,0.0462992526728128,0.0510380383725156,0.0454841779166378,0.0466447683846849,0.0409949440599116,0.0459237314776015,0.0453533912141634,0.0456694863120505,0.0429280116673076,0.0567983747624253,0.0526814553106432,0.0405795020767887,0.0455666372339107,0.0485837064694108,0.0454416840680262,0.0493683477679723,0.0539695174129452,0.0521549599338684,0.0438666533380915,0.044892526404285,0.0382195814179821,0.0534948863145729,0.0595205671326408,0.0515723820598725,0.0452018322869751,0.0545827314434735,0.0464034399708388,0.044736419463168,0.0568899865881001,0.0442593675322703,0.0465591827929011,0.0424691958815683,0.0479225513174682,0.0486176381984206,0.0532729999785513,0.046646473475636,0.0456678121923599,0.0486013900002657,0.0482195206084976,0.0447103060516819,0.0457088294209248,0.0418606262959785,0.055264716734462,0.0509967642089298,0.0510506903837996,0.0519578155089572,0.048045534377453,0.047858131443961,0.0438552038529975,0.0485807979433927,0.0463069886762881,0.0490207090883616,0.0509099468933783,0.0514481221262605,0.046966233615027,0.0463291933604829,0.0433633545473849,0.044212424402516,0.0431003452571752
538.385009190145,0.0421765318537918,0.0373213797285907,0.0404432906292207,0.0390641142229705,0.0482530864452036,0.0427112044693656,0.0418411487651471,0.0437672295183628,0.0437948849967183,0.0398985452353487,0.0437612220956861,0.037643719323331,0.0437539814652054,0.04253437910828,0.0409290097695308,0.0394919304804914,0.041366258487532,0.0432689808223883,0.038809438390791,0.0333140974577011,0.037058603766135,0.0441071331593706,0.0384532072546659,0.041686921382256,0.0478428713291724,0.0451759945603597,0.0409454567031528,0.0363059776381611,0.0403086020286125,0.043307049536476,0.0403010069134404,0.0409582216652974,0.0408519638226898,0.0361735569848012,0.0417693188068982,0.0356272923394919,0.0423464532835451,0.0396469356436756,0.0421866647586264,0.0394224521669576,0.0358680380237891,0.041088242880937,0.0423869134451139,0.0363170245489093,0.0346532861992372,0.0397531651374668,0.0403371967743966,0.0333346686106194,0.0378537638336328,0.0335763110785458,0.0374898175935254,0.0393632589624995,0.0397012103367468,0.0358437674947284,0.0384083269045263,0.0401619628525123,0.0398390038175311,0.0516077769156052,0.0450092191216371,0.0396013574555836,0.0383598746302347,0.0363371324748786,0.0341177397722996,0.0359035120079727,0.0354937111896626,0.0450171124153082,0.0440176817575319,0.0395200441238196,0.0411986924922047,0.0328089393308462,0.0351416716758131,0.0385898416392819,0.0391978275699377,0.0472979945254137,0.0390243174043483,0.0346466036867128,0.0409880532651564,0.0408985792810857,0.0464967137082222,0.0390897919500014,0.0387566271759617,0.035899084989624,0.0403978809193117,0.0409989891692082,0.0439112260848221,0.0470475816284561,0.0293330744561185,0.0382674293979503,0.0399500197408304,0.0438811032364803,0.0442250248407151,0.0477997915674717,0.0440672444154808,0.0410054094158484,0.042771162237214,0.0320487524633023,0.0386861252928745,0.0441006982651197,0.0443513635952128,0.0444168079601233,0.0386703687194971,0.0396075124667881,0.0442901543288982,0.0398380773052314,0.0460896463792472,0.0427428500553044,0.0371798766538831,0.0446437395736703,0.0416622774952936,0.0345632702441268,0.0486839779086982,0.0491142239487407,0.0407058056324261,0.0404377488412322,0.0350786649416988
541.82325349812,0.0592240223993165,0.0535682836380867,0.0585197573101592,0.061351187922332,0.067139499655684,0.0653156573020224,0.0679055203567903,0.0531116763626528,0.0631942991032435,0.0519423031252575,0.0566994619393446,0.0619886668767719,0.0521007411735573,0.0664274455373807,0.0529280139974928,0.0580913588656677,0.0618194339817703,0.0656219279506126,0.0652063707543509,0.0512034959075108,0.0544760080882475,0.0594648691258782,0.0564219292971093,0.0631194286204565,0.057593814214318,0.0554902350417854,0.0532982680309141,0.0616458804441319,0.0602225434296225,0.0587035495093578,0.055706452459754,0.0560469023631658,0.0551568057145983,0.0617278020337966,0.0627354105792116,0.0568317768998254,0.0599778361012817,0.0597948930487077,0.0495670983633265,0.0574309398370394,0.062112011567304,0.0618483950933266,0.0581360217702189,0.0615260289842657,0.0595269543825703,0.0491896443705953,0.0670500288672086,0.0560312278058971,0.0563627177615648,0.0554799532470296,0.0554137782489773,0.0523292167909829,0.0558878374777536,0.0574535079797744,0.0626695278516127,0.0581960966576901,0.0556210982577634,0.063612455343736,0.0598508685488499,0.0559786229131191,0.0573008646825348,0.0615951188881048,0.0579292215999535,0.0556229287342631,0.0554840957755517,0.0563522094111544,0.052886400735879,0.0657758124112251,0.0595382613449748,0.0563557318851842,0.0542748756974674,0.0636260887964039,0.0617311224721612,0.0588332789474103,0.0538520759518641,0.0499069018771112,0.0507540030420169,0.0580125412518466,0.0536201420537984,0.0571150506955797,0.0539866136550808,0.0629495422258675,0.063412887941613,0.0567062331902849,0.056928022488649,0.0558238885173042,0.061264466381324,0.0683524269290235,0.0512680038825119,0.0557568161468567,0.0522945668879929,0.0532097361103789,0.0523522720519543,0.0618157881861276,0.0581559123020762,0.0580107014179566,0.0562304863275628,0.0544785974366673,0.0576131935435966,0.0588587508840967,0.0554748906810089,0.0559114093570164,0.0514765577517057,0.0608590788314638,0.0564879571499169,0.0572332214624503,0.0562339928230267,0.0605902509769868,0.0542353472424959,0.058138038887384,0.0596965192418873,0.0551077423507011,0.0624456139503464,0.0519361677193537,0.0620785410457076
545.258926876969,0.0412509580625418,0.0418298592186452,0.0416735961540966,0.0445961716661459,0.0446178548993529,0.0492423078462186,0.0488839247732986,0.0478419778167667,0.0509791566121694,0.0384540449499312,0.0423510521782659,0.0421930284936324,0.0433713974618365,0.0393403615651801,0.0475432956179034,0.0445447512780285,0.0473642537249509,0.0407519224787878,0.0438289200837439,0.0490876372193715,0.0463836509394406,0.0436813042512007,0.0564424498779478,0.0467402148382367,0.048506047014195,0.0506281381958745,0.0421147305270714,0.0487678913805888,0.045729574048415,0.0407599463913669,0.0426385938201803,0.0378723399919073,0.0480633113560303,0.0514392269143761,0.040356960169944,0.0585237964298883,0.0435556530447625,0.0382291784964779,0.0459356256040652,0.0542923618894361,0.04822512610724,0.0401729752565921,0.0462527165494059,0.0429545929501096,0.0412218090657715,0.0415034336211007,0.0398724523224,0.0490900213901672,0.0460952929420986,0.0413035174253653,0.0450976764802609,0.0426781652162978,0.0462272719009974,0.0413282744595294,0.0401375822508878,0.0478679229025189,0.0518265906202295,0.0472154383062625,0.0505578572984492,0.0439777795217109,0.0416547723985007,0.0492756148194015,0.0390882179080388,0.0479921718536377,0.0399254231488666,0.0482884467300897,0.0447196944995208,0.0471688090661109,0.0362663850341738,0.0569244573524616,0.0450152521884837,0.0517106806487305,0.0441639598891156,0.0489997740191221,0.0533351425426273,0.0461290066489055,0.0496900981531823,0.0431620030901151,0.0481784270109278,0.0434916931991048,0.0469486009868902,0.0453174625852841,0.0469443776864004,0.046969030293152,0.0493202229505181,0.0361472185677743,0.0472304451174017,0.0405102226435463,0.0459281068877522,0.0477491811082037,0.0437324275699007,0.0473544832708645,0.0501500160231432,0.0497945709225057,0.0416779334147521,0.046954515915411,0.0491563430759616,0.0468714740801739,0.0466478074215361,0.0466884229353828,0.0381760981180276,0.0445921808949052,0.0476696836043854,0.0387943219351024,0.0401090506805148,0.0422397003780283,0.0400031676339338,0.0457124923543332,0.0449368508085673,0.041748727058862,0.041076697536108,0.0416715089811064,0.04399800512123,0.0453787314723213,0.0394483376346685
548.692032034043,0.0322673612251183,0.0365181484343738,0.0378883507323317,0.0316092738600269,0.0376568054236895,0.041733498162094,0.0404400373958662,0.0301196132793265,0.0430225697636956,0.0444766628679874,0.0402712725807502,0.0427741849797412,0.041765833363571,0.0404164923163918,0.0372513446081922,0.0309726900543994,0.0398611513774231,0.0402687258352106,0.0342297940748127,0.0383067249843072,0.0404348638170991,0.0404275057660379,0.0363424146212979,0.033621438037184,0.0356305690383377,0.0446591489962054,0.0351811312919051,0.034789230307319,0.0333610642520355,0.032074971873522,0.0399393544907142,0.0336116383426944,0.0387523839681296,0.0378695499184991,0.0345326509847765,0.0407034970504355,0.0391821554261849,0.0388353479312134,0.0247009365842888,0.0327147788931445,0.0343123946904566,0.0391481941446995,0.0294726526949328,0.0363908723206368,0.0396140850688822,0.0415133889136008,0.0366097048855505,0.0383550544712321,0.0423124738578347,0.031472336444339,0.0418105226917356,0.0405326103321019,0.0419216273964592,0.0348747788956045,0.0362873602938375,0.0293406623490696,0.0366022045321388,0.0406165236824313,0.037951918504334,0.0341330834236103,0.0405646197696914,0.0369310378820292,0.0337113792535118,0.0321387976911385,0.0426416768628633,0.0315893583099457,0.037076096139708,0.0372859872194564,0.0329299464504774,0.0421661121021811,0.0340939275183999,0.0359688464393252,0.0397471424436105,0.0331210153769619,0.0352852353023344,0.0336343678156728,0.0394171669505712,0.0370966159113294,0.0378046519302123,0.0402028404166988,0.0322905190303963,0.0397891525659656,0.0392194789943145,0.0388292579843964,0.0433139299632339,0.0350327102747996,0.0385759995569964,0.0351602519225843,0.0368075648838713,0.0375695179138132,0.0415740163542643,0.0345161058812833,0.0374606272903482,0.0311868181132081,0.0399952789533946,0.0402900857370102,0.0354986126799367,0.027266006595687,0.0213558937217516,0.0405853336791733,0.0343755950380312,0.0370354915855802,0.0378051052223798,0.0409265598042367,0.03953769957063,0.0406117707252987,0.0351380103420556,0.0363091273194094,0.0405285649815865,0.0368229835384045,0.0262692585147522,0.0416852302329735,0.0374652523982188,0.0327859215236416,0.0318902068265909
552.122571672838,0.0428781498554778,0.0430101516311179,0.0438925688664429,0.0440665993354277,0.0484062397148048,0.0395683097184225,0.0420438666315955,0.0512762917640653,0.0494976081066767,0.0445041766779258,0.0365625229768908,0.0378151127588543,0.0472841988587971,0.046346675913609,0.0464625311010756,0.0402406945668115,0.0398469348091078,0.0424726021025371,0.040164692580136,0.0420810186642547,0.0409675447698237,0.0420612087497699,0.0390288772838939,0.0423825353975212,0.0372435451429575,0.0467825656684727,0.0453219784482567,0.0492960931839778,0.0435316456790434,0.0490328280155016,0.0448735437682779,0.0427288323267909,0.0343484479274596,0.0476108504910401,0.0452626168497565,0.0428863023842622,0.0391738058433879,0.0394160767256174,0.037496305748298,0.0463149132051275,0.0487815553531555,0.04021946683138,0.0364859907148293,0.0451166498933796,0.0444548622058749,0.043152860427786,0.0469241851842428,0.0399788767513975,0.0395896605839204,0.0418288439617007,0.0433820675273581,0.0458926959273615,0.0397432561435965,0.0348608953505829,0.0384642267718795,0.0473001500405946,0.0447067973510842,0.0487272299674556,0.0483341290055306,0.0482547424263642,0.0437699486261737,0.0449470368582936,0.0407196812258784,0.042492263796928,0.0442564215695285,0.040697891049505,0.0480628275212717,0.0388614999082268,0.0417664369146812,0.0492421160258957,0.0351492928557588,0.0424663478643037,0.0440890035472179,0.0429384179473261,0.0429240544983907,0.0401276675461283,0.0442455503165261,0.0392658533808596,0.0519402662001423,0.048884332984431,0.0420206073513307,0.0375436047632545,0.0462666999598528,0.0522979325564552,0.0470407313518929,0.0420934741378951,0.0428678749551278,0.0405078217050315,0.0432221489337083,0.0499062588182957,0.0409981419128951,0.0500205937050269,0.0407141183518932,0.0464535410010172,0.0377384347787296,0.0474037602421914,0.0414898160767604,0.0430102472127777,0.0422407385000358,0.040549627420986,0.0462372212184314,0.0440640713973466,0.0410762725958055,0.0468020224903106,0.0449468275747685,0.0459221732506331,0.0438084515591511,0.0345802077269495,0.040464479276138,0.0455493533689291,0.0531050806191307,0.0405958055227529,0.0461038750022257,0.0529507531082932,0.0318557184177119
555.550548493021,0.0433900712743699,0.0392609044055055,0.0378757727410552,0.041867756050238,0.0456948734786027,0.0411363574681959,0.0457436281123949,0.049714280557324,0.0420273005041499,0.0412501540906281,0.0445881651696629,0.0405502611383749,0.0406768639585113,0.0387004508307781,0.0372055400389852,0.0402285002744436,0.039808364733427,0.0338012798514689,0.0385638606398406,0.0371905502583102,0.0387641156332588,0.041486040617851,0.0492944701787658,0.0396184410456383,0.040444398369196,0.0364357146289861,0.040476495390312,0.0395716471892192,0.0359496909908584,0.0402969342808279,0.0426704993103905,0.0400272904875819,0.0381397752603413,0.0426747901844892,0.0447369795466569,0.0396310189197825,0.0385912448533676,0.0453855281261817,0.0420266608035996,0.0452674048313195,0.0387166492178564,0.0391458573363729,0.0418507810279746,0.0363156092181063,0.0508894679790353,0.0420097801134129,0.0408910191924133,0.030271436274207,0.0428092660203819,0.0395960228727764,0.0389605006461933,0.0512279804345624,0.0396923010891719,0.0472125873618043,0.0345637653458124,0.0423472505878152,0.0446404275878471,0.0486279210237225,0.0482805324639475,0.0443585187193362,0.0377701180974575,0.0400631925341713,0.0412279187335837,0.040251426437086,0.037772706504231,0.0363278621424628,0.0381736881729319,0.0431466287562774,0.0489141374411523,0.0409913476118426,0.0383619546955506,0.0397073722382079,0.045112225813027,0.037407382405439,0.0456136872677423,0.0357316100125556,0.0301411276138231,0.0392071592772218,0.0442426215536527,0.0373675524374547,0.0419608733896633,0.0391322867740527,0.0395884379986383,0.0370775995045923,0.0399011117881531,0.0414757702472205,0.0422706473826698,0.0431498723470989,0.0410274672061542,0.0364563775397194,0.0312908770693416,0.0414145604741957,0.0455944595710497,0.0524001764402456,0.0376521305139825,0.0335115157985626,0.0343396343612588,0.0353276310331679,0.0366987195529077,0.0449197903376382,0.0396828152536851,0.0359159536211628,0.036096512287214,0.0381199898325238,0.0361361898165428,0.0394244730426957,0.0378073973102846,0.0427257892243224,0.038737030760653,0.0394787405016228,0.0300229470084744,0.0405594173835264,0.0335510982593002,0.0419470880345696,0.0425801158409466
558.97596519041,0.05395236075711,0.0559186396350756,0.0476466578302871,0.0602363427415921,0.0580070936168871,0.0561009598032018,0.0547202396360432,0.0513696749623825,0.0554139132704271,0.0537086702428365,0.0467089045506026,0.0570455050797961,0.0631935164940114,0.0505446356055197,0.0523340232180882,0.0559792918461803,0.0531623382233982,0.0554846642698321,0.0637640439653632,0.0608956488199523,0.0582245856765969,0.0490739888260641,0.0541043299138654,0.051067745138116,0.0527586967015038,0.0574500046958016,0.046293563522593,0.0513399455977477,0.0589654695607441,0.051196681400157,0.0524777184940216,0.0507039336700067,0.0539626659402065,0.0480253741686375,0.0522089774590112,0.0601682675812492,0.0604856660652676,0.0518712364107575,0.0465314771332302,0.0577346432027958,0.049792783630467,0.049180878026635,0.0466498100294132,0.0526492958895065,0.0524449554862169,0.0524239915124454,0.0484353744214368,0.0469218181338502,0.0476316423017719,0.049356892092153,0.0502498765363291,0.0516975161716686,0.0536041325073433,0.0552299693320301,0.0542973284083008,0.0520834899706595,0.0537825962978693,0.0485043769357111,0.0492979341880766,0.0529786560997534,0.0571272859403116,0.05607667848366,0.0519632682467024,0.0511017942060411,0.0517173037186395,0.050769546049913,0.0518534685384655,0.0523287342817011,0.0604724227579219,0.0480173494783207,0.0568247818169823,0.0494134151477968,0.0455618330196094,0.055383751868761,0.0488253633657434,0.0476076506118701,0.0538278190653453,0.0506874000290652,0.0610546639797578,0.0541784050949252,0.0505568071363879,0.0489659197237686,0.0515188221319329,0.0456293413899904,0.0511684155065505,0.0501270050012704,0.0475938990809931,0.050592346280304,0.0532951101824979,0.0465965952159017,0.0478088008137774,0.0574050057407731,0.0449437099833973,0.0583219356422753,0.0551061730262081,0.0488572992262225,0.0523037591981486,0.0526546744772705,0.0531325073763585,0.0487109866015718,0.0477089774228156,0.048305821122584,0.0497365929670067,0.0568649410776017,0.0491390637995631,0.0398653936444274,0.047512028632517,0.0486465256753718,0.0550079657974947,0.0448721345599338,0.0562601789314475,0.0518173840493992,0.0529946252464962,0.0604230931386655,0.0532798876444193
562.398824457005,0.0369181693737541,0.0440541019074974,0.0453968240807034,0.039021681313371,0.0380484561491368,0.0415148287796681,0.0392866428003722,0.0416536484224241,0.0441471227920221,0.0482334908670324,0.0391831888049984,0.0426352322301363,0.0367351834966052,0.0444760862270844,0.0343484865626019,0.0412180343694936,0.0375120568725189,0.0435082754508241,0.0470921783067757,0.0435361094467641,0.0435005251924912,0.0462650689342955,0.0447685928313582,0.0394919932676836,0.037097008334631,0.042725859443954,0.0381932875347578,0.039415151465575,0.0384422543536694,0.0407720580011345,0.0381889214292917,0.0425928046745604,0.0429077494412499,0.038156195974979,0.0387991122005044,0.0395415836872912,0.04503426818283,0.0393828899365481,0.0433208604329688,0.0479723818741101,0.0452473374588456,0.0416973908619819,0.0351849069428775,0.0410645724729406,0.0431878029445269,0.0418555580186511,0.0456173799297156,0.0307046849248975,0.0291031236486435,0.037241857788747,0.0376407043593148,0.0386950639055804,0.0389796719293971,0.0379034608320454,0.0437447244124255,0.0476267883938904,0.0466075127215001,0.0336226011333667,0.0480988641496867,0.0337666692339233,0.0429781635390008,0.0425603266074075,0.0410905613953795,0.0417071893575948,0.0403401079867183,0.0355878859016671,0.040268079708575,0.0428953915682593,0.043727412684561,0.0435422998210178,0.0381670356035034,0.0449759677077674,0.0465359222469391,0.0404995473442048,0.0421641742815049,0.0388165519902711,0.0407545208312799,0.0428692753699113,0.0369514107513161,0.0371604427830807,0.0450231243212206,0.048851035024132,0.0464358118920937,0.0417174024958444,0.0472328168601389,0.0407130335767166,0.0453259805350231,0.0403179992477913,0.0408574149448387,0.0406111199131878,0.0423387337952249,0.047679495510055,0.0393126400602782,0.0407079132334499,0.0417960700435595,0.0387804223944943,0.043464097578796,0.0422013202027172,0.0469899226457757,0.035306749837788,0.0454332780668917,0.0438958967324102,0.0441584403060457,0.0422135557481878,0.0446467259490694,0.0413532973601509,0.0387483336942238,0.0418929978949182,0.0483157655275879,0.0442224568020002,0.0391590078347481,0.0468803907942134,0.0393069809452558,0.0406279683931146,0.0386135662086762
565.81912898098,0.0516744398318136,0.0472199855094459,0.0600255024279696,0.0530060217468795,0.0486994092821905,0.0478413417198631,0.0466244280282692,0.05460728105331,0.0558792104775835,0.0573857840231137,0.0492721237955094,0.0524625116484098,0.0443510825364796,0.0530195464523175,0.0456307584200272,0.0400424029585534,0.0497446972289465,0.0504944587954881,0.0438088843524971,0.0482923973211134,0.0531517549525912,0.0543489951066214,0.0506161766063874,0.0525348362722403,0.0445248356560261,0.0490817352106751,0.0439619416865844,0.0462937467297729,0.0431448205977809,0.0472526940019805,0.0430225557280237,0.0553655726295314,0.0559411615687634,0.0483424165480207,0.0510358385628168,0.0616534043667196,0.0553531590192184,0.0485257560237875,0.0505214854871947,0.0506419948682945,0.0507029987095155,0.0500940320918352,0.0464313415903045,0.0458638106494326,0.0549441776856869,0.0472569226878576,0.0558331094088245,0.0456913816424958,0.0534057012439308,0.0573333910926769,0.0445409474704274,0.0471842133386265,0.0528433343593977,0.0555688196721161,0.0469227067789547,0.0507751956114079,0.0491843592580677,0.0514594144173738,0.0474231500938664,0.0450646348049793,0.0487860153322356,0.0461863723723888,0.053395219843703,0.0579735176843241,0.0483150400563747,0.0494434327307327,0.041826620438584,0.0465613701677649,0.046364109165922,0.0499724022627983,0.048943524703704,0.0573481033317103,0.0568182506018114,0.0551429414707036,0.0584567638220901,0.0522733328702894,0.0579094670189719,0.0471410519277552,0.0520787858411601,0.0484704020301974,0.0568255637860745,0.0509168572180434,0.0468089329394719,0.0437302963329117,0.051404602389012,0.0465818374098366,0.0516811930800916,0.0509282160040003,0.0498574201870108,0.0501655084605662,0.0459516306656304,0.0464935500452871,0.0567831273140166,0.050407739382722,0.0504179420285727,0.0546290932605691,0.0455298385577428,0.0496829476455466,0.0468726124008905,0.0473565382403985,0.0539519580177776,0.0508250550091689,0.0467812059359022,0.0549894432824313,0.0444975857199071,0.0460307947565534,0.0478604105454951,0.0466643517030566,0.0486991347063248,0.0501131756262951,0.0510914491425054,0.0462309287244213,0.0456758721041194,0.0481272902606752,0.0449510498028879
569.236881446697,0.0478485845244837,0.0347683544282415,0.0462757821071578,0.0496252819761608,0.0485773394684102,0.0466279718521521,0.0459862837133579,0.0443024734774016,0.0424227672284556,0.0410071107993447,0.0422314995160302,0.0479274545657835,0.0436918465082356,0.0393139482024375,0.0406152376069338,0.0426530931391975,0.0426334335110586,0.0411810661482709,0.0496222270890069,0.0438445011098299,0.0405475739547713,0.0460316004872584,0.0461203326183967,0.0441957964037205,0.0519285334513401,0.0478380561218208,0.0427600732802259,0.0450794603805439,0.0440632324401428,0.0482471852925679,0.0461902227141794,0.0525674646466676,0.0459332103927474,0.0487360912160511,0.0450650322064958,0.0463907220043902,0.0480845698527604,0.0354464570104257,0.0461619518953084,0.044080361656966,0.0500065777185073,0.0441532590852469,0.0462860247048524,0.0424348084348744,0.0510333817246071,0.0498763207984508,0.0497017752871659,0.049347390637388,0.0500178799361675,0.0468087300299145,0.0476190496396408,0.0470427599653706,0.0483923244327486,0.0462744473661959,0.0434737432490092,0.0424556898387261,0.0501080749478546,0.0496269026347433,0.0478188749171093,0.0487050822094533,0.043229160060209,0.0513975994114344,0.0489483513789477,0.0479836951043456,0.0471156193388893,0.039057612301436,0.0444578543085561,0.0436418748660393,0.0417678633815427,0.042169303314871,0.0444209366473231,0.0436302945218139,0.0588417417537213,0.0484185877038083,0.0440866681749795,0.0369148718592126,0.0480287888400411,0.054692179600153,0.0470091203737041,0.0461254691670965,0.0539561646472083,0.049650315938897,0.0400335582014747,0.0440964885003046,0.0447105457506446,0.0431327026877346,0.0488241115795866,0.0470386742807968,0.04488328237062,0.0468147073893415,0.050076377046988,0.0506358714850928,0.0489005655173202,0.0420397698714832,0.0425477929943122,0.0456075256363383,0.0399198647621246,0.0538747763784454,0.0445302943611781,0.0394417564209878,0.0451370314789908,0.0436603618473553,0.0449922965131111,0.0456727582311251,0.046507963292534,0.0437213166869169,0.0433864829552766,0.0508612385485373,0.0474197313310617,0.0472256144633762,0.0487441850498324,0.046635089616944,0.0514776992126735,0.049592114522046,0.0496467929862838
572.652084534703,0.0376362514960307,0.0357343783000832,0.0330469033606498,0.0337567062427443,0.0328454500677251,0.040559079206345,0.0432037689661417,0.0334333304945918,0.0433988136360527,0.0419696254445876,0.0346318526896218,0.0301330782149931,0.0325576547426382,0.0364261110354463,0.0382877982003974,0.0343510825385285,0.0392552239000502,0.0372681198223727,0.0441449966223339,0.0366725994528976,0.0306302136963459,0.0338684239888943,0.0345399617749958,0.0352848300032136,0.035656924622119,0.0368304609197023,0.0361908734157983,0.0357724382777889,0.037974291070685,0.0333791104461312,0.0323741973153105,0.0341986300234996,0.0397370937527651,0.0349958265624275,0.0444183964674567,0.0419298404798689,0.0314611734344063,0.0326292319754984,0.0406788939160949,0.0288292155401317,0.0336890303012007,0.0328875100855273,0.0407036337819809,0.040075708385106,0.0379286518022225,0.0436471038670324,0.0375612644277137,0.0389807851512745,0.0390113513798525,0.0329823348400845,0.039278787576918,0.0441877400067172,0.0390759085280874,0.0364173236049687,0.0366992280765239,0.0368370538857343,0.0401460210990391,0.0357651372562659,0.0438068250360613,0.0337831228049039,0.0381884350730855,0.0399544894361489,0.0412396459764491,0.0330512649887042,0.0351272798282225,0.0329535195924291,0.0371879462642472,0.0330434449459506,0.0421372713133044,0.0327024047340699,0.0404197870945278,0.0347756202961026,0.0361372751186948,0.0329136976744121,0.0400871593002464,0.0367426400553789,0.0446066821447442,0.033584022810585,0.035918005979055,0.0328519586169133,0.0337025279457399,0.0433975942416075,0.0348783714180602,0.036866949025443,0.034198047480959,0.0363793211540785,0.0356739427399697,0.038835960082452,0.0334467828271428,0.0407562005883137,0.0343563800868509,0.0419084415583168,0.0409937272185176,0.0292733715132673,0.0423380898033336,0.0398744856618252,0.0364714647050784,0.0335520283444717,0.0388630619592595,0.0337180395017494,0.0400847418791556,0.038635847546211,0.0322113039655395,0.0309497345977138,0.0359371813906478,0.0397811733190204,0.0475670270233306,0.0401844007725725,0.0335545970156218,0.0311831207711136,0.0348587258790578,0.0335397809990557,0.0431443532146029,0.0286312396750447,0.0392213631654385
576.064740921757,0.0401261926839771,0.0425906058502822,0.0356064416528627,0.035204891222616,0.0412743198602708,0.0468137767522989,0.0377469012436054,0.05009726901695,0.0422095598907397,0.0472490706196283,0.0403710683898955,0.0354738405035312,0.0411983034190338,0.0411037159189634,0.0419032811817991,0.0467125126698006,0.0476602603955677,0.0414682487246069,0.0402535622144204,0.0381168887519754,0.0385819438525875,0.0402409397824178,0.0397727158016963,0.0416832439678429,0.0376374957036152,0.0393275368438555,0.0450940794366623,0.0463450897247621,0.0404576204986723,0.0337783304761269,0.0393222442889526,0.037250219569312,0.0340648300535936,0.040226007622835,0.0469568422024493,0.0385274130268085,0.0274364835960929,0.0471124434994083,0.0395653448318455,0.0449657204310045,0.0379562560306698,0.0406831182564953,0.042134700263111,0.0409744187339282,0.052310963793473,0.041254534433491,0.0411753684547542,0.0479733460642095,0.0410002788200246,0.0409834996659198,0.0439372013240869,0.0396950985190241,0.0404952058860919,0.0394653564955015,0.0398042851860955,0.038279008874644,0.0350483832037359,0.0420710861848543,0.037030957134226,0.0417380229867018,0.0450046408810491,0.041362526970005,0.0345859042676957,0.0405012155890857,0.0462591674202932,0.0348984746912555,0.0397702136022066,0.0344511547947214,0.0413732593078153,0.0396059862938032,0.039122340972525,0.0389297237806061,0.036465873047705,0.0398224170256243,0.0426286232059897,0.0479541973834181,0.0373789897127361,0.0306235681449966,0.0509729294845126,0.0419092322818173,0.036753053729655,0.0382233785081067,0.0373718838251887,0.0480018675321066,0.0399248053720145,0.0410823509713901,0.0370925295288506,0.0348982708097468,0.0396925917285536,0.0405773630676767,0.0416480690369207,0.0502848497477597,0.0407714669198758,0.0421809450263966,0.0404574037956889,0.0457120621459074,0.0428358924130217,0.037695447626038,0.0375714654175361,0.0357244032882991,0.040418007151292,0.0346693998121407,0.0369541286507874,0.0388100559764783,0.0406291645278458,0.0422447549370538,0.0430438884216242,0.0465326622501207,0.0426039759892116,0.0408299900550559,0.0467176858928212,0.0414417146143131,0.0440133798151505,0.0415217761275971,0.0390165118383164
579.474853280809,0.0394113759801182,0.0429704177541052,0.0528640159816744,0.049634790464069,0.0432301139344602,0.0476763986759687,0.042869035858801,0.0440435402337138,0.0479572417919919,0.043278509000732,0.0471551417832899,0.045201311648849,0.0443142423266736,0.0528048331571815,0.0411552962178197,0.0372732629531119,0.0426251948752394,0.0445591575222106,0.0443861782970203,0.0416974843358677,0.0475941286888595,0.0444056265861718,0.0460681099544658,0.0480576493037582,0.0438946118640445,0.0482947815020535,0.0411493617857209,0.0455977238306145,0.0515133642437391,0.0478065867503357,0.0544519781987732,0.0477837361982319,0.0480973052698993,0.0383775426805621,0.0451932002157621,0.0540466487888914,0.0480849943931158,0.0404567384962144,0.0406242973640904,0.0426645352973159,0.0416419670679228,0.0442143028372981,0.0440835146112745,0.0380208529054073,0.0450928742888578,0.0476624978775013,0.044221498346915,0.0386362733182143,0.0462202725110483,0.04022035704327,0.048572092343927,0.0394818703861641,0.0413531010425016,0.0484154536707365,0.0456363666472844,0.0424221197075517,0.0494791296555226,0.043442285681578,0.0483129823099796,0.0458526011094815,0.0447768264064409,0.0524030941420191,0.0467934575551276,0.0490203148033427,0.048217142438715,0.0448926217164703,0.0450717159407439,0.0505991679998165,0.0527833725220608,0.0410206386291588,0.040528743760283,0.0414308446422247,0.0389666080379987,0.0439707885381706,0.0517112091487824,0.0499070963413877,0.043092873493235,0.0463616253520331,0.0425600006170059,0.0416739174718386,0.0446625437892606,0.0479108528422322,0.0458701418439532,0.0391021586349306,0.0532174299273888,0.0441214837129698,0.0401086971155863,0.044339927896863,0.0400128705844464,0.0425214282054913,0.043559300959402,0.046862277719316,0.0493351754787477,0.0446759306011187,0.0462374587765189,0.0443479964474094,0.0508156831306346,0.0488898604650521,0.0478060255944391,0.0454609972824854,0.0364003149280386,0.0452893939524227,0.0427695238812495,0.0493382313344574,0.0398377165475927,0.0420067269574779,0.0504302014290864,0.0479070871268613,0.0417986963935044,0.0493584402095695,0.045393932036374,0.053092757888601,0.0432303225708655,0.0522029085137956,0.0409446377142682
582.882424281026,0.0593527091900707,0.0578437012557812,0.0471964485539013,0.0537448900506344,0.052686374255905,0.0517365744481191,0.0553895500153827,0.0590392011243224,0.0520753294690466,0.0588203166795877,0.0587259225375749,0.0532499262445478,0.0540054828222327,0.0568935390025692,0.046350526274608,0.0512198190595903,0.0525936831532196,0.0541359495350401,0.0458128049096536,0.0565945771519232,0.0468225333766001,0.0507297218916401,0.0474519109790815,0.0472890486040046,0.0619538436818345,0.0458751591239001,0.0569521305485438,0.0561234714779637,0.0550249572997727,0.0530724829933854,0.054786731105285,0.0529328872643668,0.0599138254135267,0.0554998152933021,0.0466149280284036,0.0511376530783742,0.0500489648847862,0.0521845711250643,0.0537430948251238,0.0549622736855844,0.057000569786638,0.0466620131737385,0.0470915426283057,0.0498111467019413,0.0524159380854236,0.0501860267425114,0.0510525302853536,0.0465049984738683,0.0454494175608571,0.0547296364323522,0.0526410076198863,0.0521545866728421,0.0534849619593158,0.0433354646520874,0.0481433385102178,0.042182214388729,0.0513952243715186,0.0557044391097295,0.0480645067914136,0.0510342657977285,0.0526260142646335,0.0516179097142555,0.0492646391492382,0.0476787671297508,0.0544573041994209,0.055401744679354,0.0547387006323869,0.0541474434462691,0.0497529678216506,0.0544341588877772,0.0468212612797834,0.0498815998961279,0.0452865527401884,0.0502843284025652,0.0443565218836564,0.0534660058257208,0.0471623697457358,0.0538155903965044,0.0510248487868463,0.0528650178778797,0.0530910645948655,0.0537152329802906,0.0548929586110604,0.0528938754825053,0.0545606008393649,0.0509637232755071,0.054991556014039,0.0510772361072563,0.0531868427621214,0.0546390711841169,0.0481257724919937,0.0482333128620102,0.0507169604164608,0.0476938417487099,0.0547381591313717,0.0506899359628941,0.0598644782833532,0.0535296948552841,0.0481157770139579,0.0452035850418907,0.0475051213935978,0.0456040351406628,0.0397867996670841,0.0571517984369043,0.046119981247483,0.0524576453362866,0.0512829181918676,0.0498075955376436,0.048615876810543,0.0556744167672501,0.052818476724025,0.0480107144156656,0.0505644706794492,0.0464689388374649,0.051476084000241
586.287456587802,0.0522288011260561,0.0544117767966451,0.0469576988509154,0.0540381239644518,0.0427713277777826,0.0482575927115669,0.0594047321331056,0.0642854586319766,0.053493132351058,0.0455758073199406,0.0515642959615507,0.046936965136512,0.0477224343538183,0.0495754388203896,0.0493523780142881,0.0449992298596363,0.0442923242741201,0.0539238679142593,0.0520447165428038,0.0498681520000777,0.0579560677173107,0.0482956500371624,0.0455536391310916,0.0459491054846474,0.0590259968610497,0.0445147257273767,0.0534950762601126,0.0488743468167357,0.0531414343400679,0.0484838930518636,0.0529091928212475,0.0451923915943988,0.0470456564680785,0.0470921835557936,0.0571050601175348,0.0552419076147468,0.0503423998293539,0.0460221881876447,0.0509081645923033,0.0482810255706009,0.0522825488759421,0.0416647750355881,0.0462870382916878,0.052826986095868,0.0451513996980886,0.0537890076676974,0.0540513333724982,0.0441205795570047,0.0511647653211547,0.0490028881497442,0.0474625275958279,0.0518942385963881,0.0413852593199012,0.0522384914567522,0.0522772153195027,0.0506381759351332,0.0554606395798524,0.045023733187587,0.0549155013897631,0.0491043858197004,0.0485711869292932,0.0481269517047532,0.0500933170313531,0.0550576186201627,0.0504473655237685,0.0481282404100001,0.0501155396486842,0.0543917859799647,0.0422627434431122,0.0525222391950284,0.0519992119537193,0.0420177549945211,0.0493871235361134,0.0417980230598062,0.0555796327379172,0.046136867461742,0.0495876245049865,0.0452762448349229,0.0480167405037947,0.0504019513728402,0.0435934146973639,0.049020803752249,0.0414230677088669,0.0482737583197678,0.0553384831278191,0.054502301610556,0.048232002163226,0.0427793899617588,0.0497046667480725,0.045265028412615,0.0419550381387693,0.0474399794916553,0.0542775448818823,0.0517815948581101,0.0489432459275748,0.0503826575860998,0.0486686168749752,0.0548804699381635,0.050601499170491,0.0548922506043089,0.044522601572322,0.05022395961395,0.043909120609435,0.048256119179453,0.0463731517014626,0.0457455971792306,0.0542813399496747,0.0555342001023838,0.0504940909484088,0.0477418468921012,0.0465123296288576,0.046678072149694,0.0453922262140341,0.0494534221792772,0.0452693915992994
589.689952862748,0.0615194178745191,0.0638605648345198,0.0570553054909029,0.0586431279783718,0.0602422601078143,0.0635448988505638,0.0639269123983392,0.0678874417989379,0.0645253920390892,0.0632403229229529,0.0620183599966692,0.06045118358218,0.0667147803401338,0.0628332008366775,0.064807134368966,0.0627091609645835,0.0579715176207674,0.0629104512204777,0.0598630031700768,0.0636385615516111,0.0593061138677276,0.0622143271685112,0.068615959794141,0.0643001472798347,0.0679005577537573,0.0631530604103144,0.0590988255790307,0.0679606210628528,0.0646657681516771,0.0613477377074539,0.0537431160432056,0.0658422214649158,0.0631990403333784,0.0598263532568907,0.0622239211583264,0.0582399839732468,0.0577467977722699,0.0604092471786869,0.0623305318186669,0.0664890454183154,0.0714919821165488,0.0684527065574684,0.065488282817999,0.0607420410979955,0.0626773600054329,0.0617807486080607,0.0673644301008227,0.0621727310384449,0.0590266693522345,0.0574562824373275,0.0650500666103259,0.0596790379184611,0.0642302609470171,0.0654278909642335,0.068492091817773,0.0612507817628073,0.0578737841700597,0.0659712139830734,0.0650305629560898,0.0624184281662686,0.0644743456194369,0.0649981795545451,0.0562941993438283,0.0602270747331698,0.0614846714667683,0.0618204156030711,0.0564425480605789,0.0639088302326759,0.0558186892117062,0.065341932709555,0.0615180423895849,0.0542227116514372,0.0595031002224633,0.0611985556469031,0.067873232278621,0.0610566293808806,0.0633342219377196,0.0603918837087723,0.0558894023618238,0.0648179267269092,0.0579430195369046,0.0674583384379455,0.0597159381648123,0.0631003588568526,0.0636826675948822,0.0623909673960717,0.0576632073035998,0.0639451820504962,0.0649784742050259,0.0664595311815055,0.0700463508625548,0.0674977504739594,0.0627701886206906,0.0695150191776577,0.0628856820257457,0.0566774215522976,0.0696930057761228,0.0649153724526831,0.0618636884011568,0.0584644152765719,0.0620721292921624,0.0656428709748059,0.0578785381967597,0.0684035017029688,0.0640735071108709,0.0561501832809667,0.0621378523548119,0.0617871874331721,0.0621796855459554,0.0704231563102134,0.0643063873570247,0.0668822771021831,0.0700466944938514,0.0638884004369508,0.0638418075644163
593.089915763704,0.0617732131202686,0.0539290656311423,0.0573145870940873,0.0621410561066935,0.0621042452174074,0.0605564777311972,0.0678959785084688,0.0595789809660759,0.0642909782456187,0.0738261666232049,0.0622927708863942,0.0612584160373923,0.0603832419867648,0.0657685984179739,0.063422666055429,0.0580745810813557,0.0625045418801446,0.0583109761661008,0.0665852625867647,0.0633457781549571,0.0649705174367555,0.0679210206047786,0.0612402229569736,0.06838947790065,0.0617011587988007,0.0520066442010124,0.0614735008517689,0.0698102366901177,0.0616624650441358,0.0616267146052192,0.0709653307442462,0.0618084510475479,0.0612442859475003,0.0616836062848751,0.0630412698555537,0.0650037754534449,0.0656762977072379,0.062861800943349,0.0594473299297379,0.0662599475214617,0.0644979539290571,0.0602289560989212,0.0613897143806882,0.0549604578735723,0.0596823374337146,0.0614762772038163,0.0626992109054314,0.0608189910846114,0.0663229041952328,0.0593310913238539,0.0625385410190651,0.0663648455139303,0.0617680523221879,0.060816657915675,0.0637756533715527,0.0565818493524053,0.0618934313366076,0.062884701239903,0.0537527074596178,0.0577161772787591,0.0641535235189563,0.0705805542685632,0.0613924550187608,0.0599082974800416,0.0660398368402099,0.0539630646769314,0.0556127972828762,0.0597329524766078,0.0560435155930151,0.06502243422805,0.0628307061962871,0.0582588655212794,0.0641061403740465,0.0575905856103437,0.0659184295750775,0.0650886348927036,0.0565289395303662,0.0600651768227411,0.0604675404826362,0.0584919872147915,0.0646744377437256,0.0649222411276224,0.0681211675501709,0.0578929093359297,0.0584515389745625,0.0631494623539399,0.0627473892897826,0.0700761115717932,0.0630598707305827,0.0618690203938069,0.0627583670932301,0.0671932754292281,0.0701381950556061,0.056605995322773,0.0592393007837133,0.0568753917740811,0.0611823959204958,0.0575115549846636,0.0599013413499756,0.0642285357285631,0.0628299871713185,0.0620987932381857,0.0630502799736538,0.0664593138747654,0.0675557115481627,0.0622468887343695,0.0667158978970167,0.0608670233226484,0.0563650286182656,0.0635373835315719,0.063983873070547,0.0649637399191967,0.0626567670999312,0.0597231971899341,0.0624412728366843
596.487347944762,0.062004398690604,0.0670946042450848,0.0733631830594212,0.0639901553722514,0.0666303359521057,0.0763346409992357,0.068131302667391,0.0625945137268219,0.0715296416379445,0.0670224892124751,0.074837885576587,0.0653502596011907,0.0688775231137993,0.0659708483348535,0.0706942495468456,0.0686601993299065,0.0718449648334372,0.0726754093957867,0.0663100339614443,0.0641100233976574,0.0630206013346775,0.0654158751080026,0.0614453572476034,0.0686221457187624,0.0689170497738789,0.0733052044611606,0.0654283854983627,0.0694853329565433,0.0661578426828076,0.0678895800068771,0.0668283463181785,0.0695461447773294,0.0702266772357286,0.0716583319112054,0.0654401415673767,0.0706616832428336,0.0691915378577536,0.0690806444708095,0.0730188791016843,0.0649244901611657,0.0675063864476951,0.0689468901043884,0.0697186888949736,0.0699396747966898,0.068531925704019,0.0732822367553975,0.0618194808714701,0.0637497027701898,0.0687138187498199,0.0639143250613944,0.0670579895621901,0.0665728128564866,0.0711183545601567,0.066417906766913,0.0661886407938214,0.0660586969148727,0.0604593590375695,0.0646869221325893,0.0714922136017837,0.066622385282878,0.0724503183641704,0.0739940537695186,0.065927812851183,0.0732288381014501,0.0700336283152293,0.0686861900417222,0.0695744106056787,0.0702981054598199,0.0684432189530503,0.0641331450927466,0.0690300723834765,0.0742186157717226,0.0686861458477332,0.064904590244713,0.068317058948691,0.0652949694282403,0.0659073334824058,0.0657723550886572,0.0672033953551079,0.0630478142748332,0.0675853823585175,0.0678761069878178,0.0765035046630775,0.0699691363865084,0.0683763526542198,0.0720851412033927,0.0661870523561069,0.0713587582800179,0.0638011792987109,0.0706728909784245,0.0650903513471078,0.0716829911748141,0.0714261082006542,0.0573429377430692,0.0643522398182735,0.0647799606920582,0.0652180505697062,0.0691325139277991,0.0689158780266962,0.0677536617249218,0.065728714223611,0.0720596461502188,0.0621663911789094,0.0704132637865204,0.0655552151324438,0.0720701076602509,0.0647609411398599,0.0643233809367301,0.0669119158763383,0.075776673182837,0.0669275351030657,0.0635609898316432,0.0655555599207019,0.0653696469946281,0.07341893045212
599.882252056245,0.0547897665836165,0.0630308933579096,0.063761036024118,0.0603972768569239,0.0544728901135317,0.0496794280469335,0.0609221293502242,0.0645065414759707,0.063753997076657,0.0580245891546702,0.0617023036984838,0.0611468517844947,0.0608481229006285,0.0553089442190092,0.0589570992494306,0.0590792534156816,0.0591594127658526,0.0636891315420053,0.0585009531264968,0.0583714040123332,0.0588787060061657,0.0596120184974686,0.0621708752101179,0.0628077911648395,0.0615968023696454,0.066983800478659,0.055467507308067,0.0616067692159443,0.0561258675957973,0.0593833294744903,0.0544619280283637,0.0563532345980645,0.0567170497616156,0.0615306492792688,0.0544460492938837,0.0616812231867266,0.0710368392913238,0.0622824697375715,0.05745435412656,0.0630244006307717,0.0688201794560515,0.0612081453220117,0.0542068153479733,0.0619245407491808,0.0644127528657942,0.0646586804875766,0.0658135686868787,0.0515821178720616,0.0607748138555393,0.0662895525609145,0.0590750312653883,0.057075691098242,0.056237656698634,0.0628381880685963,0.0619760084852732,0.0607992407500347,0.0628044960120064,0.0653752195344845,0.0618117954455705,0.06405560972166,0.0585830692429788,0.0575356129560933,0.0591087849571656,0.0553760646515451,0.0643161372486995,0.0516348617020818,0.0588211773546869,0.0617025815110043,0.0614128707154497,0.0577558098729801,0.0664780317132164,0.0624606254765444,0.0573229646459256,0.0596083882226123,0.0570146914448273,0.0589596469910055,0.05257323400798,0.0637468450668123,0.0608312477823763,0.0577666841111761,0.0677610183047052,0.0647423230516602,0.0656819061711658,0.0614707673184206,0.0538842143644741,0.0673307077972558,0.0560919593507895,0.0624319829875533,0.0521792741272931,0.0612058649733953,0.0582928121641874,0.0552755079230131,0.0660834528364504,0.0607906189370186,0.058463654563724,0.0572018230365465,0.0659513855584507,0.0600496731925809,0.0581058289327081,0.0557466452082244,0.056163461747393,0.0663045778409835,0.0629043430425613,0.0560437547068754,0.0558883398702117,0.056696678009025,0.0622400513201016,0.0600569077349215,0.0594126892912799,0.0633730813742373,0.0610755398557254,0.0691422837666962,0.0619185769578193,0.0562408576369855,0.0617280046440317
603.274630744735,0.0650507087438704,0.0637831993470969,0.0606789811031607,0.0643681517279869,0.0686271368664808,0.0648753319330864,0.0680038809002559,0.0572102250390206,0.0655933874967978,0.0603997059381674,0.0661830092889113,0.0668455095611521,0.0659948635939459,0.0668497108185565,0.0623856874764275,0.0647188007071357,0.0695283345943443,0.0617321251348451,0.061399485543118,0.0634101530707463,0.063931581963192,0.0636108720100179,0.063960047207948,0.0728516278776702,0.0585541218684429,0.0682158259306929,0.0625832416140373,0.0671539013291291,0.0670234506206918,0.0661455686434139,0.0612195809930593,0.0635097028593885,0.066201334034996,0.0600634222328848,0.0621476313558897,0.0635038869628788,0.0673705094255664,0.0592508801756887,0.0671334955408345,0.0654340595908617,0.0617553408108991,0.0619292092076785,0.0614078777340118,0.0642786156213079,0.0624288420017394,0.0686973748499303,0.0665202489447251,0.0598516791112283,0.0674598586953272,0.0626329147368414,0.0608363255979717,0.0658443881192028,0.0628531243825328,0.0597744451747236,0.0632424734634709,0.066961115299961,0.0558944657996275,0.0687697021436135,0.0575877772401078,0.06037578209293,0.0587340419686087,0.0625128692793058,0.0603604612632745,0.0631858394133296,0.0585758035282888,0.062007815185904,0.0634083041590917,0.0656611596560055,0.0737658759244816,0.0622852541118569,0.056811323103548,0.0653416927117628,0.0596614335273382,0.0635926659086121,0.0571784603483294,0.0612931526268501,0.0646069541967,0.0605968225656361,0.0707925567212429,0.0639128431445232,0.0679140425455174,0.0643421869362795,0.0647023156856307,0.0632255187807556,0.0653902339069717,0.0609134038373811,0.0627286847466376,0.0615243022981163,0.0550215648425869,0.0597664926750832,0.069151084911379,0.0640016340154816,0.0689771819050465,0.0592944256635,0.0651771014115247,0.0639561370846911,0.0683011211706077,0.060740010699351,0.0599230493222959,0.0653180857612233,0.0622625073873827,0.0702668279870522,0.054296681122515,0.0594144077974355,0.0614854122682608,0.0637966336372003,0.0710872163731039,0.0612672090429848,0.0595368124473395,0.0717361516622219,0.0579417459614615,0.0649984826469528,0.0669424160375259,0.0585631490814593,0.0629547457689251
606.664486653076,0.0535496563473599,0.0607486966345189,0.0543023812636957,0.0574783493726093,0.0601863148287566,0.0521329183551817,0.053858080739643,0.0563753475625422,0.0593791853921941,0.0546113784956431,0.0567429525145908,0.0587349277669173,0.0513182672561677,0.0561430003638029,0.0598246266198252,0.0545473935087511,0.0535782092510723,0.0516146240428049,0.0589104931897317,0.0527662832439843,0.0570328269534464,0.0544853580949876,0.0575798855566936,0.0538484177602921,0.0581765619189728,0.0569797285223391,0.054714805461079,0.0495477397280516,0.0585589516632395,0.0586851256430053,0.0537303593015127,0.0524163673489899,0.0564820261455831,0.0558602478224875,0.0591305798642362,0.0625971921203414,0.0548996940921397,0.0534892029106312,0.0575640597529837,0.064571468502629,0.0557812234043385,0.0546760410685829,0.0485576366363947,0.0534835741724719,0.0544889742896304,0.0506522706707821,0.0536019326968048,0.0546384731448075,0.0567631096231405,0.0589537067188783,0.054436287983886,0.0503850107365449,0.0516934636335915,0.0529171371664162,0.0529317473334413,0.0551172894877653,0.0565656659613397,0.0568621116456415,0.0506012625123543,0.0572188028797656,0.0556223694695996,0.0594206203816168,0.0594309367228609,0.0589500005593421,0.0592716319357803,0.0481409730691645,0.0465730836051058,0.048818942259593,0.059480950768655,0.04985067581341,0.0498496361725484,0.0573393678768856,0.053193694912968,0.048947137901118,0.0523952643249706,0.0527394834533593,0.0517675703227043,0.0579744429245692,0.0567419680441414,0.0580414019330217,0.0512267824738229,0.0578546967846005,0.0587679649668815,0.0579268320654174,0.0600689421762051,0.0462731489727514,0.055830948018543,0.0493352401097293,0.0610607441113922,0.0534740718378947,0.0596303413725415,0.0577184975645461,0.0602850374377505,0.0577754235677577,0.0548512410909574,0.0557801708426279,0.0564186750867719,0.0516114296769595,0.0639171399119661,0.0560343587967078,0.0483249073131409,0.0590545831515415,0.0571819980785375,0.0568418908601496,0.0555947035721436,0.0612331173340307,0.0495341537695941,0.0586048196840628,0.0558151649083245,0.0570979451627385,0.0553332137507219,0.0538247825269816,0.0578325491363817,0.0586772030940802,0.0571495159484024
610.051822420375,0.0409660920337486,0.0442491944304108,0.0440861212292236,0.0413537210822458,0.0366747222156633,0.0441997511415882,0.0370393857017709,0.0468727515861931,0.0456469559013165,0.0406597614897036,0.0504872023150267,0.0428809867015181,0.0448681712722234,0.0481244892256264,0.0463920210554694,0.0438087733906952,0.0376060306183954,0.0425592252256744,0.0435229935300808,0.0394000103261277,0.0441470042441583,0.0366027253089453,0.0419442906987938,0.041941671143062,0.0411131890718145,0.0430159412629795,0.0388088843049409,0.0475192730650483,0.0404025492422759,0.0484709987904002,0.0462181584454277,0.0477340516973709,0.0467400271106102,0.0402381947456772,0.0389773481110609,0.0508417115220336,0.0462477360569802,0.0422905807028951,0.0380841122048454,0.0360656099653957,0.046441884460857,0.0431597314158218,0.0459702277883222,0.0410253302877793,0.0443692648932021,0.0441666551407383,0.0406610566481878,0.0348658255476821,0.0406191566150919,0.0443263539293296,0.0485566295361228,0.0435095592812879,0.0367459115898473,0.048192228739933,0.0436987553126035,0.0470658174040101,0.0398354186522901,0.0405667840138457,0.038660657508394,0.0382272705406631,0.0406076982688688,0.0477225549676634,0.0444495669922649,0.0432151973201349,0.035724195279221,0.0428627847790745,0.0456272142667587,0.0335950423325964,0.0418462090431669,0.0401258373385859,0.0428654662522565,0.0438841414550124,0.0423117034440848,0.050149542766768,0.0404768226748571,0.0354716993222855,0.0399861092281125,0.0399104671336094,0.0508469890720745,0.046150076583284,0.0486224681243014,0.0337022560328737,0.0402065358197391,0.0374623465081456,0.0433414539542387,0.0398106631372253,0.0472892794842962,0.0376597703121304,0.038104245457453,0.0471590676068507,0.0420519227886866,0.0391024537528589,0.0394565563026294,0.0458451599709981,0.0434048032686496,0.0409560254873958,0.0494319760764703,0.0359294592313398,0.0420367867122856,0.0384194803968918,0.0381515342369715,0.0451139770064391,0.0397544030805785,0.0445585261989935,0.0442218875959892,0.0425788807814401,0.0415192352648664,0.0427202805334122,0.0477017407074665,0.0375129580378909,0.045026017966277,0.0410114254094976,0.0454437355981504,0.0462019770185295,0.0405381857421698
613.436640682001,0.0490399561990561,0.048696717220772,0.0447525161999241,0.0555530442550438,0.0448496282691916,0.0453707119111988,0.0488255074333959,0.0562595251344325,0.050632281725874,0.0478499045824467,0.0415360925453583,0.0463038540190219,0.0526946510400282,0.051467542424825,0.0416161955115082,0.048835494703418,0.0462987483918059,0.0502984760736933,0.0463546664255874,0.0384315435380219,0.0453363611944223,0.0525422267873285,0.0507271673635747,0.0480840500346938,0.0503665430993374,0.0501341719771185,0.0474608773220685,0.0497721471436214,0.0437133444882505,0.0436953660713621,0.0512656641863811,0.0499989977249517,0.0446477787693959,0.0506431827205933,0.0444727189898606,0.0477245732057064,0.0512937947779135,0.0483940175722616,0.0471439909192732,0.0373242617743556,0.048776783925759,0.0454049985299137,0.0433606916192027,0.0487816587894083,0.0514891169786903,0.041519294925802,0.0549023160570252,0.0419917032073467,0.0472367917958647,0.0498893031838904,0.0453678847811976,0.0462939712460408,0.0454467985684386,0.0461385747014562,0.0454473739357015,0.0504361032767364,0.0475229307921004,0.0455321726600353,0.0393000533622853,0.0502929614403014,0.04609204749509,0.0558512335433879,0.0483309697418182,0.0400274433884125,0.0482162998382172,0.0429443759450379,0.0501455563344554,0.0517041996101825,0.0563481764414664,0.0462266148681678,0.0478606124890439,0.0488696355960174,0.0412889641254115,0.0447622336249568,0.0487786821430648,0.0491454401411148,0.051411988642795,0.0471545148157465,0.0438392060761488,0.04459600576911,0.0476235071263153,0.0547356539651215,0.0561490494846628,0.0515889508526525,0.0461073937706273,0.0420727722641895,0.0468323141081695,0.0500876668401449,0.0440990858702697,0.0494088531645321,0.0448082570501692,0.0445499596638824,0.0450354219701899,0.0426406793608155,0.0478543335088228,0.0459860625638484,0.0522597377377124,0.0452595052861978,0.0454348054169655,0.0445990398302287,0.0506749102669519,0.0511725803601605,0.0447876759696305,0.0478627032515876,0.0470215403745673,0.0474696841867944,0.0475850447660166,0.0504622039377626,0.0483044164660786,0.0403363629196493,0.047306354218092,0.0448848517554319,0.0482289419364236,0.0451782676831886,0.0567947209556423
616.818944069617,0.0374732228961004,0.0300012040097707,0.0426700764575634,0.0377580728985733,0.0341919888602247,0.0390038242571516,0.0383242692788729,0.0396882426177042,0.0416748634718836,0.0354807080505488,0.0309588303310597,0.0392265202684479,0.037948291554475,0.0341897945199749,0.0406152489005984,0.035329646699633,0.0367229158242058,0.0352302718837258,0.0454087784453836,0.0379809740088499,0.037285631290693,0.0362518051057561,0.0334180227388461,0.0366799951059986,0.0402467285482793,0.0361266944151149,0.0325795684256332,0.0342514552992576,0.0292741718758682,0.0323434017836575,0.0365960805954058,0.0366950882223764,0.0304766710111666,0.0409465039281544,0.0392498957046402,0.0353828640011358,0.0365591392133224,0.0371499748565845,0.028167136317883,0.0336863595416015,0.0405056122688477,0.0402065997017447,0.0309853977306406,0.0351852026213563,0.0407861189471832,0.0371950704411335,0.0364758375317702,0.0286358839616958,0.0386429784639914,0.0330323980291294,0.0334756520469305,0.0350708415314326,0.0266896423867172,0.037598241468296,0.0350690447022906,0.034711239223539,0.0372661814351761,0.039561602529645,0.0344377159814981,0.0372551147509128,0.0331933164229708,0.0408899528565884,0.0365420828137492,0.0340849702483385,0.0326977723555096,0.0268591488319123,0.0304985131823741,0.0315152921854543,0.037004509884101,0.0380962672654454,0.0331944977667756,0.0375418482480356,0.0336563627061815,0.0322380996151259,0.0373621087431124,0.0437840592311438,0.0390456697720466,0.035102588234106,0.0406256470713671,0.0310247813302679,0.0379223562445421,0.0321922869987572,0.0326111391445458,0.0375700291421133,0.030420183045236,0.0317388898944096,0.0404079353837591,0.0394398079166,0.0286101802250274,0.0333884927090253,0.0352215758197159,0.0365943697027309,0.0357251361337758,0.0323058480316199,0.0286780242710374,0.0289085935302563,0.0359372041498635,0.0349749681629805,0.0323091769790435,0.0302622331431808,0.0426211572829115,0.0361047223180909,0.0278632044185436,0.0296145962206152,0.0345121672262171,0.0469823856003202,0.0373547119473406,0.0312328560905431,0.0243078745802393,0.0354777740021691,0.0369538823663585,0.0374167530583851,0.0363381648726005,0.0392148712016525,0.0325903848130237
620.198735211165,0.0221732140538535,0.0284892050000919,0.0307505029620699,0.0361979690393342,0.0347984835202529,0.0347624002864477,0.0299217227136548,0.0376839624784757,0.0332311084048056,0.032314536048266,0.0315842370193107,0.0376405732337297,0.0292289111696466,0.0336946592593142,0.0303705499874053,0.0305120570920284,0.0346388288054431,0.0374995067058941,0.035320384756732,0.0326484251118823,0.0351770886583321,0.0330401471997926,0.0285788840529006,0.0340157113815716,0.0290299108062712,0.0285911052877546,0.0256916598781828,0.0283916741450623,0.0314674613047066,0.031345439650337,0.0399571654866178,0.033555335452243,0.0299838348333108,0.0333986930560266,0.0345399887807539,0.031679786830405,0.0410111352302028,0.0318388578630547,0.0245474767220917,0.0332757661369032,0.0277556505877836,0.0265044137066481,0.0315799659987396,0.0308647916910165,0.0338373725660398,0.0300910762498716,0.0392467822043052,0.0233344106341579,0.0294846630036463,0.0325420777825753,0.0362117631928496,0.0329699669563229,0.03211916846541,0.0311907437689379,0.0334717896454633,0.0374927321825789,0.0297032921862654,0.0384807710507632,0.0372242479464615,0.0329194682795073,0.0343135153317469,0.0312712745305819,0.0376808624151187,0.0313993878163138,0.0316895541138302,0.026897354435626,0.0278386550636482,0.0211471825775293,0.039817301521216,0.0365015193295327,0.0315990485495323,0.0332513668848324,0.0364322754554104,0.0322787530146367,0.0390537266849325,0.0280793242739818,0.0309790682357632,0.0373456075952441,0.0335735330396539,0.0337886560513141,0.0314543799049019,0.0327821927044074,0.0348089218481418,0.034345786119179,0.0347687751191472,0.0383301740008618,0.0393661917015086,0.0368117670313239,0.0356343483013381,0.0372039444212772,0.0379343766277663,0.0350397011561897,0.0374050720461203,0.0296035535948229,0.0325338798975119,0.0372068859181519,0.0305224421583119,0.0328316547945753,0.0285113860542659,0.0308579644059444,0.0334637333615091,0.0280492679307638,0.0301096088485884,0.0393342961594012,0.0274402551321571,0.0346897364770054,0.0346960438111939,0.0361802367576721,0.0270508392620215,0.0344264500071721,0.0298686240563675,0.0315434860610366,0.0303952904294958,0.0283119378793476,0.0380190999914573
623.576016730871,0.0513917980952815,0.0570653164128328,0.0444361850679391,0.0568337662249522,0.0595677777984324,0.0557308140985219,0.0548955765820946,0.0529484887498141,0.0493949213701343,0.0519186169171381,0.0508958580672174,0.0691176139794781,0.0507363621297314,0.0526926612740973,0.0510234746609547,0.0496264468536733,0.0518533658238519,0.055478841103603,0.0563278111514919,0.0526741695787067,0.0520241310529833,0.0521874584160986,0.0492448895354145,0.0543296248817147,0.0452053023812846,0.0545838610671989,0.0529803572388751,0.0510204203530732,0.0502933578512936,0.0527166003910486,0.0531430675664853,0.0470130955309839,0.0530337961528675,0.0518783508174517,0.0522702629500208,0.0506894076668743,0.0558685909618839,0.0492442476503308,0.0472709205765289,0.04963215811767,0.0550879461996118,0.0514805410236066,0.0548883205305099,0.045118557891404,0.0554565133040393,0.0521959899701298,0.0572302970529524,0.0449318798484362,0.0485131005521634,0.0577053478626535,0.0546615618539015,0.0539768628766432,0.0493623443134251,0.0533130357642662,0.0467080339372574,0.0489716762073922,0.0487310001224544,0.0461097825627342,0.0514953492965409,0.0541889576420436,0.0580932911201504,0.0479172910069955,0.0522870382498559,0.0483657430588584,0.0575712642851137,0.0479026527706987,0.0536888038544861,0.0583294403605377,0.0564695822937555,0.0529187845322024,0.0496207645108867,0.0582627078298368,0.0468719738852345,0.0498097086971944,0.0500239291552485,0.0520081568188524,0.0542236325011396,0.0511303813682555,0.0488530380907923,0.0545234784515792,0.0510051316838797,0.0570568398412134,0.0479456421619752,0.0554372178659794,0.0461430154111219,0.0580199817846284,0.0447881712056477,0.0534623768641981,0.051221574336628,0.0501213254934353,0.0524111029077089,0.0447032555458271,0.0484235126418713,0.0454693043081677,0.0511883133718052,0.052660826797409,0.0551433570961942,0.044271996528366,0.0510924581196513,0.0491558170534118,0.0513308885376732,0.0513571607960739,0.0493335216855601,0.0549532818725828,0.0531037542899511,0.0652247433866179,0.060764614248328,0.0460553063231397,0.0532565322184157,0.0525013550309317,0.0573021914308887,0.0601447259166188,0.0488532746738576,0.0534479668288043,0.0552879810739658
626.950791249269,0.0482444846028786,0.0447552131436554,0.0455587022337631,0.042224316233678,0.0407828014062523,0.0471512663108437,0.0432690414693661,0.0454973910385229,0.0382310007402293,0.0508784414161354,0.0397172386357904,0.0525977314237912,0.0414215331587829,0.0353500817844343,0.0461594630803954,0.0420425093053063,0.0529464616109268,0.0425137138376223,0.0494151987566072,0.0337980775351715,0.0477027125573544,0.0423806104904232,0.0427330623025243,0.0412163841345616,0.0463082062156284,0.0486288111069279,0.0508583551468937,0.0456554026199239,0.0433113602553805,0.0456664666295304,0.0520829943963087,0.0475829403154177,0.0404404337621071,0.0513421644784859,0.0416341147190441,0.0458596705520908,0.0471039396042388,0.0400987814466457,0.0397609239053411,0.0475528999020724,0.043407042130288,0.0451573789096742,0.0429892609463231,0.036926097437105,0.0425310959727452,0.0511149450898467,0.0420024211706149,0.0465864991706818,0.0425659987266215,0.0451531917250429,0.0448747925717613,0.0437638897002613,0.0434516204935985,0.0420135589965157,0.0434161159932905,0.0489851658099909,0.0454700428670134,0.0471689381507649,0.0432791465897503,0.0459933320287408,0.04134913667188,0.0543488473916967,0.0431296461197904,0.0472759086767689,0.0414485884825867,0.0355201676260328,0.0548253151218048,0.0429971738607656,0.0509206456877577,0.0534659009167169,0.0414353026657747,0.0441537953709647,0.0402717164620873,0.0498062831732504,0.0440116827683497,0.0346300450057297,0.0461132735823951,0.040112941817623,0.041757175184022,0.0485202875716868,0.0526314621507695,0.0471276254291727,0.0501001147148723,0.0489243958071046,0.050990650777632,0.0448868649171573,0.0485669484851595,0.0465015406943498,0.0469351161923196,0.0512094193057273,0.0497239127666335,0.0457813086625094,0.0418001341852768,0.0514713081981446,0.0401792743460839,0.0366215006160193,0.0491377643342018,0.0431731720443847,0.040649480431351,0.0458299746047752,0.0453757985133609,0.0459632315951005,0.0427614750000547,0.0452525850566935,0.0438042441869569,0.0448546855561465,0.0407029118161361,0.0443589064522538,0.0357480155312626,0.0442932899781924,0.0523656232201756,0.0456033602566416,0.0401529320002781,0.0485113527268523,0.0450368180231795
630.323061383193,0.0509086186822331,0.0480160149193188,0.0499308960581328,0.0579395488695884,0.0504604230497301,0.0471397293020015,0.0464647116753216,0.0601783827958579,0.0522103559439274,0.0547002735663051,0.04455248978095,0.058112565943983,0.0513339775326158,0.0505107597885356,0.0608019452930868,0.0507690618899137,0.043821625908276,0.0533964317251129,0.0537478616497418,0.0521606215660159,0.0607105226799109,0.0549330338468699,0.0524935503018028,0.0532721420979919,0.0452394790225771,0.0518517101071682,0.0551271398447009,0.0558689365731585,0.0556483746033723,0.0555244063432368,0.0542832339715288,0.0588534757645029,0.0535822525156792,0.0534979713017386,0.0555776715203009,0.0572472750267262,0.0591728956301318,0.0547529249416398,0.0525521616419915,0.0519508760704741,0.0495282498538827,0.0467650225895828,0.0467671066762905,0.0555122201978621,0.0538584663650583,0.0511152531688815,0.0512369553262879,0.0444508026655125,0.0555838926168111,0.0516994898048336,0.0475464159458517,0.0523557921112909,0.0536585510098869,0.0560119068489641,0.0549579967247775,0.0511570276223072,0.053049943508734,0.0525725568245311,0.0536709735876332,0.057950623971057,0.0472648494150256,0.0511025438584601,0.0533753410583701,0.0527223862414423,0.0500631845572564,0.0521775943893305,0.0493553982683656,0.0462349905092304,0.0514488519044342,0.0528982155970227,0.0534128324074076,0.0550027347359824,0.0556088957714934,0.0525173556776262,0.0494667493362963,0.0519967645431814,0.056348953138083,0.0571576085611668,0.059174068061442,0.0555812400921466,0.0574914008825783,0.0515109858151772,0.0582615192058636,0.0596967036849701,0.0552748803226341,0.0601597623249326,0.0507026690566959,0.0507777292651346,0.0501389125782349,0.0581795272997378,0.0561224204573045,0.050049280473833,0.0555279948175477,0.0503435485916476,0.0511050193080725,0.0465105137903664,0.0551334031864806,0.0496717870460279,0.051085387484517,0.0563293476247336,0.0475131971238401,0.0513700485825,0.0493285777846091,0.0581375338284956,0.0508617606255902,0.0608851850020374,0.059132793080804,0.0448406085769871,0.051533317755921,0.0541175533456198,0.0583725144011205,0.0504445566276247,0.0542255591615794,0.063222662646708,0.0504003919034308
633.692829745791,0.0466586050842477,0.0491042480018423,0.0531907912209176,0.0470802100783235,0.0547421818850472,0.0433489670597859,0.0427474696349229,0.0451197215004393,0.0501060215523531,0.0460183946830367,0.0434860987474105,0.045407950922595,0.0474742387719908,0.0450513586090939,0.0385363423246805,0.0474967455052652,0.0470191380435724,0.0463549028389955,0.0532306681120513,0.0402616565648093,0.0514657215220292,0.0439904518401976,0.0562583696874464,0.0472345723285834,0.0419992666771936,0.0442310193469156,0.0438785655624581,0.0461579086798772,0.0470127841106281,0.0424226962893884,0.0493496638224436,0.0379367266611764,0.0382053140781697,0.0523762994784728,0.0523860577795137,0.0485849431463721,0.0476200413173284,0.0439393052566231,0.044448150411656,0.0503698605021509,0.0450441365623677,0.043580384520416,0.0429451985481317,0.0456360514226776,0.053297367297203,0.0494394273786047,0.0430390348610129,0.0509084399418416,0.0474238492222441,0.0440209459388401,0.046941247674354,0.0474787798728522,0.0541609794692721,0.0468242722676692,0.0488715912705458,0.0445884589208387,0.0464880297643868,0.0519523150150022,0.0541783131831407,0.0431693433433158,0.0455988264914949,0.0408608321914612,0.0479514818429779,0.0510428995278132,0.0511209183770128,0.0440582153524783,0.0438635921270819,0.0510921206583475,0.0530640772699899,0.0561342776274672,0.043002180452821,0.0484530529822539,0.0489656287577855,0.04645054792588,0.0406752036130555,0.0465265100915493,0.0444138441721377,0.0477483500624496,0.046582952455137,0.0446281950591052,0.0552774009794532,0.0465002436782694,0.0505086607878405,0.0407017097196798,0.0481539256405664,0.0486235676630483,0.059302554329792,0.0502072456422992,0.0458098464644139,0.0441967083819257,0.0491072212112161,0.0532253975225531,0.0444562431375496,0.0464603203308984,0.0471883201737393,0.0425746985336329,0.0496305922386306,0.0507065016901707,0.0433483084263849,0.0435436555196385,0.0561204537423144,0.0480971095770257,0.051486825577054,0.0505474291001149,0.0437028965081417,0.0533273444531153,0.0460787634479207,0.0513504008201881,0.0492739972934807,0.0496953544714751,0.0468128907345905,0.0487960380136765,0.0454819871532042,0.0451297181312415,0.0460372503731816
637.060098946525,0.0572343891054649,0.0603868274998622,0.0553385353417911,0.0470374823535226,0.0520159069404431,0.053494929943301,0.0533225935777764,0.0597580912539353,0.0592244117297001,0.0541378560576667,0.0669863349265491,0.0585983524255758,0.0617420936554331,0.0558332159440439,0.0536783462134407,0.0507357704098035,0.0598557939734848,0.0523115826761343,0.0553748917165017,0.0537215695126235,0.0644304164410021,0.0510403502445713,0.0540276633015056,0.0554137710401731,0.0597014982181934,0.0614812335786194,0.0561202174458977,0.0595567155092027,0.0619942804150412,0.0516907067955532,0.056429774101189,0.0507733133783915,0.0562361453023518,0.0653434545695251,0.0545213527158992,0.0566815525648977,0.0470220786533098,0.0639638126127461,0.060490691153681,0.0579742778183394,0.0555773775684509,0.0568089901692977,0.0607550170541019,0.0543346477870184,0.0662008690765699,0.0687002093569332,0.0636565474043032,0.056268115824432,0.0484645613036853,0.0609040055913544,0.063135544551558,0.0608690385298702,0.0551803768434495,0.058086359888447,0.057619281545862,0.0538022342840651,0.0534827842412916,0.0567682428565383,0.0601435175909349,0.0561747898387915,0.0579524610059067,0.0590302501067533,0.0608518446284538,0.0559000181670224,0.0564631719961162,0.0595973544535369,0.056457111645954,0.0581155125765419,0.0618656945884076,0.0473260537796196,0.0636654112287851,0.059259045687098,0.0532805852591469,0.0545910590936302,0.0597645064561709,0.0546155694173281,0.053526197040283,0.0548374597515503,0.0508719605881334,0.062551342850154,0.0573823193423053,0.0668288030723952,0.0569835277453093,0.0606255029718671,0.0599853150275642,0.0627602542020936,0.0505859952722102,0.0571211827660035,0.0591656793470958,0.0543440533754987,0.0517137110214875,0.0563802847024994,0.0592422472327542,0.0545845160064096,0.0602664609772833,0.0595983572969614,0.0610478791156798,0.058250496337366,0.0564904151344805,0.0612000864275853,0.0565927277105382,0.049672790589733,0.0547201645849797,0.0569310900714855,0.0545392213042614,0.0543182955286964,0.0568705518020759,0.0605885726966537,0.0579164307296284,0.0550992719689572,0.058258995445534,0.0589842508034533,0.0508280014038013,0.0597980695381421,0.0626809685609924
640.424871591182,0.0487008106526384,0.0506781383016439,0.0520121519970827,0.0540182179523543,0.0465812513669773,0.0518093178699209,0.0548645817291741,0.0500604212108206,0.0495823124805551,0.0481258561730743,0.0482372836719722,0.0524667503732567,0.051788187134988,0.0422007444180092,0.0639170692715385,0.0457871167704438,0.0485215269755328,0.0615016819385238,0.0521330389019443,0.0450202969246525,0.0508050406347628,0.0575227549218942,0.0430859526083676,0.0465951870362369,0.0531938084478671,0.0527365977088829,0.0507074045279486,0.0557208879915159,0.0388123044936194,0.0505604754762973,0.044340901690096,0.0501864569909992,0.0484886182347026,0.0554964886039181,0.0454046533635044,0.0593437514046214,0.0546349848183607,0.0536482329433601,0.0463003712317002,0.0520178535861969,0.0460364017839961,0.0530525011359083,0.0471472405973621,0.0531672298910645,0.0510334636173752,0.0542965976290018,0.0543277965567533,0.0503001178020508,0.0435169018207192,0.0449887893454653,0.0434974808346857,0.052722186693933,0.0556409573906122,0.0531659921871572,0.0509398089533857,0.0499162884536312,0.055025686314318,0.0490120917427696,0.0496492947513584,0.0566184949363768,0.0562442718048527,0.0487461281100814,0.052147549200266,0.0476199990457908,0.0515576626937585,0.0552034866176118,0.0476297733424918,0.0487139827650677,0.0473577397506225,0.0521586735522005,0.0553943888847925,0.0515806399680513,0.0498887468950502,0.0457450386175918,0.0520240056532746,0.0507324630008591,0.0442496406968464,0.0525436651051195,0.0545945475817157,0.0499204191673188,0.0556686494887206,0.0524027572287511,0.0426121248815338,0.0583539663152866,0.0484856939841148,0.0550083111485783,0.0526576660752947,0.0548997136204947,0.0478194933819902,0.0553462042072278,0.0505494460641345,0.0514854874281498,0.0530832853293293,0.0506584758930839,0.0579535346655487,0.0539634056931811,0.0516763806331877,0.0581539698942247,0.0503597758081657,0.0555717471717954,0.0559621928213881,0.0533915932977877,0.0480611455706848,0.0471460699175623,0.0511594583633555,0.0493965387945006,0.0497398990257537,0.0483562794731394,0.055614550986306,0.0599345416979346,0.0493975248116932,0.0524418720732674,0.0507254698520979,0.0433015990840235,0.0539619518049616
643.78715028188,0.0454490126133598,0.0441741804780053,0.0361233430567162,0.0447209058981118,0.0443501812535124,0.0388291209772401,0.0420722955566679,0.0446644630425714,0.0431319711817887,0.0480618288099838,0.0487098726397425,0.0441075957836925,0.0407124069347393,0.0496885057663492,0.0377905946170625,0.0375506568445259,0.040923322421959,0.0413755471466577,0.0408227110659618,0.0379180912578467,0.0452917620278613,0.0388729432021993,0.0424427606961926,0.0355648808426484,0.0439775417941624,0.0445124612501077,0.0372585487436025,0.049712560558734,0.0435454826139038,0.0428550976681781,0.04262480612095,0.0426095174938242,0.043459978681446,0.0515982531252659,0.0389411125268412,0.0370847154808508,0.0441148735651803,0.0433111996540151,0.0370318060060662,0.0389997148495694,0.0398158421396062,0.0407932167473398,0.0394731729678978,0.0519788782757951,0.0407001655860218,0.0398718775737192,0.0411693099471105,0.0410807935450407,0.0456003910128391,0.0421634642860206,0.0449999513460397,0.0456301321548709,0.03886596452106,0.0482246349407224,0.043138715456042,0.0465544502708931,0.0397116826342951,0.0423267294653143,0.0374900681549223,0.0472268604988105,0.0377742519606559,0.0454150103034715,0.0364074499896879,0.0436908910693117,0.0374810180083544,0.0378729546016709,0.0398783896520332,0.0474938421810903,0.0400364778613966,0.0454937936561559,0.0421925786016936,0.0406229274758538,0.0426330889803184,0.0428976860946202,0.042073714116395,0.0348773424087245,0.0452163130422577,0.0447217959538648,0.0468466778970458,0.0416304932155151,0.0436264186322349,0.0429174142888937,0.0413726699744807,0.0441630971948775,0.0429284012604456,0.0395817206507259,0.044979791022649,0.0483681388256965,0.0348428780259923,0.0407628884381567,0.0413289444432959,0.0438935526746435,0.0375425728806752,0.0379629618011592,0.0429942739393512,0.0361604591154557,0.0499346466458698,0.041709412892697,0.0332069753980735,0.0427215144398829,0.0450332636934156,0.034361728945204,0.0474129330115514,0.0443377155184242,0.0357475848354402,0.0380266062420129,0.0469272763578858,0.0394026431102333,0.0298069441658401,0.0494295911485652,0.0399664062074082,0.0410272475932648,0.0457172697851395,0.0453608782556818,0.0457611351937691
647.146937617074,0.0389953129776409,0.0419504699802899,0.0409334393057959,0.0440730473983343,0.033499205848576,0.0440808222824502,0.0366811442568215,0.0457316889945886,0.0334485283378397,0.0409215248516704,0.0432814114991578,0.0340724711908186,0.0461146898414015,0.045772061994768,0.0485297148415358,0.0461698346005258,0.0408180082355725,0.0413005217616005,0.0391488521544512,0.0426751374135242,0.0321663810974741,0.0376701713745001,0.0401494804636845,0.0425851597562434,0.0374281421117106,0.0454669881537204,0.0414225127854434,0.0420698067292742,0.0434233300670322,0.0427742350186317,0.0397932325123693,0.0419812742416543,0.0373142264859163,0.0379108148563582,0.0372701031530082,0.0348328884137,0.0445500997530385,0.0340356624618706,0.0376287322924999,0.0367921868932665,0.0497271056272226,0.0348750471387931,0.0485593712898508,0.0365492800847885,0.0378982316060294,0.0375597725812253,0.0356071432305513,0.0334560066920066,0.0422382743385302,0.0398635975359337,0.0399706257204062,0.0406688176955974,0.0365954500389816,0.042185012796405,0.0402684272120303,0.0404471807145383,0.0363254629422127,0.0356208824196563,0.0390081795878636,0.0378145627612103,0.0408847560064124,0.0318703102533778,0.0422294948281336,0.0353688922224866,0.0363011358939923,0.0328998271078077,0.0370439988117442,0.0353171103584834,0.039347577860909,0.0382613421636027,0.038789426921059,0.0356176215361767,0.0375524860985443,0.0367456773994214,0.0403088282675774,0.0396439038313258,0.0413000269860894,0.045138711628133,0.0352614304174596,0.0300484484361114,0.0369885620309507,0.0312057416525432,0.0401125068186437,0.0380639081241999,0.0362663318638555,0.0328811947840087,0.0410643063103117,0.0396711191627355,0.0422343093688452,0.0422596484353219,0.0385163417650084,0.0464503798617027,0.0379488590568855,0.043289761393234,0.0406389687135322,0.0332440034914414,0.0443461646059922,0.039938009789948,0.0380338592313442,0.0431433515973112,0.0357064449420077,0.0391204389796613,0.0319372480358459,0.0495826887978563,0.0394232485011261,0.0384195911037443,0.0430083645234744,0.0447273448656095,0.0351092675148257,0.0356207920893357,0.0332554150275698,0.0344426805638896,0.0444872274323164,0.0424817889087141,0.0413137601888916
650.504236191561,0.0399446317505438,0.0499216924142952,0.0446319770766279,0.0482814952182511,0.0473496260223008,0.0444803394145918,0.0530047322203838,0.0478589238712811,0.0537279751041681,0.0516685223981359,0.0447807273865527,0.0411100983998186,0.0498454060084724,0.0440034661864601,0.0418896601865702,0.039524403973837,0.0455223780476837,0.0504268189140713,0.0455020777274412,0.0474115323300049,0.0504687871277633,0.0506392687921617,0.0432668809867754,0.0446558768958159,0.0399961078220362,0.0399076553215542,0.0477033396477767,0.0419375451715725,0.0465043381485407,0.0475873597515793,0.047881796174932,0.0413325529067779,0.045396093277405,0.0469958515677667,0.0441354227058423,0.0466340592713241,0.0466106335408928,0.0404395938200093,0.0442462794055345,0.0448538308470514,0.0507048335229108,0.0416597421075873,0.0484225765622719,0.045164428128364,0.0442460738910337,0.0346753187589229,0.0474350735226786,0.041963050494059,0.0453651229101255,0.0457373341615262,0.0457727650853385,0.0437552742090893,0.0445258373012627,0.0463601894214325,0.0472809547735607,0.0452183034372034,0.0535568397074462,0.0512687459868196,0.0421491904275258,0.0512823002677387,0.0477549014313231,0.048346694197659,0.0431743526177219,0.0477929944095115,0.0404828297402428,0.0467422620004637,0.0473572302265421,0.0449921362600094,0.0391919691039363,0.0479491050833895,0.0446395461071584,0.0463394641913381,0.0412347838741373,0.0497269396317577,0.0494650338436095,0.0438464850880086,0.0573513338582436,0.0488385445059603,0.0460089746660608,0.0446169942214832,0.0466054152600377,0.0453852625563336,0.0497924463387072,0.0443832112878294,0.0453046003966489,0.0431071531675456,0.040911356177271,0.0411397408337536,0.0420936010769963,0.0448089853862729,0.0463974062280067,0.0447046396565644,0.0399861231651826,0.0431279910671672,0.0464964351637662,0.0419014049598296,0.0425621881113956,0.0517514476203092,0.0417393892609198,0.0396669132198729,0.047996104999408,0.0427759384851224,0.0498916431623753,0.0515776655547925,0.0425321745637948,0.0414701620627202,0.0455775659282303,0.0434314136576231,0.0496754669214156,0.0507872156974194,0.0424232047221387,0.0423904661944277,0.0475782190565564,0.0505094436676661,0.0470901636470456
653.859048596493,0.0461761561652142,0.0514197495248951,0.0504906962549407,0.0492179122618558,0.0504306805458654,0.0464699270116944,0.0549944839861601,0.0586109636077601,0.061137104338355,0.0520834427728739,0.0510698555902216,0.0453691998375729,0.053004693681627,0.050887778057479,0.052587319984863,0.046468425706146,0.050206547889147,0.0503097051442726,0.0566634812873405,0.0553674360038401,0.0546527594153544,0.0537614069464823,0.0555969849147685,0.0576583381545477,0.0565193556746499,0.0440683962860877,0.0507576896225801,0.0509297037267652,0.0479536392237028,0.0512871348627356,0.0515727795534569,0.0449523073497276,0.0468809323064815,0.0560604374092652,0.0531195248978607,0.0573318506504365,0.0541384631999679,0.0479053137885035,0.0546874444966051,0.0458541957853651,0.0555604369817077,0.0489543558096978,0.0515133148831256,0.047195790302361,0.0467976676238156,0.049970558992573,0.0461841589741321,0.0466807858166197,0.0538961361017759,0.0477665336002322,0.0586083366269576,0.0538138521722685,0.0556637368513341,0.0494373911999649,0.0421681590142043,0.0559634404339445,0.046871382618666,0.0488880254855528,0.060063709273724,0.0500078727259116,0.0508243977271616,0.0513910258362585,0.0473358883979674,0.0536385122480757,0.0548703900165047,0.048724801291359,0.0560033660727279,0.0513661079828686,0.0562040384862459,0.045046836776072,0.052105670141606,0.0510672703584517,0.0509352545096274,0.0533839485241581,0.0498465962281336,0.0567200744410146,0.0512327340069419,0.0470107489091903,0.0589167347222544,0.0520770812882113,0.0545743036798786,0.0606466788946,0.0534236036495504,0.0539269781584056,0.0499858062213826,0.0462055894935586,0.0526281593121378,0.0447322309545097,0.0542730580580816,0.0484110461323146,0.0547939219940414,0.0472203135031386,0.0480594875576173,0.0533340767046175,0.0517841674673152,0.0549551368469492,0.0593385696302578,0.048849986942686,0.0509240558884474,0.0466934041703719,0.0499878075351337,0.0534453106503298,0.0447931662300543,0.0503227888407912,0.0445285535846113,0.0536058600546694,0.0530076908738959,0.0630138471945905,0.0494748632259519,0.0528022744599648,0.046635619367022,0.0443884284156957,0.051734012990843,0.051413509954955,0.0447582766006048
657.211377419369,0.034359518594686,0.0367664535351336,0.0312464806160951,0.0387539623921695,0.0325311915274033,0.0285760352368133,0.0325781081995608,0.0412453697853539,0.0433614622660916,0.0410810693436153,0.0311463069750661,0.0303070683436283,0.0401928888743355,0.0371530213560556,0.0366844619731868,0.0359704813426125,0.0339405400846512,0.0333543804120849,0.0404426594569492,0.037922868465092,0.0365851592006055,0.0399402156663601,0.0233705651954842,0.0301158310686957,0.0380828200571147,0.0357631754679037,0.0340209088308969,0.0303156149397875,0.0418619189799346,0.035305116701104,0.0328131312281106,0.0367576435156509,0.036836702656887,0.0357993313997905,0.0412258141817377,0.0366133404625596,0.0374967021864215,0.0304457150110529,0.0365443609421153,0.0343776161990228,0.0403425760929982,0.0270715049352333,0.0318483288236813,0.0410026886048149,0.0358435293490704,0.0354628431580096,0.034030911032715,0.0336106134521824,0.0293158139767438,0.0350256270623844,0.0339844891851625,0.0278127947648952,0.0291239912744651,0.0395651336512522,0.0408861958940253,0.0378061083226239,0.0320192731480171,0.0257503293866338,0.0352186226638805,0.0405344421684999,0.0387527360410303,0.0329565441097736,0.0320518413121213,0.0294062321718439,0.0320990275995151,0.0383094174748425,0.0328041108663449,0.0303798160145463,0.034382004948207,0.0317406437013056,0.0371846395822172,0.0324241173481346,0.0309706553604175,0.0362243272944429,0.0403594480320093,0.0396957708391503,0.0332086802982199,0.0413074796529777,0.0330941776852697,0.0317100014380087,0.0397374839059781,0.0361923451734384,0.0340170928145003,0.0374903135372378,0.0307946420178206,0.0306962576094538,0.0373009162408864,0.0381177943962842,0.0363857745615018,0.0385750359312944,0.0315638311420301,0.0304470021146425,0.0379417414492074,0.0400085348070301,0.0296054331463399,0.0287871259875625,0.0383851791798596,0.0312337811916814,0.0353364485105365,0.0320975414599999,0.0357315196459362,0.0375787015252324,0.036383634375197,0.0377442991418843,0.024666205230188,0.0362624609204714,0.0370916594667837,0.0413273919907707,0.031230675645639,0.0361951107073346,0.0382170072695667,0.0366636532931049,0.0325319145607793,0.0320810623875041,0.0300047873960665
660.561225244057,0.0442627750050039,0.0489767766710954,0.0446975928101288,0.048319926479588,0.0452453533842696,0.0509251540521818,0.0392987001199816,0.0465535049782297,0.0432345580268401,0.0452530296987862,0.0432738005044921,0.0450010000703532,0.0477097071560145,0.0450812890915122,0.048426140913047,0.0445064171336998,0.0391214060289911,0.0478431733169734,0.0451255747486218,0.0436781830392041,0.045608040735251,0.0452043133603985,0.0394621207028621,0.0403390332485018,0.0459650393763961,0.0442129552411983,0.0434470943241954,0.0430329849675345,0.0507926984721837,0.0460629307739536,0.0468567297834622,0.0510591856813213,0.0525289748775185,0.0448234414734806,0.0464257917436183,0.0499765444981914,0.0482758913722394,0.0422010527338765,0.0513374688858033,0.0434606850117071,0.0418141506421817,0.049700003917461,0.0473490918390944,0.0473690140045604,0.0469857662142719,0.042995798418671,0.0474295607343829,0.0490562052386723,0.0416034235988083,0.040291900775584,0.0473224110277435,0.0442854604150998,0.0439875107389561,0.0469113456253155,0.0439854194832111,0.0534153859618065,0.0372420808984518,0.0478865276967794,0.0432292121908619,0.0490342190575008,0.0542025169707461,0.0482988083179208,0.0437263343718891,0.0488733500914652,0.0485986611930622,0.0456336909846153,0.0425060806314685,0.0509306340823898,0.0463621802653714,0.0473778557622467,0.0364270859704089,0.0452565159324753,0.0439242989579554,0.0414819979767284,0.0417938355141624,0.0503556721151315,0.0459571741289508,0.0394382419483539,0.0459611218482526,0.0429462778326935,0.0482084389482573,0.0464507952110057,0.044184249464783,0.0426667591024042,0.047903890350828,0.047421039096802,0.0381674891553645,0.0427416914090671,0.0453056533201138,0.0523335061846375,0.0383131558130374,0.0495145311583317,0.043771581040144,0.0485332755054132,0.0392432957280579,0.0423520070872986,0.0502016359572533,0.0506046818632505,0.0400790395123631,0.0435137307381547,0.0457967686964044,0.0482069009503715,0.0405662020110583,0.0461379570465495,0.0364489600101091,0.0419304954322443,0.0450224810723661,0.0432694837094039,0.0424585395952586,0.0485636146299248,0.0429362666213403,0.0391596029800513,0.042616858374177,0.047696429054303,0.0443469021153338
663.908594650793,0.0615696275884943,0.0617042921328828,0.0613998675966176,0.0584075953677443,0.0579393523076892,0.0571489823840367,0.0650839783131817,0.0637288759411362,0.0602211180288994,0.0678555806289861,0.0687440145645102,0.0640854434336945,0.0651054326904822,0.0659995146055698,0.0693692457862553,0.0606437058278943,0.061992609095336,0.0693639059083953,0.0669568140605733,0.0618334846916787,0.055695055017207,0.0635491098636288,0.053361195708747,0.0603991715276846,0.0581274433506932,0.0688767666930661,0.0614029053287232,0.0627235039765879,0.0629272113204827,0.0638998734958363,0.0641621360785281,0.0631964244783369,0.0550484104343453,0.0652240782904945,0.0558842157383112,0.06386072632013,0.0639739959559108,0.0685536631132399,0.0606167380211101,0.0563145379687443,0.0594183010102968,0.0601156291641237,0.0590406555698559,0.0641071552848903,0.0651206669626134,0.0620905769178957,0.0597198096114508,0.0580208559787504,0.058753166420803,0.0630192236301634,0.0584700448865809,0.0612759083912376,0.0663626981560272,0.0671664986324515,0.0597190891859929,0.0630102733991927,0.0603675407804076,0.0601802152746947,0.070397244212215,0.0575140553213114,0.0653120560445404,0.0561105245056561,0.0575387910272724,0.0606693352892562,0.0618486575220152,0.0556290496280909,0.0653562759197507,0.0610723888988014,0.064420998221224,0.0547973948845628,0.0585616302796144,0.0640420578384469,0.0623475854316871,0.0757242818948265,0.0700160450218845,0.0626250837212058,0.060846389370551,0.0645312598705325,0.0653503986648608,0.0650672214036924,0.059914453703404,0.0660614030138197,0.0652921007928293,0.0553947796059348,0.0590302278168408,0.0597521709459108,0.0660374600456847,0.0661098694088568,0.0611806845872888,0.0660717432357014,0.0632565785294284,0.0664210445929194,0.0583910760393076,0.0559441841179757,0.0631326087252677,0.0652828335950516,0.0641836743719624,0.0650572530997024,0.0684521613827158,0.0621099828487943,0.0677424338774012,0.0626026451554069,0.0628248227138475,0.0647387092540592,0.0634983052173186,0.0529347772753153,0.0654089344074286,0.0523409611169853,0.0602201005091526,0.0620058171418536,0.063534910558995,0.0556494881983064,0.0629934608931089,0.0665698428328359,0.0672958432954368
667.253488216186,0.0507541959594589,0.0534417217062516,0.0529996416301446,0.0587210311995451,0.055565058878907,0.0585213500727832,0.051619962104568,0.0560290407449997,0.0589837624336925,0.0573339452849736,0.0589149980896806,0.0572319508327183,0.060480586451633,0.0505788780371265,0.0561179676312939,0.0479067787223364,0.0515706501041185,0.0556019725615195,0.0587237099513992,0.0562087536291056,0.0532908745386712,0.0654969059843917,0.0536623011865455,0.0541530565281457,0.0562941597692113,0.0583477200243499,0.0542245255982309,0.0560357643525894,0.0551649848724396,0.0664245440620503,0.0633938825451541,0.0576225524863094,0.0526154689234157,0.0568421422387551,0.0535569917667236,0.0571551364880745,0.0538564476686717,0.0548221426779728,0.0517486760873786,0.0518176466911535,0.0558354126666196,0.0535472973160177,0.0577206990824399,0.0501966878734325,0.0578829323243251,0.0568980936438378,0.0556672471210481,0.0551205686807863,0.0536414818535114,0.0529494352032427,0.0587459689225021,0.0604957110319694,0.0499847271441041,0.0540016170930554,0.0578259498552787,0.0507874329302775,0.049800854224189,0.0577201424457038,0.0520664183554637,0.0501617987047317,0.0531803933560782,0.0537095297955662,0.064316473296595,0.0560503721942563,0.0535490588571226,0.0494597308467638,0.0547154173411427,0.0558839789718267,0.0491908964466852,0.0512669576097239,0.0490354512929452,0.0485963966167613,0.0549490550314275,0.0590508876842487,0.0582790385833173,0.0542318755942267,0.0524858296902289,0.0543611434782865,0.0580043886889405,0.0533638573754238,0.0536977801239773,0.0580857664767229,0.0540461429459109,0.0524186532019127,0.0603791181489358,0.0529292788941896,0.0582162693534017,0.0540735305805615,0.0502086696716257,0.0561750072923099,0.0528238939221077,0.0479817965307345,0.0515161659041868,0.0534931126196173,0.0590069744936239,0.052857251626239,0.05300605302292,0.056087850924408,0.0511523626723789,0.0585304298692824,0.0566718448883009,0.0515450996378571,0.0592892573880682,0.0564067175255361,0.0555863982634475,0.0473151833578461,0.059737436550899,0.0558925048718489,0.0577538914668714,0.0524494297437559,0.0566996361332905,0.052714917039014,0.056213492800484,0.054825980852207,0.0600305690802647
670.595908513231,0.0446914485030101,0.0537619170880972,0.05003193054274,0.0432994929353093,0.0526334509437222,0.0582634577701248,0.0572209219298627,0.0450674335563576,0.0502309761889146,0.0516761157013187,0.0490657827857474,0.0608349847281916,0.0591350261306538,0.0465222567533007,0.0488137087903168,0.0503932872206058,0.0497159266863752,0.0548397321893295,0.0542264893376135,0.0478642320978339,0.0514088994512429,0.0505019615959562,0.0468830812765052,0.0533631576241877,0.0517534613914771,0.0521282047435163,0.047026481375808,0.0584731688151921,0.0484578807051056,0.0525448171212994,0.047834520146785,0.0493485584888924,0.0518065513958406,0.0478977882584,0.0522796542700468,0.0466403765375167,0.0524999487995396,0.0513569742960757,0.0417613767561267,0.0456760153973588,0.0511180470653244,0.04801973013931,0.0498852200844386,0.0586910236906705,0.0446919724603476,0.0478249804843594,0.04615384353151,0.0462780356151809,0.0523072682523273,0.0505078403836256,0.0595448766889324,0.0516271949973299,0.0524159602073082,0.0478201499293129,0.0421576025649098,0.0445393300609882,0.0468181190406128,0.0470549610711785,0.0474139687276498,0.0520591644202408,0.0448092443835105,0.0491428787730677,0.0538074758814028,0.0557834911231231,0.0511501538401362,0.0475762878589938,0.051187387940688,0.0473952318515178,0.0478023769637338,0.04826295926563,0.0498544830585493,0.0429054011579387,0.0469817249299273,0.0516609285001409,0.0519929395718124,0.0496213707597565,0.0468065063745704,0.046924171786709,0.0451864004438714,0.0460026506587254,0.0371537098798741,0.0545006845718356,0.0482608339828075,0.0532085546030898,0.0470718410352308,0.050459992418871,0.0449704776486408,0.0516675873700794,0.0478017276410772,0.0516253442757013,0.0477287122267044,0.0477209294468817,0.0495768517448759,0.0532091122760963,0.0466275231987585,0.0486936453613346,0.0538314433003693,0.0498196090964269,0.0514330812399339,0.0577001358472793,0.0488271522052136,0.0512900688440642,0.0475078100593869,0.0421342928228214,0.0471086373086319,0.0464965083196449,0.0480786742609076,0.0478745156768078,0.0508985636019805,0.0543619458082664,0.0564234271130335,0.0502993577574088,0.0526699836402878,0.0534433693097478,0.0581373066953775
673.935858111305,0.0428512859112727,0.0508359446372893,0.0448631655638394,0.0538693473012415,0.0464574841336962,0.0451017565610848,0.0410671178826666,0.0448928325673839,0.0452066625825473,0.0541383385756278,0.0477489679381547,0.051734680569724,0.0506190258089567,0.0489511024224515,0.0474566108681416,0.044693594726122,0.0483785318407124,0.0432074797011039,0.0448811502977213,0.0508401257260511,0.0440848703416466,0.0469505044152379,0.0476880577565804,0.0410532098265911,0.0428929061050828,0.0507594876465516,0.0499615348514746,0.0490566629720098,0.0508643897275713,0.0446523924676139,0.0431963422120898,0.044271701935031,0.0493336788675922,0.0362203939312668,0.0477738843849717,0.0490970388720701,0.0527698035913787,0.0429990657572343,0.046584345469795,0.0465550884464369,0.0474943999110822,0.0467138758290842,0.0398649346892846,0.0474758612185435,0.0449671867559902,0.0403866501332482,0.0480465652997038,0.0449537321859627,0.0422737704081859,0.0496854375185515,0.0435037922864621,0.049193779401981,0.0429925586950314,0.0443125543223776,0.0457266285178769,0.0442661049720448,0.0465315346428195,0.0440103702377669,0.0465771904626847,0.0446677470194112,0.0423588740239477,0.0467024015461817,0.051372276638255,0.0478459069217522,0.0438873282318815,0.0462116826530675,0.0514801388543883,0.0492763796638847,0.0414034501315286,0.0408671489583885,0.0408342731932867,0.0485983110873447,0.0378967665228616,0.0513654923891401,0.0500636764954021,0.0487937128460143,0.0438085642509414,0.042771159473711,0.0503405661301753,0.0424385099023747,0.0482580697214265,0.0508957310653319,0.0380717186507012,0.0501929518561499,0.0462133457210102,0.0375839506578904,0.0435953179945614,0.0428083423959183,0.0443021908965231,0.0534963012937461,0.0388642188690013,0.0469051898484986,0.0421114653890163,0.0441569656419465,0.0479510462575608,0.0516878996529889,0.0420671519296785,0.0495180453385026,0.0483933798662974,0.0424487546872307,0.0474540481689697,0.0493917283016134,0.0444804034910961,0.0536789372047575,0.0435247306792085,0.0429802692997436,0.0407392872616431,0.0502862217960898,0.0467542840842972,0.0464065880971805,0.0479031005962838,0.0457079136221997,0.03879483369508,0.0509482079513795,0.0427447991204781
677.273339576184,0.0558386298923797,0.0505784918220611,0.0522156582404169,0.0546654106415163,0.0504732571077233,0.0555416871800289,0.050870241688867,0.0576667116323135,0.0503359676738899,0.0544097801285848,0.0480158317504559,0.0569512070242334,0.0547325034235568,0.053528949002303,0.0580137607303785,0.0563952846923567,0.0534619770192055,0.0581376237548266,0.0618053644131001,0.0629765726205281,0.0530076852089842,0.0575721086998176,0.0555342507759358,0.0555571886646208,0.0565891261911555,0.0585707236162542,0.053945907302879,0.0509172997415941,0.0596985382673296,0.0574930616822118,0.055497226554792,0.0574029629591102,0.0588975260061082,0.05545701597412,0.0485967519537354,0.0553230901181469,0.0590568344856014,0.0584428294601176,0.0469926400120139,0.0539134302972684,0.0538768021604619,0.0570517600726882,0.0601392404456256,0.0586657892610137,0.0549327511850678,0.0555412510905778,0.0564487403630662,0.0603008279511649,0.0550046201047097,0.0553989446071716,0.0545732580646021,0.0548093053475242,0.0502267834614565,0.054791894505342,0.0575290322551391,0.0537825327476395,0.0554584999608532,0.0524064724873512,0.0479124227631893,0.0481619935483251,0.0517697673226377,0.0635549810162674,0.055392276491297,0.0519116518954273,0.0554431952278589,0.0555912622956505,0.0588860128016393,0.0549659233220015,0.0555000931249313,0.053671668574992,0.0519790959805528,0.0553576397197038,0.0551430827356209,0.0499557798427402,0.0612451252074085,0.0566380815070439,0.0478139577484573,0.0507129468235998,0.0549299266743836,0.0546667029912083,0.0593430105166168,0.0566435172081298,0.0541688015625267,0.0525661714008905,0.0594300639977151,0.0558493914822253,0.0492266904205928,0.0484049305828198,0.0515141908183095,0.0515906932436487,0.0540871275915685,0.0535633198954151,0.0583031109544902,0.0536752320869416,0.0547439504812894,0.0491411852819791,0.0570618668203838,0.0432102776820976,0.0524839485759662,0.0559796121276459,0.0530936011640106,0.0534260323895262,0.0507555624800524,0.0555156104517329,0.059575643472767,0.0544419453518317,0.0496532464215943,0.0433286030598987,0.0578827699854999,0.0553914337679174,0.0552627482230042,0.0529549561723346,0.0482374368722715,0.0681030206483706,0.0505176250992992
680.608355470042,0.0528997623069244,0.0508389644807947,0.0453715547073404,0.0467716268316525,0.0485577720968216,0.0455623036905835,0.0447503055289821,0.0477272989097909,0.0506273609361139,0.0454357079626947,0.0477284091598603,0.0527732735680134,0.0472758976822205,0.0564614060803376,0.0457685561381414,0.0528336915705355,0.0408162637013244,0.0459231540961427,0.0518848725998313,0.0551135835674749,0.0488976763606432,0.0485219926132782,0.0546711774356944,0.0547080282866007,0.0423144688334979,0.0512113620691447,0.0461553802964587,0.051144948971321,0.0518598589834027,0.0495607024447748,0.0513662507640153,0.0528236922673946,0.0541932270134077,0.0551374251505063,0.0547484014697622,0.0561164961490749,0.0483101589956632,0.0549177127310237,0.0484792907795559,0.046087935958377,0.0485419604403954,0.0482857208783262,0.0495390128941492,0.0506934502344173,0.0557089759094875,0.0552336043650746,0.0544936925554823,0.0492464007599922,0.0460171014198458,0.053991359957084,0.0504308149072789,0.0480337610232096,0.0509863063760838,0.0480131078485673,0.0533558400061792,0.0469312890571619,0.0578491247655863,0.0465951036004957,0.0486801339739587,0.0478202610996104,0.0498207323180504,0.0455182494362877,0.0566947400615407,0.0510394710190556,0.0492177217758522,0.053650255513227,0.0421293146295467,0.0622767935295844,0.0534971350973268,0.056073294509152,0.0527394396652093,0.0474355606658274,0.0537048517237881,0.0430538352255188,0.0538051682103081,0.0449068703691832,0.060443515694164,0.0597363187777521,0.0540477465242614,0.0510638649612368,0.0541333734562497,0.052447939140158,0.0516135019830904,0.0489708430210869,0.0493175127410328,0.0407475789060849,0.0461910693836716,0.0475485088424395,0.0490491646114745,0.050738981619047,0.0473270967826473,0.0521735103156422,0.0474947240813205,0.046770891994153,0.0609683087531315,0.0454706858119882,0.0490835524542599,0.0499444537966544,0.0510542830881651,0.0406886217148837,0.0446498720457592,0.0525705465578014,0.0482369053300266,0.0567948817555744,0.0450335439133883,0.0455310097771498,0.0417314563335101,0.0479009296199635,0.0482379217303079,0.0523203000184538,0.0510889461598011,0.0531753284799806,0.0506050722023728,0.0540947643620619,0.0539576066986277
683.940908351461,0.056835103664243,0.061833534737068,0.0603185175983295,0.0599925861932327,0.0557594431022067,0.0570374713295111,0.0582260492936233,0.0658659580198959,0.0637497490730514,0.0548931176588894,0.0666644001165427,0.0612581876973272,0.0650989239189749,0.063169382637083,0.0579142226072347,0.0514301976640714,0.0571318077511588,0.0553889089614801,0.0537484786952193,0.0558714357509194,0.0518170868935338,0.0662006164394421,0.0592202359110041,0.055482286389373,0.0602724149651596,0.0660192787443716,0.054910564134271,0.0648017432694765,0.0649541378019163,0.0590849252506444,0.0587039699360921,0.0616279171009545,0.0560457323493122,0.0661952284896092,0.0587416672814407,0.0531013179814603,0.0589483116290517,0.0589525277485829,0.0554387527324792,0.0561152075834507,0.0649107101473371,0.0575253200635771,0.0605725355937135,0.0558284982010531,0.058084480946451,0.0620764437152691,0.0590483913054205,0.0629398622043046,0.0554544316154878,0.0634902648588989,0.0598342758659259,0.058989631001009,0.0614102077979722,0.0649183413305024,0.065669432599854,0.0585891445544267,0.0504449230789018,0.0636846032251864,0.0532639572382328,0.0659980073999527,0.0597332534745562,0.0553582341077215,0.0617547918226161,0.0594384290092123,0.0537376652055446,0.0522285160770307,0.052787894779517,0.0597262542463059,0.0536923867553131,0.063920351913381,0.061663460294104,0.056328161914725,0.057188156059933,0.05747569311666,0.0567406798523568,0.059774434568066,0.0552262952866015,0.0522200292200388,0.056417517758294,0.055620391693891,0.0570422528092229,0.0581567168502957,0.0550674642289984,0.0664488223978736,0.0597856184968739,0.0584276022508053,0.053945573926381,0.0649011138030864,0.0610517807251193,0.0557716277520731,0.0630476530410382,0.0587931020541427,0.0652992668766591,0.0557034201571078,0.0583905249217671,0.0622095973582044,0.0574809007957348,0.0648226702690058,0.0562051594425472,0.0503029562002402,0.0637742493913743,0.0592713882382426,0.0659887105206103,0.0569786341724926,0.0523103831398806,0.0655243059164756,0.060912247910613,0.0601535158992435,0.0511353582691959,0.0607186627436135,0.0649885034349876,0.057688360301523,0.0562097534407871,0.0542729927238824,0.0611526328505445
687.271000775435,0.0639331244493474,0.0711955868740565,0.0697934285885143,0.0683172869354558,0.0677789146733593,0.0652725796165146,0.0716828762283488,0.065614271595171,0.0763178531014145,0.0686723993286543,0.0738213064231269,0.0708260970619124,0.0713521710863667,0.0725688716750186,0.0743802942955072,0.0587179138060844,0.069671900494141,0.0691751515161321,0.0679328383258226,0.0674102854641079,0.0709837908461166,0.0729419940510418,0.0659228212529376,0.0671897584934369,0.0712234407441179,0.0672802625684863,0.0647155021031533,0.0687569161629795,0.0672853307223568,0.0751431814798406,0.0610985281161492,0.0666605345930768,0.0660992545508127,0.0739778762808891,0.068064006147356,0.0728016428550512,0.0651762425174248,0.0656748107478669,0.0678711768486727,0.0617905602349402,0.0617643521146696,0.0656858578556224,0.0715871149169614,0.0751649671577067,0.0685324988971573,0.0666939631859276,0.0744657170806287,0.0674613150329774,0.0654151191701025,0.0653220815255842,0.0621650788475127,0.064009510615691,0.0626698695136992,0.0677979997819771,0.0631081353252926,0.0773123595696273,0.0620305870921303,0.0709325904753978,0.0671434017382228,0.0672540254264156,0.0723269496862039,0.0646426777592638,0.0624788573236535,0.0738296965144424,0.0657737469503094,0.0712384338815818,0.0645243569689606,0.0664525810217045,0.0732747182174981,0.0679226751935995,0.0651130590508401,0.0690027907274036,0.0601033879298379,0.0642165635906059,0.0602038637548293,0.0670176848643634,0.0651162494675064,0.0639576812877602,0.0664010621735066,0.065065032412919,0.0767499606156058,0.0605382823482175,0.0595985341087882,0.067141860424845,0.0707769751079613,0.0646080858517543,0.0703284715663487,0.0666868210608148,0.0655238377703429,0.0693722909656555,0.0658925121720848,0.067534603859112,0.0715214856478603,0.0668037615439345,0.0695163141435892,0.0645739116887719,0.0702308980212625,0.0633547773786253,0.0679367309503159,0.0615595214135759,0.0639473031255649,0.0767754871748564,0.0661729152928811,0.0706000488609939,0.0601140151415743,0.0678233574202459,0.0681396093699931,0.0734867913220875,0.0665752309306259,0.0701917605006789,0.0651618189374262,0.062182128570395,0.0721071230593215,0.0653595811218959,0.0667110198890616
690.598635293377,0.0572263133379743,0.0541917264844691,0.0618005857948046,0.060907887446591,0.0518325926097966,0.0557730157983781,0.061265141256822,0.0621016848225662,0.0562067812587881,0.0552980587027459,0.0633194533857819,0.0539056992751809,0.0594358603368694,0.0635190258587195,0.0642472927736988,0.0583645789194126,0.0612632345346057,0.0569022085172452,0.0590284857134232,0.0503100940281144,0.0592248779498988,0.0561908850474587,0.0503384423207931,0.0586158876043198,0.0542040125940163,0.0506654433965888,0.0574024831359795,0.0581692539819473,0.0593908009898921,0.058413865416159,0.0541735380761181,0.055591350506889,0.0564048581707243,0.062747423966373,0.0618580459214987,0.057839294085917,0.0593104189603319,0.0577598613449508,0.0621573020172751,0.0555319973119034,0.0569274046840036,0.056333297511218,0.0582234355194245,0.0616660699374745,0.0600819709912132,0.0558496672014499,0.061571240981978,0.0552731107508067,0.0552852895256327,0.056209238143345,0.0563381718255403,0.0598661486520479,0.0628349041456087,0.0631167526441571,0.0616281114535934,0.0551456858017094,0.0464423612861301,0.0612449851908492,0.0519630959796751,0.058131476255347,0.0524999203081373,0.0631789712184639,0.0577879209351087,0.0521331426186497,0.0600289197259613,0.0552487608667219,0.0581343757504415,0.0512881031391556,0.0617870669195085,0.0626155192085604,0.0587241410629174,0.0593939718931251,0.0613527419747683,0.0583512198662799,0.0548940307864667,0.061747724955591,0.0582401679241893,0.0547506190883291,0.0600093202434988,0.0570433716706784,0.0546655404847153,0.0584901388895634,0.0498619207681045,0.0569992781018095,0.059523679898642,0.0603825402349537,0.0618306559216609,0.0571947985312357,0.0560269346476655,0.0577289006556227,0.0601474427203655,0.0639466773845921,0.0661615204419159,0.0587480900985888,0.0603130138906611,0.0553244204973626,0.0649268700703207,0.0488062973699164,0.0554475415032237,0.0545185299237597,0.0532830554404091,0.0542168262482255,0.0581121245280154,0.0562131990228132,0.057525457027361,0.0615337830559241,0.0585316585674095,0.063151923749108,0.0563268087429268,0.0561202015817297,0.062574471420918,0.0607276814398399,0.0646480537268702,0.0540255951476301,0.056074968700721
693.92381445313,0.0626965321393977,0.0667414037230861,0.0712371380893151,0.0626918969782272,0.0568275086839317,0.0618231745157442,0.0662025021818602,0.066675319780908,0.0617771512186231,0.0657824897885039,0.0704378790600859,0.0717057674122634,0.0639997460872906,0.0604134397102297,0.0627745798072426,0.0683359930248187,0.0619594781126743,0.0652249479223006,0.0678102690706973,0.0618112705088407,0.068051305826924,0.0618018790413463,0.0624347623011686,0.0631660298862863,0.0661924563678438,0.0637941045235529,0.0618264757953767,0.0663904537949919,0.0654457526197553,0.0711565621243712,0.0669236948400484,0.0595143989803249,0.0592959428542864,0.0661509591842927,0.062051062810649,0.0650514390478288,0.077025218025145,0.0633607032702308,0.0602688180217685,0.0649603158055528,0.0715664574908566,0.064986807131575,0.0670352676176514,0.0623688830165209,0.0629407868046626,0.060429196431787,0.0677010525450103,0.064064335564274,0.051103847714324,0.067836469670318,0.0705687791784021,0.0643103604993848,0.0662091734265326,0.0627263825183515,0.0584784713834029,0.0716516107646483,0.0607063799130885,0.0613616741132398,0.0603250371367969,0.0669835921657931,0.0628959492648683,0.062769394897704,0.0584737595034692,0.0643005337877785,0.0666446657328559,0.0693780720308734,0.0687348451247613,0.0661793187189332,0.0702412713109051,0.0633007276476624,0.0681367586899624,0.0660572445509051,0.0658771437517628,0.0661484454712417,0.0670725169015799,0.0608047137693726,0.0594486118461701,0.0614937854322419,0.0639576912696136,0.0626338443767018,0.0640280093421749,0.0613849000642475,0.0620279761289977,0.0603587654551507,0.0596358467614434,0.0703519716003405,0.0619615234656592,0.0616232185734388,0.0685097416440323,0.0605575391080545,0.0581337727093298,0.0672981106957067,0.0558269882654078,0.0550475991046832,0.0659114167321697,0.0609634921586613,0.0683478477324297,0.0652599063654561,0.066040204136546,0.0629672389770459,0.0685645778877088,0.0614012385823626,0.0571611259999906,0.0654912499266793,0.0636533304497369,0.0648666894874582,0.0668051514266192,0.0610477433490647,0.058621117857303,0.0688374098952667,0.0594196961210113,0.0581762456600516,0.0691101568569403,0.0694452359166777,0.0567429619793045
697.246540798959,0.0654972274331476,0.0658299201645114,0.0681136225163499,0.064999075388828,0.05804164851041,0.0651705487655367,0.0615790629242243,0.0642060201722037,0.065187415268438,0.0583392172076671,0.0652431289174915,0.0608121157293184,0.060844259165405,0.0572894137670686,0.0645378057310421,0.0592339601113585,0.0658574031943417,0.0610512170182677,0.0706719256526749,0.059793768314509,0.0578812299785939,0.0657561339105117,0.0614775377720816,0.0611257824899104,0.0593487495123382,0.0622940095877522,0.0678350017768315,0.067062175073231,0.0612752662544398,0.0603962870936993,0.0637897964850953,0.0607384731007288,0.0632642109535314,0.0673651565354286,0.065969160318912,0.0684555878314153,0.0634373568320246,0.0640698346995135,0.0655016031162451,0.0646213346947196,0.0678048710230864,0.0640795241069156,0.0677087682814651,0.0625061424204389,0.0657811853388527,0.069402165227034,0.060753912873675,0.0582998454798592,0.0637204182440564,0.0657879009248219,0.0614492281986488,0.0638948154676446,0.061495560910385,0.055852820823959,0.0613622663380722,0.0663411023253513,0.060831308818074,0.0647342927464218,0.0681201937384372,0.0632764236088288,0.0592326122248078,0.0601953310356792,0.0666948470760372,0.0578683057772057,0.0630151274054716,0.0684203262851833,0.0661474575885727,0.0624608398368196,0.0620421378772728,0.071071427077237,0.0677111514476244,0.0667283728927844,0.059403374944767,0.0690014379196815,0.0655543082265796,0.0636455702530018,0.0649601432223784,0.0627112551406386,0.0602544174630389,0.0589368033041378,0.0668618042188068,0.0620555327627444,0.0615707397744637,0.0636996116700778,0.0705715240913953,0.0617153787506506,0.070180748427918,0.0612077402497535,0.0605853332583887,0.061220596518366,0.0657443851373155,0.0679547272855908,0.0663972723171084,0.066091035097687,0.0599636887603627,0.0599582207128235,0.0690173149186644,0.0621024775465575,0.0700133234683517,0.0669658643817362,0.0627315025882077,0.0636965966987504,0.0677071074342539,0.0650621867772215,0.0615731320208671,0.055326328671137,0.0598709721352686,0.0633245570618017,0.0669044416867632,0.0645754689153005,0.0611803569565614,0.061535082958539,0.0643271002207833,0.0586199441248043,0.0638624976895941
700.566816871583,0.0544935191130149,0.0476936274597382,0.0584281108532283,0.0521144955482288,0.0479510235558598,0.0491731598478582,0.0505757424333948,0.0557745970389107,0.058406460237701,0.0519623124692366,0.0466663012803732,0.0471420663885096,0.0549194949371766,0.050352557576841,0.0494664929508585,0.0610013851849551,0.057930391488959,0.0492636372589533,0.052054831858789,0.0539777771348684,0.0504035618176166,0.0582278467012451,0.0534412905499556,0.0519476674478912,0.0573243568344352,0.0515765682712802,0.0545886078340753,0.0521156395525834,0.0581611797062679,0.0507092844397702,0.0529779977834346,0.0506860932224068,0.04748500651226,0.0539082341867425,0.0463372755958841,0.0534366543504045,0.0498305486226975,0.0533905865748453,0.0498420928261268,0.0572231065503136,0.0461998138560461,0.051491053604058,0.0515829447407527,0.0538738799367856,0.0524205909096659,0.0513316972839374,0.0565086152723555,0.0482096422542821,0.0589592804094407,0.0544339670259379,0.0523113693244244,0.0559301650408813,0.0556877532585311,0.0543478475227164,0.0460705213399623,0.0539278908484786,0.0517052324344848,0.0522631735795425,0.050691591996905,0.0535531376526899,0.0501505562707341,0.0522381634524146,0.0554722562535397,0.0481385225205827,0.0550610722524398,0.0459176455317661,0.0443366774497769,0.0510688869132777,0.0538240649311103,0.0547778850936356,0.0498100497288455,0.0543480658811468,0.0501662171628152,0.0504924479474669,0.0443213691089538,0.0496278478474468,0.0558669844065294,0.0573018391802637,0.0565325753291176,0.0530404253772443,0.0561144375222244,0.0577455762859441,0.0506824913810851,0.0497152674673637,0.0451684877901654,0.0557936564140923,0.051898284486152,0.051123357463025,0.0510329383168461,0.0581081140972892,0.0508372097982816,0.0498594740804299,0.0510696455778624,0.0448564638473688,0.0545461378517839,0.0462353314523409,0.0489006673520363,0.050762964653949,0.0519662459532756,0.057652359194051,0.0585028437287707,0.0491982056308685,0.0584925585858086,0.0543878933387204,0.0480092732278199,0.0516594218608483,0.0480357663340535,0.0490833853566595,0.0505922245555358,0.0471642383584946,0.0508601845496296,0.0519390307096053,0.0459571970369764,0.0543325734418637,0.0520921195466191
703.884645208148,0.0471834445669323,0.0548098247246103,0.0558123905972896,0.0614293402713429,0.0480533068548126,0.0540943527225488,0.0538676913717515,0.0532685035711614,0.0649927838879948,0.0564202232227816,0.0505209437423103,0.0544072059086918,0.0605254368533741,0.0455658560799481,0.0598718294995958,0.05512834909669,0.0569620378342863,0.0542747021323138,0.0489782707909953,0.05300348122484,0.0597161362083519,0.0495890056498876,0.0519042950316933,0.0580845078576039,0.0509814151533942,0.0489579737820678,0.0568200978483273,0.0538266826144329,0.0571780816494731,0.0530184024573432,0.0519945874058337,0.0508014612734245,0.0530600599949043,0.0523722690671701,0.0593103862894546,0.0513904706650213,0.0488281210572077,0.0475651503125153,0.0539377793846905,0.0546805684537495,0.0474132709010346,0.0510775967106679,0.0522198513631212,0.0485049415840777,0.0546851601167267,0.0475824411300507,0.051700758689128,0.0515615062392301,0.0498399597948899,0.0589039680606862,0.0502091135409582,0.0570914249356542,0.0482479303517788,0.0485148175227344,0.0478166505930516,0.0496706486457213,0.0545093772098386,0.0479596531422185,0.0546139337729717,0.0492641626817985,0.0556310797289457,0.0544553935023713,0.0539435351701718,0.0498667428500279,0.0465503146467917,0.0508435265497001,0.0559777564104661,0.0462204996021945,0.0522408964686576,0.0472095990392734,0.050984098192366,0.0593263528264701,0.0518901984625739,0.0571389951274186,0.0531606718147904,0.0459129978869231,0.0559392433181033,0.0584817323278526,0.0593348209470253,0.0493067201110194,0.0475188501220529,0.0561736797458176,0.0584091481682309,0.0622134498687001,0.0501047075410571,0.053133635108026,0.04494730229135,0.0587127489033348,0.0602414099315757,0.0555138528461527,0.0551972665882416,0.0483383343476451,0.047837176968936,0.0476611736172152,0.0496589122022057,0.0501620912403904,0.0511721586991589,0.0557318076873467,0.0586515538875608,0.0544129220601296,0.0537150436613213,0.0530796081802274,0.0459690321789334,0.0533841544496789,0.0546273673079702,0.0538661110267505,0.0448608515402625,0.0551728382533658,0.0539231996950947,0.0559951112399018,0.0531315444916923,0.0574166932816725,0.0519916902903257,0.0516658629697912,0.0554005020065215
707.200028342264,0.0700790978804613,0.0613697593618315,0.0602666077844447,0.0680164010934552,0.0588860826326015,0.0589974101182162,0.0592621028037829,0.0739785151905103,0.068884017326459,0.0581460163262404,0.0548915414977595,0.0566905323281886,0.0666623669960671,0.0543130544683171,0.068089052839349,0.0601250641816889,0.0613424745860015,0.0663196238733546,0.0635884197011934,0.0590310351904725,0.0684680986961983,0.067134059226136,0.0574098201444526,0.0592742791950827,0.0725718652889196,0.0598496325244954,0.0681174339476998,0.0598231000437945,0.0626239022162385,0.0651392507179561,0.058651445348322,0.0610847209070387,0.0668370163980922,0.0605866342717363,0.0679868936105992,0.0698954507400238,0.0664673985819562,0.0633771111647495,0.0668030440239297,0.0651175857726515,0.0653182662861101,0.0596584867821627,0.0647477422978048,0.0644485180337542,0.0655625261816763,0.0603606442433885,0.0610209476083556,0.062971450325492,0.0640287762430976,0.062809470514061,0.0632815684936454,0.0684545405875824,0.0676883585041527,0.0636732718014231,0.0715526727090356,0.0666482548118374,0.0632697361430812,0.0643751755914275,0.0656410337696324,0.0607694199304565,0.0643336740436338,0.0609461021478729,0.0664254819092872,0.0641461092641308,0.059012515646534,0.064362209821676,0.0692463064891277,0.0577582826566173,0.0611741039399246,0.0664008455813343,0.0685057949588034,0.0637432709979077,0.0656734177921399,0.0643143858275556,0.064716970749283,0.060649552706027,0.0646368401063473,0.0695550964891408,0.0632092101801215,0.0624571235800342,0.0622330705395967,0.0623018837295281,0.0617334529184688,0.0676625867517368,0.0658648711179997,0.0608423738402252,0.0639206727237849,0.0619948097119456,0.0699683637077077,0.0604150813720079,0.0595393737762823,0.0649971704955793,0.0660605847599087,0.0646634841703706,0.064514224299745,0.0606960608624552,0.0621692459859792,0.0628592091698989,0.0647680832920014,0.062786570057031,0.0656778578757424,0.0623538535083704,0.0679748802834685,0.0728163269262146,0.067778657413894,0.0624821585086512,0.0584830758031714,0.0628938481817285,0.0561436118352537,0.0648074084803984,0.06415668619002,0.062875972265997,0.0634351812250327,0.063186659722038,0.0678567805209491
710.512968803987,0.054779775500466,0.0501676422168674,0.0505255571364124,0.0556188480869297,0.0600268463052129,0.0515350955593608,0.0556264250980826,0.055226243321268,0.0550886246025818,0.0565971576307185,0.0560365438351237,0.0545436251453412,0.0474807389713418,0.0549112444394464,0.0567599262158081,0.0514930639592194,0.0517517265354575,0.0561037275650497,0.0529646914866505,0.046680471940779,0.0560552701204554,0.0546368910881619,0.0547505073811448,0.0467551090770189,0.0495293087101636,0.0485373391341824,0.049473312527765,0.0507396232562711,0.0540842901366447,0.0504809153497334,0.0538013813927501,0.0520504357085052,0.0531946439155044,0.0600999336352188,0.0520442324863397,0.0515734246994571,0.0566464635302072,0.0537247009076304,0.0516357064005434,0.0533315136617202,0.0525689751046232,0.0517874056084886,0.0491090014040816,0.0617780724099526,0.0559239379287963,0.0499565418110437,0.0567206830409365,0.0544421213237976,0.0489058934030843,0.0503083267084979,0.0595156211834565,0.0469877356799204,0.0505293545759433,0.0551103772390257,0.0534546750974106,0.0492762196864928,0.0475725880445661,0.0502132558356069,0.055280368498191,0.0477204425943877,0.0568173548188784,0.0470332508184163,0.0427371736379786,0.0472570157697903,0.0483123089069147,0.0525692052112322,0.0495744254290313,0.0501401475139059,0.055672475338321,0.0522379869442878,0.0570963067683336,0.0513079576556381,0.0525387635549573,0.0550536065811996,0.0543705477426267,0.0509228034540788,0.0511670189836693,0.0492219339774852,0.0512544061006935,0.0543254671388066,0.0557714275479641,0.0551801171502356,0.0617516168787238,0.0509194617372011,0.05070771922141,0.056505908306112,0.0536904412059849,0.0464942271335654,0.0528501362168382,0.0604678066304196,0.0536853080827917,0.0596931337483531,0.0545321716987367,0.0477479269524135,0.0573945939089329,0.0524394295678851,0.0622178025415224,0.0514646227081167,0.0477648118573153,0.0550791001144729,0.0549038772776996,0.0569993075944143,0.0559627688497488,0.0497080624876452,0.0492463372670019,0.0501912727493787,0.0579831247356013,0.0540973191451783,0.0446920383795669,0.0429636390027259,0.0554256364874037,0.0521467481912268,0.056950422568439,0.0550196544972465,0.0527966522931714
713.823469119842,0.0527188189083679,0.0588416032299074,0.0511263317589202,0.052415584147773,0.0498634283700348,0.0494233614645062,0.0593947838136453,0.0494240584726853,0.0573380285913282,0.0582859971232735,0.0528870417686071,0.054032353762339,0.0513801350913475,0.0457343408817967,0.0464976756048061,0.054819936266536,0.0523400841815974,0.0545494734642909,0.0551993812244817,0.0510520903792577,0.0506731890080264,0.0574061957562029,0.0553321294025215,0.0511942109149345,0.0501201959550179,0.054523470558964,0.0532540366078444,0.047017665587264,0.0492877642701089,0.0516420934082831,0.0533094826164422,0.0537204308429008,0.0488505113115037,0.0595953905843994,0.0574760356256316,0.0510963328811344,0.0511978476409719,0.0565061622451552,0.0534775674416043,0.0556084501726716,0.0598535915660981,0.0550314942200907,0.0529400273129636,0.0547142127960913,0.0629897925264365,0.0555286653026024,0.0583873912105584,0.0512790927259598,0.0494968024186364,0.0448909790042478,0.0416244096216073,0.0502463481450633,0.053795314832506,0.0578424693004902,0.0573468659942928,0.060223637133301,0.0524957649460055,0.0529507065892512,0.0509288835743541,0.0521017408834487,0.0546835200159072,0.0545609047420734,0.0562618209125453,0.0522098060552409,0.046744118770151,0.0499074572517285,0.0540269686378538,0.0567212573351778,0.0556972497926222,0.0544516687448414,0.0500331048259625,0.0497152722477785,0.0520126142866345,0.0457747044829475,0.0461943087436276,0.0514993618818553,0.0517250913687052,0.0569545989567774,0.0556378936814879,0.0548997150882276,0.0482069370866575,0.0601693173528951,0.0535314848942332,0.0530876246293467,0.0534220481409726,0.0570716403281766,0.0542516537153936,0.0583181599806789,0.0475181260003217,0.0545987718616264,0.0483492847377378,0.0527654883098913,0.0556499805221761,0.0504979477992707,0.0568438121032846,0.0491339148613519,0.0474924243067289,0.0531134642502335,0.0538442854312488,0.0512305950786655,0.0560124716439755,0.0543322526964497,0.0499645811345624,0.0540333818618786,0.0487125888350767,0.0502018132924557,0.0525827417397128,0.0524324149991152,0.0523379391290121,0.0468153156791749,0.0521590361335818,0.0537966351048647,0.0417639781415463,0.0501128849958934,0.0414928855144784
717.131531812825,0.0564730199603597,0.0508291798973776,0.0533448324353856,0.0584067530093855,0.0601048289316171,0.0542728794529537,0.0636756553249533,0.0544107731031991,0.0606406946180807,0.0523590176335291,0.06040997818488,0.0628768749451074,0.0530610067861685,0.0484655407152633,0.0524910187861074,0.0483292854831339,0.0475442639592496,0.0486370899722748,0.050441795393382,0.0429859112457351,0.0555753116173789,0.0557902228430963,0.0591548312684368,0.0534248157476662,0.0490807653543312,0.0529163523748469,0.0506049310228438,0.058340074154175,0.0600533798615324,0.0544234172765791,0.0538934965703674,0.0521562125576078,0.0505166355827317,0.0579877653268212,0.0575420488859438,0.052225175203998,0.0572565402916056,0.0533139965878799,0.0481600851885262,0.0529931934252475,0.0520805433148456,0.0587882036086057,0.0518815182084105,0.0525550792104672,0.0511582532718414,0.0489493076937994,0.0502425771236019,0.054559332807912,0.0527822715403704,0.0443724256371287,0.0427065220485849,0.0545629702354803,0.0543539039364596,0.0535535325418166,0.0546186082605427,0.0624342310826668,0.0519703874695311,0.0556706985822653,0.052586723032058,0.0586464191231797,0.0557721879405917,0.0508051215562649,0.05142269775628,0.0544122687350043,0.0559228034696943,0.0466900710843023,0.047487345974285,0.052895593372184,0.0557038294347619,0.0550079022320868,0.0522260987936038,0.0519059228234677,0.0531156062167035,0.0539902406254917,0.0538660955330328,0.0585767912507962,0.0571273558196157,0.0558584497302953,0.0550966653168373,0.0598181476271679,0.0601551193025853,0.0590760213875898,0.0562543735831556,0.0590238631099292,0.0517820625890489,0.0565261743727635,0.0493903079676206,0.0513597429440536,0.0507532000992499,0.0524687548643343,0.0542455143116904,0.055989655774418,0.0561992298990807,0.0472155840376622,0.0623131107162782,0.0563009572817155,0.0595278355011292,0.0569213070104414,0.0538551444412257,0.0534567495451252,0.0549397253029351,0.0521883188746006,0.0571093986847813,0.0534967962314238,0.0492529096899762,0.0539440621661381,0.0553007993507572,0.0562493525098183,0.056689100041643,0.0484604577309328,0.0494225886887617,0.0527335335133896,0.0547816228657844,0.0577549257681038,0.0571304784993656
720.437159402404,0.0580889359351902,0.0691453580927717,0.0642696594052073,0.0730506073684123,0.0660290382258331,0.0714522267713592,0.0642281565771232,0.0642428817388007,0.0719571907588595,0.0697493215305919,0.0711221070337177,0.0683944767355211,0.0728732696414819,0.0685257575190743,0.0644335717389584,0.0690413850581198,0.0620512227219572,0.0578966005038551,0.0767842319927622,0.0651422631630739,0.0723884478689666,0.0672574760733596,0.066218759124724,0.0654948487871673,0.0684498880655262,0.0756425982437423,0.0639687761328639,0.0653415858464871,0.0632806731159186,0.0664709303578125,0.064853709652772,0.0661214762057384,0.0751818259908959,0.061789512254671,0.0661474241041332,0.0787775182418128,0.0665901826761151,0.0685114138833565,0.0735843079801427,0.063358072764022,0.0682407835835495,0.0582864640460837,0.067045140518847,0.0624110472456539,0.070056465823182,0.0754437975123663,0.0703727645182342,0.0675134685450946,0.0712393539210464,0.0651413894286521,0.0660176918897444,0.0798400188271631,0.0683442058302383,0.0734889312708111,0.0705795899095579,0.0777060460178908,0.0704363122264243,0.0774731927128785,0.0668292670078229,0.0706261343262829,0.0665638801522819,0.0754641311178427,0.0697677164569995,0.0708059568214193,0.0618543247434573,0.0682111192415282,0.0683646364176253,0.0742055415788536,0.0640094850206142,0.0779523570369958,0.0631299070815097,0.0687407300512407,0.0690232978222911,0.0709441618741729,0.0713678773517362,0.0645500740351323,0.0754773607402176,0.0712643894323829,0.0692583980388515,0.0679904454739145,0.0655756444541049,0.0722992759579931,0.0737566678836932,0.0719733325515408,0.0734348122781408,0.0690834861262191,0.0682920171759682,0.0669009847101066,0.0706036843243397,0.0691055515526382,0.0606600744842646,0.0677600645495877,0.0699456198022261,0.0734409277808295,0.0650199792381151,0.0656587658189308,0.0737313500211811,0.0661536732300893,0.066498509069604,0.0689582467108441,0.0717000237104875,0.0630136240850811,0.0653330169089115,0.068552349901387,0.0781652732735656,0.0673099471327822,0.072104367015651,0.072697987513292,0.0626610657702761,0.0785368580770067,0.0658576733186309,0.0721349718424303,0.0677815575828683,0.0763067976940266,0.0678977975307079
723.740354404523,0.0565062310279201,0.0541071920044231,0.054456622885327,0.0546210550226046,0.060112062482777,0.0644562373948521,0.0562812767101316,0.0610895684238828,0.0554147114210196,0.0529326165776847,0.0577626175808523,0.0590052992761651,0.0651676019439112,0.0652593976706616,0.063882203111965,0.0592485333189671,0.0566842010830763,0.0562883183493087,0.0580425213459937,0.0494809916389692,0.0577352183043327,0.0677891148471595,0.0629459252414553,0.064404150736326,0.060925075945743,0.0620961614541296,0.055406970555839,0.0572637766394765,0.0546719958692095,0.0566550690059955,0.0582898581214081,0.0548726508004337,0.058179720625849,0.0552626956319259,0.055482288112466,0.0652556054794635,0.056696720486222,0.0598692497771741,0.0627371898277364,0.0607073283135575,0.0570894025029651,0.054586687169869,0.0578319544173111,0.0552943958222324,0.0587296652959407,0.0611077047633862,0.0583839812952832,0.05729842217516,0.0511632542101906,0.0613100002836708,0.0545853195825873,0.0491580623300609,0.0575708695433159,0.0578519207169967,0.0584623254283896,0.0537242581671453,0.0573849360833359,0.0550560854557643,0.0553011458242897,0.0531449214882833,0.0600571735645444,0.0587981914802106,0.0573388781766873,0.0614967329154065,0.0553887786988287,0.0574248569921984,0.0557533908236065,0.0555815937359886,0.0661980227269263,0.0522415929648987,0.0538315950401952,0.0551480470160512,0.0558177946717033,0.0550446047290189,0.0614964446064674,0.0482335367501921,0.0554537340787341,0.0497577103364157,0.0539612926052053,0.0576074247352045,0.0552459828006757,0.0529768893621631,0.0550713879922582,0.0562411096307417,0.053870991905114,0.064129320026552,0.0552883461611604,0.0641962920791945,0.0571710218128334,0.0604997620329856,0.0579504444675253,0.059709137752196,0.057244506048514,0.0559071551798818,0.0611221513850373,0.0595393381600023,0.0584056580384539,0.0644838447035339,0.0626230126341675,0.0561937024270586,0.0532828167385747,0.0537994354843221,0.0631196030725753,0.0534480365180104,0.0562861291234337,0.0592338566701684,0.0595978344227316,0.0610801550387269,0.0593308752020716,0.053338238546682,0.0597958018681859,0.0607952489625704,0.0579692576982165,0.0576873351581601,0.0619329522239859
727.041119331624,0.0607391127110493,0.0508804164058946,0.0506238814922746,0.0535148659565032,0.0611643898504358,0.0563692983016605,0.0658114551244927,0.0595399470460702,0.0511696878497128,0.0648603289494207,0.054541486246219,0.0595238005131364,0.0535938860555206,0.053302671627179,0.0568040009255509,0.055426597594481,0.0561301592048403,0.0535773298884716,0.0521598127998662,0.0554025071965003,0.0522822016860588,0.0584770593491792,0.0596558551437549,0.0496052436881489,0.0501577949302923,0.057190704801063,0.0521714350875057,0.057775632274404,0.0481953033471888,0.0533750176122979,0.0593671691223904,0.060761899744723,0.0554086385854976,0.056859003134118,0.0592396899084451,0.0630835609560963,0.0555668473007999,0.0604131410083719,0.0584633836349754,0.0499153394645401,0.0576173584018685,0.0524602269112169,0.0491428795105528,0.055817609790213,0.0597924913053879,0.0632999562472651,0.0599800343797271,0.0572959715342516,0.0505988504725254,0.0612852718061168,0.0561581381600176,0.0528842962825352,0.0548498872318189,0.057820167298068,0.0556810708566267,0.0569726121039153,0.0508337417284027,0.0468103905874735,0.0612894462072483,0.0530945688186562,0.0508330618403135,0.0608910484166596,0.0600007570922838,0.0549025913719023,0.0553646437672337,0.0525414129750537,0.0524522891647904,0.056625509279435,0.0617151157631563,0.051105301442211,0.0537899191187292,0.0502264440202809,0.0623580621761717,0.0528090946161842,0.0548900044304162,0.0541718624067077,0.0559413089118877,0.0519121069492853,0.0631812065677793,0.051023793282398,0.0557492725611403,0.0534845620936681,0.055550072459229,0.0550940889674938,0.0592264851629262,0.0553309686058079,0.0541576486486173,0.0587935283381409,0.0539155163860204,0.0550967301516718,0.0579022459543739,0.0532466234601937,0.0456271465150203,0.0585863259592273,0.0495219462618681,0.0550588411756557,0.0572715323006401,0.0557215721321204,0.055429492844565,0.047842607271386,0.0586491215119219,0.055931393281202,0.0597917649356436,0.0598570153526169,0.0524061516092088,0.0538186777384536,0.0633468980529476,0.0483448923906942,0.0559833181336497,0.0554769732164882,0.0553610719801187,0.0596791920167052,0.0535668381396778,0.0559881572596107,0.0586466804920508
730.339456692637,0.0469269658598097,0.0524752641153306,0.0582242352692814,0.0567266053627106,0.0568250849658729,0.0606126206204929,0.060481000642746,0.0590538309810059,0.0645764315356196,0.0528923185848391,0.0603898008030855,0.0633329839158249,0.0618019942593779,0.0581333172667206,0.0556754457196213,0.0651975153223911,0.0593159000466542,0.0616987087487074,0.0623552997818147,0.0618468621820033,0.0571139777562133,0.0584274739593955,0.060693695249877,0.0599797385244176,0.0614120915359518,0.0490215839919684,0.0617431915874939,0.0604221581294252,0.0524463089691003,0.0511695708239687,0.0565973861915918,0.0575203928943189,0.0668687234672551,0.0611516558998174,0.0581666860935588,0.0576462956913389,0.0593588721840261,0.0511941857502899,0.0536222853954654,0.0548118279932561,0.0531144554507338,0.0630400523695903,0.06642014725675,0.0557767209057822,0.0559835194259961,0.0605111548220642,0.0572060604665091,0.0561995775830278,0.0548994851453559,0.0525027720280299,0.0544583636354471,0.0576691245349674,0.0515739666519992,0.0566937830930067,0.0561836899867197,0.0569341923864419,0.0627311716406057,0.0603761636787637,0.0546578389567947,0.0672037103297359,0.0567127178727482,0.0581385770768194,0.0550910788307234,0.0543026577351037,0.0633967802961438,0.0600189520395264,0.063948467728621,0.0549184762195148,0.0561056629587917,0.0559629971414051,0.0646416152338854,0.0561481964563106,0.0557057173805139,0.0631432495476199,0.0657735122240172,0.0579200259946516,0.0547909470288413,0.0501943005995105,0.0598440627507527,0.054237256049154,0.0540654177324545,0.0550775067079317,0.0647802278198167,0.0550115575901378,0.0607703386432034,0.0618225761470304,0.053009692661635,0.057126377769837,0.0527891324104518,0.0598737226966379,0.0637298445959596,0.0580069829256003,0.0510617167339106,0.0617949220407468,0.0582142337155256,0.0483525159752132,0.05775944095431,0.0545611813092084,0.0526184993634935,0.0577522779376302,0.0515570818026242,0.0575048028078654,0.0493174737764577,0.0603281420040311,0.0610659150954981,0.0644549630803985,0.0551444655150073,0.0592413090591304,0.0608108722545481,0.056503967478673,0.0596811605932207,0.056389741352,0.05620263338481,0.0597354594487359,0.0558823952186253
733.63536899299,0.0442330811928527,0.0470628046925307,0.052175622812764,0.0447480573886664,0.0454819820770098,0.0460494754862747,0.048772116778428,0.0461230643315661,0.0447704683353901,0.0457909567925336,0.0469777049871872,0.0494787024404193,0.0463425902607353,0.0548159614896085,0.0442232079553108,0.0471859956937309,0.0469214504744758,0.0464753167917246,0.0451718875587546,0.0428940862475218,0.0570485649367352,0.0556310124088641,0.0465070855277959,0.0424080388545268,0.0506106626638535,0.0505759763404178,0.0397714623502551,0.0479897986602819,0.0502340076065492,0.0429391216501146,0.0445099925559734,0.0472926820168798,0.050362491217638,0.0426342588344754,0.0474501510380705,0.0467787399414932,0.0527055896674513,0.0397921546060918,0.0526083494009291,0.0423604834917507,0.0424668236438953,0.0497470170612177,0.0409161294405946,0.0436861191854215,0.0478423187030956,0.0472261833441202,0.0419008440085498,0.0491636646554506,0.0439937683370237,0.0502586526629608,0.0446027647773864,0.0473757254919159,0.0466673227635255,0.0501632295595013,0.0572192937347472,0.0476147234291769,0.0452841572155841,0.0450026338422023,0.0452693200541985,0.0518523612355939,0.0479945704401161,0.0446398608946531,0.0507037127887373,0.0498601344535548,0.043423386800326,0.0470293266938423,0.0457974518315696,0.0471798176782545,0.0443795439241546,0.0504201610079746,0.0498363310566559,0.0446757100982041,0.0523301703547324,0.0499278488857788,0.0465487156184739,0.0415517159381485,0.0536234739448796,0.0407497631325439,0.0477664747956201,0.0470743376713744,0.0491095439265545,0.0494860490804599,0.0416594917762758,0.0495036521810275,0.0482028715573717,0.0415094978330944,0.0491422668306924,0.0452556572635546,0.0435976603953655,0.0506793096573477,0.0438268781459956,0.0461578884319669,0.052624734402569,0.0502235763101889,0.0421880429825406,0.0377641244397237,0.0549509636242421,0.0501182448194078,0.0459397546316585,0.0410580247161607,0.0509392277653965,0.0444504556017393,0.0426644753907237,0.0397902709776589,0.0516920096461594,0.0557921734899393,0.045297180463075,0.0453715791406138,0.0410443685127601,0.0509483634747147,0.0453426422506795,0.0509270443501064,0.0463385121456027,0.048167013459133,0.042317403429281
736.928858734616,0.0510668813015099,0.0480853194120328,0.0493814207777901,0.053886597026022,0.0550820085460528,0.0454274070784264,0.0412875166961752,0.0483047274018347,0.0549311500160759,0.0468124886042149,0.0538604446771688,0.0482896974746064,0.0512153034373413,0.051481895290512,0.0484849908895073,0.0482117591660747,0.0490004664499394,0.0540195108448242,0.0531876124105942,0.0487645433744646,0.043410610391875,0.0500878241906092,0.0409936773571297,0.0522005335771557,0.0419425006404902,0.0477847374507034,0.0477064574738398,0.0495268146974392,0.0474679983995887,0.045067868594526,0.0510055388568657,0.0499146608360491,0.0458956370553487,0.0468931103954132,0.050621774622577,0.0510506183916708,0.0520721720603968,0.0484046371408065,0.0504781280517733,0.0439731601590978,0.0518541416638062,0.0470400140581656,0.0505811952581179,0.04142357914961,0.0483152034397165,0.0543306728888195,0.051606804954715,0.0485718816503045,0.0531426495705067,0.0452661989075163,0.0455823965481851,0.049437088573343,0.0481995657082306,0.0543899677819643,0.0455830556335042,0.0486324517654751,0.0462860522544651,0.041618103895057,0.0418910071740785,0.0473892874512042,0.0554605408242912,0.0493639090141891,0.0430617381034158,0.048679626587267,0.0433477900628085,0.0415574535761493,0.0435414100082504,0.0536414085787324,0.0525972105129167,0.0552435187457899,0.0464702412844497,0.0440468701796567,0.0483887387778783,0.0503769344858407,0.0459083773664168,0.0403767647737818,0.0481172268183175,0.0560680735534167,0.0498473686170449,0.0464374048935803,0.044679365839733,0.0560065856604068,0.0503079154869396,0.0515505377177638,0.05079741620656,0.0496071184682525,0.0425555184699712,0.0515962955745991,0.0510223088091762,0.0468348991780454,0.0469425045650792,0.0482081551291642,0.0448101283189184,0.0544914643462611,0.0453568057149837,0.0415140770056141,0.0504857720320417,0.0489236546158396,0.0502441741927849,0.0548103424982805,0.0405679480051205,0.0519418868114279,0.0497037481877756,0.04722523788282,0.0504904884992622,0.0508619612327599,0.0468239103796678,0.047984124205778,0.0496610105370465,0.0530349257229469,0.0501763934583296,0.044369266037162,0.0489401975576869,0.0475091224404545,0.0492244521253755
740.219928415972,0.0504608638367749,0.0550052712043448,0.0471154495992161,0.0575893249481522,0.0576785285289611,0.04693602269514,0.0528709320462062,0.0456066805864069,0.0591856837060775,0.053243647998997,0.0505700537871624,0.0564575458425388,0.0544205485474701,0.0475891865048372,0.0511025698861128,0.0546646123331679,0.0505263354464795,0.049069163973179,0.0504565117408823,0.0567782830739481,0.0503600443735393,0.0450733743148829,0.052300485450279,0.0460949058751164,0.0456208108971058,0.0574229302426111,0.0545561182824896,0.0499713644526464,0.0516695497785801,0.0439025850668405,0.0509191055690485,0.0487673309533429,0.0562084084153993,0.0489645116573583,0.0516374656966813,0.0563881564974815,0.0552634320012695,0.0429235109611485,0.0505274988555345,0.0585668430180311,0.0517549620297315,0.0554493171441099,0.0526511351619537,0.0544586511739232,0.057941741519959,0.0514908115002253,0.0525904528845582,0.0533475451092189,0.0530526842249571,0.0517289854704678,0.049258442098678,0.0444890015592525,0.0502532301447199,0.0494418540556439,0.0498858994301375,0.0518133124031411,0.0472714422211037,0.047494170168287,0.051646209192819,0.0554503830614368,0.0531892777287245,0.0546076743928744,0.0499714807024879,0.0534937642573215,0.049175947268504,0.0597485303025836,0.0473039051991138,0.0447760013149205,0.0546985087898323,0.0534920624567219,0.0469060723844113,0.0510036210733957,0.0477243950941789,0.0497145495001191,0.0485336200743526,0.0500495083563179,0.0544791380797767,0.0509945760188611,0.0453689487292352,0.0528718353486194,0.0499976941495065,0.0536890498032606,0.0518152791362608,0.0616931965344257,0.0539175242509405,0.0434741183248778,0.0505446780617308,0.0563117047613861,0.0444801632899395,0.0510241434167266,0.0537915450445801,0.0534531324296008,0.0584528695761242,0.0560086108603573,0.0490575263782303,0.0524248437775629,0.0487360746879258,0.0564198452560608,0.0545313410393368,0.0463901298686112,0.0501942679180026,0.0485937603430187,0.0506937737103627,0.0481845264227597,0.0498181090399775,0.0523425500579783,0.0483334239234071,0.0511297621673058,0.0566224130066149,0.0578398977381443,0.0473172647238858,0.0534258193495156,0.0509823193978966,0.05612279725358,0.0512620968386414
743.508580532013,0.056201384589707,0.0559937293644494,0.0508305101696394,0.0531468907123516,0.0538091241750702,0.0548702084769481,0.0617872541324291,0.0591020187932494,0.0548571265220351,0.0602004370215788,0.0616949844113757,0.0579909643028906,0.0587084444996893,0.0480166656550006,0.0575005828540636,0.0632782237328141,0.0536458800321231,0.0516967953708781,0.0562930563148245,0.0561354018398422,0.0502438571732197,0.0596938181720213,0.0527282821495826,0.0624251334726664,0.0498200868651211,0.0497287421307836,0.0603205880140479,0.0633097233513228,0.0601526892538271,0.060196553008529,0.0535509754168855,0.0540367615737332,0.0599281343052592,0.053732837849747,0.0611935268014065,0.0557545387123721,0.046363332455095,0.04338076475548,0.0472637267992429,0.050397314853526,0.0577657519227471,0.0574806304179095,0.0525393012948032,0.0554444465627353,0.051908579278859,0.0519433815046711,0.0622628462189202,0.0651060419228391,0.0524035999879177,0.0532585849557841,0.0610570236334147,0.0599644515237657,0.0485247437628607,0.0547126121173311,0.0541719640151845,0.0582473451466575,0.0553008305059627,0.0609938561761681,0.0630284286861722,0.0618592570839171,0.0519815492745832,0.0560796187882503,0.0520081654956519,0.0599307209174285,0.0571403416920072,0.0580110430492778,0.0587311853566126,0.0468303087396227,0.0573372825031798,0.0517238067579219,0.0462342039445977,0.0584866770123107,0.0580229400892637,0.0506771567193069,0.0560659168761056,0.0586191270772916,0.0570427949879885,0.0596708612384511,0.0577753481714359,0.0620159133659645,0.0520444388555997,0.0557653030830135,0.053306160318064,0.0610025769574749,0.0559370522797741,0.047164802424457,0.0531124499988476,0.0599381581197643,0.0540178817972109,0.0535865614262384,0.0552671857372235,0.0602872474692594,0.0588639281515636,0.0493074802228903,0.059877347750192,0.0566933391124527,0.0551670948786565,0.0557358759213908,0.0500009489859993,0.0534618417662834,0.0603450316371422,0.0614626772213423,0.0533120154884457,0.0593543517711717,0.0485831056995259,0.0629121679708322,0.0568776785565957,0.0460090113131223,0.0548287022961674,0.0582511191947852,0.0608893463679181,0.0608485770073148,0.0562641345156345,0.0570704601607042,0.0554398594823218
746.794817574235,0.0688188293762388,0.0720205779062517,0.0681604712434411,0.0681962937058648,0.0741079259162327,0.0686932719157798,0.0653859828845581,0.071500265681624,0.0649685565517487,0.0714817906572088,0.0674578360113554,0.0705358312819344,0.0701290744574201,0.0592693944243141,0.0655093807186882,0.0729639148952619,0.0642626142200552,0.0657000324223768,0.0664053205548823,0.0700561517858465,0.0658353889396113,0.0742974184765941,0.0716059707581819,0.0634051551259195,0.0669036633541298,0.0658279317184282,0.0708778461622919,0.0712524816527864,0.0568008540112743,0.0764736062637322,0.0714838393543242,0.0743007271582114,0.0630831928041967,0.065539775668901,0.0621762480900361,0.0697194972074725,0.0687299138851073,0.0622287772572664,0.0687006666651404,0.0719981094989853,0.0587464329326561,0.0669175964243425,0.0708160417454092,0.0695403888694929,0.0652784131178775,0.0667190628655208,0.0686541284955056,0.067156698980191,0.0674697655817176,0.0684288650853103,0.0717541305263851,0.0764992347600326,0.0682985872889158,0.0707411041494359,0.073296999923245,0.0641200635424048,0.070917471494026,0.0706574231780248,0.0645311551605113,0.0666160530584946,0.0755988815090485,0.0693372468346941,0.0691364522839916,0.0712696269907594,0.0645499299694981,0.0740169482034871,0.0679468192781266,0.0767553982648825,0.0710487040095026,0.0750773972555781,0.069549153343839,0.0675822518729357,0.072696822284164,0.0746081724418027,0.0717880696413535,0.0764070663414092,0.0709346836786608,0.0644756875810115,0.0630775195072648,0.0705983863075676,0.0795727825543546,0.0694026754551259,0.0630012073092437,0.0743572044010083,0.0714927439387441,0.067786236875684,0.0664731287294372,0.0667648274298619,0.0726605345331641,0.0663297385397899,0.0679763803722705,0.0665696860998395,0.0735745532262643,0.0710217021298474,0.0783653429512872,0.0631537808060532,0.0692324786932053,0.0637429857695432,0.0718549757900334,0.0749178639105948,0.0623655752191015,0.0716092697405669,0.0718165028986201,0.0694313918592636,0.0746294054528489,0.0648956183264586,0.0670323590759025,0.0573709828141359,0.0710416405229399,0.0739643683730356,0.0656723014975185,0.067176693166565,0.0718412853827077,0.0700218786358181,0.0746982837505858
750.078642030654,0.0480151633742958,0.0477043497918682,0.0467599908566468,0.0539667607609574,0.0497829705232825,0.0470684655211431,0.0472332819053502,0.0568656177858215,0.0472221701678967,0.0577829472804129,0.0550300693479763,0.0554922660265457,0.0518330153659868,0.0428600939816977,0.0447519490791852,0.0412575622494502,0.045883124055612,0.0476792905719654,0.0496759144175395,0.0434604231839194,0.0494195192387146,0.0588605731377035,0.0546211687203062,0.0501303681207415,0.0495690517475822,0.0467378478392123,0.0445488445069793,0.0512067923388461,0.0469864225913319,0.0441278396285491,0.0489170163545711,0.0462993836983478,0.0497811175720736,0.0436835380938761,0.0487028864254983,0.0538961760638382,0.0493683881902047,0.0523657831011308,0.0417831109721478,0.0426737476029073,0.0513550860325909,0.0508920059839031,0.050101458259069,0.0486158197625084,0.0522003522013808,0.052247396805458,0.0538094335633975,0.0444240859568253,0.0440039187512302,0.0497130886068693,0.0520496256772719,0.0510615581657987,0.0450191474384428,0.0517370633769456,0.0450877124196696,0.0536281347782625,0.0468713878499486,0.0464710193268983,0.0490313682322,0.0440940909501115,0.0500571184887103,0.0439534059123595,0.0484775047140624,0.042151378117511,0.0444929540948585,0.0555640046861093,0.051356887982227,0.0503436288290373,0.0531383595864512,0.0459515330843776,0.0470232488849888,0.047880606074274,0.0489260908095079,0.0416073119526335,0.0491960316221561,0.0485476170280845,0.0502357030010869,0.0521931558840054,0.0541878864516106,0.0399078466746274,0.0463237551339918,0.0488416219498271,0.0496626574329486,0.0471329548812009,0.0523381777915055,0.0473898871762314,0.0479295973655351,0.0483770645567062,0.048363378306623,0.0463176812463057,0.0453130626847834,0.0460738344276702,0.0458708143487758,0.0462441502457578,0.0446897748433747,0.0519296507629006,0.0515838159079648,0.0494202818525384,0.0452896814826454,0.044845774325941,0.0432738359818679,0.0460247952804961,0.0464339685228562,0.0552705779931987,0.0471555962895013,0.0491875659176646,0.0511328187978518,0.0412176703516435,0.0413611931145765,0.053552313102977,0.045218129839038,0.0470768966557702,0.0499536634465756,0.0518133027412625,0.0535016504823602
753.360056385828,0.064842571895592,0.0658487655326795,0.0689643066318469,0.0662740478236064,0.0593004003814405,0.0715960259552354,0.0645831632102872,0.0697717721714989,0.0738994154472789,0.0663175201960602,0.0618288273730093,0.0630404605793321,0.0621197412462236,0.0692588396824951,0.0668317347720706,0.0634317019069963,0.0623712732447965,0.0649043004337289,0.065120992114396,0.062208750088272,0.0660626689564189,0.0565084443003331,0.0642334269857758,0.0636728902483498,0.0564071570544961,0.0628050848034077,0.0550738261451119,0.0623449044312477,0.0645546119167262,0.0663789705911369,0.0591576222509237,0.0676033540872143,0.0671518756186755,0.0635985104010144,0.0603493722846121,0.0651217371065683,0.0601761763325856,0.0630594512872875,0.058791651571103,0.0664079929228952,0.0695695623933166,0.069309220198881,0.0569781953424754,0.0681487310600187,0.0693140553172331,0.0642327204239646,0.0601680205013973,0.0625947740525568,0.0574100957667298,0.0648508624360847,0.0632571938366227,0.06379853373695,0.0577673666226142,0.0634233390103052,0.0707824115044499,0.061103390861739,0.0629991224304359,0.0648340338891344,0.057624406142272,0.0548164358226497,0.0682418012293257,0.0620067092971726,0.0634145457809879,0.0698525740790308,0.0664022645334071,0.0640036094584395,0.063831451550027,0.0643794142948155,0.0645986278708903,0.0627143889743433,0.0746698899784872,0.0645459175335888,0.0569797556403761,0.0638636749997965,0.0583197880045672,0.0684758311204476,0.0576122617574804,0.0635728891050475,0.0567314266196758,0.062634057979192,0.0607995230051356,0.0685107001173021,0.0532970986477621,0.064781793618799,0.0640671410639153,0.0652453196092517,0.0634195432283379,0.0605323419554779,0.0680468712426625,0.0590281441220454,0.0601330546267279,0.0603524280599982,0.0644030095366362,0.0640982235174317,0.0604003014685766,0.0688478526319796,0.0661626565824231,0.0595715855481694,0.0753606789855543,0.0618376197308426,0.0652763662181551,0.0631731380415703,0.0654537267822194,0.0680068143790873,0.0584284667529762,0.0591730826673315,0.0645087911975241,0.0668463206457881,0.0608185369518424,0.067591108677072,0.0631264739575689,0.0652303934244469,0.073639126994215,0.0669175310237281,0.0592479951082759
756.63906312085,0.0440072475495865,0.0414996665985484,0.0442594957073945,0.0395485151279754,0.043542154294138,0.0429601987870752,0.0384466457778013,0.0470000112614177,0.0475545271030251,0.0515002494539948,0.0397467024314128,0.0418976772613759,0.0525899702273573,0.0414340952441943,0.0389900664020669,0.0458473422496483,0.0493268159252146,0.0387132034395565,0.0462135627376899,0.0463809225178205,0.039312117958627,0.0426763067438354,0.0390697450704101,0.03503196449379,0.0374278524285491,0.0463889697638864,0.0415372115760195,0.0417293691732313,0.0423526349279189,0.0454689422561642,0.0447637869998881,0.0470755277701809,0.0417607812606868,0.0379113712881017,0.0340085228430029,0.050348449956811,0.0479165196585629,0.0358385888306236,0.0356853277164523,0.0451747730162178,0.0415355290374338,0.0511313338093323,0.0405622196882861,0.0428164895552853,0.044336856356423,0.0381465698498833,0.044202747292499,0.0409069105643402,0.0458464084905828,0.039547446039858,0.0424356562519594,0.041018144459909,0.0376839271841804,0.0389999620107948,0.0480426709692241,0.0478547115491245,0.0459816829535317,0.0455274099724697,0.0415441274220952,0.0442580849808432,0.0421279701897217,0.0414188445032333,0.0432625607849859,0.0439809855416378,0.0403922603205341,0.0455190249494837,0.0439163626586593,0.0466848055104926,0.0433284873907792,0.0401138357429268,0.0390190131903729,0.0410106014003533,0.0430583732043806,0.0363028937116524,0.0449957928639896,0.0416705082310794,0.0422832344022842,0.0385921690958808,0.0429026243236292,0.0433613893243504,0.049218867571473,0.0407499354483938,0.0410226743898884,0.0450970634046029,0.0454229125810894,0.0453633770419265,0.0378175612601642,0.0447928440304086,0.0506928434826041,0.043277285420931,0.04440216044163,0.0425006289366476,0.0465779869574485,0.0485832646629405,0.0398661510267941,0.0399231721843065,0.0473882277544843,0.0468491456263614,0.0432619389552126,0.0400410668419875,0.0472345146114552,0.0456729746824137,0.0411351489444161,0.0446637560539152,0.0429333987590334,0.0466468412388478,0.0442365894243741,0.047910691610843,0.0414828202460047,0.0487875079283932,0.0442842893645195,0.0386299778951662,0.0408645624760908,0.041573632876212,0.0385583485251897
759.915664713369,0.0602730391651572,0.0633752972622764,0.0577071183440202,0.0604941475047838,0.0616265767789174,0.0626243945129133,0.0578854317890996,0.0604146536164245,0.0602793881185981,0.0578313234405078,0.05880705171739,0.0510669519817837,0.0584434405548316,0.0504548434863244,0.0626650896804836,0.0614560522679928,0.0647102476503629,0.0526506148607287,0.0589443944279408,0.0629373829346897,0.0586341249686061,0.0654022728356999,0.0616852811180303,0.056756555765044,0.0641227396333697,0.0580958154200676,0.0563052859864023,0.0635944051739582,0.0598896993584829,0.0655027242690372,0.0653659407516158,0.0576258483021269,0.0541670835676564,0.0572518791465333,0.0605978070348626,0.0588352018202926,0.0603381317117198,0.0584103414794036,0.0587025401210576,0.0580451030665479,0.0574889904543137,0.0620951894071655,0.0555270904834349,0.0666930674224179,0.0651949978535292,0.0506512752269345,0.0581464988686648,0.060661043775616,0.0554232884698699,0.0606624365363511,0.0546968616916323,0.0607158780952095,0.0530904595594025,0.0608897866948166,0.0549980866128095,0.0694668743673316,0.0604486694090156,0.0649505284694957,0.0566801269649627,0.0571298011688717,0.0624410189935551,0.0615861092561918,0.0597860159558051,0.0596272197806675,0.0563488291019896,0.0630761350398162,0.0558095534546318,0.053033919763913,0.0641821688094663,0.0639487768910446,0.0562686126566137,0.0614449969342685,0.0648044994091689,0.0541488827427501,0.0595581258106988,0.0637395809043923,0.0480070892239894,0.0637060899710606,0.05740876487158,0.060603537427733,0.0642054014432824,0.0636946968792172,0.0632585971550183,0.0600098574439483,0.0538678229634416,0.0615467645764016,0.0597611281008139,0.055307649201211,0.0542483114020025,0.0538088155971998,0.0613335300540405,0.0562121212226239,0.059571773685826,0.0685922384673832,0.0643270515638745,0.0590177732353539,0.0619346102476854,0.0575125496692239,0.0562491853012375,0.0603237530097441,0.0627142700458982,0.0546720437584429,0.0475096562478923,0.0600597590660223,0.0574499930125674,0.0646350041249169,0.0532401929900058,0.0586578342392539,0.0598159250296505,0.0578698397304447,0.0659980029965039,0.0599852972960873,0.0558342863641011,0.052821091537598,0.0588307114171533
763.189863637582,0.0537230784301306,0.0583505873833063,0.0438754729391748,0.0505357420674443,0.0614223113590469,0.0484518343230104,0.0476214492983892,0.04247433429362,0.0531782667101699,0.056005990024639,0.0548666274557619,0.0530512803371097,0.0538306081429893,0.0529551192651914,0.0505226322076689,0.0481948286629467,0.050024686643961,0.0502970480393442,0.0555643206876114,0.0530180127697101,0.049202639360493,0.0537213104227249,0.0495251683644204,0.0494410250052805,0.0537123773298021,0.0508477593574427,0.0523555353399028,0.0477888722715025,0.0580713738587215,0.0560290219180397,0.0498455437371113,0.0542219381541268,0.0539529942587909,0.0516128762030284,0.0529436989023057,0.0586451559402744,0.0524367674056571,0.0538958867517079,0.047098065329746,0.0508610002723865,0.0522597636625635,0.0475970611898384,0.0504474638864489,0.0571905405441766,0.0482779187859167,0.0493519706099037,0.0519430478553429,0.0529404179477341,0.0427429658796122,0.0478919605678793,0.0490367906180021,0.051351327707653,0.0496526989375405,0.0552896197768839,0.0553351209705903,0.0480125432955173,0.0428569801214877,0.0543442186342046,0.0498827827814538,0.050902115008443,0.0476363787212464,0.0463312603833356,0.0487748805786624,0.0473863206102863,0.0512982784608085,0.0504803304755513,0.0528717595594373,0.0478846658544026,0.0489788926593978,0.0549784692562631,0.0549544405979132,0.0471093938370464,0.0486555799116157,0.0539192838458219,0.0511258945426229,0.0526560621394199,0.0531749274569107,0.053561191534605,0.048455138861658,0.0511136177651242,0.0536783082917706,0.0463770928035916,0.0482126394111321,0.055436904557055,0.0590446391774787,0.0591270682751927,0.0492606061949925,0.0534756860529803,0.0459841702715033,0.052517068773431,0.052535630489802,0.0565269070168908,0.0499741877464343,0.0486712504262364,0.0525435677057542,0.038895351741804,0.0540581742179883,0.0453025074099151,0.0560195447205123,0.0517883024137087,0.0495093631375523,0.0517503265180683,0.0500294733726396,0.051218490814121,0.0506585055135116,0.0483281346978966,0.0502937971366301,0.0528898255556941,0.0519178337961869,0.0527115000530871,0.0432856815636542,0.0522182539214502,0.0523353891884553,0.0525787711351536,0.042962083861681
766.461662364247,0.0418553993610259,0.0420185653274106,0.0414785496898115,0.0465225768695512,0.0434669419935892,0.0337269134391529,0.0447638248952067,0.0418090840523336,0.044455487658963,0.0460244001791551,0.0434268998254199,0.0373736681888094,0.0404016092815696,0.0413459972060715,0.0519257185220393,0.0403618792060232,0.0444471852281452,0.0441300694587385,0.0414385796092867,0.0398430670787012,0.0489731268117316,0.0442079368585945,0.0465826859738596,0.0377286968307264,0.0400612949361739,0.038714237556527,0.0451842083775823,0.0394988789110252,0.046567821541131,0.0432624792901069,0.0381386311422789,0.0400805525933765,0.0361864736185132,0.0367325868011099,0.0409955832126275,0.0416588899375379,0.0467147752542917,0.0385374105627144,0.0409700963652108,0.0420363753019317,0.0447863861529655,0.0468670524502047,0.0307367005967995,0.0465785689698322,0.0453704584587614,0.0469339091635895,0.0462680008451366,0.0441274302338668,0.0474061822036024,0.0471241759573813,0.0444465003049969,0.0441227782413788,0.0397439721113441,0.0453641604128508,0.0430016424579148,0.0374416638689337,0.0382844454762559,0.0426311990285617,0.0447134813945336,0.0468399799670802,0.0414567250752372,0.0428629699046046,0.0436833465717358,0.0395017512765021,0.0392349426240383,0.0416363879703367,0.0367492296171899,0.0438136701305797,0.0415223120148052,0.0465388880519398,0.0399864103414149,0.0463339205833411,0.0341379976479477,0.0449177132023519,0.0399422460605434,0.0480756016195367,0.0426605613296251,0.0411977353184677,0.0383954666893397,0.0405177312018834,0.0447632376826323,0.0439294169140563,0.0424677899656803,0.043817539158702,0.039811759114409,0.0386511246130061,0.0376634946056055,0.0425138698323277,0.0436065483291,0.0442325058867347,0.0367582337985829,0.0413041720986266,0.0403608797611367,0.0434972938163213,0.044586729507095,0.0375296437179262,0.0352357361469177,0.0406959740753379,0.0464233652663482,0.04212921286683,0.0411573123937087,0.0314966866682535,0.0327917402872687,0.0450531202696424,0.0394837316578614,0.0459318533854475,0.0375673406759563,0.0432562885911109,0.0369041338809916,0.0475372551964973,0.0435848673971028,0.0406624069624568,0.0428508068369201,0.044671464538338,0.0432533486112479
769.731063360692,0.0432285051944949,0.0498666105219729,0.0450638406181908,0.0457453018285246,0.0464561629105838,0.0490497860817507,0.0434812911225256,0.0416687548570818,0.049638284982199,0.0495940335974938,0.0496108448590145,0.0492514200985409,0.04840622860978,0.0427314362769115,0.0413793830618056,0.0428570672927079,0.0501245608342779,0.0444572597162193,0.0476848379245302,0.0450127770315814,0.0454747006894523,0.044504699273204,0.0387367266448667,0.0407866263952178,0.0468209404979417,0.0476694547366583,0.0438753712862283,0.0516348331248317,0.0479425669710159,0.0479563743801768,0.036810144133661,0.0430791016001382,0.0452573631533279,0.0430019150909804,0.0493547591250285,0.0479330982691158,0.0481118086434438,0.0453605286247011,0.0469102357985093,0.0489019684149526,0.0478802670133556,0.0461218057808611,0.0478204158847932,0.0490777548299537,0.0429871614797,0.0500155546630583,0.0476505944803222,0.0492977918208258,0.0450017582325,0.045248366483801,0.0430965243892325,0.0476367541610569,0.0438070691949457,0.0494297091365275,0.0422069167838697,0.0421139450993365,0.0483605162584651,0.0434543273347347,0.0526790189648342,0.0465792940043355,0.0460623210635135,0.0474261567125777,0.0482886267883302,0.0458105938101311,0.0508385222925567,0.0499986595443604,0.0480458238880408,0.0544911640571148,0.0484662642538515,0.0550248447458151,0.0500972712640832,0.0417416512059188,0.0530924487851726,0.0424676839679555,0.0511742857801644,0.0445660826555768,0.0559006488703482,0.0469905946570269,0.046312202614616,0.0457182382240691,0.0483105280441891,0.0414661356805303,0.0443800892046971,0.0413769298880228,0.0487526395625124,0.0482274019537961,0.0498316191283479,0.0417229529706079,0.0487252228020831,0.042372812807872,0.0456079732582998,0.0458698867295912,0.0472506470015001,0.0465092891420179,0.0552774152505524,0.0466388526781211,0.0491880327731112,0.0458700081839402,0.0511120200593983,0.0352238401363137,0.0452312085797784,0.0496475448666811,0.0402153496015717,0.0431785700314176,0.0457640627499702,0.0504832885470163,0.0497775556770162,0.0484565860754229,0.0486365870298206,0.0418001532308892,0.0444165773976915,0.0458002272823432,0.0404062030894693,0.0476761759478912,0.0446075307297289
772.998069090809,0.0472377601523758,0.0490960651114979,0.0431809235693393,0.0417012771462418,0.0462054035286,0.0418100416580296,0.048015018839665,0.0479971441096487,0.0494517934216362,0.0488064928494684,0.0456231409269192,0.0445703934220558,0.0464949976932088,0.0500645892634972,0.0514307176966128,0.0458810995095217,0.0477368442053203,0.0491087810771403,0.0506968446280684,0.0458471943922946,0.0446719145648841,0.0524282028697335,0.0487986817594815,0.0465671887689548,0.0428147377347385,0.0479516063245897,0.0393452463264006,0.0497694906434191,0.0433929345035635,0.038435023244028,0.0414836971467906,0.0455263867399284,0.0548608104767568,0.0422010147983793,0.0459329048228427,0.0514853042269982,0.0445536697178033,0.0451297278985054,0.0429471043188648,0.0389630568531843,0.0459452396320095,0.0485422702049413,0.0399881862820612,0.0439044947207973,0.0427464422315593,0.0481180504202283,0.043576883400494,0.0452998784976202,0.0528890040595647,0.0499126781995275,0.04552960467529,0.0549007183871652,0.0451652379149538,0.0443218612448279,0.0402963255986068,0.0505856438089998,0.0491887395752384,0.0464452822517222,0.0447389475894448,0.0484844475111117,0.0452523802844807,0.0455365370801435,0.0415472016048427,0.0477321083946879,0.0484325148284283,0.0459680177782881,0.038476195039643,0.044375060409643,0.0431961226295306,0.0498331094607063,0.0476456258727801,0.0469085651526413,0.0434848833699536,0.0471166052328336,0.0394122117880674,0.0481031352228375,0.0502174668004578,0.0478118485048356,0.0443998411440662,0.0427250382291534,0.0447899698810823,0.0500138220051521,0.048469350773019,0.0470335526055627,0.0446681326252887,0.0413877836745863,0.0430678851142854,0.0521753369640637,0.0452439910233606,0.0426445228750984,0.0426571712067984,0.0445326884507324,0.0491693884777023,0.05114616664667,0.0478383964206898,0.044137955118623,0.0434505023283957,0.0455863592769555,0.0436842945580599,0.0476889314041171,0.0476671431981376,0.0455966134147046,0.0492685120179159,0.0606662764265499,0.0487533124376651,0.0443072488221592,0.0462410944826849,0.0459418140533058,0.0428767764293193,0.0475365520655462,0.0490705880808599,0.0460715178750727,0.045001723230566,0.0501191107958102,0.0513382390466283
776.262682015076,0.0411575734100879,0.0402447624360638,0.042918394729685,0.0468543227641604,0.0448645619334691,0.0383131049347038,0.0493529734381166,0.0532297506256083,0.0385419888230085,0.0360643647788194,0.0421545015401993,0.0486964602751287,0.0456679349577408,0.0459991584876657,0.0359716972551491,0.0445344022450852,0.0431875467048998,0.0450648661962917,0.0477921981402638,0.0412664595839048,0.0373471979071147,0.0357713297826216,0.0441811994543507,0.0419275048602734,0.048468960075502,0.0455132244683303,0.0380061566883079,0.0430477709532125,0.0463496484378946,0.0441898632779592,0.0412181083036849,0.0442059437257498,0.0403360141532598,0.0484400270918993,0.044635166614892,0.0393243423274432,0.0431753491766915,0.0405521610601506,0.0472073598447846,0.0479641397624659,0.0467796120794171,0.0451163021498185,0.0451326126515895,0.0414508073207952,0.0489638343186787,0.0522720725091063,0.0443847412714395,0.0412868586634809,0.0423169476213282,0.0463675401715605,0.0381809518519878,0.0395577721552511,0.0486603015670313,0.0440472336783986,0.0389206377814217,0.0416039618226884,0.0434847799818,0.0456014126678851,0.036235617894462,0.0411053061760326,0.0455074198071846,0.0430953214945352,0.0418049792662108,0.0458129371062664,0.0497789156266924,0.0473041687449935,0.0497416012159436,0.0451801094735085,0.0368015279839601,0.0489979637766632,0.0462698607396054,0.0477159415398961,0.0388029370791421,0.0424467360899716,0.0435008277830751,0.0456494832341569,0.0407374981158773,0.0469656549739554,0.045743542400617,0.0468047961562974,0.0434243752302886,0.0436605213173971,0.0454191540359119,0.0478075377447149,0.0443633569400539,0.0454666873514535,0.0470983672841513,0.0433118743515126,0.0428208052528955,0.0461211858594536,0.0429056627109452,0.0431803590786255,0.0433641414712581,0.044832403740157,0.0491667100875691,0.0377569093282878,0.0486277085983305,0.0393009468950019,0.0406411910170487,0.045737545070989,0.043056008362373,0.0474827434425597,0.0445967426343029,0.0415372967946053,0.0511814078966668,0.0424011334891632,0.0470286325284662,0.0445117520935664,0.0431095203558771,0.0423154805772562,0.0339713822870168,0.0463275023143725,0.0452401890652157,0.0416192303842638,0.044574219773713
779.524904590552,0.0477883598792855,0.0528855415458477,0.0459121979003909,0.0422381257146165,0.0392091563219972,0.044464386229616,0.0485555561108197,0.0395357629505882,0.051175696262439,0.0515263507471913,0.046153940963023,0.047292625183144,0.050875132841331,0.0457134246831925,0.0443653306445304,0.0540607012276503,0.0445268576505424,0.0453455784963633,0.0395075534871343,0.0453107757163269,0.048442756648105,0.0453016110109545,0.048238798632251,0.0498680165074978,0.0481953916434735,0.0381899480141705,0.042529987406525,0.044918017081853,0.0444567153707097,0.044467914424335,0.0436724582751367,0.0423345238665859,0.0449767803969765,0.0432675615305503,0.0385091882961537,0.049341684266178,0.0467211657951408,0.049494212988731,0.0388181991656531,0.0439520766908729,0.0514975574353316,0.035313911772903,0.0432249683627201,0.0477331844564348,0.0438384975662602,0.0481380779447703,0.0402806785311375,0.0421045934226005,0.0404094306154143,0.0433536706264175,0.0465527863618593,0.0457157654965355,0.0494507234746718,0.0518382349932376,0.050734765417281,0.0429613509269887,0.0448263945090471,0.0512913281070003,0.0436072422237322,0.0451615665899136,0.0495277399988479,0.0422484975420371,0.0393496461538932,0.0498901681342345,0.0511102051853554,0.0486255697662537,0.0494689594743769,0.0497980086687949,0.0448079124118923,0.0508800884384999,0.0470611811413292,0.0409057258192075,0.0434385545148891,0.0394034837368054,0.0475741560490687,0.0491562426466453,0.0490699330960498,0.0505095151718151,0.0443461550293778,0.0470529996647541,0.0458414181751015,0.0455618764216505,0.0445462108934896,0.0431581969477054,0.047296361281238,0.0435170115517835,0.0392234116510988,0.0548061815351754,0.0430654436082043,0.047972635024675,0.0431393720449874,0.0493064002124578,0.0452524644020298,0.043971195701103,0.0548711764040444,0.0468203875241046,0.0417664866225435,0.0476946030084266,0.0507833120179252,0.0398936778907796,0.0400527512878677,0.0434012440495115,0.0431999597598878,0.039079559869472,0.0399455462603431,0.0474431672880405,0.0418338321781539,0.0414166649623446,0.0476965011010121,0.040908800415686,0.0413359940581225,0.0514194054976874,0.0541472650583354,0.0440318066295364,0.052353126457779
782.784739270879,0.0353159300444948,0.0397022423280804,0.0358045237938094,0.0359813165437297,0.0308516485579228,0.0355692801305775,0.0323697088904612,0.0409562427241863,0.0370238721827027,0.0311559907659402,0.034636895778425,0.0425647552287897,0.042866974301138,0.0291507138401546,0.0386403334613332,0.0341735458841684,0.0383381770858087,0.0369311521262288,0.0387192700226844,0.0347601937682563,0.0318701508034047,0.0335271321637948,0.0365310004830393,0.0391741833613201,0.0344687638989335,0.0357221936449365,0.0342146948526637,0.034939112539414,0.0398631709462404,0.0359925154679126,0.0357172977730236,0.0425927770025078,0.0452183554854226,0.0326533804926152,0.0409253061397861,0.0349852805140922,0.040372753444593,0.0324337496330318,0.0320612641753577,0.0361338934197364,0.0400468178563137,0.0408707476846723,0.0413025689990365,0.0425149664930955,0.0386984750325894,0.0324070589173053,0.0405143860833248,0.0305240091518842,0.0341472263024701,0.0321306454344193,0.041344995390846,0.0357219306401844,0.0308597527255002,0.0359110949035641,0.0372243554489341,0.0366746991018081,0.0374636960581389,0.0405954067847569,0.0345257678360835,0.0377528173912799,0.0335521194447607,0.0322670065050024,0.0444333913514683,0.0370110850583839,0.0373558695324577,0.0337873092212118,0.0360123218542174,0.044012009563631,0.0433730249736468,0.0390849667714477,0.040200200240712,0.0378817651108628,0.0376287763312007,0.0330616302820588,0.0379546485944597,0.0303758156725866,0.0352381862505349,0.0325621670852081,0.0325749035868324,0.0369270000055623,0.0395635186532496,0.0397297166305159,0.0326978708543534,0.037953183762736,0.0274466906035486,0.0355389040919675,0.0351168361166822,0.0362623746980886,0.0320278863865653,0.0331713762571872,0.0288944582599651,0.0340080130691076,0.038866473094165,0.04090793517025,0.0386039720644861,0.0238454238254835,0.0343436430893004,0.0326714796885989,0.0361588514144875,0.0390196666417631,0.0397393658320671,0.033352265152603,0.0324655817624707,0.0333775741898735,0.0379760361940757,0.0342595356093292,0.0339115245223507,0.0361067255687609,0.0304224218569965,0.0394869565483945,0.0349786721903766,0.0306238844635665,0.0364456546643093,0.0404192647803982,0.0401674031191532
786.042188506305,0.0450990564564081,0.0517751179917019,0.0442209029958919,0.0356706237633195,0.0407522604228443,0.0352489971690738,0.0389648026245342,0.0380393846733373,0.0453450142362233,0.0422461395369378,0.0375370899592212,0.0433358615332004,0.0474933001677999,0.0353406501029914,0.0404948116560294,0.0409476684710596,0.0364283818463004,0.0344691377462203,0.0336242961820586,0.0409349843856699,0.0385980799737682,0.040297701108877,0.0345848226962389,0.0416084647741277,0.0449162961511725,0.0391923558836313,0.0360373960185379,0.0394696661486038,0.0325691585821032,0.0417014819875513,0.0425178377129957,0.0390837332800087,0.0405128657847874,0.0453603085752863,0.0411875107654324,0.03793573099772,0.0433394478946346,0.0402626197366278,0.0379224610155745,0.0380492606306837,0.0386070750344758,0.0352802368113588,0.0382829175675841,0.046580044282133,0.0405564169863898,0.0387222658063787,0.0412773743134482,0.0404652679662887,0.0311251124083202,0.0416517456906996,0.0393782426856746,0.0440019314923962,0.0434561805393569,0.0431337633344024,0.0347032281424119,0.0401824576809868,0.0382330661127553,0.0468020230014002,0.0451550903647732,0.0428702609196898,0.0461834933783249,0.0399740057957073,0.0408689277820651,0.0394191396608468,0.0451162269400427,0.0388468175665831,0.0384528734822221,0.0409455411879506,0.0369328108257356,0.044762607149652,0.037688715610476,0.0446175706744844,0.0350981272839069,0.0381974183837514,0.0359796584799059,0.0403715710222059,0.0451616206569556,0.0443359080187058,0.0322382867447096,0.0436885834528581,0.0381535660419947,0.0349853303044545,0.0312475727372929,0.0386826509823299,0.0395661635070295,0.0351996449091685,0.039102555382031,0.0455824171978159,0.0429740507805728,0.0392866559881279,0.0398130973188248,0.0395692761696657,0.0451299415345727,0.0372830746459437,0.0360447896574232,0.033983406438789,0.0383824851714893,0.0388584602112024,0.0363699992075241,0.0403462257514209,0.0388704458259028,0.0384399775138369,0.0392643527346673,0.0416558081246393,0.0381755929332903,0.0365941982895024,0.0357381274472943,0.0450813865148697,0.0338875240941315,0.0440682021724925,0.0401200392176738,0.0399979728802296,0.0371820841827468,0.038977422527929,0.0382114342205696
789.297254743676,0.0310071050148325,0.0229690304945566,0.0291760641302226,0.0272168284327669,0.0345151128977354,0.0279352550974998,0.0338826552505757,0.0394306450660991,0.0279517512633838,0.0305286409815702,0.0366807158460645,0.0325118082606084,0.0345046289866125,0.0344691929517862,0.0325705445503101,0.03572986638583,0.0339675878865257,0.0325347192471901,0.0424640777894547,0.029815159342287,0.0312136084074397,0.0344979804766507,0.0320810363134365,0.0275992046687584,0.0354607052079874,0.0329079177021658,0.0314334418529421,0.0326892866189781,0.0343937278614449,0.035380486217518,0.0339855662170443,0.0398490545320974,0.034696606301968,0.0298327417456236,0.0269953726846032,0.0332931742124824,0.0413517175877995,0.0323758939530118,0.0245432338221694,0.0361587980284898,0.0310251536055833,0.0349766845852968,0.0265876704814975,0.0413325797936623,0.0353874522156424,0.0400590564892981,0.0257029777650988,0.0320859521580785,0.0291733391820308,0.0336771249554348,0.0298007277073949,0.0350545996655525,0.0345196473924815,0.0347192407905372,0.0404204928557863,0.0311419414192138,0.0264966825954111,0.041534470168403,0.0349481224466933,0.0414302464592598,0.0323388462064536,0.0337184884433354,0.0335126346640953,0.0292431509150012,0.0291794507399062,0.0374339846885112,0.0293558252965847,0.0367711227282264,0.0332500618535675,0.031844901559298,0.0346171070485716,0.0328755576502056,0.0325529022320498,0.0351095350497968,0.0328956091658742,0.0297101130835805,0.0334613949995962,0.032966736525057,0.0362487363439988,0.0291716003826109,0.0367291172688715,0.0340854693797407,0.0347151294705594,0.0350709003550406,0.037034690301505,0.0266455083290907,0.033345163299728,0.0302259244230019,0.0351266805884371,0.0400202525688435,0.0437532470708461,0.0397635934135295,0.0370625516889289,0.0347370660070209,0.0307262974992003,0.0341684137363712,0.045139045844447,0.0352346716001285,0.0338159996609106,0.0350113166071939,0.0250048633067766,0.0283613156587294,0.0372742048475298,0.033233575598858,0.029625243301625,0.0292733455632171,0.0315828420732059,0.0413919330657459,0.0313303605750824,0.0294860681435989,0.0375707518171848,0.0299530384488539,0.0351902375071839,0.0320571347441966,0.0340841612753541
792.549940426439,0.0423524254561676,0.0484544027053131,0.0462872016483314,0.0404245025984187,0.0443866278132957,0.0501334773925207,0.0441599452794179,0.0548561470233176,0.0539129970647835,0.0529853670787537,0.0523799932388663,0.0481413216291214,0.0462505957250322,0.0438829223272161,0.0452448195394858,0.0457409549957706,0.0432993400465014,0.0463179423341522,0.0496800043551403,0.0424410229297614,0.0503832790935104,0.0510648083363199,0.0442272818264999,0.0447900041054401,0.0426541503958282,0.0547478634175423,0.0449829927319519,0.0522530684097064,0.0426509066588088,0.0487055035158432,0.0489623590996265,0.0454249862283095,0.046950454120571,0.0490231090921243,0.0464817189546207,0.051912116774566,0.0541677344804673,0.0455889887299701,0.0479511063701737,0.0477932452825128,0.048493827464336,0.052153326182678,0.0473573445856572,0.0442748196081961,0.0474657887155389,0.0452419982194471,0.0536413258176957,0.0457671818008372,0.048363580827939,0.0502709230526438,0.0511370026172115,0.044381395760197,0.0422457636499608,0.051609659201336,0.0488742294132503,0.0460647474129624,0.0457030348101386,0.0417098609282833,0.0477398605559094,0.0416116883431995,0.0514217315850618,0.0462246764835466,0.0488041337228567,0.0436450305163936,0.0503665505178784,0.0467703445109027,0.0443867398291872,0.0424249654111208,0.053394957537041,0.0522484245305282,0.040259521418694,0.0531579695977716,0.0541481556731799,0.0599174841548255,0.0440216644387814,0.0423928695892801,0.0455166427221372,0.0447109318529587,0.0456968194251783,0.0457185394027792,0.0461405122186155,0.0530185995762501,0.0420046224305941,0.0552414469886823,0.0458730139708126,0.0443178102828221,0.0378422431673674,0.0454142060587284,0.0530191388201365,0.0461063411344888,0.0466077845682231,0.0463663822335267,0.0504548657370088,0.0518601745369768,0.0462520253229685,0.0509027959505778,0.0469623692167692,0.0522770580999048,0.0537983052093141,0.049601651577272,0.0479078571131403,0.0507357632772622,0.0478820898604052,0.0441744530473932,0.0445365394635701,0.0578244910158575,0.0496530382143052,0.0448376808644285,0.0440511237107705,0.0542804456245989,0.0525514377529843,0.0473829630466355,0.0456666946822904,0.0387817757489017,0.0504314039159059
795.80024799466,0.0520929871409006,0.0524177798119951,0.0535690493922206,0.0547016515304349,0.0526315013654703,0.0454753587906413,0.0464711806197402,0.0551381071811843,0.0466642864446457,0.0515493739002847,0.0525633761092499,0.0560359821881229,0.0464317960403373,0.0462355451900886,0.0443434978561585,0.0535598565036858,0.049933703170769,0.0562890908452917,0.0445420375025204,0.0545126322064433,0.0435120273989022,0.0506945543441617,0.0531005876142271,0.0488233122648873,0.0546711300376764,0.0495174470719129,0.0510374814604678,0.0416787232353551,0.0530430550368198,0.0483624487249727,0.0535302375991485,0.0536672690516499,0.0498735137961641,0.0492050363157073,0.0547228595414527,0.0466992048407412,0.0499552755695263,0.0479593910753894,0.0477245433131897,0.0523726676143199,0.0442243068218515,0.0465200866822219,0.0524145427717163,0.0575946754054042,0.0584511697517515,0.0526166595621741,0.0500080333947726,0.0502811452306731,0.0447556081090935,0.0504618587919099,0.0512978692263237,0.0526181152704167,0.0461920292828502,0.0534018860309689,0.0529118914577285,0.0359057818396659,0.0464297707888224,0.0462369223080655,0.0544898656647754,0.0439599828177058,0.0548295044662184,0.0495967820702469,0.0570666138931019,0.0432771724949474,0.0516244720138723,0.0469438053916569,0.0456855553569242,0.0453307353971643,0.0530096876488454,0.0425806292520794,0.0578892900775215,0.0479034170366061,0.0477313865859267,0.0573478459947523,0.0518505285780985,0.0420238631845424,0.0543162125645126,0.0465285496020714,0.050223714357231,0.0437133651434664,0.052825154238995,0.0526410555697999,0.0564044016308145,0.0440293617533938,0.051986788190113,0.049948732443896,0.046108288153945,0.0461126737631247,0.0488990751761197,0.0505679495499847,0.0569481096470861,0.0577720728588782,0.0478647490717309,0.0558464593619745,0.0524317515974505,0.0422248698783717,0.049864185114613,0.0584205141311375,0.0517647690533792,0.0564230436605936,0.0599781828057427,0.0482038068657595,0.0491529709919026,0.0486420958229198,0.0490603557337339,0.0520820588305554,0.0595718620790559,0.0488190571578642,0.052934539044967,0.0560820351734467,0.0483280640898688,0.0524012678666409,0.0517869821901614,0.0515022060739313,0.0484321501729562
799.048179885027,0.0538660609054065,0.0526029144030535,0.0564744022907547,0.0570428412588424,0.0522631799767416,0.0622768718330846,0.0609613820889955,0.054325303309752,0.0613537085510938,0.0533549694993766,0.0538013881920857,0.0578502218339238,0.0564981235827677,0.0529108070673615,0.0542769340471514,0.051564924866264,0.0517241386316312,0.0553958510891614,0.0469011560635701,0.0536100722443169,0.0556041582501449,0.051947486182276,0.0559854688703599,0.0479136610566597,0.051085654006054,0.0491432706050095,0.0490626982397756,0.0536833382527568,0.053214174586772,0.0529200616068567,0.0553482806070229,0.057070626359287,0.0538783297609006,0.0591413567063731,0.0501145046467773,0.0577111328837617,0.0545096905458883,0.053022275682087,0.0513280966072115,0.0563961827391639,0.0471813264773479,0.053596118961963,0.0504205352918043,0.0512105452110017,0.0516215923627584,0.0528072347732721,0.0485368805566651,0.0537041804598399,0.059577582151011,0.0577403660083293,0.0492743784072081,0.0516964176508256,0.0517382317097573,0.0514089829901864,0.0525336245563774,0.0518902210302036,0.0482287912784322,0.0512958387139592,0.0530065361264071,0.0571993006050655,0.0517428324049723,0.0556370790433723,0.0512856570571413,0.0538250674646158,0.0501769675523971,0.0535613995924811,0.0579438685909745,0.0465821824713028,0.0642539298817212,0.0514791679565405,0.0575024213602533,0.0529522522333767,0.0528289618460641,0.0514803425292539,0.0503641580235156,0.047616142147165,0.0571591153618375,0.0532877827717802,0.0536460290867113,0.0580511277673917,0.0556981658996457,0.0500439442371283,0.0570893408297276,0.0501098612049101,0.0537498672243037,0.0517386964221269,0.0597648633717878,0.0500136920059138,0.046374610219605,0.0475015050774882,0.052810521773655,0.052035971201338,0.0540703331669535,0.055444355588169,0.0580482773712955,0.0484402281837686,0.0522051192558395,0.052576722375226,0.052466818508593,0.0532600870438545,0.044988208328201,0.0440341366141483,0.0526029695989938,0.0514809879578085,0.0508402211667521,0.0484680982600173,0.0526603024549134,0.0527862342281544,0.0525191959956524,0.0534923973761168,0.0528626211016153,0.0536322316526071,0.0578930847098562,0.0450851730133982,0.0528889550877196
802.293738530839,0.0423693982009438,0.0436331002731667,0.0359191197810682,0.0447387205212273,0.041132057381256,0.0366538862010745,0.0415095237948591,0.0399902447699034,0.0465813717054207,0.0421218046919174,0.0416619123168707,0.0508270464764868,0.0429001268674003,0.0438520251319201,0.0511775094413776,0.0397563094005831,0.0454507694846803,0.0414683859237332,0.0444177969342375,0.0483735256516145,0.0384023414991333,0.0471813484140652,0.0458214419271752,0.0398706933085983,0.0442610543035916,0.0525432240812603,0.0379900921258317,0.046308669828009,0.0437016301170577,0.0465405706784501,0.0401929004374538,0.0384799561957667,0.0463605635440561,0.0538683628329317,0.0449573809708611,0.0394784472369202,0.0447800972056856,0.0439943497377012,0.0395368249441182,0.0392838477303362,0.0439967643730866,0.0495255099184837,0.0408341470811632,0.0415308016340515,0.0474753097159512,0.0402986054232737,0.0481398313119763,0.0474218170014098,0.0418370900411577,0.0436997213501403,0.0483222603448204,0.0453817412254171,0.0492011516184116,0.0494020697841089,0.0466391618091779,0.0357088587955784,0.04458298427257,0.0459725776515004,0.0438379555645675,0.0382549163539831,0.041081799846114,0.0434237517323193,0.0417134598359664,0.0468710258784216,0.0390270913377611,0.0424056795608131,0.037265907154341,0.0374305943752916,0.041106427209162,0.0423294343564408,0.0456454167339342,0.0492984475704403,0.0359535325154109,0.0368424941978549,0.04339245679243,0.0412433965346407,0.0427007442429096,0.0424113726090982,0.0466953550471949,0.0402062325048768,0.0449945115133796,0.0391628788629046,0.0391272847384235,0.0388697079745706,0.0468256262346773,0.0360207114289391,0.0458433406673077,0.0404974386327491,0.0497382473535173,0.0369071565874837,0.0486591602616697,0.0398630242899137,0.0387875598509961,0.0501072425765979,0.040596187106275,0.0320042213839665,0.0457877058082869,0.0483515518706488,0.0460040901414562,0.0473134623285274,0.0462121057619963,0.0441793190065751,0.0445227385456146,0.0462321468427687,0.0449626752483745,0.0394841259602306,0.0403098973470694,0.0440898890437281,0.037343690982893,0.049247184823894,0.050255383844725,0.0392178095325882,0.0433614062789475,0.0419323295112543,0.0422346477385754
805.536926362046,0.0382824641940095,0.0389506209946873,0.0415224964968217,0.0465100840561224,0.0396609289660471,0.0416171427416401,0.0331766670895585,0.0434723341637695,0.0366141143926043,0.0379293113266759,0.0418024562661565,0.0410323290803359,0.0391875613657806,0.0402003233002136,0.0372151698035368,0.0404551111475864,0.039163788337706,0.0345792178577476,0.0429937041212893,0.0447431647085084,0.0445019500552554,0.0358504068974016,0.0334711595274571,0.0416709648099784,0.0422604230592313,0.0451070348746024,0.0397280889824292,0.044299553494557,0.0406222663035952,0.0456081794185608,0.0343234532315823,0.0402474113200747,0.0421169332912949,0.0377277443883633,0.0328339413568705,0.0363882858988186,0.0372316693219148,0.0376592021480849,0.0409138643046925,0.0351554278130313,0.0424689292107821,0.0449110939063991,0.0377298675448901,0.0394944034367551,0.0470913119436042,0.04211571551464,0.0275974895928391,0.0357415087411633,0.0408994139543012,0.0383857972044779,0.0413878925845041,0.0369016275060189,0.038042970171606,0.0355296629815127,0.035228654051195,0.0380419295936534,0.0349493907040382,0.036270082366927,0.0406826666982009,0.0345638562973137,0.0439077651774874,0.0322695302147061,0.0391417945169768,0.0333451355860789,0.0364750777043506,0.0371562114052475,0.0385217163694873,0.0337334166747216,0.041787176644716,0.0446419748422456,0.0392298478860707,0.0396573187073142,0.0399253153275305,0.033135915952587,0.0424248394319763,0.0397457759228971,0.0406536924486852,0.0419835590636131,0.0348239340496268,0.0403402626585436,0.0424147354790665,0.0376402895417482,0.0430728493088186,0.0378915868013945,0.0388035574457188,0.0328626269266097,0.0313674560068205,0.0411536910203633,0.0369917879774031,0.0397164085457824,0.0380657294015094,0.0383810493781085,0.0356045132850728,0.0436626480405886,0.0412443401601733,0.0415043765376564,0.0349841569562128,0.0468336072853349,0.0439273324239012,0.0335983395281755,0.0468813342357819,0.0432282109339929,0.0457508583702693,0.0339722409989679,0.0374333862047027,0.0385206914045548,0.0447611097820299,0.0386795054369022,0.0401774839149123,0.0389697428316154,0.0377651459605257,0.0291014746899073,0.0374995176803267,0.0431365773146069,0.036958325583603
808.777745805219,0.038954204274172,0.0439324750707004,0.0454761499577969,0.0412230185556636,0.0473125013960652,0.0428088627367492,0.0428546148064661,0.0501827534328191,0.0405541629898079,0.0413203194473136,0.0446016580703765,0.0433547965716431,0.0437105952428701,0.04412414902271,0.0411398627220235,0.0449508615648689,0.0414500531254732,0.0406959501581416,0.0420925131784859,0.0432591364574725,0.0381166920340749,0.0408820139106419,0.0390303843638468,0.0440049788922847,0.0370209596443589,0.0490210325559608,0.0441242147962962,0.0455044201739747,0.0482740103328508,0.0479384952706975,0.0453990154643717,0.0430734864374436,0.0427916480504547,0.0470800268438413,0.0442283668525534,0.0451929633022809,0.0411947295030254,0.0415965936383617,0.0356849876973414,0.044552644390074,0.0431549820377762,0.041343416660661,0.0416491601815193,0.0396320874301175,0.0477726232142057,0.0395068117389876,0.044039536774597,0.0375078571991407,0.044830269577837,0.0456227346285344,0.0425789539201524,0.0429310828240231,0.044086124359773,0.0421145318269073,0.0480134332353072,0.0349119021546581,0.0383368094599565,0.0500196379589444,0.036965586542372,0.040128494020242,0.0413197838352514,0.044705888791574,0.0419520631766674,0.0411188706467604,0.0446740219513013,0.0421184831210068,0.0463478733322312,0.0404120217339808,0.0435628641721426,0.0403828055635573,0.0377103277601965,0.0484655148355129,0.0455303236320864,0.0430970663421214,0.0441788061356075,0.0393208441937352,0.040753806108852,0.0365857757743285,0.0463827739544563,0.0420963724876496,0.0463314509955213,0.0449250008557668,0.0415245129733167,0.0363589624495787,0.0388994351309551,0.0411712147550628,0.0422799733829663,0.0428684196824148,0.0349626221644178,0.039828362999545,0.0413870990021525,0.0390263541208145,0.037913875618773,0.0454057795070649,0.0457210653095089,0.0449173441523302,0.0460269751394936,0.0387711498671595,0.0319359584341326,0.0403630904226584,0.0432095613759005,0.0455099918628634,0.0458682616310564,0.0432292069234529,0.0419014040442878,0.0396861600975042,0.034009734750973,0.0321554167906189,0.038082205053522,0.0401674358915025,0.0362263673684584,0.0480777592454708,0.0408502904264401,0.0410487689533484,0.0429911415794692
812.016199283575,0.0390823726377561,0.0376090842878337,0.042872839022792,0.0456765368382465,0.0431268349279929,0.03432392408728,0.0408563353204156,0.0471536789460289,0.0439454067263772,0.0441547321161522,0.051128723536266,0.0429060241375764,0.0471194942954426,0.0512870378330327,0.045050915097862,0.0467107467920906,0.0431863215522712,0.0408313583296152,0.0476159681017211,0.0433815836637818,0.0403932447398514,0.0420785431347128,0.0369723910933849,0.0397537428576697,0.0376808134411475,0.0502160719451058,0.0431633883243591,0.0466958459465955,0.0462425176509474,0.0497087210313385,0.0449722719690054,0.0426695147846533,0.0500289192469846,0.0395953593782111,0.044913109814195,0.039368700643023,0.0495345886136277,0.0498512614925584,0.0381318337838248,0.0431044939314777,0.0415989824258461,0.0457143678368077,0.0509682096131726,0.0403031767924358,0.0452039964073166,0.0495693601552396,0.0425129482233099,0.0365686122404374,0.0449502204809804,0.0386426774388022,0.0399584453083234,0.0441058980977358,0.0463501449020735,0.040605171263427,0.0431779026113918,0.0426673341322796,0.0417108773898151,0.0446561103626448,0.0414538320168184,0.0402271898448727,0.0446586533566046,0.0485453563512842,0.0447486018823902,0.0423210483706652,0.0426327950682543,0.0406094141744518,0.0387965708335751,0.0399688449481483,0.0414433682703132,0.0464932274347038,0.0421780611091155,0.043684209585704,0.0412402219871285,0.050308209070435,0.0481073977093643,0.0443145543041321,0.042461005812541,0.0449408938304214,0.0377553082813492,0.040022378228545,0.0431820564699442,0.0395156290907043,0.0416068540005317,0.0375169848211132,0.0449450203790072,0.0423593202120302,0.0364242731751021,0.0440333869139817,0.045260526653916,0.0485138990347357,0.0446951270055931,0.0439400430620991,0.0479182837598493,0.0444014192087489,0.0424992740560285,0.0356177174564483,0.0466723712027027,0.0426680994795562,0.0474320416191792,0.0421290733409612,0.045474510698056,0.0407433575364141,0.039391299648272,0.0443988739928673,0.0414422344290872,0.0451231419241163,0.0498243134708307,0.0404670980211215,0.0474426569381444,0.045181005319791,0.0445426520872736,0.0438629815548966,0.0463583852215038,0.044957479459616,0.0457753080308338
815.25228921698,0.0301832916146329,0.0339604140832335,0.0320769177164814,0.0322339433330956,0.0281789560102369,0.0311940605736617,0.0393749217244554,0.037627249625896,0.0317963174636233,0.0388351338657514,0.033588329140471,0.0374804489028748,0.028514664216175,0.0302487069357286,0.0364721435263193,0.0310357518903108,0.0282726466761426,0.0333581011264909,0.0332752726992643,0.0262105765418783,0.0328963197998457,0.0367107135245028,0.0283835754325521,0.0278221545905344,0.0248890660117763,0.031917378715965,0.0282961833734583,0.0360395594294771,0.0259323629838205,0.0334426834017479,0.0275727070131664,0.0358190327366831,0.0336877387777098,0.0337254245196703,0.029005429836745,0.036778697933704,0.0282236915553763,0.0331876875732513,0.0323251956938538,0.0356853519334267,0.0327879801147754,0.0288666979407605,0.0272533754167174,0.0294751241495619,0.0323730684397862,0.0292844454634023,0.0377083212917914,0.0334623305783665,0.0260701480525933,0.0371120581441616,0.034611707032229,0.028592447865937,0.0356897790270009,0.0250759160918777,0.0317263556776756,0.0340610130339381,0.0385544832566953,0.0300024045899376,0.0294904472211514,0.0272265717624633,0.0290830908571522,0.0319859477382447,0.0318837036016275,0.0254753868704655,0.0330427331637005,0.0337054853169368,0.0312315275158531,0.0389656706585525,0.0337654159011777,0.0340094818670901,0.0319030708672147,0.0291147874162749,0.0330938856728271,0.0285008658934037,0.0334206629401423,0.0319115656703168,0.0398329506374475,0.025198273424324,0.0302048341872716,0.024849470587118,0.0324241893715657,0.0274768592467009,0.035647552557896,0.0321716233460604,0.0271251838889467,0.0276801242798174,0.0359598276387586,0.0403597149406886,0.0356929542364225,0.0324976672268039,0.0367401868594787,0.0349241109827875,0.0347830622036553,0.0313546573556243,0.0348726123453487,0.0301695260026079,0.0298158972952652,0.032401633589326,0.0315627021776291,0.0300342485561859,0.0325802453516203,0.0300107162724711,0.031255540098541,0.0374813843098071,0.0360560242949277,0.0344783655406591,0.0298236295041778,0.0350159047336005,0.0365819859635736,0.0343149813227555,0.0325592270312726,0.0315495297922823,0.0258019993357537,0.0330077304153573,0.0264395755386639
818.486018021954,0.0324061770633482,0.0292228154131048,0.0332633463579753,0.026906530672989,0.0298783444141508,0.0301983617399205,0.0346996219835033,0.0264666012560016,0.0298070486097538,0.0297031419779284,0.0352774119376683,0.0287325108174389,0.0241958158378867,0.0352169274107136,0.0273375767148669,0.0360349627277397,0.0299826900957285,0.0340087211277264,0.0323341283683799,0.0279264024711319,0.0291815314713064,0.0329669617701823,0.0186953331984735,0.0306630226327798,0.0335852802426451,0.0233459244195925,0.0331866812380809,0.0312873287599579,0.0303215410548022,0.0373699828210676,0.0309480616815879,0.0300276025397182,0.0354178484269542,0.0256715226823531,0.025919894305466,0.0244317948528286,0.0332432436902896,0.0305869050325644,0.0270538312548239,0.0304190811634038,0.0289763719801298,0.0348016997551729,0.0354633037305857,0.030666518221621,0.0351723187721818,0.0293926429625228,0.0290817132713919,0.0314196340894658,0.0272483072961455,0.02191102681145,0.0352204410204988,0.0340437866857239,0.028782070396303,0.0283882355213145,0.0340166008749747,0.0319808633141873,0.0277815638737343,0.0278870073284944,0.0268285526817122,0.0316608525395637,0.0329354409212078,0.0261425139378781,0.028717831552551,0.0282902961565147,0.0320511153009088,0.030017535695276,0.0313346718289384,0.0368558391758444,0.0288462739905893,0.0247912716282123,0.0243424510194172,0.0340811888354208,0.0304240377096192,0.0329487420432776,0.0274741447665303,0.0276436398665069,0.0339502402797544,0.0313235483698007,0.0215506634727595,0.0341988500170448,0.0352158734631565,0.0258997929604015,0.0296751211725138,0.0322213704502663,0.035312887991911,0.0343083754846882,0.0246726443560577,0.03452819051762,0.0298680242541207,0.0331058313688067,0.0303793040880463,0.0333882915076353,0.0342987767141281,0.0319637435270989,0.0305260523613448,0.0236037537223775,0.0358992479228335,0.0291968131108986,0.0437311484295373,0.0328808739266636,0.0288685412969429,0.0360396258534176,0.030235202571581,0.0294742680311358,0.0301105709773733,0.0329259363960322,0.0331345163248459,0.0295514072596815,0.0306234804528057,0.0289064329496927,0.0244001802179095,0.031619874061124,0.0356251731398966,0.0341577073085729,0.0286578872515122
821.717388111677,0.0452209359875988,0.0416777313237333,0.04697754036967,0.0470352040033054,0.0396261398611406,0.0415369784457006,0.0480357098101303,0.0531161075490477,0.0508277498784276,0.0471491588018035,0.0487127259563666,0.0497480796194472,0.0446129682133708,0.0504716362983069,0.0420575606785264,0.0426540598915665,0.0434865701005993,0.0454958499142896,0.0447926790736465,0.0388091694666783,0.0422622731978459,0.0455863532292158,0.0404952897362962,0.0389668544713007,0.0395807766184927,0.0418178826266583,0.0455450209734079,0.0421219972922135,0.0492029595710384,0.0451067187059542,0.0425159561952428,0.0445950096970363,0.044258977062032,0.0463672467464955,0.0415395286023926,0.0450911915708711,0.0486772169316876,0.054501288236895,0.0442894097251117,0.0462611631629281,0.0418615412475543,0.0386032038385136,0.0414949306627176,0.0433305655321094,0.0541413200554633,0.0372089909052958,0.0454700827498355,0.0363632094141178,0.0457724775037157,0.0400202837416447,0.0450403777424887,0.0405578112516464,0.0460698054657897,0.0446164669296263,0.0450969240755537,0.0429663943172614,0.0474095718886875,0.0394014776817642,0.0471666856336685,0.0431704073063107,0.0421750449627746,0.0460360846975837,0.0465823360912093,0.044207967402226,0.0428875140872754,0.040847244737533,0.0522749278527388,0.0467627784339244,0.0472016456748219,0.0428842393621018,0.0467728190002332,0.0406634640083433,0.0486021296795417,0.0423087332222832,0.0417572488502544,0.0478076954843036,0.0410198030755242,0.0401888063283003,0.0445054653402703,0.0418994955295689,0.0434196092314047,0.0375411821903845,0.0456110327876858,0.0436155473712777,0.0407772012796493,0.037096697505359,0.0458005721813803,0.0415505395579325,0.0428091321769735,0.0476550315504498,0.0357909811858231,0.0414736878620807,0.0404087340709564,0.0391208398036932,0.0404380592567405,0.0402142302243209,0.0414227562019197,0.0406729830943237,0.0437854637018562,0.0467918946217274,0.0424534161947854,0.045302015304437,0.049491548574447,0.0424463357882743,0.0405306590965916,0.0479646258746233,0.0429412791985398,0.0400230804108685,0.046498094278602,0.0442743176672958,0.0381586027482224,0.0429961443604349,0.0481488441238117,0.045129289467455,0.0470385658780979
824.946401895993,0.0352226607757389,0.0347627159674134,0.0377774026467764,0.0492682081175498,0.0337752173845849,0.0389047777792184,0.0353826862179766,0.0349051252239891,0.0466710451570058,0.0347342874638805,0.0428917786395886,0.0426272939490762,0.0331169697382251,0.0413200897459818,0.0361514264241273,0.0470822967336872,0.0403409352021068,0.0396098201535031,0.0406065679685671,0.0356389308372667,0.0379789169676472,0.0379946849512895,0.0400142406166146,0.0445194081052922,0.0375004015251312,0.0375497855190456,0.0407913214335146,0.0384197477462068,0.0379872248534817,0.0375383117377021,0.0414880073273493,0.044674819491418,0.0388384543539141,0.0410008366623396,0.0416367897110952,0.0435439754435783,0.0404980529697026,0.0372558333648156,0.0351454389302628,0.0350110260965683,0.044150091437485,0.0386809481320579,0.0458897201482738,0.0379326168529582,0.0450474604769371,0.0411515843919717,0.0476990369071237,0.0353712873564069,0.0404147945747224,0.0357188478816832,0.0488789351296983,0.0406040839626372,0.037522440018619,0.0435929749637088,0.0319550431900274,0.0397703931542947,0.0393264719266746,0.0438090373204703,0.0417387208636407,0.0415810799618115,0.0335807121880498,0.0401666167974777,0.0369150593469965,0.0382527592176237,0.0467137541421519,0.0452061879539065,0.042474745462278,0.0386124378927188,0.0411468748792389,0.0363721109210283,0.0380950146779421,0.037458057595079,0.0387695118457344,0.0418048867006606,0.0341428280508027,0.0380812933487545,0.0324098037101368,0.0396794924010636,0.0374607939035537,0.0326850290857215,0.0364201684173562,0.0408996511342946,0.035228508147919,0.0452617748510787,0.0429761706166141,0.0404187190176084,0.0404323816495137,0.0356927696728635,0.0364217410338599,0.0369662015193329,0.0363685636786562,0.0334889409140204,0.0338413204452015,0.0424375005703608,0.0366140700790927,0.0402478027202748,0.0332703909499179,0.0390746396280771,0.0372260796083484,0.032441493858194,0.0365521098052007,0.0383173855643778,0.0446059723415905,0.0430255976071234,0.0367428936608607,0.0426370592923335,0.0435131143429174,0.0350823958778466,0.0388750980526298,0.041574653952674,0.0371004770338356,0.034954998677987,0.0378648490921359,0.044067497892887,0.0379079522096069
828.173061781417,0.0421794110248044,0.0396636605021912,0.0340168781369159,0.0308961909024379,0.0327483661309802,0.0303545416556732,0.0338496744412089,0.0280283283761482,0.0360766710370983,0.0380440638258751,0.0354541528123775,0.0277731726188987,0.0331574413502544,0.0305296418792893,0.0361993214901351,0.0340762415470937,0.0328893323288076,0.0375081420123146,0.0321156469207482,0.0319158855217752,0.0282604221631201,0.0314816558832244,0.0330029469030073,0.0314396718363139,0.0300319493885413,0.0256933124413508,0.0349561778250651,0.0293254997835436,0.027296211462448,0.0359641775551381,0.0273172981890404,0.0329476803897004,0.0317609112779704,0.0377924309945384,0.0347687422609245,0.0268272522799355,0.0312080964278856,0.0335322145810557,0.0331286425172281,0.0269973603991286,0.0336141244467153,0.0366254777504165,0.0372800755764764,0.0265055137853329,0.0375591967989282,0.0290869883010156,0.0308719005581396,0.0305976636901217,0.0301619892861871,0.0379600016350211,0.0288305409992079,0.0341827505417839,0.0381078056699642,0.0323211387987522,0.0331056057380517,0.0245727958984206,0.0334031570718232,0.0367441570545714,0.0384895251675116,0.0356170364438453,0.0319940148724184,0.0316020524268839,0.0304722789054566,0.029552203335814,0.0273828446848905,0.0296402924004697,0.0359536086888082,0.034823907264672,0.0345245162402958,0.0303935149575136,0.0315864893913345,0.0369548823667398,0.0278261212206558,0.035815453118177,0.039645928085412,0.0288852313907799,0.0297294323006452,0.0226370703881119,0.0298580744219823,0.0310910738891437,0.0326630299394528,0.0387319496577125,0.0270254253235294,0.0371601967574477,0.0278154472458124,0.0333408777987828,0.0253228344602796,0.0303582252269378,0.0375332366328979,0.04021870118702,0.0331836013566256,0.0399428576849407,0.033317822940815,0.0255108291095083,0.0377173753608924,0.0248088759555741,0.0300235529714105,0.0331095862866395,0.0268032909429269,0.0358024257258987,0.0311789957335158,0.0275318543264508,0.0276429791394365,0.0312121955459515,0.0291205890108963,0.033547486007285,0.0310530440435969,0.038928483485876,0.0301470036984667,0.0339380011145688,0.0349327298410888,0.0317519703433956,0.0226834288967335,0.0342507478483238,0.0282253338875477
831.397370171139,0.0395793845207606,0.0407878403829745,0.0340603172201003,0.0477348844996779,0.0403077981819995,0.0448759060599265,0.043436818431901,0.0389698404620452,0.045815616948056,0.0532798592439695,0.0381596160889381,0.0388230113173236,0.0375846213343976,0.0349047959084285,0.045456087484705,0.0417449855999936,0.0361586557421897,0.0429884383124805,0.0397073990266001,0.0373602174374091,0.0418445230133698,0.0440616451005878,0.0368415509871505,0.0407997470161072,0.0424394576353864,0.0511620883418607,0.0472762744403202,0.036894438270416,0.0407678769662441,0.0392921937719768,0.0372045034961047,0.0351465967000019,0.038919099879833,0.0367421741671982,0.0455366870646423,0.0474477119628482,0.0378213437146293,0.0465789821581074,0.0415348961800472,0.0433419682921331,0.0397753876957576,0.050991642286647,0.0411082254109658,0.0451474781543374,0.0440834169512809,0.0434828784786104,0.0401483655463876,0.0462710720561876,0.0388830521790458,0.043466176975484,0.0424106658546497,0.039044616194307,0.0462121533064119,0.0447398589378017,0.042496481524702,0.0376998274867529,0.042131172334427,0.0356696595537042,0.0401589233321348,0.0454527230391943,0.044975532606239,0.04019156866744,0.0445207372500371,0.0432452908931449,0.0419481386783968,0.0425848681349072,0.0480752326994898,0.0446929886241346,0.0456323776518084,0.042436236969914,0.0474319827567701,0.0424122848469156,0.0415739314526903,0.0418529953698389,0.0385708160954521,0.0376028768933838,0.0378408686033588,0.0479831881042837,0.0435058069901239,0.043660569200158,0.0467961029653658,0.0387567233226781,0.0374429211987407,0.0441893275408318,0.0424575176009423,0.0382774224726433,0.0437097816218316,0.0459199110496929,0.0429244942384161,0.0439951387346403,0.0407002265205885,0.0437079145035522,0.0410408764071011,0.0441113204410716,0.0349654680122159,0.0391721945940306,0.0437055526778161,0.0429144271033048,0.0510192273835209,0.043581556833077,0.0414801197423635,0.0421665261459829,0.0528923013395293,0.055449705592817,0.0356804420040968,0.0426563128680051,0.0413626954916842,0.0394620014675172,0.0356062988777758,0.0416072250351986,0.0459105645872116,0.0430893594823811,0.0438521834506144,0.0364415545251093,0.0352446984893477
834.619329465039,0.0253017715682877,0.0225425336029248,0.0231857091400954,0.0255442908732558,0.0279694454749316,0.0223426638524227,0.0196134980347238,0.0250435886167126,0.0191338399371643,0.0256308138869805,0.02802360511821,0.0244941009036558,0.0293488701178726,0.0219211273310093,0.0145590125241235,0.0254467758694399,0.0243889054790853,0.0294685318521186,0.0258263453695496,0.0233519589024861,0.0234250646136388,0.0331557058468977,0.0281758271063888,0.0205753104777991,0.0231202282825522,0.0268349144549927,0.027523010397149,0.02454761501782,0.0241428227011029,0.0224003026300359,0.0257432488076489,0.0271471576018334,0.0197596260092899,0.0291671370266214,0.0295517246577905,0.0128424251847185,0.0208219104180348,0.0282115808556826,0.023012757375423,0.0277205662775915,0.0264283014084745,0.0202839888988953,0.0227297808169786,0.0293196627082768,0.0247029094878911,0.0324959221148582,0.0211194944136616,0.0210125614488306,0.0231802284191789,0.0260158045319292,0.0174540085310423,0.0207643107726811,0.027943865355659,0.0275169515248278,0.0271153902447257,0.0252018744750976,0.024234721412061,0.0285800992958803,0.0215420248869904,0.0198346586425725,0.0255427089707095,0.0257007880197926,0.0197066565408663,0.020857027516112,0.0225918240345614,0.0264560291745884,0.0179341950061125,0.0190075167299054,0.020686583151922,0.0222234640049325,0.0234412670182622,0.0239635782066384,0.0278604494211993,0.0194202069084444,0.0259936717811517,0.0245788946185928,0.0248709244653358,0.0281617395459239,0.0217024168704329,0.0256845669463483,0.0283661198524911,0.0249858042087601,0.0242825891558869,0.0274092618610584,0.0256456927302921,0.0251608043247015,0.0285749205798235,0.0212593956386157,0.0187933362803655,0.0262908990565891,0.0187408421316705,0.0297975431128881,0.0278276751284132,0.0227851231865914,0.0151845214057697,0.0259164659086084,0.0245843656161809,0.0271279407235916,0.0213194770867029,0.0225458287958045,0.0285090192064336,0.024861886049107,0.0315165758464491,0.0199279258144605,0.0209354565096743,0.0276500066322705,0.0234522372612492,0.0185338674285732,0.0197530547971166,0.0268325423320931,0.024527609554434,0.0188395197335422,0.0281027449492234,0.0222284068011114,0.0287719632478545
837.838942059678,0.0444170128764421,0.0365456627031798,0.0461049456947773,0.0499445754737525,0.0489398182650193,0.0384497381007416,0.0477304876818072,0.0402829067513854,0.0508002618911872,0.052237372499897,0.0483430506903942,0.0415837394807578,0.0535497939820646,0.0447022413171135,0.0471159896597409,0.0467004732797468,0.0458804934297907,0.0425182692655995,0.051098139491686,0.0546915180346671,0.0440328367095645,0.0418889697209692,0.0482834150680325,0.044696013513476,0.040878195563826,0.0441622896967306,0.0451618124796963,0.045002102627786,0.0440368657328922,0.0426328168654594,0.0438108729618647,0.0443321854047556,0.0510055547278925,0.0552266904160572,0.0472472749853798,0.0393920008022931,0.0515583422268045,0.0417740908967123,0.0473219603294273,0.0445814473685787,0.0476031038863042,0.0457583257673343,0.0530579141738547,0.0479367352028023,0.0506217454153226,0.0468666954684181,0.0510463295313258,0.0441988463728213,0.0508628856760164,0.0451541700752,0.050543033199521,0.0503446075827304,0.0516245707054971,0.0496074933308803,0.0430836049687963,0.0437535771659574,0.044886481637408,0.042215341343994,0.0494871197699423,0.0416411819915357,0.0525402226887294,0.0482134134872062,0.0461402300417016,0.0388970847293609,0.0484349967001666,0.0512158257294156,0.0492347128230521,0.0452561768160204,0.0478487196951323,0.0451707831146195,0.044171571315076,0.0543753759826094,0.0476220665691176,0.0462285609952757,0.0429477242947051,0.0473953645026539,0.0529457453092078,0.0463237896676451,0.0462293782520832,0.0513148807570781,0.0451869510317448,0.0437303212622751,0.0428959248866516,0.0468527223887483,0.0489367754645601,0.044832908894403,0.0436940221531915,0.0485908164092327,0.0493774350764776,0.0509736075209806,0.04658966452429,0.0388901061213276,0.04929116608342,0.0501088220574213,0.0387554162648703,0.045776057748105,0.0426130847091419,0.0423500422083764,0.0438596548877082,0.0491317626249147,0.0485220515022412,0.0378479027816583,0.0468696702447765,0.050061655823108,0.0454869018855727,0.039947861859434,0.0494672164738605,0.046541255773973,0.0443029354189945,0.0415886429953312,0.0497350809937367,0.0441659388872833,0.047075594337874,0.0457028733275564,0.0460108813949229
841.056210348311,0.0470828030591406,0.0462347902272948,0.0477463900972328,0.0434443464094948,0.0457131898092043,0.0507867335454915,0.0413770439988401,0.0430823861555714,0.0428337452882769,0.0506118385290045,0.0488724492702997,0.0448749339361837,0.0480382889987135,0.0452461329734423,0.0487410532475351,0.0505204737724835,0.0464299254120781,0.0506730104520617,0.0457767594442444,0.0433586698090839,0.0472772484289452,0.0517014696968158,0.0417657109057683,0.047994515127549,0.0484109052311399,0.0528196110453083,0.0451549488816656,0.0498445395218779,0.0472650532877089,0.0442841255439897,0.0470951325891385,0.0427415233195723,0.0400415009152933,0.0400294404957479,0.0456775144289066,0.0518552797024193,0.0455103709821241,0.0493685852951075,0.0447030639422225,0.0451824596401649,0.0459277862952729,0.0489549151558817,0.0617210654308668,0.0441170086302201,0.0581880756165593,0.0485400208500501,0.0483153883298631,0.0442211339664573,0.0465273070373981,0.0495305661268917,0.0461807540568653,0.0444113478652279,0.0483949605973921,0.0517534851591231,0.0502361576515336,0.0481244718318918,0.0470606300835532,0.0520186472353726,0.0489271736829269,0.0465327936204493,0.0503638661976373,0.0449637285463955,0.0466615075648806,0.0449019402100691,0.0500451302950936,0.0495933314890015,0.0492468433616426,0.044152623325448,0.0467201418657834,0.0462461883586381,0.0485237351312032,0.0538219177138273,0.0487062836283789,0.0396415104215745,0.046211609821779,0.0479272686239822,0.0566981186872238,0.042446637250355,0.0445740602578622,0.0431285831436408,0.0440927813904863,0.0519873703994569,0.0521805902242837,0.053303962699321,0.0516161688681267,0.0491855714492463,0.0523151806794122,0.0464228842313207,0.0482932243698972,0.0498823171343826,0.0449627629719347,0.045294246220177,0.0514705610177916,0.0533624024023336,0.0491399840739569,0.0429860562730018,0.0491527056089411,0.0466752852240327,0.0449361217002973,0.0557653259319833,0.0441812930232092,0.0475747384995884,0.0495975584292871,0.0473494056499991,0.0410904118924177,0.0506267570201826,0.0456350396903806,0.0415377727124189,0.050817503780719,0.052502555086822,0.0606750198735575,0.048997664580929,0.04812608454164,0.0434852479953855,0.0508363557218392
844.271136720895,0.0205735501339216,0.0268765332213079,0.0297459807944636,0.0233845201879752,0.0209769018113444,0.0249958636649319,0.0249392110790154,0.0302001782097853,0.0284302827098896,0.0288946090748128,0.0333536435170816,0.0249935442688481,0.0337142599820948,0.0278895522816123,0.0232314834072089,0.0320071961029996,0.0260373421924899,0.03277553288135,0.0254211146120843,0.0314737452770217,0.021229631306009,0.0303860777845509,0.0303478627266454,0.0260899459799878,0.0226047187545137,0.0165515489042199,0.0285712589933582,0.0288544302832711,0.0230830580397788,0.0246236985289482,0.025201905828121,0.0207670142792146,0.0318053339684641,0.0221066987242615,0.0323298957205231,0.0296628109010092,0.0295710105194704,0.0201353416490764,0.0250434031761575,0.0257326799744075,0.0264156006023908,0.0319944271174162,0.0308557665006564,0.0293463849062839,0.0263645031579879,0.0264855150244929,0.032514087915038,0.0270021082370799,0.024820435481651,0.0216639900767132,0.0282416003234713,0.0271701254453675,0.0360080070430243,0.0301840941484044,0.0205126251196723,0.0328652234520646,0.0323866177993645,0.0252476298953792,0.0302731073545609,0.0306928684881157,0.0227940047872855,0.0304363105946862,0.0223497951881837,0.0219303366669851,0.0274223646780837,0.0226650293842925,0.0256525125422227,0.0337415089416967,0.0261725883839132,0.0259963119652043,0.0239507171589223,0.0293627803721263,0.0316622181291093,0.0253805624800004,0.0275788542876339,0.0218289448068207,0.0210018520023253,0.0253411277161793,0.0249147422562489,0.0311136343442996,0.0283388146251648,0.0232936651400457,0.0274752195014547,0.0305380961383251,0.0315156268208113,0.0283785930199386,0.0247126020264534,0.0313757077628394,0.0246621071287375,0.0305309946217779,0.0267171569514041,0.0334881511862979,0.0228029468488118,0.0330927697788381,0.0232838857080082,0.0241721634005395,0.0256221150973267,0.0264980987338057,0.0256490794869602,0.0258300480265464,0.0344192709116866,0.0259038253479001,0.0205071000050416,0.0263243461688441,0.0301303359414959,0.020586845733944,0.0282292574039226,0.0222227821643361,0.0267353255875094,0.0245599819024703,0.0282891681588689,0.0247106949604332,0.0290834403485252,0.0221322153871125,0.0324648676996598
847.483723564093,0.0539695277330219,0.0478324438149859,0.0504472578697437,0.0515417091605378,0.0456729145937844,0.051266818818783,0.0482491822463247,0.0513469709653998,0.0407858617603898,0.0478663548394486,0.0450835745283612,0.0481111678368885,0.0507273788121108,0.0446719660112872,0.0449029475971073,0.047235383229672,0.0501765983435377,0.0452456244410473,0.0495838432186267,0.0552170430200285,0.0461385006263868,0.0456328012690275,0.0449881381400191,0.0485309680727779,0.0510771229135725,0.0538649177391662,0.050448768861942,0.0374385031144608,0.0467022791158052,0.0497340204010109,0.0497970765778006,0.0491741610597746,0.0476700173929564,0.0524716673766789,0.0457107240038529,0.049680011045728,0.0536843013991027,0.0542337195739232,0.0509619738875898,0.0517635702994709,0.0453248350960116,0.0500109929493154,0.0438256064342765,0.0479272047194481,0.045774373949607,0.0557109238100232,0.054787130385865,0.0469216413036639,0.0530091751454009,0.0462288749237431,0.0444742895746646,0.0545625630743991,0.0435139381452763,0.0409253570391024,0.0485487857385362,0.055195443524375,0.0453991650169333,0.044850159050167,0.056537684996615,0.0431941801655589,0.0475952562867326,0.0437929153996781,0.0498257695091511,0.0475849504932357,0.0478465824197193,0.0393166322607617,0.0569158130369305,0.04519077989306,0.0483073565641507,0.0445350678602299,0.0484634000348461,0.0510494283876922,0.0486426712706009,0.046132371728198,0.0477785797760987,0.0484115151623004,0.0479598390094858,0.0495235731898182,0.0543122719693383,0.0479841528508788,0.04566605916982,0.0502713401165758,0.0542731663579951,0.0515678815744415,0.0433869946615164,0.0529345541458489,0.0451999854437747,0.0479480556958491,0.0466254263228833,0.0476633490580224,0.046494729213536,0.0516435507098797,0.0508373423049281,0.0521784319468763,0.0462692526602821,0.0478602355884176,0.0474394942134816,0.0509356648016131,0.0509020259291285,0.0551485164684518,0.0435777633531674,0.0567103119200039,0.0462424271051263,0.0456569964998325,0.0459101496818726,0.0483816536932272,0.0542069242721416,0.055143635249878,0.0523413700670719,0.0502210674870454,0.048525186703952,0.0473053944091459,0.05344721093116,0.0521266965358611,0.0437364871576314
850.693973261278,0.0200135427765283,0.0150077474974474,0.0209721198836839,0.0249552726217167,0.0166132795092076,0.0222312405640006,0.0206551787028533,0.0184487979411978,0.0177922741226025,0.0212405963318286,0.0252642805124439,0.0138679350617072,0.0275786493631822,0.0202449186467051,0.025878845717562,0.0194428811923324,0.0297606517747941,0.013218926186049,0.020620456744237,0.0217083048833403,0.0216935443960836,0.0090082847854906,0.0215979344903067,0.0194831632000298,0.0214845555869186,0.0197379984922131,0.0119331811990357,0.0255696041801525,0.0181993348124206,0.0196725310392992,0.0196734588356948,0.0234233644138364,0.0185850566275788,0.0225860466633707,0.0205735967830336,0.023133059427964,0.0190602746851519,0.0228103893933327,0.0252349168541475,0.0209164398580107,0.0174329183392388,0.0245448503256615,0.0172673064626801,0.0211001532106847,0.0247157922407947,0.0248080422228227,0.0264478227500301,0.0210642511083342,0.0263962073921062,0.0270790795038604,0.0189153299425995,0.0200848340876461,0.0214201668853897,0.0220257210542221,0.0254037716712019,0.016479819507227,0.0165810358557947,0.0164187827225618,0.0252570541632315,0.0262402250135371,0.0183816476857149,0.0260230444749439,0.022792079706757,0.0229500256671346,0.0246616310983683,0.0295863791065107,0.0135439503696065,0.0150713763543559,0.0144281328640709,0.0209822666969237,0.0222300099551898,0.0271093518312801,0.0216932978880776,0.0176185930576232,0.0165381405385053,0.0163138247869101,0.0160213498982059,0.0257858472095861,0.0182729108663034,0.0228600030011144,0.0217508162241595,0.0221049545120323,0.0131033090422867,0.0185024906051813,0.0297682406474031,0.014063187624366,0.0224378030396068,0.0205460310119204,0.024043786780739,0.0261413056564628,0.0250115302980846,0.0237565349925189,0.0171902050942383,0.020402767504602,0.0231337661319633,0.0152192697329881,0.0227917376482256,0.0231154368224766,0.0249901694718043,0.0163268951110087,0.0224327238840045,0.0214870805518122,0.0215147990168659,0.0272997514351195,0.0190935616469622,0.0252812389795253,0.0183335229139994,0.0182056022536703,0.0194970496808304,0.0189716538818407,0.0221460982362014,0.0197603598118096,0.0246116130718336,0.0170902961971841,0.0291155260125594
853.901888192535,0.0242232798789393,0.0246482435594537,0.0280178959578406,0.0281615854072269,0.0262374716456143,0.0221735484340253,0.0222067044697533,0.0228219037710609,0.0253059285373095,0.0163101990231627,0.0337630699095715,0.0336525802919175,0.0247675021116678,0.0261626144450191,0.0274560670704178,0.0302918488040992,0.0232866585494307,0.0256649815375587,0.0313471480685258,0.0276080896330421,0.0265166200662035,0.032419243936457,0.0220936411505465,0.0194477095083222,0.0262822700021785,0.0251018383789172,0.0241690751725713,0.0265994056532273,0.0246045277717178,0.0283745979682502,0.0245501316510618,0.0287548688201927,0.0278497772387239,0.0219942032352204,0.0312569281440551,0.0312177987539495,0.019000853914548,0.0227763120313785,0.0192698475253968,0.0268849687114351,0.0207215689193801,0.0282245618874109,0.0285898833704149,0.0227023653692974,0.0214466647896265,0.0269849943259775,0.0307422370489305,0.0215774414579166,0.0247253466315115,0.0248524666896492,0.0291562865510651,0.0243241661284271,0.0289029185092593,0.0300499167340495,0.0286569406536962,0.0224382538159609,0.0263118302120914,0.0289041420383819,0.0262928361458636,0.0256322636455343,0.0193981641352594,0.0248718191848668,0.0275818673379458,0.0278142273714625,0.0305297666860653,0.0236118496930876,0.0294195900924029,0.0226699331940116,0.0304396845705532,0.0203702170009605,0.021079310125837,0.029223111976333,0.0249259012090264,0.0246651244470434,0.0274131145648107,0.0151682834408182,0.0235076733889565,0.0180056356224142,0.0214769263578609,0.0222597447846209,0.0309170691758015,0.0253521027852799,0.0206968780810635,0.0292330303861673,0.0291483240534766,0.0249285217746346,0.0261470126623809,0.0328057324638444,0.0266681651790579,0.0287590928834362,0.0286949167290623,0.02690177865128,0.0248279540961544,0.0329035942670208,0.0191985797612405,0.0267369433216537,0.0270970204464139,0.023583398480599,0.0282178069640715,0.0240199063656929,0.029945133633085,0.0149318703719108,0.0269361682035654,0.0229257493113841,0.0190171529281204,0.0198446234983633,0.0182496110585118,0.0241541019886287,0.0297873761163349,0.0243660727216701,0.0286513943285314,0.031012151479707,0.0196444488009151,0.020288625406235,0.026344928302412
857.107470734681,0.0263007279914759,0.0262116784560859,0.0214203351166122,0.0275630643179936,0.0208018479362108,0.0188833389598985,0.0163250631157282,0.0185382238309981,0.0092498825448934,0.0140813984604339,0.0155236939025283,0.0230966854516025,0.0191943661538443,0.0228536387689603,0.0187151652712335,0.0128195977974522,0.0227047088312141,0.023451849299667,0.025430628315657,0.0189163224394767,0.00909711065554866,0.0241570420440705,0.0204054073645825,0.0155671932139424,0.0170927467445356,0.0125971968234939,0.0176913379201385,0.0147075186233472,0.0207912562391886,0.017950069880394,0.0140971221937572,0.0147753075848509,0.0113458948888544,0.0159639812055164,0.0178624091312962,0.022510442810603,0.0211249850170141,0.0200233608488906,0.0204332784881183,0.015511200269809,0.0245553231895186,0.0234107288855369,0.0155416012922488,0.0199175499223084,0.0165478812210216,0.0297018641452009,0.0235991543110439,0.0215407003782311,0.0197880949395564,0.0182440387676656,0.0236505627506512,0.0215593110141813,0.0218492631523987,0.0278270796717605,0.0181433220827186,0.0223908090531334,0.0224536734578989,0.0179127791411369,0.0201938045387214,0.0162888821225941,0.0193231523014535,0.0226361933458571,0.0167121409024213,0.0195509643120706,0.0170097372418762,0.0192405117407864,0.0140075936225908,0.0171338881256413,0.0192702261308597,0.0219324937700411,0.0193715547754103,0.0242658181032126,0.0237551910774511,0.0202075106322755,0.022410234898191,0.0172705173165173,0.0255801996079177,0.0223283968106568,0.0241242145918515,0.0243742064962168,0.0189139939098183,0.0318955459318281,0.0189625048813911,0.019941242651576,0.0241803197944944,0.0166483560040421,0.0244399501873361,0.0182474572901169,0.021232927281013,0.0297551844934059,0.0221886171514847,0.0209364497041036,0.0153848403135285,0.0218818125607875,0.0207409376663699,0.00953235469413664,0.0204604530088228,0.0218628968770348,0.0198829921907292,0.0206234791948166,0.0260866832995165,0.0197286848488998,0.0175395601441355,0.0282290454392462,0.0189292193126193,0.0256445483550582,0.0143567325980176,0.0223914131848603,0.0143969587380923,0.0193538380827811,0.0192450828052024,0.0206919647072554,0.0184648524977474,0.0120014317145004,0.0192493571155445
860.310723261252,0.0389717622172643,0.0401302360937912,0.0371670847997836,0.0361654271215795,0.0438390268592449,0.0375923471956396,0.0300469273718785,0.0320741619689199,0.0365513626092317,0.0411458140334283,0.0384313644738211,0.0307261152840946,0.0411090208434053,0.042842706755425,0.0354579138696312,0.044877373135626,0.0360649917135153,0.0380444607984104,0.0474012828645464,0.0377533111273871,0.0355858145860451,0.0415398262494509,0.034999622397623,0.0417945686007422,0.0358434320974795,0.0422892197804243,0.0347136123716622,0.0415351521619712,0.0314719236542736,0.0370050956542421,0.0452094938882005,0.0404559440266247,0.0436043774301393,0.043026662494553,0.0408234421982058,0.0430220243811469,0.0435443384884032,0.0427045384882746,0.0413589866851389,0.0306633311045294,0.0306053650024056,0.0387307462625047,0.0441637315799422,0.0351704128420438,0.0348330675220137,0.0412316953978593,0.038208260523202,0.0349529105177513,0.0452179723978165,0.0389385046839608,0.0392949196042752,0.0381474494001901,0.0319992363499343,0.033673505201245,0.0345783803714073,0.0397703536889329,0.0424809126615778,0.0412899394656774,0.0398362404446531,0.0374683100901036,0.0370578402261592,0.0402382659878923,0.0398245032488746,0.042426607546412,0.0390019314341697,0.0396137505868564,0.0364441350534442,0.036192810172328,0.0413576126732942,0.0382384869165493,0.0416557192082265,0.0448196164185709,0.0417872458488789,0.0327035634410988,0.0480338095743971,0.0362013185052841,0.0411469871289497,0.0393049550646576,0.0420259820916866,0.035201095624165,0.0399927015545349,0.0395301478462528,0.0402342894660119,0.0409248266182489,0.0403428791948447,0.0460781074858745,0.0432593890605768,0.0310202537847293,0.0393943574174216,0.0436206696407899,0.0451348166493212,0.036904588924598,0.043923173939973,0.0403740747581327,0.0392882262555913,0.0392473381120312,0.0394981739156744,0.0375463053152343,0.0428880783070038,0.0354937536368232,0.0379037700748996,0.0375010659125157,0.0371954815391472,0.0394419668220673,0.0390302843200957,0.0437523994536833,0.0381169323757803,0.0343667781594436,0.0421414747316977,0.0455147286213411,0.0394338201073216,0.036232690557526,0.0427821643090986,0.0348463334992712,0.0293962606519243
863.51164814252,0.021408132576662,0.0190877613961922,0.0169149184666855,0.0328347657384374,0.0201078314748932,0.0299849032835981,0.0278538648571392,0.0299292903729724,0.0215438398323949,0.0258694294003214,0.0249796560904488,0.0273153058337558,0.0256124105799314,0.0189125087748645,0.0250669114837313,0.025204439074131,0.0193607382994302,0.0173633137472986,0.0259035590165791,0.017158937228168,0.0219390100533498,0.0223367603254361,0.0240558161769904,0.0274862293044054,0.0228686914490599,0.0259744733446716,0.0255416616323651,0.0253174192695677,0.0292482927206726,0.0287417946807509,0.0248860759993469,0.0253817490960542,0.0270776651607871,0.0272054922657146,0.0204538319531622,0.0277961378849986,0.0264361651943353,0.0236862553898943,0.0260197322950625,0.0263071299435321,0.0243895531157007,0.0232918581909316,0.027845089765099,0.0263466761340516,0.0255965507850575,0.0290345728431072,0.0250574341849483,0.0219716496107221,0.0196440506610618,0.026298303543917,0.0299687242571241,0.0283673352543635,0.0216954808515142,0.022808663140755,0.0295440456333942,0.0309812591761096,0.0174194221762703,0.0291850672958907,0.0293308562849593,0.021559538613132,0.0239995841312711,0.0283238300794539,0.0240756528685287,0.0226642531485545,0.0265355906476461,0.0249950093164329,0.0286907262148352,0.0246197042515305,0.0201845193513058,0.0255692448264385,0.0235594608529884,0.0268067120285069,0.0191839139208087,0.0189196671954889,0.0287830982311911,0.0219840610308165,0.0269900899344756,0.0226793199380657,0.028839613630672,0.0225718206222887,0.0252546022766918,0.0267545212956467,0.0236806894288155,0.02349801288857,0.0310158969550865,0.0257482561580603,0.02801785721909,0.0276979204700181,0.0248153942939417,0.0231259566945457,0.0273565228648171,0.0298462122664126,0.0250967340888817,0.0249554231135829,0.0254381566087942,0.0286456314237035,0.0333851450508536,0.0249185765058703,0.0246294771524179,0.0215505077601459,0.0237453043973366,0.0238765886626059,0.0222920539776939,0.0194246946803335,0.0274546613406218,0.0238203925163637,0.0266065612031347,0.0237818760533858,0.0136208519211368,0.0322729286720074,0.0195873070627965,0.0134924666704228,0.0247553042250162,0.0276291504304775,0.0298266557127012
866.7102477455,0.036708403708125,0.042661817400884,0.0413632326844044,0.0359957882695608,0.0366733675599663,0.0347138078596847,0.0336017846813498,0.036959021336452,0.0402566417323398,0.0317463191622376,0.0366394547162958,0.0338186971614856,0.0332039522314708,0.0372533089596147,0.0407023078051807,0.0387294381577393,0.0391391300552735,0.034645561671222,0.0360488624047921,0.0343536511835285,0.0348497316362684,0.0380590377374431,0.0375416249786812,0.0350716915248848,0.0367593971943368,0.037787406926036,0.0313204437243075,0.0370609474960359,0.036683880010909,0.0357588424136717,0.0242456820490043,0.0365655188113565,0.0412289401039511,0.0336236792977926,0.0343008350558546,0.039082964396111,0.0389536908839422,0.0403890209471417,0.0381330858515334,0.0436029009861577,0.0337585966855966,0.0327583148469184,0.0310030044834103,0.0350139706479025,0.0390048739311819,0.0289598620608957,0.0363795460113983,0.0364383676362339,0.0298622872597743,0.0376835789478226,0.0412503064479467,0.0384784094412413,0.03397528599356,0.0367133951731548,0.0311010260034648,0.0368947091446428,0.0406833142915201,0.0361691728473462,0.0358002680261612,0.031811860937324,0.0411720343590319,0.041075532533489,0.031517569655664,0.0351340947330321,0.039893494795541,0.0345829665893148,0.0362895128840312,0.0316270201602989,0.0472393884653117,0.0325624135313986,0.039274950198294,0.0375633943779941,0.0355467426440022,0.034676779843281,0.0379707103014477,0.039805987493071,0.0365920434807767,0.0330251524723166,0.0412669895792886,0.0339217808694301,0.0354609351946688,0.0393284840725983,0.0421902749036095,0.0320201947271278,0.0379409079086289,0.037115083824778,0.0392483072957326,0.0377676341870024,0.0316872102342373,0.0310652712251952,0.038495317255106,0.0377634835937669,0.0354420972019379,0.0395978833802626,0.0351803072223745,0.0362530861655771,0.0327259309914564,0.0362257981326336,0.0338608823788863,0.0375058846339012,0.0382448678670396,0.0372973239776234,0.0364414581229148,0.0381512077054751,0.0333385528605013,0.0392280940487234,0.044919364991758,0.0340850260870165,0.0364277863317365,0.0381683465948072,0.0370119397352988,0.0349397338862128,0.0354820284820495,0.0324211350796226,0.0399512660330843
869.906524433941,0.0249557298706609,0.0178330042620364,0.0216339438291394,0.0131347145422518,0.0172195861512268,0.0147370792111126,0.0229049359558884,0.0153402671630178,0.0188023888648649,0.0229595461407472,0.0215616741367232,0.0193564363800415,0.0215343129422803,0.0176379738976942,0.0140156702099875,0.0217561442256977,0.0208032239538705,0.0193668305166809,0.0182848440073147,0.0245373421253266,0.0266028833931382,0.0199251935264099,0.0140840789135021,0.0218362691188984,0.0183874355741804,0.0182042657987129,0.0258670377981772,0.0170558827765853,0.0231571013039975,0.0231037470656219,0.021405793395683,0.0150362628496734,0.0159116670983528,0.0237502219931681,0.0208617146362291,0.0205869691794768,0.0267625040047435,0.0267620422665438,0.0200239421410596,0.0300174170146848,0.0275200175339491,0.0215387053412152,0.0114145979683801,0.0228865972231465,0.0227340805733364,0.0272195483643191,0.024294744399415,0.0228966600871899,0.0227103977982589,0.019558475978865,0.0232208440455458,0.0227594199790594,0.0225738617183296,0.0215168112035911,0.0216428419185446,0.0248140153546038,0.0166863472998179,0.0207685414258652,0.0280122865888438,0.0169718024014247,0.0183712978924823,0.0237745558787965,0.0216818149928247,0.026826099865064,0.0241755284698708,0.0172517593048755,0.0175395333109703,0.0216726795848967,0.0199445781633217,0.0154990446509007,0.0238843101249511,0.021157370985169,0.0228029579979264,0.0153980320345377,0.020338898099509,0.0168749807572738,0.0245739987506249,0.0169277803379152,0.0236969400972942,0.0179992385141775,0.0212434559241754,0.0243253357713319,0.0223267291180197,0.0205206297596379,0.0210029553503788,0.02004333681602,0.0147966699674116,0.0194115645197823,0.0213787225245627,0.0228925377412532,0.0174811644245564,0.0269364435728697,0.0248528267913218,0.0208764924368408,0.0180145577011363,0.0140345991263954,0.0271370379491714,0.0159568087024579,0.0293303179297041,0.0163397358387017,0.0191962162426276,0.0209448801952175,0.0231607415572518,0.0294156362742894,0.0201030424767865,0.0192743111596776,0.0252496509245545,0.0146785098040824,0.0177160655467198,0.017244686614231,0.0270118560035086,0.0234964285050913,0.0244886089303736,0.0273673098998514,0.0263409009262052
873.100480568356,0.0227367348767345,0.0128874991201702,0.0215232349342746,0.0178996645929979,0.0235519978858364,0.0151496205687502,0.0212096159609709,0.0201870241265401,0.0219666622621839,0.0195885350315443,0.0203706041131668,0.0258372505712719,0.0170033226675051,0.0180687993807207,0.0193226566990008,0.0221930861912862,0.0201668124875004,0.0138419837976195,0.0187514131724063,0.0179502775692221,0.0178029248154502,0.024707499506067,0.022117055163832,0.0250186778519934,0.0215059131215992,0.021878948912376,0.0150594217501561,0.0190951553560283,0.00854536670336535,0.0191756772976646,0.0212901571533001,0.017084746975271,0.0196286060518144,0.016579493183677,0.0239908417579954,0.0215670174649422,0.0266346282311672,0.0201621492912392,0.0189312255493957,0.0196704418133836,0.0257263703723459,0.0187905601288062,0.014550950860336,0.0216872573100326,0.0183199413891186,0.0166439374432347,0.0258013556043203,0.0125746346342323,0.0209724245239909,0.0243665649693993,0.0160326962833893,0.0204771249455443,0.0208451422551506,0.0197771757036824,0.016575440038539,0.0208967878262166,0.0187477657978194,0.0179086700654171,0.0158299058271773,0.0228406108971955,0.0247214915125407,0.0220201823662047,0.0199288490322768,0.0185072910124819,0.018134965414353,0.0208985211034741,0.0124959484344751,0.0215501925946722,0.0242437937131654,0.0159124228869183,0.0193934681381796,0.0226605546274237,0.0298114951944769,0.0125262805966217,0.0180151121667293,0.0189215114118443,0.013625604058454,0.0184408092946579,0.0186559137533069,0.0167872629950983,0.0184079536165079,0.019786396390083,0.0188935298388656,0.0241536702510079,0.0203172827033749,0.0210014212553721,0.0157363563741519,0.0149839620106847,0.0137422343402243,0.0125621431030946,0.0178845352602188,0.0177043512871829,0.0208601601696299,0.0223746795507819,0.020598909787707,0.0116819524599248,0.0215371819300456,0.0190788325637929,0.019288360358507,0.0189797504016685,0.0223147786747558,0.0197331065550978,0.0169979711234152,0.0195928812776666,0.0117703499860869,0.019663269355298,0.0158753335735129,0.0183602470714054,0.0153782751437533,0.026400541498691,0.0148076878717499,0.0195883357072557,0.0232535225989066,0.0190243603701647,0.0181115823361812
876.292118506005,0.0242189326268927,0.0305138664450248,0.0192206435677633,0.0199444594314108,0.0218121602725382,0.0214568330197657,0.0274557124758029,0.0250231782746047,0.0245850162452116,0.0227187999304056,0.02932469415438,0.022381290596961,0.0240110756327142,0.0304147865446503,0.0322132134691318,0.0258856625714906,0.0259599735353971,0.0310910761603605,0.0251090099235574,0.0286326546846909,0.0230899016546407,0.0251118163492855,0.025794462450834,0.020523521714446,0.0230012037056947,0.0217552872207563,0.027752537323761,0.0173583743533554,0.0288427531286012,0.0212441039784685,0.0271813217179794,0.0196587663872641,0.0249788621880996,0.0245935514389477,0.0217612481142639,0.0257841188235308,0.0204586943883625,0.0260034947206831,0.0233200325083712,0.0293511261830036,0.0278207933517757,0.0314057661469111,0.0263378728942761,0.0221181049810279,0.0300779846130244,0.0187426982975074,0.0207681648006705,0.0237784672270753,0.0279033550336768,0.0264325666104613,0.022398986122863,0.0337832634481223,0.0244855550984186,0.0239526872470832,0.0214010351624824,0.0196936975016979,0.0202555959248341,0.0243154482101513,0.0206227543849629,0.0265178817331458,0.019180406381798,0.0213281264248169,0.0278775617085955,0.0238402261122742,0.0282307982466573,0.022382154541436,0.0288406818949587,0.0285256860400564,0.0274231879916691,0.0146755947464343,0.0230749180138688,0.02795422520017,0.0225360401788078,0.0249671432681236,0.0222457732246111,0.02530314461904,0.0264364892206703,0.0260003563926624,0.0261440511055549,0.0215622734965821,0.0193594349411703,0.0312250213368446,0.0264104849243932,0.0202044382715367,0.0315472664821534,0.0312425179285448,0.0236914860352669,0.0234127107132293,0.0254107700397685,0.0312029071995752,0.0284558047536833,0.0207721387081247,0.0212617556630936,0.0260492431372024,0.0336019440557911,0.0308516781833689,0.0263101494609809,0.0292651656491907,0.0180358925346546,0.0332405713855981,0.0248818470731887,0.0222984415194935,0.0195984287954238,0.0248308890091856,0.0208976031701121,0.0248622439655953,0.0233059097116425,0.0264311788792686,0.0206760782666065,0.0240564312243632,0.0201373396488376,0.0259106416942296,0.0279778068951527,0.025422905089428,0.0233511896241422
879.481440600911,0.026221033586329,0.0282351308104473,0.0294484769447036,0.0246882321269989,0.0162997222563684,0.0213114899009693,0.0241491429324655,0.0255262199292846,0.0202325936007869,0.0280090276234694,0.0259739113256105,0.0266344230822077,0.0271579164866278,0.025946042610695,0.0288197287046248,0.0312007820496347,0.019399414092713,0.0298845394479105,0.0196529878006552,0.0209444798580714,0.0245707492050014,0.0222300635969312,0.0305476929649543,0.0220415955271981,0.01803568680154,0.0291970749023981,0.016923891603687,0.027445589011474,0.0249548692584773,0.0249400975993239,0.028138105199079,0.0281194768492619,0.0210021661360573,0.0217433249413859,0.0237996144217309,0.0267427664045886,0.0225045302824628,0.0269613946448101,0.0282469201701302,0.028731080093742,0.0221062012299382,0.0233353327194004,0.0256640008880096,0.0258201072663626,0.0272612083870215,0.014212560100933,0.0233416783728036,0.0258187675777091,0.0310264399302704,0.0290343395032851,0.0227863595137914,0.0201839817810727,0.0243498512184034,0.0308112317034983,0.02071398078702,0.0222947825424435,0.0233823984179069,0.0263463086285628,0.0275967227349472,0.023641748019508,0.0292897640085366,0.0206256138116593,0.0255636003274553,0.0236976725077447,0.027551288761203,0.0249318127578524,0.0303597726468511,0.0289292190609603,0.0195023700840528,0.0281833659803571,0.0207450407041329,0.0288930294454659,0.0278765210551555,0.0264521571548373,0.023183092251493,0.0251555111997794,0.0219496307367273,0.0302452121124922,0.0227175215796584,0.0290530213577264,0.0230130261725849,0.0294213334897067,0.0224083812625372,0.0265205987404246,0.023793586371994,0.0206990771923538,0.027852781526993,0.020036082942441,0.0268745191370689,0.0326586634732057,0.0234813633626802,0.0259704009798149,0.0188996795672563,0.0253391136557175,0.024088849712227,0.0213001666153819,0.0288864209110911,0.0225699019454975,0.031073347197979,0.0220119335366743,0.0279794157485838,0.0270176469468041,0.023833331011012,0.0246759166005093,0.0278305390186772,0.0225522102394053,0.023131437981708,0.0245920572433384,0.0248711448369263,0.0233429124064673,0.0271010994869845,0.0241372055400151,0.0207515268234368,0.0192441917530141,0.0269627566590297
882.668449203865,0.021850075969872,0.0264834747767192,0.0293057457042902,0.0240026481331518,0.0204507757681118,0.0195453161627066,0.0277240246564123,0.0281802770503502,0.0233657910516246,0.0208069237117231,0.0258197197235885,0.0242596556684747,0.0192940833076383,0.0209249973949956,0.0340950044144521,0.0169064696820643,0.0257087490924622,0.0248699205840358,0.0286724246914062,0.0294460354301296,0.0249567068115237,0.0193377045869798,0.0233418921247652,0.0257396651043424,0.0259605710368617,0.0198537725055667,0.0247871339994912,0.0337570397655827,0.0205196722962678,0.0237101875535396,0.0263489218441986,0.0269200877082605,0.0230432480379304,0.0183401075623938,0.0236883937396196,0.0249844112374181,0.0223444436115375,0.0214117926165605,0.0254727144103034,0.0210599344728663,0.0303061810417697,0.0242669247433744,0.0255211758597495,0.0273240038102822,0.0244341941242108,0.0190479278803676,0.0220961366089133,0.0208493281446281,0.0216622422913927,0.0228851718890502,0.0269617117681287,0.032393502685445,0.0274317104622148,0.0258077730827983,0.0150646314095396,0.0161664061505412,0.0254127948940473,0.0294584805106446,0.0241494375505368,0.0234816262426758,0.0237279130608308,0.0338607601652167,0.0226995721897256,0.0229982453341739,0.0247083855879989,0.0204751123387986,0.0258325443535073,0.0216673277995645,0.0209970424677851,0.0214606118882756,0.026042219030632,0.027649245832255,0.0227761272837256,0.0273794613669138,0.0202801090592957,0.0195652077806408,0.0223144396622086,0.0251181714509733,0.0225519009081728,0.0190860366966208,0.0244862856128395,0.0303637961610392,0.0183960612660633,0.0247139445283839,0.0268716612656438,0.0249057952551645,0.017951431325048,0.0268354625035147,0.0234990700423991,0.0228332689163268,0.0201038580646102,0.0306230857820719,0.0247865122960222,0.0186041347722648,0.0266414821100647,0.0266457760270647,0.024347576948638,0.0262046139856527,0.0171487543785257,0.0251738325325615,0.0180845022011979,0.0338908714453334,0.0209287532626199,0.0298933122573149,0.0243799591327249,0.0261237144711063,0.0278283375687736,0.0221926364519761,0.0306943978819526,0.0237130330928258,0.0280233172228122,0.0234313179173226,0.0205703708982961,0.026168132417817,0.0262505144269709
885.853146662431,0.0132271594757024,0.00697775441879952,0.0106136217976032,0.00921747685759394,0.00954332700290896,0.0199163530722421,0.0100837140123963,0.0140738802166584,0.0163160001528948,0.00653947374056514,0.00587756331790871,0.0163599983618678,0.0125195808321214,0.009931035671908,0.0111526532751104,0.00423500046617036,0.00571124412982897,0.0106224079609908,0.0130023192070358,0.0120173000341124,0.00906580315770945,0.0137054600317931,0.00797908541003742,0.0129985954929501,0.00431117261324222,0.0126649448728296,0.00912890517073578,0.00778269297215068,0.00694173768679218,0.00280888708832054,0.00759019459622857,0.0117719353231367,0.0108254871665385,0.0138413526081706,0.0166144621223718,0.00643528805466202,0.00735541014211414,0.0061064357068683,0.0100539742584538,0.00200519539617359,0.0134300993390471,0.00875424103218783,0.0112938837371812,0.00912784423543589,0.00649322865301929,0.0095333230780427,0.0143112327930767,0.00456299452855098,0.00903296751044574,0.00853149989584308,0.0034545495748134,0.0160841999055938,0.0159784534847917,0.0159456939619242,0.0132564458389876,0.0100278657189485,0.0160279450162182,0.0134608907460844,0.0108289844529875,0.00695387137741236,0.0122155587387239,0.0138252018116774,0.0155085579247923,0.0102656648979344,0.0116286714399896,0.00470685491681146,0.000992988646353072,0.0111145866322694,0.011391803970583,0.0125416075831641,0.00623483403279451,0.0122762906517535,0.0116268088591571,0.0096895312414757,0.0118956501786592,0.0123349618646829,0.0107840585785563,0.0117207239613618,0.00547461491591043,0.00692798755684223,0.00750407112264537,0.0136536712596083,0.0132776046428607,0.00775378472661624,0.00337702793533534,0.0143418106453484,0.00425654307575066,0.0132517116731241,0.00991912272209806,0.0124609039898419,0.00975218377103808,0.00957407636950255,0.0108406981837582,0.00584445853607356,0.0121674461521122,0.017073673162901,0.0121472618468808,0.00588306011726019,0.00651382308664521,0.0133704210175235,0.0152114779027326,0.0104505266348407,0.00978808715383209,0.00388152938646871,0.0110919696893587,0.0146878741275574,0.00810464562684894,0.00603362696535696,0.00865361101107864,0.00930103358561477,0.0086490917412214,0.011934940480957,0.00409711371640274,0.0106803051285842,0.0131268701739949
889.035535320943,0.0157293471458257,0.0170343997172603,0.0219008478716206,0.0166400725781685,0.0174361027844161,0.0170563225604185,0.0205302640587483,0.0183287444704174,0.0172875342160432,0.0253653605967287,0.0174622736594031,0.0123098889829904,0.0227843600415906,0.0135631883243313,0.0136952691001157,0.020407171146989,0.0109273139203492,0.0213194099385874,0.014490504785565,0.0145585974375205,0.00834685919914824,0.0233477048286418,0.0208487709772443,0.0199618426174053,0.0192037566377859,0.0141242459284637,0.0180406780371938,0.0167636661442482,0.0169918074230299,0.017395948256979,0.0156273847377728,0.0175217329755935,0.0243545449801389,0.022899889039487,0.0132741157569664,0.0176477181056587,0.0176024349685312,0.017319324621709,0.0198917128305175,0.0143518838028705,0.0121399215548453,0.0207985592438241,0.0197920746864816,0.0144400697303816,0.0171317548500983,0.0248272502835161,0.0239271049170366,0.0130335661545728,0.0115828590636665,0.017658023660789,0.0200896618482317,0.0255839895940513,0.0115087976112331,0.0254671006963155,0.0130887435980328,0.0104186667835347,0.0109780202819464,0.0192818235026822,0.0194157665234572,0.0149524600448189,0.0158140470733228,0.0200661788495677,0.0137031633012991,0.019929355969192,0.0152241723490762,0.015837124469272,0.0183928827404673,0.018049660083224,0.0234007878204719,0.0172746669617167,0.0126027915954545,0.016985400419585,0.02187746072899,0.0138799597688014,0.014990198483223,0.0148726560155844,0.0143699283477099,0.0170357550642331,0.0134668746581229,0.0176597132057913,0.0198073677941889,0.0244994429435907,0.0147256191291836,0.0199886363700491,0.0145666421790195,0.00978131233528624,0.0170346393835168,0.0146694087106383,0.02422948983562,0.0187161532102702,0.016533120667026,0.0179531918566955,0.017808382778162,0.0182259992102127,0.0114061781188197,0.0152213054014436,0.0152389267555952,0.0171166779687874,0.0184196783633788,0.0198350461115449,0.012869386229784,0.0162209340476971,0.013991794046131,0.0230736436677273,0.026183637440387,0.0134187884206476,0.019290051050002,0.0201133083160354,0.0144567430409632,0.0134801777594848,0.0183229719749278,0.0219887235017455,0.0169211815203646,0.0132128238074212,0.0150902823462954
892.215617520531,0.0176915315940534,0.0238547750582365,0.0326327312330857,0.0245946401453664,0.0274686818021226,0.0227759009329648,0.0314971673114027,0.032299709122892,0.028957623025033,0.0300713216645402,0.0285023279508074,0.0198294770830125,0.0324887965457644,0.0274849959357578,0.0205674898339496,0.0333027633119275,0.0193536557909259,0.0298362672934771,0.0299180754705893,0.0284300423323457,0.0249688967915843,0.0269750480322228,0.0239323651035828,0.0258197716514176,0.0297862402477855,0.0328898435662619,0.0322860729201129,0.0316520114291191,0.0367022384574027,0.0336111794653677,0.0258426570074601,0.0291587982849862,0.0247210965869018,0.0276070269402264,0.0318509580399235,0.0320979428388116,0.022899819906178,0.0323117809969231,0.0297188379041236,0.0256053064484916,0.0236507403644738,0.0270015728636842,0.024491182561391,0.0339628457042183,0.0299181730566244,0.0241169172717152,0.0329889090797349,0.0241862669065993,0.0238873297543211,0.0240431888553293,0.0340020293796776,0.0286190974737068,0.018326597202514,0.040365679387076,0.0332687143046249,0.0347772641090986,0.02709939708625,0.0338244241001094,0.0247049014271035,0.0191244826475258,0.0275031251731852,0.0220056031527651,0.0302334830072553,0.0312226038868278,0.0279597114317015,0.0274958286105448,0.0270034190215457,0.027709008181241,0.0276370067123905,0.0340204795656732,0.0336901319511478,0.0254857280555784,0.0282753808543847,0.0322892223368708,0.0322994469824986,0.0353268296626854,0.0271297150235354,0.0350060721171894,0.0318082040055767,0.032743459900943,0.0207081063589509,0.0314759546646209,0.0293166516428903,0.0246419502476497,0.0284570131008243,0.0259849473664731,0.0195338337495012,0.0294803195202685,0.0304818269428956,0.0254981265905185,0.032411274920009,0.0273928867968416,0.0247660961371366,0.0289572842719751,0.0325915675278628,0.0343399252280418,0.0281576511690318,0.0223538652704204,0.0286652415976648,0.0235201657362655,0.0316135232892009,0.0246869311761031,0.0346367909621297,0.0293377172002908,0.0210650224675042,0.0260659142825592,0.021786114720667,0.0209836760000539,0.0202500395993779,0.0253086128000745,0.0186661304429065,0.0250253697719743,0.026478956024137,0.0277556813908296,0.0267490729761634
895.393395599108,0.0090393210527542,0.0204491170794467,0.016091416559915,0.0200757535519005,0.0170688119448532,0.0220436476517664,0.00852623558986029,0.02194600767091,0.0202722353170419,0.0146879851265052,0.0149441022505551,0.015758917146946,0.0157833511360448,0.0191720313976802,0.0252600757535475,0.0162456567589748,0.0154269950217624,0.0182707426758207,0.0211930442340914,0.0152916266131128,0.0182656717766851,0.0218582062224809,0.0215750071760849,0.0135961224114024,0.0177827530446998,0.0202605117071595,0.0160638935200599,0.0174825545222867,0.0150369555451071,0.0170482150066829,0.0212770935177448,0.00969229234307595,0.0174054951389606,0.017109065648574,0.018329560210548,0.0227208732527551,0.0161128713672427,0.0207654831899593,0.00987393993528765,0.0227676590126732,0.0189981280561355,0.0231223442073084,0.0183541790862098,0.0212063599194875,0.0178814383817228,0.0145723099010489,0.0229976952696627,0.0191767816291398,0.0199077874520966,0.0216779955211142,0.0126359426873748,0.0251896669496631,0.0170652852253993,0.0191608609681935,0.0121733108106006,0.0182550938160385,0.0171421388778069,0.0117950165622815,0.0190254346456006,0.0178343279412694,0.0154211087140812,0.0255446832943275,0.0235519175518807,0.0173672123839259,0.0250764968105814,0.0106220100284603,0.0180455553028889,0.0198610450837914,0.0168924380361667,0.0163276451830535,0.00948874826192894,0.0252876529972488,0.0176453068191293,0.0167583271465189,0.0140367333772501,0.017745362116973,0.0242131664378841,0.0166223384939957,0.016336826207282,0.017284463342713,0.0205141117424163,0.0152871044386521,0.0137562239217971,0.0238772037752296,0.0201118691081357,0.0235915229842223,0.0149970952974147,0.0217640234675573,0.0249204569292031,0.0156325232699562,0.0139948214992781,0.0202303940401333,0.0118916031349309,0.00796621059934825,0.00875602027992038,0.0170082284680566,0.0192061546735013,0.0177851664925457,0.0141494686132009,0.0188870595392218,0.0222198514226313,0.0185325395394923,0.0108530859358669,0.0172912804457359,0.01757451466008,0.0162075033119884,0.0172203220412572,0.0119447363724846,0.0123797718007789,0.0114133636934924,0.016257966993881,0.0151159296198469,0.0110613885891825,0.0220727194323945,0.0184483392652795
898.568871891376,0.0146940737734384,0.0202597028122318,0.0186245982768913,0.0150053327458775,0.01687060371021,0.0132491809652493,0.0184137549258664,0.0218490292408417,0.0206794406063111,0.0193740500139938,0.0190154667469083,0.0105755034998124,0.0216175803909493,0.0173544765004758,0.0196364359764847,0.0117002480408452,0.0125642133074264,0.0213427529550088,0.010848932033989,0.0215836800736787,0.0207704463771144,0.0145479594353509,0.0137768430732151,0.0172438504159362,0.0170578081201077,0.015738617187131,0.0185343262486276,0.0199793110015719,0.0180745619399127,0.0174054877992765,0.0194369733518277,0.0218461912639346,0.0204925762499274,0.0272238322286753,0.0117510290069226,0.0171231927012912,0.0202927580080256,0.0194958556126642,0.0196802704852293,0.0193786115345034,0.0115505024812867,0.0181733001955194,0.020868757036622,0.0226607135249842,0.0187813509849097,0.0215637832504259,0.0173495221073822,0.0173881222323927,0.0191734310148754,0.0203957303180467,0.0205606333036096,0.0179853392043739,0.0152565040212545,0.0151851320655022,0.011976082374789,0.0246111163892471,0.0131495494583459,0.0197701951699726,0.0160759037206133,0.0154441501353393,0.0119700016806373,0.0124439150647411,0.0184793482946253,0.0138856139740184,0.0119570534740072,0.0184944832086297,0.0189543784129991,0.0120036262090893,0.0199999030734063,0.0182986993588923,0.0163729184292175,0.0163913206384856,0.0146912682629324,0.0159938231990518,0.0242138159931922,0.0235129230983335,0.0175054021423375,0.0169515370554004,0.00685314058160297,0.0192633601114262,0.0208530579215435,0.0200387407044644,0.0190115689966792,0.018235377110606,0.00633633177893588,0.0173616884346711,0.0169363518269613,0.0199354440292559,0.0214956915637204,0.0186380673078494,0.0223540760660285,0.0237630818103447,0.0177285670692106,0.0246924693905195,0.0161989952122822,0.0123658772811608,0.0184424917541544,0.0121183857091195,0.0155746016679106,0.0286452333741556,0.0133575478267565,0.0161562882720197,0.012833416637745,0.0181535732470207,0.0168041725024178,0.0154450491629577,0.0207813257957482,0.0149957079033362,0.0143307517062222,0.0161097067774585,0.019870968725965,0.0202889914021706,0.0178861110642446,0.0131018052484516,0.0176865446885693
901.742048728847,0.0272325966510546,0.0227489948397347,0.0178765504721698,0.0234728911479133,0.0268742036588646,0.0269926605867916,0.0282919341436915,0.0266055999850558,0.0200064634465338,0.02242234375883,0.0236116708916856,0.0219251005721781,0.0323918541601482,0.0198641697637027,0.0221399830769086,0.0191222661224698,0.0236455240802896,0.0260325339465093,0.0246383041413485,0.0251662613558359,0.0216389950426464,0.0186915982295707,0.0190042612431448,0.0269058380167422,0.0195486058364108,0.0258178157355565,0.023667067635473,0.0213908047845023,0.0221773775373717,0.0182990964668047,0.0252460446783044,0.0227325512777005,0.0246661338600713,0.0259326348454594,0.0147895416790454,0.0266724419381673,0.0299512942687032,0.0317514527091601,0.0190399565875709,0.0278946736099583,0.023031446060082,0.0238175376907303,0.0228326080443563,0.0251994753027869,0.0293815134828973,0.0224789065462489,0.0258381688117061,0.024204562744634,0.0216844060292992,0.0289371103661234,0.013825863970386,0.0328254011928928,0.0247356124445338,0.0203579755258992,0.0211228262722672,0.0222385411797213,0.0183803961560005,0.0250075919375281,0.0268151677946396,0.0250401245910024,0.031190753906948,0.0197192032837931,0.0279658698273094,0.0224174418815852,0.0235869771614748,0.0220523007109767,0.0236943503678198,0.017260172313165,0.0258700635296534,0.0169812629322567,0.0221565511565634,0.0216042747286063,0.0161195584358843,0.0250704906851117,0.0289101635634302,0.0238386879038763,0.0199719934723325,0.0222271074060074,0.0120806253558801,0.0239590086377854,0.0238951290151011,0.0286400543277359,0.0220654398700652,0.0185332958410653,0.0218246691926627,0.0198693534370283,0.0253517515560811,0.0229224706509102,0.0255731226125685,0.0221707738376429,0.0210613632680945,0.0288920219612284,0.0235560015671445,0.027193246536453,0.0236324385872405,0.0187566259291838,0.02586681069841,0.0227689797770853,0.0296406234597397,0.024546608989513,0.0304502323486123,0.0164760662231203,0.023029784741171,0.0238508355685551,0.0225758359726209,0.0253855449384626,0.0313843855777853,0.0152873684929406,0.0250108196076177,0.0186079788617973,0.0289570155078052,0.027608500331215,0.0257868155011842,0.0248837163739034,0.0206895556167931
904.912928439833,0.0190826111516573,0.0279171417503575,0.0154832164022282,0.0259702212321574,0.0212827330484018,0.0187163126653688,0.0196064274352307,0.0232478993088409,0.016647197812702,0.0205769164471248,0.0212494675236998,0.0145164323290366,0.00960678827213471,0.0196542654205013,0.0197520870386628,0.0221794619407867,0.0175442326436431,0.0187778228773191,0.0212501255207339,0.0222594986584965,0.0165337153909305,0.025009215808511,0.0198774126888253,0.025058197754046,0.022030114703473,0.0234419364525151,0.0202409476144059,0.0174137567328376,0.0176755264107222,0.0230059993919026,0.0146335256741674,0.0177125249316435,0.0189658965479906,0.014321003296352,0.0162142848525962,0.0243035399244769,0.0286236097795754,0.0223413458887471,0.0172910403550188,0.019612193658406,0.0133363071764089,0.0230909005650581,0.0193739888670797,0.0228064428187206,0.0146195286372285,0.0211785092974087,0.0141860585968299,0.0170128978855211,0.0231010681397804,0.0139788521681725,0.0157634617467128,0.0256022964115976,0.0164526794772479,0.021211780313194,0.0198062377622264,0.017676878065624,0.0208865275615732,0.0165931761041804,0.018915170748213,0.01935983104314,0.0115199748319753,0.023229984024257,0.016938852735073,0.0134520264425321,0.0212132990763976,0.0223719404910692,0.0201942456131782,0.0181331220300803,0.0195322563023062,0.0238517462459807,0.01811131805731,0.0295229648549726,0.020832373909782,0.014983543255299,0.0188250872529365,0.0219821564951829,0.0170269840736752,0.0219865014048749,0.0172987955178285,0.0182859655491761,0.0155352164922647,0.0245515509731778,0.0190817485093408,0.0161177629627698,0.0204988887052701,0.0169008454897622,0.0170031701939088,0.0194665641638119,0.0178372795041353,0.0240839834448135,0.0186880779867206,0.0211658852114814,0.0189122391693108,0.0280443524347914,0.023371673286824,0.0223773934529537,0.0272700675218827,0.0198045324226946,0.0244460388607512,0.022654053039752,0.0226510896790497,0.0178686343359792,0.0189587762178705,0.0268475679615464,0.0114135396507876,0.0181770960274467,0.0170252935633432,0.0238194035509445,0.0225739183573908,0.0107018225176663,0.017747501223329,0.0209043427961929,0.0146826437994424,0.0202648933193176,0.0161346814099422
908.081513349454,0.0188771572825938,0.0110307695064302,0.00926368411749883,0.0149108846200258,0.00708303601682633,0.00667292816581462,0.00508046177792294,0.00421143045010137,0.00685387214586676,0.0138379182883935,0.0156707022732962,0.0120610801072983,0.00991184573588514,0.0172669835779223,0.0130153437991041,0.0083504757272023,0.00284720073270144,0.0104286978649958,0.0071226487845402,0.00854352286689372,0.00979250495069653,0.0138490706369826,0.00824956999186942,0.00896294866471816,0.0148269469106393,0.00536436862946032,0.0157369865211353,0.0128896621586509,0.012627499157025,0.00968094835884307,0.0133116952048136,0.0158999763263922,0.00887222347609638,0.01463946012916,0.0144209796001691,0.0159709845240954,0.00752851528582071,0.0134631336718347,0.0215744139194528,0.0113203327836803,0.0175569383524223,0.0144031283433345,0.0159062526029366,0.0143878810100827,0.0117157752021382,0.0143535801891827,0.0057892468773285,0.00819677414731484,0.0147439821577902,0.0143073855287723,0.0128086399570622,0.0108394439270645,0.00816067459746413,0.0112821680863496,0.00582563773218277,0.0163757422643614,0.0168663549014673,0.0169011452126792,0.0148414223579502,0.0169419593716486,0.0161414372741196,0.0149294967808123,0.00914001923047561,0.0154073372420274,0.0145244440097637,0.0151481978009488,0.0101003106175671,0.0135290115790171,0.0142940199037455,0.0192367027809945,0.00587395679288913,0.0146249661711318,0.0134585567116521,0.00926543494522233,0.0174843734923459,0.0195731522590755,0.0151532329751786,0.0140271946169747,0.00996799519286114,0.0169656624611647,0.00987871961994624,0.0116326298936881,0.0133488406069765,0.007203088794921,0.0126589533904369,0.0111897386528308,0.0108072540255271,0.00849561742439077,0.0127750178692027,0.0125704105359748,0.0141629581003627,0.0198534482864327,0.0159111061454221,0.0130299623129784,0.015416847320365,0.0110814821854734,0.0166408276471,0.0141097611170867,0.0148417648609249,0.0113360927181035,0.0121381973799267,0.00897043499910396,0.00555595829067357,0.0120726253731718,0.01662075121912,0.0125664130099934,0.0151330218115137,0.013093119730525,0.00483557869995979,0.0153695998641798,0.0180423117159828,0.0141908908942674,0.0138811522096425,0.0211006053049104,0.00510043611029432
911.247805779648,0.0117696911444703,0.0134917870673464,0.00739707756612779,0.00546819811048948,0.000398395383668726,0.0123363399938596,0.00910006722486941,0.00840022681818801,0.0115078804719312,0.0108884280473681,0,0.0084934810855875,0.00690750191240174,0.0175811539516488,0.00843928728428389,0.00594494727498354,0.00585137354169019,0.016717696872318,0.0155195623226786,0.00939857650072315,0.012259880569833,0.00977617334244172,0.00693211978113364,0.0136682971260163,0.01245254750546,0.0143342221243604,0.00588054464227061,0.0105083037725683,0.00381010056907656,0.00999991531260485,0.010339370631702,0.00550082561784258,0.0119219250368426,0.00192431703927652,0.017966691511935,0.00492275328813431,0.00673102935725253,0.0175691842178388,0.0132144320540651,0.0116845292429297,0.00450086734742185,0.0163090640048871,0.0135121852106831,0.00760110434417706,0.00772422830104111,0.0102771605942116,0.00717696352755048,0.00906300442785878,0.00637782400811948,0.0124417144510931,0.00930232160690042,0.0148940229658449,0.00792920239114808,0.0083467240426741,0.0132940043012496,0.00907117851652065,0.0101217536533142,0.00464901139287032,0.0151420036340591,0.00306487287294304,0.00995327341523841,0.00608355716638234,0.00996532328829263,0.0107956302668526,0.00298232352793749,0.0111445857157952,0.0137145439602558,0.00672880598666516,0.0090465546453348,0.0151590330127581,0.0078113168641938,0.0132936607845568,0.012663406810705,0.00134915945713423,0.014493121468877,0.00303118007976711,0.0105693050324881,0.00826136552118226,0.0135323473489978,0.0145459161786917,0.00529825334133928,0.0124876069125517,0.0136353921403829,0.00801443375144067,0.00697854232282065,0.00765634721680015,0.00514273445500988,0.012527140241338,0.00984993562471354,0.0171487801093133,0.0123074762832186,0.0126443436369191,0.00354031861715526,0.00839509735295159,0.00855076607427972,0.00695421134916171,0.0120139861452257,0.0100386418311483,0.00962840416536518,0.00997891124961046,0.0162212982882004,0.00926225169078437,0.0151758651905523,0.00536264694168184,0.0081700352656621,0.0155166474644978,0.00672208804577389,0.00235785937610331,0.00347293793490738,0.0112745470788174,0.00736247418974366,0.00962432460156623,0.0103569734476556,0.00772138975537689,0.0156244561285926
914.411808049184,0.0216210996879894,0.00734071434147894,0.00933827907641298,0.0128154662129809,0.0130525828664281,0.0136961611749474,0.0109903977830027,0.0169028230397191,0.0177593682247081,0.0193261573649586,0.0151761466688759,0.0065709294486752,0.0132437499557111,0.014634082783284,0.0147032444350595,0.0149630220815628,0.0163601766215497,0.0175726065569421,0.00620285322871078,0.014024763367082,0.0136338375503739,0.0177036416350231,0.0175545809533352,0.0183646058377762,0.0154445906845321,0.0162606935681994,0.0211296085790759,0.0108077529545224,0.0153985069741968,0.00921740741225508,0.0106402987215036,0.0133202674980025,0.0187987973566002,0.01199338621936,0.0215034894661409,0.0149763837389838,0.00811978432028635,0.0222074226573402,0.0174784912010882,0.00933172911181489,0.0165010848701255,0.0150253582391732,0.00569608349882371,0.0155728268854143,0.00588157215341114,0.014464658080495,0.0205257209472212,0.0228422129994707,0.0110221034431798,0.013298554187577,0.0133836094374203,0.0135607397928664,0.018986193153154,0.0199475362166424,0.0108496899437756,0.0137465815914968,0.0115149532586467,0.0142165504211021,0.0198170620446692,0.0218940594401208,0.0221172974930429,0.0192236373681479,0.0199544952298696,0.0154654518225481,0.0108077710066745,0.0125139195184006,0.0206118205930939,0.0223387972962647,0.0115526495535271,0.0176302597819756,0.0162861345552999,0.0119533605196279,0.0184470700510899,0.0158616841838598,0.0186052031438907,0.010925405632745,0.0102982840225973,0.00909450595372941,0.0203590782080984,0.0192053634591471,0.00884658523484357,0.0122309568107381,0.0133651509870121,0.0201744480157503,0.0126734257884186,0.0194212642275406,0.0140620072935919,0.0197664707016585,0.0106718100404238,0.0158144813120221,0.0174074018768513,0.0246949794837456,0.00327426390605362,0.0152334368158064,0.0181432200504369,0.0105478550314198,0.0161222253594408,0.0135778340920165,0.0126563014110175,0.0174748830265739,0.0192137117275016,0.0176619750132785,0.016561018058308,0.0190977540834982,0.0182729443990124,0.0216717848232357,0.0167451788771688,0.01361283403832,0.00483226762350108,0.0104530196361004,0.0175078637163798,0.00558776461446212,0.0236485253144847,0.0172810958527334,0.0115816566235985
917.573522473643,0.0420686728327373,0.0420447436164642,0.0341717254942433,0.0429137415450353,0.0364467581596971,0.0424262491248096,0.0377881400673549,0.0416066741074433,0.0363168206630379,0.0413220008441715,0.0437799043540713,0.0432393074198157,0.0421205964282475,0.0328193471912975,0.0388592114892818,0.0441154810553345,0.0370571125027583,0.0395759043088363,0.0397981699281307,0.0402423120350879,0.0366877139954925,0.0496411349126183,0.0444621164556364,0.0416713159211144,0.0399291213652364,0.0479405284923453,0.0363699696829341,0.0347673469369094,0.0430950985003061,0.0439246258108595,0.0350031651843202,0.0398945644104798,0.0382713306434719,0.0372491437147308,0.0410757563642323,0.0363885572026539,0.0413319689917257,0.0436200400250587,0.0426060716662213,0.0400064321397421,0.0368474225399557,0.0386492810557274,0.0384703623381103,0.0339276801149292,0.0374745268881127,0.0429104966482495,0.0425711358807225,0.044150427632506,0.0384415082605336,0.0381831998413989,0.0364472027663752,0.0401894698825802,0.040255875613154,0.0358492646277321,0.0392081718665996,0.0396662098475056,0.0384254497363093,0.0341440415463482,0.0469486371166033,0.0374430978765036,0.0310324205955316,0.0377196296682016,0.0542159817584946,0.0365214147533152,0.0423068579312385,0.0386304177754495,0.0351818843037494,0.0379402032297129,0.0306840516223791,0.0359408465977825,0.0340262123018754,0.0388419517530487,0.0384953545999972,0.0358380276938958,0.033103419075668,0.04162632027567,0.0418918584749754,0.0473642071449761,0.0380812666201366,0.0380321849706497,0.0405967350392504,0.0417368274246005,0.0377477992630336,0.0377341151043889,0.0324542378694881,0.0410177985337734,0.0299986311117875,0.039864066059304,0.046360400873405,0.0402330558771825,0.0407126597057541,0.0501178847363044,0.0442960569177173,0.0428402040907942,0.0343138813170329,0.036217933465948,0.0388028375049128,0.0399658969647666,0.0382263535820244,0.0388091493093577,0.0330159380444292,0.0303818562828204,0.0398724505245454,0.0527398637243024,0.0436539081993185,0.041744302813069,0.0381506535512178,0.0364086519558766,0.0362214781880514,0.0440899051770631,0.0336753166820945,0.0452020522536212,0.0369313400258447,0.0459552462814406,0.0409594514324782
920.732951365446,0.0216793554624064,0.0208206572005149,0.0284615620266539,0.0220648987791352,0.0184495570593817,0.0239056196733756,0.0221671442350864,0.0246963933007953,0.0163157699644092,0.0215224006396225,0.0248018310212838,0.0219987196791234,0.0247889988700273,0.0249764502122181,0.0244926123015557,0.0248063459257476,0.0228620482283227,0.0268505883015433,0.0277816749380748,0.012991035676817,0.0223198010226889,0.0193387865682945,0.0246523400393765,0.0277306908998835,0.0203276430700428,0.0206291065504898,0.0174034597966197,0.0248289324175548,0.0218959692613907,0.023463282461126,0.0199683774593369,0.0262527003969185,0.0221138097002183,0.0158248039180569,0.0258768809062258,0.016652856444992,0.0284332973286204,0.0238772320675332,0.0254291654170903,0.0284289992786545,0.0243211762039954,0.0230346955139386,0.0268477835339256,0.0172697215873166,0.0237473678444216,0.0310862098482113,0.0270655967503853,0.0266842285381319,0.0164871447997924,0.0171712067450428,0.015551931127638,0.0183987114952459,0.0265493570829945,0.0199584400699217,0.0251920308583865,0.0263410512179534,0.023508410770474,0.0202292122460607,0.0291407459092812,0.0186327805779519,0.0269782196727987,0.0224100501826651,0.0226398027797279,0.0231394550430157,0.0205116906653722,0.0243758128663835,0.0288925310520573,0.0261929718032845,0.023746366964415,0.017081514351472,0.0217535505351337,0.0298816276573615,0.0244985659996785,0.019139067979897,0.0235201129617572,0.0223417733699573,0.0226955526232434,0.0256022835797453,0.0247179520994618,0.0312245090499218,0.0256824750418701,0.0276796088704977,0.017183238570305,0.0239168451703064,0.0305427837663528,0.0259778055347931,0.0226863424351563,0.0299298161446285,0.0246300990346961,0.0243903421400957,0.0243674103497627,0.0230786669210745,0.0225383011709255,0.0294307111786744,0.0136985186606041,0.0210218325583797,0.028137744382473,0.0222628409797903,0.0269356301289073,0.0219164754957334,0.0203042759346634,0.0225301011921461,0.0275304243453971,0.0255500061128806,0.023711899407582,0.0178877680223357,0.0318824816146305,0.0289471992256627,0.0222712949130129,0.0246492421722838,0.0224204154839816,0.0276726991894702,0.0230690533617114,0.0303640842590647,0.021262998077848
923.890097033857,0.0102957707929628,0.00872854416393102,0.00529430988865573,0.0012076073241878,0.013342382056509,0.0112818483393271,0.0150198765553699,0.0050760414794616,0.0118334728037787,0.0169092612714033,0.0154366216260244,0.0139836481251584,0.0200984200941068,0.0057416041689418,0.0117448413170589,0.0141992038552389,0.0167087199536044,0.0108616163831262,0.00931867803087013,0.00733141154000634,0.00794335417841204,0.00867967314076269,0.00374792793085253,0.0126862193277775,0.00985576145092621,0.00575529382708093,0.0112528911926539,0.0116545550657172,0.0108958492737052,0.0122774843219024,0.0098484953529537,0.0109941275598674,0.0174562009643366,0.0128435915181903,0.0117391457920395,0.0120651217386524,0.011684148527466,0.013329481639153,0.00824312811521238,0.0108855234883827,0.0117861756609757,0.0148335885569014,0.00763832409263909,0.00388495641975334,0.0062358771124981,0.00822286308391743,0.0137279109829821,0.0108247742634766,0.00537377539054349,0.0130855964735012,0.00875587820076114,0.0111227908316577,0.0063789176171396,0.020220448285586,0.0073159335377882,0.0119175698764269,0.0129278798860195,0.00848899118310303,0.00639287834065298,0.0030856190802206,0.00995484411723947,0.0194306554840138,0.0147966493416882,0.00920253095123137,0.0132404088819642,0.0128037485877612,0.0121691952611525,0.00896940312902774,0.0118097816398003,0.0118758827452031,0.00892690652573428,0.0105951158902199,0.0110423081120551,0.0139241086497893,0.0100984330345732,0.0149996858987438,0.0137550916386586,0.0115411282587472,0.00262286930752269,0.0173204086779351,0.0145573805951761,0.0163704592822159,0.011407260945293,0.0176628523968021,0.0118180727996614,0.0131161218013822,0.00509660985198664,0.0151618956648394,0.00503756787322381,0.00639231815825814,0.0139066028892093,0.00941200893993909,0.0156388461613272,0.0165595117176285,0.00954214613872532,0.00857793496940314,0.00270836667637728,0.00128598392158906,0.0145361389528436,0.00390745043877171,0.0156980891263984,0.0114229906854301,0.00147029822502283,0.0112700482563457,0.00758315668836568,0.0100913681508059,0.00824731004137375,0.00937787307820287,0.00448967256052525,0.0134064656977219,0.0111568863844996,0.0058227266246612,0.0108265116030925,0.0136716603980769,0.0134201216664503
927.044961784968,0.0015551880277501,0,0.00229341718907977,0,0,0,0,0,0,0,0,0,0,0,0,0,0,0,0,0.000583484491627663,0,0.000741466021281128,0,0,0,0,0,0.000623639063436763,0,0,0,0,0,0,0,0,0,0,0.000935286329185907,0,0,0,0,0,0,0,0,0,0,0.00462136660209488,0.00520723383095664,0,0,0.00161925823261817,0,0.000210539613909645,0,0,0,0,0,0,0,0,0,0,0,0,0,0,0,0,0,0,0,0,0,0,0,0,0.000168968808686364,0.00119367032780082,0,0,0.00446924454386799,0,0,0,0,0,0,1.89660102301985e-05,0.00212358254139431,0,0,0.00109490110500912,0,0,0,0.00250658766312159,0,0.000307447582760816,0,0.000211433392699582,0,0,0,0,0,0.000513910203047648,0,0,0,0,0
930.197547921736,0.0140160994198896,0.00979005338382238,0.0123705786867905,0.0136580932975164,0.0160016507805907,0.0117780692196762,0.0118336296592015,0.0214648465435105,0.0151590244531098,0.0147124366625699,0.0143202681274158,0.010059196227494,0.0123413442397142,0.0176605166321576,0.0171439043833895,0.0158249810431171,0.0124277388713374,0.0200879433096081,0.0217268846246383,0.0170474902615729,0.0138674206965791,0.0135385366309889,0.0162269716495062,0.0121438702412752,0.0141512227543618,0.0192733998467017,0.0186979428917872,0.0137913594674917,0.0168070552746224,0.0226483014822428,0.0125600230871264,0.0201238144437108,0.0119521208013992,0.0133688128023823,0.0246190005595247,0.0153145401847519,0.0171277214586275,0.0138643007162282,0.0166886920538254,0.0158501854254073,0.0150980711439073,0.0137806139704142,0.0206202786387144,0.0202989336808244,0.0154210884720463,0.0198298872688626,0.0104234830730056,0.00977047553559953,0.0129581952087637,0.0119912268220892,0.0173858799106005,0.0132210805534904,0.0176581242797334,0.0164099104498881,0.0144549419062325,0.0222820788031776,0.0145527781476924,0.0133612757244576,0.0178573375250052,0.0183131409519142,0.0207059583054949,0.0188118265369711,0.0228268007578633,0.0272095703633042,0.0212787794590125,0.0176200316021327,0.0143624250828088,0.0138677645604765,0.0117537167464304,0.0172878100167799,0.0154350722253109,0.0165257426494571,0.0170435357092344,0.0122254063205348,0.0275455328940909,0.0160440881406621,0.0185388712312052,0.0180857127069532,0.0162001214403534,0.0178397108663843,0.012897916286321,0.0174339371026499,0.00914748590464981,0.021896095383357,0.0215067375310321,0.0130622399583895,0.0206965625498403,0.0183048790730455,0.0103610247077799,0.0159909380132216,0.0176030108856086,0.00828066384421817,0.0133780881042449,0.0159436039479099,0.00943824893206241,0.00851119875257118,0.00702167444549882,0.0153630645216875,0.0199631726949049,0.0127290534655993,0.0167386543524473,0.0178634401283047,0.00964653540629624,0.0219786078007685,0.0135178708489376,0.0169699384733662,0.0151961098364329,0.0180626585076828,0.0147789618621386,0.0133267340509481,0.0154698185465037,0.0127644834150925,0.0156240747283587,0.015776440708309,0.0138850749427804
933.347857743968,0.0116224178506129,0.00251193555790785,0,0.00686566047667896,0.00280830664116297,0.00288781359433231,0.00996353046552258,0.0083040950948015,0.00583382532313209,0.0030192912025842,0.0124133838314848,0.00698154644686675,0.0032252256839711,0.00761677399029648,0.0130506202905801,0.0106369660182314,0.00410364931538591,0.00515880573167193,0.00270304986188189,0.00488337584318535,0.00759951501174074,0.0094049238419208,0.00235885570329692,0.00419361906903234,0.00849273227904291,0.00491663089108707,0.00985122429106775,0.00382021986532642,0.00846917500445286,0.00433736020087032,0.0106209332066811,0.00644917490854769,0.00288563232973239,0.00602169475833546,0.0115262992672773,0.0101606786470802,0.00419537330604168,0.00220832159745577,0.00826473099415658,0.0101963988568737,0.00532275110573858,0.00184419652958136,0.0089649946088877,0.00415496045351316,0.00597669560163098,0.000250968452567204,0.00739885126084117,0.00573145972800447,0.00616001234715424,0.00405704611353528,0.000798983640917237,0.00538282531664497,0.000153303994072796,0.00102474103664571,0.00645791843049175,0.012193738020777,0.01046535966891,0.00323435091552143,0.00330368721260417,0.00819427031651501,0.0106785635913475,0.00561533491002965,0.0090234335243233,0.00231816969449259,0.00590916905771072,0.00710024025524086,0,0.000447761877797596,0.0108816224417198,0.00222069630577774,0.00367499217591107,0.00807510519398139,0.0128953793600475,0.00972206653411544,0.0113633319365509,0.00433151408583283,0.0106543602819925,0.00234764292653082,0.00934646233357512,0.00445652612445448,0.0115136397237508,0.00720268488165486,0.0082797141840296,0,0.00492643898371136,0.00181617827991817,0.00200129040562935,0.0110180608876218,0.00576733941641458,0.00440867155374213,0.00872527258552564,0.0122524318480119,0.00204905058669653,0.00304785467120187,0.0096486101141903,0.00818968184540032,0.00506723048499927,0.007423251775577,0.00533832426669842,0.00300345821965781,0,0.00619033297974571,0.00604500745571364,0.007136149848774,0.00882977148323838,0.0123630169001924,0.00618177421588917,0,0.00352700469892276,0.0102654628969491,0.005826097975902,0.0108330194394101,0.00227160664937471,0.00506951856083061,0.00386098445917491
936.49589354832,0.0283095712805166,0.014582386026071,0.0177784159461489,0.0152385169807025,0.0202410168555347,0.0138528860443959,0.0149773494552373,0.023232766797644,0.0222008704643616,0.0168241720546429,0.0243961736978676,0.0198871527497404,0.0166506007119602,0.0149116934627694,0.0154587843954393,0.0125182840468849,0.0183119420031161,0.0162614017118193,0.0239095600122324,0.0126914756194183,0.0148791231447301,0.0167268340520756,0.0172685366965201,0.0192356447732388,0.0221774750949244,0.0132794236847696,0.0234392875085219,0.0234272900549317,0.0248358898349368,0.0111404589886572,0.00812667220659048,0.0158190494547114,0.0107998444792798,0.0176609677910815,0.0107262708842702,0.0158249282293539,0.0148548309986316,0.0159900069402106,0.0185080141436274,0.0191572260844691,0.0228328217417289,0.0232983993999794,0.0222026538309498,0.0251950716303838,0.0181014490041861,0.0148587256060856,0.0174244672417286,0.0146064259338976,0.0210528710137024,0.0245218199849549,0.0194731704338045,0.0206663615428668,0.0192222742137459,0.0174155748580731,0.0259633288808558,0.0200807975133762,0.0177753744896919,0.0111081515543566,0.0227140659254223,0.0209681725537488,0.0190043731321173,0.0154788117232904,0.0162557540448043,0.0178596339109107,0.0125993443297488,0.0197139580825522,0.0192661041219326,0.0176410124832895,0.0227544089222244,0.0166560369041962,0.0197290439944118,0.0186226605484683,0.020267835831498,0.0214396276611652,0.0170574165046424,0.0127103568762569,0.0168078538926289,0.0141349770893926,0.0117535065088564,0.018327163525481,0.0150041210625717,0.011849150599426,0.0117884684468876,0.0206891342819909,0.013816944336837,0.0184432154490505,0.02005016366089,0.0181987578128472,0.0167256037988058,0.0148232352129277,0.0180537195930887,0.0204982487309999,0.0127369699523642,0.016389083820318,0.0208293913383175,0.0194550222135203,0.014581442397314,0.0163466728446175,0.0187568033155847,0.0209642058821269,0.017747330121749,0.0215656770786877,0.016144943575671,0.019737173736099,0.0161448558056102,0.021674333434373,0.0237392137256055,0.0272656799788408,0.0212134977418969,0.0143084601511479,0.014267288982537,0.0126666388251833,0.0209323320014464,0.0216735725118112,0.019170609895663
939.641657628323,0,0.00244905711606809,0.00111355070335087,0.00192769427150758,0,0.010315522139114,0.000898954303078649,0,0.00482903836298087,0.00457233842243085,0.00804105331192762,0.00521330098588518,0.00641818890609779,0.000515935554586201,0.00592527627828537,0.00459226897452498,0.00406914438194668,0.00294372037660127,0.00272419041304971,0.00321178941985919,0,2.184063241395e-05,0,0,0.00629039723370299,0,0.00175265879431646,0.00322001685029369,0,0,0.00343618959028101,0,0,0.00378602269933284,0.00296598321994883,0.00470090423677707,0.00135770298312101,0,0.00127849538258579,0,0,0,0,0.00247219869847674,0.00108967141425442,0,0.00785502639514478,0.00301391097530333,0,0,0.00124314263506966,0,0.00170203274392728,0.000937324097632641,0.0019945982223194,0,0.00281048963207459,0.000966060633674266,0.000473502858631327,0.000474104988904685,0.0111215433016877,0.00280327779837037,0.00567406558772899,0.00224304917898279,0,0.00702616371026466,0.0030501628841437,0.00858011081084135,0.000241891018007346,0.00758457813539517,0.00468018428543108,0,0.00183073663749986,0.0101643541336475,0,0.00261173406866821,0,0.00223572005268763,0.0037938827109319,0,0,0.00380742109310386,0,0.00195613184236244,0.00318444239501644,0.000621369181034738,0.00242016583149893,0,0.00460473780035138,0.00322526076200207,0.00380364106203658,0.000903877152269347,0.00304412643259278,0.00511800626318678,0.00345878804353644,0,0,0.00512593689022406,0.00026567574432183,0.000145035984300464,0.00228278055674931,0,0.00375343997022283,0,0.00543568257714435,0.00419720060851709,0,0,0,0,0.00570418062777678,0.00694630903569083,0.00267971584114024,0.0104045604090002,0.00535664347946371
942.785152274379,0.00969773105984836,0.0102022778866161,0.0018894548834098,0.00269865590410704,0.00241437412963804,0.00677061076007751,0.00483745573764335,0,0.0045830710465706,0.010763951910277,0.0034377911345373,0.0048687232086173,0.0016777861609399,0.00454327750370055,0.00614820184095974,0.0102688412436194,0.00699231983798725,0.00426564469386808,0.00245513627554272,0.00290456538608221,0.00447301326144413,0.000777408815751564,0.00361502973423961,0.00274803274526642,0.00383401846815573,0.00400830054459299,0.00837892751344694,0.00398439703707231,0.0124201063884066,0.00233122236760763,0.00475563106954028,0.00505029900103252,0.0101644058902583,0.00509891399078454,0.0117771134774101,0,0.00815967548230791,0,0.00820939371780409,0.00347721420765093,0.00435600383118019,0,0.00264282846042541,0.0131051154388699,0.0115809852401712,0.00820176014833821,0,0.00433566487678599,0.0025352728987415,0.00260539162273456,0.00362436109364486,0.00172377435673125,0.00623083398588119,0.00707729297685747,0.00112693985660717,0.00531488081943368,0.00032953312489083,0.00500502331923637,0.00178648565156035,0.00232784568885915,0.0151118344860384,0.00245879806144192,0.0112721273361885,0,0.00657983405469621,0.00939963798624623,0.00548216220448925,0.00115217550753057,0.00544535961077928,0.00178441524374367,0.00544410056680585,0.00276816968332518,0.00534506717946545,0.00107049442247329,0.00216091385261409,0,0.00208050086540704,0.00905147261167148,0.00945692527335746,0.00460787280943993,0,0,0.00234234583651188,0.00268562556268027,0,0.00247263570154406,0.0107251785757648,0.0068027813720517,0.00428029642362316,0.0093307981748396,0.00133159652378955,0.00164103149048884,0.00325485906934445,0.00368116115305331,0.00693938730991053,0.0082828251152426,0.0111796635907284,0.00206107524096821,0.010368200447406,0.0064586187328823,0.00249751778501259,0.000344591208852335,0.00396693794452408,0.00562341642177581,0.00290829421860171,0.00760160270902135,0.00024611827723958,0.00343952987712598,0.00467902520023118,0.00376952165516702,0.00864702567878065,0.0114594579501014,0.0050432634410784,0.00677720881037883,0.0120240418408099
945.926379773757,0.00886455491153555,0.0190232193847567,0.013017829848876,0.0224286419853099,0.0176744834010552,0.0150288300354287,0.0151301839860037,0.0193433520125206,0.0166443611647583,0.0191186724817691,0.0132591713354505,0.0166478567512865,0.00902946057690743,0.0118157342265203,0.0145003610605897,0.00994926923750464,0.0131282018399526,0.0153448574328092,0.0129088718649379,0.0106899449780088,0.0155251784974049,0.0146266029443543,0.0157864977354658,0.0205050297497263,0.0131958927839301,0.0112664779920207,0.0219443127891507,0.0122723768565757,0.0185574075532619,0.0123875228295006,0.0241206159326085,0.0111809184288893,0.0147675502489372,0.00423363945762511,0.0136282731117087,0.0149082176396206,0.0215400590226554,0.0248033943514724,0.0156814765365839,0.0129562701028347,0.0129303151974555,0.0165773894157712,0.0245190404364478,0.0171673047877993,0.0101976122759266,0.0150651714628622,0.0137215523493529,0.0255712076056062,0.0136079579173609,0.0153993351753256,0.0173928186777725,0.0169846265828239,0.0166698948217008,0.0223678763401351,0.0178584282008144,0.0153590221434489,0.0119619594410153,0.0128567247463289,0.0184341284640962,0.0205317787297343,0.0153144903284571,0.0139090590571213,0.023337630989175,0.0141604743828421,0.015399950450786,0.0160711551579979,0.0139421800266112,0.00957423432560016,0.0100867691360323,0.0205687549863114,0.0182022335024017,0.0138357133049506,0.0181845480887315,0.0116706035078994,0.00783179532315843,0.0122691165069795,0.0152341894311744,0.0153089983500908,0.0134769357836284,0.0200916289003813,0.0200049389994696,0.0125105804920455,0.0162413874285986,0.0228777652595241,0.0106284248392193,0.00923665796755708,0.0114561250791251,0.0144966670059565,0.0152158793943382,0.0191857614030156,0.0181375748590995,0.015751742556377,0.017223669788458,0.0126254637997563,0.00766795210487618,0.012347792218201,0.0162987135302512,0.0202137207001113,0.016062835287009,0.0160879770814728,0.0178507628091491,0.0102855415776952,0.0206242460923777,0.0225080081554202,0.00910879223111314,0.022782213790318,0.0150678856765653,0.0118645161087505,0.0130584560018636,0.0187313076468612,0.0143236337484152,0.0154260627091522,0.0101130393735575,0.0146163088855473,0.0186840093601945
949.065342410614,0.0186289607639965,0.0165452641836571,0.0159598083467843,0.0155982939451953,0.019491319172773,0.0114692576876195,0.017463823630331,0.0137095244785602,0.0206672156158895,0.0111854185797132,0.0225385589104062,0.0157365622820508,0.0108735823341325,0.0131181542177629,0.016878226229748,0.0194216898879679,0.0128168787923166,0.0171941341897303,0.0136982061351871,0.0217080589042279,0.0140989501541749,0.0197341432317737,0.0154588528249231,0.0168971837619526,0.0139500418520112,0.0201408694283848,0.0168002331318588,0.0157117608396105,0.0177036993027904,0.0191594439445816,0.0210483561822527,0.0183764803495284,0.0177192791769126,0.0163857244189709,0.0229594144815155,0.0216246294888,0.0168014705146777,0.0201461921262097,0.0110612637462239,0.0262189061540666,0.016483967401609,0.0205072239503592,0.0144500798708518,0.0157527897005254,0.0239108807301861,0.0219212172388189,0.0226287244858304,0.0198787343086543,0.0154512626058664,0.0249082502494761,0.0170465825192006,0.0220181365391422,0.017956354615927,0.0209511149458434,0.0208274080570183,0.016676729979228,0.0186992620229769,0.0108785927617519,0.0169925027723848,0.0152826977895488,0.0279305922352063,0.0178416375279147,0.0159708182544477,0.0110909656754082,0.019906787381717,0.0168156557528299,0.0191024861369983,0.0174423343604794,0.0152752178460993,0.018579179284705,0.0145871892326386,0.0183794700127549,0.0233310942079982,0.0107708469427806,0.0189663204007156,0.0135557380086725,0.0191967490253474,0.0171537658535543,0.0202157327931866,0.014849297539663,0.016955432110603,0.0187806634137188,0.0279411456479297,0.0208884736212813,0.0162369965392309,0.0170867876053096,0.0148821069522266,0.018430304539107,0.0159498386427166,0.016689247837061,0.0167224922605858,0.0116570155742169,0.00585655941764094,0.0177350928120823,0.0226610291799927,0.0169576212562222,0.0175848064573173,0.0122361359079703,0.0195498407683735,0.0157399740382192,0.0131825273095723,0.0115610252872645,0.0158873142966271,0.0183932269501814,0.0185777664561494,0.0176022000758534,0.0195756567005205,0.00763284417219447,0.00723067374773607,0.0211023401170715,0.0188962542877617,0.021541313576331,0.0113764333434799,0.0197161783774597,0.0118571180698431
952.20204246599,0.000813892741764606,0.00115550661981859,0,0.00821890586343966,0.0057152715673476,0.00736573058840092,0.00653723552463542,0.00482659911056688,0,0.00324483794913357,0.00775685230128458,0.00158356306397099,0.00996026814085886,0.00899275639623179,0.00406030796252638,0.010376748860264,0.00444848465829353,0.00927112395213108,0.0112613888058904,0,0.00670109917333958,0,0.00589098815651869,0.0138296843093539,0.00555908005675421,0,0.0111146786979154,0.00946133905494166,0.000189107104011481,0.0106321585754159,0.00757446843754075,0.00144036769991962,0.00860734024376563,0,0.00821702035515017,0.0131772643604675,0.00931141191858423,0.00411212305291141,0,0.00752090423760211,0.012789062513216,0.00110401598870059,0.00491534961204715,0.0126903002123656,0.00956703021800003,0.0149818785450214,0.00323596517668469,0.00664126574197435,0.00426801342750616,0.000540271740030722,0.0123525490355328,0.00391487290110341,0.00363478264584738,0.0103690997839677,0.00508215743463731,0.00872319936650106,0.00316223484526344,0,0.00239317592026149,0.00893605497285129,0.00975778415273656,0.00513684918793574,0.00751760357820211,0.00637481132538905,0.000723926211262768,0.00840427065903626,0.00998924754528874,0.00725890340958981,0.00825793915374006,0.0100245429261947,0.00223653004414312,0.00282374780221771,0.00651148841293542,0.0126002073140561,0.00273816282360949,0.00451386050077402,0.00532470305221487,0.0107312436419651,0.00950072774122816,0.0117808062464015,0.00413364421828078,0.0134657773507441,0.00620385222710122,0.00483040746164821,0.0109966700884098,0.00798254763017295,0.00803195476225966,0.00788127816866847,0.00755540574558118,0.0157956449243134,0.0147647003186761,0.00059702999815814,0.00219098366770988,0.0124489734661081,0.0102011418980609,0.00775709389291403,0.0123055521337328,0.00751681402586802,0.00597859783533864,0.00707641778840874,0.00634348527853036,0.000383285718438832,0.00840120111103776,0.00673572697841643,0.00838519817593581,0.00438088302900431,0.00997244729340175,9.42706079918114e-05,0,0.0059588585267968,0.0042720783715894,0.00662798145323635,0.00611994242232739,0.00568561524517354,0.00610145190273377
955.336482217814,0,0.00995437344846334,0.00819046421485854,0.00625151084208989,0.00483070498936678,0.00325523632645334,0,0.00566268569574141,0.00513360381143844,0.00289464169523774,0.00419306838741914,0.00286330201311265,0.00628966980104413,0,0.00208430776309687,0.00295789506804781,0.00197657463080081,0.00459589070353178,0.00828110942032842,0.00376284950977136,0.0101405528391412,0.0108213575403452,0.00500617238002695,0.00199303595919695,0.00791174986777127,0.00648338886494262,0.000613008512394105,0.00374188790515275,0.0122149687641224,0.00482827403193643,0.00120523791069517,0.00433302471061872,0,0.00322295618320349,0,0.00959454467067335,0.0127908809537864,0.00647839583529236,0.00729043648159272,0.00668787922905011,0.00630184206122534,0.00395946446793981,0,0.00469833823431245,0.00600471881209399,0.0102415715927884,0.00233524392882939,0.00847229662528338,0.0022997832346952,0.0018406944225451,0.00439605945537739,0.00947217973791175,0.00383133012874186,0.00570587113920356,0.00418546370970609,0,0.000109711539846149,0.00308170993226263,0.00477275615462134,0.00967076518090162,0.00237861939739728,0.00851892501356086,0.00661143243085926,0.000558654994241811,0.0095223431307866,0.00429135818215046,0.00580707544445662,0.00691106460751731,0.0101051154517163,0.00856721508184617,0.00133499507204133,0,0,0.00511904677897401,0.00291609914780923,0.00307008297816819,0.00549154270865299,0.0109096277886207,0.00750210114007696,0.00597920380261008,0.00920771844534979,0,0.00802512984125252,0.00336791999648145,0.000328552669969253,0.00761830285583735,0.0060390159198904,0.0107283886043701,0.00612907145657044,0.00577106823342841,0.00047887150634888,0.00933391119540306,0.00512584410173637,0,0,0.00517514670665661,0,0.00605590167770569,0.0138512452703605,0.00283685503851731,0.00436580708976458,0.0113847188452608,0.00364985187886013,0.00529824301930307,0.00255331153673395,0.00668551837345701,0.0155505322291654,0,0.00593110894764551,0.000656042253613513,0.00170272323965096,0.00464376120996269,0.00139920209537819,0.00421470178822074,0.00465225191813088
958.468663940918,0.0218987255965241,0.0165954397521697,0.00511315214444606,0.015657143113874,0.00877619356365065,0.0163168784904802,0.0164712668777446,0.014056603163511,0.0166316046364599,0.00959229671527524,0.0107782954160204,0.0162673611742252,0.0103118122793206,0.00939459172796744,0.00661077800194524,0.00859795467579494,0.0107679879657809,0.0096785376210012,0.00958609281706171,0.0125999757022173,0.0141153034746228,0.0126320216445058,0.000312677166225823,0.0180783301226844,0.0113326638601539,0.0104669969485332,0.0109440808844225,0.0146913877983939,0.0129524640625314,0.0126706367766522,0.0139762751798188,0.0125798638389182,0.00461098143896951,0.0131833850057407,0.0113345306482885,0.0125005300851328,0.00418900143569954,0.0137101306365817,0.0185765919777513,0.00693095963464149,0.0131757828358142,0.00415739782948364,0.0155978339280569,0.0147485556862007,0.0137635108315902,0.00990654738431538,0.0144857962836444,0.0124500551692763,0.00683434731515528,0.0156988058894671,0.00999777677654114,0.0128710619414296,0.0104766744132826,0.0123486761704331,0.0208885113270387,0.00478414675956717,0.0187746108996995,0.0130887977143243,0.0109809354983458,0.0153059683265541,0.0149737633872006,0.0231598722655706,0.0137920336047716,0.00730505750952664,0.00970201567469204,0.00932057634797942,0.00600741736362171,0.012571337010389,0.0102818799408526,0.0125678764243444,0.00479084554682852,0.0129616919856919,0.0118286920992641,0.0129543467751606,0.0101994438972818,0.00542196961074743,0.00943311731432083,0.0116317145241862,0.0120391626549966,0.0165277864188484,0.0164450183210811,0.00777682882477395,0.0136759217470254,0.0100111467709192,0.00916919780869686,0.0088872884685641,0.0148486226602441,0.0178576081015241,0.0116709792514575,0.0123773377572539,0.014578598584514,0.0100353445754559,0.0108069377910382,0.0160718487322268,0.0105106284051619,0.0114204438448792,0.00992347963760168,0.0187381203410535,0.00411591740880456,0.00579086641462625,0.0159044397811659,0.0218380638590744,0.00711720954396223,0.018387001942673,0.0130932871528555,0.0164820095530461,0.0124424034568783,0.0168952540443989,0.0142827087979935,0.0155889453575632,0.00186772264606317,0.0123547454580872,0.0124107932672841,0.0087470450449497,0.0123623089682811
961.59858990703,0,0,0,0,0,0,0,0,0,0,0,0,0,0,0,0,0,0,0,0,0,0,0,0,0,0,0,0,0,0,0,0,0,0,0,0,0,0,0,0,0,0.00010755529775003,0,0,0,0,0,0,0,0,0,0,0,0,0,0,0,0,0,0,0,0,0,0,0,0,0.000165144921838526,0,0,0,0,0,0,0,0,0,0,0,0,0,0,0,0,0,0,0,0,0,0,0,0,0,0,0,0,0,0,0,0,0,0,0,0,0,0,0,0,0,0,0,0,0,0,0,0
964.726262384784,0.00849152794683923,0.0018973398128414,0.00548137375503557,0.000308818244820174,0.00374858207412682,0.00645182809601083,0.00517382214235472,0.00380797752210375,0.00587666510025964,0.00343052572187779,0.00415072635855038,0.00996902353576088,0.00788533371224614,0.0092278595277765,0.0134737583105063,0.00896937513594491,0.00632771243560963,0.00843083642155709,0.00627461432525122,0.00541416667768481,0.0133691248312705,0.00586099836181808,0.011001470313524,0.00641845877978306,0.00794156295213977,0.00705091775478336,0.00807496243858768,0.00698448433723838,0.0117218663094206,0.00212009429963453,0.00776788994920395,0.00921787783786594,0.00332767428766516,0.0130047599561345,0.00479849569014813,0.00475962181991813,0.00617402010534202,0.00812090058409841,0.00926823716080923,0.000355979269416048,0.0035084607072535,0,0.00405952223978111,0.00748195055207946,0.00336894777243515,0.00811324480047723,0.00829767201916381,0.00369456304561867,0.00232154214033266,0.00897895847363023,0,0.00566354956298752,0.00814664261508121,0.0105303230996895,0.0080571195410488,0.00953743652119491,0.0104639307474038,0.00907243088556478,0.00310340783339895,0.0107443503438009,0.0115224642675767,0.00735926353548143,0.00762890005612852,0.0021969739429426,0.0148852631754339,0.0102105210116133,0.00199787462401898,0.00200013478189923,0.0139418896805705,0.00360794009840252,0.0100459927461481,0.0094965800975387,0.00833548953189481,0.00835609867765996,0.0050498653412434,0.0101055778799711,0.0124342751138357,0.00920090639208119,0.0112796542629356,0.0125244105285691,0.0026892386215938,0.000958126194694705,0.00522872961779458,0.0059711092396774,0.00352087842888522,0.00757857037648419,0.00326230907293447,0.0101146332903788,0.00663850113748357,0.0030282960219817,0.00793776033797538,0.0151649097091053,0.00783291876911126,0.00381161301035317,0.00255952283391275,0.00291023660252568,0,0.00489824422472114,0.00662579347498016,0.00337032240636753,0.00380169126258594,0.00213976713785728,0.010192900679859,0.0111725879501354,0.00794745938107743,0.00659635695730521,0,0.00672099089895239,0.00638930384219198,0.00166631031144276,0.00766002330128767,0.00889114827578587,0.00619211418197383,0.00467853625946674,0.0083518750128721
967.851683639732,0.00442954416336577,0.00206588104052685,0.00238402056447954,0,0.006061972027303,0.00177807142117148,0,0,0.00450527103782376,0,0.00323237473691874,0.00294979219936689,0.00583696294919346,0.00994803395882524,0.00550402610658749,0.00533427058395081,0.00221969461321356,0.00427076960304191,0.00273145975538679,0,0.00322630204586372,0.00273846767741433,0.00846092629111315,0.00222150982518761,0.00166736924940734,0,0.00182158693733496,0.00500413565940899,0.00169570865199347,0.00557288545935637,0,0.00565085850425829,0.00404629695326736,0.00503676366570309,0.000718500159474335,0.00385650554781069,0.0096263768292641,0.00504545175546074,0.00460337933296182,0.00328666695797258,0.00590588151508014,0,0.00369394699053907,0.00657363869145681,0.00948994659683816,0.00113999536578556,0,0.0017298623900104,0.00249651793976008,0.000965862781576841,0.0034323225371864,0,0.005089161880514,0.0036855868711159,0.00273209516535109,0,0.00195419312053238,0.00596343781955496,0.00490812925551279,0.00381932817233715,0.00573690037656773,0.0026681067417558,0.00022085504462068,0.00783067356958077,0,0.00499519580574236,0.00766486458775989,0.00490706922253239,0.00689041573501777,0.00594932428875316,0.00420816604435409,0,0.000814962481458566,0.00413179096876523,0.00793625738541429,0.00428920176268624,0.00014940163580341,0.00549764066533618,0.0016217064922153,0.00397030473368106,0.00231182319853087,0,0.00647597030750872,0.00880898839046263,0.00258460056106599,0.00828127282157742,0.00772836867094987,0.00596529243217427,0,0.00156421898640491,0.0070185056015927,0.0024656583266498,0.00468431900283526,0.00614671036095065,0.00872921826110126,0.00692742609920563,0,0.00232250705718884,0.00897078683479874,0.00242715806547809,0,0.00391503549452795,0.00705963135997137,0.00486447338960935,0.0037270303621235,0.00351860683356086,0.00578935065688044,0.000249399903136851,0.00434463039318479,0.0029015971724749,0,0.00310694624803251,0.00850041276493006,0.000995380282402713,0.000945138269038135
970.974855934344,0.00195208018418608,0,0.000916078541904869,0.00173372105565012,0,0,0,0,0,0.00104121571854881,0.00123853490756358,0.00364405756771766,0.00158206043842804,0.000904645144361603,0,0,0,0,0,0,0,0,0,0,0,0,0,0.00194169331380366,0,0,0.00262717077138079,0.00797469661345373,0,0,0,0,0,0,0,0,0,0,0.00169818312744547,0,0,0,0,0,0.00049529043478346,0,0,0,0,0,0.001802428540848,0,0,0.0050312102045614,0.00177506612631486,0,0,0.00494471840572842,0,0,0,0,0.000156599343145656,0.00288662018932879,0.00149597587910658,0,0,0.0027472134518782,0,0.00263748619634553,0,0,0,0,0,0,0,0,0,0,0,0.00351088119100095,0.000297757440674739,0,0,0,0,0,0.00263067636376763,0.000274020491309942,0.000620829580243865,0,0,0,0,0,0,0,0,0,0.00441397198408521,0,0,0,0,0,0,0,0,0.00113055449717808,0
974.095781528001,0,0,0,0,0,0,0,0,0,0,0,0,0,0,0,0,0,0,0,0,0,0,0,0,0,0,0,0,0,0,0,0,0,0,0,0,0,0,0,0,0,0,0,0,0,0,0,0,0,0,0,0,0,0,0,0,0,0,0,0,0,0,0,0,0,0,0,0,0,0,0,0,0,0,0,0,0,0,0,0,0,0,0,0,0,0,0,0,0,0,0,0,0,0,0,0,0,0,0,0,0,0,0,0,0,0,0,0,0,0,0,0,0,0,0
977.214462677025,0.0022815205046094,0,0.00232375431663629,0.000966566246865896,0.00436589955205045,0,0.00636030751902489,0.00700994778039077,0,0.00676702913234123,0,0.00335939329021768,0.00185308002875515,0.000146312388608308,0.00759497766602053,0,0.000592607835228405,0,0.00386839036120279,0,0.00149801165588577,0,0.00134564261444208,0,0.00914692177242329,0,0,0.00870894136136835,0.00703786914817365,0.00333154746321727,0.00402597360485964,0.0067070642050847,0,0,0.00341578986236716,0.000568266715493427,0,0.00498416084178595,0,0.0028335852197495,0,0,0.00472572597241363,0.0054524143656544,0.00516039980980855,0.00334687654636316,0.00890315177937048,0.00710490256384722,0.00461159991722247,0.000925912674712201,0,0.00354465916068484,0,0,0,0,0,0,0.00535327875286874,0.000455737498062535,0.00778433995144096,0,0.00547781186145815,0,0.00256889379158768,0,0,0.00265546343194697,0,0.0020064453063641,0.0008414450054248,0.000317226815170111,0.00182231958905333,0,0,0,0.00323453281646248,0.00866759033272554,0.00423317837528685,0,5.77224902534988e-05,0,0.000864889198950052,0.00322425944547737,0.000281784363352723,0.00160556345297476,1.09496685678336e-05,0.00420242152261871,0,0.000354894038759935,0.00690298278457021,0,0,0.000539337385805861,0.00744031704503019,0,0.00589756805265439,0,0.00331690379868608,0.000667878631347833,0.00494420839000211,0.00216850207876385,0.00146071193949862,0.00205123907607849,0.00140208774041711,0.00281862363648646,0.0028752085218988,0.00114748836389092,0,0.00547542611304351,0.0049120761717774,0.00134799308636742,0.00290564251390794,0.00957821315019099,0.00187276581672276
980.330901634669,0,0,0,0,0,0,0,0,0,0,0,0,0,0,0,0,0,0,0,0,0,0,0,0,0,0,0.000792575769922101,0,0,0,0,0,0,0,0,0,0,0,0,0,0,0,0,0,0,0,0,0,0,0,0,0,0,0,0,0,0,0,0,0,0,0,0,0,0,0,0,0,0,0,0,0,0,0,0,0,0,0,0,0,0,0.000615775618203893,0,0,0,0,0,0,0,0,0,0,0,0,0,0,0,0,0,0,0,0,0,0,0,0,0,0,0,0,0,0,0,0,0
983.445100651119,0,0,0,0,0,0,0,0,0,0,0,0,0,0,0,0,0,0,0,0,0,0,0,0,0,0,0,0,0,0,0,0,0,0,0,0,0,0,0,0,0,0,0,0,0,0,0,0,0,0,0,0,0,0,0,0,0,0,0,0,0,0,0,0,0,0,0,0,0,0,0,0,0,0,0,0,0,0,0,0,0,0,0,0,0,0,0,0,0,0,0,0,0,0,0,0,0,0,0,0,0,0,0,0,0,0,0,0,0,0,0,0,0,0,0
986.557061973506,0,0,0,0,0,0,0,0,0,0,0,0,0,0,0,0,0,0,0,0,0,0,0,0,0,0,0,0,0,0,0,0,0,0,0,0,0,0,0,0,0,0,0,0,0,0,0,0,0,0,0,0,0,0,0,0,0,0,0,0,0,0,0,0,0,0,0,0,0,0,0,0,0,0,0,0,0,0,0,0,0,0,0,0,0,0,0,0,0,0,0,0,0,0,0,0,0,0,0,0,0,0,0,0,0,0,0,0,0,0,0,0,0,0,0
989.666787845913,0,0,0,0,0,0,0,0,0,0,0,0,0,0,0,0,0,0,0,0,0,0,0,0,0,0,0,0,0,0,0,0,0,0,0,0,0,0,0,0,0,0,0,0,0,0,0,0,0,0,0,0,0,0,0,0,0,0,0,0,0,0,0,0,0,0,0,0,0,0,0,0,0,0,0,0,0,0,0,0,0,0,0,0,0,0,0,0,0,0,0,0,0,0,0,0,0,0,0,0,0,0,0,0,0,0,0,0,0,0,0,0,0,0,0
992.774280509374,0.026337189235202,0.0139473472383458,0.0237353342270118,0.0179158221281216,0.0270416492212036,0.0248386880401585,0.0197763180127252,0.022230062825983,0.0200947863100193,0.0231502446767892,0.0202547566420171,0.0237745323532342,0.0222262516549938,0.0182090628870948,0.0212705095139738,0.0195879085426105,0.0238859034663621,0.0223071963689666,0.0187043395299369,0.0213776801756555,0.011334143684486,0.0233931762207976,0.022684613469537,0.0188094719545639,0.0184528454344491,0.0176274559070085,0.0130313038469531,0.0228383509800124,0.0190530041366694,0.0264188719630625,0.0200027427489703,0.0224701545774482,0.0194445122183713,0.0192281289460873,0.0224135540167884,0.015360552099591,0.0238552081750071,0.0202818222056766,0.0214271973426562,0.0129717631063592,0.0192933846264807,0.0207674171301165,0.0222101905156617,0.0171422309709128,0.015092168805546,0.0223516107006236,0.0253073688916693,0.0218693596232084,0.0167008353667494,0.0218669913705791,0.0202099021424406,0.0261821967705963,0.0164617530511598,0.0225163482549856,0.0242917705641719,0.0219072410649178,0.0216486571393146,0.0218132690142827,0.0229647125570228,0.0229078739461118,0.0191825916938033,0.0164275503038072,0.0303105519355879,0.0248152661293,0.0225650435000838,0.0260285621032229,0.0182117960953199,0.0219382984959285,0.016243595957021,0.0211868044207529,0.0200281667089429,0.0215642370246802,0.0216858670402861,0.0210179680476247,0.0193201565588586,0.0194701794476611,0.0242886635540549,0.0191574583606057,0.0135603877571587,0.0220176942229686,0.0196955661598641,0.0275830982754387,0.0200814575992658,0.0226473793380234,0.0225334969576207,0.0158773461469671,0.0210830239235312,0.0229509207164076,0.0217864054022093,0.0229120868452767,0.0165979676420984,0.0317917765613503,0.0161732602467609,0.0125854762489196,0.0194495124347411,0.022289031824753,0.00975627702579821,0.0201452889273301,0.030260622162532,0.0190364265565394,0.0212534357732994,0.018982309867565,0.0218074843305492,0.0263148686074689,0.0161577573568797,0.0193925611166023,0.022309993908794,0.0219648357419249,0.0194553930715801,0.0213194314894438,0.0164215363073891,0.0207585799495681,0.0191561442404847,0.0232209830730175,0.0169634580981201
995.879542201883,0,0.00330925092181102,0.000411019323660771,0,0,0,0.00187498656507222,0.00461761436438016,0.00742925340747577,0,0,0,0,0,0,0,0,0,0,0.00368386121039362,0.00547735708579814,0,0.000540741302775957,0.00141717928382289,0,0.0020608197231912,0,0,0,0,0,0.00116064816931217,0,0.00632498449089199,0.00116802204106477,0,0,0.0014520121822313,0,0,0.00214221238529981,0,0.00284754401116059,0,0,0,0,0,0,0,0,0.00530505009387969,0,0.00538461494295733,0,0,0,0,0,0.0028462975332011,0,0.00310233885619391,0.00180692387380797,0.000340408659735956,0,0,0,0,0.000822862436148265,0,0.00104648751637094,0,0,0,0,0.0016510674719173,0,0,0,0,0,0.0061942568583454,0,0,0,0,0.00333831105982001,0.00427438509504252,0,0,0,0,0.00471405830193362,0,0.00196474888345269,0,0.00548401336220533,0,0,0.000316993214025884,0,0.00663614218984191,0.00217060929456144,0,0,0,0.00448265163971856,0.00279381451364782,0.00152221085745377,0.00554230050257259,0,0.0111493144847361,0.000247064224316585,0.0014557631430896,0
998.9825751584,0.00166962331112423,0,0,0,0,0,0,0.00753286195568144,0,0,0,0,0,0,0,0,0,0,0,0,0,0,0,0,0,0,0,0,0,0,0,0,0,0,0,0,0,0,0,0,0,0,0,0,0,0,0.00103640576251849,0,0,0,0,0.000559947375341231,0,0,0,0,0,0,0,0,0.00318395816912507,0,0,0,0,0,0.0036457331635673,0,0,0,0,0,0,0,0,0,0,0,0,0,0,0,0,0.00225693155398005,0,0,0,0,0.00321353803044924,0,0,0,0,0,0,0,0.00011370258672434,0,0,0,0,0,0,0,0,0,0,0,0,0,0,0,0,0,0
1002.08338161085,0,0.00460056686564253,0.00227600893263796,0,0.00479091205893123,0.00689196752853994,0.00581756293777266,0.0039593490303109,0.0088545540136171,0,0,0,0,0.00881986476169367,0.00478550347753289,0,0.000126251875086321,0.00748326743071014,0.00361557178338533,0.00554166718739148,0,0.00457243708306487,0.0029471433037194,0.00330846599433421,0.00161315647625649,0.00121614891571432,0.00799596361449193,0.00112983846335476,0.00976220985938905,0.00711012524498294,0.0033744790017342,0.000878905909689539,0.00170206183578197,0,0,0.00814989592340934,0.00824525283912305,0.00492334954127697,0.00559713226395492,0,0,0,0.00145877901967031,0.00604445534986655,0.00415918894138234,0.00401906242029338,0.00385606965435565,0.00126707965856493,0.0013245682018222,0.00421380569594697,0,0,0.00819872919475564,0.000196691591592122,0.0037461241618753,0.00322708150379833,0.00355688149345942,0.00359247019455928,0,0.00360249910783111,0.00813809777498915,0.00594269512308945,0.00521786176846267,0.0125836237046731,0.00726443527334461,0.0026828573017837,0,0.0102623344694472,0.00600726574808328,0,0.00507422111169936,0.00340456405957513,0.00170109396417405,0.00325039313797042,0.00537603089863748,0.00945601185850686,0.00779472301761485,0.00347140103388827,0.00295666582845129,0.00382169686665105,0.000493124446730988,0,0.0116021605287847,0,0.0070928490635237,0.00251102533450988,0.00728851500336368,0.00389925563876043,9.00630955690228e-05,0.00332269381339241,0.0040328660771148,0.000483678788912732,0.00270456315506129,0.00356663960843032,0.00979604709224842,0,0.00457564427212312,0.00844194089709224,0,0.00440473886822363,0.00209135919561728,0.00682075075233512,0.00894574588819169,0.0115297554874622,0.00114556653834204,0.00838625288997749,0,0.0084356843515085,0.00441857795382491,0.00461062972220235,0.00242903427115302,0.00161796061085359,0.00149085646928027,0,0.00428033284733937
1005.18196378813,0,0.000937396584054336,0,0,0,0.00107918963889106,0.00327585539972923,0.00524419325551293,0.00206441268127716,0,0,0,0,0,0,0,0,0,0,0,0,0,0,0,0,0,0,0,0,0,0,0,0,0.000148091694896405,0,0,0,0,0.00305609171847015,0,0,0,0,0,0,0,0,0,0,0,0,0,0,0,0,0,0.00149965359564972,0,0,0,0,0,0,0,0,0,0,0,0,0.00517876769592651,0,0,0,0,0,0,0,0,0,0,0,0,0,0,0,0,0,0,0,0,0,2.92495456138556e-05,0,0,0,0,0.000835236125344059,0,0,0,0,0,0,0.00192700445856165,0,0,0,0,0,0,0,0,0,0,0
1008.27832391613,0,0,0,0,0,0,0,0,0,0,0,0,0,0,0,0,0,0,0,0,0,0,0,0,0,0,0,0,0,0,0,0,0,0,0,0,0,0,0,0,0,0,0,0,0,0,0,0,0,0,0,0,0,0,0,0,0,0,0,0,0,0,0,0,0,0,0,0,0,0,0,0,0,0,0,0,0,0,0,0,0,0,0,0,0,0,0,0,0,0,0,0,0,0,0,0,0,0,0,0,0,0,0,0,0,0,0,0,0,0,0,0,0,0,0
1011.37246421771,0,0,0,0,0,0,0,0,0,0,0,0,0,0,0,0,0,0,0,0,0,0,0,0,0,0,0,0,0,0,0,0,0,0,0,0,0,0,0,0,0,0,0,0,0,0,0,0,0,0,0,0,0,0,0,0,0,0,0,0,0,0,0,0,0,0,0,0,0,0,0,0,0,0,0,0,0,0,0,0,0,0,0,0,0,0,0,0,0,0,0,0,0,0,0,0,0,0,0,0,0,0,0,0,0,0,0,0,0,0,0,0,0,0,0
1014.46438691273,0,0,0.00322375623769749,0.00296032260595119,0.00622960368502501,0.00240391838511992,0,0.00583040574799622,0,0,0.00587309550308716,0.00118571976054707,0.00630900375479351,0.00328412831864228,0.00244902893125838,0.00075079307013266,0.00541333342929952,0,0.00417796605093164,0.003802412531139,0.0114452088982984,0,0.00824864379242556,0,0.00740596259921724,0.0097542765251952,0.0029985348259439,0.00475499176312901,0.00160925642257232,0,0.00210740952586042,0.00615757168238042,0,0,0.00141352879227426,0.00695039215919705,0.00474577038942289,0,0.00364197888138103,0,0.00496425172948963,0.00724218720751712,0.00187469941794878,0.00485601611496883,0.00408201211484482,0.00506412635475145,0.00910406167386072,0.00119031412374143,0.00281827449861086,0,0.00946279550888495,0.000433131432619161,0.00536612671469513,0.00377204473534988,0,0.00968061071549857,0.00127591332240905,0.00342907413146368,0.00828429073377443,0.00887763470365987,0.00576811404329438,0.00888698147266857,0.00281122680208476,0.00203941945027144,0.00168902783747915,0.00521696055001763,0.00308541867705038,0.00629619659846714,0.000795011993956926,0.00378114658969312,0.00598306736790819,0.0124317424375574,0.00811171002137353,0,0,2.18910528639197e-05,0,0.00929026593805314,0.00383854840356559,0,0,0.00346243932451382,0.00863682089395765,0.0101512174951816,0.00740381067622233,0.00503478665099075,0.00324341140904257,0.0111353820671708,0.00364712868461847,0,0.00543018079375026,0.00506223898386748,0.00303575729331023,0.00113683319652755,0,0.000264296856964507,0.002703262673066,0.00492829818956209,0.00605146695831255,0.00255475747043795,0.00785111724761993,0.0109219856530759,0.00324675934590593,0.0048497662953785,0.00144770703882837,0,0.00482070302215324,0.00206727508887814,0.00305820928854417,0,0.00435772869513243,0,0.00392409928072183,0.00189544157967317,0.00348037168910288
1017.55409421804,0,0,0,0,0,0,0,0,0,0,0.00380054456622526,0,0,0,0.000362460096649095,0,0,0,0.00538107079809797,0,0,0,0,1.49329556715724e-05,0,0,0,2.48190176898303e-06,0,0,0,0.00197158494582409,0.00382454751344459,0,0,0,0,0,0,0.00119523587823735,0,0.000445364547870969,0,3.60168711970737e-05,0,0,0,0.00506376563041207,0,0.00365283319390196,0,0,0,0,0,0,0,0,0,0,0,0.000895144139597971,0,0.00157878734940951,0,0,0,0.00146668408069574,0,0,0,0,0,0.00528725478327504,0,0,0,0,0,0,0,0,0,0,0,0,0,0,0,0,0,0,0.000905513036203825,0,0,0,0,0,0,0.00595877452430455,0.000355234924129568,0,0,0,0,0,0,0.00761472971284489,0.00202522496361966,0,0,0,0,0,0
1020.64158834748,0,0,0,0,0,0,0.000576512112065679,0,0,0,0.000654873988075468,0,0,0,0,0,0,0,0,0,0,0,0.00299918095115287,0,0,0,0,0,0,0,0,0,0,0,0,0,0,0.00114717824786101,0,0,0,0,0,0,0,0,0,0.000856962183397463,0.00733711794601809,0,0,0.000568160188255517,0,0,0,0,0,0,0,0,0,0,0,0,0,0,0,0,0,0,0,0.00605900330562871,0,0,0,0,0,0,0,0,0,0,0,0.00105693152418316,0,0,0,0,0,0,0,0,0,0,0,0,0,0,0,0,0,0,0,0,0,0,0.00164327833913583,0,0,0,0,0,0,0,0
1023.72687151192,0.0104585359062009,0.00897523253664108,0.000755032305129383,0,0,0.00154467766133782,0,0.00692051718359052,0.00192698554262517,0.00235989370737169,0.00605774425668045,0.00246692175560984,0.00484143402992663,0.00518787986784842,0.0043142274093811,0.000466864497549164,0.00142006762166301,0,0.00294709599287845,0.00353456647902168,0.00569591892012266,0,0.00417060897211957,0,0.00821357900174522,0.00353399570898123,0.00161147345664165,0,0.00404782768424461,0.0039442050982442,0,0.00591821538047595,0.00289111870555908,0,0.00335005697143068,0.00505932412735587,0.00166529051368336,0.00393165212400488,0.00363620891170422,0.00253936004369168,0,0.00698498125882027,0.00430881197860955,0.000229216920539629,0.00168836342078036,0.00373561312763497,0,0.00203038137798676,0.00145360492329647,0.000558892020728143,0,0.00116785707185277,0.00131580356970787,0.00883397498235475,3.29276406969531e-05,0,0,0,0.0117901927651271,0.00202254951987698,0.00543223815056222,0.00206672652098223,0,0.0033783502726751,0,0.00761306433288822,0.00719623892221935,0,0,0.014915954749403,0.00403014481755506,0.00503886601437635,0.0028575670839305,0,0.00422956169856843,0,0.00444780021080485,0.00342304984335474,0.00132219188189471,0.00228344373380321,0.005442656784487,0.0103086170690498,0.00390467008588667,0.00596872957314488,0.000547924490532926,0.000871140934501464,0.00448971704865466,0.00700220450702249,0.00439339631180453,0.00540172857367042,0.00295378043766545,0.00363549589063636,0.00709521136835592,0,0.00632810326738507,0,0.00726654505077461,0.0045635003091851,0.00621749897842465,0.00333893090341374,0.00266143026180378,0,0.0127748183540594,0.0034299231877579,0,0.000225740901074184,0.00601551213029893,0.000549258363047528,0.0097788518394662,0.000113085230023354,0.00781580766294136,0.00746389800483921,0.00841976656405407,0.0113461329393394,0
1026.80994591922,0.0147870420631323,0.019799777590795,0.0101027741996473,0.0190168506045908,0.0194261240105698,0.0171771463849048,0.0139954908855863,0.022225661978455,0.0224150400695959,0.0132822401036188,0.0168021362407217,0.0190614974480027,0.0230441802486914,0.0171986892733904,0.0206593994175056,0.0196004615193419,0.0138561419759462,0.0250747834407988,0.0127230359454569,0.0171178579942252,0.0171466593326269,0.0182338119465611,0.0232615589579944,0.0221941141105805,0.0217344390461516,0.0166047515933548,0.0257216365232676,0.0201493397526977,0.0164932341219601,0.0247745807544329,0.0171845656051595,0.0113706138105569,0.0133792592219192,0.0203170568585913,0.0168233216991115,0.0170517920330178,0.017095863881818,0.0153746481257659,0.0136958471455741,0.0210777520475746,0.0175272943406005,0.0192614411145605,0.0227959064121558,0.0178223524735641,0.0185042010322102,0.0187279085463831,0.0186387498351991,0.0274286471048834,0.0167228987966378,0.0208577631746509,0.0178810602667179,0.0184388132129662,0.0180697546979392,0.0180556740641691,0.0188225866693982,0.0247876060955101,0.0135942407659564,0.0113888067717995,0.0200743641296119,0.0228124849673837,0.0195336010194095,0.022496120353174,0.0159861540497873,0.0127433013000448,0.0191911626972336,0.0222174128869003,0.0188010686381609,0.0192170287095502,0.0215766920372525,0.0193487183559852,0.0231926317075264,0.0246502764527653,0.01281019593479,0.0202518401312025,0.0174147327607867,0.0149665731810172,0.0217814856277953,0.0139415498937711,0.0210122550560127,0.0258046858677382,0.0190768104375921,0.0164423569275327,0.0171169755392314,0.0157444613641477,0.0228304653871927,0.0233478176954634,0.0158872148430756,0.0177691213142388,0.0216252136523671,0.0188703905050177,0.0180135668019371,0.0250972530101197,0.0214722985827077,0.0155920722858371,0.017893279418752,0.0176386943110543,0.0160668188239612,0.0138678907413763,0.0194657929749571,0.0244558451393174,0.0151684274540659,0.0154976884149301,0.0199646480283192,0.0164057161250996,0.014788308820459,0.0115166323409534,0.0141810956838523,0.0203852924339185,0.0120118926998179,0.0225890203051407,0.0232158926669934,0.0209881749659607,0.0111773032856176,0.0124854218347697,0.0177122405950323
1029.89081377425,0,0,0,0,0,0,0,0,0,0,0,0,0,0,0,0,0,0.00182620446889885,0,0,0,0,0,0,0,0,0,0,0,0,0,0,0,0,0.00141337064508252,0,0,0,0,0.000618565240111874,0,0,0,0,0,0,0,0,0,0,3.62995530252353e-05,0,0,0,0.00019463633271929,0,0,0,0,0,0,0,0.00200401959465969,0,0,0,0,0,0,0,0,0,0,0,0,0,0,0,0,0,0,0,0,0,0,0,0,0,0,0,0,0.00159531567776662,0,0,0,0,0,0,0,0,0,0,0,0,0,0,0.000102715446200167,0,0,0,0,0,0,0,0
1032.96947727891,0.0356292548886622,0.0344481090395102,0.03260455571485,0.0235013331768842,0.028689818145315,0.0285685899559353,0.0311118028089029,0.0360754077329142,0.0419643164444545,0.0383724367822088,0.0340039924838967,0.0307342068287975,0.0297391380106734,0.0314527221819179,0.0310988002086996,0.0273697963648086,0.017787965709919,0.0246863592626885,0.0258265101841024,0.032934026056938,0.0346154867546618,0.0352571681159414,0.0261300316167183,0.0305729652810942,0.0364027118598568,0.0362425640522659,0.0301149370010661,0.0375076548945849,0.0354645045676305,0.0369330314439322,0.03153904620746,0.0303065062533578,0.0365372337228784,0.0372876159078509,0.0314586794833966,0.0302000765535999,0.0391651270595086,0.0333769156998901,0.0343522204316677,0.0337723852206206,0.032141434976118,0.0400928564108272,0.028363166599504,0.0300266752399525,0.0327062793787275,0.0321561536191578,0.0339940466495529,0.0286803986708607,0.0298918376061906,0.0292141448773146,0.0348202873334901,0.0314545011703359,0.0262830414080266,0.0364886081516208,0.0354836918767175,0.033136776942694,0.0371114427901808,0.0306279803406229,0.038823891347754,0.0333028286271447,0.0363852776132051,0.027401865729632,0.0274079441697902,0.0429393238298397,0.0370701986688288,0.0352708660240383,0.0288310899729184,0.0292105680115301,0.0277870664846431,0.0320293226166761,0.0276844181811815,0.0274791900820332,0.0255684463933245,0.0400612084415483,0.0344736334084762,0.0330098612222579,0.0261858864396874,0.0289107133633041,0.0309409031768071,0.034125352051165,0.0349421093093761,0.0204295338114795,0.0276386547764584,0.0255507576160171,0.0294388706332957,0.0365831856682677,0.032186133877681,0.0280337372182763,0.0389089591840791,0.0334531341339911,0.0293734410079093,0.0348254819385357,0.0325962581078466,0.0309998922359455,0.0272905330032163,0.0332063641931481,0.0352964000982764,0.0471607976008501,0.0283507450701362,0.0306765405741586,0.0363856022020898,0.0329151195107228,0.0293983087234179,0.0299670060073081,0.0312645912604097,0.0324813718548603,0.0380957895430253,0.0435482662667967,0.0268450619142937,0.0270448183503299,0.0353641968060587,0.0356289381218986,0.0291649789408352,0.0251347454542313,0.0382861975123803
1036.04593863214,0.00919384468161911,0.0173024329524296,0.01140713404868,0.0121912424710769,0.0153125388789421,0.0119804560901765,0.013158792329241,0.0108456737621378,0.0110424457884604,0.0112966085457154,0.0137353022612078,0.0131297593699925,0.0154816756378027,0.0196022275237267,0.0105471720839372,0.0154614061909823,0.0141140293799531,0.0073983886803139,0.0162781033403604,0.0173470892080926,0.0113540124727237,0.00855410672990775,0.0131665914382116,0.0240786186820285,0.0160491933565711,0.0065543891743712,0.00879530728670042,0.0139062014340778,0.0151294474071802,0.0157002700305874,0.0108107620275126,0.00411875041079839,0.013037926834124,0.0102216507377229,0.0133679541398068,0.0167409398037368,0.015069362237357,0.00691096606802353,0.0180340997112072,0.015472527420543,0.0138208368547785,0.0258522758104059,0.0127370069616221,0.0049482588260537,0.0198437351702214,0.0151496313647703,0.0117417086327636,0.0153024383521489,0.0115175305357044,0.0112627861650579,0.0142561658415262,0.0169794256563803,0.0150528310351518,0.0182258596220034,0.0140981464462167,0.0163259356095617,0.0122056096504441,0.0159588661685631,0.017509219061482,0.0191867493426948,0.0175345980571265,0.0102691191298826,0.00856290275988312,0.017318393476661,0.012903030240219,0.0138079861432474,0.00366249729738879,0.00959637647697266,0.0123123796842495,0.0156854284211196,0.0130140028554193,0.0134121489305586,0.0151989334915818,0.0143888581198965,0.00825668148696117,0.0107909912365557,0.0105557551375231,0.0129869137735038,0.00591390432838165,0.00747515139347226,0.00408039859508388,0.0171806195618122,0.0167278040331288,0.0109790740443588,0.0110545317338677,0.0114882572704231,0.011145177166164,0.0210981794202856,0.0196455194048495,0.0130994123747139,0.00853128275030865,0.0177398272706082,0.0133753646298389,0.0162814584091983,0.0130467351596809,0.017243829892424,0.0123890006019686,0.0134612863510613,0.0179373766724198,0.0107956228961401,0.0153451353769089,0.0129389625851259,0.00586855811807697,0.0235553889628561,0.0143839152415728,0.0191239731863667,0.00665226900623848,0.0116769175696799,0.00940691415574992,0.00957207052776617,0.0129231808347221,0.00871722449323006,0.00857519539217919,0.0197073292012662,0.0108254429515694
1039.12020002989,0,0,0,0.000336220449892481,0,0.00129454878337367,0,0,0,0,0,0,0.0012209996003193,0,0,0,0,0,0,0,0,0,0,0,0,0,0,0,0,0.00101787651815584,0,0,0.00049598388464234,0,0,0,0,0,0,0.00312679738499195,0,0.00047572472248885,0,0,0,0,0,0,0,0,0,0.000349727256589635,0,0,0,5.69528178570015e-05,0,0,0.00112285229596922,0,0,0,0.000506389204593922,0.00590334816920789,0,0,0,0,0,0.00261741958169825,0,0,0.000983539468337596,0,0.00118538974719379,0,0,0,0,0.000995563914481848,0,0,0,0,0,0,0,0,0.00306171706375267,0,0.000543048741106588,0,0.00626512755540335,0,0,0,0,0,0,0,0,0,0,0.00583724201619455,0,0,0,0,0.00507360922412225,0,0.000896193235820572,0,0.00155066893994628,0,0
1042.19226366514,0,0,0,0,0,0,0,0,0,0,0,0,0,0,0,0,0,0,0,0,0,0,0,0,0,0.00182296684365784,0,0,0,0,0,0,0,0,0,0,0,0,0,0,0,0,0,0.00346007088575285,0,0,0,0,0,0,0,0,0,0,0.00212969261264948,0,0,0,0,0,0,0,0,0,0,0,0,0,0,0,0.00166666710165336,0.00590403819713629,0,0,0,0,0,0,0.000558238742519354,0,0,0,0,0,0,0,0,0,0,0,0,0,0,0,0,0,0,0,0,0,0,0,0,0,0.00245198441806131,0,0,0,0,0,0,0,0,0,0
1045.26213172793,0,0,0,0,0,0,0,0,0,5.71098734931933e-05,0,0,0,0,0,0,0,0,0,0,0,0,0,0,0,0,0,0,0,0,0,0,0,0,0,0,0,0,0,0,0,0,0,0,0,0,0,0,0,0,0,0,0,0,0,0,0,0,0,0,0,0,0,0,0,0,0,0,0,0,0,0,0,0,0,0,0,0,0,0,0,0,0,0,0,0,0,0,0,0,0,0,0,0,0,0,0,0,0,0,0,0,0,0,0,0,0,0,0,0,0,0,0,0,0
1048.32980640533,0.0216664662516757,0.0185881471886001,0.0132849024452228,0.0151510409968713,0.0144429523243821,0.0116305589732671,0.0171270298621392,0.0179643704339263,0.0185036419098521,0.0142135909822542,0.0106714972447369,0.0116105092310135,0.0156205343822203,0.021500492586188,0.0178151559053218,0.0108063426044447,0.0170996740302779,0.0212179667902288,0.0204396929652789,0.017070445502509,0.0164203187703077,0.00761361649739249,0.0177689520849629,0.0155950506544802,0.0173859281260295,0.0181845783143536,0.0180670781068148,0.0141465847600311,0.0127327071063904,0.0121122538810529,0.0290746160011084,0.0172805975045199,0.0154632326489243,0.0126381320975673,0.0206614686873742,0.0197116457998478,0.0168980262855189,0.0147098787673563,0.0147959839930528,0.01373057652682,0.0246166447466173,0.0181625013489053,0.0162445788405457,0.0172750356069515,0.0109788862430487,0.0221014201858128,0.0195510950253615,0.0236776863675843,0.0177344549159134,0.0186392593620724,0.0166168040962313,0.0198329070905875,0.0147541114466191,0.0151777372518274,0.010507894204332,0.0106321572499922,0.020088242879797,0.0161914889093261,0.0176987770981894,0.0194000361808696,0.0220272391676301,0.010913070783689,0.0265007541835196,0.0142681241504636,0.0216990999687035,0.0172638811093637,0.0137946456228236,0.0142253650508633,0.0152576919419805,0.0136735438958418,0.0186758622739628,0.0173906562618969,0.0198057718180045,0.0161976767678963,0.0177046202445418,0.0191232379956379,0.0171553667834826,0.0136904871917092,0.0191809624289202,0.016434999469633,0.0167746494042248,0.0135279077499248,0.0218315745129572,0.0148598554326517,0.0128408046816582,0.0160436343680269,0.0101846766483527,0.0195965220574325,0.0192882382038831,0.0175274463808397,0.0129897992595518,0.0232310660569717,0.011898134059264,0.00986887119418251,0.0120325244855585,0.00913046016871441,0.018554800669196,0.0206789340468438,0.00815536443320729,0.0170950985796166,0.0112110786793551,0.0141739049876076,0.0175571264123554,0.019410279307507,0.0178070570882002,0.017084880144362,0.024053944758069,0.0101092484890548,0.0182732576497099,0.0184337530956646,0.0185284703495523,0.01854448048396,0.013024328117384,0.0198233493366073,0.0228087508806627
1051.39528988146,0.00847318616275708,0.00949312213150115,0.00679548908593162,0.00924623470245429,0.00696349910503434,0.00469179640310421,0.0060523534781652,0.00460826357950712,0.00577240086000008,0.00557481910685646,0.00749334115819566,0.00446891306569778,0.000798505348337256,0.00150518962791793,0,0.000516827933433663,0.00375202464051793,0.00120296445999495,0.00604891014792448,0.0036296339398427,0,0.00764462180164587,0.0031623912692626,0.00361005362987939,0.00131895074952165,0.000387559059968429,0,0.00882080440505857,0,0.0143484727662583,0.00559650545916509,0.00233693665055751,0.00619858962832046,0.00292456416165241,0.0121830022271112,0.0094861773780993,0.00760670445114558,0.00555369438705609,0.000658133074375507,0,0.00572448026293385,0.0118596482702282,6.33173464125343e-05,0.00476226736911718,0,0.0105960005136195,0.00762244722951214,0.00597788558752701,0,0.00832182878856095,0,0.00319253910352616,0.00458606205182353,0.00713644011887791,0.00616501055996093,0,0.00494459018902385,0,0.00130135053609614,0.00308936698725418,0.0047827052846678,0.00020432369238323,0.00224580970244971,0.00612130075251273,0.00559123441007022,0.00708893209226412,0.00232889812966371,0.00279971914463714,0,0,0.00562824324535128,0.00168019151579643,0.00667756599088073,0.00474034834582152,0.00843380627740271,0.0110140721587982,0.00745401736404794,0.00821539021295579,0.0121323447142314,0.00176623482408544,0.00380199653956665,0.00364910275501359,0.00213898529112459,0.0040605105562773,0.0074536093189591,0.00241552465330954,0.00642486758661015,0.000315874284856367,0.00376656617885618,0.00521027598166918,0.00391970042369076,0.00720195553619936,0,0.00388514532394355,0,0.00916624913407949,0.0082030502307933,0.00601410685283418,0.00597806785165843,0.00440075435776612,0.00476172271549843,0,0.00278728868185533,0.0038344029155942,0.000366884746155368,0.00317822689365514,0.00127515614504465,0.000224174882218176,0.00355287609968603,0.0135301267571956,0.00484555618493927,0,0.00870288771366951,0.0018152194809877,0.00180435451531167
1054.45858433751,0.00482187353137189,0,0,0,0,0.0100980965316965,0.00292737495254862,0,0.00374722495621182,0,0,0,0,0,0,0,0,0,0,0,0.000773478362485969,0.000576675538342476,0,0,0.00513828496210236,0,0.00371791154009753,0,0,0,0,0,0,0,0,0,0,0.0018089514448921,0,0,0,0,0,0,0.000866998413113409,0,4.41622778116921e-05,0,0.00156935486398578,0,0,0,0,0,0,0.00204762365140996,0.000660727335853167,0.00428769472396343,0,0,0,0,0.00173009268625447,0,0.00239867487141272,0.00552239384354407,0.00238335364439157,0,0.00423902531616739,0,0,0.00117225046993559,0,0.00586775685145999,0,0,0,0.00218726910293758,0.000719786376093678,0,0,0,0.00546161705047444,0.00028975409077252,0,0.0024522866214493,0.00752695261702848,0.000333464025679313,0,0.00416149295449558,0,0.0018753022204275,0.00150832470777319,0.00500713683968452,0,0,0,0,0.00104820328674549,0,0.00209650147608697,0,0,0,0,0,0,0,0,0.00370019544651927,0,0,3.73313638757635e-05,0.00238160647410176,0.00452169575279263
1057.51969195172,0.0016985996513919,0.000974111457327089,0.00744128318653116,0.00122315986184632,0.0140326344910714,0,0.00722210932466891,0.00274457809424417,0.0097511714462353,0,0.00433704743220849,0.00286152667730772,0.00524683974514137,0.00378982005554697,0.0108983189296628,0.011506660500871,0.00710350237797166,0.0121604250686253,0,0,0.0116532261345976,0.00660772195462673,0,0.00208558613869936,0.00734286982587071,0.0102414251919687,0.00375362618857472,0.00892091295461683,0.0032538355492013,0.00679849789910519,0.00458673554840726,0.0062170356786473,0.00629516939393495,0.00574101319584843,0.00591510358940759,0.0106804204835702,0.0148123206430005,0.0099726162898049,0.00423250723562153,0.00860423955381516,0,0.00931934836622774,0.012623644801932,0.0119993130468584,0.01118126790795,0.00522698763467489,8.09317632988422e-05,0.00341424043573752,0.00324792314020094,0.00352227590441881,0.0129357627989358,0.00110320827126747,0.0089895252335815,0.00720819175748312,0.00627577241386003,0.00592615302146461,0.00452126909648289,0.00597260616203612,0.0030194381023945,0.00481219904395495,0.00754889853093886,0.00882198029667456,0,0.00566924913514013,0,0.011488070675835,0.00298417276923569,0.0111095838555925,0.000944207910991675,0.00885928482076572,0.00516610975085809,0.0142378775913636,0.00237335998749953,0.00206761677050197,0.00958102861629562,0.0132583877306816,0.00803294754258115,0.00221429856525716,0.00402576425004022,0.00895257302353384,0.00334785468159135,0.00759138755779189,0.0104262945585285,0.00354773045269383,0.00588840180308017,0.00631371828499812,0.00484352556450177,0.0137520237957901,0.00705513622828704,0.00418390341124394,0,0.0115331695867063,0,0.00229961877384098,0.0126183671005839,0.00260567441214328,0.0033413431641515,0,0.00326644029723079,0.00393010657540022,0.00592018705100891,0.00452082897293797,0.00888530992409896,0.00443318721811484,0.000967074860586772,0,0.0132098288065188,0.00409684596553316,0.00305203799059033,0.0124694552531437,0,0.010525845701812,0.0179634413711249,0.00786318752232819,0.0153246026014818
1060.57861489938,0.0272061998397699,0.0203694247912573,0.0145767875682239,0.016445964674803,0.0151455502023753,0.0133884981400128,0.0215873492882402,0.0109952971371262,0.0162885452248403,0.01274846562479,0.0214641295591238,0.0194246289302395,0.0168175953782932,0.0211913535288035,0.0293822346935376,0.0213536146742623,0.017899545504804,0.0132958527868493,0.0138315881191374,0.0210740278858939,0.0160242755871026,0.0137284116773646,0.0234182167471613,0.0234989456601391,0.0197585175725889,0.0249055580166776,0.0187490292366968,0.0261815223468032,0.0156695316773737,0.0161273478575103,0.0215847000332368,0.0207522726119018,0.0151086667909805,0.020442095529051,0.0220309755259044,0.0231830389015612,0.0153933558333951,0.023006620270634,0.0131564134391627,0.0238603104704887,0.015318240683806,0.0194438069901312,0.0197126702309565,0.0186228296889013,0.0171780869641846,0.0113636853020027,0.0186147348436229,0.0131665441661391,0.00926420075104163,0.0145033065747693,0.0221948876897029,0.010813442613171,0.0138779568740703,0.0239409115749582,0.0145811684365067,0.0157970224170921,0.0203280994829397,0.015295560220387,0.0156558852552009,0.0108504467470994,0.0135190912162515,0.0195653064195267,0.0222754008297337,0.0215617766756425,0.0132305139495786,0.0196044169312178,0.0140080941296527,0.0182688912774388,0.0214897663479434,0.0138081630137936,0.0215706018166424,0.0175267596321704,0.0172363855186796,0.0163251454238877,0.0210935805265551,0.013834082526128,0.0242560190719413,0.0209620174220053,0.0182339629793963,0.020993768317927,0.0191217202731153,0.0164508769934294,0.00990872242630924,0.0219471112265492,0.0140474523013267,0.0156400267049927,0.0151293669785444,0.0218072049791499,0.0172809406874834,0.0192319111859269,0.0190170656450598,0.0169070545477186,0.0186410086252355,0.0176334917575765,0.0225070577511857,0.0142298955197927,0.0159362875607044,0.0164297838215457,0.0153830765249391,0.015046326296676,0.0275923727293291,0.00941567437916538,0.0204310045250846,0.025452488887469,0.022283476723228,0.0166136061493666,0.0262257017449715,0.0162049601171002,0.0123564748773822,0.0206895180191301,0.0114826315403823,0.022401799909467,0.0174347355713645,0.0215383862170914,0.0174985341599724
1063.63535535287,0.0102927223768663,0.00911460044529111,0.0140766228225589,0.0116166289718144,0.00980727711865365,0.0166413200161453,0.00626357998891659,0.0133004991880349,0.0142573956549487,0.0106132345475634,0.00598296068512766,0.0133771748838868,0.00968655049651966,0.0163658670080412,0.00935026606455104,0.00506670303485051,0.0115202669124919,0.0122592712395406,0.006943507195795,0.00762471691382826,0,0.00610818291931534,0.00988951440622679,0.00767169032913856,0.0090584928098731,0.00547681667368313,0.0112998369679232,0.0154679240872824,0.00498275333003827,0.00524709847774774,0.0090390224049472,0.009016570083369,0.0167959890066319,0.0150616559860767,0.00552154626931751,0.0183619371071805,5.6266188758318e-05,0.00896839716051314,0.0083456135619268,0.0120351811553927,0.0103424293708715,0.0120718015123058,0.0143494098165955,0.00227288170085122,0.00699026147139366,0.00646788789518857,0.0104861194498407,0.00891804618620502,0.00985379396809474,0.00745494308188055,0.00974828130468625,0.0103017269788143,0.011232985407353,0.0131974230037409,0.00912949891184495,0.0109523588955966,0.0106071030583309,0.00988261833051848,0.00472911290803196,0.0141605866658668,0.00598656758869908,0.0115306645463434,0.0061055701687844,0,0.0100315748859142,0.00673029619497173,0.0173481848663134,0.00738181866694634,0.0154186054610983,0.00673239834413409,0.0161519981801325,0.00832386822268089,0.015079270950915,0.00376487529592083,0.0112669403746164,0.00625941537725137,0.00968429348326247,0.00281299976024513,0.00736069343646322,0.0112237483537992,0.0180758735930624,0.0115253932076306,0.0115815209962015,0.0149254345865137,0.0162416745057093,0.00747053991615968,0.0108205453829331,0.0110959302422835,0.0183835232997405,0.0106631046326676,0.0169029654789835,0.00889801181800399,0.0126129871536007,0.0105480076302478,0.00933942993382056,0.0131533226301142,0.00393644941234216,0.00230116977022697,0.0115468963645813,0.0161906702700783,0.0103159793513306,0.0105206553312594,0.0127814390781391,0.0104063945452762,0.0130244629420295,0.0166246765123963,0.0126596571054802,0.0024624561751788,0.0129207024484988,0.00483517476082732,0.00108061400533715,0.00894234710483188,0.014733274977492,0.0122637487312371,0.00673016574739577
1066.68991548165,0.00769394143035254,0.00431011368940662,0.0113935952836619,0.00732747790618765,0.0114539284560277,0.00647131774056967,0.012673437767835,0.00911999654510065,0.00794120536803552,0.00196400736602157,0.0140192204079178,0.0128422165031876,0.00585361755960969,0.0142490425429154,0.00667489139351831,0.0132765846074496,0.0153359983372118,0.0139333019472714,0.0156124544905287,0,0.0166274663441193,0.0170462626760695,0.00722159128075515,0.0164857891389123,0.0123325337824682,0.0163494632936804,0.00438320057895275,0.0112076991095051,0.00826208864830206,0.0102028502697606,0.0112623073570267,0.0112177137318169,0.011357281813963,0.0118502482441129,0.0136114507832151,0.0102912007689919,0.000633604314943806,0.00846323479531555,0.0134196650721501,0.015372373360557,0.00703579272537663,0.0131800926504255,0.00573647628392533,0.0121743299689714,0.00597087714765346,0.00763707709015551,0.00507617700331939,0.0181279920852267,0.0180362362036275,0.00805278923368406,0.0114075664574853,0.00709879746848256,0.00804830026086631,0.0196908974254633,0.00532672977106273,0.00883063641942427,0.00577231454550616,0.0115622981247292,0.0146221133350677,0.0158332667304316,0.00763280451356031,0.0104683337225142,0.0147547231693799,0.0189119867701295,0.00413960933367872,0.0153812215692082,0.0113584913267701,0.0123503695204243,0.0126725382003308,0.00894522723135755,0.00254870519565645,0.00780767904805395,0.00743065524353441,0.00707351585623485,0.0194930760509881,0.0155229541873002,0.015099247465469,0.00999299705115425,0.00902556670004228,0.0096305072705375,0.00292301122254061,0.0115600319736601,0.0110605642811936,0.0176371077318406,0.00271347292060193,0.003672850442204,0.015697981455698,0.0137860680295617,0.00714375295097787,0.00906965657648505,0.00943014729830676,0.0201558545112036,0.00493138440155986,0.00728822102722658,0.00605064050723394,0.0126272235950876,0.00723706771833728,0.00939586106397201,0.0121091246004913,0.0189949242218025,0.0119702256648202,0.0137883448685516,0.00842036040798779,0.0093533302096733,0.00430972785736892,0.00592169115666257,0.00939827463746642,0.00686768789939502,0.0107525812765306,0.00703337035732276,0.00657666992335364,0.0127293746862201,0.0104019375735051,0.00298733825833305,0.00890045152191766
1069.74229745223,0.0151680809601293,0.0242374335456941,0.0207047683665864,0.0268803389420564,0.0259974795728511,0.0263629330447175,0.0148407588080474,0.0152042357983211,0.0246464019423679,0.0220753787949959,0.0241919051213081,0.0183713354121146,0.0201687875188979,0.0191776400567776,0.0181015552398348,0.0231180185507052,0.0288102164538282,0.029168038521554,0.0232067836219796,0.0260812047235188,0.0237042920442217,0.0197943595359895,0.0165008421347801,0.0154409034503085,0.022055363330699,0.0245148950373536,0.0193732226756598,0.0193182053265224,0.0201354440020768,0.0195259057508581,0.0211428294230941,0.0203865239164034,0.0212615820288384,0.0238326486262956,0.0307913984860259,0.0233297153430042,0.0182231915006592,0.0290709102877806,0.0201393878023784,0.0284562179138478,0.0170957325312575,0.0164072020057644,0.024188021273227,0.0259027329014391,0.0168171994180492,0.0154229273458804,0.0350305569807357,0.0273361831822528,0.0235046576552357,0.0184821375302977,0.0250024978477772,0.0141143865122963,0.0183111378371949,0.0197181886904569,0.0224302835603131,0.0203309570053193,0.0237463490930525,0.0181519074654808,0.0267052014766865,0.0202306490239474,0.0200780447125472,0.0206701498118268,0.0212439137171741,0.0298808268888905,0.0262343614915933,0.0261832477596662,0.0322533395301102,0.0288002598839205,0.023232270481428,0.0215397795786239,0.0222211715543463,0.0290111615090311,0.0222884590739801,0.02187310975828,0.0227935745362215,0.0220686899997354,0.0237539954436477,0.023779415191963,0.0210478933678906,0.0140332550558934,0.0197766697304538,0.0209655182593979,0.026431123549263,0.021969754988472,0.0195412057024512,0.0272079267561457,0.0124667109381763,0.0207635777146624,0.0297046991320976,0.0214288437061216,0.0217768460971572,0.0244539461384353,0.0220262296880615,0.0258976569341092,0.0192278381122673,0.0231422203186905,0.0236522631745813,0.0186659860073588,0.029720585961124,0.025674788409009,0.0239004422019895,0.0251713199506685,0.0150252417131344,0.0190638722090321,0.0288968369800072,0.0198555122047623,0.0196963868168515,0.0140214344904289,0.0178676896519215,0.0218132438316646,0.0164572393550512,0.0262169016302692,0.0239791748415289,0.0248528968308563,0.0159217858775111
1072.79250342824,0.00885450607174757,0.0102889369641335,0.0120206600147882,0.00849880700212282,0.0115178475545826,0.00921090995888296,0.0101150431594799,0.00183508695576464,0.00601263968624642,0.0188498532748888,0.0119128260347022,0.00294463941014421,0.0141326272324738,0.00946872427507739,0.0159654666496944,0.0122701669176714,0.0149127965815296,0.00588389803148626,0.00826625479195811,0.00830702115744102,0.00475310102099641,0.00288900167972401,0.00296737084735501,0.0122039540674764,0.0113506048781126,0.0153628177408961,0.00657558931211179,0.0069859383783485,0.00675785031494212,0.0026328114438831,0.00968616269154052,0.00971804567575009,0.00540740977197233,0.00542279278900689,0.00839395824346146,0.00767753809895384,0.0122114150432013,0.010695952960729,0.0153219985757225,0.00904347521380387,0.0110007619013075,0.012210839658403,0.0123240994089887,0.0139233922817517,0.00986103380418636,0.00500686816444546,0.0127506326169914,0,0.00618764077842174,0.0147065287188117,0.0168921290138309,0.00445366811521782,0.00974373419438879,0.0105858859137717,0.00266848172547355,0.00676216503368401,0.0156498773207877,0.00454895707330167,0.0108420087615477,0.00717854743152878,0.00984045798702533,0.00672982333906047,0.00992540842341022,0,0.00634495826053312,0.00953719869988058,0.010896713952058,0.00587882783461987,0.00606677529726093,0.00079703821072571,0.0146156751259543,0.0100285595530603,0.0085980593846521,0.00547723177911005,0.0151503862720224,0.0117728707081322,0.00917755973638842,0.0138855937352488,0.00744397792543182,0.0162536332436851,0.0078758166302816,0.0116245706217966,0.00837027336771817,0.0144026496646912,0.00384180656677084,0.0108335060140964,0.00923396322044708,0.00736668248066046,0.00773083529647735,0.00963494964031233,0.00519413464215163,0.010552376814153,0.00167731965559323,0.00896571584728812,0.0131915804065116,0.0121227776743933,0.00782199900021164,0.00834251651890273,0.0126786779020675,0.00853602579988503,0.0131102876973221,0.00679063904762622,0.00682235162507651,0.0110103252381522,0.0141736502534678,0.00593582257584325,0.00178568999304588,0.00852447043446794,0.0064122218399632,0.00321843275372647,0.0071467681989773,0.0105963902605602,0.00716210194790767,0.00901682460376504,0.00946207299677779
1075.84053557036,0.0184467733284234,0.0199971737041814,0.0262363706686603,0.0117919832025309,0.0110102844818665,0.0151418350214144,0.0101592696973611,0.0138602746038044,0.0146838914856258,0.0172510368529112,0.0167372770654548,0.0161909306317163,0.0141450052947864,0.0149366729168473,0.023592113685228,0.0215642438401916,0.021944229501241,0.0200306315321392,0.019613381546997,0.022391689541924,0.0134537696221912,0.0110930381972269,0.0187613844144521,0.022656266363757,0.0178455335159822,0.0154086060749948,0.00660097105780246,0.016169477619225,0.0197029512076867,0.0146834219088808,0.0201107835141868,0.0135229478480627,0.0180490597195946,0.0125181995798384,0.0186184167495563,0.0207131809001156,0.0204680164160277,0.0253449731063173,0.0116012864848587,0.0145419640119221,0.0188296816774317,0.0133143905540716,0.00803737044479789,0.0221795368877537,0.0153102871575767,0.0227173186137938,0.0214825939168054,0.0209808217251396,0.0203327925347872,0.0202164273495149,0.0163769103009591,0.0163076496893878,0.0157000718457717,0.0181522713924676,0.0203195346256233,0.0198944544651679,0.021129729294588,0.0127732145224149,0.0119634804088716,0.0164805142889649,0.0179626099055587,0.0190748479420462,0.0164117670879355,0.0151989757150538,0.0311279684289856,0.00903493688274389,0.015327527634198,0.0146707778232591,0.0182871621476974,0.0199467484768866,0.0151918375732179,0.019825366532499,0.0146694921857385,0.0158959853747472,0.0135240296981056,0.016142791811031,0.021070969440208,0.0161051803263275,0.0200088913279546,0.0179274874074195,0.0209291418601601,0.0182706304597621,0.0122296048112796,0.0154876638867202,0.0163302469137357,0.0239788941921473,0.0195116907581033,0.0180942129432878,0.017411794768868,0.0182344121888231,0.0228952391161819,0.01752385329117,0.0193200950716562,0.0139032936608483,0.0208770255506731,0.0132489865399527,0.0138507388916669,0.0197870316131232,0.0181865947688903,0.0213058895612637,0.0158419475090734,0.0257465465927891,0.0123276205090113,0.0191032842172666,0.00545475511035865,0.018260080899121,0.0191326827218627,0.0145759612197276,0.017894177561818,0.0141657344843049,0.0219589035247842,0.0138398305448544,0.00879662829968346,0.0155809552888087,0.0143239027091781
1078.88639603641,0.0322797605852369,0.0254026199790865,0.0224570930840452,0.0221287269440417,0.0191005477619977,0.0237558126091144,0.0192146151657182,0.02642466300812,0.0249602720739445,0.0210778669027998,0.029043887634616,0.0156502941481239,0.0196560798213657,0.0231138618056781,0.0263354961320868,0.0172467147221877,0.0177044271766107,0.0249536348336119,0.0255942473233207,0.0218950977709239,0.0248643533408667,0.0231170455084731,0.012829214966442,0.0150356285369008,0.0195015479490819,0.0208645132741514,0.0312051973738558,0.0183587492560634,0.0213652107972464,0.0289172428076939,0.0234222672052352,0.0296569709383242,0.027401425458744,0.0255820725846228,0.0267023721298311,0.0304997801282972,0.0254304346339368,0.0329543745709171,0.0210617516770584,0.0254548871968837,0.0227582560551754,0.0191878627293908,0.0194478018112344,0.0205895304923064,0.0261525890896747,0.0227776773210137,0.0193315196402555,0.0183394924341308,0.0209148669995131,0.0284565422642489,0.0294255692528849,0.0157888109803282,0.0248830287201257,0.0197916212710261,0.0275155081446044,0.0221265654931347,0.0222635723658137,0.0264535475503313,0.0213027790986094,0.0263266118246556,0.0304038210103537,0.0201530904094659,0.0272135905069422,0.0179664530705285,0.0225389263346117,0.0268292843709769,0.0186596439560145,0.0251020211684742,0.0293974418246004,0.024340107565999,0.0179489701826523,0.032336089989801,0.0234846488992333,0.0274081272446343,0.0315923737189511,0.0264869742144813,0.0210782561259389,0.0271343104983456,0.0194876798534784,0.0212358976189063,0.0258436463216412,0.0177483152974332,0.0243084134241993,0.01765325571374,0.0277334558548529,0.0168957824519938,0.0216811498306287,0.0218508504901752,0.0201164332533429,0.0246858828792454,0.0207741898353573,0.0335932345656641,0.0248480515717123,0.0281348541987686,0.0208765640507436,0.0259688664712242,0.0160527450172414,0.0295978201338767,0.0220431995154081,0.017457964424767,0.0272272344428386,0.0279262092668598,0.0282509200674227,0.0309628907209939,0.0262164483682127,0.0182640093594012,0.0299690676476785,0.017876637436153,0.0233674408513169,0.0174524118262361,0.0219664697847442,0.0197770860297303,0.0185710189335233,0.0297932073318077,0.0234980367941448
1081.93008698127,0.0116461062872494,0.00983715229009947,0.0110430315236184,0.0167493994919213,0.00730452658412895,0.0178740001279958,0.00971452340404606,0.0135924395788431,0.0143543921111696,0.00645240023672846,0.0140884124951555,0.00904289291475231,0.0147161712325033,0.0112331967264714,0,0.00966159835425998,0.00970692079800009,0.015770576510443,0.02030738761353,0.0170774470786093,0.0102473577197235,0.0116668328252709,0.00635290994615024,0.0117948899803598,0.0109434882267755,0.0133323582488249,0.0141291124749241,0.0135538953643518,0.00744697681069493,0.0152969423860805,0.016338354701361,0.0104071715121861,0.0109957546426962,0.0125956638174777,0.0166017091797554,0.0105135105876655,0.0111826072485501,0.0221548541356404,0.0118447933522074,0.0114538036886766,0.0149884625595119,0.0160478833766655,0.0189481352929225,0,0.0154168565529088,0.0167701579816327,0.0111943820101338,0.00708235727743259,0.00739153326434805,0.0137515444824879,0.00286361719416504,0.0136552872137053,0.0125463439401477,0.00688470074886989,0.0116017585532409,0.0123687435026202,0.0125342850110406,0.00411617266546332,0.0131070323685416,0.0138163845193526,0.0126021827091679,0.0137199230621381,0.014812335149904,0.0125354606895803,0.0182546905290543,0.013946967363495,0.0159549129592863,0.0109260878570293,0.00890160749312649,0.00851236024666893,0.0136132009578983,0.0144357750795413,0.0125356521468696,0.00334712343426837,0.0130033597427277,0.0210764886973322,0.0119006999718068,0.0100782888274236,0.0195107337674962,0.0130933983274932,0.0117692570588483,0.00785248359487475,0.0177531689247474,0.0111645431628015,0.0114888271494125,0.0141852030059807,0.00763540012902261,0.0143477074659632,0.0196007126209721,0.0171820521282739,0.0154379576890492,0.0116594798863341,0.0116538572683249,0.0172140868278744,0.00221200812638886,0.0132898349478443,0.00732355751661561,0.0100193207087437,0.0121479965399078,0.0102857033368019,0.0175153569309552,0.0171176784609894,0.0129154689337712,0.0159083897521243,0.00657637103330766,0.0113039208584881,0.0115121854579756,0.00687711496486551,0.0113628783771811,0.014172812949028,0.0192316022904208,0.0127770271726566,0.00717796242697101,0.00903615330439041,0.00948625077107568
1084.97161055694,0.0238863970512746,0.0238434103945664,0.0339798249389316,0.0227491302940369,0.0266790555791465,0.028633456710601,0.0240694506508746,0.0212920040548202,0.0256997898479894,0.0260151273962784,0.0205131474191826,0.0278003651673047,0.0196752165578313,0.0264555276547745,0.0236824474294287,0.0211300253514186,0.0306887558076675,0.0239464455189763,0.0311149411262358,0.0241389758150839,0.0173182532212824,0.0324229993540018,0.0297476581010584,0.0260772435619932,0.0238857979709379,0.0252799162852506,0.0339221973763184,0.0259618555609957,0.0241496599307063,0.0213364929758681,0.028947911789323,0.0292196789563717,0.0269225091531819,0.0283711189764772,0.0257531702399046,0.0262524788993872,0.0304128282162545,0.0265134927858534,0.0355837097103666,0.0310297027590146,0.023371061104196,0.0341123060786227,0.0276500621196309,0.0283453166709979,0.0300331661731931,0.0245498869593842,0.0259081916827002,0.0265137771405427,0.0312980328947742,0.0334616789348158,0.0245921174961363,0.0298095124653874,0.0265690714348571,0.023605975697753,0.0193461157259832,0.0353068732318722,0.0223559110696375,0.0358033091449457,0.0344989383868096,0.035110968294494,0.0272015543792831,0.031963170092783,0.0320871996539877,0.0344284914664441,0.0252725102262431,0.018285208294993,0.0203822760746475,0.021902320330507,0.0316539984045116,0.0358564610650644,0.0316433257433228,0.0285735198387072,0.0273876681286344,0.0318226005678377,0.0359936978474029,0.0248999164102416,0.02379116238303,0.0310175809925744,0.0271659293111726,0.0240332257535151,0.0351272360860036,0.0304837696287301,0.0270901724561702,0.0317167797753323,0.0218061902551984,0.0256876575570883,0.0319622961803029,0.0234636304342597,0.0341073368630821,0.0316821322669708,0.0347433094919589,0.0271916729982709,0.0259899706177596,0.0287100572868934,0.0241665258841768,0.0287686800143674,0.0259189049361583,0.0203726964557948,0.0325034818956975,0.0274836412599886,0.0359307375572906,0.028494549470104,0.024449762002354,0.029380841500959,0.0235146213339687,0.0241608145335303,0.0299407970686444,0.0294256086689616,0.0283039060655367,0.0207401290509926,0.0252681684765614,0.0208682949847419,0.0256342947096627,0.0270711191193594,0.0272854287284055
1088.01096891253,0.0276420806502807,0.0206428525846836,0.00947769834273093,0.0222453764557481,0.0213306388810832,0.0206026638580037,0.0108570370464879,0.0160228933756497,0.0231236413891277,0.0222416998455176,0.0280061369900581,0.0233970560813113,0.0224334955210109,0.025956908546364,0.0247957086004544,0.0260646756179585,0.0189329595281676,0.0261540083580484,0.0242169403525871,0.021479704735263,0.026015065054607,0.0198792745720381,0.0183816306246311,0.023929966041047,0.0164012436989793,0.0177461700220712,0.0221878879372196,0.018465685083678,0.0279582548534674,0.015906296795042,0.0218622192492998,0.0244428959263879,0.0291480035357256,0.0235235107406923,0.0220683863578636,0.0284580382685429,0.0161633933267912,0.018418929299873,0.0258146920503262,0.0251503007137652,0.0133714447450356,0.0182471972952579,0.0163223491499171,0.0190953846612303,0.0252294240853942,0.0224013393884171,0.0242984852802026,0.0308687108626336,0.0226552702965044,0.0160235346203253,0.0213604518049995,0.0271365541167832,0.0212243041717712,0.027397405494694,0.0166358310321245,0.0255473266876109,0.0289181704134419,0.0276530521713801,0.0186303654493181,0.0215087068034659,0.0255991991399052,0.0180180757817227,0.020763455044079,0.0213449548914466,0.0204482629554584,0.0290807639788827,0.0187730876166601,0.0175673381280884,0.0266819008999177,0.0282245223746171,0.022941736739216,0.0280485157651442,0.0257696776234324,0.0148744734951075,0.0179500980509812,0.0238335040004986,0.0189338951773837,0.0249733545258829,0.0228258552843933,0.0191605623638962,0.0210512401415604,0.0249968738574684,0.0123130697001556,0.0214407659300236,0.022365202503072,0.0311758978127068,0.0238600992142089,0.0272174830383077,0.0196396847907681,0.0214931511827306,0.0256556613237808,0.0122143926229403,0.0238067186002947,0.0238022999292198,0.024712661219304,0.0210574273587894,0.0270252543483746,0.0214735740639964,0.0226065742489243,0.0264025697502744,0.0191851567183788,0.0220133509684673,0.0261124459832977,0.0229368696226379,0.0273492510471351,0.0150566992578967,0.0234160202547242,0.0151251076113001,0.0277674021251251,0.0207414653413283,0.025821235576,0.0241076846699044,0.0272653181461508,0.015600862741582,0.0267516302167433
1091.04816419427,0.0298064143367046,0.0195923261803414,0.0253246510544025,0.0293276781381945,0.0256555130978062,0.0195502500689564,0.0204396762636064,0.0269632037775988,0.0200115270963814,0.0271506231387684,0.0258769441798408,0.0234046003648614,0.0240911479429672,0.0292522601549602,0.0188564882414175,0.0244656936433627,0.0307900905907447,0.0229359089353311,0.0162453324301589,0.0155798168265579,0.0238668855155933,0.0248032857104058,0.0298263165349752,0.0206867585379706,0.0239669863516662,0.0248222802305691,0.025949068162905,0.0335619097748827,0.0231706920437607,0.0235826180159404,0.021340672422215,0.0255625831409787,0.0258927104633909,0.0257303343710582,0.0248006104802101,0.0257912205375054,0.024415611251736,0.0363108642703096,0.0297767372924443,0.0295601528818657,0.0295507424768176,0.0320689427977355,0.0288122078214166,0.0246122520441464,0.0215039075302762,0.032937281012334,0.0275849911709701,0.020147295128252,0.0178092019838218,0.0258990882049021,0.0224690714049833,0.0255388473691421,0.026100279613491,0.0231075326393413,0.027680206426873,0.0332254787080949,0.0251608318542573,0.0222308981879157,0.029062122632791,0.0166299397241036,0.0261563506103647,0.0201663088609527,0.0207703330219145,0.0257487791467753,0.0220822143725677,0.0253451638376637,0.0264910902583567,0.0312763566797665,0.0266995208729029,0.0162201218960476,0.0235136017946476,0.029694974174041,0.0247000882570001,0.0225526714533497,0.0223373393287619,0.0281987087628167,0.0308231276613943,0.026087259607142,0.0255730070996267,0.0262824788515423,0.021622453512612,0.0266765703218161,0.0309656031597569,0.0295526379406365,0.0283447210982176,0.0208097097052882,0.0281881701336844,0.0266816671280825,0.0287794001082132,0.0198908129382492,0.0283529841882085,0.0304214266335634,0.0282304065011415,0.0342035795363244,0.0258072372190245,0.0221797865069409,0.025944986016441,0.0187643948254445,0.02370962968308,0.0186742794173212,0.0208304529132868,0.0247307304999891,0.0228390931122989,0.025104469823041,0.0289995471821123,0.0225561544892686,0.0217726264996235,0.0228233911973293,0.0266843538000924,0.0196479845351931,0.0258254028231708,0.0208783120688153,0.0272676402929677,0.0254387907461893,0.0219037769131651
1094.08319854548,0.0298493005545569,0.0260688410781282,0.0231773536977221,0.0163592927574786,0.027292727707874,0.030307951882921,0.0135879720007883,0.0189914721952942,0.025465688451047,0.0146932112239481,0.0232127130505912,0.0250660012303947,0.0251983197710853,0.0211635637155091,0.0199686325059629,0.0244994429762233,0.0211799561304431,0.0321947088578753,0.0291971589441722,0.0242595607239404,0.0179227176222737,0.0237220454458095,0.0195455331580792,0.0223716649865983,0.0245444184593471,0.0237810440782726,0.0270380049336004,0.0217612110821527,0.0264410651456754,0.0192433522287324,0.0279304880910488,0.0234651468503358,0.0177048002444865,0.0252232574183315,0.0189753458372758,0.0263717563874396,0.0233372070262693,0.0255078231182347,0.024399855699751,0.0263871974340557,0.0223350117100522,0.0204436055725965,0.031016508647913,0.0235653410628724,0.0285664027529803,0.0192055254086618,0.0314151206778548,0.0250392796047296,0.0270669942557098,0.0210244086740732,0.0208643420089361,0.0239407387258707,0.024520214309941,0.0290526914059738,0.0244187758675788,0.0300041664584377,0.0300927325698474,0.0195369904468442,0.0230552897409788,0.0297441008456357,0.0283331214748609,0.0201683292244734,0.0207767540193309,0.0219547166738147,0.0204862114728144,0.0124602480037845,0.0204910384713429,0.0225659844327954,0.0233898732925111,0.0227959771268054,0.0202663311615374,0.0134207673173087,0.0181403070711411,0.0285886740814081,0.0207059079993138,0.028760818129435,0.0254246921995319,0.0233460558696446,0.021777282106205,0.028496870507081,0.0265333148006979,0.0255992031617125,0.0211200448406529,0.0219799308001988,0.0294450482945128,0.0241103122431322,0.0168420836858423,0.028826005913914,0.0228953208300871,0.0236550482587125,0.0208715423627578,0.0288240890490563,0.0177868891405715,0.0221869610528501,0.0258036510810267,0.0233018187327225,0.0204922143805444,0.0285721945429527,0.0231621205577629,0.0259005454382417,0.0181478704336716,0.0177072846729358,0.0217588013933637,0.0224272510295121,0.0230060829067763,0.0182716143204444,0.0244683171200119,0.0173220247196946,0.0234164399972343,0.0180069366153279,0.0181532770874705,0.0214215069687222,0.0229277532880879,0.0270805750324857,0.024604059547439
1097.11607410663,0.0229987232788801,0.0217912136047755,0.0183034055432444,0.0261504493874134,0.0219429158372945,0.0254968978911379,0.0194591617196006,0.0353344420683873,0.0223529099712221,0.0261136027836511,0.0248243544994167,0.0223156831007821,0.0307051126141526,0.0255423617066808,0.0259624883089431,0.022355170261839,0.0212295988316181,0.0289756755630358,0.0212248066845141,0.0199789210856748,0.019027102324949,0.0259157795654992,0.0255582423686354,0.0207704267968096,0.0149085013179737,0.0162459865062346,0.0249204925621215,0.0298635530067598,0.0146688745172228,0.0258263584572653,0.0159196341865678,0.0224395482956783,0.0160928805938207,0.0279720504359692,0.0227762291597217,0.0226215148071683,0.0255515330862639,0.0228253052742205,0.0245149974302839,0.0280879668910056,0.0173469688484196,0.0263122942864064,0.0240180373458855,0.0208772711385649,0.0194458224771009,0.0154009152272753,0.0270835472604394,0.0191625156298017,0.0140829793312734,0.0210659627275052,0.0241427861909899,0.0223423742934605,0.0148703562279594,0.0177587435467151,0.0233579308169512,0.0262375504795409,0.0257915321876166,0.0255742795247877,0.0143084337845957,0.0265004326796057,0.0218690451442162,0.0201701283272281,0.029416182038652,0.0214393662150501,0.024810460718793,0.0162582945705526,0.0238184745837265,0.017682984112938,0.0156441571444101,0.0299180745000063,0.014836663260858,0.0226687929957416,0.0209128385928232,0.0275099869238068,0.0250923472665019,0.0228038423886004,0.0216466887126246,0.0255606032485188,0.0223430268574384,0.0258038810827295,0.0200511542858533,0.0261754986587595,0.023879114218714,0.0198153600036722,0.0316293957105881,0.0224905108113897,0.0298169521068347,0.0218558063860342,0.0186205146671003,0.020978548189486,0.0224968367747724,0.0250854688147626,0.0183555892007456,0.022199059374642,0.0208596315821186,0.0233194108102238,0.0139461393039414,0.0198760329728575,0.0237143438432859,0.0292493297300861,0.0154649626517563,0.0301641824537636,0.0173879118954204,0.0294384151602324,0.0322992136137931,0.0295197019723248,0.0260787644041381,0.0118206266270074,0.0130484035215634,0.024024993564584,0.0148669998531136,0.0208863291585067,0.0164167287391976,0.0292684286626475,0.0246081305307688
1100.14679301532,0.0209201020622529,0.0239655506586029,0.016155616502155,0.026187308687975,0.0187426872644277,0.0185383203180422,0.0205591349034819,0.0197976792167633,0.019240015965283,0.0207106422289357,0.0221595492300363,0.0201166656677534,0.0175119131236421,0.0228740179647787,0.020022250077404,0.0191218520663762,0.0244991136533013,0.0208739212528991,0.0196904168772304,0.0216381542719615,0.0179624519527554,0.0226504458168656,0.0136476543201637,0.0169784448369632,0.0197857876384761,0.024403470430664,0.00677229450322578,0.0105313323349602,0.0238482841212861,0.017663393171518,0.0197735221643308,0.0181971136890653,0.0199610548559533,0.0263791529156888,0.023367998319882,0.0232015320072207,0.0178866995243302,0.0190596198286416,0.0295730215944712,0.0216646373834386,0.0201568859051029,0.0252889233753982,0.0164780904664947,0.0252992538744919,0.0173375689287358,0.0220751221154633,0.0211195220235241,0.0219000550283369,0.0217128136862128,0.0265701828562913,0.0127710061699271,0.0142891036110773,0.0235111519396192,0.0210098090030995,0.0156944887556195,0.0192010344462673,0.0220332746133727,0.0168773927726376,0.0252871062024188,0.0227114005896752,0.0191850060290072,0.0244635437042614,0.0148534108626683,0.0149124131485729,0.0226756138293296,0.0200561933657126,0.0167203515451711,0.0220955433154119,0.0145520325888002,0.0222848430791056,0.0186808862892791,0.0226849969983716,0.0209403513718207,0.0247893978515943,0.0207248648178957,0.0190195594377821,0.0113858565968001,0.0145589591900974,0.0272703887893331,0.0214750596481441,0.0233340397927198,0.0129685780208221,0.0173215836367692,0.020354895861244,0.0153824154503813,0.0132170202424948,0.0238751191896005,0.0207828277133305,0.018637854377232,0.017228484714713,0.012336542967357,0.0218819154883046,0.0200254426499329,0.0380674095015045,0.0214047518772688,0.0194720581877704,0.0177835849981123,0.0275067546828759,0.0204161842171946,0.0137658064036379,0.0214366920232344,0.0215168166225827,0.0234360909566738,0.0176102500325976,0.0208459005837771,0.0257703769493433,0.0304012522512456,0.0118191237858124,0.0201574190458578,0.0158182409237991,0.0148701738566308,0.025741041650086,0.0234739096821377,0.0205285326924283,0.0159851131310119
1103.17535740627,0.023083339402055,0.0288281968693297,0.0243678615148153,0.0316432120057201,0.0209168215863408,0.0180218588077963,0.0290810047179342,0.0285759098237379,0.028977171230103,0.0272467365839687,0.0232363835532503,0.0239833983779561,0.0164185591242944,0.0250843758994524,0.0173366655741166,0.0235102666487366,0.024011924914073,0.0317594799080242,0.0272766829163104,0.021677360925042,0.0271999679444313,0.0264815926152315,0.0196602249669074,0.0268770504193182,0.0176751995998815,0.0331020766460949,0.0249597804506692,0.0229368727845083,0.0303415729533572,0.0247920851882278,0.022533204163503,0.0289654618254821,0.0353377158976156,0.0193593237101135,0.0207507971273959,0.0199923715538671,0.020100914255344,0.0380326134323739,0.0263911396134361,0.0255311438272217,0.0240807659745351,0.0306270206225207,0.0295083647666135,0.0231578926485731,0.0276360316955616,0.0348160776390759,0.0287577666260032,0.0262526584342097,0.0222904278295121,0.0255189052166195,0.0209328452147701,0.0245244603586938,0.0267722696051287,0.0145640198850632,0.0151838002048924,0.0187038291956715,0.0237060528520255,0.0223690880834602,0.0274987449921558,0.0254654313858185,0.0186610518969281,0.030902877064232,0.0267301551759447,0.026966401223732,0.0194642055613179,0.0276212751030553,0.0266318111616003,0.0199464750366224,0.0295397353654506,0.0179305976682656,0.0317991500272024,0.023244143807858,0.0209678724030489,0.0111235676713045,0.0245639852167099,0.0212107030202554,0.0232743807492729,0.0321921501026433,0.0251101037947255,0.0187819549232224,0.0266169215684883,0.0168526390356043,0.0200807654156596,0.0230578498242722,0.0284087882516939,0.019797504584654,0.022257050949674,0.0234626996740009,0.0304591283529238,0.0268959733720942,0.0214616538245314,0.0261717048736056,0.0272015808803745,0.0282376851393154,0.0246945753178034,0.0261153002316431,0.0243535833469646,0.0247972549362088,0.0253684397711295,0.019883939825473,0.0263265333428323,0.0312678313552569,0.0196133996731804,0.0337716447278253,0.0290471355384087,0.0230923026829787,0.0260445252499725,0.0244673791548245,0.0234435446254128,0.0273071256944875,0.0214525822105451,0.0171204513284447,0.0294457100435391,0.0238089635976409,0.0213808747853226
1106.20176941133,0.0236559401507555,0.0234748282695236,0.023855970949119,0.0165071123678068,0.0349147361156198,0.0207265977777076,0.0222293648471438,0.0200636769752097,0.0258644785075964,0.0234719857754918,0.0301931234334594,0.0245417271245696,0.0191752862525586,0.0235003434756553,0.0276699822169946,0.0229990299670515,0.0192315049982211,0.0236576795745662,0.018767790720095,0.0254967187868727,0.0212554678870012,0.0193950991776999,0.0229573151465393,0.0148706308777955,0.0209400864958268,0.0298960145756479,0.0287199175421898,0.0256597951649917,0.021255497110614,0.0237287344580818,0.0220105576871721,0.019361989154497,0.0238614657935066,0.0172238792910686,0.0175988131099575,0.0173246250831253,0.0206687928481372,0.0234385964940517,0.0243074125061517,0.0256064986448497,0.0202065608678601,0.0195309036390825,0.0111421044232437,0.0292207586209473,0.0190547257960353,0.0238414450669331,0.0304111160642932,0.0262979130181511,0.0326326891521221,0.0228288559071716,0.013902151548723,0.027229403874656,0.0235779201048694,0.0221248229021696,0.0245770541038242,0.015481960507391,0.0275513774618872,0.0174925735220387,0.0253269893126678,0.0238576202363669,0.0202973274440833,0.020712121683959,0.0283549703096709,0.0280905996912724,0.0286323549802932,0.0254994414410942,0.021728407826979,0.023812427337701,0.00904118328477023,0.0179484648230984,0.0220052858489248,0.026518517567706,0.0231914528553624,0.0270101783933206,0.0234792423294558,0.0272045120478758,0.0243585518786831,0.0217413687662813,0.0169527392596872,0.026993689149963,0.021219769613999,0.0223908047234349,0.0211961193215662,0.0241385224617495,0.0159568624005316,0.0285649515057042,0.0336104559996656,0.0202452458823604,0.0245744515202016,0.0322699775657125,0.0204085774129129,0.0256444431504943,0.0217135940306695,0.0173146591700797,0.0175552396314736,0.0222683269832151,0.0287377062940454,0.0269861124951053,0.0270206416164764,0.0165861582287494,0.0155296215687362,0.0231616553919547,0.0212746474345022,0.0230200731352662,0.0165022212574037,0.0214856234760054,0.0254850328238491,0.0184168004808458,0.0147145831436992,0.0163649721798731,0.0258420156466477,0.0332943956646428,0.0207639995529556,0.0199865933242235,0.0262375983863818
1109.22603115951,0.0332428453797088,0.0423175196976716,0.0347949458837551,0.034427242623724,0.0354769378346696,0.0363158681354782,0.0360531410703795,0.0391087254381353,0.0393500490390625,0.0408622240300253,0.0398227432683682,0.0322689709207067,0.0312821923220573,0.0327581523890653,0.0342063956109046,0.0377316275530961,0.0337715097395231,0.0312885051669557,0.0365481584094425,0.0395764158089325,0.0223601101737364,0.0352361074958362,0.0365740955833442,0.0368172977099023,0.031730718744439,0.0434651861777962,0.0356863760018477,0.0343001828452303,0.0384936977881484,0.0412341600799238,0.0296941542775339,0.034419429453335,0.0364985055733795,0.0384245381231233,0.0481399529049391,0.0390158887533133,0.0289206802773515,0.0348319699130017,0.0299134564463888,0.0365135648315792,0.0380560795210749,0.0460745360673116,0.0349992312895066,0.0347369301840804,0.0422997156617438,0.0376857858364438,0.0326088205926578,0.0387268053457936,0.0342955946412597,0.0332499253734984,0.0356295448554071,0.033162075980277,0.0289912808612652,0.0334568503421435,0.0306694038673193,0.0340582419615192,0.0313969697330967,0.033899158981979,0.0335662821400592,0.0396982153484987,0.0359746881321418,0.0319801896705796,0.0337571430355039,0.0374125787136676,0.0329565631484917,0.0314504344340878,0.0365783875392994,0.0440828378378634,0.0356733927928507,0.0360008425949932,0.0378516786994923,0.0335943344437448,0.0331010037416206,0.0423498650878761,0.0262245276053629,0.0391740431397443,0.0362476073756141,0.0333176905304941,0.0300589438234757,0.037386667071623,0.030470698387495,0.0367504165620266,0.0371088250339247,0.03170958804836,0.0436205261040908,0.0302258345457705,0.035235630150723,0.0320396463958531,0.0363960054362433,0.0312038307302918,0.034891269030683,0.0390337085449512,0.0404533711832622,0.0331837135227519,0.0323730044303857,0.0382984660940411,0.0364011881755996,0.0329850168642719,0.0336233830179345,0.0371058874553219,0.0442205828908893,0.0388654593363989,0.0350005551636862,0.0364905227065585,0.0378070420717722,0.0380902413619539,0.036859643412579,0.039315710799936,0.0354785594123747,0.0349665861844078,0.0395523472017153,0.038688379568598,0.0305355183497974,0.0363805352899187,0.0364864543819545
1112.24814477697,0.0136669246330517,0.014381816408447,0.0042941030821712,0.00791207026181839,0.00701784077258777,0.0170107369902101,0.00322608143874604,0,0.00625475272205414,0.0175515964507983,0.0125702183066701,0.00856519326795759,0.0131398292451767,0.0100338399292919,0.0109084435364791,0.0121779231796369,0.0102083127457371,0.000944862705820865,0.00443354031964079,0.0223363354609065,0.0104519107698756,0.0134113083365864,0.015431244766563,0.0165970241753329,0.0081198465622488,0.0229437437166469,0.0105922365623252,0.0101272893728777,0.0154404954870113,0.00849535561029077,0.0040069966673518,0.0194554921994281,0.0195428168704552,0.0118686214174337,0.00915626525639311,0.00495307500883891,0.00973128474798514,0.0180726503682341,0.0113506569897653,0.0160090807745854,0.0158010882111088,0.0158939339079488,0.0128444173614844,0.0129064052336637,0.00297182160182807,0.0184388628120379,0.00651415108221801,0.0140053639733891,0.00666524371582013,0.0108941643506906,0.0101513795111633,0.0132760295784387,0.0118104978599647,0.0162375529583693,0.00925183427733518,0.0112188241458567,0.010803221219462,0.0164722992330336,0.00892975852072379,0.0119190720196008,0.00898989407421123,0.00784231137757645,0.0127202087564473,0.0161311336232457,0.0222104324520429,0.0174895731519092,0.00972749929050128,0.0107668451888362,0.0201659330248663,0.0196248417295442,0.0155113707416387,0.0200351833142683,0.00732753730105536,0.0155506905808917,0.0141982844505449,0.00605609559546279,0.0092407790356863,0.0129556486748973,0.00718181075357278,0.00906847872742823,0.0115114904643848,0.00314540702065871,0.0113714795735644,0.00791273143471818,0.0127382509374514,0.0111131357783647,0.00983759613202673,0.0132750744343561,0.0122693295294694,0.0129636279958246,0.011339427347205,0.00746314502259443,0.00853632833372461,0.00367144594382931,0.0120606340471238,0.0112629806933059,0.010728099849991,0.0117730217252521,0.0127250691602516,0,0.0101644846441694,0.0139848972986445,0.0174691802176855,0.0149743681402666,0.0127060068615852,0.0172020895010103,0.0178575707055264,0.0145671551820827,0.0141891438491976,0.0169128106125638,0.0115943728562018,0.0165932404443064,0.00448731378230987,0.0139819647437441,0.0127671544858807
1115.268112387,0.0402223868596122,0.0246223105676751,0.0255941197910338,0.0388389141122179,0.0371401590397782,0.030453637105563,0.0265933701175381,0.0323527697762912,0.0304497377842693,0.0381989947457603,0.0355639748198403,0.0267707090037883,0.0312976744390455,0.0295921367259926,0.0239551852288601,0.0176563661090346,0.0279693244048756,0.036243896148762,0.0345546224636197,0.0261569506021977,0.0354152368619415,0.0308909174504881,0.0252471616727698,0.0314253874709438,0.0253619091165513,0.0273147330303526,0.026109161756617,0.0354443968698367,0.0342913595614446,0.0260015123870825,0.0357624710542599,0.0366581899149932,0.0354690665735528,0.027100667806642,0.0348848928318552,0.0244800624283263,0.0311562960702533,0.0310908306852017,0.0372802871311871,0.029083045572737,0.0269673808637249,0.0350163469216768,0.0334546055480113,0.0359256398120568,0.0278359825410225,0.0311810614825766,0.0391819730180459,0.0269733138484152,0.0213484666851303,0.0267790032622522,0.0345929333781614,0.032119392653833,0.0263702255459878,0.0345737491371569,0.0313013502265828,0.0347005153588018,0.037460213158667,0.0290601852811421,0.0379915862047511,0.0315775108835748,0.0327686605965416,0.0325230801276597,0.0332316890724916,0.0320121468625157,0.0319178846719525,0.0234415565527149,0.0273217848271332,0.0293978948666358,0.0296105133995358,0.0262020567523888,0.0297222261659036,0.0368864614998737,0.0287666257522648,0.0319860117514226,0.0317164874200991,0.0321504043498046,0.026533215970805,0.0322424307039922,0.0328290409773364,0.0309124118300169,0.0343261981945416,0.0345970190992812,0.0322177710271331,0.0354958758602026,0.0349821856415205,0.0335492713976405,0.031461245601947,0.034720716062478,0.0332130164608928,0.0242426428602449,0.0301088608659668,0.0422630031059403,0.03003035776872,0.0353980170181335,0.0367601831496663,0.0311592962643824,0.0315088417473898,0.0330116767078063,0.0325295131133684,0.0321742154687244,0.0334471151428011,0.0259017306412854,0.0300993296038898,0.037596197716579,0.0301903186743607,0.0241666353532278,0.0297755734052104,0.033817706433612,0.0218468057134503,0.0294973046802944,0.0318849397817438,0.0322293147046225,0.0375974543461203,0.0380262089547513,0.0305656017019071
1118.28593611007,0.0286012256020266,0.0224966360764993,0.0310821343542699,0.0285821438331031,0.0323296385523705,0.0342340747361544,0.0271659260551246,0.0314073545205605,0.0251975089200953,0.0295421953183583,0.0286247650893484,0.0300884040075973,0.0324064208306811,0.0269259924933424,0.029408311907612,0.0296684539599762,0.0296309230383292,0.033568756024923,0.0308763024731125,0.0288982690880924,0.0267616580026729,0.0287192885072792,0.0350638092919965,0.0298255807325323,0.0302415194896444,0.0338509420366679,0.0309397575952929,0.0403208812137895,0.0348773052974576,0.0276703166005843,0.0308650794967414,0.0356340469734548,0.0190627719968439,0.0282234163521333,0.0237123209515983,0.0293924991902526,0.0251403216933628,0.035988499978068,0.0324498983536749,0.0269932161829339,0.0347922889757654,0.0313434872456892,0.0356605610234502,0.0326923510301448,0.0284267051964228,0.0168990925701422,0.0397490679763547,0.0280966907219151,0.027895249565329,0.0415719447397464,0.0378739481121931,0.0326749283355808,0.0366269264526941,0.0319008721184324,0.0263914496119552,0.0282107066712741,0.0369626215830857,0.0329175668052314,0.0308902673009101,0.0212478174946939,0.0317066262586989,0.0325274248631312,0.0262251920965361,0.0271269918636965,0.0405495070992687,0.0229362149049128,0.0229687004872668,0.0365467963113231,0.0257484577544357,0.0393379397652381,0.0352053390673741,0.0260436117352816,0.0353840942264635,0.0325514504914646,0.0218799491984039,0.0283678866115276,0.0324816595671387,0.0372125740088839,0.0301261665394688,0.0336738973108537,0.0311011010895002,0.0335213347328096,0.030595509615459,0.0306297183700896,0.0274116193524367,0.0313853112139719,0.0368714345101422,0.0374025178310024,0.034841690495874,0.037669193943652,0.036022161259228,0.037455730225559,0.0361077403392686,0.0359595642882399,0.0340147321517724,0.033940421919152,0.0380811148110338,0.0324820257682301,0.0253832306137858,0.0277708559188608,0.022652073247395,0.0318668276071759,0.0334077298691999,0.0446091286378886,0.0318426852944364,0.0338100085735303,0.0297604206597146,0.0299701912451626,0.0344208182711623,0.033328894818871,0.0269556769238696,0.0387028973660196,0.0278326575111805,0.0347521989454332,0.0332676271522316
1121.30161806379,0.0392509423536565,0.0295123930341926,0.0376615463266715,0.0324156986830855,0.039343630645651,0.0433838155707604,0.0409926734375075,0.0272208486776428,0.0402920447628003,0.0377095117765266,0.0291697904563275,0.0383699033880629,0.0362660202676404,0.0334760352900991,0.0364896207906836,0.0405925327996479,0.0318300431137667,0.0319794027029222,0.0304178998065666,0.0370404774710259,0.0376288712699923,0.0341909216693265,0.0410794480207431,0.0358933476465526,0.0399598052181621,0.0403880042342997,0.039511601763125,0.0382051066934587,0.039224673909058,0.026609179628687,0.0336274601677348,0.0303218671846907,0.0464991581016995,0.038572824772377,0.0350024657181246,0.0418840621470141,0.0449205178963613,0.024644766591516,0.0358591626068182,0.0319446048017916,0.0353768717836461,0.0441055291556838,0.0394913404957923,0.0403987273467293,0.0349519119259987,0.0439825078320665,0.0419492880097753,0.0416042816351965,0.0458348384633642,0.0399770913223344,0.0292187377064811,0.0386103775104829,0.0436566720760759,0.0340772230573395,0.032486649483847,0.0456994267516752,0.0424400347959559,0.0411416243093254,0.0435155173343419,0.040907920933553,0.0371258048630272,0.0373608731106676,0.0397236995229484,0.0391841710602231,0.0421848125224937,0.0385768210165707,0.0471487987221776,0.042056173439309,0.0363037043204103,0.0404519742486659,0.0374161607685081,0.0396381067188786,0.0359637044575331,0.0364013989972363,0.0454179260007491,0.0359939440769772,0.0357298895455216,0.0427343036551353,0.050323090593255,0.0309839262395458,0.0300469135810724,0.0445756222026874,0.0328104935409561,0.0349587165023385,0.0426101205435209,0.0439828429886294,0.0476872143486218,0.0331154625417436,0.0380807896179054,0.034995529435816,0.0387221489021627,0.0374664697945652,0.0361292084863146,0.0425365508236312,0.0389551326407905,0.0328576350539934,0.0353636382197885,0.0422937733371195,0.0424391267053344,0.0427545034010258,0.0383632540541762,0.0443263308121673,0.0394589089118471,0.0370898186012422,0.0504207045516911,0.040776178915187,0.0416799705529639,0.040973248220085,0.0382574176672813,0.0377084580644823,0.0329927219101891,0.0317020501057082,0.0414062650634806,0.0424066419924128,0.0392056315700214
1124.31516036295,0.0239198365545051,0.0236245877046617,0.026248176442199,0.0189095268234307,0.0372221495427211,0.0305239735646647,0.0251332875035223,0.0338420449314423,0.0264750656273266,0.0290546654491332,0.0270431404465239,0.0284552978149223,0.0401266518488963,0.0221385387996707,0.0316379998590238,0.0281077445493409,0.0270534355012732,0.0271360037059565,0.0256684206022389,0.0262835655484515,0.032230505216422,0.0336587873359754,0.0237416769355815,0.0304618794766555,0.0340907364115548,0.0301511050478193,0.0261760570444923,0.0280213595997843,0.0322913207269455,0.0304641565821465,0.0292789281271998,0.0276911258399461,0.0295467994488888,0.0353559128276914,0.0265055748947755,0.0256874082557529,0.0411018634482899,0.0257541045732729,0.036522444313851,0.029314637617051,0.027607253323392,0.0298314902287292,0.0227528815450041,0.0256814566354948,0.0290713024932125,0.028599271325933,0.0283718275266488,0.0222694202734768,0.0323118387243343,0.0296426057803724,0.0292461970125307,0.031099385086666,0.0280928382159639,0.0324835606077718,0.0308800137766456,0.0353967184496256,0.0305390453963559,0.0198984835743602,0.027649021546644,0.0311254258358001,0.0317453041969043,0.0309297210995005,0.0278628471920943,0.0277429796610229,0.0239062066099935,0.029462612238289,0.0296286066882181,0.0224135616071177,0.0291168043033541,0.0300907962323744,0.026535280105571,0.0249957273292874,0.0294076485389633,0.0249290201944719,0.0284708290859523,0.0208054100641631,0.0243930476014458,0.0229262901271175,0.0301755611457693,0.0353830296006195,0.0268236920823006,0.0313727303518746,0.0240659358275016,0.0344212979536114,0.0274523047421868,0.023780261118648,0.0266161019052388,0.0331184112686947,0.0273706179301786,0.0307127707333435,0.0291019883099236,0.0294495809661389,0.0322974018045744,0.0316180318717572,0.0235867485344996,0.0223897772827312,0.0304611741262565,0.0374124907530674,0.0270442904334578,0.0267214824326949,0.0254063070200112,0.0340593454462078,0.0307048204350202,0.0188062483506788,0.0291449267036573,0.0263186741148495,0.0232234277518904,0.0338283342636217,0.0262567146092904,0.0289585950833982,0.0297101346786162,0.0214681105994892,0.0338144635188873,0.0314851878617761,0.0305866823976076
1127.32656511951,0.0292691730269029,0.0327930604670582,0.0339202916815504,0.033583370872524,0.0356392483170668,0.0332337545063428,0.0394925192386701,0.0318191159932967,0.0399655703812865,0.036138866064104,0.0361427281497835,0.036739119991884,0.0401385042922396,0.0297749104457949,0.0349242561650713,0.0374006554548988,0.0330113822724832,0.0363986295605366,0.0396979359595162,0.0392879512392021,0.0344243869373818,0.0303983567822236,0.0406220194466284,0.0310553967472156,0.0314480405094809,0.0345257898265141,0.033681233964985,0.0420455359867994,0.0301941235922243,0.0315894891475004,0.0243844474437574,0.0363196054122533,0.0361606002743263,0.0359390164654721,0.0388672648726616,0.0360158758126626,0.0444192828010453,0.0333612359068816,0.0344398909417077,0.0342677621454621,0.0348781120610655,0.0335830444241892,0.0368709282593728,0.0306552107069333,0.0388351115649663,0.0385874188817167,0.0425442120093553,0.0336251472199919,0.0394040125234716,0.0356978364475905,0.0347008789545659,0.0354233985751622,0.0383524813694305,0.0352007055891912,0.0380779418612541,0.0305445824963041,0.0360185689971018,0.0428591319781151,0.0353449476468557,0.0317039238723557,0.0371665652847799,0.0309373499327785,0.0375864607381488,0.0365234042037634,0.0411524683148318,0.033265619776468,0.0346061942058435,0.0426888768904445,0.0380109345738983,0.0312071392448549,0.026566203744915,0.0385922285933399,0.0398710415639417,0.0309703161339557,0.0443514393997893,0.0382116023013332,0.0271033350770799,0.0350583319956116,0.032382913931751,0.0250619853454046,0.0387919367412952,0.0391212674880602,0.028475501609423,0.0349667977008349,0.0394006250934943,0.0303665721384821,0.0331102563660788,0.0336586050797605,0.031148266865013,0.0387753381498551,0.0323399407817429,0.0396320217230076,0.0361755546368763,0.0349167907514042,0.0323720314270375,0.0345605735662207,0.0315715018914498,0.0347094540718384,0.0325517552450661,0.0295218777084521,0.0319238293769405,0.0351572328116315,0.0378549522203629,0.0279751326580921,0.0286167979959207,0.037036365041173,0.0362300125230948,0.0316346837496698,0.0377421241886349,0.0360758542635947,0.0406837900749126,0.0430368699765809,0.0370785438452104,0.0216576495146269,0.039761976147393
1130.33583444261,0.027196374243805,0.0371235624402166,0.0285073192425839,0.042297683064496,0.0345950729029849,0.042386961324426,0.0331781046471338,0.036821852916509,0.034182365763675,0.0356268367526205,0.0382947012833036,0.0350985908868501,0.0352017398140725,0.0341601219704571,0.0403815832646806,0.0330844586770633,0.0330672294027282,0.0293875630627115,0.023684186743755,0.0344735129431802,0.0404151241266203,0.0358734095938852,0.0428392623359815,0.0360311646896353,0.0384822339398757,0.0410662676160891,0.0353097985698784,0.0447744527089555,0.030247101747417,0.0359928245939272,0.0473917013484304,0.0374438646410705,0.0405836630548178,0.0424930554657504,0.0367902943818767,0.0349782068668901,0.0400543709034121,0.0312242356236885,0.0394988562605476,0.0430130497610827,0.029895981052526,0.0368055863869365,0.0325853143192738,0.0410996473197162,0.0432059144586708,0.0386493315984604,0.0409392084348078,0.0395978451383789,0.0356479450826701,0.0362914479019618,0.037986547074864,0.0424382646757021,0.0357022156918708,0.0373803983032545,0.0353734945951031,0.0311431618382352,0.0371545170151564,0.0363528692633196,0.0331792827222933,0.0420983080958858,0.0366487277298286,0.0406026767776399,0.0354405716083712,0.0491306543324561,0.0460204604969736,0.027921023152633,0.0330005995478366,0.0383592948949949,0.0391437818858584,0.033964328893246,0.0391456717233667,0.0440444326757573,0.0294746446838789,0.0331821299561301,0.0399903100881401,0.0425815847306954,0.0373781709819791,0.0334249937285191,0.0340464620827617,0.0403682682832695,0.0404537706837452,0.0319854058231272,0.0367227511485218,0.0392995392860461,0.0410505165667135,0.0293006570287771,0.0374438195466841,0.0422420013380035,0.0365367730645109,0.0436189967477407,0.042543401305048,0.0401814011486247,0.0317957419365692,0.0393105060361785,0.0411587702663368,0.0362423330912051,0.0457993861808403,0.0374501907378484,0.0413607212975427,0.0306619757511956,0.0297877905901668,0.0340918806264201,0.0318452560408743,0.0425278947900764,0.0411930576749017,0.0423991979023829,0.0438134136637331,0.0415421630109034,0.0432213448838292,0.0437415330040953,0.0341140165339541,0.0344223291746598,0.0338312524392452,0.0396967665111097,0.036537343911422
1133.34297043855,0.0288366228327261,0.0366162396096101,0.0367274642068083,0.0282537032904953,0.0378518445726504,0.0365099879074271,0.0348171699139437,0.0385840817898343,0.0342902272471775,0.0269760426012331,0.0318956180475873,0.0268424424336939,0.0308164573082518,0.0385467816032233,0.0333639668892858,0.0276808399558949,0.0299044741766621,0.0391953069978237,0.0259132114921968,0.0329005319892614,0.0339362611017568,0.034799253055187,0.0298504211786924,0.0284128823292199,0.0331546940785235,0.0324565951672688,0.0294588451355128,0.0286772420039384,0.0286898259299823,0.0322054488367691,0.0260878633753279,0.0369611735405315,0.025827444181188,0.0305969653187095,0.0432715909879296,0.0328593581337598,0.034044466435075,0.0263814825509353,0.0423615714330323,0.0387615923201953,0.0282573631030219,0.025715730962028,0.0331730352888909,0.0329494636123989,0.0335530542947314,0.0376095966782615,0.0213805952453705,0.0208047361436332,0.0286384348485137,0.0319698718321548,0.0369329503762635,0.0290144250061892,0.0368191214114552,0.0309421077298392,0.0266182790677291,0.0333779620136492,0.0404643025915403,0.0363966992036609,0.0266315440843838,0.032865072784094,0.0345121953586204,0.0331027620102124,0.0343753078726067,0.034960978044373,0.0412015204725334,0.0414137988777123,0.0313963726944109,0.0318439574358199,0.0286341633258339,0.0268862202012106,0.0288143173677666,0.0326639249462919,0.0328041293608787,0.0244501732072621,0.0367248497714837,0.0355451799562511,0.0271258708683207,0.036749193970764,0.0329855110851747,0.0349571158541562,0.0339793815385853,0.0347748135420177,0.0334628600473752,0.0376846312097873,0.0372809977955156,0.0331564576814345,0.0277265340276499,0.0390319592471249,0.0322688090457898,0.0414869709755516,0.0318558690361681,0.0369855156756554,0.0268668362233388,0.0338639327748385,0.0296371671998732,0.0296437243541715,0.0261452153158089,0.0320291002554516,0.0314701451766682,0.02571081968728,0.0330624226752639,0.0368158702738138,0.039546553421286,0.0355515881479838,0.0297487341130245,0.0365155205262665,0.0340399186823382,0.0344020737312157,0.0323175465810288,0.03226010677623,0.0363180553902463,0.031738304900121,0.0338418992603427,0.0282328363693795,0.0300790630250216
1136.34797521083,0.0241155011778555,0.0221305698187652,0.018776421668303,0.0142113855346299,0.0110135982897743,0.0188240451743727,0.0110117189279274,0.0127909822493353,0.00602257199130516,0.0183268996980248,0.0222909228848343,0.014176548902744,0.0181828958398799,0.0147470052554439,0.0149564582612918,0.0157458017532351,0.0138631860032689,0.015369731641209,0.0174136200978118,0.0151290306699104,0.0209523680365942,0.0124370851952604,0.0130612979955218,0.0109388374446539,0.0165406313793628,0.0233073643913629,0.017731568613765,0.00720228835380514,0.0158523992412022,0.0202275117876646,0.0113504120812946,0.0171802962287043,0.0165530949238157,0.0257574879646209,0.0198050560021552,0.014502916670753,0.0038874821707941,0.0226229412974565,0.0183101701330855,0.0144729703547767,0.0216072195284061,0.0151574209031197,0.0131920981618029,0.0155028222000111,0.0125738050172035,0.00623740449113179,0.0067203970700845,0.0230111881406375,0.00969602986585557,0.0167240987248377,0.0125492822313529,0.0182817315720613,0.0239504740757576,0.0191182517927409,0.016214111823676,0.0127264514890199,0.0177065673409747,0.0195252363988677,0.0140580698086475,0.0203619487481549,0.0285969832472623,0.0132659121612253,0.0128075191601986,0.00931647995994785,0.0218516446771088,0.0242324598116729,0.00674826117780197,0.019862180750311,0.0109180408513574,0.0203562739904725,0.0190301202263226,0.0212849334667393,0.0163720718366414,0.0179089366822419,0.0104824062107938,0.0127567220506696,0.0136338648515632,0.00813621379985531,0.0117534827342605,0.0202785936010658,0.0134012968016513,0.0254367306343038,0.0165038378827834,0.0155196673103101,0.00586623391964874,0.0249868302367688,0.0147680056879485,0.0192034639049382,0.0151252447661909,0.0211086491172778,0.0233127913476166,0.0139872818152264,0.0136802628522645,0.025685224499057,0.0142748969559496,0.019181942625068,0.0201554067688036,0.0113713467622427,0.0199311027450761,0.0185457758746388,0.0157834008593071,0.0114026620829193,0.0154433647534802,0.0215794257456204,0.0144844105081458,0.0225991857335844,0.0123341645522307,0.0223140884716014,0.0159540131221871,0.0240629067724227,0.0111100572421269,0.0155805859048578,0.0240850816143336,0.0200487793104538,0.0182305443637323
1139.35085086015,0.0384846746531035,0.0361439324850847,0.0319073176636774,0.0348524709208404,0.0239475755335684,0.0333504577697429,0.0333293382856997,0.0367102584351116,0.0264796761767947,0.0406125632081645,0.0297928811469631,0.0318411463648936,0.038550800604416,0.0348572364587917,0.035607074933099,0.0435547360502527,0.0316338701304716,0.0295206652713964,0.0352047394188151,0.02921945635197,0.0421300922903577,0.0266510865449281,0.0380946309598039,0.0257764691054178,0.0380930288186229,0.0320170552907097,0.038601280341658,0.0336047072920438,0.0368618163048877,0.0328273357911321,0.039285968959101,0.0392170527896465,0.031941535063816,0.0296028471595984,0.0268242387459029,0.0367461323754628,0.0291646535416984,0.0302354048950735,0.0371045263020489,0.0280966241150853,0.0361252918062545,0.0284567597309599,0.0354360064302088,0.0363438084545699,0.0352896347518019,0.0316742413994932,0.0355892917407317,0.0370643016420581,0.0390356026743882,0.046275547534189,0.0489384820264139,0.0339079266567562,0.0299123237146325,0.0320768272651959,0.026719680103074,0.0329477299932013,0.0313386184813969,0.0337611011195947,0.0387460269272021,0.0318517127520316,0.0253836252302278,0.0352748927394108,0.0403434902662995,0.0366840563366353,0.0391037004657331,0.0398811968739278,0.0375205186631448,0.0264735170295281,0.038670761571844,0.0411526534425831,0.0359787081274573,0.0321720242042337,0.0422129669739869,0.0365436653515927,0.0389526209126557,0.0372307065406819,0.0439020857769278,0.0412000424992385,0.0286880122945611,0.0290468955294584,0.0324282529581803,0.037050664486504,0.0373610782383156,0.026347489255341,0.0405891756737897,0.0364997557066967,0.0347800515056836,0.0428031416697716,0.0360781059754108,0.0345443529185432,0.0399496100679759,0.0322043190666227,0.0302291601826657,0.0377388500947641,0.0263603888195348,0.0313594062870458,0.0332951923176406,0.0288115963755678,0.0342452269442174,0.0385230643011796,0.0342072174811908,0.0438921183888612,0.0275350842456776,0.0339837734732882,0.0276117221683881,0.0381435658749153,0.0248043706270532,0.0344271993616147,0.0247156492753841,0.0366573403065241,0.0336035232161528,0.0317651599027581,0.0365820896077498,0.0342680221904863,0.0376564530089721
1142.35159948438,0.0390694017074953,0.0329531241434579,0.0286821191074563,0.0370709094723418,0.0417203820001304,0.0355313471778898,0.0333835074340137,0.0422601527413529,0.0330178295143649,0.0319671669983605,0.0255370518652386,0.0384791432861673,0.0407708264321455,0.0381649484857103,0.0345615347358215,0.0397894677337262,0.0397463345579478,0.0317384816617407,0.0417310226958202,0.0449317700438897,0.0356564962546001,0.0332245540790119,0.0403185522124039,0.0471874552737142,0.0365335132980888,0.0342350698941283,0.0386331674974403,0.0438710879312057,0.0428307962208938,0.0361446230630211,0.037134653578858,0.0360587823737249,0.030891250308744,0.0367062546206781,0.0375888417750076,0.0454585802753387,0.0341368905574724,0.0324355465625331,0.036675111487305,0.0433466971410782,0.0400620127414365,0.0396372521262213,0.0387355125758632,0.0429661502145803,0.0353514392127023,0.0350518279553213,0.0318145310541491,0.0414276437304922,0.0358285150666975,0.0370424457285591,0.0386661487242707,0.0489981628746133,0.041793640430992,0.0380339936900769,0.0383276353300939,0.0390021621006563,0.0351966114539192,0.0376304822464217,0.0343951846122251,0.0335288439726055,0.0453935005420131,0.0406555374665966,0.0376647442153379,0.0427401376412523,0.0450545484119474,0.0453065632463337,0.0364699842357329,0.0336335544126815,0.0359292880006997,0.0379054331876166,0.0327445679377827,0.0370875401863263,0.0362151237082894,0.0382151603098507,0.0329568537116365,0.0318290186845848,0.0422988334426944,0.0423269878765836,0.0467149631324312,0.044359912303706,0.0416918936362545,0.0365374016417865,0.0483557239198971,0.0436673192324363,0.0406198964100562,0.0376276066253555,0.0326345975192365,0.037453681365557,0.0387901926789067,0.0426149245436052,0.0415886212868571,0.033830745068434,0.0379700631345817,0.043233249684395,0.0335076751452632,0.0385697318533038,0.0393323030314616,0.0402673886517054,0.0342604991750731,0.0391162282697443,0.0309958152994728,0.0293051051550523,0.0352416693790696,0.0302421026227512,0.0418329472305477,0.038692548110181,0.0443282980647694,0.036642908182178,0.0334794093971615,0.0448768707519228,0.0391024321245335,0.0425614843352384,0.0414828531480589,0.0370151833523639,0.0322817833824681
1145.35022317861,0.0301117442731948,0.0319150064010532,0.0385453644910937,0.0322467450079456,0.033698116338947,0.0285879181604745,0.0286686336438774,0.0370054639551984,0.0342038546172122,0.0249519238418534,0.0357155268207852,0.0329878258496809,0.0352930200856778,0.0317172882646851,0.0367726966773209,0.0273155612994605,0.037127374791375,0.0279907999247944,0.030017980246851,0.0428259830697208,0.0324382712548789,0.0272446473888046,0.0278800946469837,0.039028525117684,0.041426430337635,0.0337494437576045,0.035460909490957,0.034773986230095,0.0326850251222707,0.0285411104695391,0.0327970776304776,0.0312941362914902,0.0325831646151645,0.0291589681458489,0.033915503851608,0.0276490582670953,0.0297810382905366,0.0346375377716921,0.0356979047908458,0.0331442120676744,0.0289614275092648,0.046578494804344,0.0360824877513647,0.0320883335559085,0.0310998033886415,0.0318130755783826,0.0351149890394947,0.0382550126362726,0.0304535169498795,0.0409222131441797,0.0343645078864423,0.0318164708976192,0.0273166204132193,0.0224446761823051,0.0273791576370968,0.0297999886085346,0.0385134862903722,0.0365906212589057,0.0273066672505401,0.0357532879304473,0.0411038938126258,0.0396007590699385,0.0360672136489075,0.0324033427615724,0.0370131326199361,0.0372796776765771,0.031580508425347,0.0369679969890411,0.0331899407774954,0.037392779177839,0.0273303667126252,0.0360316248847736,0.0329642141964608,0.0327743236417712,0.0340755499019571,0.0318615736022657,0.0417781322713511,0.0373986697933175,0.0391191644686434,0.0302323213454042,0.0297996209407579,0.0371288337676843,0.035239008862687,0.0382741848812968,0.0379422724279355,0.0349307704922002,0.0369768479767272,0.0315700840598646,0.0425773099675311,0.0270726070807815,0.0373369463219249,0.0295715227107287,0.0291943881443272,0.0295928660511712,0.0368147366110068,0.032531101688577,0.0322552863916307,0.0326773454233318,0.0381280506538187,0.03306484248763,0.0391458543646669,0.0266249800040721,0.0286924050930741,0.0367293808611832,0.0298503437926039,0.0317449212463439,0.0361894122231506,0.0350111230386963,0.0280453690498455,0.0284788682836331,0.0281551971086085,0.0280263268282101,0.0246765023896433,0.0370324800762613,0.0339185482523367
1148.34672403512,0.0375936120510483,0.0367935330044732,0.0260548759796815,0.0230896257712654,0.0401888764143063,0.0339940660322024,0.0345586120705789,0.030672325987727,0.0295024776020537,0.0456158349670408,0.0352055679443433,0.0412845619789988,0.0386173757074245,0.0409920459563898,0.0357313020996816,0.0377092199837394,0.0259238187315949,0.0388926795177047,0.034402397851453,0.0401823552184663,0.0292222434706731,0.0392812007257014,0.0328238552095496,0.0423718847755851,0.0334208085609295,0.0381361080057355,0.0370998962001314,0.03697551808278,0.0332858763316453,0.0395083096701297,0.0350264785804793,0.0399341293417308,0.0435936946789916,0.0406081328159883,0.0318486374033067,0.0304113273864929,0.0358553170398965,0.0341345131666894,0.0319758969099015,0.0381079917100629,0.0423715890161301,0.0418587258101868,0.0318076545843891,0.0436372730981933,0.0360204936856435,0.0396070154389196,0.0351530584876219,0.0313154541772267,0.0494920421420164,0.035517221070166,0.0316929127359292,0.0345393127252931,0.0418918814114384,0.030560806497711,0.0351400305564409,0.033678675712608,0.024453104018138,0.0339159227173182,0.0361104832331986,0.0385251894909098,0.0324961527048077,0.029964856838192,0.0296156373353201,0.0384637065846724,0.0392003688831509,0.0437855249706854,0.0338262443580667,0.0408514272087076,0.0304528693229255,0.0412543101814685,0.0388298360750546,0.0306335286109035,0.0374011741209773,0.0377337634316865,0.0373848743722759,0.0329826984727484,0.0353171692792298,0.0302699268490758,0.0386133884426984,0.0270116076366957,0.0347273656191519,0.042684367969313,0.0292490615442346,0.0312608157903292,0.0368932275879286,0.03824975844401,0.0391593828018661,0.0342666948782452,0.0436837770219333,0.0383676224833142,0.032551777201942,0.0397659613326747,0.0358384317463331,0.0389191109458938,0.0362817206492767,0.0347767651404902,0.0393897341899924,0.0408723345927468,0.0337473742988813,0.0331084863242662,0.0456752424657627,0.0455922382345198,0.0380484012827993,0.0410657320238236,0.0380704619686756,0.0306912711140851,0.0323923015732338,0.0394316026276826,0.03681381679381,0.032325846607158,0.0314652439122236,0.0372097512179916,0.0344662713547752,0.0392374757480778,0.0312440241149347
1151.34110414341,0.0403055425530815,0.044900420013221,0.0353773920680362,0.0383204023143889,0.0472193852051753,0.0394025302787437,0.0431016494541529,0.0378498658561895,0.034440956421229,0.0467455049240509,0.0389741499848682,0.0308351247291075,0.0369941764946797,0.0356330206632155,0.0406591545563853,0.0399389506490034,0.0442394508242795,0.044371855299082,0.0446907312434339,0.0413210609309394,0.0401062830178122,0.0343975773387527,0.0323386745380544,0.0429793661276455,0.0474563110749354,0.029537991006335,0.0408785235423138,0.0456344645708935,0.0457079424301115,0.0395550055071177,0.0290521680190421,0.0373181876694349,0.0409060481498115,0.036864198818283,0.0410149486275068,0.0391302762465104,0.0474203609042636,0.0455444907606493,0.0364950209947067,0.0354917217206897,0.0390737053741489,0.0376712117114796,0.051894628082536,0.0376863436923984,0.0447194057844023,0.0457486584342785,0.0357375318370182,0.0442993517152984,0.0414090830571609,0.0383088040165166,0.0377052925359834,0.039954029834689,0.0430202714448936,0.0429889108957053,0.0379514374806397,0.0348348615684474,0.038093394587235,0.0399750229541048,0.0438207306276499,0.0314848890673671,0.0460320169846537,0.0412533746521067,0.0447497120868864,0.0434334359702547,0.0403133773816919,0.0454501274024741,0.0426586412608292,0.0327074739548061,0.03603536273915,0.0325489753365893,0.0383299777198485,0.0415287215332185,0.0484281981776468,0.0350339024077251,0.0341312261844255,0.0460570878020739,0.0315597338321267,0.0402143519789764,0.0419265191633589,0.0423311958717421,0.0467100729788324,0.0372157892660078,0.0468270685308082,0.0361482444406157,0.0493990506688195,0.0421178484301407,0.0435061317739775,0.0337488134672153,0.0442559230741989,0.0400043192189041,0.0395544669539824,0.0355111823182839,0.045788631813907,0.0345785651320371,0.0324576930729462,0.0502760503520208,0.0355963862134849,0.0354640829605374,0.032669246917805,0.0326006488971646,0.0327335424218188,0.045622243286225,0.0397294176819672,0.0410982513693232,0.0381036489774049,0.0328536537956785,0.0486681124618837,0.0389049296418966,0.0330232275252513,0.0487585292617987,0.0408086301434511,0.0366932798325561,0.0404593557376026,0.0392592793674933,0.0339636732751883
1154.33336559018,0.0207497534570969,0.0245123037861954,0.0223464705815463,0.0183302115029669,0.0198562267533493,0.0179712667954996,0.0171888359202042,0.0126099559409859,0.0190360440740901,0.0261703435482718,0.0245711792930243,0.0220425828568531,0.0172237032944173,0.0275660643327431,0.0228065281212478,0.0220277751241867,0.00996375251635168,0.0265260481045433,0.0184988321074606,0.0273421193112128,0.0211707079185062,0.0158692525665307,0.0231659398660433,0.0266128021210146,0.0249421995008678,0.0193189197396655,0.0206138002109129,0.0214821276176615,0.0242872703202016,0.0243122551577081,0.0203449761708662,0.0191576366066611,0.0195881739714578,0.0195553940300163,0.0277216148987004,0.0186211691822862,0.0216671573736928,0.0185171774930253,0.017396648990676,0.0215044724415405,0.0224100043504075,0.0212928381462971,0.0183931430003487,0.0213459398404333,0.0221340598520339,0.0182495447134218,0.0243544324285121,0.0190580790670418,0.0203091476659894,0.0225290379375152,0.0198458647947393,0.0249310621706992,0.0237083780195135,0.023635440258884,0.022058312849387,0.0191000304362215,0.0207790685463576,0.029119690718852,0.0274241917646124,0.0184493037927308,0.0250082121211725,0.0230390519031322,0.0215759117641285,0.0161622844671543,0.0279728000453063,0.0212849988660624,0.0196688271038668,0.025112796277769,0.0155600619379542,0.0211137493923083,0.0220122206445506,0.02418849169242,0.0171865030618139,0.0159186610282981,0.0193907718365676,0.0167621497224346,0.025643924010557,0.0270331946458951,0.0190721323445079,0.0271201423039081,0.0250595402360436,0.0201719252189635,0.0156325924444989,0.016700643205755,0.0190817565676985,0.0192008418513068,0.025155484536971,0.0166133534248823,0.016393485290507,0.033056248117845,0.027274284135804,0.0264416730073698,0.0298620963810124,0.0111036849523411,0.0182068774307552,0.0182947077792042,0.0268869891116266,0.0284257997515003,0.0216931030298389,0.0215714907129881,0.0197942614703761,0.0180570559114961,0.0266066464192411,0.0271383699085714,0.0212147293219982,0.0168075102634629,0.0264325907830028,0.0262815354691272,0.0155814382286236,0.0274436725369849,0.0254822233061908,0.016235869778551,0.0220321096136725,0.0234385466695922,0.0242845612631116
1157.32351045935,0.0568716930619161,0.0509054585061815,0.0556658500158598,0.0498232180359212,0.0634376728880653,0.0577428039395593,0.0517134692623652,0.051672281943749,0.0539630242218743,0.0544394846532759,0.0614856536698378,0.0529557679815597,0.0541053882610747,0.0520263663907902,0.0554043778213101,0.0498500311490038,0.0594112994856871,0.0558801149797691,0.0497160988092994,0.0484660115371327,0.0602553296957936,0.0606664826222147,0.0536440413573111,0.0567971284688402,0.0534961800432331,0.0610506843484296,0.0468400306615505,0.0554287096703039,0.0571288458521315,0.0538552128251817,0.0625177265627221,0.0546098483630228,0.0536232347229282,0.0505489291340178,0.0465192991333598,0.0663192208219849,0.0508001999048441,0.0548364059420666,0.0609193455700567,0.0573451982636923,0.0536520374784489,0.0579304467131804,0.0574314352013822,0.0520451192112884,0.0567302946337171,0.0574878594166619,0.0575895133636423,0.0584289581021068,0.0485770321107329,0.0635656993288285,0.0546212071376066,0.0593975785497372,0.0624993574687688,0.048997620147082,0.0540360372849593,0.0584075321870153,0.0550623659963403,0.0553753756435947,0.0559611046007987,0.0550343660932177,0.0531299311840841,0.0563277667248966,0.0599171777029283,0.0506480738217144,0.0646145503652617,0.0552448030492133,0.0510028941713652,0.053609861496067,0.0621790836747437,0.0550399217963836,0.0602502227266151,0.0578960787860811,0.056216460438249,0.049890759140666,0.0533456812664218,0.0640648272725432,0.0494433176822817,0.0507496207704242,0.0534675650848703,0.0566209343496254,0.0527801392903244,0.059365625899636,0.0480128932057574,0.0535026403190964,0.0624924310822715,0.0493151733385357,0.0559904935384301,0.0648882623343235,0.0523825714773055,0.0604598003878601,0.0669601148130891,0.0543063952257647,0.0623931310798843,0.0559777539950093,0.0615951902276075,0.0636144636327291,0.0547963695700379,0.0611191205970828,0.0585722303764195,0.0576255459619452,0.0517544488675757,0.0570535242541401,0.0579054088369983,0.0513976308395319,0.0556485645752646,0.0591463100137968,0.057359630327087,0.0631591472022544,0.051665855322985,0.0559177587508331,0.056213374685437,0.0491430346688444,0.058966194122758,0.062258406696293,0.0588211885880043
1160.31154083208,0.0187626538779881,0.0176180807226156,0.0197391521859503,0.0190005383908103,0.00705813138641163,0.0245063257737819,0.0199747771509253,0.0183328309296046,0.0192884658366417,0.0165039644777964,0.0187579580015133,0.0154945189412536,0.0233405690386111,0.00981386806483074,0.0272505031373657,0.0286776869631519,0.0192374909930128,0.0223071546931864,0.0154818801988039,0.025852353213533,0.0190941462351475,0.0235833809156571,0.0232947422124014,0.020721224358571,0.0207744073741001,0.0194514810846616,0.0271148572933713,0.0189092383992869,0.0249689310948803,0.0178644665071631,0.0270095516871694,0.0241240889180845,0.0235425008330754,0.0229343104318176,0.0220000742289974,0.0252458417024861,0.0261502300965767,0.0131962469186901,0.0335859495618732,0.0233243290336018,0.0225114245580051,0.0251228063744167,0.0217699851776243,0.0291466857144978,0.020125105659199,0.0139997412982362,0.0249921609976388,0.0170401967660356,0.0177178308768854,0.0188379676017489,0.0237449136660485,0.0185608779842337,0.0281296777187273,0.0231848868043422,0.0271442944863321,0.0268743889392947,0.0279773920132612,0.0199686799160647,0.0225838515836478,0.0185583252282734,0.0169904773725986,0.0166605214993946,0.0189425720114165,0.0168243954717118,0.0232142730569396,0.0262414254066661,0.0192391262480365,0.0175866938183854,0.0295108963357378,0.0228436204104317,0.0302996206595994,0.018296631766479,0.0200393826010455,0.0220248219823397,0.0150849418742964,0.0315157636817871,0.0170618640292094,0.0138952085282163,0.0229858287642545,0.017424963103319,0.0213697554246916,0.013107072277367,0.0217563761650464,0.0194580415783172,0.0218808671091971,0.0192967966281647,0.0235929193893933,0.0198793586249484,0.0223791132009958,0.0213149456217102,0.0230787700223572,0.0238325483616117,0.0266497163522349,0.0221198802204554,0.0226488076105788,0.0112099719078654,0.0160344866097064,0.0246981691390331,0.014049748568002,0.0211230760020857,0.0204289236881566,0.0175888229555277,0.0228528377109204,0.0277542771838547,0.0283920442788215,0.0184671213520862,0.0237381182149505,0.0235928583579969,0.0194836992538955,0.020383699836633,0.0178649194849903,0.0286909220286198,0.0237198697932883,0.0196704481048464,0.0167964034628171
1163.29745878673,0.0140615443769093,0.0144439841694108,0.0170766544115475,0.0288233479248579,0.0146367667954919,0.0267044394104953,0.0179263225501152,0.0174162841435922,0.0204898110210628,0.00787640622650601,0.0209336477475651,0.0232535998312582,0.0244784527795449,0.0218120115932301,0.0213399775875042,0.0211185996110532,0.0203902114513906,0.0120644667789915,0.0182697355711889,0.0221417121834733,0.0278201515962513,0.0198023361245197,0.0157596554500481,0.0246249730499347,0.0197699003076351,0.0108639347188186,0.0191481985833682,0.0248890229199617,0.0137636246071031,0.021744495943598,0.0144811505305108,0.0183018458524851,0.018673771778025,0.0240853556132388,0.0252936824997344,0.0209841767842237,0.0196148379947424,0.0224506624187586,0.0249307800376585,0.0223426744787635,0.0181103639893363,0.0193547842575398,0.0142601798443311,0.0160960720395141,0.0218219110319024,0.0218065673554729,0.0217786978017129,0.0278803390045758,0.0204949585654148,0.0183623501585086,0.0243423287467729,0.016455950758225,0.0147435220862681,0.0183847761384783,0.0217136893503027,0.023681393448373,0.0155591319622811,0.0189447378752163,0.019346039883527,0.0207981668801513,0.0278367022040864,0.019376754525609,0.0157416923098721,0.0136075611394025,0.0216465469527308,0.0150005222732467,0.0220463265354161,0.0121875079365053,0.0179158300133103,0.0119634473870961,0.0205366162274306,0.0210567344199656,0.0250384853085089,0.0111270777074014,0.0107479138798059,0.0217851036455166,0.0181774988119508,0.0199960405262762,0.0132251146730524,0.0234863583389164,0.0203428985081062,0.0258429881956107,0.0168762590390593,0.0238157661528554,0.023013817792552,0.0144290219448085,0.0257885239890342,0.0215165907048856,0.0294001544044135,0.0224257380608225,0.0204496319208082,0.0115597853633592,0.0173392349017145,0.0248986197637233,0.0199340730482667,0.0129173757195018,0.0182637463046062,0.0171245188625536,0.0184828952337423,0.0195185758764641,0.0237255518349595,0.019252941426958,0.0218028544178557,0.015955526797252,0.0207930294962665,0.0184977856181194,0.0280909161022388,0.0109787661145505,0.0266279764541741,0.0209613272941439,0.0146088615346712,0.0152488176920703,0.0226686489778217,0.0175175047564913,0.0152133587348729
1166.2812663989,0.0332241756566025,0.0236396542605542,0.0165983047191268,0.0245598806964396,0.026517956411079,0.0165581881461062,0.0190617801362691,0.0251481490343387,0.0195525439051985,0.0231301029726029,0.0268540888831932,0.0227444414524619,0.0278194723491933,0.0240557949397478,0.0224843294445978,0.0315282299718941,0.0167158922150378,0.021897201281153,0.0296447786824477,0.0222141303300863,0.0246203953678846,0.0285797702295371,0.0266939064101617,0.0230554410443388,0.026293905088494,0.0250067464980978,0.0165279983425741,0.0206511342264964,0.0267364029296504,0.024535219299655,0.0309504049961431,0.0264212043474156,0.0181923408027501,0.0306663835099532,0.022707302426287,0.0194320905748304,0.0235104723234263,0.0273767416239117,0.0239681918122431,0.0197391036803288,0.0220675794582507,0.0178306775908165,0.0229930634504076,0.0254730803829537,0.0246005298233404,0.0235496072261554,0.0245532926804367,0.0274166135733446,0.0200202448804186,0.0315469037230263,0.0233150654844602,0.0251121288437933,0.0293345737896778,0.022745768804772,0.021788316681076,0.0210363087870978,0.0270405180245719,0.0179239535990968,0.0292617570799302,0.0170433017851343,0.023565011846618,0.0269242851892194,0.0200980501016459,0.0267887603272381,0.0319230645821921,0.0269039243034018,0.0281487260397495,0.0275699492313001,0.0257305931754151,0.0223995372479469,0.0227783793234581,0.0254489151352087,0.0185121503498299,0.0204812493328439,0.0288454417791566,0.0288974796048919,0.0257789863962822,0.0183906431877038,0.0263663996090715,0.0311865183046765,0.0242016810760625,0.0253502400406684,0.0213159192179898,0.0292583109794041,0.0171026597384448,0.0232315646959381,0.017177724119007,0.0279820015038636,0.0246201225343049,0.0256864084767348,0.0231806146834121,0.0239111309920931,0.0201456157587552,0.0243999311550465,0.0287498398038762,0.0135237358978971,0.0226821648377067,0.0264252458654072,0.024019220969457,0.0201327783783649,0.0172884961802615,0.0203789786075184,0.0295300665425002,0.021922393481039,0.0268461243384977,0.0185314990979551,0.0329892480275279,0.0264169592482188,0.0195754863695151,0.0302956841422467,0.0201282450672812,0.0233701310998217,0.0194496715399737,0.0301198693000429,0.0281913464835732
1169.26296574145,0.0370129252510348,0.0333761386632724,0.0324811816398981,0.0235510861658844,0.0400146516776692,0.02896255948849,0.0366345296506417,0.0323429176573008,0.0352164288035497,0.0297041488305281,0.0354503717037612,0.0354729693469212,0.0311638009898703,0.0344339194604962,0.0399053641148254,0.0321415735204946,0.03343821173519,0.0317330983501239,0.02921977472565,0.04064985140401,0.043654893216476,0.030263891773566,0.0403469832911442,0.0351797346545317,0.0392715083314011,0.0310357894346317,0.0358192409722251,0.0320163205193525,0.0397123099443549,0.0377056498460408,0.0392168438761182,0.0307909272987998,0.0407311163247861,0.0377932982191739,0.0447251914500859,0.0335810715932648,0.0378372856610455,0.0442167100241509,0.0350926472394275,0.0463839585054156,0.0338262107471536,0.0359245653073459,0.0311877969820096,0.0282899337471968,0.037091905549503,0.0313626143571664,0.0316838162589756,0.0323400124702506,0.0325680914861961,0.0359940041396011,0.0369412334526876,0.0321578590120152,0.0385491060335052,0.0389615729853391,0.0361716615500202,0.0380124776697851,0.0412405716210162,0.0365520342063923,0.0419203487502321,0.0394637898563027,0.0430578922678151,0.0339386434787189,0.0363284571618333,0.0377872102435276,0.042740950479598,0.0371959638209029,0.0386438751374588,0.0336598985201718,0.0396479167643883,0.0410362822572063,0.0381161209428909,0.0369036696628407,0.0377909357185506,0.0342168256216922,0.0343626879388939,0.0349265370700544,0.020958509247245,0.0360619851047092,0.0329684777600679,0.0334375413695127,0.0475940567237901,0.0364384972460176,0.0301431926953426,0.0417350141788271,0.0415522534960259,0.0364109001506555,0.0388366054384356,0.0360589622608774,0.0305741054960257,0.0370008372139562,0.0334146827977257,0.0314484751982354,0.0339677627165027,0.0414012105599301,0.0381179102244249,0.0351144316061404,0.0271038557064532,0.0270216922476619,0.0427595350827566,0.0268430502129248,0.0379009065526827,0.030166298939188,0.037808907261119,0.04457850517444,0.0372701981949764,0.0410643492341831,0.0340936776679924,0.0435086400098518,0.0365573373910703,0.0254086354872653,0.0349714951347806,0.0325726315661317,0.0249177100330644,0.03999354436816,0.0438684658834952
1172.24255888445,0.0211860105118069,0.0194576866909599,0.0227399083777096,0.0122496095937707,0.0169687974438304,0.0236544178820021,0.0102099719463922,0.0217100901518435,0.01768776174252,0.0167450015748318,0.018927105175839,0.0156706340804897,0.0202117273275594,0.0150010988320552,0.0101365286957806,0.0169702150459281,0.021183582088596,0.0198723958686896,0.0196774177548951,0.0185886273116024,0.00955519092639216,0.0226712991476054,0.0230451918913699,0.01225916013906,0.0130127178948603,0.0192109046258634,0.0171749059047527,0.0137986670459427,0.0188463312570336,0.017565022724889,0.0152096162476867,0.0153280816556308,0.0144993186015784,0.021045030946353,0.0164742306006491,0.0168789608316872,0.0219816082023686,0.0144992307549898,0.0143611524645315,0.018332111264374,0.0194086306002407,0.0238038301248817,0.0117784133802235,0.0174365300628492,0.0188393093956904,0.0215300452357934,0.0116130613930664,0.0162683680711575,0.0201653780383108,0.00930602423032661,0.0158444845634323,0.0160772813450285,0.0154889687070585,0.0180095557325845,0.0147948959502503,0.021750036316788,0.0130816409091004,0.0137095952256498,0.0107472978762347,0.0220841823917385,0.0128710603133963,0.0135968864553439,0.0153310406125075,0.0220106359868198,0.0196530296173668,0.0189682807271779,0.021158601531624,0.00749169163629594,0.0164188175071382,0.0219686425121015,0.0098147565385987,0.0201238761156709,0.0175467618490709,0.021687145488683,0.00869808237635581,0.0116245992722962,0.0237046333524754,0.0157405519946872,0.0210368639946992,0.0220610567798601,0.0731598183994258,0.024374570075505,0.0132163174865133,0.0185200139868567,0.0166744317177406,0.0156990885293736,0.0194228881523625,0.0210856634562914,0.0172156548357908,0.0161164481009356,0.0152597631621082,0.0154385193976414,0.0235659317597922,0.027240100351113,0.0200436378938772,0.00977752376412958,0.015133701982879,0.0107505570352865,0.0131006376385782,0.0174940100196784,0.0206517363230849,0.0193940066659055,0.0164785576283182,0.0214856264816222,0.0187619750469765,0.0218223570080146,0.0200129433201917,0.0138558579490608,0.0103964154940583,0.0101300460037052,0.014180386117271,0.0180619998210828,0.0260473610207262,0.016541410404068,0.0223452150378105
1175.22004789522,0.0451304765095926,0.0318892978981707,0.0299054253123879,0.03454950376084,0.0320846145276697,0.0355287545707769,0.0283198476229195,0.0235084404642233,0.0381772447546012,0.0282102480090472,0.0302028642261926,0.0278549113075489,0.0345630236249662,0.0237597751229548,0.0329888409862091,0.0344672169029485,0.0325459056059565,0.0242900802673964,0.0348179830954216,0.0418911770722395,0.0296810186039158,0.0358259433135563,0.0415932226694089,0.0380808581269514,0.0372853553890837,0.0398571136284546,0.0300605969676405,0.028936041503886,0.0382756086304506,0.0230962166016296,0.0311418554408479,0.0304264474869487,0.0271806681294599,0.0308922317029202,0.0411727037562199,0.0294108582213111,0.0407061653173375,0.0345941123470979,0.026040697241598,0.0336101220737423,0.037858338923819,0.0339520545294999,0.035136942424851,0.0279173015897091,0.0410469793119474,0.0348650938032972,0.0241913240372016,0.0314280301920562,0.0327199717513892,0.030694736059099,0.0273072152633492,0.0317363525882706,0.0306278229774453,0.0369256542233184,0.0324865246424791,0.0256540858815441,0.0365211904556124,0.0257961897314535,0.0261523820217003,0.030334966680406,0.0356108420261157,0.0367121116975105,0.0277912704498816,0.0346554981812154,0.0304776029635499,0.0260380164309046,0.0344039867145438,0.0332734222634949,0.0264618982032492,0.0329615605786637,0.0273415202969964,0.0337574459090452,0.0302446974392269,0.0261262436900597,0.0322768320745192,0.031784272287308,0.0334772794745452,0.026260221136395,0.0352789581010191,0.0270450973444954,0.0450204093065222,0.0398803049703976,0.0275310437432139,0.0369529346668464,0.0232418463357863,0.0294321387354931,0.0340624572154484,0.0372113242600427,0.0247858851984795,0.0413920193916089,0.0324648607005274,0.0342226954367468,0.041249486271455,0.0218309392581652,0.0354570137395211,0.0363445704379029,0.0332251026176548,0.0271369109176827,0.0345980844030311,0.025319100995826,0.0380252963833257,0.0264825089097934,0.031344906755863,0.0296153473427596,0.0308309927317312,0.0325784385638009,0.0341430450347823,0.0364548608013498,0.0317548611996996,0.0211158905130745,0.0317718972095529,0.0332003807010541,0.0244669649509979,0.0193189983140969,0.035872442783328
1178.19543483834,0.0372640359982636,0.0389476134191217,0.0381651507953759,0.0368028068293286,0.0429045415552663,0.0425751192525914,0.0305295625510446,0.0436817750716259,0.0329703113294758,0.0369658193897708,0.0457585008517565,0.0394915797223456,0.0395681745738201,0.0428215389189838,0.0401137030071615,0.0318244929790327,0.0385450913725248,0.0520387772872078,0.044060546327223,0.038737165010717,0.0362550152533456,0.038066508627566,0.0253847888010057,0.0398105301919094,0.036297697410111,0.0426496805876267,0.0504307294209829,0.0430011203498628,0.0437405981533723,0.0428305202646602,0.0416070655478386,0.0407034055902917,0.0453459568252998,0.0412857556475756,0.0423430678107663,0.033285500273649,0.0424205792844329,0.0454886266142731,0.0432162617384358,0.0353519866256881,0.0267900567223603,0.0398625932079646,0.0444247013685321,0.0367608320752943,0.0422206132164043,0.0415854129764024,0.0525519027259945,0.0438990333962788,0.0333437018993233,0.0362446999657596,0.0404014430113176,0.0425580150797774,0.037162792805359,0.038067848857927,0.0397279323709879,0.0388258017998677,0.0371538575887576,0.0373408120324725,0.0486842840120721,0.0456776940954759,0.0410731573335338,0.0351538223878534,0.0418739248386837,0.0423855576334042,0.0439969404291892,0.0341876672291108,0.0432633618048721,0.044295045639395,0.0370632274531441,0.0363073561738952,0.0405077112473647,0.0403351214547123,0.0418483374075489,0.0442506854920803,0.0476526221763405,0.0443423399844793,0.0405524975057708,0.0472463650289087,0.0408014423378408,0.036394654805556,0.0429251741290376,0.04326060603184,0.0374652677372627,0.0375420180833299,0.0330655813802943,0.036061996149966,0.0443818828086365,0.0415457368415263,0.0452367529596698,0.0409095007135109,0.036816696849385,0.0423056522300924,0.0402155883592472,0.0388431163012982,0.0420915410554168,0.0331003618580406,0.0458551355488539,0.0364521206294423,0.0373982359109259,0.0353634914476114,0.0397155548980487,0.0476440467706816,0.0451181888444397,0.0404399356177184,0.036352275915839,0.0369107358460481,0.0417674534096955,0.0486082747034821,0.0487479549022833,0.0386706553350475,0.0422395365989413,0.0413352374540119,0.0451423154703572,0.0417699022695042,0.0423939183206664
1181.16872177565,0.0378850911402733,0.0266529247502933,0.0284348979956459,0.0282219641890625,0.0225567468488481,0.0356673076271456,0.0311527516976378,0.0287373030168358,0.0272317400287072,0.0321581724116906,0.0265734928301848,0.0378978926461049,0.0341273392596314,0.0266520075117914,0.0298839021603229,0.0417070811398692,0.0284478580874177,0.0206589637078451,0.0356020260557634,0.0328868958198305,0.02819288135947,0.0310308038087907,0.026560170330207,0.0360676530766768,0.0299385348750793,0.0238008506527943,0.0237817578436641,0.0334010064511493,0.0347042120729692,0.031438752426097,0.0312874813183227,0.0268593999958107,0.0322778228857519,0.0294326104840427,0.0360297347887934,0.0312095615043698,0.0315156801722251,0.0255268062002537,0.0274377342119023,0.0327647490828509,0.0307649566340221,0.0362342276255016,0.0239434788472682,0.0259181746736167,0.0342277019011525,0.0262483689735557,0.0232424542551885,0.0375290761151716,0.0280039407367849,0.0363355117956216,0.0301677592185566,0.0264885008800525,0.0318662226396716,0.029516960262379,0.0343184272651901,0.0258436684884542,0.0225832651513592,0.0319722975158554,0.0312205348179852,0.027218534026515,0.02979817644525,0.0314535584787702,0.0262833485947135,0.0386429784474257,0.0225344269149832,0.0305012938716816,0.03347066035251,0.0263397630239636,0.0238260047610416,0.038564059481475,0.0318564714222834,0.0284533110843402,0.0353395423782191,0.0333739854570116,0.0263758995799724,0.0232240215813786,0.038987926682256,0.0407028989126115,0.0256098296153718,0.0244838568896785,0.0251008737781311,0.0367209089455281,0.0309623654191962,0.0273182700073611,0.0255460791657018,0.0241083774778833,0.0298433298315007,0.0281916188838235,0.0324254058315882,0.0318435319376013,0.0293868209308112,0.0300531851700014,0.0314768520113422,0.027973964717789,0.0328114356779159,0.0166089694187504,0.0311635820454008,0.0283559575174817,0.0297516857541157,0.0271334584925903,0.0257226535552902,0.0330947501075911,0.0287343373400343,0.028661222559442,0.0309583063511488,0.0374974801986355,0.0287826598571584,0.0343668656431216,0.0253294890951778,0.0250444413080634,0.0269421656578419,0.0306084873697961,0.0289158292928785,0.0292562943845978,0.0365179395388599
1184.13991076622,0.0363889786119405,0.0364072533117023,0.0361571484830827,0.030483131215978,0.0360715510882586,0.0395002859181338,0.0333703366198272,0.0246034492523975,0.0359533725725497,0.0425497376101361,0.0394641980807473,0.0379626182086056,0.0440904282186516,0.0413848015488976,0.0408135718869019,0.0472382676580029,0.0339179446171036,0.040277844174976,0.036804583744619,0.0443206522412063,0.0429079597819998,0.0343709244088751,0.0386019959022124,0.0454717118089487,0.0391717262060118,0.0482461068805831,0.0457624479658918,0.0431701993414543,0.0342672572344957,0.0402578925481624,0.0461369804407175,0.0435770453418229,0.0422306385740318,0.0333214994687971,0.0420207865815368,0.0464593481476249,0.0442147602355146,0.039135718947995,0.046267856426472,0.0355970391871761,0.0447700758567986,0.0448026719409879,0.0402760684361213,0.0402387278729394,0.0370271162704832,0.0440068852391852,0.0369202307850775,0.0370853770687596,0.0411122244250128,0.0457170735292911,0.0400142226437712,0.0373179791852961,0.0405606191578285,0.0376700180513827,0.031663999103233,0.0335734098069475,0.041689094382671,0.0407962717110749,0.0428013841317032,0.0403879873354724,0.036888166261382,0.0454605569246071,0.0409133733407056,0.0370903640626821,0.0419819620932508,0.0429638837411776,0.0472759645371906,0.0373690548902289,0.0355442742412187,0.0380923468176427,0.0493946931466011,0.0377537132946124,0.0387162766029189,0.0356356595074676,0.0302701789808248,0.0450245368589865,0.034185991104662,0.0363661518781672,0.0404088432716758,0.0365673031481211,0.0463413000732706,0.0527894163026728,0.0354242230254291,0.0457628347022078,0.0380882062618655,0.0329328919494712,0.0390895209385505,0.0480814239442606,0.0421528188778549,0.041566116867425,0.0358892092413447,0.0397495043154276,0.0442164671577222,0.0274975142525642,0.0383562323070998,0.0376665792612472,0.0410689475775269,0.0447542882656327,0.0336597823285606,0.040509114767384,0.0366162389325489,0.0347833044674635,0.0458057337151122,0.0502585945536947,0.0419471223161513,0.0413018475232353,0.043466708269531,0.0432288449347824,0.041238497636426,0.0387773212008281,0.0412555028947922,0.0387509930908696,0.0474282106595068,0.0396945755495036,0.0511349053372218
1187.10900386642,0.0227012770954926,0.0155174549676099,0.0198917839681999,0.013781945245576,0.0302425947915227,0.0240109398053441,0.0207484509740073,0.0166913768818137,0.018443602850233,0.0209271084996903,0.0176145576754795,0.0270030124075043,0.0199580562092574,0.020886588227625,0.0181153567315795,0.0195642084184705,0.02865860994022,0.0213834303396976,0.0219158792000588,0.0211982236724685,0.0245517123104444,0.0218844244055581,0.0180602968614142,0.0264031560227537,0.0252951773786481,0.0223704755059235,0.0260678217962519,0.0179779706273657,0.0177175401393078,0.0163128494443272,0.0226957995095837,0.0238436522296889,0.0198542827920269,0.0193055609536183,0.0260885841822438,0.0189500380203824,0.0206949007986159,0.0310924389512831,0.0200598146367756,0.0183946281144082,0.0287006356380386,0.028458554676155,0.0208854216497267,0.0190120614427149,0.0220294730752794,0.0253686080450758,0.0212210848650979,0.0183394221447262,0.0292706693173952,0.0239642705846909,0.0270756621817238,0.0330903785978959,0.0180569915268401,0.0194302150994653,0.0125074967451163,0.0271384597168131,0.0216952860612779,0.0245217428399657,0.027537371774985,0.0262988791799925,0.0267011171273204,0.0187006167888122,0.0231725484974601,0.0180539257717213,0.0205273057540941,0.016682230843857,0.020481471548118,0.0172345113805756,0.0245332424413619,0.0272415010247285,0.0112928425251315,0.018277259138696,0.0151972413809445,0.0351651838404242,0.0150197486806436,0.0277166815424949,0.0299284319747563,0.0155134959877713,0.0170473193356265,0.021938339796387,0.0187597574228976,0.0192429674933353,0.0283815586166377,0.0101280155346647,0.0224454352572022,0.0188007288001135,0.0126685695535563,0.0170429586142327,0.0132528433297581,0.0249943434280344,0.0220388966398389,0.0269697251699104,0.0107079023745659,0.0242914385954821,0.0257910235773453,0.0300176338399002,0.0296646229840866,0.0116319661485136,0.0249213574797944,0.0278562049179555,0.0215493466685358,0.0256533274392036,0.0212042857676801,0.0244928989742275,0.0201826661868897,0.0268992695585736,0.0283202322037864,0.0311960848663452,0.0194670289965236,0.0191411096257163,0.0193869409529203,0.0188690133342908,0.0203553439517187,0.0200860543604937,0.0139942450140893
1190.07600312986,0.0233341404989309,0.028506072160514,0.0232602837113322,0.0236381642467812,0.0190434506021967,0.0246311115075935,0.0134321578690282,0.017428882064482,0.0170005783858408,0.0128759380245135,0.0182193903646853,0.0237678556805689,0.0183798436030704,0.0253281325605821,0.0154920022290554,0.025103668991252,0.0185733804886351,0.0149706633560051,0.0215171314608731,0.0175201255111864,0.0230085489354521,0.0214117084288944,0.0203341108324409,0.013910301162799,0.0167981838368968,0.0197674879861077,0.0213391072864456,0.0261414974453943,0.0210492537797776,0.017494236258735,0.0145767730411844,0.0266306571237352,0.0243353255362835,0.0204892510411543,0.0240654816492339,0.01526241878762,0.0185839761250797,0.01601498873787,0.0229678225571601,0.0255674185431641,0.0126354860520764,0.0190101743539022,0.0269411056559986,0.0300591415282722,0.0135090428539553,0.0144559086163249,0.0202166479075034,0.0195187901255527,0.01689081526034,0.022428252522097,0.0249933567153366,0.0159574481634581,0.0160002070216188,0.0173559364868808,0.0208657485484927,0.0250672149099877,0.0179987958906962,0.019165730108699,0.0172090111477391,0.0165760277037486,0.0175982846742215,0.0144763877662262,0.0113713991354821,0.0241606677681435,0.0232975684171761,0.0210804162597285,0.0260644837620793,0.0310060711525676,0.0246160999858975,0.0147555180798008,0.0141100814128667,0.0178111678682846,0.0262679775360091,0.00624128030274397,0.015639752882024,0.0212775323492285,0.0121694780916196,0.0249520193366881,0.0274931857750043,0.0176730514577394,0.0237330930019705,0.0154722136354128,0.0235353887616105,0.0161418492105245,0.0209015115452986,0.0194334346503969,0.0175992707476851,0.0219293524638671,0.0256710328281124,0.0256013067744572,0.0199783164969448,0.0131236490527767,0.0196016656706303,0.0194494251210941,0.0214640025457154,0.0212688265714042,0.013346030691331,0.0247736314343618,0.0205874896688455,0.0157615244885802,0.0205506954527989,0.025726796516055,0.0174456117053884,0.0127261491020086,0.0137093742300633,0.0178570760109631,0.0245694497318961,0.0219178094464034,0.0250078789989722,0.0175635526068642,0.0309672917485452,0.0189346007966412,0.0198806649021448,0.0234297129149811,0.0199925597317155
1193.04091060743,0.0451808374578027,0.0431120599496826,0.0489891340694367,0.0497558408050044,0.0519186963245528,0.0488767638109454,0.0453498833937126,0.0516714162518392,0.0401911282544217,0.0536708689922092,0.0423479057156666,0.0503145120762736,0.0448558909800621,0.04983088460803,0.0383681584288019,0.046435524224809,0.0514261290636299,0.0416546047491841,0.056532383474557,0.0451665830494629,0.0431585992651669,0.0449624505335107,0.0437942070576035,0.0501606093455338,0.0378697864297895,0.0523421009563704,0.0417290931412316,0.0552885568707391,0.0539325930141626,0.0525403910245473,0.0442098398632908,0.0540826193205314,0.0458095146429809,0.0444704296546658,0.050391470593809,0.0521771238729037,0.0466635035894971,0.050209391178597,0.0418090847180019,0.0435760001705353,0.0478199507440047,0.0562178631721388,0.0530300486276956,0.0471268974282728,0.0470680179221328,0.05042740086984,0.0355393437276427,0.0454693600071468,0.0500832103597598,0.0553126368044737,0.0533010160699938,0.0483157572309306,0.0456876936875351,0.0503022475631392,0.051236827436981,0.0458880748182992,0.0430912043936445,0.0421911025758827,0.0446926822273737,0.0455705098899469,0.0468420635265775,0.0488818713785083,0.0470579368696426,0.0521317554128136,0.0443722660084754,0.0523914004318167,0.0415284357783389,0.0491564147637162,0.0540907136277179,0.0552835794495838,0.0463904056948706,0.0428720068425801,0.0532634318934258,0.0544861332625095,0.0463551884690545,0.0517821544267248,0.041955000837757,0.045408431024893,0.0504833893178321,0.0477618985674194,0.05095374207078,0.0497471428265252,0.0510277770450464,0.0437935732760385,0.0475511160689514,0.039751341512183,0.0436127902939483,0.043440092562678,0.0482878507925843,0.0449972646010476,0.0436359398830613,0.051200305107367,0.0488729800924983,0.0446842680937238,0.054467952937669,0.0511737343790857,0.0473107199066795,0.0482602570816936,0.0514600096901314,0.0479824030138417,0.0460617462787751,0.0485321267394636,0.0427555771148602,0.0499455057894031,0.0405439968340503,0.0452412397505065,0.0463181649446564,0.0489428507834955,0.0567688906652587,0.0395158200557162,0.0507761550630041,0.0475720689292883,0.0530598330144217,0.0480865636241158,0.0513369175323922
1196.00372834731,0.0468827683344346,0.0432049604893173,0.0512760771958004,0.0455316929459184,0.0434155950391667,0.047895241570102,0.0391028775392478,0.0459338765538373,0.0425048863600042,0.0472568848953349,0.0477724097577102,0.043228648005434,0.0548367712664518,0.0494025344604652,0.0417205831874474,0.0470841191705196,0.0461796548863012,0.04013315375185,0.0362915618190741,0.0420373177140938,0.0443354915812764,0.0428610422378691,0.0487925000330033,0.0332955023152657,0.0390572737988523,0.0389252743827684,0.0492990887872914,0.0473229014298309,0.0330978557521191,0.0417155250752436,0.0519647238589406,0.0370424264007446,0.0365990388708904,0.0386079514050041,0.0408895978303457,0.0430853348477975,0.0368780314639156,0.0567966156138286,0.0436263853410302,0.0561730448371153,0.0406760244580216,0.0462477058135339,0.0428548581836331,0.0401336485725708,0.0374773876064705,0.0295960081841567,0.0383524212907141,0.0434266383074882,0.0512740237874022,0.0401281805374894,0.044716507746018,0.0371087104512862,0.0490192805742122,0.0406947709306817,0.0502506356009522,0.0481850853645254,0.0432051611235804,0.0504869017027169,0.0453319342563037,0.0451258533636767,0.0393680596049068,0.0505677846857022,0.0471365723843549,0.0462245040216554,0.0428453466714226,0.0433440541353608,0.0476689608133782,0.0388773711115075,0.0392118954760785,0.0406207345697846,0.0366693744649918,0.0489310572040848,0.0451288929135188,0.0376111226274062,0.0426072910228398,0.0513272532276326,0.0382509939697,0.0460453558214451,0.0380395398652222,0.0391436090477211,0.0461707049204194,0.0399207879361661,0.0478348575562237,0.0379181016716301,0.0427636682700781,0.0425798795892767,0.0366619665110653,0.047263033275516,0.0419355412107998,0.0488333655061064,0.0437270640181846,0.0421801954741215,0.0451115137935308,0.0458659073345409,0.0474056339833402,0.0490597383360251,0.038652313021233,0.0418189522359522,0.0344845317603914,0.0408818373130434,0.0402034811315004,0.049155622662919,0.0444897283949866,0.0387257037748804,0.0433611161964533,0.0420996824871112,0.0458310786107778,0.0418741163943636,0.0508498595208249,0.0516248360788286,0.0508517486012894,0.0433343958435195,0.0477097004965736,0.0459753264604372,0.0465604325037186
1198.96445839494,0.0602544967136055,0.0648099387529211,0.0502961285881066,0.0499826901261097,0.0639388791714284,0.0538973287517895,0.0514151387108509,0.0655966692790408,0.0651691700356342,0.0500733332539177,0.0601504762862705,0.0571020207948925,0.0582225386591288,0.0500629580356192,0.0494172445788857,0.056448010608413,0.0581112362500309,0.0662837412293895,0.0589761761854337,0.0588928284769435,0.0623259157696564,0.0587786331432874,0.0505366731277861,0.0602452172887652,0.0585255041767585,0.0655564962898738,0.0547362327966342,0.0598031383704637,0.0627668015502227,0.064755732958901,0.0624596405916768,0.0671837999066494,0.0652068667536236,0.0555432570004875,0.0608067295641993,0.0648526659030846,0.0463066044812787,0.054184495140177,0.0547857651286554,0.0617339460209943,0.0597164467238192,0.0596079303966186,0.0543371844506068,0.0604921138573648,0.0661904876621843,0.0573036935156767,0.0536842823990692,0.0532334568980598,0.0654888629965952,0.0642810118449084,0.0665222617782682,0.0630215023504,0.0577351001436814,0.0547952301972854,0.0635746459613727,0.0515765428564636,0.0601599783761526,0.0571503143809839,0.0646057170178284,0.0594076979404612,0.0632205439568109,0.050649062038913,0.059630320999844,0.0621818945312514,0.0542407625382124,0.0585189464539229,0.062044623525262,0.0603176566139459,0.0614878056558501,0.0587520970562286,0.0547751339389019,0.0685705689416889,0.0545662932910347,0.0689001687751049,0.0673138040853609,0.0606550429008906,0.0594022063762931,0.0549471155831434,0.0604939575521178,0.0577917058071508,0.0527850434068835,0.0499467602465438,0.0616358165249898,0.0580075031066635,0.0683384386588077,0.0514267387664209,0.0551180429401635,0.0628854504150062,0.0661709185785944,0.0596512883761244,0.0609654088196636,0.0626029872560918,0.048512928595749,0.0541603706713669,0.0518754572575144,0.0568889453306256,0.0584171366065934,0.0636825016790698,0.0527157476769187,0.0581571544061981,0.0549050179199094,0.0541128336709703,0.0632284363212211,0.0560383543385079,0.0641996371873005,0.0636011911188617,0.0534854460101254,0.0645092644768284,0.0564050512801936,0.0604559708297674,0.05422169025757,0.053654634343192,0.0619026956806923,0.0569818796295412,0.0628168108149861
1201.92310279306,0.0593143824772926,0.0563092003172325,0.0449589024951589,0.0566061750142082,0.0457712952403689,0.0550726007126291,0.0414668368060061,0.0523040010502196,0.0439339757369852,0.0420410300072006,0.0511521689385346,0.0511289304448062,0.0517133735543244,0.0550647668929988,0.0435574163518363,0.044040100904918,0.0432139688724555,0.041986802864803,0.0387447358996147,0.0514529429681922,0.0461612961385778,0.0430395989556897,0.0528287573537382,0.0521515120043783,0.0543471830562893,0.0494433209420585,0.048956717886156,0.0523846892208227,0.0489252178190901,0.0424713408883558,0.056000274204016,0.0469361654964649,0.0505257951247477,0.0518609837151394,0.0432918526942365,0.0530638257810562,0.0442145791266598,0.0472458036304758,0.0538650794961705,0.0488856107467414,0.0520251284270521,0.0522973852251346,0.0522912077211587,0.0496796089377866,0.0415051770438191,0.0502698925994338,0.0483454233310957,0.0452771438674038,0.0455324952162942,0.0556613314920942,0.0443823395368314,0.0416039155576742,0.0583861431044106,0.0597423340139484,0.0532445939879476,0.0478883591171643,0.0526797262983198,0.0523586956550205,0.0411451742545317,0.0491579593860879,0.0535957188116431,0.0512716978884314,0.0559414328530685,0.0524587066887081,0.0586437955192304,0.0564771077953828,0.0572205387886285,0.0522352262636686,0.041074003888519,0.0517498160996395,0.0499734154875741,0.0502023380520087,0.0436963653517622,0.0580547415207784,0.0570101557113084,0.0596662430269739,0.052466447240886,0.0484350408939319,0.049695451859203,0.0497281066173325,0.0594041608651347,0.0511564087929191,0.0442037155851264,0.056468377824917,0.0391662353342926,0.0548116345552912,0.04439337089209,0.0538506639721084,0.0469506870330733,0.0490059048635649,0.047673366791271,0.0482398418263231,0.0524698892674075,0.0471502364864108,0.0437251893731591,0.0349080610088986,0.0443032940168228,0.0376588085957106,0.0495007049195891,0.0494046386965267,0.0550062532021293,0.0482522447762863,0.0485207470921085,0.0582843713375203,0.0599290190124046,0.0444005132558237,0.0475834792434539,0.0481011184376235,0.0603268471598371,0.0424839686655353,0.0597895823478732,0.0483483482004759,0.0462503797008536,0.0477771896477849,0.056432241390264
1204.8796635817,0.0652721876228326,0.05856709789473,0.0598015560465748,0.0588994888576005,0.0636171063453072,0.0573264874504272,0.053258870497725,0.0509036376443176,0.0564350427173991,0.0524650982183178,0.0512458391101684,0.0484696074747471,0.053459264594569,0.0703709639272312,0.0534335814778826,0.0512360843379131,0.0599851693811382,0.0534996692054471,0.0635850640295995,0.056438071194461,0.0565704707093919,0.0616964911013677,0.0534963909298731,0.0500866130268701,0.0490987698588154,0.0582268987797093,0.0586781900167833,0.0605710551022711,0.0635613866702248,0.0556907306235499,0.047357621634235,0.0556428913917148,0.0522904421950299,0.0525251944601916,0.0551962699856452,0.0521060718460656,0.0563973797164957,0.054929790121505,0.0496531086308381,0.0631211312388307,0.0727465161282508,0.062486011439186,0.0594526200016605,0.0536394364343486,0.0659123910018883,0.0526169847946703,0.0598783829709794,0.0626310311507148,0.0613844188055179,0.0683517473469506,0.0575163621409399,0.0524653579421029,0.0547383153982727,0.0539200889507997,0.0390681486648649,0.0578287341560192,0.0479198601369938,0.0573948971455643,0.06536014449409,0.048182480066031,0.0590966882557049,0.0594098460685921,0.0619700387512669,0.0613214643188046,0.0614369866924529,0.0506729387232979,0.0611805881752926,0.0556406201934074,0.0550428491975479,0.0595078519837401,0.051177527635712,0.0486730708838224,0.049849691552235,0.0548760804717764,0.0620305845462497,0.0575958706309581,0.059581644332574,0.0540427901696219,0.0558035566375433,0.0574812591321216,0.0627731320506383,0.0600895735443317,0.0530823798506484,0.0598018249785309,0.0414407347836921,0.0636684587115047,0.0612377880698256,0.060368554600017,0.0550991519538095,0.0566134051144724,0.0547430643216177,0.0579674750535087,0.0646912755203954,0.0592821622242906,0.0580857166827407,0.0587591975089394,0.0553339255452162,0.0551787141265191,0.0572913325945518,0.0605971965484367,0.0594397733162944,0.0586305434213997,0.0573984898265656,0.060535237145558,0.0529336894061433,0.0600199335447167,0.0514506102675074,0.0553473900194401,0.0620692374414686,0.0639083648729313,0.0571383811125717,0.0613733419104259,0.0550260711317097,0.0544224835012808,0.0673065366291261
1207.83414279818,0.0696442067603795,0.0602923536332646,0.0697419623471225,0.0644493847331267,0.0594329707157008,0.0552906926232016,0.0592246480029002,0.0613957246964421,0.0523432331190502,0.0612663549809277,0.0588280454263973,0.0656671186472949,0.0623603741304922,0.0515313001816422,0.0589752111681018,0.0524485998166119,0.0622712478732172,0.0715275993772222,0.0573128499931564,0.0608882649552229,0.0593936983297911,0.0590689191735751,0.0481947053670239,0.0639079676265395,0.0621315379203743,0.0599808170959513,0.0657328927353335,0.0623072639475318,0.0588624284775153,0.0629076620711208,0.0518497461690066,0.065962875788862,0.0595405018947458,0.0580787285325233,0.0580138586863834,0.0598143260807604,0.0641947440078216,0.062618724756281,0.0668680324861375,0.0600308711683539,0.0645084055361391,0.0615466011016899,0.0568752748756215,0.0658084343279742,0.0671292928621375,0.0604844211451692,0.0616227664790663,0.0638373170645967,0.055542365734777,0.0564642507237503,0.0668573373362479,0.0601045491725639,0.0591649820141191,0.0454093238051489,0.0540579846618833,0.0508806765274865,0.0551133288131372,0.067893380704051,0.0627312706675057,0.0613886840091711,0.0581222803653963,0.0664802596612283,0.0615287957513982,0.0674568730808458,0.0572380846563596,0.062633396621687,0.0634996070482531,0.0585042653351789,0.0612542912644843,0.0667246162407044,0.0654795265569786,0.0607247012307374,0.0444796134150373,0.0703096291201964,0.0566610825301938,0.0533576159485738,0.0553572279842052,0.0591050980159712,0.057555199678987,0.0668752081631308,0.0590945196580603,0.065719939118352,0.0696387666916575,0.0604362890391216,0.0540202724887143,0.0594099887436312,0.0526850582028524,0.0642108552534082,0.0643256712378198,0.0674462450601783,0.0650320841908775,0.0484314657902246,0.0565448013446868,0.0555630146749736,0.0570818601907748,0.0710208687724881,0.0521605173479964,0.0563770330406023,0.0557366624128758,0.0601633221672754,0.0600918177034496,0.0581913361484905,0.0613459727537774,0.0611763086373078,0.0563167893421313,0.0483279058766881,0.0612898503890315,0.0537994896848968,0.0709170395531234,0.0508704863603887,0.0605233394035524,0.0609281443851946,0.0600078688124637,0.0599801279773177,0.0609320200736659
1210.78654247712,0.0681886576680696,0.0690127328749833,0.0633296606187386,0.0618760987419466,0.0756767739506404,0.067218062731885,0.0662559987980238,0.0627074297308083,0.064319183349478,0.0662742099585507,0.0696226980085376,0.0635700503643738,0.0652169719406638,0.0652215077421093,0.0623522537056665,0.0716320620721486,0.0640258015789088,0.0749133147758827,0.0692871837962469,0.0766837580291998,0.0746932853526976,0.0717315067860064,0.0765720958844462,0.0656867049311108,0.067106597923998,0.0823027549064295,0.0813423234435643,0.0683520537088436,0.0713597850813924,0.0859677565063477,0.0694767992990981,0.0666380997901074,0.0755642601645411,0.0674363440777926,0.0635105670385573,0.0729408997659835,0.0736440139261239,0.0805994136250349,0.0632146983419629,0.0694020263168838,0.0685299211626745,0.0664436528952433,0.0618816406060375,0.0719662450175338,0.0688907360207409,0.0777330459572454,0.0704455946606438,0.0698943263988931,0.0746593868882803,0.0653408538476967,0.0702350111981687,0.0709764407491325,0.0700523893603124,0.0800007215364167,0.0806075749004171,0.0679154965729871,0.0617688330857098,0.0642087109657737,0.0721622671050031,0.0746001349025144,0.067953694080349,0.0665820001813025,0.0751220078267624,0.0664930898962059,0.06811506351511,0.0702936409887494,0.075151758701155,0.0761368573862684,0.0696890534282472,0.0734002563756383,0.0748770212243556,0.0733245318203448,0.0747983053829593,0.0748032365587356,0.070992832599696,0.0659645968253924,0.0732874838885977,0.0674768052638253,0.0811206489180119,0.0708220463593063,0.0771215883693228,0.0746635310433591,0.0730476862111913,0.0740561574647596,0.0693156286850552,0.0742909248399467,0.0744040812504224,0.0723474001946922,0.0757034827025297,0.0627199522910039,0.0737192242520911,0.069944668188287,0.0649224034246245,0.0698926852089675,0.0676107422722692,0.0716932163070835,0.0735853748908614,0.0646558173574744,0.0761885707309009,0.0719203793244182,0.073190342255895,0.0637098263840804,0.0647503962022616,0.0698964504903695,0.080997632282378,0.0677069415545118,0.0673372762039108,0.0616068615601777,0.0721241605237865,0.0690227713270915,0.075975613560757,0.0583321219392372,0.0622813824350965,0.069914070695109,0.0701991066843297
1213.73686465044,0.0826455474222378,0.078813827326517,0.0814598229499503,0.0717719971299763,0.0801022755725873,0.0802244844822402,0.0791242354323672,0.0678068850314887,0.0682692316171106,0.074001030256231,0.0729393450817157,0.0807786928472709,0.0768790785165706,0.0751225096702484,0.0787534789030657,0.083743521961771,0.0700790166105014,0.0755919203570494,0.0753652466303678,0.0725044620779057,0.0824072186465383,0.077303005898695,0.0761691332581817,0.0762328296901142,0.072624596625258,0.083525985418335,0.0819952172934422,0.0733262713073033,0.0774156981047564,0.0729881582766809,0.0832798089099398,0.0780406196368098,0.0729607243396891,0.0773420227520778,0.0797086811749293,0.07199891214165,0.0803546520624396,0.0855916717968918,0.0842842961643274,0.0739040939082835,0.071999909741073,0.0761170376733333,0.0809677361912867,0.0835988053486532,0.0760516920974457,0.0856110509911589,0.0760092513621302,0.0813406188388446,0.0726251948190484,0.069306187290168,0.0725329211692741,0.078088471692916,0.0761033909128176,0.0795811553406713,0.0774513910548563,0.0822308450999861,0.0744037926660347,0.0801750867684574,0.0711878372443116,0.0752761487885389,0.0848108459897939,0.080100777831144,0.07900816704173,0.0824761998376138,0.0736149604414793,0.0725774724999387,0.079127467768142,0.0779174362619848,0.0742480437626207,0.0844533370986132,0.0777335609784607,0.0739828938758459,0.0721837747752308,0.0809441408975326,0.0705580694553464,0.0840091792127185,0.0690738563558751,0.0802594024347535,0.0861544472208786,0.0791361448599867,0.082133734562141,0.0803046172076882,0.0720778449397781,0.0790281404289672,0.0764849913992416,0.0798836711836176,0.0809952412769125,0.0735196073222871,0.076892152527748,0.0805406148044246,0.0786618067600436,0.0834345935673701,0.0898242343139651,0.0886020728520847,0.0792430730921171,0.0845180343559189,0.0655042259146188,0.0778382950284931,0.0812451464380337,0.0737129659639039,0.0706072833926629,0.0741039007930231,0.0758376338636565,0.0775453483106582,0.0745643773386347,0.0811995415523508,0.0755599706758813,0.0897692327723148,0.0656907474722892,0.0838979178327552,0.0832092387269527,0.0789189184659505,0.0748723231249994,0.0831316991200687,0.0848634341171421
1216.68511134738,0.0986985241359484,0.0999118394519973,0.0843281062245821,0.0903439250575377,0.090982575023277,0.0991417015657172,0.0856365199304833,0.0950655500636567,0.0920352546759906,0.0849896508101808,0.0896248052946436,0.0913759612495613,0.0995468289536977,0.101291338220809,0.089193253975647,0.102393507740887,0.0857977519951584,0.0958059893898453,0.0857408793168719,0.0953308753496932,0.0825356434453527,0.080696554194966,0.09803988094759,0.0944512350262454,0.0899738410794405,0.0950360878325814,0.0965466302055308,0.103050693870498,0.0893864862905351,0.0949668115513815,0.104200294679828,0.0910568292887156,0.0884475705087503,0.0991924864000056,0.0937729204560816,0.0862190522410481,0.0947546896500509,0.0884237072223723,0.0965703033375085,0.087618372897268,0.0955280130771321,0.084735399625024,0.0962700582905862,0.0886735244695736,0.100479664146058,0.093494559155799,0.0891957399086635,0.0906385275943981,0.088498187655815,0.0929433408850961,0.0840605990850424,0.0733722783868041,0.0913052532922771,0.0937122995117016,0.0908071357303781,0.0927369664588573,0.0973632048086653,0.0868699921268973,0.0915885149356492,0.103220368415211,0.0941129877366071,0.0887970237653593,0.0958499127884249,0.0853489252406203,0.0871939161466849,0.0963935609543064,0.096277513855527,0.0939204466418739,0.100437333893769,0.0922331352833668,0.094779493476564,0.0876795606735841,0.0992195669885657,0.0881852250859771,0.0909190783226468,0.102602458374839,0.0956588497626308,0.098554380580678,0.0966460204365167,0.0939985894059895,0.0909489665830409,0.087605254223566,0.0952272208017832,0.0915774626744261,0.095044027252988,0.0882154968822172,0.0967799885270633,0.0982870314101292,0.0898902453376979,0.0999769489535324,0.102895303638347,0.0803375144612608,0.0916055236227399,0.0931011364944443,0.0952725093642602,0.0907230049493852,0.0891262648707639,0.0932034625448185,0.103358332382048,0.0888045613477952,0.0945351014088066,0.0985729364368983,0.0957046002921292,0.0900440319202364,0.104715995031677,0.100589449069296,0.0984344031585788,0.0915385575351814,0.085478688615003,0.093854764133956,0.102510479499725,0.100589251184957,0.0988663057841518,0.095262118147326,0.0876712321728539
1219.63128459449,0.0845332891600745,0.0828397043502504,0.088837935594819,0.0872455949856686,0.0905823023296878,0.0863907567954169,0.0804916995826778,0.0818049700302755,0.0745797514714088,0.084587729011089,0.0838657131942256,0.0854362533636017,0.0870207732047117,0.0797629217788157,0.095299076271947,0.0932839998165797,0.08381190441756,0.0926983134447977,0.0751982391689187,0.0895427219420337,0.0870075608522368,0.0808205244110916,0.0813542743572488,0.085293876060285,0.0906653074539442,0.0886945351738004,0.0924013404103585,0.0859807936688185,0.0997511401905641,0.0825444766393133,0.0775315402371509,0.0847788521605109,0.0918836897488923,0.087401572515951,0.0885895240074745,0.0814991661097233,0.0877559719084283,0.0934268925973736,0.0835941720200306,0.0840074480670341,0.0795139582836717,0.0838166997322418,0.0942556787535882,0.0926599724279876,0.0855351291876003,0.0920077378283794,0.0762714476066867,0.0929424592473187,0.0908149160853676,0.0859939925589462,0.0825716174076787,0.0874883406496832,0.0887598042020094,0.0814521595188403,0.0860117867934618,0.0901698693928935,0.0899142263448548,0.0821107266614827,0.0933649927467658,0.0902762584768184,0.094240162468273,0.0856968732266459,0.0921932346644457,0.0860413845317959,0.0900136817891254,0.0938448699862729,0.0887416846704256,0.0902440887982906,0.0800564524088825,0.0901819077787274,0.0949196607173105,0.0883489780091564,0.0850877591503219,0.0926957821180863,0.0888543295635455,0.0962128615868277,0.0914565974705782,0.0854669651089683,0.082063699830277,0.0870573091667074,0.0938022164332617,0.0882957386786979,0.0739915536566868,0.086284977724593,0.0848776362495987,0.0905395487053744,0.0779801127670104,0.0930368180309386,0.0808954510185819,0.0818497416262049,0.0832066309705286,0.0858099381454699,0.0834813895158863,0.0921383458985643,0.0805684451064215,0.091964668901901,0.0772309859564334,0.0922476275980925,0.0754245619251926,0.0944858708500706,0.0833082433792375,0.0911209395900029,0.0914485351455156,0.092859559525506,0.0939265524494307,0.0894547646982756,0.0806309578343116,0.0867142190699767,0.0796032052548774,0.0863100965567387,0.0790521360692597,0.082917459363461,0.0854175994121804,0.0871821629065245,0.0850928638025099
1222.57538641562,0.102718383861603,0.103949135858223,0.106440068106413,0.107996804885775,0.107385917565641,0.104782578618515,0.105040037992852,0.113397864516265,0.101034318581895,0.107527248294425,0.095217441248196,0.106522744580393,0.115750403506403,0.107569383260582,0.103580502931893,0.110856679834979,0.110812039486968,0.111838889224563,0.110264756542636,0.104280521142206,0.103956428929016,0.112066002203295,0.107038363512362,0.110095234456273,0.113401410630633,0.100757065401674,0.107498361534505,0.111951003237042,0.104749224982321,0.108357514522127,0.0995577731314285,0.111744932891563,0.103546075886609,0.108720804640156,0.105873775839179,0.108180895176099,0.111498062017051,0.123340311061615,0.114566561924141,0.105856512947892,0.105838851598845,0.0993377589263684,0.103073527911583,0.105403261327717,0.104580084334765,0.110933253931484,0.105248132487816,0.113019653840646,0.11212407506922,0.103633345770652,0.117442663675737,0.103761887347489,0.11258042675166,0.105830229122834,0.104331171712401,0.111041286483117,0.0971348374443571,0.110099999898766,0.113229248512485,0.0909693085347604,0.107873906891043,0.10084236104796,0.119838268604251,0.107506670330912,0.103065758240582,0.114443236552046,0.105903208095241,0.108445729207288,0.111802383443259,0.101252417699955,0.111977172804088,0.108573419754996,0.114331001649048,0.099948609123108,0.122904729983216,0.115903966728946,0.111030296444715,0.102672397980337,0.105106896210845,0.116652586621473,0.103171401369699,0.104980476413186,0.113593759387299,0.106958549848947,0.118627083412928,0.105443348805964,0.113233420107214,0.108701465606761,0.101952963151132,0.105591260598247,0.0988803200297785,0.104133945750435,0.105647525254917,0.110865281474945,0.116919815467422,0.108672037112485,0.112887969280691,0.11143438660842,0.115700533993626,0.111804821670808,0.0991334801161739,0.106402295234226,0.111327185840923,0.111290409683915,0.11207886316199,0.101893078054778,0.109484020911037,0.111044989564687,0.10923404726755,0.110503301095528,0.0978167442869959,0.102443210512827,0.106709702647365,0.116261911245131,0.104087720440996
1225.51741883196,0.099169402500481,0.104094701700683,0.104963893066157,0.105994247303256,0.104847653234847,0.103317102736234,0.108919356194311,0.103391143549831,0.112503126381617,0.113106989728915,0.104971585407236,0.102801101813247,0.107086548302583,0.104483307814629,0.0999339550634973,0.113191713579834,0.103471058096554,0.103860527095015,0.0986607921068953,0.102824137285409,0.103560256371497,0.106743037120146,0.117520843739698,0.107521120196271,0.112492114802695,0.11823674382008,0.116723374490735,0.102423703087485,0.098471405270772,0.107415776314619,0.110101594132204,0.114056082207605,0.102061982607624,0.103996665696168,0.11193282210221,0.105638068853491,0.0995719591151882,0.0974950301639295,0.109840601923478,0.107672748914079,0.0981920172807329,0.106912449407562,0.102153483033323,0.103931946171327,0.0977384535591662,0.107252056608911,0.0999529336702508,0.104028135828635,0.10685783802848,0.11035284360851,0.112167368569159,0.0985254348998243,0.102515032571061,0.0989688924151882,0.0951462024952649,0.110665536399033,0.114680330606752,0.0971670114416471,0.111181968084121,0.100937635788637,0.110712873387333,0.110629292381954,0.110258091458676,0.10001354501779,0.106435414758481,0.107600765152528,0.0967330480611419,0.102593842038067,0.10529558818237,0.111782542059379,0.101218575507582,0.10708233405187,0.107896705343352,0.10447120401538,0.108268388869682,0.104093749063255,0.111702060821172,0.11382657688405,0.112890290508945,0.101544558985796,0.107121405301964,0.105682857446182,0.111003351955946,0.104382245703029,0.114435726244299,0.103952604516307,0.105795291172952,0.102390715522471,0.118723924661803,0.114311079238737,0.0984888039558323,0.102659930956191,0.104693557864876,0.108821089919578,0.102228012236212,0.0944662154089665,0.0944466054916056,0.105592747983088,0.102629664029414,0.110851558449169,0.10685068816482,0.103291187544086,0.10434118951877,0.0915104784639963,0.104577238195463,0.0977331626438477,0.0922350156759476,0.104033347791681,0.103370927123702,0.117742390803004,0.111104662237817,0.10688261207907,0.101414048305012,0.104915504519526,0.111765668209864
1228.45738386203,0.123198871380889,0.128442266042333,0.125849857749675,0.125673920928731,0.118976129203451,0.119573576449498,0.115985636944279,0.11230221559626,0.126119692446678,0.120321074849283,0.116870004123148,0.121143086729942,0.120978844461122,0.125254729179927,0.122331146245127,0.12914326252158,0.119749631140044,0.123013197003251,0.117107473711135,0.128914051613388,0.127027964127699,0.111252249606727,0.132897554546981,0.117000897350904,0.118576863648675,0.116782938630209,0.133969630865689,0.114419606455577,0.12765641521725,0.124502641900383,0.128857622692539,0.117981494912018,0.123601070739914,0.129669493699845,0.124415520373086,0.119340573168289,0.108507916547183,0.125796051272664,0.128739737510364,0.128991854613973,0.120630140531625,0.122445003294788,0.118561830532527,0.117781073854981,0.11571636855824,0.117916679570803,0.11642756944406,0.124116886970434,0.126551557961283,0.129643004732788,0.12046321729375,0.108894274452131,0.123657695517367,0.117433097825159,0.121180863688066,0.113565472707961,0.125714547046204,0.109888612380118,0.120647505959865,0.124543414346528,0.121118334402283,0.124714134831069,0.129282005993307,0.12914200380443,0.117346474749518,0.11960027336304,0.123783257938853,0.133383993891638,0.123746552618019,0.127237337294705,0.124289099223379,0.12188835271293,0.127819456197329,0.127059784299919,0.116616855796245,0.11619161327291,0.119943222411729,0.117828308217158,0.116318248673649,0.115885326223046,0.122470241615832,0.11741787610636,0.124312218144428,0.116955571136177,0.113503152525562,0.126522341282246,0.119441753483588,0.120748030012298,0.127989195835018,0.131087595976335,0.117388779403342,0.125277870067151,0.125770798759444,0.122092758386837,0.118281974865142,0.126093624106446,0.123011294233558,0.123159383599972,0.115416492682107,0.124859567741329,0.124851537723098,0.119125810376572,0.12203858887958,0.1158740683105,0.110184868538053,0.131608229717362,0.117303229878413,0.118477410345189,0.115537398854759,0.11842246362051,0.118916036547237,0.127498433802824,0.125432180252372,0.118162348686631,0.110822776211401
1231.39528352165,0.164732355521289,0.166238229384463,0.168007570416373,0.154030354591181,0.166432123845037,0.162141649811046,0.163348097180703,0.161204183900591,0.161159195107694,0.160645374320023,0.149086867286475,0.165408862908968,0.157427441296279,0.165547162309846,0.16643261073085,0.163066794145492,0.166087955840062,0.161702067751689,0.159166813899323,0.159330228485311,0.158635296392549,0.160530614316922,0.152625512776761,0.166463739530116,0.156919783329796,0.164036830553377,0.176870828796084,0.171069839554836,0.163831458702282,0.167264174085784,0.15801428043117,0.166409558313087,0.162135233335175,0.166745134348259,0.159901106370974,0.165527743056991,0.166845552598855,0.168179681619847,0.174010558961316,0.160065480176806,0.171482329321686,0.162899923438417,0.156087973627951,0.155701870581608,0.162829370467387,0.153957830045311,0.165554043602849,0.17005555718691,0.164153191857693,0.162596547976982,0.159693533699563,0.157460377093976,0.155565835466523,0.161761701608478,0.160977146061344,0.167696757944948,0.168255083645721,0.157542029667921,0.169022899314304,0.159605773704182,0.167172158158511,0.162409674972624,0.16072266006672,0.171392743434656,0.158405161038854,0.161205316243105,0.156326733601668,0.158712294809555,0.166046471258095,0.160186240085351,0.156094430392961,0.150819479531279,0.167511669827412,0.167714494134542,0.162175135784109,0.164691949233687,0.164926253720374,0.164238088197424,0.164459910223712,0.16240120771713,0.158983268265146,0.157276705657029,0.16557727779036,0.162526259737162,0.166786710809738,0.161672265603818,0.172008579246897,0.163773554053106,0.171063034408869,0.162361397767073,0.162008853231797,0.167705971373381,0.160620035047097,0.155601366461383,0.159043751308736,0.169874389568497,0.165245103407701,0.170120974239517,0.176062387438423,0.169891776517878,0.146104118157063,0.165270063543667,0.15290351330816,0.156391675492155,0.152924070261743,0.161204575612002,0.172212488237928,0.157127217609109,0.168126053422739,0.159047396159284,0.165661170180722,0.16267378832922,0.171708726873469,0.167476576592574,0.171892419139274
1234.33111982401,0.121963798485636,0.123925197045718,0.122929042144461,0.11790711651013,0.113930698954219,0.119357860676415,0.122715515551109,0.1171754051032,0.115892416433626,0.116317423241584,0.116632040910654,0.103806650688796,0.128433252774971,0.125618387900982,0.118866255312151,0.128400422382924,0.118515058911857,0.119022630788836,0.121292478678503,0.119552246691302,0.117591518804729,0.122473405927873,0.119676539344749,0.119002793437744,0.111951742202733,0.116058437030045,0.119320458210917,0.116912814818195,0.134471283916484,0.115550394198924,0.12973520439049,0.121561932301164,0.119020495576088,0.111026461441453,0.120519593779581,0.122405794115072,0.12310629430282,0.108785783828963,0.123710897515361,0.126155332766285,0.116508517021323,0.132852815532894,0.115669980085647,0.13237143334176,0.11824632783326,0.12823421004484,0.124911592478276,0.122316128408297,0.133409227221942,0.123446442405598,0.121881185635388,0.121582546805474,0.12615210700598,0.119902669591663,0.126501745908987,0.123743490437159,0.121732443268985,0.133713815833326,0.124255280355779,0.135241904490266,0.120886629761119,0.116423603048417,0.114469805873766,0.120745162508715,0.118734192853688,0.119938375513502,0.119191595079431,0.124991938841165,0.118527783061643,0.117725949765512,0.122442401257336,0.124910347839547,0.122118820905392,0.117529756407769,0.131691623751487,0.120306632343073,0.119157430112975,0.123648491166013,0.118286609440534,0.117869246648013,0.118465979643232,0.130431863573822,0.128479832824491,0.129141400742633,0.123041228363233,0.121385830275432,0.130539417829772,0.116199469423872,0.1250763356399,0.118503141984278,0.125743806977481,0.119149320726679,0.120590956193048,0.119129963726857,0.12680607866263,0.128081396512554,0.126055538769552,0.124025791877872,0.120108383256348,0.122984985608197,0.119761411081483,0.124298643683574,0.116872357328292,0.12209708072312,0.120873521865785,0.130282426523465,0.123520570167106,0.122086695063103,0.12896699856489,0.111048206172435,0.119206292681953,0.126706113554712,0.121928260977357,0.118995153017597,0.113269413794877
1237.26489477963,0.136997834221596,0.14237732369897,0.138381788342224,0.135980584759068,0.141514356360971,0.134559776046668,0.128210830381034,0.141235107562652,0.141307301870303,0.134947655813798,0.139240411264611,0.128785912246951,0.132445578862526,0.139903913209502,0.146164659208986,0.143826834335697,0.141252566309804,0.132227071126428,0.138685201211916,0.133781200187115,0.133487524696411,0.136828077959727,0.132356749422867,0.14493051554594,0.142782218091705,0.136809774826253,0.142463398724523,0.138072412589161,0.141111587473366,0.143579139121175,0.12936325289341,0.136764233856003,0.139483076844783,0.144316157600883,0.14371716002827,0.13396236805314,0.138648060629468,0.14847509697796,0.135487054140775,0.126912811117817,0.136181180441618,0.138861221815028,0.136427961734987,0.132566012557941,0.140558436440405,0.137814916836244,0.138684990591469,0.138654383480943,0.136305268167528,0.138385305142635,0.136707571177954,0.14165299266799,0.13709229309032,0.140002059275008,0.144853108189032,0.131021860272473,0.149078718428287,0.143726284501501,0.131548319009291,0.134330482511129,0.13347118054669,0.138574894376738,0.134052727398239,0.132951541883063,0.140429059700689,0.145411030104708,0.136384402436043,0.149786277616028,0.132562761016683,0.133200389042932,0.13298503429341,0.134848037619204,0.133826187438809,0.143968798066119,0.142247990320199,0.141658392676993,0.140923782008032,0.135929980558199,0.139726169859583,0.138226788529239,0.139801563587223,0.146045535620742,0.145644567655047,0.132540049783506,0.128091187888051,0.130307942790093,0.150690802609961,0.150659805185464,0.138116200120575,0.13583567493586,0.140377298906841,0.13054626257787,0.138934709993326,0.13187462242898,0.139037567088813,0.143164704332679,0.138791054591775,0.136714313473738,0.136765118058546,0.138674363363184,0.133453777682676,0.132576738051916,0.138427954970613,0.135176014796151,0.136328048006056,0.137931310093665,0.136132019891163,0.140401092855418,0.135145836694501,0.12980220500638,0.142937062706087,0.131709792717025,0.148679706438022,0.12461195765752,0.141461743801319
1240.19661039634,0.139312598795639,0.13502713967075,0.136392768252676,0.131842920073903,0.134708547277522,0.139031472011491,0.143785372613292,0.126937932113613,0.138887127551946,0.134048119412841,0.137801673882681,0.137780689040296,0.130414909024444,0.133055027963073,0.140922683962435,0.133128031657406,0.142529790462315,0.130248274867608,0.124966970121644,0.141536771097385,0.140714755780545,0.126624583004244,0.142871119129322,0.141840614020792,0.134917139776199,0.133216918719492,0.139964090308997,0.131804168694358,0.131104445337221,0.140484753264908,0.141580652845322,0.145539826501262,0.133647365531112,0.137453159338098,0.135367481513572,0.127662556550501,0.139926982709775,0.132406447762329,0.143973696688616,0.145007408238013,0.133580144043215,0.136923969870949,0.136622314879773,0.142065245612097,0.12997214825102,0.135268677230001,0.133965929836372,0.134539285561905,0.145717668245062,0.140219886329478,0.136347910943942,0.141289971589539,0.138893633045762,0.141253153838168,0.128548135895907,0.144846187614422,0.140586538324485,0.136828482738217,0.138848068741994,0.14051404805079,0.13472164244574,0.128008781609744,0.135296588201177,0.139699686976192,0.126606717741468,0.144519902939598,0.148645601737397,0.133576831768736,0.132742730038253,0.141030799100627,0.13917015186046,0.133931638771297,0.134560723622461,0.13922056641737,0.135303622037173,0.137485066055666,0.139467105033897,0.12453950042359,0.140999760980117,0.132964972906214,0.135645750424596,0.130791852858933,0.141990793130777,0.142976371947419,0.132605824204889,0.133223306953968,0.142744266543461,0.137947359174763,0.137212385886104,0.139220645783975,0.141089125900187,0.132850743616835,0.132507223837214,0.139158460137895,0.132612789300689,0.137826057689039,0.140603211398031,0.136892480998254,0.147378380386838,0.143292825632379,0.135793271836493,0.137614775753002,0.14244213720009,0.147184996007277,0.139778331564651,0.131660777796135,0.138986209937225,0.131223676740144,0.133685467651133,0.135432548306047,0.132133383942241,0.150195423794898,0.128763043298834,0.132967385434657,0.13946641766768
1243.12626867938,0.142164251824096,0.138975200854145,0.146406551359707,0.143969212238239,0.130596770181612,0.135994160075626,0.133920602445438,0.141825589383181,0.141292522005384,0.140753208339111,0.145456841684455,0.142371178189292,0.133891295583544,0.135428250119309,0.134060179361502,0.133868820245991,0.143277064852111,0.134243819887217,0.128423857195808,0.13903907644164,0.133851152774098,0.125708121087709,0.142529763344983,0.14094803289586,0.135121896228944,0.135042069290792,0.148692846971639,0.135763320353797,0.140981311975904,0.141766288386155,0.135204639127052,0.143600030350238,0.151383594870108,0.137109309419639,0.142533936420359,0.133278359007237,0.146701304758956,0.154242740568592,0.13708659875479,0.135487887863968,0.143797400507629,0.140824746750156,0.14764990841393,0.140632400607827,0.145284971398059,0.148723571971453,0.139591483188964,0.137430152204664,0.143202394034632,0.137144648050485,0.135995133107308,0.137706450254093,0.141239665031597,0.13927875924401,0.132607885882448,0.135789366373933,0.147851164559989,0.14630890887977,0.141223235922637,0.153247491839879,0.148939653156478,0.149100887861374,0.1365473660514,0.149187225263871,0.137011946981954,0.147402693009721,0.145001323201928,0.143620836427864,0.145128242487213,0.139577855416048,0.143725558786398,0.13573718572325,0.145732692388403,0.137762903226926,0.145326592505952,0.151788269001079,0.141798960197887,0.133530843265681,0.145006393689755,0.142431333162869,0.13258176802144,0.142008599353289,0.143824349306918,0.140980416242491,0.149053533982808,0.14051913312349,0.14020931778354,0.130066894587085,0.140071086997132,0.138855569106146,0.145022003382443,0.139443955671814,0.145358563343101,0.130046218858437,0.135526714768972,0.136911520147558,0.144608384852576,0.135989285224082,0.134897375000596,0.138502188274799,0.140303219518801,0.137248379640768,0.139334308267522,0.136593668669099,0.142143687328949,0.144679308953913,0.146729404432101,0.136902963660047,0.142063069958624,0.146540875963795,0.150943408074957,0.145510422098496,0.139246365772366,0.146247103938689,0.135860384891635
1246.05387163129,0.138659807760811,0.140241791070322,0.141159933333518,0.133342765543143,0.144764927423207,0.139405936612815,0.138906516828872,0.137268300217533,0.132461097883592,0.137154471648264,0.13441050002423,0.13538893293165,0.14232489478168,0.146481645257688,0.144020623287135,0.140605194311309,0.146177890170317,0.145298850032192,0.14530043375992,0.131688302757752,0.136212352765759,0.137354168375062,0.141652238158224,0.131300358655424,0.132646002523451,0.141203113001006,0.138191847654355,0.133274184851417,0.144955520593567,0.136501153779347,0.146888960630344,0.140058741028209,0.140081713601802,0.135687034878167,0.13794138619236,0.14377293872313,0.136468902288269,0.136563464182517,0.143938265279485,0.143305776755319,0.160705951540679,0.138900695419337,0.144068714756434,0.145222843690644,0.135791066622231,0.121923878950862,0.138150822588067,0.144096635763205,0.14177901163283,0.132437462110986,0.133478984885592,0.134667879029497,0.146282397936229,0.132462883619704,0.144927905380089,0.138728282214045,0.135570818078189,0.135059378135836,0.138673967590679,0.13599897524385,0.140483168214433,0.134793572831788,0.136186458769201,0.130263875978607,0.136121056879355,0.136838083527373,0.141912742776635,0.14109523623939,0.139777708763085,0.129934687502812,0.141741615880702,0.136463575679719,0.126168937933679,0.14069048612874,0.132925135332256,0.143826045545868,0.138735613450313,0.134819959856991,0.133754250848476,0.133911916097097,0.138747439675663,0.131179460181152,0.138540570272709,0.143318245958892,0.14057180419999,0.140168441803064,0.1387623139167,0.144710850364186,0.136498055041733,0.142254441115506,0.132354977721678,0.14069169053855,0.133438958353182,0.14281196712365,0.145034901396176,0.139869107943929,0.133318420682557,0.138358718875126,0.143324692089865,0.13759593517309,0.134542438170216,0.14446484384545,0.136233580772138,0.140542288455678,0.135234886646444,0.138958148771584,0.138748703105229,0.142039696206322,0.137886345731469,0.133036689197323,0.137412374964608,0.142449428931488,0.151365023223888,0.142596046193816,0.139270750692592
1248.97942125198,0.151599756305752,0.151193859849521,0.158276486794657,0.15632138627521,0.150878610698609,0.165909115959204,0.161393905707107,0.154331476172817,0.145588897968519,0.157441203695076,0.149563321111321,0.1576399745226,0.150765900866981,0.14941093691254,0.151275928025783,0.151159639573886,0.148549052088876,0.160158522953016,0.14662529023757,0.150264830161463,0.151594046972414,0.146823899240949,0.15273060647915,0.152326954496051,0.164041744858472,0.146288909955685,0.146934455630096,0.15230925983005,0.159681192640099,0.158003851177314,0.151468607862294,0.152607502395494,0.14741986140666,0.152723469382684,0.157957017107774,0.156981216288538,0.150941456665542,0.163286261685139,0.152444468856009,0.144089989622663,0.150885148222748,0.152887547018127,0.147531790758225,0.153648949117737,0.151117708190625,0.153593278482028,0.153040090427101,0.166384011374945,0.155552038155164,0.15450543688271,0.153759182110999,0.149925123831383,0.145414514237041,0.153667128704901,0.148451860442422,0.166741854656764,0.147737268705546,0.144554049344649,0.156953488087056,0.1563800753282,0.150394852685057,0.159118776806381,0.159034840467469,0.151242126542952,0.153537389410023,0.14995999065601,0.159681942057084,0.156074483369476,0.151068830067683,0.149262823031666,0.159403990687551,0.152945055461854,0.150530526418526,0.160043290750104,0.153904610281382,0.148908362497141,0.159449537126543,0.161997900460762,0.152495994673292,0.155387543280773,0.155770445004848,0.150128984712555,0.1502531541963,0.140254958935693,0.15161280784168,0.160599131072265,0.156779502139408,0.15560899800888,0.154393875338686,0.150490815144228,0.148623146985292,0.154792315779066,0.14740596135985,0.154491499482192,0.15564831665401,0.153876677092179,0.148814695223713,0.140735546364613,0.151759321863272,0.151651993987254,0.15962154221448,0.157640921526315,0.168784922361973,0.148265748962024,0.152355536971355,0.159489377231495,0.162237288442745,0.144984087272987,0.15720181708606,0.157289841325932,0.154043614021339,0.143707644691404,0.158063646761147,0.150972516483819,0.158863804106611
1251.90291953874,0.150760524793988,0.15408788262141,0.15795186790769,0.143541949993655,0.160224202773597,0.162893111081633,0.163743716454815,0.1497886713394,0.143732244480685,0.152229235632894,0.153498349435552,0.165010001024611,0.145464585959831,0.157226142673121,0.159080945184757,0.145933353221662,0.156830751248621,0.158208059938567,0.147957369162584,0.152648482785423,0.146378701098,0.151933911052487,0.148608669760809,0.161860609960959,0.145454359470843,0.143806064257859,0.148737651902383,0.141227422123506,0.145941036492848,0.151660836057871,0.156055622105347,0.148008070188133,0.148737155428342,0.155114416075218,0.1512392685154,0.148544555141418,0.13962621059108,0.150493787091799,0.152168852838697,0.154088158318114,0.156668153045097,0.157338900701444,0.15154340724559,0.15223729765656,0.152426416179467,0.158245057265312,0.146717021483717,0.154219818099543,0.15794030337945,0.154182820142675,0.150714923470274,0.152817996364542,0.157464978208251,0.152252674944217,0.156384916255453,0.152256549154159,0.154479801879725,0.150236084052024,0.156062483977203,0.148415265529028,0.152753259410333,0.152336552433606,0.155451005765423,0.153100260628654,0.14835485688863,0.15232563758788,0.145633782745269,0.156843996741404,0.152941353924621,0.151657175871827,0.161253269351517,0.151513569359776,0.158430094104487,0.156418390014262,0.146441745652917,0.152911437022596,0.150998509841266,0.156693740067344,0.153798412743534,0.147427750146698,0.155982824347515,0.150340858748403,0.160877081637859,0.165863368439212,0.145856130745144,0.153702846419623,0.165075455391661,0.158472443990141,0.152444577111075,0.148537139389507,0.154720164843591,0.157124852508197,0.16082976848517,0.152509248472741,0.151448487617285,0.157401249230586,0.148469619412333,0.156725679283077,0.151950957195964,0.157407176685644,0.151711263071174,0.149179075149048,0.148150624849295,0.151690256592983,0.150375074437781,0.143070183673186,0.15264392146684,0.158385796755583,0.147578542942814,0.155289468736683,0.161909853306637,0.148746205107135,0.138718568695487,0.150614208888359,0.152044081278229
1254.8243684862,0.154700677254014,0.15698931263354,0.151091565130541,0.156239364436713,0.157216096161211,0.153442368209087,0.154438169103119,0.152277647107307,0.146166318673779,0.15570785980493,0.145146674218419,0.155844875158683,0.151720881233423,0.158001690146828,0.154959451801635,0.157591400238344,0.160289701624161,0.148127578760989,0.158953997953865,0.151799505092862,0.159064128729297,0.156505567857619,0.153184154793347,0.151687054922855,0.160201367917661,0.158646618995205,0.143067230683662,0.147366643612986,0.152622680512998,0.168262988919692,0.160103083528188,0.156282357036576,0.156638269354641,0.152628514850042,0.152550896562477,0.141739273947263,0.157955742596911,0.155574924174381,0.161787414798367,0.160844021836804,0.163572769299887,0.153845308616987,0.156103708703636,0.14755134537836,0.156978944021805,0.154079791400043,0.147474593762024,0.144216426019752,0.154368711722289,0.150589828533299,0.156902314944359,0.162173162772984,0.148004090848764,0.157310136313123,0.155522203845666,0.154671952881956,0.148738177649686,0.159745576056229,0.162850054344919,0.157360728719486,0.151338765369833,0.146098318377353,0.159428842064968,0.148954394635054,0.150715040185884,0.159003944540067,0.155187203583419,0.151606004345338,0.144840953523873,0.159524019214354,0.151653852265424,0.162579251016738,0.147671879510152,0.147875674220477,0.150475712307768,0.149859906984018,0.156060708902535,0.155802551039565,0.152927560803394,0.157468121377557,0.14480984162014,0.143393021565278,0.158903759425224,0.147130764625674,0.144985833246868,0.161027984810769,0.157705112948639,0.152229074869436,0.160160385390418,0.149274444818694,0.153860408288903,0.150365655700217,0.153337443148535,0.156549090930056,0.150549856772532,0.147682315753893,0.1514111721347,0.153131202434642,0.152150205175534,0.158184966175725,0.156249631248409,0.149382792479304,0.15329781921016,0.156736842212014,0.159321355213831,0.160937940549936,0.144685463472955,0.149246250726017,0.146701515452997,0.154390852999291,0.154980234176172,0.151636138582721,0.15465865065487,0.150809735421697,0.151702008628399
1257.74377008637,0.157057469332932,0.166888227616026,0.1567800705628,0.15973214205475,0.156365311087693,0.148830760049618,0.158393494524952,0.162879212354664,0.155032934509504,0.15919426917737,0.157114773633666,0.158819139619099,0.158535034059976,0.17125253086222,0.164949234469954,0.160546409948796,0.163756089601593,0.15649963427133,0.157081894755305,0.153118083090623,0.17175719423995,0.167635559793135,0.163198444610912,0.161235647844505,0.164205336378134,0.150767227244774,0.156640848055707,0.155665031870954,0.151253335106174,0.155381318439541,0.148840289167364,0.150089253557452,0.149750459292918,0.172400613323523,0.155474332600719,0.15063948500843,0.15159544590975,0.163911934581151,0.16207516366017,0.161649812140835,0.146533548642045,0.151419229538234,0.160671516870967,0.163109767288112,0.16639371019043,0.168122500208357,0.155312953371933,0.157372169357155,0.157856827846442,0.153013498490724,0.152787925638187,0.162929554674204,0.160069298549994,0.160220260547022,0.1585186783879,0.157094790821416,0.159840288144979,0.156165639232544,0.159234399798255,0.161406471000971,0.161812475590228,0.157034550358609,0.161795583296176,0.15519963561228,0.158465125276143,0.152773596324749,0.154322897141813,0.167154122413475,0.149501319600768,0.149910886367328,0.154609278736346,0.16985118165155,0.155586485642768,0.159589477280901,0.167647986583048,0.1560507578389,0.156268521190306,0.158223141146708,0.151519218700118,0.163699404526709,0.152632305163626,0.163467670311441,0.156390108391596,0.157610984982235,0.160386114944816,0.157973755996755,0.161692296395005,0.163685537258906,0.148567911260471,0.162363540282778,0.1589009482761,0.155924542589203,0.153010952731737,0.158409620943237,0.161735260023255,0.158952171659799,0.159279029530759,0.150633024485372,0.16060767224722,0.152323844412027,0.156468047738991,0.154464303188522,0.164484907756758,0.152640400652296,0.151896609946343,0.168636476562659,0.156805317863976,0.156064108527168,0.14910931075607,0.163894886942149,0.163958219000124,0.162618795003625,0.15595269649775,0.156476665210873,0.156220177110178
1260.66112632864,0.158891524970355,0.177870217564407,0.172291195302291,0.166484141272441,0.173257745444683,0.17106904252296,0.173489317763133,0.168625537715019,0.171938485377586,0.167572775685527,0.170159713894313,0.16621291748284,0.163157220520491,0.163912053692502,0.171149561321697,0.166231250491087,0.178500156193487,0.178441887727456,0.161655569348837,0.167404442165592,0.1752402962536,0.165672074718229,0.167246020963012,0.17517295145432,0.172517290358936,0.172657469398779,0.163275485987982,0.167198589866459,0.17782722201211,0.167629659364052,0.171503559812777,0.173389346635744,0.174107790529751,0.167759169331395,0.163753386036752,0.168208350531429,0.16170816274048,0.173880755771492,0.161820882119369,0.168962079083149,0.171835223476386,0.174977207972104,0.176073429614145,0.165549212533206,0.172579479728487,0.165627065470178,0.168055873918276,0.1791499797822,0.175999456430147,0.175657453351861,0.169300060393691,0.177679137795167,0.166224464129733,0.164754179348489,0.162073233303206,0.172603982092959,0.174751719918902,0.168964792704263,0.170420803793528,0.175819732387205,0.160953110858552,0.17119737453258,0.178738868864634,0.162545651823764,0.172681736463981,0.165924970113719,0.169927354010736,0.161384467079366,0.17523974788188,0.16708368115419,0.168483098987799,0.165727012238783,0.159117011040088,0.16638576017589,0.174432992762195,0.177459640498515,0.169989851831446,0.167259681480068,0.171927182121899,0.178116911348386,0.16697258612243,0.167010404570664,0.175257681329261,0.171884883737236,0.164952227145067,0.179528303174807,0.168389575327818,0.163354826787475,0.170785441103205,0.179754017495438,0.176270390044214,0.167913997595128,0.167559178904126,0.158637756571969,0.170184059737076,0.174647020459213,0.163875698854223,0.171544743392149,0.178423566903751,0.169180071897384,0.169676326194279,0.171999587878434,0.176228219810523,0.160931573200276,0.167955942427158,0.168844029113503,0.179239554369412,0.167289965175528,0.173917574286462,0.17176546087526,0.170202657795773,0.170375095822941,0.17299384256428,0.168707904428279,0.16991221065732
1263.57643919976,0.145886491724092,0.144769730855891,0.156184802822592,0.147774784355868,0.156299331406013,0.150904464319362,0.152014136126786,0.152766472198884,0.163687234450308,0.15045318464077,0.153278909054378,0.15210912357144,0.160637636755111,0.161458066394716,0.150235194852898,0.153413876156993,0.15890498094443,0.159162190794578,0.160871943945511,0.15847845871235,0.154331407005341,0.154982363709502,0.153378239951408,0.149688882641784,0.157723275993223,0.161546618575648,0.157093437989574,0.150767534964031,0.15176072596828,0.144386968077935,0.158615336751363,0.153808882803756,0.150247103017959,0.148472819551786,0.144764829810661,0.151682823961335,0.148229022735912,0.149207527545324,0.153883952304801,0.151369166229765,0.151469844304687,0.156131814753193,0.157379809313964,0.154869827249162,0.153959389876864,0.153763497311655,0.144352445274663,0.158938989442778,0.15237926661993,0.151874744585126,0.153806733597516,0.153169914193204,0.156786340239038,0.164447490663211,0.160133717510562,0.155423958489105,0.157084489932232,0.150120644894029,0.161889335851089,0.161342414464326,0.159561478026654,0.149961662722668,0.151983874613704,0.141481662000036,0.160532391308327,0.163477122841113,0.163591663356024,0.159450237094872,0.166054256792525,0.153661016900424,0.157815903352874,0.149663852348889,0.160459511030037,0.156224844589749,0.158794465353606,0.15324517386723,0.158868646927987,0.158682821130732,0.151452339386458,0.156556765514074,0.144429885386792,0.157329313206519,0.149194367393625,0.160206633960942,0.150552848509993,0.149702219972724,0.156718630200089,0.146411919355393,0.161890946467848,0.150995905219902,0.152398356280673,0.154219660832661,0.150179238248236,0.153953024260068,0.161075621845789,0.164951919154297,0.150445575838091,0.155456923672269,0.153345153400734,0.156134352258469,0.15855063725643,0.159239443781006,0.15233470821966,0.149314757402379,0.153995586188865,0.154597706125809,0.154488779461742,0.14717535693966,0.15995685939749,0.157212826217113,0.153427582273738,0.16843706089516,0.147709920487226,0.156906305690206,0.150721835041105
1266.4897106839,0.139252134480308,0.150928388989069,0.140631786560926,0.13936964815156,0.139348915083311,0.131821543683589,0.131077149737053,0.12502813102889,0.129743899100791,0.146366261245083,0.139078830805603,0.136910839586559,0.133926582904953,0.137328890517527,0.127701465186593,0.13026065974269,0.137170983468381,0.127955576175315,0.13702632707264,0.144700413375563,0.136141698549651,0.142117228239639,0.134087160298687,0.146117911890672,0.14239975425066,0.127716248488898,0.140232247509311,0.14241330619051,0.138595442769974,0.147366860010931,0.13534091944359,0.134772340334944,0.1340668681884,0.131365223016705,0.127923321370108,0.126504442588938,0.134209281373779,0.142408499058163,0.134968782079859,0.138116688447689,0.141138888043284,0.143125585320829,0.140318095239112,0.129430925819137,0.140741392261209,0.14852625391513,0.134803449000338,0.139812541906968,0.135819218346648,0.130831403435089,0.142662240615077,0.138888869081209,0.134982865244464,0.142061544933433,0.134543379911442,0.133347258019576,0.139968228826128,0.141107347453089,0.13473601534915,0.132151245623608,0.13657642945254,0.138390381720415,0.140884885125056,0.130262718559683,0.136011467953413,0.145430197078495,0.128731559539967,0.139479353291965,0.13358899976119,0.128770216596741,0.138428253430655,0.146098443544588,0.14424276713702,0.12527601975877,0.139881392832812,0.140989662220119,0.129387787444195,0.135796729416673,0.134802132705139,0.130097493680895,0.133830409992546,0.135527187820461,0.129715616164687,0.139342292081771,0.138872035690304,0.129177954910157,0.14235333694858,0.132157640071437,0.138517522130664,0.137273536296181,0.141926922355167,0.14374473171149,0.126199974737511,0.14271526053732,0.136056845304706,0.146983085055325,0.141395692359378,0.146452381073368,0.13322522221757,0.138665721450595,0.134991519952915,0.130794552000862,0.137771824675325,0.133399706367627,0.141135309975992,0.145179906232616,0.135170647093207,0.140818683653871,0.13726595081116,0.129537871414553,0.132274435080335,0.137400450592139,0.139258856368879,0.141834463955225,0.132078656304504
1269.40094276256,0.147472446558236,0.146341452748482,0.148533510510073,0.137475577654898,0.143366797819918,0.147104772162264,0.138775376849442,0.144847231999494,0.137571246872596,0.142830406528031,0.14573364989528,0.143226875443413,0.146823653029706,0.142480005117882,0.148029496256813,0.154479771891892,0.144961927195522,0.135817020639975,0.149671492791521,0.149830630823951,0.147240133305098,0.144545229439855,0.144133048049062,0.136531162381091,0.150735788024189,0.139889793482431,0.144218722650238,0.146977417702457,0.141017644479527,0.145439680905601,0.141069398706356,0.140404502254518,0.144748038113584,0.14574200989476,0.143713146186204,0.157630117616496,0.136114167229675,0.138324531269993,0.141328641731187,0.139494867722186,0.146412640013911,0.146561390094567,0.147623991161711,0.146661626518124,0.142095863136103,0.146606314057491,0.140497219798492,0.148691539947972,0.144763638914343,0.150221432747344,0.143463118515416,0.138601456975698,0.142775555429875,0.136383775238435,0.143624526302908,0.140705817689866,0.14838597970535,0.149019285215954,0.154165587951266,0.126959368388532,0.154641953323874,0.149358774606911,0.144902468972831,0.150202419538521,0.158325501849991,0.144074570187083,0.144908822273922,0.134280293940981,0.139391030488347,0.137223680202238,0.15505389413616,0.147428435864178,0.151091245574101,0.143589348419542,0.146690748940601,0.148298446321162,0.146915039587108,0.134945808809637,0.149237261866235,0.143448509876791,0.147652079820669,0.140748137548289,0.141483165155099,0.138497148290624,0.139667696686758,0.146383411469915,0.143129469568585,0.156512849461971,0.145198706967267,0.144490800938574,0.150213288557193,0.141841774582996,0.145728317890007,0.136406788215559,0.149470761278715,0.154420681526967,0.138912235336062,0.148885109433976,0.141715237884986,0.144468776239755,0.155255550246257,0.148895136827363,0.153926612059909,0.144944050763882,0.151213595475351,0.145946957576988,0.160341612673215,0.146020181616464,0.147899099327683,0.148374936598322,0.149508699853647,0.141407685213997,0.138414356199381,0.144801358568779,0.143637994456981
1272.31013741468,0.136612171952975,0.132622129991248,0.136814029559836,0.136673714202867,0.1242830590645,0.143606714730931,0.126337039984705,0.137117713454764,0.141658922304413,0.132790867281652,0.13155017295282,0.132457237097673,0.144329479164494,0.133545310869156,0.128766896629803,0.142231405401614,0.137197551710075,0.138804323023896,0.139791465413313,0.13822898793119,0.138284778681935,0.140976889196415,0.138436517797607,0.139000504472653,0.130590970646917,0.131508619267305,0.140198094863196,0.143480749706113,0.12840563970711,0.132051935727858,0.130941295942739,0.142292051664838,0.137900906339418,0.129193500866275,0.133305408958702,0.137881341609077,0.133636899928804,0.143452610170007,0.135062687563941,0.143589026278811,0.142225650164934,0.125618876411479,0.133285205231431,0.145851446533369,0.13644593437557,0.136421734447898,0.140758372720698,0.140887671629944,0.135814607309193,0.129194392246549,0.138846333172127,0.136708707585859,0.136051317066447,0.137717506100005,0.139509117251845,0.133358908119366,0.13997558134319,0.12747119316119,0.123193209118984,0.143585915205484,0.138153555285342,0.131366611483352,0.131661782554973,0.145558042705822,0.13866505707897,0.131963685355855,0.1342080704277,0.136197925331185,0.142983705889636,0.135302286158854,0.130227472469306,0.135733803828229,0.134342020457712,0.14713497813664,0.134359671030344,0.134972799623876,0.139600192308625,0.14016076376534,0.124425653031183,0.142631699237247,0.133271389018562,0.128335113632859,0.134625949537274,0.133333729781248,0.13776123546198,0.129155981692072,0.14013060009355,0.135305277154225,0.134718515450977,0.135615303153464,0.133329763690209,0.137806098465817,0.140487044428396,0.142682539264948,0.131056013655613,0.123217612356142,0.141902334414111,0.139897574287645,0.132612789169932,0.140864217531503,0.13874471737339,0.128583763548435,0.14157398015376,0.135504311197408,0.134002422057306,0.131724946246626,0.13887045601357,0.144630701555395,0.134509950181912,0.132205873701275,0.137692883518165,0.13410398988598,0.135407391158927,0.139034500844075,0.132020685261371
1275.21729661658,0.12363915178921,0.124288117938634,0.139280046187394,0.123416689915921,0.128317672566265,0.119180138193431,0.131931616412064,0.126154679213104,0.120590361966803,0.122217325800539,0.129134879661049,0.113424965749312,0.124244231614518,0.121908590650675,0.123074000742667,0.115836732132247,0.120854728429825,0.12118518482234,0.128310286055841,0.12825576803283,0.122289076617139,0.139054786435076,0.127860251562851,0.121216032977942,0.123355370857214,0.131793796543878,0.121758304329276,0.11847519850481,0.121174126411881,0.127410839461983,0.125198299520573,0.117382700764719,0.122842008836652,0.123507288438813,0.127719201535627,0.117058440975441,0.125679956840413,0.127474304099865,0.116171066232869,0.116279587026082,0.122450920885733,0.125889909512994,0.114082887113664,0.123718875186629,0.124870599441611,0.129003222676973,0.126337474204208,0.125554136970564,0.124161592031435,0.126749503032427,0.120130438685309,0.133210766982288,0.132563182243245,0.11966597524323,0.11669520867189,0.117846061687764,0.120711347129168,0.123394335696583,0.124009697758902,0.126960428019154,0.127073831263752,0.120357008749124,0.122206717414169,0.133817692894807,0.130854267779431,0.119861097636073,0.13229501183383,0.123360166460394,0.121633633252057,0.116448291371306,0.125048683337327,0.131650042350392,0.129678763540552,0.128798613112445,0.119301603336096,0.116766478996711,0.117167499875206,0.125009557683819,0.133970940835091,0.126011501883874,0.118356586691887,0.12309781695061,0.123941067318358,0.122229674365391,0.129900209244602,0.130524503212435,0.130114033025084,0.126973242504723,0.132831344575431,0.125138184072505,0.130382979437685,0.118792043877287,0.12369127643754,0.116707498426421,0.123079437522565,0.129568163192809,0.130691798091208,0.120578383308581,0.125719123480982,0.128959971527182,0.129815196575017,0.128843869371051,0.116617148871434,0.129302442675365,0.123897311968503,0.127152457159236,0.124459738301766,0.128400710922163,0.124406509192275,0.12261063316702,0.122595988351034,0.129503790489736,0.119926199796022,0.116884711780266,0.126342861648367
1278.12242234198,0.121809545666589,0.13101793232463,0.116127214553243,0.119922575323179,0.122686952339523,0.123214860811651,0.121100825723576,0.121143927234577,0.103278262884249,0.120335575080212,0.12459013721611,0.127487516378937,0.122317751889394,0.117869472725021,0.122814191937617,0.125926527023726,0.11954714789887,0.118222134684951,0.129177366692394,0.124771154076903,0.123653105832067,0.119127105251015,0.124353185934212,0.126440507441198,0.127954072652031,0.125052748107188,0.127907065713115,0.127905616205663,0.124695499056388,0.127693582363449,0.128217107800916,0.121431311524092,0.123136478671659,0.12325657694553,0.130698334836555,0.124933416809095,0.115536502893092,0.119084129992109,0.137935033529321,0.123098226806232,0.127750577700578,0.118217133821411,0.126285812288434,0.125660293636462,0.108988277041123,0.122696340987202,0.127703874982492,0.124227686207441,0.124451587230934,0.127590853877956,0.135606925364266,0.121652973686651,0.13930485693824,0.12424889605426,0.121950720850576,0.119780030380689,0.12969708958746,0.129694618458266,0.131410061423454,0.125065358811557,0.124103092737315,0.122767661736346,0.125170753297919,0.120993001855623,0.125743202439661,0.123912069892126,0.116673056472552,0.126388275839364,0.132452056308036,0.12711356912811,0.12042406395459,0.128660871466902,0.129964915817888,0.121963562407922,0.131060630903345,0.11269261208941,0.127697426222605,0.123083241544473,0.130985123734087,0.126302160377437,0.124608294225233,0.130549629239799,0.122033476259554,0.111675160545,0.122589937530685,0.136275246770258,0.12605128027762,0.128836242702899,0.124514023644439,0.117353218779323,0.130123268440411,0.121196202262991,0.12892922355333,0.123000707429962,0.127736854726068,0.122676388605537,0.118397000655617,0.117050753034359,0.121034390792951,0.127034522644267,0.121435078763924,0.132359406383195,0.134991218197401,0.122032489058131,0.122536288159132,0.125266597425772,0.127416136246641,0.12592925430373,0.11649661010225,0.125060391094939,0.127245651450672,0.128685255278606,0.115851138102512,0.141732257976939,0.121752004931387
1281.02551656198,0.127411812003381,0.127002741610748,0.130061394130633,0.128901020492243,0.121901921091833,0.133700412230263,0.121411553937374,0.118303276560271,0.117029082448046,0.126060395199194,0.129141225060195,0.128324861855603,0.133600235220537,0.137148365991196,0.126360263559947,0.132214202553211,0.122004851557423,0.126117834007059,0.125224523917406,0.132095324587462,0.120688185647298,0.122135587501535,0.132803608090748,0.122364021714231,0.117510645207157,0.119402541530707,0.131927008974816,0.117441228037272,0.124464819687075,0.127985080208021,0.135074251415391,0.122807946659544,0.128372028056696,0.127356123124617,0.128337906952294,0.127404113411428,0.128453142308293,0.130734510106645,0.12565132902905,0.128300618825435,0.111335647540609,0.130167781447534,0.127670944070288,0.128157314933833,0.123322335809181,0.123016517201489,0.123638096725246,0.129909065970956,0.124750269584369,0.128440863426516,0.132643797611977,0.116020889817184,0.120232740607086,0.125069505678674,0.131616810363888,0.136981161636819,0.125656857171027,0.120178070584641,0.128956311916548,0.120997994067371,0.122761086345642,0.113921450453435,0.13569778833991,0.140967037939073,0.126023206806013,0.126895284707274,0.131238427779419,0.131065450923003,0.131080992619331,0.125218468700221,0.136538434183331,0.134911969985343,0.123123121315166,0.126082709739848,0.125320997486174,0.129270081270683,0.123650029107756,0.133280623145112,0.117649192561068,0.135325295410584,0.130868692575877,0.129189083747948,0.119586722028749,0.123303777149314,0.122877838374789,0.130007732832719,0.138211486137912,0.116768570274203,0.128009293387008,0.125141439571571,0.123979489151359,0.131637672392862,0.124815467004603,0.130396407186367,0.124718445830567,0.126836220704823,0.117587808706487,0.122239834294122,0.127909259736983,0.126225796097037,0.121177490087611,0.136424866174519,0.133632421124539,0.124998106635345,0.128281622481939,0.135173022458398,0.120074916074027,0.131166714904331,0.132080532216135,0.127519036782455,0.125324891506235,0.130570509338402,0.12643874556794,0.122878149304596,0.125257665542308
1283.92658124513,0.109692134964279,0.107403508999677,0.113469616891417,0.117838136200143,0.0985532898298525,0.1173525924991,0.110598500806113,0.100342229903552,0.104553257753642,0.111172321855211,0.104836655865597,0.122002891950273,0.107492270563141,0.112527731015358,0.110929422104271,0.102579401319003,0.116957880304075,0.107440055589001,0.10894075749126,0.11458815243259,0.112852242351073,0.106047012232265,0.11899466817386,0.124320307128066,0.105463521846727,0.117007833370011,0.120459521384206,0.109675233571825,0.112423852496385,0.106986139328958,0.116775240513715,0.115079512882949,0.116627887657489,0.109214058235806,0.108337443512304,0.106066260219813,0.114485951253122,0.110450882353776,0.121066122079119,0.102099847732705,0.105513056157148,0.11349958755009,0.121486364253367,0.107691551102836,0.102602448015192,0.112314997001462,0.117404843393461,0.110831924601816,0.109868460204022,0.120559072658413,0.109613401511908,0.110935655425457,0.111390720884488,0.103273014565679,0.105528361118955,0.114954691441905,0.114564964739821,0.106850472035199,0.112813031068953,0.101127140581577,0.112787326100315,0.102938380200177,0.105225480195426,0.111218639094044,0.110164828976542,0.113203936629083,0.117828974223471,0.109504748484224,0.109203441562321,0.108030683271716,0.106291538141793,0.105874570453389,0.114643299334198,0.113792953571176,0.111383719753721,0.115978824294893,0.108807052978891,0.107142843701376,0.10595793694242,0.104555139644153,0.105672236963682,0.112400446247419,0.101803996646727,0.111685441826955,0.105285453431416,0.119375733387607,0.11200696476005,0.108998793923396,0.113807214410223,0.110933743823152,0.107130436940834,0.108902976480121,0.108046410187397,0.117570704048352,0.117317867547362,0.111680576480098,0.121159747478265,0.104580399882616,0.112792018627395,0.10714782605093,0.12579701127285,0.110195922207979,0.120218252224031,0.105903688731987,0.109467875570059,0.120449832704927,0.116539893093489,0.106714683681878,0.105619557174764,0.113026535285663,0.114092488987446,0.115755311718284,0.119667979621888,0.112775044392172,0.118527700125736
1286.82561835737,0.0797857100217207,0.0867379328578128,0.0903437805032943,0.0899854709762306,0.0940240771442182,0.0843715854621478,0.0876015503068956,0.0829305758263941,0.0744176141218842,0.0729580779047625,0.0842829117813883,0.0826045144086184,0.0868936383660893,0.0857477234501077,0.0879132828201712,0.0822087441079434,0.0834761861674968,0.0866013652821097,0.0851548028121062,0.0825098600548289,0.100145422866533,0.0916052692790516,0.0850990172002465,0.0874040118920733,0.0810622172228587,0.0751196298844856,0.0913673445617601,0.0906215993193739,0.0799771360784537,0.0903653457666528,0.0864498704206672,0.0826991634041226,0.0900962959037085,0.0856540458744913,0.0920894677181894,0.0858200980413131,0.0846117980073315,0.0945074101645905,0.0884757241877345,0.0872811098733974,0.0913444987010128,0.0851770565480079,0.0822900433445741,0.0943449916588422,0.0872856602804474,0.0977617920806447,0.0921373793017206,0.080995200172581,0.0895708702581433,0.0875569931671,0.0947310501140179,0.0875708934807533,0.0950260520292407,0.0857951894327832,0.0844009933712068,0.0842179113779802,0.0926198097335851,0.0858919921349042,0.0813365524746431,0.083991563084588,0.0779809613237517,0.0839175116368727,0.0866331318329277,0.0798398391953921,0.0830123745068083,0.0866053632659046,0.0896136661280854,0.0890465936690801,0.084562805610326,0.0897591238808244,0.085327757808418,0.08227648391294,0.0864093428151909,0.0818108510326972,0.0772125274152967,0.0842267757106907,0.079927275153351,0.0898250363153081,0.0817360170335425,0.0705225821801034,0.0886224405493223,0.0856970981959878,0.0823863289738486,0.091963709892876,0.0795706903272597,0.0808718299067491,0.0809472240999711,0.0883708970958032,0.0872734000845489,0.0790239063497881,0.0876118363495159,0.0909944315683523,0.0874321845266337,0.0883511371493943,0.0780893646748312,0.0854915754739869,0.0842991876850518,0.0891072056530395,0.0905336409840309,0.0858635418572136,0.0860694055570962,0.0855994576481871,0.07829740382552,0.0895094544976094,0.0862956547189156,0.0848464993375758,0.0831793962291636,0.081722184947459,0.0829910384989149,0.0908837806802268,0.0858727626867017,0.0820837657106112,0.079799758609249,0.0851968335941771,0.0994055143012699
1289.72262986205,0.0811724172207018,0.0902774559135894,0.082494717727895,0.0919466266138839,0.0916537920419973,0.0911261910981473,0.091650447170077,0.0876817704722117,0.0892661921677221,0.0879363876512114,0.0845851052188144,0.0845730275513203,0.0861043689783592,0.0887910984456727,0.0947411091503967,0.096145485862025,0.0811304554306148,0.0836743460605505,0.0860574276799217,0.093641037860263,0.0787723295624897,0.096278921188488,0.0941195238983301,0.0839021831742977,0.091609653572439,0.0922234276234189,0.0863299471715189,0.0817976660694264,0.0937407372660361,0.0912301360815766,0.0922403343250215,0.078205146007287,0.0778226166848026,0.0914086584606387,0.0860118387206183,0.0964376282899461,0.0931655938814778,0.0839870480078986,0.0822599732425148,0.0892603803862567,0.0821984464309621,0.0828400125549401,0.0847846784432552,0.0853830689219524,0.0881606251820344,0.0903876123286787,0.090275102231857,0.0877795713988159,0.0855566806637539,0.08078582172105,0.0755171028454232,0.0868072004164365,0.0813602390846601,0.0952620978343165,0.0907934287478809,0.0861870990556062,0.0891492883368822,0.0949568157517375,0.0937043095392141,0.0930373064371613,0.0815260187656856,0.0874373440439399,0.0788417253052821,0.0921901816775775,0.0843957450983665,0.0847716529353068,0.0871965219318813,0.0942973832303006,0.0959726002861081,0.0895311196799092,0.0834668105520582,0.0798658864536101,0.0949660659756019,0.0903356996330526,0.0911963104591548,0.0921394813593379,0.0840107025951822,0.085732714088656,0.088055251813017,0.0910226726060785,0.0759218655424414,0.0854665336860534,0.0903797364146666,0.0895580229579965,0.0923541171774601,0.0768185514785934,0.0850274565948354,0.0865167009399393,0.0934779404976267,0.0814723195698013,0.0922090998552504,0.082729360095717,0.0849978964629865,0.0935874930878057,0.0976045672709001,0.0880228315218491,0.0911687380457252,0.0861607814303241,0.0930360470530889,0.0800975393381967,0.0880022522976568,0.081575209609334,0.0879337766386051,0.0828129601162039,0.0833332341321955,0.0771044342764442,0.0812902799229182,0.091937993120348,0.0882260422698076,0.0846163376002361,0.0812381027503393,0.0877691810400705,0.0882440332244519,0.0876787536585909,0.0808316939027425
1292.61761771996,0.0873403647586757,0.0986654897981733,0.0964657818179081,0.097168618798098,0.0984292993856121,0.0984269189892003,0.0935882021591675,0.0859583266628129,0.0902031662109186,0.0969547444313567,0.102536203634564,0.0937198790576629,0.0908247368684663,0.0826283749217685,0.0983235382614896,0.0975700531786233,0.0981140570685588,0.0975741495501614,0.0934074245815401,0.091281395106462,0.0969907531173588,0.0971408235809486,0.0922867676068232,0.0968384986001007,0.0924908576131831,0.0898557644466634,0.0957291677604926,0.0998794047135357,0.091396675297068,0.11067293269797,0.0925695614498003,0.101061501109214,0.0940555930825554,0.0830625073950229,0.0970572243787174,0.0935318709433562,0.105021985970726,0.0913422170909449,0.0936303802768695,0.0842081555490431,0.0997985704957589,0.0974762795964627,0.0948670750609222,0.0999489200636798,0.0874264476941186,0.0984655267854109,0.0993040202625911,0.0934961199486424,0.0924012779775347,0.0964216884262454,0.100805650556712,0.09788670917347,0.0967537775875865,0.0955801524462426,0.114251841930176,0.0903452485822225,0.096006945816763,0.0865682531328723,0.0863556601552941,0.09663981243258,0.102901382466102,0.0984770783837734,0.0948014053747283,0.10127092084912,0.104626767792949,0.0985540476013793,0.0996036706276264,0.0891680897253516,0.102956179170602,0.0991494549765864,0.0963445884602252,0.0877822130749403,0.0859648559764621,0.0955864474853488,0.0849464754060634,0.0935427038361907,0.092965611422834,0.101474071931439,0.0965648142159355,0.0940845421487029,0.100663881012422,0.0913099325308632,0.0929022457812433,0.0925701337938315,0.0997259454048938,0.0930021673983054,0.102088391270983,0.0959305301090313,0.100764708071514,0.0978843947475063,0.097887040724989,0.0921365345685019,0.0985411973417143,0.0955527684248752,0.0913302412011903,0.106575468590127,0.0996873167498864,0.0881220465293871,0.0988481962870766,0.0920655222581487,0.0975172781395249,0.0910886201748892,0.087708750477986,0.0981943861481796,0.104402469170161,0.101508727575287,0.0886322959402732,0.0988637391095705,0.0994784271784676,0.100789586354941,0.0947059213918908,0.0993930368929033,0.0977832648657439,0.0918091730000185,0.091922372047522
1295.51058388929,0.117378360027443,0.0957715687474803,0.101176895839699,0.103483991597179,0.102527066949572,0.103052848168205,0.0971258684500114,0.106938354124413,0.10453499305053,0.101098667578708,0.0964430068407831,0.0973623142886017,0.106004851385431,0.100868540912481,0.103542775015838,0.0979153162194363,0.108666899401211,0.0984635216080771,0.0954017099883358,0.0986512557371971,0.103832093456422,0.0887322458301587,0.099696589461195,0.102665099600768,0.0966067320814096,0.0999433541295764,0.105137692239472,0.105060146245644,0.0976574513716468,0.100633829043762,0.102208554908859,0.108380124399275,0.0960495842204585,0.105116659711062,0.101159340840143,0.111205277865087,0.105362552019782,0.101955178237754,0.0962211826585049,0.0948710639455961,0.0984699242876996,0.0919764551338362,0.100628275226994,0.0970219924041351,0.0937140778894415,0.09497080113879,0.103445583798251,0.105144386647486,0.11010480812081,0.103326335993897,0.0957181200435439,0.101983042626746,0.103011199036024,0.0915979104950062,0.106908187792396,0.102141995402096,0.0990721558942293,0.104929018057152,0.103673716104826,0.102978028336354,0.100524641627694,0.093968980445014,0.0945831600709405,0.105442706541844,0.106028792249575,0.0978151346770796,0.10104631616228,0.0949842760489838,0.10052340144439,0.10823095064639,0.0945025245882801,0.111455965945481,0.101128137911472,0.0992050371354641,0.109344394541002,0.0954985531677256,0.104631235289732,0.105110367503881,0.113807383734785,0.0977010890572,0.0999172534128817,0.109292000020281,0.101462744458241,0.0993776804817366,0.108191494936073,0.104821885167827,0.100242231832271,0.0989202380181814,0.0882085144572999,0.103035210919677,0.100360159962807,0.0967359425425616,0.10328415607606,0.10354220610672,0.0982397179985357,0.0997397736096765,0.100564410691057,0.102610377645658,0.101919902730255,0.102381525929835,0.104337009438916,0.101693821321073,0.0946223111499417,0.0990520268115872,0.110740461904334,0.105568929789038,0.092186824485356,0.0969997836744673,0.102002095533466,0.107124616951733,0.102700605580294,0.105097242817301,0.0991911558933333,0.110701366738586,0.108953556746745
1298.40153032568,0.0901597206832232,0.0848219630863947,0.0764533249768549,0.0783788534285036,0.0883614831720623,0.0760145302254961,0.0784077536597018,0.0695720982622937,0.0669408350544532,0.0764901701694125,0.0679092535742697,0.0773032714370827,0.083795274830053,0.0795465213507423,0.0887009268648229,0.0824822078063557,0.0741487735151013,0.0847151156098567,0.0888213664620233,0.0833505156785831,0.0786921101084022,0.0852464228175994,0.0761577418883639,0.081667523513499,0.0819186287214081,0.0770315609603817,0.0905099006475086,0.0790504176621898,0.0754546688591803,0.0709434398532846,0.0817685184702159,0.0830058602436518,0.0854488061470057,0.0739963581965287,0.0790651899138919,0.0817946931262568,0.079917706122692,0.0752208368948128,0.0801453116502166,0.0752147017483917,0.0826687647124162,0.0764132724238019,0.076084926965051,0.0804310295857224,0.0897620461186349,0.080455109826561,0.083112592428141,0.0834202067596729,0.0865897320838182,0.0741855208560048,0.0781604365905512,0.0765045191672001,0.0759241602735083,0.0854703671766507,0.0803170052542562,0.0823411476292423,0.0896553573904497,0.0834625446259414,0.0793581454475156,0.0755201140305798,0.0830364717885902,0.0782048952201309,0.0878996350464895,0.0817527374707511,0.0762224457645857,0.081478716065845,0.0750635787197076,0.0756569152983465,0.075921453772373,0.0774284100457462,0.0795773603232,0.0819217775711342,0.0806175253807189,0.0732811015857416,0.0823237245626679,0.0735619138272049,0.0736285446800988,0.0927870554060701,0.0868976350365766,0.0795178244367846,0.0845323651131455,0.0677408368595039,0.0897556826041872,0.0759081372462909,0.0787198582352484,0.0811166597116258,0.0767867566819747,0.0794020682057832,0.0821003055975489,0.0706264400975072,0.0798075030470524,0.0895695847846132,0.0761007132601049,0.0831094244071157,0.0799088810033251,0.0835277072205094,0.0927071491555906,0.072481708686962,0.0708995771324062,0.0855668054450172,0.0879063541458125,0.0717238637252281,0.0785136044588496,0.0762355634283964,0.0821468987139663,0.0785728187337664,0.0854446301138313,0.0780965934776554,0.0859663647610219,0.079549059215196,0.0810982676114534,0.081165471329359,0.0794422848400736,0.0842536423480444,0.0844771153953743
1301.2904589822,0.0836299702969122,0.0835604952137051,0.0860914680010884,0.0868814276330074,0.0785051704964441,0.0811965847464894,0.0809046403389323,0.0667969250278071,0.0802210729844263,0.0773978942071279,0.0907002454176237,0.0820688051268014,0.0830456541321044,0.080459367002601,0.084717845204151,0.0725030749644053,0.083110629552774,0.0764015138492951,0.0774221110058677,0.0729195324621526,0.0801307878251993,0.0823163997746684,0.080871204254078,0.0765609040014409,0.0822911809682379,0.0806446431038736,0.0758917014053665,0.0874778119116851,0.0736759628001581,0.0762156110834113,0.0821269880591084,0.0764047501528987,0.0819822321893102,0.0819597565147068,0.0730248673014916,0.0854136145920529,0.0824735232851733,0.0782733400803705,0.0816560418730404,0.0799390902341933,0.0757898036852636,0.0730526003413678,0.0829479786821237,0.0758824805712406,0.0712550926614811,0.0797373669366371,0.0725830496170097,0.0880878086204276,0.0728489286401833,0.0794705104475263,0.0796035105524618,0.0800824569063526,0.0752070720450694,0.0842009294669293,0.082346634524775,0.0832579642242831,0.0856792091639399,0.0827428689885076,0.0840930764012285,0.0867849298340574,0.0741984780495882,0.0790810101238281,0.079607227087744,0.0810255441979343,0.0867937862793478,0.0646137138933767,0.0787205034702106,0.0793050448225293,0.0845981506129327,0.0854366691920391,0.0799368912303216,0.0855224438778162,0.0859186283627595,0.0758248776441937,0.0766502362135613,0.0918338383370498,0.0836930696522946,0.0799230600073186,0.0730828760137797,0.0836989259671211,0.083262491494532,0.0807805392048065,0.0780585131084021,0.0832761252614242,0.086120696860095,0.0951427711236968,0.0765814199946076,0.0791943129734552,0.0802940372949208,0.0779435413577503,0.0731928844211111,0.0786662347155956,0.0693002939224958,0.0719817227028083,0.0714686355715507,0.0849938591407479,0.0733831334114768,0.0810034703914222,0.077291335188315,0.0909176284505804,0.0806810927949745,0.0726082021647964,0.0794146545122626,0.0717296141663211,0.0803152241325909,0.0789029349866493,0.0770850417159594,0.0751530476433319,0.0808638731095651,0.0760559470278332,0.080888494439424,0.0836549891452224,0.076528040466674,0.079124549523225,0.082117020888022
1304.17737180936,0.0723376988314911,0.0661783317024897,0.0821079679637278,0.0710084926002725,0.0783326739167998,0.0713568564483999,0.0722787602060621,0.0645720212830641,0.0747715224786439,0.0598645109107378,0.0691352428541938,0.0736103481743703,0.069656433890245,0.0689142220925417,0.0802022058813666,0.0723333877242808,0.0759820680610467,0.0686403804335244,0.0633501298265172,0.0630384182555853,0.0626017342595773,0.0701163430927819,0.0720163488667155,0.0769404548780752,0.0751482091765619,0.0658690942128657,0.075176346200692,0.0706322537386135,0.0762047192535489,0.0678443007190774,0.0671775803320605,0.0708855353915493,0.0703053679260889,0.0714814185230217,0.0755511837385781,0.0738859175425542,0.0630860802414765,0.0694247879699181,0.0672468436101042,0.0673424898137984,0.0666929238011017,0.0760630810529066,0.0719571969287218,0.0795478916607596,0.0700194601181295,0.0608290852103477,0.0685925433840116,0.0755357068586683,0.0688825426125976,0.071108127062403,0.0740027153237273,0.0723744525612677,0.070195995088564,0.0592379854733883,0.0700809130635605,0.0771001849310088,0.0789972567066879,0.0765760200724466,0.0773312561933426,0.0707969478791992,0.0680704397104875,0.0697743550358378,0.0648498350255469,0.0792153279988944,0.0656188089670509,0.0730524588668824,0.0675724637885006,0.0714800554643063,0.0622343511772702,0.0776067873377123,0.0764876533160529,0.0744709844693163,0.0736623819751529,0.0729060837439732,0.0655156908037334,0.0758922331427259,0.0662159665965556,0.0676198713598909,0.0712728303655203,0.0726233262080256,0.0700672070875225,0.0789445038142663,0.0674674524796206,0.0760515618877377,0.0696791859832187,0.0747376083285711,0.0623336911399172,0.0688099645260294,0.0693761796934319,0.0632657531318645,0.076766509898025,0.0725899071804619,0.0724211890698031,0.0772672614845532,0.0712723754595246,0.0693540949746585,0.0688249666033972,0.0715758283673688,0.0715925817106975,0.0674763587020619,0.0664335522892886,0.076208165876494,0.0688097535173823,0.0699247101043696,0.0675744573226724,0.0760291792959234,0.0752449391845815,0.070569972684448,0.0714023659209772,0.0698373971445398,0.0702715699232124,0.0705231035339729,0.0660256293578715,0.0767373025374417,0.0716790608324462
1307.0622707551,0.0642366594161031,0.0584846013664946,0.0694103768199463,0.0594809291773196,0.0582849450209486,0.0556218444848893,0.0647232422419274,0.0564135395003572,0.0704027910420995,0.0618781136471071,0.0625472351395344,0.062956666852676,0.0579276434417847,0.061715652515304,0.0512863143391914,0.065096418094301,0.065106678222943,0.0641443543858289,0.062164368553806,0.0747674787413512,0.0640605448697118,0.062839487258087,0.0561108444057299,0.0658298545472947,0.0588772649010883,0.0749130644507907,0.0648525663409656,0.0570241727004827,0.0669243250359548,0.0633060400140449,0.0659150827785686,0.0626956381126305,0.0602827737850021,0.0631838674889451,0.0641822846483098,0.0612857164659396,0.0607228787257722,0.0605861987940263,0.066579513092577,0.0601715285733272,0.0704176348956148,0.0578777681817385,0.0696375449175258,0.0640802772841162,0.057465745748011,0.0650950225084167,0.0657002905475804,0.0656854065542373,0.0698084365578488,0.0709500258778136,0.0619007955187739,0.0598354604950725,0.0700365009502379,0.0569109468810569,0.0660785614349968,0.0627780563416247,0.0625492593861049,0.0589593251250331,0.0596207706108739,0.0542737352360558,0.0646525011587947,0.0658424835206781,0.056038020485415,0.0566482818964766,0.063830452159274,0.0707376642751586,0.0613728407232015,0.0636650086332534,0.0642778674411709,0.0621362761852352,0.068684261173252,0.0601712920147367,0.0592202986411993,0.0579576884215962,0.054938445857078,0.0626767504232441,0.054691535113431,0.0542256270443945,0.0651113143580342,0.0604672797459297,0.0639345724739542,0.0677461118545509,0.067299246008367,0.0612654626335609,0.0630055426890271,0.0592628231884018,0.0583650262185625,0.0573633804640202,0.0670529259040351,0.059332137810733,0.0664217831977924,0.0601006691728183,0.0639892130092738,0.0645196610705876,0.0617548717495055,0.0631108723547336,0.0566259091253739,0.0637912322247216,0.0637040154921537,0.0645392619315062,0.0695056017709527,0.0662899694002444,0.0571183053724643,0.0697444699364545,0.0657630790705083,0.059774949239791,0.0728726385414361,0.0687473482947845,0.0575819914472527,0.072929816353494,0.0651475740963627,0.0557842416404746,0.0642171581044022,0.0705354840502922,0.062868710315867
1309.9451577648,0.0720527705062215,0.0690824444628259,0.0643568553931891,0.0604273926859748,0.0661942797881003,0.0629812852067953,0.055057453308115,0.0666365998324416,0.0601545897805022,0.0639021953654591,0.0693327792790567,0.0677536946293918,0.0643592913344047,0.0599479582088289,0.0630644277959795,0.065491527692247,0.0660480776975525,0.0672535692009238,0.0593791916724327,0.0649065293447881,0.0709518495507013,0.0648530834791788,0.0711737166755417,0.0618486021064804,0.067342979116841,0.0655686903206953,0.0684319181149985,0.064405396967326,0.0748450816291294,0.064239388002925,0.0608334474101967,0.0657738816659122,0.0639711003012926,0.063036883556144,0.0677980266912575,0.0654762693150269,0.0600166614690658,0.058254557739723,0.0626262148005815,0.0719659237466937,0.0730387535764933,0.0630282542171807,0.0629974195231575,0.0699535353949718,0.0621836385778569,0.0616497486167237,0.0622741586852626,0.068228523030618,0.063149811903812,0.0680705972608734,0.0628314732214209,0.0688227576726435,0.0693490697938421,0.0653682856822111,0.0670384724313698,0.0653593800671354,0.0743528144138086,0.0593613050724887,0.0665777223728398,0.0601160791947202,0.0574644094801132,0.0678220039097165,0.0661219265527044,0.0636024331288866,0.0668963836747576,0.071661908714581,0.061767884529686,0.0624217145194192,0.0535789160830251,0.0608849171870707,0.0663464313588058,0.0643449306437854,0.0689434338463339,0.0610794116071549,0.0651617141298685,0.0576198149491722,0.0647865384531743,0.0738820436608475,0.0589601630253332,0.0652236832673556,0.0572695664050638,0.0609685957842924,0.0726217217592842,0.0573063987881316,0.0758576736447227,0.056918873587428,0.0603517824277477,0.0614747365946791,0.0604472933992819,0.0570188816952118,0.0625156512225155,0.0668902721752161,0.0687825897312486,0.0659985150850743,0.0665197483932368,0.0651600753451345,0.0619255428525816,0.0696229022732882,0.0585760605646577,0.061058706448556,0.0731286416488782,0.0666635278178951,0.0723079294075884,0.0663446752767203,0.0655999443216908,0.0681692860980929,0.0585768667569868,0.0768350482960069,0.0628876555305177,0.0634492471477724,0.0671614752209861,0.0701621591337812,0.0618763300356733,0.0556018186143679,0.0594604090736671
1312.82603478133,0.0867720839999664,0.0727007159546835,0.0854866325806805,0.0863117447389165,0.0837878688102407,0.0843089718354743,0.0899329542470778,0.0844346913310094,0.0852542435980107,0.0681076453575303,0.0825431328231655,0.078075831344674,0.0763016392636313,0.0777053140637819,0.0813622854076947,0.0800518484922055,0.0814897676849704,0.0703731981907548,0.0802107314828306,0.0869161244680008,0.0805646922933701,0.0827079358569399,0.0797293565729681,0.086354336657192,0.0801193002197716,0.0795029935696955,0.0757618906212336,0.069107157184968,0.0806270250947916,0.0842979176325486,0.080927461065414,0.0945951939994455,0.0884947940332484,0.0677844469936969,0.0778416024994964,0.0675119991518636,0.0807256719504186,0.0694682534052063,0.0724150794337179,0.081604088405895,0.0745564297279136,0.0713695020417231,0.0855989799683789,0.084041189158124,0.0793184541795142,0.0868942682640743,0.0827984760255829,0.0837036156165559,0.0749456542568488,0.077219755517867,0.0805930893520032,0.0799720678089854,0.0778172396201336,0.0840714363953092,0.0823143484809512,0.0788498608846982,0.0807354632820445,0.0826935009634163,0.0713533071571938,0.0894146342225688,0.0767481644876483,0.0907340079108454,0.0816121222171737,0.0787644795136663,0.0764314695139034,0.0758253354229227,0.0725986498304259,0.0743119837475906,0.0767136803992417,0.0809572393649606,0.077111753630705,0.0804756215465793,0.0808728422428919,0.0888385819569318,0.0863376679842097,0.0808210076132182,0.0802942783264868,0.08749166821457,0.0844417613689133,0.0825308035338069,0.0940157942289181,0.0762544507272536,0.0790507433110011,0.0831037777326075,0.078962436209851,0.0851999071451944,0.0855892607237514,0.0698854490751256,0.0774598661979899,0.0826246045151285,0.0757623643548412,0.079577817137122,0.0912064596591906,0.0827975122972367,0.08392040061404,0.08323169246077,0.0776193943922606,0.0732882999873519,0.0848104515523384,0.0819598428033773,0.0902850704006835,0.0784112507873376,0.0842177760442849,0.0683376689338553,0.0894694929017017,0.0642546740773185,0.0838903986994797,0.0882334761778502,0.0834964068137126,0.082428536892433,0.0878271659010578,0.0823943829018719,0.0877680880012433,0.0827498193478972,0.0830216999562445
1315.70490374496,0.0521892304781224,0.0558973860376218,0.0466476567724323,0.046636727673706,0.0487228298119113,0.0524995100950012,0.0378777190349977,0.048750361132827,0.0461141621391569,0.0511591624333955,0.0364312449476042,0.0498087737326901,0.0448052616000286,0.0358444637026207,0.0568169961543592,0.0505250871492646,0.0561547223456832,0.0501759671531686,0.0506207008958773,0.051695727446113,0.0484371236809699,0.0459846550205724,0.0459315340485496,0.0489885840039442,0.0477534730084144,0.0496162098400914,0.0382167551754305,0.0512261924321117,0.050962337131882,0.0513916984910101,0.0424957713436903,0.045691823092172,0.0489104508799962,0.0448650561588352,0.0467151122274431,0.0457407977553001,0.0613804336430439,0.0395457153984256,0.0432144377213844,0.0522585298270491,0.0493482006643012,0.0495030664329177,0.0535373339916657,0.0483674672703971,0.0581643481299626,0.0459658846404285,0.0532767505018197,0.0475010114252219,0.0455237686758587,0.0514169009516039,0.0489886643819832,0.044334578935938,0.0534797792921485,0.0472976313836997,0.0508331288900328,0.0476648373410639,0.0501971730064951,0.037822373077954,0.0481945963713776,0.0560194952841619,0.0479793388111969,0.0423071238240297,0.0523275153358906,0.0502171892790653,0.042379546393506,0.0417889537934707,0.0455796076284869,0.0539510980315711,0.0543921556134338,0.0442051998085875,0.0480638014638809,0.0520878197225588,0.0560312790650347,0.0465585069304608,0.0467950568225508,0.0535124157564971,0.051513901991161,0.0454943035920364,0.0445086983321076,0.0447796541236503,0.0455980905559367,0.0441370782869356,0.0542523741940196,0.0477972920956805,0.0419624931909311,0.0446089424792395,0.0400352095453788,0.0547169023574553,0.0542417037740596,0.0572540332354999,0.041877429134668,0.0430335429836676,0.0536229932305095,0.0471172872558292,0.0486357291566614,0.051622230026939,0.0561612892494449,0.048120275790064,0.0417517620384271,0.0424978146196678,0.054981908816688,0.0398443442778588,0.0489774467018745,0.0401982758556406,0.0543862020057643,0.048031258469162,0.0435783381403604,0.0506947930088029,0.0576926283137766,0.0516321550134047,0.0470968635748712,0.0445091046161366,0.0507136044975301,0.0405180542641862,0.0494398805890771
1318.58176659346,0.0473102135155469,0.0423308353134441,0.0443523492874669,0.0470731090030721,0.0464522514869134,0.0421744049258158,0.0356653605114252,0.0379320017047074,0.0423222244040893,0.0450753056544494,0.034696096124597,0.0441614797924171,0.0507196104840011,0.0449494773385253,0.0409615478234337,0.0449633081229806,0.0496136263786684,0.0402969126570647,0.0425016350375779,0.0316060404869085,0.0352980091344358,0.0518514321259577,0.0479906644095297,0.0390148565488717,0.0342118959513976,0.0419261334020753,0.0434300948966605,0.0381970708838625,0.0508554044673852,0.0430723276791008,0.0461991537502761,0.0445120331927188,0.0427662964422803,0.0447494078678669,0.0423395040767405,0.0440086291191523,0.0425949580356993,0.0318312595578578,0.0513757124065331,0.0456698450180766,0.0430893089801999,0.0456714933769044,0.036643272043136,0.0471616749548185,0.0456514745508723,0.0375882843581936,0.0498821384322793,0.044690444371841,0.0416088262920199,0.0414669385034399,0.041269259454295,0.0388302279148735,0.0538992305186389,0.0423184239894439,0.0435719330807417,0.0393781391819127,0.0446522263268077,0.045895832898062,0.0392929462710444,0.0422640837744908,0.0440625495587337,0.0486101387226967,0.0467953216255063,0.0440870531387837,0.0487061795975144,0.0411295915955578,0.0432628052087442,0.0445368415270362,0.0426166297722406,0.0435323882788782,0.0359380164833813,0.0383725408477076,0.0476696910577627,0.0409560031221163,0.0477493601250222,0.0414247733850988,0.0443534021946911,0.0370987188980425,0.0356634682041763,0.0337556201659574,0.0503571222193132,0.0456611604144461,0.0420695843692463,0.0454925575946856,0.0429200860258792,0.0362833172772916,0.0382701652710828,0.0465286544948593,0.0439110969965188,0.0463851469555657,0.0428239005376838,0.0380791069192372,0.045784041583614,0.042067067645295,0.0534330308093352,0.0487344994980637,0.0407256241147043,0.0371131932609271,0.0383061740102501,0.0429266632418849,0.049440241380521,0.0364616621815011,0.0373283462465877,0.0411355029091372,0.049341429941407,0.0494938044852172,0.0461305704303818,0.0390162683823295,0.041184504487921,0.0482017233703148,0.0442082182292801,0.0438262062682917,0.0386356105735641,0.0392754862652833,0.0379752818622913
1321.45662526205,0.0657722860083388,0.075016175395412,0.0682407824752464,0.0654031097443982,0.0732141997164103,0.0893023671650563,0.0716331692557623,0.0714317402474791,0.0797681722571064,0.0688501953059442,0.0816140744694793,0.0793313124477529,0.0725950246127261,0.0752062084210885,0.0733950004927357,0.0644554876906366,0.0650866505602938,0.0765410611748421,0.071412478261526,0.0730875527248858,0.07313850958589,0.0773811266223222,0.0766737363744011,0.0635524599383046,0.0787345093881013,0.0710433678612037,0.0700280461551643,0.0746681106402303,0.0717107664080104,0.0746317850461495,0.0750786310130217,0.0604980914009385,0.0612941086660639,0.0690657298787456,0.0673889679798816,0.0661047847575956,0.0660809202193934,0.0804334287368262,0.0760260428385845,0.0694203375951817,0.077503422456391,0.0784296954116254,0.0738921729544777,0.0776892438189624,0.0725272223782006,0.0700345324140095,0.076967528510012,0.0655805839170791,0.0686257292071545,0.0774158345860947,0.0682870034953901,0.0736792707314809,0.06132284774758,0.0847566172260832,0.0621815330176795,0.0845070557621271,0.0684456160363138,0.0676228593098373,0.0676618865560806,0.0748659576680926,0.0763386358352751,0.0796013117315311,0.0628573537047855,0.0691181944088715,0.073343682599615,0.0716947095202688,0.0738789033905551,0.0810649113895964,0.070774508428276,0.0822178978612245,0.0712843118607687,0.0632234847894884,0.0662187900530923,0.0649167704971411,0.0738816488392394,0.0733493040966013,0.0771806829497504,0.066159750316602,0.0748077530900732,0.0696325313828156,0.0724872529536121,0.0736596412422717,0.0759326677794255,0.0756488835785592,0.0709934017461503,0.0711569230825438,0.0748895371846701,0.0769525214333289,0.0797340958571175,0.0639723805921515,0.0823518612373584,0.0818423896939914,0.0731959875568765,0.0714743904208751,0.0758068155630374,0.0778814362102169,0.0717542412671881,0.0663902627844826,0.072823743528781,0.0832465381442463,0.0790694822906254,0.06285203863217,0.0761413250182338,0.0770703821853855,0.0787029881792061,0.0697136939652175,0.0709341954789632,0.0762971575450397,0.0809416964342801,0.0606482333705099,0.078613102966568,0.0717216623966836,0.0716153297333099,0.0741048383721059,0.0739697342079632
1324.32948168341,0.060914414015229,0.0474915138133457,0.0506999886998284,0.052313921652913,0.0462430796375962,0.059672467163988,0.0503579421908969,0.0433445000007309,0.0540456529726019,0.0421666171027019,0.05210529339758,0.0510980260187877,0.0493821827171124,0.0480134769763754,0.0499669246955785,0.0523825822477095,0.0510534728845009,0.0618013861316178,0.048292654537216,0.0454594236767585,0.043754671560481,0.047787246515465,0.0467099744750714,0.0519575356379662,0.0447884596287995,0.0487641512710869,0.0480108698740864,0.0487500491316345,0.0453009711629571,0.0543192148184189,0.0476211262072285,0.0416481469946602,0.0485957038401959,0.047263932806384,0.0507339902918573,0.0459900334645103,0.046768905480356,0.0478359727362732,0.0534479624489875,0.0558122934696976,0.0439730955152034,0.0518231433855049,0.0478171405208284,0.0447823090714881,0.0433134427158672,0.0434781848555022,0.043125458448876,0.0487922533111173,0.0441183022864893,0.0456358921206003,0.045396544216135,0.0461428360689322,0.0531561893046769,0.0388568375423838,0.0527415908631885,0.0549887021221608,0.0515167532041085,0.0506153717124871,0.0445356498858002,0.0496818572397912,0.0519220454896195,0.048910357468201,0.0454762755844204,0.0384174702472821,0.0527798940501689,0.0527588667528468,0.0523794156664251,0.0470658686638825,0.0479317820698016,0.0476847639220408,0.0411777868194958,0.0484436973303214,0.0458014488310234,0.0423711329045634,0.03984292990762,0.0509618940161588,0.0532950392414839,0.0467729597933475,0.0474473986998169,0.0411826197532402,0.0436321367749387,0.0487421025444389,0.0418504365921092,0.0484876370781468,0.0470362929355508,0.0431725375866662,0.0439606620416923,0.0484129857458559,0.0560111025708815,0.0482949789081985,0.0597488551538312,0.0464007489159304,0.0450060356800541,0.0489497067902121,0.0460446411910578,0.0523785546536934,0.0623522918350016,0.0456093648771197,0.0567497197244837,0.0404942495350376,0.0573214222309302,0.0562444234464987,0.0453209226411556,0.0516540831347677,0.05020406703057,0.0390606995109194,0.0442163431730742,0.0409922971442873,0.053532830211706,0.0380912925102687,0.0505258945847582,0.0457269834183806,0.0378501311903889,0.0433795283188581,0.0485080377630773
1327.20033778769,0.0587185321264609,0.0473999919644559,0.0435304874838638,0.0527834416766927,0.0531417367486118,0.0622642446325613,0.0561304495454118,0.048768993430247,0.0508216798620353,0.0529396728231432,0.0573521558906958,0.0598221560268112,0.0465306712585626,0.0517301555235458,0.0596394181606397,0.0539312099449694,0.0558146728969143,0.0530403460508517,0.0498632912424113,0.0556426084764885,0.0479996841089672,0.0547791040630399,0.060750503174822,0.0529691189739703,0.0457930398373734,0.0475998139406702,0.0452411922243277,0.0465118070313437,0.043077105387009,0.0487634724745275,0.0447929450770301,0.0533669135103365,0.051801195638717,0.0509797844348119,0.0522733752370925,0.0399603864028944,0.0422868334685567,0.0471922992109506,0.0418663358210712,0.052505152036496,0.0594712734507501,0.0591559702332769,0.0542324517003729,0.0540009339875004,0.057264548983773,0.0516791697533278,0.0479250758711176,0.0567817470531094,0.0581376734001606,0.0433664693094566,0.0463915375675211,0.0487399768610755,0.0546838156591929,0.0576135440549208,0.0499154240808101,0.0570882917809817,0.0508919595137859,0.0445331853016259,0.047173606042763,0.0474094363303477,0.0566781903883276,0.0584652594338529,0.0491501350573555,0.0509012861054188,0.0499890268193452,0.0494408454055047,0.0484495018008874,0.0622902737949424,0.0572600880809555,0.0585216459013917,0.0579981045498556,0.0510520447907647,0.0561379271573618,0.0378964994603463,0.0539611054381344,0.0503146042078412,0.0542710806358275,0.0527283351180425,0.044087573677409,0.0421864298083274,0.0571039515854796,0.0464399935001409,0.0603907934639225,0.0429710241089306,0.0469426094508038,0.0551075532730288,0.0514164959619672,0.0461548676039326,0.0623455974455419,0.0653676191084314,0.055370825577772,0.0505780087736131,0.0498647809648141,0.0581490108758621,0.0569138027205874,0.060567030323776,0.0518686032094284,0.0400783126118213,0.0522376936680528,0.0498188388333761,0.0480256179946635,0.0556003977183017,0.0523501174815734,0.0542383130095829,0.0506521873394189,0.0560887202499447,0.0543962954029692,0.0518972554227434,0.0479816755650151,0.0500130769414303,0.0504118648511819,0.0488499628692378,0.0507711357837026,0.0481800514807849,0.053251770058851
1330.06919550253,0.044868285802879,0.0381790368345905,0.0494587608252747,0.0521805000904713,0.0498402479061432,0.0444671028946628,0.0566129234218881,0.045019077447115,0.0422546647791834,0.051242502886463,0.0439018029535073,0.0520150787451043,0.0519407459595388,0.0473267662680329,0.0487099857018166,0.0451472450516103,0.0514634751887731,0.0513430847939191,0.0525180767483173,0.0507168513230775,0.0571359995934997,0.0568693699912741,0.0492752282991745,0.0539919132918387,0.0478839101802011,0.0513166506928556,0.0579787046688375,0.0502018422918119,0.0575181581593573,0.0514110620714626,0.0468997650692951,0.0549107046502163,0.0500858627683791,0.0427675368411793,0.0575674113442854,0.0518051337874087,0.0504395087116914,0.0573878310940522,0.0495206544487687,0.0540832293839514,0.0521433901816325,0.0511256418699236,0.0530803651156055,0.05229183438223,0.055043893517317,0.0543760802656185,0.0445745387352668,0.0437839261591533,0.0493842234712383,0.0498487770905505,0.0473977570001945,0.0454314977354748,0.0546085778649247,0.0548329050413034,0.0564542252641825,0.0553842788199036,0.0491919714265419,0.0564706813705944,0.0547542673953932,0.0506007287407755,0.0447044001377382,0.0540834721125488,0.0474395045373347,0.0519199229902761,0.0606653068406256,0.0520537174841594,0.0516639921973549,0.0507322995440126,0.0505201131754525,0.0458708476069097,0.0486441723438848,0.0487842201870454,0.0538591666804155,0.0509457513363759,0.0462062623488288,0.0491352333153119,0.0482354882596243,0.05979652572914,0.0396487194927029,0.0568322946150995,0.0488864490453858,0.0568296395369265,0.0537328783434854,0.0499049768580683,0.045233895036126,0.049559932045659,0.0545597774626319,0.0503415012073378,0.0488388608071999,0.0513227304623255,0.0429683557489789,0.052625454348233,0.0453743317427774,0.0394744956121509,0.0491313030078824,0.0455774754472049,0.054512568317299,0.0492530217904448,0.0471871446570276,0.046415454820794,0.0549687019439697,0.0549676670418153,0.0555520424119197,0.0530657318362973,0.0516576630244424,0.0442044952354087,0.0548236168792538,0.0452146426253075,0.0528190775878371,0.0499100168432559,0.0535988551028509,0.0465940633679493,0.0490497838317778,0.0475280350443413,0.0477622099818763
1332.93605675303,0.0554201808208313,0.0531653922605435,0.0434026730037149,0.0542985477691273,0.0556865939377333,0.0438602866941981,0.0539260277660501,0.0612728675107627,0.0508323055565321,0.0522704334837338,0.0390154154870515,0.0524913259205596,0.0480127116477919,0.0564865759265373,0.0486409265964337,0.0527071843875072,0.04927012463912,0.0534547611689558,0.0508920520526298,0.0468824201039124,0.0543549245643083,0.0567876320277318,0.0579069510840247,0.0479069018319674,0.0483735587881033,0.0480099835527005,0.0546968875015303,0.0549789308050861,0.0434973615907336,0.0447857510223847,0.0566770783618223,0.0521767969859352,0.0549583328400038,0.0524755095683426,0.0436194361120759,0.039843833479097,0.0421387793542057,0.0486455432041241,0.0560873467637912,0.0480902649906402,0.0481692206416594,0.0484076159870039,0.0546461579088951,0.0522348339680449,0.041506448269769,0.0504660060654468,0.0499408719546346,0.038334933759832,0.0482367424640102,0.0568886462740759,0.055469138770717,0.0545061652175855,0.0566963837508074,0.0531409841837271,0.0580527069681746,0.0553262980270665,0.045330719485522,0.0405883105636849,0.0437164578130002,0.0538033453903396,0.0548832019709806,0.0572236331456906,0.0489778619541452,0.0600544815970327,0.0605880860519557,0.052525068062041,0.0543412233412903,0.0528556993030258,0.0471186870056549,0.0507193271131232,0.062213983671477,0.0579314325534554,0.0499448584905829,0.0426632286781519,0.0521406886716165,0.0501400666769851,0.0454527445059937,0.0569642707007171,0.052122943439113,0.0584038505223328,0.0515304821265422,0.0545503139812467,0.0487305642159409,0.0519828904309785,0.0451628815937729,0.0456638819517281,0.0425811823717879,0.0481059131767317,0.0407087416591399,0.0512435544569688,0.0455769160828697,0.0498670218507466,0.0480535512030758,0.051430720870509,0.0501431907985845,0.0648317031056549,0.059354147044711,0.0524528814190857,0.0553489830795585,0.0563170226249545,0.0521863141495064,0.0500173303605413,0.0510881728961208,0.0556721569771113,0.0526746827476414,0.0435795351189753,0.0482106998667505,0.046243631331188,0.0554835695772751,0.0541953377652859,0.0474767244586007,0.0475836020140925,0.0495109113293172,0.0452482869977439,0.0455191250048109
1335.80092346179,0.0495458310602859,0.0445050591498887,0.0400845819964742,0.0580539302694657,0.0443463675860357,0.0480965224719509,0.0501904266161933,0.0407955683430807,0.047106759638039,0.0288893713151966,0.0416240807383389,0.0331280869565311,0.0297967644249628,0.0412642639635712,0.0442437615720442,0.0439462582497614,0.0449413924644764,0.0523230469071536,0.0428393204515372,0.0452194681912251,0.0483321366563295,0.0452539454236265,0.0437387944983332,0.0418333950715494,0.0499497885556803,0.0452557510897903,0.0423424382650106,0.0495466898204171,0.0429184172248515,0.0387181522874945,0.0462245347687718,0.041948716263558,0.0488820216064919,0.050798367182103,0.0414485421531715,0.0430506900588448,0.0448265884841463,0.0404560966386941,0.050580765105382,0.0404838161097427,0.0369656627057346,0.0414595819119925,0.0410663234751289,0.0390626292080769,0.0452419008492152,0.0476704872672857,0.041172321689201,0.0442038176901151,0.0367936754762617,0.0431810018241693,0.0472740559320914,0.0410005861988876,0.0491121180535271,0.0412249677704415,0.0563616437733112,0.0471054108775685,0.0431100920266065,0.0432716209914811,0.0409092735826903,0.0455671093080564,0.0418519610432061,0.0421356993013475,0.0472903568900884,0.0436081846701474,0.0589075880193092,0.0481641875243729,0.0460560271367354,0.047335201024249,0.0426201464066014,0.0446497107216864,0.0343349513877932,0.0453686659167766,0.0421992396427856,0.0497158276614662,0.0405792712071149,0.0354027289667571,0.0486241367246878,0.0359716634330371,0.0406195726239965,0.0447203024135622,0.046590794471917,0.0434614276005404,0.0393556093234439,0.0470415668137852,0.0537769863368014,0.0505264865040598,0.0403426377949894,0.044809549360114,0.0465401324331323,0.046345614967171,0.0390899138064178,0.0439085819728177,0.0507444767673905,0.0382472741372907,0.0484223364610827,0.0371665457989115,0.0374284888600034,0.0442357337034876,0.0470217154418303,0.0512753578930703,0.0413013808156849,0.0445374523895773,0.0521198198901159,0.0512924838237958,0.052611476845754,0.0386810561680896,0.0454066668823157,0.0428848377043844,0.0423213702542403,0.0382495717065585,0.0391731763138433,0.040499501714724,0.0440136865419075,0.045165615426087,0.0422091819485593
1338.6637975489,0.0399711548795861,0.0401579118115725,0.0362330335118925,0.0406869691907814,0.0432291476525069,0.0330179641026491,0.029502374633827,0.0424835977102643,0.0460698736877525,0.0288557331557012,0.0319503364986891,0.0330770877947404,0.039642684435622,0.0482786877923816,0.0452827528726047,0.026486430082802,0.0368674076984992,0.035470632733142,0.0326521098225507,0.0295280198864948,0.0368989009792986,0.0249979007994178,0.0377291345892579,0.0461764703069526,0.0493875560584491,0.0295258919475886,0.0438925606311905,0.0435880007392239,0.0289202126249975,0.0375775090479454,0.0352367536637786,0.0338764610703044,0.035693237553009,0.0502182187573478,0.0419631127629395,0.0424801283101276,0.0343543075486127,0.0333610419265787,0.0357475068626743,0.0496778444083719,0.0280020922175359,0.0361131808734643,0.0345352399705774,0.0357469519365269,0.0349637242931146,0.0437835576407076,0.0335036348825477,0.04039253499772,0.0345842952829881,0.0393180997028456,0.0401758325546148,0.0312720370769047,0.042615250928128,0.0374012208908669,0.0458790930058502,0.0274520695334731,0.0398147003237286,0.0235924621636113,0.0375658577740247,0.0384329940913845,0.041793038732971,0.0452992513023835,0.0310458915842215,0.0353711001420746,0.0340943655265753,0.0352040261721246,0.0344903645659183,0.0412794204444394,0.0458962654379879,0.0293016199946448,0.0337442067165559,0.0420490865265018,0.041602000729875,0.0327006231882121,0.0257470157783792,0.0299118499464804,0.0469452479392517,0.0381191336562839,0.0362157774221824,0.0337745477897915,0.0340675319230316,0.037346211267478,0.0365688636387617,0.0437345282592872,0.0282506235986376,0.0384535819644266,0.0381157668764825,0.0436693356060338,0.0357500066871083,0.033945541994758,0.0363644189793355,0.0342150387543769,0.0325235498250613,0.0414788377590962,0.0362840370366839,0.0332549697706892,0.0379215884265242,0.0485478699418328,0.0354062228100708,0.0251978346343206,0.0417874235630278,0.0352813946721717,0.039453770177664,0.0415416438001726,0.0307217790480872,0.0311160577821082,0.0404447320718916,0.0351384111384763,0.047740527584792,0.0425584579360162,0.0264952662077847,0.0350441010152312,0.0369001122511878,0.0347134220818366,0.0329798634419481
1341.52468093191,0.0494966412640757,0.0368979754294398,0.0334839764819404,0.0385051510731963,0.0405114032834929,0.0399617631248951,0.0406339479085827,0.0409414609296812,0.0434384484319622,0.0375171773059233,0.04153160094662,0.0523384805011661,0.041250942224818,0.0368741376501899,0.0501306941130693,0.0476919722445574,0.0518818871415594,0.0430425296890102,0.0364258744864425,0.0413885305479772,0.046081953920888,0.0467872088957675,0.0469387639539296,0.0423169244692266,0.0402366291718318,0.0408640347342515,0.0374390399102171,0.0414064460448681,0.0412575442183703,0.0490098862469346,0.0499731742198233,0.0376100281659499,0.0312847901390438,0.045850962498506,0.047302529980799,0.0440866651028332,0.0398103859467191,0.0414370059676703,0.0379536256090365,0.0383032793222195,0.0368750278674357,0.0503931871755251,0.0464208282063559,0.0477573719296163,0.0462741347163832,0.0448721726340197,0.0448900206662434,0.0387463601655775,0.0540856900945218,0.0425686460189777,0.0358024111296987,0.0419955802171376,0.046351352493333,0.0481344363165998,0.0365089656435724,0.0448668764886169,0.0490223480452054,0.0443076932148318,0.0397136718720719,0.0373084243580201,0.0385055873050518,0.0431100957096315,0.0504258440865659,0.0451803482180127,0.0437402260423191,0.0357097174329984,0.0437872182414173,0.0450778053730423,0.0369860380724224,0.0511269157881348,0.0489857309530428,0.0403703439282169,0.0558389695004316,0.0436079273038395,0.0492244132846536,0.051050866890357,0.0512207885264848,0.0380759912087573,0.0410925475886443,0.0397428357275875,0.0497666152455313,0.0494365709247703,0.0425626133609647,0.0469294447476727,0.0428513419751394,0.0427932493484154,0.0407649768261995,0.0361073387260709,0.0426775061745457,0.0467823920871576,0.0422219225490199,0.0373790300321186,0.0335864579823681,0.0398015221969252,0.0488591913482111,0.0442630186210082,0.0433452930553068,0.0468856002266574,0.0447039914902715,0.0495362582102087,0.0368758452877867,0.040106626462713,0.0531220398015787,0.0463354883728631,0.0432394348793601,0.0396313196879649,0.0436315686125057,0.0472035657647308,0.0449794892445679,0.0496148629537433,0.034663715416754,0.0479268758135639,0.0471659515672402,0.0341079208875404,0.0437121860823774
1344.38357552591,0.0298705374418655,0.0261224057922151,0.0263848890362091,0.0254973954831263,0.028669123417909,0.0281279032068286,0.0231505082298111,0.0323869742003953,0.0268980157386183,0.0271969271023438,0.0270710922595506,0.0330122010725649,0.0230717911473113,0.0254814121990938,0.0175614664910981,0.0264451614122219,0.0293410973519904,0.014279096567044,0.0284082633460142,0.0246407272382817,0.0249127056825406,0.0271011873967418,0.0262883022929834,0.0198499760709149,0.0230346867423878,0.00892366288920436,0.0160354706137952,0.0274022062751378,0.0229846984261965,0.0331474396763478,0.029709334375133,0.0274166181543266,0.0312726436171526,0.0214159236472008,0.0232391358585813,0.0283834195390404,0.0288136585857268,0.0197476825397885,0.0192982812122826,0.0247740842799986,0.012896419828737,0.0334066634001838,0.0290868332063424,0.0357141725738799,0.0257701672422051,0.0305299390200625,0.0269073638516388,0.0295739664789163,0.0312858653988141,0.0179703792633859,0.020588955308602,0.0220708092735535,0.0328842864824929,0.0265567883856765,0.0232995288364706,0.020332375011889,0.0185949655036676,0.0191951894875783,0.0172162920256762,0.0209286654006116,0.0238892568761233,0.0259120593698136,0.0266512253741292,0.0342346727257839,0.0243330183508992,0.0297690964214667,0.0300506727510653,0.0308434201597077,0.0175530461032003,0.0259661698665673,0.0265975746186753,0.0267567001715092,0.02946358962455,0.0277114000013155,0.025662483380269,0.0341758059117817,0.0301176713296669,0.0220756264710903,0.0268990636566082,0.0315469264592803,0.0285867781154108,0.021843707690739,0.0376077368826983,0.0263396488549114,0.0243960803178839,0.0285576399546212,0.0228881625580966,0.0274850048404892,0.0281548562839519,0.0215253063278202,0.0175560885680056,0.0277090995325613,0.0247502866585607,0.017359142567954,0.0318050684630184,0.0265724649653492,0.0209091902369351,0.0234663894948264,0.0138618015696035,0.0229291239465844,0.0200756667157742,0.0222163898725899,0.0262222050426857,0.0258427470543539,0.026287478804559,0.0208419162895684,0.0262175494344736,0.0251825334002772,0.0242075762366608,0.022763064228886,0.0258478116177454,0.0220128468244807,0.0254227500392314,0.023679572199964,0.0194094460720621
1347.24048324345,0.0388892113349283,0.0336403258901239,0.0356560642332701,0.0390549855376388,0.0318872448242916,0.0361693130556967,0.0321856861044163,0.0303286027414887,0.0371404827030747,0.0282854825373907,0.0425564881124477,0.0335500477372074,0.0368049277245493,0.035241696136071,0.0332824484641185,0.0297092200259211,0.0336457577102872,0.0294701982383048,0.0273772823519976,0.028965124382912,0.041168877083689,0.0347218461055838,0.0371512224323559,0.0439434886736377,0.0440095753325282,0.0419305446654331,0.0315139575451185,0.030623632545737,0.0439410737385675,0.0325889946609611,0.0455642958400557,0.0386791708898117,0.0345608999647462,0.0382376711553715,0.0441115808066054,0.0262249994892073,0.0320990812027514,0.0321787775957319,0.0336120069534556,0.0307537144264216,0.043517486317936,0.0397577849966639,0.0317937667888803,0.0296993382927201,0.0354858780091356,0.027230351425503,0.0404942065422802,0.0360273426665417,0.0301971068564081,0.0223373536201301,0.0417417439870122,0.039811239332449,0.0355681047405201,0.03569776147194,0.0436651386609229,0.0383157982106003,0.0354297139859692,0.0393887580180434,0.0336346304865353,0.0427286861805407,0.0389867000873088,0.0403775010317758,0.0325659043002804,0.040242625386681,0.0404616616397972,0.0356801019359603,0.0355308367898423,0.0406804292281826,0.0291831713799127,0.0341536701514338,0.0385900519728101,0.0392207758021319,0.0387838424963655,0.0287923783467422,0.0502584802830527,0.0390418819384939,0.0300956646113152,0.0391278483819924,0.0274385471757471,0.0369939405904176,0.0372571110407951,0.0334069970523057,0.0359532953122285,0.0290180141035248,0.0325157421230217,0.0471355174961856,0.0352899713271569,0.041392195586165,0.0292039313287597,0.0413634614439422,0.0400443134237352,0.0389256187082005,0.0374007386763036,0.0381239496535115,0.0273885010383591,0.0381572453684379,0.0383805855423655,0.0321692019278206,0.0369349889035887,0.0378760114528046,0.0341202691098547,0.0411352357577738,0.0349794730718917,0.0381958950590142,0.0371916699139712,0.0411646413391743,0.0397354406002217,0.0345229329921206,0.0487791587913421,0.0435214879100313,0.0378785637500758,0.0365367194796912,0.0275720376225611,0.044953414634809,0.039331951987577
1350.0954059946,0.0606455902342657,0.0513865804144887,0.05966185214578,0.0488316391733596,0.0469412756564173,0.0549597880284876,0.0550165167114819,0.0509764755607411,0.053284694600246,0.0543501158644777,0.0612614391945802,0.0572607568748652,0.035150920601195,0.0569398106560149,0.0468458613258248,0.0536733907235073,0.0545992549853023,0.0582360954036312,0.0488918762055145,0.0489618290442151,0.0536418525284937,0.0516350385517096,0.0512850779033248,0.0565490561616555,0.0547836140501041,0.063585764011488,0.0576914945306217,0.0483812215197052,0.0622232615751314,0.054434479687381,0.0592434101241614,0.0488815062092114,0.0433417984145388,0.0583277721734121,0.0505561672608757,0.0484376786390739,0.0551551638752986,0.0538259032141458,0.0622191077203246,0.0529928212818684,0.0585547204948103,0.0514220629713787,0.0599550032635444,0.0526845994576592,0.0516866978378019,0.0476587017969888,0.0573578711042518,0.0613371261906467,0.0567867937081022,0.0573085819343376,0.0509695899745557,0.0516470743372305,0.0565548175051863,0.0556251486979815,0.0574406904165428,0.0568562240789669,0.0587937651194664,0.0443146727235492,0.0588322701873876,0.054181088582078,0.0557163480910725,0.0666574689429396,0.0519825365531677,0.0555533732508244,0.0528348003758522,0.0582864146678083,0.0602278616684866,0.0592784259955038,0.0541333216879288,0.0587483545055647,0.0467761004225803,0.0538691633989403,0.0530571509824206,0.0572490446876474,0.0518882773310732,0.0607601916348613,0.0462928615007789,0.0567432587905663,0.0481632549944201,0.0582649651464535,0.0502797083087386,0.0532524863701362,0.0518483503800321,0.0555055246670535,0.0498633444799613,0.0536986612324417,0.0498659340377414,0.0628174231625722,0.0560192670866619,0.0477963330781213,0.0523662887600776,0.0576476935528449,0.0555698748891675,0.0474190814979455,0.0658001270088721,0.045889629377035,0.0438412419811848,0.0561230442077579,0.0567205547646297,0.0484043004390138,0.0589955007911588,0.0562784935827262,0.0497813817137788,0.0629411122552557,0.0502921211853586,0.047037826316704,0.0570629638961461,0.0559756602873012,0.0569786338368133,0.063198161295818,0.0537596486519045,0.0505338375834582,0.0546994272597195,0.0635076477630085,0.060884257141782
1352.94834568695,0.0410552702285408,0.0476377804882197,0.0362419555950354,0.0347771804239798,0.0394352123638341,0.0388677093671329,0.0396904330432246,0.03813612938386,0.0410640471555891,0.0408114770851165,0.0398891565133673,0.0346642190491106,0.0384597425045982,0.0385364044135189,0.0468603805634413,0.0433518777245407,0.0396079258294033,0.0457846186168456,0.0484218313823191,0.0457506943658743,0.0428118335484415,0.0500006330912539,0.0399042896986429,0.0374045868014258,0.0354682806858143,0.0381749905131281,0.0411331996514793,0.0354890135715929,0.0396884154619787,0.038062847345372,0.0422992559657581,0.0424767787920412,0.0466550299697266,0.0388135349063366,0.0516647976887666,0.0473866467374646,0.0392566160764436,0.0381285363031297,0.0446978567557817,0.0432906765007473,0.0390698134305057,0.0408325529499307,0.0377855000871211,0.0488819634736803,0.0403889714318566,0.032801630791491,0.0372356285915224,0.0446625542040195,0.0399907450813473,0.0316541704801514,0.0385058470703305,0.0328350308016112,0.054959129734212,0.0346227092058803,0.0541723567059347,0.0448916984223183,0.0414369983261394,0.0361559174904986,0.0423990816814938,0.0405641714155755,0.0546371515685618,0.0393037075264113,0.0320221204553151,0.0364471686186132,0.0329258666418551,0.0330077122893397,0.0437848009476748,0.0478143597043271,0.0397283719708095,0.0352644550992311,0.0473371434984899,0.0435502354149702,0.052520478491174,0.0419371081484452,0.0403999978039294,0.0433784007681558,0.0425141224036889,0.0495911626924558,0.0443660392985413,0.0413818908123438,0.0372740538181325,0.0411337177343275,0.0414502292093275,0.0446878605190832,0.0509604322231919,0.0405935911045252,0.046078202404122,0.0333226610578135,0.0420691960399852,0.0418974720456963,0.041665227692737,0.0330274999181756,0.046220408033482,0.0370431294519991,0.04658810095975,0.0387271361896868,0.0433029089976722,0.0294761699907757,0.0363666051095744,0.0412208046428325,0.0433134219025868,0.0422131483847055,0.0536282444662366,0.0387166249703193,0.0399289393721237,0.0357835219149678,0.0451108983970564,0.0438926244576097,0.0438907311938568,0.0396663272395747,0.0422396269253544,0.0408268868703796,0.0443908962385526,0.0443740761660178,0.043088451376203
1355.79930422558,0.0522311213802813,0.0482030521715512,0.0477318470821481,0.0646293293240702,0.0502146287879579,0.0496303132421997,0.0588353506992716,0.0436796565695059,0.0534850609486629,0.0511638465438041,0.0506013462110691,0.0589523654434969,0.0516815027776767,0.0564646289503931,0.0463449733644303,0.0586305107433234,0.054145835940703,0.0517907148050948,0.0501102579355271,0.0360719912633863,0.0498877366762859,0.0532919554787914,0.0616667026252641,0.0626305143455944,0.0543302192907028,0.0506555033199441,0.0545108488626325,0.0538090810579073,0.0665905012464142,0.0539259069157296,0.0570978042519587,0.0484146960161833,0.0598453823480112,0.043190314051204,0.0511812823679999,0.0458069168875135,0.0513615656405785,0.057093440332554,0.0497096204340454,0.0520146306949406,0.0569176305957253,0.0572920709242712,0.0562276266696199,0.0489203575432465,0.0431285953179722,0.0510487690405291,0.0546683500003656,0.0565361480822927,0.0454486762173113,0.0600946743047989,0.0553549974392932,0.0500749284716947,0.0410025444648078,0.0497264532150209,0.0531176020383656,0.0634566591117556,0.0528771819267181,0.0525666696073162,0.0528274308226055,0.0542224070315444,0.0557304797615441,0.0564889619426229,0.0503847766284887,0.0561549793324876,0.048014985444722,0.055638493268007,0.052045905673846,0.0555008727171386,0.0491787991233532,0.0566055556587444,0.0430009851571305,0.0549651855304764,0.0607799937213341,0.0545484211363756,0.0513559305371653,0.0613188854364361,0.0554951098961122,0.0474079132029956,0.0651160321892552,0.061587277744212,0.0465238413476534,0.0477725850569173,0.0502460023503477,0.0463220789977199,0.0504437918495276,0.0603024519334842,0.0574362798277981,0.0478030639023354,0.0554953156482976,0.0553325306896646,0.0518691073797591,0.0523095896399857,0.0539530202701404,0.048550776434519,0.0487967653821797,0.0558712412252616,0.0449633757189324,0.0512786813445717,0.0495773667741474,0.0534362269717705,0.0579356371199885,0.0525113202695494,0.0476169718880362,0.0537976120581533,0.0568763914210842,0.0518581840763661,0.0532422219416159,0.0450221713828483,0.0422850287175376,0.0506147054265102,0.0526632563836468,0.0537709315442866,0.0454924643630949,0.0536648597911008,0.0484901274883363
1358.6482835131,0.0257722456045479,0.0245851304156984,0.029244896845351,0.0110415968736817,0.0276854459995094,0.0206790572802449,0.0271005312235593,0.0211385838060784,0.0171956228162513,0.0251693527734735,0.0212366014587048,0.014876345259819,0.019266837899447,0.0256183728034279,0.0208894975182835,0.026557787699372,0.0289825058086981,0.0279721951283177,0.032496886314924,0.0237058945019904,0.0244431904428319,0.0205675680594336,0.0264134039600988,0.0259871612508555,0.0275146648236263,0.0279751338582368,0.0299621067699698,0.029107253092499,0.0252773566007013,0.0140957682381953,0.0297849421949245,0.02863208695201,0.0303028074289623,0.0356404448222663,0.0239697230603064,0.025294220930266,0.0223168415585506,0.0268032778563604,0.0294663394144436,0.0282560412738847,0.0218621703616929,0.0329433154373762,0.0265045947033406,0.0276405703367728,0.0162122611289282,0.0268409124178893,0.0226013231578422,0.02965616527032,0.0237954382373771,0.0290024017824559,0.0271810777447342,0.0312882342562598,0.023830634580302,0.0292877858241413,0.0196134072485188,0.03298868861035,0.0197950923548793,0.0275160874903229,0.0238169985950812,0.0177299594481351,0.0303747236880599,0.0195043211347382,0.025593598023593,0.0234116760369869,0.0329752837119269,0.0298463756702885,0.0197159255376658,0.024376724234138,0.019828903508116,0.0265894241870227,0.0261303303219353,0.0283802623824948,0.025134024917573,0.0233914273870738,0.0152732759498702,0.0309246862183685,0.028512010652218,0.0292681832823989,0.0231796264187859,0.0147414106330454,0.028660644280845,0.0285120461293711,0.0201440823402792,0.0284990033979372,0.021750774515105,0.0269954568701041,0.024488227347455,0.0258392823920829,0.0227908482775228,0.0274541620694521,0.0315503652780665,0.0212915614841504,0.028110462762292,0.024531300162836,0.0279639105398432,0.0310663263209031,0.0214973224252291,0.0203038522276362,0.0220988846921103,0.0230151637144421,0.0238869242140428,0.0222374347823681,0.0152962646217245,0.019370924173385,0.0192408841436298,0.0256315903321181,0.0174481448345635,0.0296655964696987,0.0253999747907701,0.0238259029225961,0.0247206085171158,0.0219897859698705,0.0238121689826654,0.0263608954234344,0.0215533914835204
1361.49528544963,0.0454568014000316,0.0429196665671169,0.0314910862089132,0.0306233896854587,0.0266666732181017,0.0325407211521892,0.0314273913316666,0.0418369836856057,0.0253585971372005,0.0350052317124385,0.0228875621551103,0.0298167810054902,0.0336150902776115,0.0245990975641654,0.0317910450523905,0.0342403011176893,0.0328120284716046,0.0432264726350699,0.0347471168356556,0.0351127450122349,0.0369670209528883,0.0287977993878856,0.030277989620621,0.0309763567049751,0.0442519863809261,0.0350694109235692,0.0326778443003307,0.0426110752287787,0.0296408491998045,0.0348997297072559,0.0292914613306346,0.0265534394584146,0.0347506527332559,0.0324448945443237,0.0229763962862307,0.0324010501454226,0.0289596126705955,0.0311756793721021,0.0301084975757672,0.0364634108740269,0.0285958366882877,0.0298123732909068,0.0352281878560027,0.0370022860643711,0.0454087373023892,0.0291192197454539,0.0378832205445276,0.0280941431639932,0.0314486529164878,0.037255566924414,0.0315759352995516,0.0334925566783884,0.0238862590111484,0.0368749064358701,0.0323398046749016,0.0406797780058835,0.0323465336705437,0.0330381167402696,0.037558587842686,0.0325040971638188,0.0250128736715862,0.0361788414214178,0.0288737057810241,0.0322151711499681,0.0314043332333519,0.0277463536101363,0.0301975289779776,0.0277139934307913,0.0359592642222082,0.0315617518962738,0.0343670030927435,0.0262446851954952,0.0251844195627219,0.0305560086145672,0.0306319448769024,0.0342233679610484,0.0317946343435493,0.0370230716203149,0.0346868993263222,0.0278841513871996,0.0390208071215553,0.0351766387724294,0.0338979291167367,0.0425981963855068,0.0304753619073117,0.0292361215926848,0.0283052134758891,0.0344477055972378,0.0367785423030993,0.029644074401489,0.0364224928972376,0.0304294111420133,0.0380714882404892,0.0311440394665723,0.0312966304613006,0.0255991229094497,0.0253697950055171,0.0290710136834099,0.0325856531230534,0.0396877551848212,0.0309613333173167,0.036890334872749,0.027955887519433,0.0377065506384184,0.0318465468110073,0.0320904324195766,0.0386242572925539,0.0225720934555778,0.0347436561984638,0.0238581703578556,0.0285908273289269,0.032264308893833,0.0336233443207896,0.0318526175981401,0.0350683388086702
1364.34031193283,0.038641969278362,0.0311567475228861,0.0326598823537725,0.0355869698074146,0.0272731824523244,0.0347520938019188,0.0347069973711402,0.030668745482428,0.0453136351204398,0.0394275847582543,0.0389839460827862,0.0376021551088421,0.0353269340514277,0.0366025268916811,0.0427055567441474,0.0375805623343932,0.0414843309491709,0.0373364014374783,0.0375467215988268,0.0389724558545606,0.0337795363871395,0.0419542050421342,0.0417592483298838,0.0354308965260557,0.0448763377755017,0.0324361192491155,0.041284197176398,0.0410656412774306,0.0291819615901641,0.0300483202173761,0.0364701092547444,0.0405705873912857,0.0408557179815953,0.0357745841834536,0.0385748758526709,0.0319426406769916,0.0400063861711914,0.0209431116379584,0.034058971767507,0.0349350077871887,0.0392418795501986,0.0399473412330577,0.0401753781425731,0.0327033065549033,0.0352398859028884,0.0402349382802107,0.0357671423542727,0.0346209421648337,0.0309776412972172,0.0351421382076496,0.032728160849913,0.0362478196295057,0.0443973594157023,0.040703934293939,0.0368262539791992,0.0342149651983049,0.034591693484164,0.0342074230667904,0.0403544522382453,0.0407481129317837,0.0342447409390116,0.0362361183197189,0.0370231730979564,0.041578215020465,0.0298462841933862,0.0348079648306611,0.0368512990594934,0.0299704682028793,0.0387955225627224,0.0283499164008361,0.0377069137351448,0.0366118194536449,0.035678369185558,0.0273357388183908,0.0383442310429332,0.0369917168457359,0.0329294378142854,0.0348791516099184,0.0298510010106449,0.0246827729495178,0.0363735816527632,0.0319304961416978,0.0367041709789176,0.0350770440660585,0.0424655371656538,0.0347700329290151,0.0315947151032529,0.0360993845506799,0.0352191098966103,0.0345305376564489,0.0429146032831799,0.0379744318226903,0.0452925761388444,0.0279281504930967,0.0297024216977564,0.0284271493986379,0.0298019840891936,0.0334976458350196,0.0331851804339869,0.0358797137681996,0.0337211305093512,0.0407336785598107,0.0345964951500078,0.0291418110328125,0.032454290039013,0.035884055078075,0.0332336251605554,0.0407911510690232,0.0441006810073153,0.0337514764092811,0.0385052118110633,0.0382397345479947,0.0282511974223507,0.0291616577470665,0.0383517445419924
1367.18336485787,0.0413842531704602,0.032849169858145,0.0311156321367925,0.0421894983530611,0.0321923187260118,0.0273133195724001,0.0295176787836353,0.0357236323381071,0.0352982815166286,0.0433207248597789,0.0385231614744275,0.0332697420900703,0.0365024140327047,0.0394036069134085,0.0368172003006343,0.0474670242739909,0.0415827694869951,0.0412245239102365,0.04035933491921,0.04716526100779,0.0360274868846722,0.0387473081904996,0.0483654084959556,0.0382556714965444,0.0304629269325232,0.0449672993086566,0.0354760016553839,0.0314641825680972,0.031421986472108,0.040501950978971,0.0206851967978253,0.0347647738585409,0.0365616481076397,0.0521419888131235,0.0456292653300765,0.0298735089097227,0.0285643542070127,0.0388765628461759,0.0446136484898577,0.0345026334954206,0.0376470642505353,0.0400223675511677,0.0364744048340687,0.0431847875184528,0.0466609136226669,0.03592097812579,0.0358405761742419,0.0422373113109125,0.036486917554188,0.0423286159691914,0.0398620871187066,0.035788865148314,0.0455545769647724,0.0402363020303126,0.0396754096367199,0.0402968956190184,0.0379359482337183,0.0310241504175623,0.0387799900183537,0.0419168961803746,0.0267485552158035,0.0443535600583219,0.0279192394989102,0.0345594954444206,0.0503691154133995,0.0402679435330256,0.0440669896776397,0.0431760127839343,0.037763927350004,0.0328022965353723,0.0410599922383587,0.0486211053844633,0.0384997725972042,0.0427358035327779,0.0395045002358591,0.0305382321810515,0.0335372519826806,0.0382553427813582,0.0375682552186388,0.0520276140861808,0.045132142139469,0.0441346370154612,0.0318511636579439,0.0389266865994511,0.036579628121459,0.0386771509784663,0.0348973517341006,0.0441977137679301,0.0449400363480428,0.0319163331127811,0.0338842718687159,0.0396448341798335,0.0376601480228655,0.0329271955910046,0.0401978893335394,0.0340292407636104,0.0397126224634786,0.0401146620794657,0.0442487402013134,0.0409472956149507,0.0386575851245572,0.0370143975335393,0.0313795622759801,0.0340465230587243,0.0407187560152324,0.0386194569824876,0.0321959674241608,0.0403246199802969,0.0338095392524218,0.0283392536678002,0.0407570754671867,0.0350651127895391,0.0429734468575235,0.0417825105027913,0.0308645683168782
1370.02444611745,0.0128552713908018,0.0216504175981459,0.0203152799415414,0.0227941933600626,0.0236887147273687,0.0327720008758466,0.0216910075062345,0.0143155003735716,0.0274377570076132,0.0255200920516229,0.0193672366143176,0.0173711255915565,0.0211918221682597,0.0210767651105147,0.0195506321207238,0.0285128411940204,0.0239840728016029,0.0288510769577127,0.0222611984150632,0.0245910417101272,0.0214799754066519,0.0273655749915209,0.0169658792675326,0.0208314798057991,0.0252008155907124,0.0196325304776624,0.02433735607,0.0245654395364711,0.0180954147264062,0.0242082316306964,0.0153080535313266,0.0171776889122963,0.0191284780229835,0.0240216804402425,0.0200732842654904,0.0115785329343434,0.0226242948993267,0.0200078138495837,0.0194773682898927,0.0265011085951837,0.0226975147669028,0.0162540539602048,0.0170882188904007,0.0230506451091766,0.0251900032582291,0.0216927671807604,0.0174281419903534,0.0170232474708834,0.0208528411087316,0.0200287232842351,0.0247626955298608,0.0272747343588712,0.024668223378216,0.0343947304426884,0.0227305226581457,0.0196893864068551,0.0233707178615452,0.0174856276639095,0.0213286574138396,0.0212887514685555,0.0203455511747273,0.0219060313556119,0.0188287129187508,0.0308331099356653,0.0170811588881758,0.0209851017564834,0.0260558103944798,0.0268671653840404,0.0145669047751859,0.0241523923719465,0.0264238421889208,0.0172007503549785,0.0166304828016603,0.016009949846761,0.0127756199108069,0.0208385672187622,0.0255148016177456,0.0108075509032913,0.0202192575007532,0.0199550706494442,0.0143005291863187,0.0172082025269103,0.0264635107142111,0.0227787847753868,0.0252860306735334,0.0163566894985141,0.0225395397780863,0.0179969636676825,0.0230177178124992,0.0137510576052184,0.0232599803153783,0.0215244792042955,0.0212312156952021,0.0177092754297148,0.0221632530386351,0.0247373423111459,0.0223112964600988,0.0206222250151404,0.0168237781622671,0.0211034308598511,0.024674683822423,0.0289794254654376,0.025982581128217,0.0260459761829314,0.02552047204414,0.0188720561441009,0.0203228728423042,0.0261224576579987,0.019162779849607,0.0229405214353156,0.018898365385574,0.0205845487879283,0.0153760743997438,0.0161700639806089,0.023390652941934
1372.86355760183,0.0373634152076536,0.0368117892364635,0.0395181967277928,0.0402616654540663,0.0334714642551716,0.0360966447185825,0.0525772440076366,0.0410104185663168,0.0394009976092715,0.0375808970866966,0.0274858981808236,0.0406380701837734,0.0454948180518539,0.0293250101241837,0.0413539263491679,0.0367929336231338,0.0391355005839045,0.0387335766243151,0.0315383863122506,0.044150490075849,0.0308036923132665,0.0449295248047773,0.0382629803637733,0.0488738166841093,0.0312402738181544,0.0370600559939598,0.049013368743103,0.0375833082086267,0.0418504426075696,0.0417885026233502,0.041674499688393,0.036058741979021,0.050482931483218,0.0295617503351795,0.0394544405376099,0.033353712142264,0.0408467752946237,0.0395920375742757,0.0393958631628683,0.0353018044413049,0.0300422269589665,0.0412712019467258,0.0464343650628043,0.0341055275470451,0.0366371902514575,0.0378120004658193,0.0354833582489645,0.0370490701554345,0.0421204596797844,0.0365285580188414,0.0416900598855911,0.0419038063047157,0.0339211691815361,0.038263309981715,0.0338599218297335,0.0426909998191212,0.0359739748414205,0.0377945532787917,0.0323835524693231,0.0448394787377084,0.0447376895087623,0.0461442402708405,0.0432058922146441,0.0336781963141901,0.0451658777165788,0.0377728462118445,0.0464672030267272,0.0362714222908398,0.0440589295428157,0.0395617215972421,0.0341679466983414,0.033037807606541,0.0403397248473613,0.0412878813589415,0.0358473250116695,0.0459188181322403,0.0380345522467898,0.0422951897233719,0.0312348205981591,0.0407836639490413,0.0431585341468726,0.0366064474952219,0.0336942020164803,0.0358495555536891,0.0324371931247422,0.0355980311755223,0.0361378795912275,0.0416696787766758,0.0263262626447385,0.0288748648734944,0.0362200167575958,0.0366024401001117,0.034549591684773,0.0303903086991233,0.0469579956801923,0.0441699767637247,0.028970033415424,0.0414166009739061,0.0389153025744442,0.0322910378847055,0.038292302328178,0.0350273625847129,0.0463731674481258,0.0455099896422176,0.031082201626333,0.0269901030920195,0.0361283400884263,0.035583367828356,0.0433069590387548,0.0334214008293497,0.0294013860252716,0.0411531005255055,0.0252408097218026,0.0370133913715357,0.0488204178237943
1375.70070119878,0.0396146692823936,0.0299416020809957,0.0309262286473567,0.0366087025425731,0.0411180016872366,0.0378242402038668,0.0283435774515041,0.0304359536915249,0.0288901306053027,0.0301189682770618,0.0350837358812294,0.029179028838924,0.0247122951542442,0.0392128988874857,0.0311661675508686,0.0292986436795527,0.0301500220497421,0.0328973011949542,0.0333178723023657,0.0399632576882052,0.0390566391080662,0.0308457589015407,0.0324172191708588,0.0320242224372148,0.0174046252018344,0.0350202786528795,0.0309547040915468,0.0312490591077298,0.0306990545449548,0.0287987619907636,0.0270245696821646,0.031364544779795,0.030336980120689,0.0318591478421583,0.0342476564969126,0.0367381160949813,0.0283483607695619,0.0250813706727872,0.0335109117087569,0.0386999718516535,0.0318306901976495,0.0313124333413428,0.0368187092164498,0.0315002952996917,0.0281389352618242,0.0280229607269089,0.0268916068238633,0.0307057278358014,0.0303105497050603,0.0268200393399113,0.0277028070350094,0.0194313635336481,0.0265104945510297,0.0362195287287671,0.0334487087433415,0.0395484108773796,0.0333835654312859,0.0313771991451012,0.0390685628251324,0.0302359659563093,0.0329610179004915,0.0301614505153956,0.0303655373856427,0.0359904190497991,0.0264372192035347,0.0314325681519954,0.0273858007732172,0.0309253228618863,0.0325336230241113,0.023834867020199,0.0348337469884088,0.0260808625611054,0.0256341349628319,0.0331964277522277,0.0326715064275835,0.0329865936999162,0.0305795403095074,0.0391044497578514,0.0220913242272415,0.033273549963912,0.0215764213385712,0.0323114643808063,0.0343621519509237,0.0327089262902021,0.0341809565030477,0.0324388987880477,0.0329951160215813,0.0230016582984346,0.0285750205312601,0.0225441568501674,0.0320509288186474,0.0340309010990443,0.0330148958911353,0.0272288333906146,0.031146734923907,0.0277279247358713,0.0378286085122549,0.0268499011485553,0.0285689396899406,0.0301991613254419,0.0254178740395697,0.0308074622583134,0.0272940440604046,0.0273089620870409,0.0361117213900358,0.0324435087121189,0.0351317342375709,0.0252591791076776,0.029234073865318,0.0258616840924888,0.0300492377688304,0.0380187582467305,0.0313201809520873,0.0349223583730517,0.0381383497803822
1378.53587879364,0.0683913124647053,0.0488941492097278,0.0599715673322103,0.0687350131390584,0.0600644697057224,0.0626497698527012,0.0566064827301089,0.0566178418239555,0.0526596017765983,0.0563175723218031,0.0608694502421591,0.0535772724885029,0.0539935744913157,0.0670029190503044,0.0551665092831149,0.055027493572416,0.067868416827697,0.0666772120640509,0.0565713600411632,0.0541498072611299,0.0570833761034186,0.0566257319933833,0.061888325397009,0.057355686671052,0.0616360743168579,0.067085036686618,0.0535201402620434,0.060969607319937,0.0684485090858047,0.0518678580401471,0.0567011079302672,0.0583138508640702,0.0628151123994907,0.0537071697368613,0.0622124952547497,0.0547515775369214,0.0641615667264127,0.06526606976485,0.0562023432200767,0.0529432416929486,0.0592557984339881,0.0632476466477344,0.0602373213311855,0.0644599226438167,0.06226872292803,0.0590606944691415,0.0569441746698405,0.0636800006019413,0.0629972916110103,0.060828131894262,0.063105780876061,0.0529143507368772,0.0610746670725559,0.0589701365022329,0.0600116627644456,0.0663915136521734,0.0650223182988097,0.0582618766837527,0.049602900798112,0.0598116192334441,0.05251981436061,0.0630105435674402,0.0601661013672341,0.0486998979704498,0.0561637765218877,0.071926580328741,0.0609934906696495,0.0644159508119612,0.0587268032119062,0.0633175182740685,0.0611532873185881,0.0625803795123626,0.0537624871307787,0.0546711992213814,0.0486584256489441,0.0564642644832002,0.066896838275002,0.0518971548233783,0.0533073248943794,0.0574007076637342,0.058056686135291,0.0622123485436434,0.061349621077096,0.0566239214169786,0.0592486530732302,0.053894557893585,0.0536469059422045,0.0622493492073251,0.0592742141797807,0.0580900856200989,0.0541449861689217,0.0512769285791511,0.0606771845181859,0.0557940027658545,0.0642032521175297,0.0626480899832511,0.0581778310484849,0.0645433860413845,0.0567387599644538,0.0569235023724236,0.0606994882479291,0.0585280911150793,0.0542929106654901,0.0559502295109653,0.0624475109943169,0.0566571466071485,0.0585593009965366,0.0616974709290649,0.0599601555501143,0.0615370074570529,0.0477074649573098,0.0591536170256884,0.0553236119235149,0.0536075279722486,0.0608994426214344
1381.36909226928,0.0314316126237704,0.0377501252180592,0.0323231601538804,0.0325958264987848,0.0220561510023867,0.0321941120713128,0.0281593850007477,0.0358046488642317,0.0346802078335457,0.0260911686319223,0.0348197498867322,0.026155481050095,0.0304897033676246,0.0368042802595394,0.0341572655692065,0.0225178632262548,0.0310030665359458,0.0451362742028886,0.0320891572304846,0.0246098144770803,0.0284931012283251,0.0316522100141633,0.034888004043043,0.0361526260872849,0.0333146196115435,0.0326046155865518,0.0290763839771199,0.0385246025995544,0.027239365729835,0.0247063095135063,0.0240258885275729,0.0263053903391123,0.0300925591400257,0.0256411171659851,0.0324314922116266,0.0300157672106014,0.0247984654026985,0.0356235602916242,0.030020452094047,0.0412041237606482,0.0343358390088298,0.02415795616421,0.0257481196590825,0.0318001787776935,0.0279050703845714,0.0393716792830047,0.0358658839151464,0.0223664485423579,0.0360254774009058,0.0434989234183831,0.0241864773052037,0.025628488028708,0.02840667203261,0.0208600144354694,0.0310175742144551,0.0305791118721626,0.0255277246497506,0.0294978944549726,0.0480965178189822,0.0288779282883465,0.0299697232763129,0.0293522754814492,0.0257702641236681,0.034644869904219,0.021853570042093,0.0354757939432907,0.0210892277240903,0.0295695651365587,0.0294865549261502,0.0230265968412306,0.0302059028136898,0.0295851338646276,0.0303008407700189,0.0362096976548005,0.0247203678775083,0.0299787331871279,0.0286766146218278,0.0305624432623816,0.0294710572011514,0.0319252838864419,0.0332468811748639,0.034238246088281,0.0351916418860417,0.0345818266680253,0.0328309186162108,0.0294424715770403,0.0278318401081981,0.0253804023142015,0.0175531747044601,0.0319290268474768,0.0296464147431083,0.026787865486589,0.0277849112185632,0.0247753397293465,0.0325016665902537,0.0335351594495484,0.030448321124538,0.0304126405351317,0.0288196800145845,0.0327042106477611,0.0359518559430191,0.0251148590384571,0.0314031085347486,0.0323936559412847,0.0342015115698098,0.0219665177348536,0.0266712361016337,0.0316027633656089,0.0224308217523766,0.0168023345626398,0.031935060738738,0.0274792947345664,0.0207260475592788,0.0340599789508962,0.0243640415976019
1384.20034350613,0.0247092720018647,0.0282332145769591,0.0303164811401532,0.0241076985465624,0.0238323651359289,0.0312788095565038,0.0251725345837486,0.0279734578889579,0.021533454196047,0.0295255968240946,0.0317689922822742,0.0202540825199413,0.0169002902771475,0.0277605293962105,0.0272657324732447,0.0215984218933779,0.0199116896225042,0.0284919367767597,0.0247891628978924,0.0301840189713141,0.0346190587891101,0.0285284263860567,0.0296266695328542,0.0308447764779962,0.0205955721623423,0.0262766062254354,0.0217456078222035,0.0247002639441098,0.0327824483548265,0.0226811568542522,0.0236419263972947,0.0291573381077318,0.0264294023911437,0.0306933299933346,0.0251262121968835,0.0258636784125441,0.0304542676787347,0.0222370934904531,0.0329645289339014,0.0267708283729191,0.021127493831277,0.0259022589284889,0.0270000877925485,0.0166564829284421,0.0253812408761172,0.0252119322608118,0.0207866358667248,0.0182171384797012,0.0253418674355678,0.0234521670157917,0.0265187000674313,0.0241759166936911,0.0291063516029289,0.0226285159675627,0.0345000379669609,0.0220279458000118,0.0267798563439304,0.0253048627642545,0.0296181218218082,0.0301281183610018,0.0295748270416054,0.0262864661337966,0.0291593918192287,0.0298943936466689,0.0214663957345681,0.0329434920936059,0.0267412412058459,0.028638945016986,0.0157860320183846,0.0264691708769004,0.0265491454724863,0.0313580764184334,0.0288122942866932,0.0380112132746615,0.028699100672967,0.0203471842894324,0.0282864843878462,0.0224581226217879,0.0247313563620707,0.02609225547051,0.0198437346133868,0.0354983954775021,0.0359015085325814,0.0314831093558159,0.0237743310078844,0.0214051592000877,0.0247306731208069,0.0324880806293745,0.0300371044755735,0.0218831341784949,0.0281970451650963,0.023722384460753,0.0328998983551566,0.0243900764754434,0.0183798322122856,0.012718498603601,0.014756266108346,0.0300385390317628,0.0295165358500754,0.0217925470506235,0.0306914176433338,0.0171488795563615,0.0310111787493543,0.0233839238337798,0.0212565358930605,0.0279967543193905,0.0246321285196187,0.0251717277186736,0.0258776492874479,0.0202269203511014,0.0293354147233858,0.0324717108848767,0.0214202562589666,0.0232685613823872,0.0288206789833089
1387.02963438217,0.0333776920252769,0.0327103657722309,0.0305051942624538,0.0383936669062172,0.0352966262775489,0.0325249485095458,0.0264408876999174,0.0201564283021767,0.0212507537506204,0.0194074236260311,0.0314051825308669,0.0303589197237691,0.0269753624807634,0.0274040123464743,0.0388316613516566,0.0196044005920122,0.0399611383136085,0.0205418336426776,0.0357445408901682,0.0384723228001172,0.0250348776016053,0.0314237810757094,0.0232931380588378,0.021717677992177,0.0326171074290376,0.0264560192897233,0.0395432059799634,0.0329449768792378,0.0163130859393219,0.0190318407339134,0.0227252550530089,0.028270420028719,0.0200404632436595,0.0319607564978381,0.0333442735727063,0.0347171675351356,0.0235013559921411,0.0364762762620448,0.0397673937478214,0.022099905152409,0.031885199844848,0.0382629290952974,0.0233941638403586,0.0305147656967441,0.0266472578132557,0.0309213279785092,0.0367348433724742,0.0318492672537228,0.0363713607895847,0.0323726883722044,0.023439052057895,0.0340334658341363,0.0244402763012859,0.033030470689348,0.0319445692311962,0.035288664523576,0.0242441290339567,0.0167602620006669,0.0264961860971959,0.0286661161780899,0.0237935834145667,0.0334276935235563,0.0244690641267174,0.030623124179204,0.0307816059323477,0.031501411819047,0.0373458186269432,0.0271754853720805,0.0353686260866231,0.0353910324643164,0.0261797680616808,0.0266286603360992,0.0223971083177477,0.0327126475149395,0.0299566221825816,0.031372354111208,0.0295313036936841,0.0319897017083621,0.0281841486488644,0.0289970676897464,0.0286976214113841,0.0312595725294984,0.0223767238622702,0.0321845069106747,0.0391263036397903,0.0248625773287636,0.0281293449770918,0.0358569624142765,0.0339501682360571,0.0327828811709613,0.0256902838941069,0.0361929697402155,0.0259155221640586,0.0300337007345956,0.0245824816508182,0.0278048131223144,0.0307761448469734,0.0193385566515346,0.0296778645785576,0.0308353220040797,0.0265267925183679,0.0324657703232251,0.0267949452046525,0.0348420590573013,0.03780763975538,0.0329697815073165,0.0253196942276597,0.0325048927196832,0.0331621003901233,0.0373434510110331,0.0278466594658465,0.0256200529947856,0.0242997385121257,0.0348929238164207,0.0311347119898659
1389.85696677295,0.0394088361380991,0.0409656733706848,0.0377968507569087,0.0321018339294382,0.0408633261565536,0.0434484938418881,0.042037053969936,0.0361283480650105,0.0397218481250322,0.0402369551783043,0.0401428291443063,0.034964352273059,0.0414652431907324,0.0422398099376748,0.0455298114478048,0.0415790481491784,0.0417777830917467,0.0408160441637333,0.034374346889271,0.0267947007781751,0.0485405599277389,0.0354254327638367,0.0338107382441234,0.0388910115453528,0.0371274859506709,0.0396365367750858,0.0397213082301073,0.0417416949527607,0.0374634008176447,0.0306887512800793,0.036593942519749,0.0424083850083469,0.041615165944663,0.0386693407114218,0.0346238258592524,0.0376306603226604,0.031930506984151,0.0453156697512862,0.0339505025574702,0.0385647375833666,0.0359733803022409,0.0421552047303467,0.0365834005371551,0.0476688787065797,0.0430311973883311,0.034990417563825,0.039095042009811,0.04280321034886,0.0403628893177674,0.0331130738823134,0.0361090498646702,0.0363747621124169,0.0429208012847885,0.0418304912570394,0.0415082129741457,0.0371195250419719,0.047791538244551,0.0447925291217755,0.038182918652106,0.0468474552592534,0.0353075241928607,0.0411197843170225,0.0316640034018838,0.0330057175780687,0.0449551903568301,0.0435276183229695,0.0408316902638361,0.0377558557317121,0.0344502675945795,0.0421414591251772,0.0340077009813873,0.040919694714552,0.0335634934282403,0.0389211547147009,0.0301344098166004,0.042411731200708,0.0415950982481454,0.0486945946022296,0.0360131052835316,0.0466374502623863,0.0402782659765672,0.0424722103861928,0.0401043547430542,0.0447987056489684,0.0403980355006701,0.0359880617704333,0.0401898965478937,0.0263729842510918,0.0432427270702464,0.0292059885306244,0.040875958328012,0.0422548572535335,0.0354643687453681,0.0329580379883566,0.040131406341245,0.0335194862674937,0.0391594356878787,0.0434839708556225,0.0370042415340861,0.0337999107046518,0.0304901770040027,0.0569962792336322,0.040689824962792,0.0393168268744459,0.0445459791606117,0.0358145071149575,0.0363283633308728,0.0360030880765626,0.0306303949322455,0.0347788197500913,0.0351447706621491,0.0290239028251978,0.0423902074665144,0.0410678238645792,0.0474818321362309
1392.68234255156,0.0364399590638131,0.0293410548796364,0.0309261844519734,0.0149865576531163,0.0319335724300482,0.0291547135331829,0.0300809323526095,0.0375257354626975,0.0330426108697656,0.0285202141344562,0.0248412185802974,0.0208361969528246,0.0163704680815594,0.0310701349447904,0.031629252016629,0.0194706061182597,0.0312651520949096,0.0301824199457895,0.0287263805504816,0.0307915652929568,0.0243453797640503,0.0328911005883887,0.0182725987982761,0.0226734820494321,0.0244512863400491,0.0219869174488826,0.0228144085870182,0.0231182118282592,0.0188731275077623,0.0303451952043832,0.0291416132274711,0.0211776938648701,0.0242948748435361,0.0225991364939958,0.0332434882671679,0.0291912399811792,0.0217140485785061,0.0319719228659083,0.027598377208907,0.0268814354006783,0.0233659461102066,0.0280367748077347,0.0308406432572827,0.0188941370984087,0.0378522790057119,0.0258372571489339,0.0267791914302928,0.0230815269312893,0.0232122285508121,0.0371455089769087,0.0292598845489831,0.0268967466330806,0.028599578431695,0.0323286396794269,0.0307287847656637,0.0356949058836442,0.0241028615794689,0.0297280618158133,0.023583138912393,0.0339637146131259,0.0300947126413252,0.0225397719741412,0.0189089540310709,0.0244728520353488,0.0322311432608849,0.0356556820671766,0.0317119953188474,0.023197427833193,0.0252295883421021,0.0303258743732239,0.0265752324692924,0.0324175998689366,0.0288239864474052,0.0325572268124344,0.0232144039952633,0.0197853300401594,0.0347654651005521,0.0329246772246236,0.0329524673398671,0.0272162358276054,0.0247476651377141,0.0305438236058765,0.0331849563445141,0.0222731216036294,0.0335527469419714,0.0318208871124006,0.0171341235023413,0.0201201910199296,0.0289413938069942,0.0267170022911015,0.0244693299942169,0.0301328725975689,0.0257560370396128,0.0337100058727825,0.0304449218396103,0.0304147952645079,0.0366272285898698,0.027915352318342,0.0305946613875305,0.0329020164382465,0.0323041004576931,0.0268870878039675,0.0288254280271404,0.0330405332889907,0.0240010351912877,0.0215337665110183,0.0386725836418273,0.0345665050604554,0.0275673513566168,0.0327759690685524,0.0298472341878629,0.0243570462658627,0.0311877940177237,0.0264947607904756,0.0298747319788597
1395.5057635887,0.0287131287038588,0.0370878118926645,0.0360661606091782,0.0271486226320151,0.0294676650419209,0.0352755145359841,0.034043303250204,0.0270504000597522,0.0258424114028227,0.0368977812545246,0.0304010205174987,0.0243690250400155,0.0275905235031124,0.0275039705497896,0.0204555190797247,0.0245976195160663,0.0293535764835139,0.0320409604499079,0.0348960967099813,0.0331829324258404,0.0267337100575265,0.0287339236772698,0.0255602748306158,0.0261851434851793,0.0268405409141421,0.0297846368703864,0.039585919448088,0.0314055807982104,0.0233977397367859,0.0234626891321438,0.0233452955534926,0.0337357772838259,0.0294582931815018,0.0271658130209561,0.0334818803854793,0.0326752264564809,0.0257822798384235,0.0300121771790116,0.0333448282234731,0.0309183521057675,0.0230277357630687,0.025595411955982,0.0278189455423454,0.027872891594073,0.0299905337739766,0.0271777007705853,0.024271616228667,0.0329868452684937,0.0223503508241133,0.0258963588107639,0.0289364670753183,0.0367977989529788,0.027741850936111,0.0228412815798392,0.0282173012925249,0.0348295944299042,0.0395321618917653,0.0266837760229839,0.0226964458768846,0.0303637908713738,0.0319167473963796,0.0281152531997849,0.0261332126233133,0.024152125472112,0.0265187208851411,0.0245690335487444,0.0264479071032417,0.0305256152955186,0.0271134157691537,0.0409312347420628,0.0197029249217353,0.0261021507813687,0.0400194118038943,0.036058872528061,0.0354580232296743,0.038458745533855,0.0328125906653223,0.0210243486822708,0.0233640694208261,0.0290736995859788,0.0222518344951086,0.0357211618373456,0.0295684702648034,0.0273448734002103,0.0272641488716989,0.0205615120152833,0.033547507480767,0.0326464955529456,0.0312873269950468,0.0419538762041765,0.0230768993338251,0.0399702919899858,0.0232206183057934,0.0322897520385406,0.0301050091389906,0.0245643327425373,0.030830803378139,0.0314097434020466,0.0159495793416414,0.023710677413678,0.0303459256419664,0.0276370470331005,0.0241048070733758,0.0396968665779376,0.0340445294595185,0.0276209760406363,0.0350647470399104,0.0314951654085686,0.0327116309477443,0.0329763550932672,0.0273058534610979,0.0299459905462858,0.0303120744078239,0.0288741161760738,0.0198307930872463
1398.32723175259,0.0369078711799732,0.0426986108356432,0.0406757856719053,0.0447445548282603,0.0334657496322234,0.0387267391617064,0.0321889941881246,0.0392837855163529,0.0325776781693677,0.0528880553744448,0.0407864831816348,0.0378429607807738,0.0377258908021098,0.0375043187872466,0.0358765950408768,0.0308283046255935,0.0489233153048793,0.0349993525800172,0.0432264541766256,0.0237088707266071,0.0399812999310654,0.0245917142126531,0.0399232361458905,0.0406640968519997,0.0292445148706859,0.0343500446219411,0.0339292144684885,0.0391695274309609,0.038681204351566,0.0384404984051647,0.0317877142627861,0.0388028489774878,0.0346366331593745,0.0295763656735993,0.0358739558676218,0.0329261892363765,0.0408423364278802,0.0372709671953727,0.03361273305419,0.0376776457527292,0.0344018859401481,0.038012075321228,0.0350969699296246,0.0341315423269327,0.0442596714130792,0.0351511982456804,0.0370133906943036,0.0391375774467071,0.0350650226022421,0.0463465068836787,0.0351389422323782,0.0397209370969677,0.028512504178464,0.0376106151621174,0.0400262089988014,0.0383383780851849,0.0337947713416587,0.0323855513115625,0.0316874222065499,0.0376835881524463,0.0337533433953396,0.0337055740700961,0.0339119359899711,0.0353226761529261,0.0434270231555872,0.0334091462357785,0.0283317778869342,0.0416959827324705,0.0267944630174858,0.0329708793047234,0.0319389967236666,0.0274038465736379,0.0375051446407996,0.0330082924716949,0.037868596233055,0.0359609163890604,0.0378975340735779,0.0388752636751704,0.030146915631267,0.0413052895788879,0.036045988762444,0.0354001162043837,0.0336393236221978,0.0427073573785061,0.039963712465147,0.034464639711768,0.0353828512965767,0.0521571889271511,0.0374035461069703,0.0309070728654473,0.0329488730668283,0.0343003385204236,0.0366682409713182,0.0341651260715088,0.0385628987243893,0.0297715294045659,0.041444646307085,0.03165384135205,0.0359715120433638,0.0339204831045029,0.0327297037308522,0.0397655864676218,0.039140889240682,0.0415233120034859,0.0293620750144841,0.0342584085142962,0.0396086676077596,0.0383387723029123,0.0400556536144715,0.0293619981166025,0.0390345181153851,0.0328546278201067,0.0337931444450249,0.0416494744842772,0.0356824422803207
1401.14674890907,0.0403449458575655,0.0483243474083537,0.0414836051146028,0.0444727746444186,0.0444654126220812,0.0395085322413201,0.0340604847920434,0.0509917276909968,0.046823540409829,0.0547837897424539,0.0469107440232131,0.0458180991165115,0.0412767689203241,0.0383040463891999,0.0393786157449586,0.0425181315971216,0.0497241499159073,0.0423127334928889,0.044060410953057,0.0498898821736774,0.0461950163346594,0.046121348378816,0.0472403301969985,0.0365385802321289,0.0408013887804723,0.0378477963788892,0.0373710998813585,0.037803318106556,0.0432346601326137,0.0299494109644951,0.0440747170576483,0.0422761849911005,0.0442142252230033,0.0406848209063066,0.0425590968643078,0.0429356280136217,0.0367083945656717,0.0445445881874161,0.0580638856624372,0.0390357190750481,0.0446772431615669,0.0509732302661904,0.0364351792923461,0.0393110614666621,0.0445183364017908,0.0392788621867827,0.0367118338050318,0.0501485079882789,0.0391148847968109,0.0345804415873732,0.0343024722070249,0.0501896233884616,0.0459747380734901,0.0362333630457213,0.0419464591888633,0.0522158412305066,0.0367616858177641,0.0375564521150324,0.0352139600227188,0.0319321025163734,0.0410049761342008,0.0484307396731281,0.0379286062630987,0.0355782070682271,0.0447411687043393,0.0422638560568318,0.0428507647612599,0.0397577025402032,0.042016128774004,0.0446993110976298,0.0474631811565217,0.0352367627457185,0.0410445116824937,0.0425599061511131,0.0392000278188713,0.0416262948765749,0.0473193017201107,0.045727963438606,0.0456682020309327,0.03501370306214,0.041717244989911,0.0466718572661905,0.0448496276597033,0.0424005923394738,0.0385836137575314,0.0319821738366545,0.0480425538679097,0.0411233147646399,0.0446074611084272,0.0445635686795827,0.044442702384567,0.035603310806973,0.0435234764694605,0.0437104376967417,0.0327641837597643,0.0471407973751472,0.0482480586191135,0.0460631709550998,0.0417079083424399,0.036944918962012,0.040537433681097,0.0513679724998294,0.034450338779717,0.0428261121655571,0.0427113136669596,0.0360900261460078,0.043625316403218,0.0468477938075785,0.036491795310218,0.0476468680347914,0.0337817921133854,0.0368561790035154,0.0383747600400204,0.0413266321548478,0.0391477045645932
1403.96431692153,0.0262987205145573,0.021166259162398,0.0286749602245962,0.0192887219266523,0.0296829687462887,0.0188314906922228,0.0232238998445617,0.0275930749992125,0.0252112890644081,0.0219631089045735,0.0300653988310038,0.0212744898728427,0.022843443749028,0.031529531331232,0.0260796685090019,0.026457915534196,0.0301462087243678,0.0306538300249184,0.0277409253943805,0.0274854776359221,0.0291083861614599,0.0234493331722306,0.0263297539026156,0.0192850207688548,0.020121385648915,0.0143038824126106,0.0231942095468708,0.0213898697733692,0.0225531707392521,0.030211651279961,0.0191763087688323,0.0248562201935409,0.0296940281188983,0.0273869850171806,0.0300058320017425,0.0199404879422109,0.0199666350581405,0.00743813501885756,0.0182627852623908,0.0349927172566269,0.0254462791162083,0.0268393418665287,0.0231725545660761,0.0264563752759646,0.0259118441078274,0.0296333325477402,0.0157497930005248,0.0331764590781867,0.0252779942993202,0.0233755696832768,0.0182882130296986,0.0300130600173342,0.0290218987259723,0.024096793786897,0.0218736012823704,0.0159727858365044,0.0229070475878871,0.026371014504479,0.0239612648146696,0.0201977736380608,0.0266701363083125,0.0202540561130816,0.0273917076770959,0.0210933743452617,0.0245406650381852,0.0161522228708796,0.0244628474136514,0.0258045299354591,0.0245391031481521,0.0291184695779196,0.0220875615114373,0.0289657002004253,0.0237377739218695,0.0280471121112594,0.013191195911106,0.0212316680444057,0.0254229793182453,0.0234104711253029,0.0203138798525929,0.0156514358127934,0.0251604407933353,0.0177121395397856,0.027029202197253,0.0123629909941011,0.0258344869540579,0.0224079472493797,0.0245055664141302,0.0231347414086548,0.0239256847083912,0.0276430520875021,0.0125592899619639,0.018722993255289,0.0256158837647248,0.0237454606939856,0.0176492758086914,0.0236676717974659,0.0200901526155914,0.0256571327353774,0.0243584294935403,0.0277991333592337,0.0234773396350044,0.0213183931610812,0.0325169550714444,0.020460129212648,0.031507647580683,0.0277597911980873,0.0194499624047399,0.0190738436532393,0.0318510323416942,0.02327300810414,0.0208684725921743,0.0257804712711162,0.0299460383948005,0.021349173577378,0.0215997673812973
1406.77993765095,0.0249930527353339,0.0252092516616568,0.0180627439099742,0.0239244997772175,0.0305014323840472,0.0250117403261198,0.032017295206107,0.0269035799486016,0.020747444634541,0.0287739904131981,0.0346165895521341,0.0193553482484982,0.0302756492044389,0.0312749470205415,0.0247297963593975,0.0267454414675433,0.0213165828368989,0.0211802192962774,0.0221666807800228,0.032096372569236,0.0331836490041333,0.0193529179089166,0.0239005607669417,0.0272375178697973,0.0311708933921595,0.0313594679532046,0.0261314501578735,0.0275844111838837,0.0265988118201623,0.0288507669387993,0.0298527571198902,0.0197814857565747,0.030533834655345,0.0292996703882687,0.0286984436227033,0.0164476320080745,0.0147659845886701,0.0304425455322847,0.0246168150214433,0.0185082101453601,0.0290683913067383,0.0297570414993788,0.02616463535174,0.0327597206473618,0.0348309184375554,0.0205544870414816,0.0258162314958404,0.0377557626001725,0.0342401782723567,0.0252966507529372,0.0310468507274118,0.0232992439727416,0.0373683876736043,0.0243656820297352,0.0298768019432042,0.0244304838033309,0.0286191282470222,0.040849099906523,0.0165593660431853,0.0259266391738914,0.0258511182296668,0.0269626964062151,0.0244242967204061,0.0235652440179212,0.0258848442597734,0.0234220417787127,0.0170642405333918,0.0271768826469653,0.0187216595748015,0.0261223306259256,0.0158207625006212,0.0221666901793601,0.0278563238670327,0.0228532179667,0.024401203658317,0.0307296551583907,0.0251510755633386,0.0319460106151293,0.0244163050016519,0.0252017116948987,0.0194689400568234,0.0218471102671231,0.0284052933540666,0.035883434303295,0.0234003907659374,0.0188626045903736,0.0361145358222542,0.017492292649205,0.0257937656790561,0.023081948158177,0.027297257742566,0.0243379003070892,0.0253436473800141,0.0338682937329244,0.0195663839442841,0.0261601959929587,0.0318428623053424,0.0237704661292385,0.0207752628499282,0.0341777170970784,0.0248237367221834,0.0286221238626655,0.0207281071227478,0.0304047914980604,0.031238511318955,0.032835048704051,0.029464346511106,0.0336640335535207,0.0310489264471139,0.0290052098686907,0.0183877290403225,0.0238831301582582,0.0296736711053709,0.0205102402756574,0.0267127473816286
1409.59361295591,0.0247627917321216,0.0125993281676597,0.0101923706267038,0.0139444104904464,0.0173617592064542,0.00329131797699694,0.0222714788907754,0.0111000939583847,0.0211175385387928,0.0128078257899428,0.0178020623887121,0.00973214277090727,0.011873990659988,0.0207360187685097,0.0168858161700209,0.0188821704562779,0.00928195714419766,0.0133495509448285,0.0139250631835193,0.0086423006756574,0.0112477595927089,0.0180015035274664,0.0252884704609374,0.0198717542585471,0.0142840686761253,0.0116333686396139,0.0135876056034446,0.0117389161951898,0.00755869585541192,0.0127596227718651,0.0170208082094982,0.008288520978108,0.0154964918015916,0.00680635834409339,0.00547889462432361,0.0173006288712673,0.0189112475950965,0.00798437495086168,0.0139578073381158,0.0209941449836629,0.0165528025741477,0.0183758442745796,0.00427104297904692,0.0068086487356996,0.0130177665858861,0.00763024798008677,0.0157665725863451,0.0148907925055744,0.0171787657695848,0.0141220248639697,0.00963701547178917,0.0133734028887701,0.0145278907723761,0.0117206961923126,0.0158871913456755,0.0209143848927959,0.0147944123883266,0.0247826591225235,0.0223233494677349,0.013132124766862,0.00722615179691234,0.024566903324546,0.0187744414362463,0.0211340182803608,0.00894410830170163,0.0237106708410539,0.00968107561325204,0.0110665778012205,0.00903860495892769,0.00674703359323667,0.00902379197542764,0.0142968435097596,0.0138739489265478,0.0242420458848926,0.00444147900451443,0.0092788806265962,0.00436594373887166,0.0135143402096942,0.0225369155256738,0.0173197185078341,0.00782502400528474,0.0133170843911642,0.0122596888429633,0.0150707640968061,0.0139343397387905,0.0104125449875787,0.0163913717917966,0.0118651252443393,0.0137266637149038,0.016389409839499,0.0131223163530511,0.0117698096273104,0.00911886259074976,0.00573281518105821,0.00942300703262039,0.0165214549821401,0.0222972867452891,0.0115591032656797,0.0111574646732193,0.0206319334581625,0.0180713406390346,0.0115903805292123,0.0105999600640669,0.0091452884169312,0.0200657220319532,0.0100733445482073,0.0248482430032221,0.018021318279876,0.00623161517619431,0.0183399046139223,0.0142776954512919,0.0112209102691529,0.0125921396408927,0.0147692501173295,0.0242924407309902
1412.40534469257,0.00917062370045824,0.0102209853771296,0.0159693261693543,0.0191531287045086,0.0149863259380488,0.0159442913126214,0.00723983937807633,0.0239497174700608,0.0182904461831363,0.0196502892710086,0.0175735955716872,0.024387996624345,0.011088237205978,0.0161752313308722,0.0253308088356048,0.0202895372117943,0.0165826719467516,0.0196394281090986,0.0255496496964717,0.0143638303043614,0.0234873478216287,0.0215787896550045,0.0185448387835116,0.024569270858735,0.0269769183058198,0.0141086965692343,0.0277764814070433,0.0163499779602446,0.0159321155492837,0.0212602182893985,0.00858110665247472,0.0246880561909986,0.0218476961834341,0.0120058167243052,0.0191763564556593,0.00571913165649513,0.0219746937539335,0.0218156270409844,0.0230883163516822,0.0197041900268897,0.0107372052059347,0.0144314772100987,0.0267812203002588,0.0147833418018604,0.0176516155129606,0.00409743341756192,0.0231433648796444,0.0162695340080858,0.0153220577976556,0.0226290922045222,0.0197133608468693,0.0179863994166701,0.0288222639286992,0.0281815372279254,0.0140178730567029,0.0135988678908839,0.0259677641702889,0.00982305445415943,0.0138564800103626,0.0194368529303798,0.0161581505178562,0.0189679075462895,0.015298537123534,0.0176253337430044,0.0130101032425949,0.0223999574505476,0.0121901126772306,0.0206713858817331,0.014342286788525,0.0201768865123236,0.0218814608220201,0.0205612944786535,0.0279048772425537,0.0229102409397387,0.0178711180081843,0.0351042997550983,0.0214123602677291,0.0209799624153774,0.00976896141150999,0.0209030447213039,0.0195244664661805,0.0147264613971463,0.0224353465668797,0.0240196493605041,0.0169519984492017,0.0216588452724553,0.00965504414265406,0.0212650210458388,0.0188442358584459,0.0258134989790303,0.0150338451309361,0.0233029570295,0.022092824584121,0.0120595985244168,0.0157630235564174,0.0251188179111442,0.0176860235449181,0.0178674045760734,0.0213566090960078,0.0220569267710671,0.0151206915469104,0.0232541414210958,0.0174873462581973,0.0255793368659532,0.0263792537040374,0.0167859639362362,0.0191630163703521,0.0172441033343725,0.0273073482219198,0.017538162019341,0.0282763601625715,0.0158225069055711,0.0188637466892794,0.0254351751354237,0.0262010587406879
1415.21513471469,0.0148032876344564,0.0218381791511713,0.0201262844067838,0.0178747809932175,0.0131639222668533,0.0189495854673742,0.0208508174362403,0.0216856413987534,0.0160142373074252,0.0216246053858969,0.014153727508748,0.0192086175758697,0.0262685548268954,0.0203031179678591,0.0191452232168195,0.0124575723630014,0.0137019446221069,0.0150950872079719,0.00875465789632602,0.0174008722418433,0.0183916080352366,0.0164377311476226,0.011816712661248,0.0177822155852405,0.00904607075535543,0.0306686733824782,0.0195380081126231,0.0150591841569232,0.0162623634841808,0.0177615352279842,0.0154751689893879,0.0201948683326623,0.0260226162186662,0.0237331260882247,0.020053705527367,0.0147229683243292,0.0157239352926793,0.0248343874823542,0.021248269640201,0.024386980562671,0.0149638268418039,0.0158035369900526,0.0130382375382727,0.0178510319631793,0.0125911136592148,0.0281566140967239,0.028359414829185,0.0284317552157839,0.0123959282925132,0.0185870308292458,0.0146124977653427,0.0166981601597398,0.0194614670584434,0.0171835634569596,0.0182166955652471,0.0204673915321708,0.0197770318081486,0.0101589011675104,0.0223913498113687,0.0143067841686247,0.0234854800085916,0.0149940152043328,0.0177738124295312,0.0163183282037889,0.0160151465885252,0.0254099198430909,0.0141661867539594,0.0199022945645141,0.0163351325498229,0.0183208582807066,0.0222075569213546,0.0214109177110768,0.0238351723133488,0.0254251290892743,0.0231099309029774,0.0278083362656755,0.0152447017089143,0.026258838999112,0.0171896063680733,0.0195947919789302,0.0149640611641305,0.0167028936385404,0.0123494249474461,0.0243308856536765,0.0129379919702159,0.0263606600650738,0.0186080630561793,0.0172772430619398,0.0175385681434468,0.0245191921241113,0.0233892949941283,0.025217263982156,0.023519523508814,0.0162151950232309,0.016629866866169,0.016063898182854,0.0251138416743472,0.0214705318190704,0.0123206937221174,0.0124200723109541,0.0181356415742553,0.0165351637068204,0.0211002941344494,0.0248043278364353,0.0234273010279759,0.0165510190853032,0.015121058800337,0.017583069357509,0.0172681293453859,0.019487797591149,0.0154254570117807,0.0150496236490559,0.0229802437492023,0.023003633725749,0.023272605483856
1418.02298487361,0.0124976977722881,0.00174766642084665,0.00685065155190683,0.0079419124239701,0.00920749549088068,0.00962312372274102,0.0122121133231773,0.0124130030767336,0.0121473845445025,0.00787722782197104,0.00593901692325645,0.0134942272326597,0.0161654595541718,0.00981047026877822,0.00483861690084473,0.0128077096067654,0.00976333188474421,0.0094816419671464,0.0198738134473562,0.0145135476535549,0.00951620158022061,0.0140421195853636,0.00347485704239193,0.00827278205205308,0.0153198731873218,0.0131530355022966,0.00597153623101136,0.00625289010707962,0.0133846063646748,0,0.0191028165566497,0.00499505790375475,0.00829257976713584,0.0110548733616462,0.00650665769268695,0.0129165238888692,0.0111358378368877,0.00837835466509571,0.011733553091425,0.0122961857870221,0.00806631772235586,0.0124195789897359,0.0101373107361838,0.0220282307625922,0,0.00590318062228583,0.0129157131850415,0.00668915613204571,0.0111129010889889,0.00691257511967113,0.0160385399500445,0.0111225328624481,0,0.00727867147303014,0.0053750322512602,0.0169973981999524,0.00654138060019228,0.0176046853577261,0.0145039099881759,0.00810187604257036,0.00274666880645588,0.00889013734473672,0.000300429528261636,0.00573667902813478,0.0147299457156753,0.00852303163966241,0.00518413296278651,0.0114934745117716,0.00947252712855622,0.00609751297501223,0.00891116321064632,0.0125015765456684,0.00440986775830193,0.0126325885602635,0.00757454043999844,0.00694734093775874,0.0117940617114389,0.00457095388009259,0.00936029412002152,0.00194517688089532,0.00336665223517669,0.0115280032239684,0.0115959672978477,0.00897375274113081,0.00948183384999064,0.0174111989613622,0.00325554593869471,0.0133051843496509,0.00390779109184762,0.00230927322763044,0.0119392560402597,0.0110899753785335,0.0161522248765909,0.0160126715912733,0.0158661104543936,0,0.0117903300477581,0.00713018101025989,0.0060510814981378,0.0122154028547598,0.0065611077542471,0.00712639213756168,0.0049875029793201,0.00897345418494075,0.0183074677961916,0.0141892171924797,0.00729803418718278,0.000889069802925545,0.0105220012183719,0.00175775926283006,0.00862153602050354,0.0137535019104124,0.00540343260990873,0.0173096152799808,0.0133504881947691
1420.8288970183,0.0208124149887382,0.0187735230928259,0.0263071348468465,0.0245782013297474,0.0256896612423369,0.0169546362017568,0.0279752808979118,0.022067921322124,0.0157921365720857,0.0272499379705563,0.0212596978495358,0.0265450469037139,0.0176287781247931,0.0128854860688295,0.0263496494293598,0.0229733423826684,0.0138903900999897,0.0261266575398838,0.0192054995750865,0.0175820892349628,0.0218034195744472,0.0182133176208033,0.0255638923156285,0.0283511593899487,0.00817127509973302,0.0221682799268472,0.0239473663505088,0.0286621787564796,0.0196551614216251,0.0190040089256431,0.0227466087925643,0.0225131041207902,0.0212679186716455,0.0282406032596357,0.0223897223808418,0.0105847640346906,0.0213826090991064,0.0303777997750058,0.0269524032319,0.0186348303166093,0.0229086040779432,0.0260153283401303,0.0186199061165541,0.0262211983987613,0.0224753320251853,0.0173088433644438,0.0263248504292329,0.0307272961818659,0.0201527324107013,0.0149202468476953,0.0147674453177575,0.0152450765417329,0.0190773312058236,0.0162445084207195,0.0244616236451126,0.013543061990816,0.0237352883528879,0.0228834729708951,0.0214267527993104,0.0166346173259644,0.0182057828687436,0.0242607553337025,0.0227722510744429,0.0203099396126484,0.0215341603662302,0.0190984328695506,0.0236531480857227,0.0211449226922055,0.0281321599712682,0.0261332703086458,0.0130877213702588,0.0171839353977367,0.0250757988579733,0.0190104513765622,0.0172223128036344,0.0246713290513734,0.0240260605682792,0.0264022558447621,0.0244459290662613,0.0235682861993869,0.0221656874584632,0.0146389871418137,0.0179829785496647,0.0277052996639019,0.0223045038015712,0.0194115410939779,0.0235901817272157,0.0152464192449269,0.0208757867591708,0.0246616981396902,0.0219331707526742,0.0232053272730643,0.015408542015326,0.0229343482483661,0.015667574405353,0.0112535574011305,0.0230759101789503,0.0243714681894846,0.0261992246610048,0.0258741774113455,0.0117710015182351,0.0318248753221212,0.0130196502471601,0.0259922021864256,0.0219390646207724,0.0204130650140156,0.0260712102218399,0.0210601622274356,0.0289153929123349,0.0217939523092732,0.0308922242552872,0.0232535101967832,0.0204066401857628,0.0225591502232488,0.0233940905757801
1423.63287299533,0.018007720167672,0.0116195861545495,0.0157901820390508,0.019012749650418,0.0282144210175125,0.0189336573055477,0.0257300928003946,0.018770908102483,0.0178465332521701,0.0129926545261328,0.00826651455172857,0.0219668107511193,0.0174587787411111,0.0176025947345729,0.0115325104594499,0.0141006126226969,0.0148131637658775,0.017290450374903,0.0137244945710341,0.0163465668025013,0.0151290894144842,0.0218549335610224,0.0199694036934427,0.0221594528417028,0.014476989728611,0.0209178356418067,0.0168245303209624,0.0295700818764212,0.0189574204577923,0.0139149998872868,0.00944757095617549,0.0207471676301225,0.0211069607950855,0.0193929781920737,0.0249182973590646,0.0136822045623374,0.0190226094015899,0.0144950424850971,0.0235110854896619,0.0255308292620682,0.0104736769386361,0.0221320756620756,0.019539875967966,0.0194912300209289,0.0212375806155177,0.0132877547099293,0.0185304361829276,0.0310907877633632,0.0248687252787363,0.0202124027797248,0.0238217404354129,0.0242248334300368,0.0199847859550827,0.0241488687088929,0.0122025916520414,0.0210035056442088,0.0262810750376241,0.0221754337158415,0.0206945819742601,0.0142782496511515,0.0250402335593065,0.0176525791063055,0.0188207122259671,0.0157718752022646,0.0202807441606691,0.0162353154763087,0.0147033091769182,0.0160484591784371,0.0218568219081427,0.0237792102420674,0.022190153675257,0.0213392224167133,0.0221517640750738,0.0243100670176583,0.020868141822912,0.0272008926777295,0.0162857912432116,0.0267737971433163,0.0161037369466577,0.015764688384628,0.0230777751407574,0.0166634980776853,0.0249341834318751,0.0129211843725152,0.0243012585841527,0.0241615225046944,0.0109719987524529,0.0102339772361591,0.0233727739022649,0.021268473385542,0.0228359884009353,0.0208850991634882,0.0218392460696887,0.00526770663683023,0.0248170940261089,0.0215718752342931,0.0256336625477395,0.0149618860351519,0.018312271828702,0.0301332164858055,0.0126693137775712,0.0229893945395837,0.0205197127700208,0.0274171105735766,0.0244949911342902,0.0132623640923561,0.0193656745063069,0.0159489067178021,0.0232943164549647,0.0254333835166186,0.00931731603808472,0.018216298157859,0.0256569344002091,0.0218146002276587,0.0151214399995442
1426.43491464886,0.0268840996476628,0.0243763333886709,0.0303719056390908,0.0291787402652767,0.019469118531639,0.0193182410427709,0.0245613619917548,0.02845808241013,0.0102794501664767,0.0182886386101747,0.0268269693090622,0.019059740921105,0.00905567187483985,0.016914926747187,0.0222267388014929,0.0188545800309977,0.0184351812940665,0.0187780428631476,0.0146976592579485,0.0226872133788072,0.0160621648940281,0.014595248554489,0.0138478732415197,0.0187220864943452,0.0202613477965431,0.0196832805587187,0.010786328859101,0.0127422505687229,0.024722151254364,0.00993458963891316,0.0251596053041489,0.0270386419183692,0.0198663538677442,0.023043418506578,0.0199754285778737,0.0276220562922126,0.0194233902645427,0.0256985957676699,0.0200855960174311,0.0297348310968057,0.0197788457028559,0.0182644574901703,0.0258891087333533,0.0149650906081696,0.0254099605660064,0.0197618778960873,0.0259868342206905,0.0271627128385017,0.0296008304681583,0.0211503247918689,0.0220401994050682,0.0262281377436083,0.0241359564386839,0.00944340679346501,0.019217305512956,0.0208506097441208,0.0201530522527418,0.0220292383980053,0.0205266090242297,0.0222977956752405,0.0281104605539416,0.0158888642970476,0.0197417770351952,0.0189010610546292,0.0281935154373509,0.0160789349161734,0.0140003116637054,0.0191700545418892,0.0167070571683614,0.030185450674513,0.0247624441132435,0.0255106188281117,0.0175969948138639,0.0219644045098189,0.0163237357960751,0.0237710492785143,0.0236882265486673,0.02330717587644,0.021408202381799,0.0156104917055336,0.0261759916487844,0.0120884508807747,0.0264213404035082,0.0154601288439949,0.0301088830407661,0.0305679153953271,0.0270151094981774,0.0234661079893296,0.0215932835452538,0.0232585412046943,0.0221477252060537,0.0217924110601045,0.0194763950874872,0.019330213861282,0.0268472801805057,0.0247289963369494,0.0227427906973945,0.0191746347153493,0.0120920109220123,0.023884889665874,0.0233202919699027,0.0298630137409671,0.0252943117751701,0.0191692071104428,0.0297971018222572,0.0259455827280619,0.0267803225163255,0.0268038540939453,0.0204206162375038,0.0252595565946878,0.0206552270888752,0.0175073826746336,0.0276672428149784,0.0216326736741631,0.0198053987214118
1429.23502382069,0.0108550977874526,0.00865208504383681,0.0100730851125842,0.00576337241604548,0.0032159804468676,0.00468742857234252,0.00750508501578061,0.00466097121226692,0.0027285542825876,0.0154611146144465,0.00584872598483762,0.0211325725347901,0.00781947262389189,0.0102805483825921,0.0128666121105897,0.00565931142863426,0.00758310149462112,0.00943215761617949,0.00656634012773547,0.0128439986813397,0.0180961464940263,0.00680627928945847,0,0.00380088359402814,0.00832349025776628,0.00764219562596091,0.00636725597297637,0.00561324721269475,0.0106254693637816,0.00760906322873348,0.00204636816839991,0.017263036829637,0.0131620634583549,0.00934389882374735,0.0118397358540755,0.0112651873599619,0.00612002793522355,0.00876549701618999,0.0144789240296079,0.0106668354166165,0.00292112812310615,0.00540030202025067,0.00464706641463153,0.0120959825066529,0.0123367524776855,0.0102580136236813,0.0111517879659367,0.0114054060809692,0.0169899701939228,0.01391014500422,0.0105081659802488,0.00942132394361433,0.0175438644599307,0,0.00699128798464955,0.0114496718323633,0.00154962150739797,0.014805083585438,0.00284104008210181,0.0101592156508268,0.00581528884707486,0.0114592864793129,0.0136647653240761,0.00619820601980593,0.0113635146790431,0.00517517457105274,0.0105702889976927,0.0130120796051219,0.00935615647662038,0.00709778900095391,0.0120762339287768,0.00906292786171824,0.000432095717475856,0.00869002335008966,0.017266986930023,0,0.0111186869095001,0.00168511420337316,0.00873724325887587,0.014382084742736,0.0065049439567277,0.00367060945012658,0.0109358569294791,0.00179045440470702,0.020212000094729,0.00692299789677556,0.0187532660801671,0.00454675000660617,0.000514151987770291,0.0134575392920544,0.0161185889319476,0.0146873331192827,0.0116238795496806,0.00825792886355186,0.0052907442746878,0.00581752370980096,0.00893835058970633,0.011431031776316,0.0124888639419795,0.0121143461211696,0.0015317709328169,0.00428522613061065,0.00924700037831177,0.00824604693945475,0.0094557171537058,0.0032941987784399,0.0108863510159044,0.00742694181448404,0.0121020839893,0.00595375092261696,0.00788567985352161,0.00172253130240074,0.0128694163237384,0.0067148736434459,0.014261167596787
1432.03320235022,0.0118098607131049,0.0123011288964933,0.0110563674326764,0.0132529529295227,0.0143887339389339,0.0131572998987205,0.0164416484006731,0.0116793200295476,0.0155398694254388,0.00885171083616385,0.0142862964948203,0.0127454015687172,0.0143003276645646,0.0150460981338665,0.0122021697583541,0.00500220414699238,0.0166040358658721,0.0109528654409562,0.0107910926174563,0.0100372397259774,0.0125556526179301,0.0121353663892831,0.0130593072867292,0.0118965428069957,0.00769025697283663,0.0232148205897201,0.0115827066269179,0.0151762995488116,0.0142732683589543,0.0156767574240975,0.00849156754138158,0.0198339533988466,0.0103106240080394,0.00597195814053564,0.0160208340729239,0.0111640862986714,0.01588466775971,0.017294793113475,0.0143812721151471,0.0116536094965994,0.0156019889505301,0.0153479190780665,0.0148180620831384,0.0147126476119891,0.0203172960505753,0.0178679898888392,0.0137442170208935,0.0161239092061044,0.0152450276287726,0.0137880608738142,0.0141853493356359,0.0141470772247925,0.0120439108865225,0.00755566641583182,0.0178907729859871,0.0189583846844731,0.00848836490857921,0.00650593017733536,0.0070895286906816,0.0149398779127696,0.01161812800667,0.0199213947538609,0.0232523135625936,0.0202903424200414,0.0123118287708401,0.0185052526181663,0.00935169564736649,0.0205405047879313,0.00756693909056077,0.00534000897013914,0.00649846265740809,0.0143530504552758,0.00963458532706116,0.0118503115604535,0.0165856164788425,0.0202196114962174,0.0185541972420806,0.0103667454114132,0.0189818186576883,0.021893838405675,0.0134333398729069,0.0156683403408992,0.0130040933251737,0.0130158319666943,0.0124999834109531,0.0150025894242648,0.0159126528086117,0.00601677572358804,0.0191556629037323,0.00635660660169215,0.0208198791670808,0.0134862938483883,0.0125980643692463,0.0125119855733175,0.00900132787916148,0.0117687626467047,0.00662737190153252,0.0205754377953247,0.0189529504712275,0.0147617294389213,0.00788772183158936,0.0171443287164181,0.00857111618814268,0.0183313121375043,0.0109693465032142,0.0106537656251225,0.0156222438921894,0.0133661677159007,0.0114466363299884,0.0118314153319069,0.00664658791703389,0.0155997630658325,0.00894292649333899,0.0136688143252729,0.0173603589083783
1434.82945207449,0.0270973287085032,0.0132784473149697,0.0126017554112267,0.0223850024629992,0.0159041840957108,0.0130541953175835,0.0248647160331937,0.0170933085232037,0.0272968248838559,0.0158264898036237,0.0206025627728005,0.0280870750096699,0.0141985161146858,0.0187439274634413,0.0278278696965104,0.0261384643775051,0.0272513019266982,0.0211703224476537,0.0150323253813094,0.0212871330282989,0.0135385643609637,0.0196649050802514,0.0156769277169503,0.0298661458502133,0.0258872331002981,0.0166175107820968,0.021089325029864,0.014535067429949,0.0222350653485257,0.0177537174403075,0.020424340832146,0.0143796228900798,0.0261087974179895,0.0226962323382396,0.0271707747975248,0.0170340802783195,0.0179826569087595,0.0193438540117305,0.0225392363377446,0.0137399018046878,0.0277428702657232,0.020010236476724,0.0158030430124778,0.0239091164778552,0.019143918378475,0.0188762478751959,0.0239705980749397,0.0192433520881145,0.0238236720631171,0.0169602045397053,0.0129957230377838,0.0129726176351745,0.0189335288875329,0.0171414047221269,0.0233050453383053,0.0150395483458295,0.0132710062035301,0.0233260261160695,0.0184779076014796,0.0191918224868833,0.0222977056637634,0.0128428400755721,0.0188275000080191,0.0278412068771683,0.0229650072576044,0.0243172600635911,0.0180264896836139,0.0182428415662352,0.0157753656186467,0.0150754243030957,0.0145756527529011,0.0185736497874865,0.0100700763516198,0.0172165319845755,0.0230335288664838,0.0168389413049158,0.0211444127777022,0.0196160241761383,0.0221554803950593,0.0223340893195253,0.0236333233705002,0.0265801882368338,0.0200213869647791,0.0253396321415895,0.015646541211113,0.0225522833148124,0.0179529419052112,0.01661760419809,0.0233267416022762,0.0277176508395487,0.0223234051409589,0.018189438229424,0.0223990973751222,0.0173297397032682,0.0160224639249894,0.0155284295662889,0.0201820766060998,0.0177637880660351,0.0171836319737937,0.0218571906636433,0.0250786264135468,0.0148685100590019,0.0161378454906903,0.0214355092255276,0.0174134330221795,0.0142804883836534,0.016577965059579,0.017122746663174,0.0124466932863607,0.0171788826719442,0.0180346457052105,0.0257205744623275,0.0175161143790059,0.0217321987229388,0.0226329015665216
1437.62377482814,0.0190705649916362,0.0180364313945054,0.0190715327124004,0.0315339662500791,0.0222733497539509,0.0145782986387343,0.0131596350445311,0.0225240806038783,0.0267557877505383,0.0206477427623248,0.021590492454191,0.0213890068333618,0.0201640775734363,0.0137850886778863,0.023942103142852,0.0287815161638761,0.0228882274761752,0.0189272513375115,0.015534610949426,0.0314737138798432,0.0194183673426511,0.0113807482306545,0.0226562264753175,0.0221140257710438,0.0247498355804724,0.0230237387741451,0.0263376531934174,0.0257448134046518,0.0226920516276444,0.0132939544653292,0.0154150280955101,0.0137666596507804,0.0243872287831556,0.0204429001623255,0.022292898406304,0.0158839659085399,0.0200978451996994,0.0176198418133952,0.0290657511989835,0.0218001027431911,0.0343308018684774,0.0177969870014255,0.0287137374358115,0.0221833750056012,0.0136715905983519,0.0243134946183656,0.0178909945098519,0.0261480281737066,0.0291641571477201,0.0174175580510519,0.010195027179026,0.0145044992202915,0.0220738766261585,0.0202792707057494,0.0177321620938956,0.0165867238978789,0.0153545819870446,0.0199715426394842,0.0233078835550876,0.0218246873654874,0.0200330771674589,0.0277761217838107,0.0225133786370067,0.0233859579508244,0.0185641675632912,0.0269167022003847,0.0245234042354531,0.021429785131967,0.0251099636614393,0.0133515755695341,0.0243062590383892,0.0184666595637969,0.0182080275943426,0.0198634489496842,0.00542561628489352,0.0243395104106142,0.025912445208386,0.0283317584500306,0.0209844288114385,0.0200648605918981,0.00889443061927983,0.00939145944462272,0.0155468291091443,0.02253692205109,0.0171835696164758,0.0115315423250772,0.0227123860891372,0.0132957979408225,0.0194660908572685,0.0238704803772057,0.0254506576008393,0.0116691788427007,0.0228565416468715,0.0276322704974821,0.012631353493044,0.0170966718402052,0.0168120555732589,0.0247654483103129,0.0143314524606881,0.0201075475611887,0.0249764211076593,0.0234322006572133,0.00781854542093948,0.0164822564247723,0.0238745006968149,0.0248868737543726,0.0126687665691105,0.0137470192490348,0.0227486014604402,0.0121484563943267,0.0206673430910452,0.0186098450684077,0.0217644417836843,0.0227094705153939,0.0230695390031091
1440.41617244346,0.0184836648321067,0.0206606722203514,0.0141078383807872,0.016314465762837,0.0136111050735815,0.0145086898865284,0.0237369231078812,0.0128424641580021,0.0198064994428167,0.0113765532709177,0.00976681423813981,0.0091942672976416,0.0123973388667013,0.0223949227990135,0.0184458940154001,0.0140203359262639,0.0212251131580455,0.0177862523141472,0.0192727277470288,0.0184569611207168,0.0253152240654958,0.0162150945837084,0.0117291512788162,0.0171169798432839,0.0198666200607979,0.018082880683472,0.0112973300870335,0.0202954047484744,0.00758599438217898,0.02468922644812,0.0164406547681833,0.021747927968914,0.0172025664767973,0.0122367622864288,0.0158272027983317,0.0169160968803847,0.0123513377247203,0.0191611434920913,0.0185808527876885,0.0125462989955024,0.0186555353292736,0.0251425347351632,0.0156577013569712,0.0128172233601131,0.0114524102977012,0.00550041821556224,0.01400470781064,0.0169167257152776,0.00956759985640546,0.0233545804723246,0.0231465818404083,0.0117501615582311,0.0252308609921293,0.00619516474051563,0.023730838132301,0.0132460259283426,0.0152823417110399,0.00626541406416471,0.0188399140048948,0.00975253814233397,0.0167051129473326,0.0185856368211489,0.0138059396908256,0.0211337059660662,0.0179478469593833,0.0155403127989741,0.0271964845003833,0.0126037059828273,0.0122828696746717,0.0203887652718544,0.0280529854931595,0.0151182963530987,0.0131874536362656,0.0181494153689015,0.0239440986212098,0.016103299824306,0.00908840468072187,0.0199939847964036,0.00729064884760929,0.0145410627131066,0.0294356045557282,0.0175806554035589,0.00834912823955481,0.019210417861309,0.0181954088751332,0.0196619412344632,0.00749124870109995,0.013207658262413,0.0177682438494746,0.0200403013632056,0.0109163935917661,0.0196172598555652,0.0145211682326627,0.0193618387446283,0.021333778877541,0.0214428186846992,0.0222033944627038,0.0165459654889391,0.0164468951954669,0.0183751691878655,0.0194816450192731,0.0109088230331127,0.0137743531360734,0.0185430417251912,0.0205254483613198,0.0205127219309943,0.00660704081079738,0.0180885593564574,0.014498498471347,0.019718589121413,0.0227689275707551,0.0174451771440294,0.0113761504939002,0.0187862965147307,0.0159744930304796
1443.20664675037,0.0200343651406179,0.0238397522801065,0.0227931007489631,0.0206205913703561,0.0114151871200054,0.00962444916843492,0.015776741858184,0.0210089041520999,0.0198345524465355,0.0178607350811546,0.0107891140129451,0.0168688127218682,0.011248271911342,0.0266850009913762,0.0243582084611842,0.0292191959001798,0.0217254306252203,0.0161199791231047,0.00961500131519399,0.0167972780465779,0.0220115313514454,0.0205208996972878,0.00896593138742846,0.0219943166976947,0.00747501320842397,0.0109942588761859,0.0213882621423232,0.0202421055330638,0.0166716859588932,0.0153485144845317,0.0224072327602397,0.0109823213437765,0.0204476185449272,0.0159868653017196,0.007239023241499,0.0255436834644213,0.0205385659879163,0.0115156370067933,0.0141548557606104,0.0265973430642165,0.0191511344416287,0.0192511654284561,0.0286020578128912,0.0133129650918844,0.0130259460460173,0.0153838556233902,0.0193850900578031,0.0217008281644737,0.0176542880813994,0.0118273382946928,0.0203797761015822,0.0052476515929829,0.019797165773114,0.0109829513345199,0.0181924447965584,0.00665244585964003,0.0125113224217167,0.00949330945742745,0.0193205250789895,0.0162359700896164,0.0225745845519564,0.0179957262016972,0.0186053183371652,0.0150731129014571,0.00712195849356604,0.0165585874299598,0.0227536735933261,0.0114497425429191,0.00612701059220794,0.0159669854940685,0.011632157620066,0,0.0186145174608402,0.0175472272962578,0.00582352839734385,0.0220079869529507,0.0149711409813654,0.0166296670289416,0.0219650992001134,0.0177580055652176,0.0185280504621103,0.0169658831536886,0.0214459050757621,0.0142785940864504,0.018140105947866,0.0141423851616867,0.0209322808039778,0.0136726818429658,0.0139409702139665,0.014080446881763,0.0124701837739218,0.0168774690255499,0.0155637092465086,0.0209506399003116,0.00864589634746101,0.0114509478500966,0.0166819058053239,0.0159631668410063,0.00812926136439765,0.0100135392001291,0.0204948384545855,0.0195067363148878,0.0186507321210897,0.0184675497873989,0.0128260053763715,0.0161554856503575,0.0108692529008896,0.00979830451264325,0.0221044267526295,0.0158169199183724,0.0177602670347653,0.0184536429351468,0.0178298332284994,0.00613816330712942,0.00943568161767367
1445.99519957643,0.0396300270344997,0.0463928663111891,0.0320410611794796,0.0412010879965488,0.0398705332798387,0.0423364143311679,0.0417620739599435,0.0421605514937044,0.0402255395406062,0.0352162762531358,0.0476423322190233,0.0394499229861342,0.0310169028027198,0.0407494961950704,0.0378820379001636,0.0335471022843497,0.0442461680798836,0.04702096658875,0.039139586515269,0.0367548865662123,0.0387873489000855,0.036853732045918,0.0371780363860593,0.0444129760587686,0.0477786788101328,0.0428837577215254,0.043786193463494,0.0417229543319742,0.0510237252657987,0.0393395149414677,0.0437092152118435,0.0377607942506899,0.0439869451051136,0.0430899317258241,0.0430569192604001,0.0417668742574397,0.0479526986972593,0.048823777215695,0.0421538127125132,0.0368742433028255,0.043058922330287,0.0420037831374664,0.0491419828026279,0.0422667917207734,0.0329568254329337,0.039624227760061,0.0394732179432454,0.043192556671531,0.0409474298427549,0.0259926960329921,0.0507286914847348,0.0353396542790938,0.0391268422151946,0.0470331633612693,0.0440334308507456,0.0409469929733035,0.0369125175344969,0.0427524303213303,0.0422838711642645,0.0401846251145659,0.0354815058910287,0.0410274793352547,0.0417679125868318,0.0418197320825125,0.0501371810676444,0.051498492011687,0.0441171684399877,0.0458551182524406,0.0382476945520414,0.0339688087341254,0.0426898350236754,0.045942112252213,0.0465668669684575,0.0328331839619491,0.0342247362396712,0.0512885957607849,0.0338366973944931,0.0347590649020197,0.0421090757798505,0.0417110023932134,0.0450709042806266,0.0395240398058019,0.0400403598169871,0.0450592777475005,0.0365333275370228,0.0365212622949286,0.0316881737495798,0.0447142921723981,0.0428599575785959,0.0435603038292259,0.039219162645208,0.0382406616926175,0.0358955417935,0.0444277671122599,0.0333020712638167,0.047303521022795,0.0330382983949229,0.0322691186277688,0.0520821624955809,0.0326872428382951,0.0366709803068669,0.0373212100868551,0.0345122283662947,0.0399394677771866,0.038447434780479,0.045559255230219,0.0401016669044377,0.0444242549019272,0.0313664511149362,0.0332697482593089,0.0330551782514548,0.0399617511524099,0.0470956921626621,0.0372177110687002,0.0471272197592841
1448.78183274682,0.0253072138134196,0.0168077845816171,0.0194959194922974,0.0319945533161759,0.0183613177971786,0.0305075632086215,0.028535167652892,0.0190222771340812,0.034398244455327,0.0238273316619341,0.0305255728362575,0.0217946870212134,0.0189038477039756,0.0266430885243998,0.0264704749109208,0.0270042014252085,0.0168734909471355,0.0182646774878652,0.031662162383793,0.0205495000512922,0.0192518798686364,0.0171756127818403,0.0284747630179579,0.0213958910027038,0.0225208454420129,0.0325822914551733,0.0202470933761739,0.0293313248901839,0.0198512095111565,0.0251184463610057,0.0201692063694138,0.0232763522277827,0.0149336566051546,0.0322216764295156,0.0243412969129887,0.0174095502912572,0.0265382341460729,0.0320089441941141,0.0289730517266498,0.0265880756257391,0.033006682180594,0.0223622734345761,0.0323478287653257,0.0362335163925983,0.0221574874356922,0.0252749824651751,0.016051303113788,0.0253968877115165,0.0235721666129065,0.0281569556852385,0.0257497820037935,0.0202654340092017,0.0267335760463799,0.0243809877933516,0.0231242647432789,0.0202187922652992,0.0233133048078298,0.0323719899416687,0.0175940716105311,0.0254375497713833,0.0322045993586936,0.0265243461942944,0.0174647265308379,0.023224406167522,0.0178161077205391,0.0197222810555231,0.0248943171694884,0.023409850875449,0.0232556907290372,0.0246637251793429,0.0192117586208254,0.017122477002665,0.0218347645387299,0.0366441898068921,0.0281756241543309,0.0219178523419344,0.0224669688101238,0.030879366972535,0.0142920528190016,0.0296957733792151,0.0314851272220772,0.0246097089388512,0.0279623114629651,0.0266413680308946,0.0289231956389114,0.025023041555101,0.0175996603862412,0.0323467008030114,0.0294087918328672,0.0204606530942259,0.0231289093514351,0.0205484601418912,0.0298150358105873,0.00887138073647255,0.0228452851869208,0.0274085177837797,0.0242729158774213,0.0181159174154271,0.0223487875868746,0.0215914397868701,0.0268997526698997,0.0243086968661648,0.0207787427338566,0.0307474899659415,0.0253233977849673,0.0187403176725452,0.0313803919952968,0.0191205344285521,0.018253806105761,0.0310445323622525,0.0236953920131726,0.0264515518884043,0.0134222321892427,0.0300680612553217,0.0195947332139209
1451.56654808439,0.0210760389975145,0.0125115893152466,0.0222359801198678,0.0228056661517154,0.0210543814353166,0.025675088527378,0.0163860256413797,0.023458486425872,0.0178799318914956,0.0129990339157443,0.015030108845364,0.0245606248566491,0.028808785152348,0.0141802163814581,0.0161613091221378,0.0144903794705126,0.0131315346422201,0.0247884358225546,0.0220560452491221,0.0329817486802236,0.0192539946163874,0.0133460325643784,0.0197888787793705,0.0181109334540533,0.0214694125708013,0.0168867225990712,0.019167933314509,0.0180328002604907,0.0193175752848649,0.0114611772971728,0.0212650643175166,0.0307892924695745,0.0083670291708733,0.0224562185009094,0.013130193529791,0.0114742511872308,0.0248998079954546,0.0238740481574478,0.01745731889921,0.0157775513448628,0.0224153611951289,0.0170513579872508,0.0150296914173903,0.0203726407169031,0.0194666993024695,0.0208707388981433,0.0274688599623872,0.0162329067480419,0.020318695969159,0.0188665492318414,0.0273756920284548,0.0191941979059415,0.0138195561595699,0.0162914478406674,0.021490176115534,0.0202158976663412,0.0135330206945598,0.0121861918070819,0.0115517376272445,0.0194319331288785,0.0138240771053332,0.0190128406405351,0.0163812986463774,0.0172161379237059,0.0242657259654608,0.0250970092249914,0.0221501546643426,0.0146519936579793,0.00606374839087187,0.0197483465657051,0.0219367500965807,0.0132998938535118,0.0130405133656074,0.0180350940930589,0.0205029276353817,0.022442056090972,0.0154367035026121,0.0209601635214247,0.0170245482798098,0.0160622609822566,0.0173742263120046,0.0201881661785217,0.0148058092573331,0.0168944620577236,0.0218726497292473,0.0217428017016483,0.015419081535859,0.0146352834647732,0.0143651796597568,0.0204568290095745,0.019912913303222,0.0226775992577424,0.0116385598951236,0.0236356614222962,0.0217380404454825,0.0185739821855399,0.0171648658791011,0.0186748409014624,0.0151846101006271,0.0282379381238657,0.0225550740763185,0.018348514174159,0.0246112509358543,0.0113457324773132,0.0160387849972155,0.00961413127196572,0.0199647384231064,0.0119842764069078,0.0209976361639702,0.0244602918640229,0.0170947266269377,0.0199660230457696,0.0215568562334842,0.0136475110100231,0.014725497810833
1454.34934740963,0.0173923140408928,0.00608238932974496,0.0146338423351568,0.0120088718773589,0.0130162827637915,0.00958643195826714,0.0169776448205845,0.0203476943960435,0.0201187322194747,0.0130425431381423,0.0225372856350413,0.0190734964914719,0.011232301821204,0.0152867380626774,0.0123791943355888,0.0210488834358168,0.0126269255886163,0.0172250594037111,0.0194420552121468,0.0162713459554191,0.00842948757177422,0.0160850461906274,0.0165517959747755,0.0137483884095681,0.00968498157087099,0.0169011923999298,0.0100908966498057,0.011055102506978,0.0128916581267841,0.0054676337302568,0.0125316189589701,0.0147310042281379,0.0166148870865976,0.0105375390882274,0.0169110818601517,0.0169241392676271,0.017242283367757,0.024419234806242,0.0213390024186553,0.00931706047666053,0.00348692594717505,0.00963695538283619,0.013968716733611,0.0160150677739124,0.00978069582457096,0.0186902494136849,0.0155081033680228,0.00708611601910225,0.0197951718421734,0.0232508522657885,0.0235932059350917,0.0192164781746118,0.00737848629982152,0.0146840018327908,0.00556856505668435,0.0115112082800123,0.00757180749765525,0.0182120755114417,0.0175817606491199,0.0183511451330085,0.0224626588031633,0.0211754186426281,0.0158552845349523,0.0101326075192486,0.0135092421238537,0.0111149176029376,0.00954719091347177,0.00973918958929481,0.00829659579392318,0.0219552736083852,0.0099500878784906,0.0198125504730053,0.0174393692483896,0.018050910889071,0.011753904993463,0.0153786263597299,0.0122058190811705,0.0193190330836004,0.0148680010427693,0.00789866228540427,0.016301138237954,0.0174383850564146,0.0137238417757372,0.0190637194721311,0.0126713457206805,0.017933690278716,0.0143371141350868,0.0108808621236806,0.0148987608441327,0.0177872121239714,0.0193929181118713,0.0114432388636526,0.0248655398392874,0.0143600180998087,0.0222956338252235,0.0196957967596621,0.0270165575545246,0.0236056578299653,0.00913859211224414,0.0155163358781378,0.0155231819497931,0.0140294987678544,0.0131069996707521,0.0140300760365059,0.0138694911794414,0.0213945444081767,0.019958518748144,0.0164158823845576,0.0161133343570636,0.0124229712128028,0.0105119632885116,0.0145761935779963,0.0166837923159405,0.0169143549725114,0.0174224812330112
1457.13023254068,0.020619068111434,0.0249423666874546,0.0185003329726748,0.0180289335240443,0.0254186746513679,0.0128418568025429,0.0218280955551583,0.0118513779361627,0.0229105800774899,0.00876283450362733,0.0300624624164349,0.0218763713198235,0.012374142751282,0.0147846140600858,0.0183789808832649,0.0221811764128905,0.0196531781906682,0.0107646437312257,0.0136266407977214,0.0271188597962608,0.014973973284202,0.0139291598783992,0.0182205321813244,0.0148799366943937,0.0204946435105102,0.0180153830135226,0.0245427850206963,0.0170052499939535,0.0118553254642647,0.0229759298504386,0.0224165811217432,0.012092736930769,0.0177564686996163,0.0181735417386634,0.0132221131812216,0.0186027860968497,0.0145425260699489,0.011447126319493,0.0219424013240536,0.0153304882662814,0.0174404982662386,0.0123123388520753,0.0242931442759862,0.0078465527285954,0.0216891603322625,0.0159760199255914,0.00628563540823557,0.020570085681629,0.023629166922913,0.0107179046431767,0.0149450683554825,0.0208703214624024,0.0138661026374854,0.0206362193908148,0.0193762921392224,0.0191725191246105,0.0152057209616145,0.0302584954666617,0.0154105954817498,0.0254668504013358,0.0149178483839299,0.022819444426156,0.0137284994376097,0.0161829230384084,0.0124587900594615,0.011680887105025,0.0156180114489705,0.018514078532654,0.0122111361816768,0.0099715166402029,0.0203480611982256,0.023084710016917,0.0169152320243612,0.0137066633080661,0.0188891059771302,0.0170245441029059,0.0160158301412363,0.0210000906047592,0.0209076182091243,0.0226526327428407,0.0114481444832705,0.0174631590222876,0.0159479916741898,0.0163833728945228,0.0110771879845518,0.0152359160871962,0.0224610054072394,0.020547451102908,0.0133036349449885,0.00869502583627516,0.0119263745685959,0.0130723654275247,0.0188387350573679,0.0220523574493906,0.0118931017137418,0.0125537762995236,0.0226771066538345,0.00732968560521503,0.0240119743485872,0.0221989975166468,0.0133771994685163,0.0167631066815559,0.00984654932701663,0.0102727627187788,0.0128101228975803,0.0246227054739522,0.0221402557326425,0.00546654606032057,0.0210780743645062,0.0146284082192421,0.0236850894886488,0.0156723153347865,0.0145424107750851,0.0103642113324603,0.0131278407293762
1459.90920529334,0.0355286100967039,0.0325289567301779,0.0371072033416538,0.0359888949063121,0.0346143537615983,0.0349046655293639,0.0383593392308778,0.0374139753274043,0.0401764861797815,0.0376053101056358,0.0434856178548177,0.0423437228687185,0.0349844363648618,0.0414041236364827,0.0336183656781431,0.0374863549776269,0.0374304661071233,0.0412122120798926,0.0351910345358864,0.0509443301622378,0.0361764989983695,0.0439988924385505,0.0389165300189639,0.0406727028418301,0.0436854512658745,0.033216514357003,0.035806237414612,0.0369592488342264,0.0371604970003186,0.0372255135587672,0.0328668400954366,0.0346688992199511,0.0364529471311633,0.0361385758823825,0.0405697075106888,0.0322082218178079,0.033814596051814,0.0374739662747103,0.0346477746871647,0.0386922281721255,0.0380966134966196,0.0409817393347389,0.0395072484030928,0.0352470974960044,0.0422460320861595,0.0325832071413773,0.03734400355216,0.0491471565313413,0.034533206152989,0.0326188851393789,0.0410411713527002,0.0392170904206923,0.040814079687843,0.0400740831756682,0.037603897848377,0.0404752327262478,0.0386073336347614,0.0346828311213985,0.0324352720560995,0.0380529283401516,0.0306122000186234,0.032528460025802,0.0375198293312981,0.0277162523919315,0.0318793112820229,0.0235660382806312,0.0370705629494959,0.0333215309433279,0.0300060023165714,0.0406322580528053,0.0280363673719284,0.0285468718515939,0.0416619941634385,0.0361965958038268,0.0287780455691958,0.0371580580281769,0.0306484813208234,0.0304088481462199,0.0395052358504786,0.0325173463854359,0.0456738172579846,0.0323917476143988,0.0417557080836711,0.0369770375958433,0.0436531153692839,0.0398906218218088,0.0397909037677384,0.0393461604529632,0.0321149115244767,0.0382635022703598,0.0371556115321194,0.0371994763218242,0.0381588213971264,0.0385112772450267,0.0366396988852076,0.0330366029927479,0.0352976949975623,0.0329778030877931,0.036703635000258,0.0361005195131725,0.04099991839184,0.0411600232812771,0.035668551923656,0.0447497092197476,0.0396127801725981,0.0321535942179484,0.036274174270356,0.0401840525442921,0.0479074629690605,0.0343593678631437,0.0319419546409211,0.0367298012710022,0.0422694530160115,0.0289655557821838,0.0352711789184636
1462.68626748106,0.0212925566758725,0.016475503779728,0.012656298072202,0.0241625593452539,0.0148063539491462,0.0253116455663604,0.0146188114072998,0.012203386207766,0.0189102189883992,0.00839906847318744,0.00668124791837404,0.0154068889576523,0.0218638360475458,0.0192544868243458,0.0212108356161964,0.0185116084801411,0.00853508695706994,0.0228532084114795,0.0138525290447783,0.0159273589000291,0.0232373568394784,0.0200441181703368,0.0178097314480489,0.0232209714321477,0.0195915562819926,0.0132620648945515,0.0176982366852373,0.0117449666747944,0.0195052815537486,0.0138099079124001,0.0274704868039397,0.0218799981596646,0.00420162038384196,0.015047627329097,0.00910603034471933,0.0252622136959364,0.0163332087168197,0.0164168143005274,0.0259485984407358,0.00628874718911412,0.00864006918010512,0.0193056816071687,0.011433450180197,0.022738785119517,0.0245214473054995,0.00949845414652919,0.0227166912573293,0.0206698499080909,0.0188739386953629,0.0212142760835013,0.0134379754223207,0.0177773702470873,0.0166730479278979,0.0207426426776909,0.0167850170995461,0.0160200513160737,0.0223799354043976,0.019479592797608,0.0171497953898516,0.0184870402423404,0.0209428862672933,0.0175784154492306,0.0154648673357534,0.0228727974808409,0.0281735298597229,0.0193238219262715,0.0212297162865244,0.0175257235938673,0.0195411296032168,0.0150228220521537,0.0259232410136585,0.0155638379360101,0.015371967435739,0.012187364156869,0.0233662478219413,0.0160242457315222,0.011264985041404,0.010650539860943,0.0199563846992332,0.0238620753418446,0.010475951375208,0.0192210817208098,0.0111339968704893,0.020271232832898,0.00794278335698611,0.0137216530804068,0.0101177143211309,0.0136641398713324,0.0139222259380158,0.014179799816423,0.0184749267016678,0.0185252279510207,0.0266623151885667,0.0238227004963449,0.0191381432106812,0.0137844043930419,0.00804149786254772,0.00966367343635466,0.00816156553196815,0.0250954969054286,0.0177933419824848,0.0141677121416092,0.00776752175120855,0.0178825245449697,0.00965408544728378,0.0145283553079346,0.0108278050610859,0.0221223590269348,0.0201396477261509,0.018547051859325,0.0232206907356663,0.0179186184450298,0.0124852325967791,0.011523957177935,0.00621003105510819
1465.46142091496,0.0415399224201908,0.0353900399942204,0.0285736161184341,0.0307792231979076,0.0310250377945092,0.0441894972111029,0.0364876655634317,0.0361813201524502,0.0410308669428277,0.0394495523980557,0.0281590899368084,0.0381178099948484,0.0401119065430419,0.0410311915032237,0.0321469181582775,0.0294980845222286,0.0247379988417598,0.032722516565776,0.0440370864718445,0.0349289401468295,0.0298365338600418,0.038687129631547,0.0385418099766201,0.0260497285270015,0.0299178857072988,0.0339101227678901,0.0348752999120813,0.0317347489481436,0.0426969333494273,0.0406572967835573,0.0302986868225867,0.0326975063158592,0.0333473056223191,0.0384757241123691,0.0450462436136936,0.0394454969262754,0.0367401873853158,0.0278620701521222,0.0425346457365138,0.0388931521432898,0.0354605411933925,0.0358170591026382,0.0402165960805149,0.049081482724504,0.0467322263453533,0.0344148691634844,0.0353122837642397,0.0471286434400121,0.0390362205811587,0.0382347246566481,0.0460814773821289,0.04691860451854,0.0415048751764652,0.0375230558456975,0.0367001012067444,0.0324540090752978,0.0458172049626375,0.0441313806294756,0.0402382744450195,0.0381975219723375,0.0404533891835146,0.0444907742127963,0.0365949754883374,0.0470120911328323,0.0374036581240482,0.0414698488732441,0.0471085361880211,0.0367434554094333,0.03293745888881,0.042987997620378,0.0347390284329731,0.0351810785597304,0.0385081289833603,0.0254106398534463,0.0300093511548681,0.0427126272694554,0.0361985648980072,0.0311097791726827,0.0462236935504202,0.0337629335346106,0.0328024405628803,0.0220571712605687,0.0342380776744175,0.0306255839290145,0.0324235199477608,0.0367729541050256,0.0328886973303113,0.0383965350178776,0.0402808384296611,0.0314405719558493,0.0357045435047844,0.0319836053903749,0.0333548861596781,0.0364911851747288,0.0400795237060862,0.03706489500802,0.0414663832851723,0.0397027712613585,0.0390414725569248,0.0368185189382358,0.0292241000596289,0.0364366830641551,0.042400524819595,0.0448594979520796,0.0414071194912908,0.0397706412015193,0.0244563445311729,0.0277286600611623,0.0404523175608732,0.0394091451988476,0.0276764827050279,0.0352394118437903,0.0261380260101056,0.0383574472727272,0.0391733490387027
1468.23466740383,0.0114323546271566,0.0166849661428599,0.0156103976965492,0.00977748720030504,0.0160905762352025,0.00456959844881694,0.0170247795885829,0.0212736799755935,0.0133758538342945,0.0129943024607184,0.0207909052560166,0.0112191286902745,0.00667952656141715,0.0134969603102534,0.00784206768576876,0.0127379155289654,0.00607530490657876,0.0111454902140284,0.0184427847128427,0.013988516429264,0.0163920734089449,0.00767303644736574,0.00497946768983806,0.00699177311723585,0.00693562495810557,0.0129093484976072,0.00611634487300022,0.00924618916789469,0.00412560531431239,0.0134556873180379,0.0129040248316744,0.0129751655375568,0.00113305091739047,0.0119942477476888,0.0152229503292712,0.00384708991137566,0.0132591413296054,0.0160453653148105,0.00695621665854315,0.0108583824468324,0.00994060213472185,0.00887503563815777,0.0154269976554631,0.0059807150392738,0.00315114529509192,0.00585143566913471,0.00766341695037408,0,0.00876655545606939,0.00665382047828985,0.0147165822667764,0.0212124243365032,0.01202018355526,0.0182280178446034,0.0214204570920229,0.0145742909075812,0.000841113061733362,0.00931900915681024,0.00581176052192518,0.0137607542872699,0.0124591598621577,0.0193847895224621,0.0113395041794839,0.0187059808177981,0.00736058179337683,0.0227329489228828,0.0104540159096015,0.0105944679486989,0.013084059152527,0.0124973273610742,0.00429497234915745,0.0130028941997842,0.0117057493309793,0.00964752433330384,0.0164280252956689,0.0145532757060038,0.00496693809814401,0.0168955465255866,0.00926512563813019,0.0098775233323345,0.00577861986154241,0.00671812175325807,0.0135178335904592,0.0134158063697033,0.0162652774938339,0.00517406469982948,0.0135211480056257,0.0138233238052569,0.00441807592780362,0.0106138588555626,0.0170601046481632,0.01334574912218,0.0185917654586197,0.0158253890094489,0.00999036070123194,0.0117765539112447,0.00932883998694869,0.0273106808393363,0.008886856487586,0.0147730728984799,0.013626646480348,0.0127280322236801,0.0101496290801729,0.00995436525279536,0.00220418349223652,0.00932685232964189,0.0131510089521113,0.0157546989282291,0.0149065951280742,0.00612677381922187,0.00418897739674015,0.0099967777622442,0.00453186242837736,0.00783945873200587,0.00529611353893697
1471.00600875413,0.0142177680675907,0.00713920148761765,0.0102996792433471,0.0115542465686898,0.0054741433234283,0.0148946264979187,0.0293881940791909,0.0144895632388762,0.0167934314939279,0.028344793349001,0.013975990876677,0.0102569890469345,0.0161660166110546,0.0136270169767274,0.0123056284220338,0.0145065430246742,0.00943431586284194,0.0102020963714744,0.012717726716122,0.0265467797124553,0.0121840346369332,0.00943104284697859,0.0132562882592362,0.0142385027396827,0.0113859673664976,0.0135718817449331,0.0190549404673769,0.0136723687503104,0.0160714749874904,0.0103028003520193,0.0168638573172715,0.0114984905921985,0.0127793720255697,0.0262332472113151,0.0132279418065034,0.00453484285116822,0.0139458637065626,0.01561664301906,0.015339152615959,0.0142536573507634,0.0106192654245179,0.0222412730529515,0.0144739479119489,0.0121231514283272,0.00921536675362733,0.0159134842469066,0.0094141162781686,0.0177225904092963,0.0197434852403308,0.00622970059563658,0.00887232106073206,0.0218819651755636,0.0185974463944416,0.0113417830413994,0.0248667136691098,0.0146961424377414,0.016711117182704,0.0127248183308038,0.00592393055680865,0.0100620316376524,0.0158051672553208,0.0232664071833278,0.0190173172355579,0.016650418804814,0.0101685766724811,0.0185448285715966,0.00783764623466293,0.0128976402607403,0.00822053629063057,0.0137219334200843,0.0098745707333804,0.0261404524109226,0.0228013260551383,0.012510205348603,0.00395970237749629,0.00977115498469658,0.0218342748570973,0.0120616201298567,0.0110352673985987,0.0116365831952718,0.0124089244639358,0.0145533214955426,0.00925728072169109,0.0167764443872209,0.0190989595730234,0.0145954236241124,0.016872024061394,0.0160751028310556,0.0168627235248683,0.0161042159775758,0.0193265083918877,0.0070368660530444,0.00990429300736903,0.0143153961857934,0.0183444285540553,0.00859233884752272,0.0176518298148847,0.010583686343553,0.015053240865949,0.0115787461930799,0.00724324152631265,0.0106832779916433,0.0130139791747991,0.0143605914631809,0.0197996416342098,0.013180985300903,0.00294948041703739,0.01534949728006,0.00631069746430153,0.00733069626994014,0.0174545748749296,0.0154963046828777,0.0106237790832765,0.01613304891906,0.0102586886488138
1473.77544677,0.0164911492342452,0.0201950649585115,0.0180942770248943,0.0209364334063872,0.0260478705743315,0.0236276839716832,0.0232157350663293,0.0190711120474881,0.0196940864858299,0.0241777887045917,0.0151979138003952,0.0302686664144205,0.0267718978061131,0.0262433202068151,0.0308915753270402,0.027182301752285,0.0240817478227627,0.0331474713743829,0.0225699724765716,0.0277835425561697,0.0323947398770653,0.0297682150732377,0.0199222767602613,0.0160276496310636,0.0266055861749506,0.026698686423352,0.0186531674536217,0.0256479615985455,0.0317961087749221,0.0333833296390235,0.0301428263075099,0.0277315212700085,0.0271847129596294,0.0252953833066087,0.0251563156575972,0.0306827760258775,0.0113587126730923,0.0265760505732149,0.0319797744597575,0.0360811360903533,0.0235713499661326,0.0260831128517775,0.0276137813106824,0.0204718830622914,0.0287835390190277,0.0254426711939888,0.0209771870025764,0.0393897985634571,0.0253142459649531,0.0254904689624833,0.0263784370460023,0.027411349088308,0.0219652724138153,0.0238677536538761,0.0195285693192909,0.0241005239936576,0.0255390704433522,0.0254262913945954,0.0213971114099729,0.023829976052765,0.025110003371114,0.0207292656313281,0.0223973290913703,0.0277295822892247,0.0248364376882598,0.0213712423538667,0.0299316582940178,0.0195936765930854,0.0172380843090417,0.0275347866021383,0.023655862749535,0.015946081271578,0.022387058764419,0.0263371236111413,0.0243368927072954,0.0261934955078215,0.0262951771141112,0.0353309400166002,0.0226380873152188,0.0423116688899915,0.0233978688304563,0.0229586668165151,0.0252928088182164,0.0266459104337744,0.0214091897620463,0.0131018786128814,0.021863007998292,0.0237068207457704,0.0207409672300541,0.0232234339391888,0.0258970367537986,0.0210857233260453,0.0326213084074644,0.0275871920079619,0.0327557185129779,0.0142612439489759,0.0216217357415287,0.0205430689327988,0.0118882571124818,0.0139423544919392,0.0290064748930979,0.0221856014428126,0.0208327297313923,0.0160938585865638,0.0221271632413418,0.0331221677442524,0.0236865763392718,0.0221133742181666,0.0250417518549192,0.0298905998750065,0.0296425667317852,0.0215535465188237,0.0335592897326392,0.0277236547180076,0.0238668727570323
1476.54298325324,0.0150711976119889,0.0187523045659517,0.0100951908562476,0.0157062737714203,0.0160063318908405,0.00822145917492703,0.0107005309282593,0.0150261594929812,0.018865455535491,0.0140605592251365,0.0116281032319983,0.0039797837493429,0.0131975439268869,0.0090639316382398,0.0158643801969518,0.0121118589800837,0.0172807880668482,0.0121695000726693,0.0131264974067567,0.0139189220999808,0.00707788310054662,0.0015405085239424,0.0206325634258316,0.0101688489534838,0.0138923656653454,0.0154931909824189,0.0118577212079514,0.0134352565555936,0.00563551878809789,0.0231685078824263,0.0171816255708608,0.0209305764998166,0.0103718078307361,0.00918080163688663,0.00929308616414103,0.0173342818168319,0.0153768813618466,0.0158981494401692,0.00689286973607512,0.0221826835289165,0.00423595162254455,0.00926783685294755,0.0126234733678037,0.0140718385981339,0.00629499952334109,0.0112749638022576,0.0124276732299894,0.0115411619186285,0.0130020413091452,0.00707607645644571,0.0167733457406605,0.0168226006937885,0.0059848195809984,0.0137865195699963,0.0103580530971759,0.0193547749518358,0.0191785184567243,0.0168637815207219,0.0155196295764941,0.011444468951829,0.0139121953537608,0.013919360235586,0.00852969348098703,0.00986322688036987,0.00938161067643849,0.00914734583069644,0.00979470970421918,0.0170125855441197,0.0196212248435837,0.0162281752064954,0.0150892286197277,0.0193463300387742,0.011012070638176,0.0166507415448099,0.0102652469002639,0.0138434822449573,0.0145681930108278,0.0112618153827496,0.0108158709842836,0.00921300558499979,0.0127050358416478,0.00216285050329995,0.00901319001165272,0.0121967029441794,0.0210277215703481,0.0138140720608032,0.0041729436283872,0.00508696069321059,0.0149798562065516,0.00782000669746955,0.0158793307261996,0.0110674105759231,0.00359876880146847,0.0146331642120641,0.00766418935438925,0.0149801358763614,0.00702946393291458,0.00875246849843886,0.0169930246838156,0.0146634927916391,0.0118415349965193,0.01747294946913,0.00399342084614948,0.00977168758867004,0.0124626427255451,0.00648321996754086,0.00375923854568426,0.00084784320279033,0.0175765160276756,0.011984049973565,0.00566360520815802,0.00984229030778097,0.0141807681970723,0.00873585179677651,0.00514276987011926
1479.30862000336,0.00253468959920004,0.00818793772469437,0,0.0110371286621528,0.0113581381390392,0.0067920342905179,0.00668635667128461,0.0174841688606054,0.00467016095634786,0.00179204937496476,0.00433576761561575,0.00914220104393893,0.00624283613659429,0.0173809484848687,0.0144174125950023,0.00903767315935679,0.00405838049078732,0.0205055746137751,0.00799389956301851,0.0130332718673303,0.00672228478892607,0.0191866496786982,0.0143010395607023,0.00816243204065027,0.0108736497026711,0.00755307563125669,0.017371000033488,0.0109239716772517,0.0117269005701201,0.0157035163415845,0.0124457219370673,0.00878719873083776,0.0127588985646211,0.00773781694665048,0.0105623832486543,0.0148309931633224,0.0122796250397328,0.00902903126048356,0.00983837201264291,0.0153434874685948,0.0127706419128455,0.0200379788763004,0.00956104722219005,0.0153478035081201,0.0102569034984425,0.00705371962153384,0.016411287313225,0.0165543217243911,0.0169829854145583,0.0176337509794186,0.0153261433193308,0.0197003960611049,0.00347216890604863,0.0166532349872147,0.00670886412258539,0.0162625593554584,0.0112072641933882,0.00886585569401728,0.0107570748322514,0.012709145619823,0.0173140328028288,0.0135660807709061,0.0195020363243255,0.0133293676602391,0.017628215100538,0.0163161885559155,0.0143684392873382,0.0111693704996433,0.00538953133008191,0.0087662558647299,0.0147245799651778,0.0048452964352858,0.0188702505270676,0.00588906661372606,0.0191914364706257,0.00640138794643932,0.0169062430459862,0.00923886112623962,0.00719099425167871,0.00503065841341711,0.0193914122423699,0.0133628950627963,0.0146740489177291,0.0102058108579535,0.00386015866423553,0.0112652773004092,0.0113636335066013,0.0100757459667728,0.0124566572351151,0.00477980083979075,0.00909462744584867,0.0117727797189908,0.00818350582033751,0.024662772447954,0.014429319835996,0.00633211245263496,0.0132238316929131,0.0149408533100261,0.00616636022590531,0.00432620163745114,0.0147096169106504,0.0127793972358063,0.0178827441878483,0.00938904084283808,0.00936880521295468,0.0093220624614455,0.0120585811723869,0.00655092004750749,0.0144999327967109,0.023640315857589,0.00473135943889112,0.00461815854349625,0.0105606708737566,0.017086082361286,0.0171711404389803
1482.07235881752,0.00751475363561592,0.00947190295136884,0.0197823291385963,0.01072244786543,0.0137157536959905,0.00967635862552223,0.0101130972622589,0.0145579648691669,0.00923342064611097,0.00745174323507727,0.00347712301111705,0.00991308523420601,0.011407875663751,0.011080745941161,0.00756503975970204,0.0092492479013288,0.0107115638865091,0.00553352880586661,0.0157564873061166,0.0154066648173215,0.0123503716686334,0.0182920367690601,0.00798849827101583,0.0111038009628593,0.0132493317969248,0.0120776599356716,0.00633824212025835,0.0100453045527548,0.008166846200439,0.0131730500092788,0.00937044130768025,0.0159622652896462,0.0124252224767042,0.00902730599987583,0.0102460240224785,0.015594768259422,0.0141414799433398,0.0113828722484211,0.0133519469592393,0.0123141954641305,0.00795659803772917,0.00697047398295223,0.00868283870974697,0.0210182682533987,0.0153164062914738,0.000645468150721488,0.00953218696030086,0.0113562221558956,0.00959096456689352,0.022747522262013,0.0111849895519074,0.0199078651707153,0.0155033950687073,0.0184615268149294,0.0151836560355093,0.00882958341697908,0.0010823453756588,0.00961831470894802,0.00765753146881385,0.0145380717460452,0.013714340793457,0.0116226407849769,0.0159249422536385,0.00588473678179098,0.00544073997903113,0.0181220751665504,0.0167666592204395,0.0124534771886715,0.00614830977718797,0.00897460967837552,0.0143790898735205,0.0245745146810778,0.0124741386139386,0.0121119831590428,0.0122708175508767,0.00604026786323464,0.00143601823988744,0.0149447951038572,0.00576628424145605,0.0085006119312769,0.00927890705493279,0.00583721470442969,0.00555717809917544,0.0125608411012189,0.0143586605508364,0.0131092636181726,0.00019735628588384,0.0118668302965267,0.0196100751015724,0.00712581807087027,0.0119715315276423,0.0124971430599558,0.00673075727617702,0.0204957955744701,0.00364864787823295,0.0120589644313121,0.00850744913877866,0.00971992949670658,0.00360974665154876,0.00896339881874272,0.0100235848507613,0.0151397934228242,0.013146503035739,0.00956343939703312,0.0139377131134461,0.00468118965174804,0.00952845927248677,0.00622403486346756,0.00925826513707606,0.0134319107821961,0.00930123008714144,0.0177395280635875,0.00695992051796413,0.0025075219112581,0.00603365753572351
1484.8342014906,0.00509023029898721,0.00754911355162849,0.0020264986908959,0.0163880794597741,0.0096433310753351,0.00237978587828055,0.0140892131049524,0.00948968989285237,0.0111386632463346,0.00933240081079202,0.00744872753005085,0.00408686614184087,0.015492932338693,0.0118465860821085,0.0110384801955238,0.0225462043403562,0.0109435853544267,0.00848336321721231,0.0090523815796675,0.00915915931824589,0.00823789641896148,0.00540747090490356,0.0131007447214039,0.0129691966705365,0.0065062111087592,0.0122921161808001,0.00868319710482477,0.0102614694972453,0.0148328215859887,0.0123004361435002,0.0101442060179504,0.0161868768917479,0.00334267765375777,0.00816516844733531,0.0152966738195747,0.0115061602060254,0.017669580956545,0.00617632757110415,0.015236583852028,0.0201355281469036,0.000377220044163116,0.0124763558530164,0.0132369280183521,0.0124873345581279,0.0112245711779883,0.01355994618274,0.0140983210845023,0.0164067746591691,0.00384554059721238,0.00766777059751471,0.0173724102750043,0.0104524476646952,0.00711084217025902,0.00197274999559772,0.00387046104463864,0.0134044582096123,0.0094419418223388,0,0.00512527108623071,0.00548107390843411,0.00797356106533508,0.0182819675633212,0.00859022019124628,0.00337793770848154,0.0110343497643576,0.0134888076738843,0.0175382181928516,0.0159438009580238,0.0113626572883613,0.00810953393011863,0.014598435958715,0.0166281061380766,0.0148809205403807,0.00905092947807333,0.0152176961182574,0.0192790013155182,0.0113759070197411,0.0024982631037683,0.0185365253626893,0.00163026653229725,0.0122058069302258,0.0165246095653319,0.0107085834259151,0.00736355094860218,0.00156618543258549,0.0056789948289987,0.0101288102463729,0.0120687490148612,0.0139052896492204,0.0111012819451423,0.0100461483160185,0.00521202189511939,0.0075000259629723,0.0130677843568242,0.0093552291053863,0.00565854058325259,0.00982225183646501,0.00778406590644126,0.0126235145699342,0.0114046832805995,0.00697934273457122,0.00669696604732649,0.0172039266730826,0.00921850244889931,0,0.0150567046339945,0.0119000291942606,0.0141667814514185,0.00731323076144646,0.00324308441243656,0.0056665339423847,0.0109367982760059,0.0153187629987555,0.00433968356782992,0.0127085053387253
1487.59414981516,0.0106382357964136,0.0158618903888324,0.0164610655301821,0.0204475636083928,0.0227883649786136,0.0165762645904678,0.0143738122728386,0.0233524674407529,0.0173464656510459,0.0177451822268804,0.00930184080796057,0.0164780680762881,0.0190481529606992,0.0164261453238449,0.0112766108446191,0.0178970243318505,0.0138780009885258,0.0147077785731429,0.0173897919398036,0.00725099556514617,0.0187849289661,0.0132863629050403,0.0198616435449164,0.0148540215139456,0.0164459375455972,0.0119844841841666,0.0131846572562017,0.0207174157402489,0.0220549198763107,0.0109012760114892,0.0191437128275204,0.0196471326570668,0.0266131152919193,0.0284873907352457,0.0118094344455153,0.0123088286848597,0.0206687344052524,0.0183140816227611,0.0176895888586771,0.0171443212777084,0.0223394186835101,0.00951882407084537,0.015644943193458,0.0171022697190622,0.0120065985663173,0.0193239578132675,0.00290519960315513,0.0225530691178518,0.0225308352135006,0.0166439333179894,0.025749562714492,0.0193051158484554,0.0164902508092754,0.00866788899067857,0.0140350928974939,0.00546462785850902,0.0156481600406431,0.0253693338029133,0.0113795039391744,0.020979758160131,0.00819233207859667,0.0174503423528428,0.0126063422228086,0.00908810726029021,0.0188002399067482,0.00941274490929649,0.0166832643141029,0.00906396197357904,0.0149334830262366,0.0110895920745911,0.0159282958421733,0.0282502902438716,0.0145622223235688,0.0175021150237469,0.0165429157997515,0.013524066104195,0.0164732876637102,0.0181557164088898,0.0187865353090571,0.0127719707980924,0.020034582171582,0.0167564210322265,0.021359849986773,0.0216558801952047,0.0137295747947898,0.0190424198616896,0.0244034709601114,0.019795855828353,0.016267768640479,0.0172430426440084,0.00706855783140771,0.0107919834947848,0.0154470729768977,0.00784658770479758,0.018375184239251,0.0169460748595359,0.00951725836660481,0.0140314837821496,0.0200070883167612,0.0133118695792917,0.0196411372127573,0.0188366532469395,0.0289584011596664,0.0180430941897952,0.017128572195049,0.0206308838492437,0.0170036462887892,0.0188297574423593,0.0146727041344259,0.0155051835268723,0.0184997166478537,0.0170897584660546,0.018812660651937,0.0160261530533126,0.00915822461769238
1490.35220558147,0.0177960277196982,0.0118275298029792,0.00637841822025773,0.00339262982626708,0.0149927787472886,0.00556050001244738,0.00725613268992894,0.00157283400636632,0.0155423603267264,0.00989747631392924,0.0154509698761042,0.0013181111042586,0.00777381623953569,0.00801515158693358,0.00665222564193166,0.0110898964458237,0.00717151272158842,0.00793198138767088,0.00535918528421298,0.00860231068597915,0.00983172378088584,0.000987284685654163,0.012520663940794,0.00525823827569125,0.011354307186415,0,0.00969011492104927,0.0091375047209511,0.0067326076261531,0,0.00737448151592099,0.00489905964885946,0.00222536451526533,0.0140966362229112,0.0126198738783591,0.00230504013332333,0.000636824084222309,0.00502544635299181,0.0135703445498849,0.0195882026898543,0.00867280648227262,0.0081706072490299,0,0.0146263486116759,0.00309815037512346,0.00801014388970327,0.0107749024089423,0.00233608675145668,0.0179091372047642,0.0125286025457082,0.0102718275090622,0.0088129807778465,0.00275633698541181,0.00514693392188344,0.00936391316511778,0.0133475784550281,0.00829591050951372,0.0119912345535546,0.00395493676791719,0.0103257159843635,0.0105905678016335,0.00429975264124126,0.00315263705402587,0.0109924253772515,0.0136678436291421,0.00643220028495041,0.012555843696226,0.00657784902895788,0.0157519833011692,0.00589213803756435,0.0167322211427735,0.00513767973054842,0.009871258563707,0,0.00803997892122242,0.00126984867897782,0.00754442912873948,0.0123569790845931,0.00760688247128668,0.00975702303373245,0.00835235239912908,0.00763544254182284,0.00517705083352782,0.0105485968928448,0.00531276539858431,0.0105580742033381,0.00735023942167974,0.00824180366632443,0.00416269295599611,0.00945014580615442,0,0.000334127812818063,0.00304086021217222,0.0119403634718121,0.00106709642877777,0.012241709557091,0.00486007089138749,0.000706582158145912,0.00925970759503866,0.00526899825822937,0.00798051265282371,0.00989192431728562,0.0138620287718123,0.00212683706788686,0.0173886915135014,0.0096202724090583,0.0101933490254912,0.00426373026165612,0.0040289830112516,0.00590305945735796,0.0105183426012624,0.0124820913326514,0.00930078311914651,0.0102480720169653,0.00994094820315929
1493.10837057749,0.0180799002058155,0.0115767876895085,0.0159453250890153,0.0167039690003211,0.0303267795366142,0.01335385672416,0.0234838374031855,0.0241201838942805,0.0132223422222914,0.0302895856890569,0.0178783139427697,0.0143016274068974,0.0135697902699022,0.0207646592380885,0.00909938740454935,0.00974678050908081,0.0187311744947879,0.0169085161734975,0.0207101199648687,0.0169932778380242,0.0155383207040854,0.0209156025676334,0.0149755270640742,0.0236111964458872,0.017570501931941,0.0179204499914862,0.0179706677692943,0.0201700462145808,0.0220513014024467,0.0179927830647232,0.00875490575235251,0.0180476513076364,0.0156711180628332,0.0143782043225713,0.0155888990341411,0.0172211521667744,0.0113599013337842,0.0144954344261212,0.010019763971513,0.0177188282406474,0.0223200202103191,0.0121428003630046,0.0145646514918544,0.0258435293402652,0.0168648843076208,0.0182256116835295,0.0164879607889844,0.0171352729051698,0.0181893265750309,0.024275163952417,0.0176028836194824,0.0123260192448239,0.0116363664359107,0.0210392007949251,0.0146164693098672,0.01798024381192,0.0216010332773064,0.016095465702905,0.0118924073592925,0.0204108734701402,0.0162484789556165,0.0238931647958019,0.0174604797228199,0.0183815132306274,0.0144756971463824,0.0131580425279927,0.0216171259340113,0.0199685181325721,0.0176996425791971,0.0165629074400325,0.0202835470860873,0.0206001875955202,0.0161795342719677,0.00710087302209196,0.0159703000703816,0.0167398426265464,0.017003160652316,0.0214464392489467,0.0204364161849301,0.0209377736467866,0.015135078833713,0.0139713648138436,0.00709921114936069,0.0189312258990926,0.0126364491032533,0.0119339697463937,0.0151784933615165,0.0149358283089889,0.0183677574535812,0.0177781258855609,0.0113499586217869,0.0209398592154697,0.0159833025997771,0.0138670882189245,0.0238501758614439,0.0213606800072928,0.0182577171517405,0.0173344722829558,0.0342844939226902,0.00666232247242785,0.0131080673455557,0.0199066123762221,0.0157854915619369,0.0222935073325223,0.0209444792408207,0.0254100818715044,0.0180492653168921,0.0166670566493636,0.0289056022616009,0.00781010932869216,0.0129741380950217,0.0208304075714909,0.023146308124671,0.0208811535949677,0.015596006656797
1495.86264658887,0.0226250469881598,0.021562055243034,0.0135364525397277,0.0175715916563114,0.0139716554788003,0.0174090261458233,0.0068633312484508,0.0283160628181846,0.0216303316027109,0.0175982766765033,0.0139113711211148,0.0124171902421967,0.00673649161696655,0.0145610443508475,0.0131937348734512,0.0127789935121067,0.0217235615469369,0.011257640182808,0.018375878061704,0.0189239437612942,0.0142160461534049,0.0113861555283462,0.0239676177833868,0.0233646777423668,0.0109057560860038,0.0160474124380898,0.0203929067150516,0.0156221750781456,0.00891639424238669,0.019930105761362,0.0178144497532624,0.0215658485932238,0.0094081387330728,0.0217345236683271,0.0164381795053132,0.0207897951427058,0.0171637941012104,0.0136986120244457,0.0180237867851902,0.00937001288274547,0.00869391958006108,0.0288574533308216,0.00891134344814928,0.02395377639824,0.0220202803896048,0.0119150746344639,0.0227649845622018,0.0271080686820067,0.0174043163420806,0.0262082471411574,0.0200703155615324,0.0137073627401069,0.0178460750213894,0.00839944808700769,0.0204393581066585,0.0166380230238434,0.0229772936234109,0.0185823031351237,0.016014248229303,0.0168844189222837,0.0262462768279817,0.0129281906066241,0.014521708616439,0.0241510365573407,0.0158415491021819,0.024746882892522,0.0263088364829721,0.0180682072050224,0.0174497515664838,0.0157775160709329,0.0205815730598174,0.0176192535833887,0.0159199275917133,0.0243682174613944,0.0129785415185665,0.0115869226681441,0.0113554901624619,0.0167893891841385,0.016384472455333,0.0163264566207031,0.00511964946236658,0.0208786093760316,0.0189059501558701,0.0121904167798833,0.0205220351730388,0.0133298811408761,0.0149195034900641,0.0109270642197224,0.0175690082766611,0.0132451482763719,0.0164664177352437,0.0105212974301177,0.0300471070122864,0.0136269095261381,0.00987606881641103,0.016144439184628,0.0223848827150421,0.00568265263417161,0.0153271974141991,0.0102914377246669,0.0133868648204067,0.0174952727146091,0.0100517636159418,0.00856915721795349,0.00868754691938634,0.0246153892472977,0.0145340142938895,0.0125915717310348,0.0161176669693155,0.0168496623794343,0.0187396985931823,0.0141063049279212,0.0223581564268978,0.0113180760871066,0.0142614817574461
1498.61503539899,0,0,0,0,0.00032370105615457,0.00269451712274268,0,0,0,0,0,0.00117925682985952,0,0,0,0,0,0.00562694926791682,0,0,0,0.00242291727583971,0.00147821023592117,0,0.00318590582393456,0,0,0.00571470066909157,0.00224765369932218,0.00386509920743989,0,0,0,0,0,0.00868066504607865,0.00213241465075883,0,0.00352660563721555,0,0.00511453698897237,0,0,0,0,0,0.00621013125642577,0,0,0,0.00248149080069408,4.75466926538843e-05,0,0,0.000422700281426708,0.00605136753929052,0,0,0,0,8.16331813843669e-05,0,0,0,0,0,0,0,0.00114055012164516,0,0,0,0,0.00280003068457611,0.00180040091856928,0,0.00302681015484342,0,0,0.0111897904018637,0,0,0,0,0.00620156226914003,0.00271883473153106,0.00116868321540489,0,0.00444932328444445,0.00282850420687962,0.000710156387453481,0.00601025960841945,0,0.00575227478438331,0,0,0,3.77856339119262e-05,0.00244073246208888,0.00507871881309578,0.000703145024058434,0,0.00269319171622502,0.000785338230812905,0.00245636825329688,0,0,0,0,0,0,0,0,0.000135911868393105,0
1501.36553878894,0.0243505936575032,0.0281508798630483,0.0262281204797553,0.030747316392638,0.0227043213214852,0.0373896831637039,0.0293459886747513,0.0383889299098068,0.0315454030533438,0.0340640549541598,0.0375755637854143,0.0313195857950923,0.0244820653805975,0.0304012631783777,0.0339188846324433,0.0292479227153218,0.0325973526029592,0.0336514714390673,0.0357638830453776,0.0314851593392464,0.0306097905284169,0.0349676144757675,0.0371233586381235,0.0295033701530041,0.0341884167310304,0.0285941631276173,0.030640074434922,0.0291787048132121,0.0337414952503141,0.0287806839855272,0.0338063447122146,0.0297333965134599,0.0353046158656727,0.0365069323078149,0.0230090792950197,0.0334006172083604,0.0310285304737073,0.0403180544169673,0.0209080378651083,0.0317255755734552,0.037204628669316,0.0347778207937651,0.0366394867596506,0.0273441596249677,0.0345477453211996,0.0241728532462291,0.0342910496021114,0.0379592075043077,0.0267436472806722,0.0366895404121297,0.0321188552512897,0.0337431723549996,0.0314005280461801,0.0359735081054408,0.0359975604293726,0.0385355181384391,0.0361078380016075,0.0367128222386348,0.0232224415783184,0.0311561279413319,0.0257800634480617,0.0345121357170822,0.0367632057934981,0.0352039631907502,0.0347803063051308,0.0415254840736037,0.0363016528547445,0.0345586724156611,0.0319824990218137,0.0323019462958047,0.0425136089766385,0.0388690116797403,0.0275383243299199,0.0343369469433914,0.0305816805855884,0.0344777875849991,0.0357757394209365,0.0279114297123036,0.0317854129885727,0.0333348931122203,0.031804487568762,0.0353050075099658,0.026138798303387,0.0355461252998757,0.0255112433327414,0.0325829598850182,0.0252711456499569,0.0313844278197479,0.0364193486823608,0.0294646071054222,0.0283659331354981,0.027210830453421,0.0323563248762958,0.0399994109312829,0.026451733315906,0.0201285670125183,0.0252352432585632,0.0265230765309593,0.0286270626228553,0.0270270809759922,0.037263659516441,0.0322138452885254,0.0353869269953322,0.0306996647532208,0.0328247451488568,0.0262992697850246,0.0390268842892863,0.0309018213837595,0.0277419125786258,0.0273304428349364,0.0341697024623896,0.0395270788953229,0.0295263975566393,0.0332307345090356,0.0407684484117702
1504.11415853751,0.0109264686345612,0.00969949671801111,0.00861293963337372,0.0105416810906313,0.0166208963080456,0.0184205858521679,0.0074845347305798,0.0123865756482107,0.0159193999465423,0.0132944376956919,0.0187028862923627,0.0201237489596101,0.0248614567266057,0.0172103161110128,0.0180029284001647,0.0100200219826626,0.0147188143677204,0.0264340983969357,0.0114925737394775,0.0129557835231804,0.00711734198709703,0.0134900416641319,0.0103290716124212,0.0035788319664211,0.0227461961885678,0.0186634707854628,0.0154882345629183,0.0150076093701146,0.016904834981833,0.0182178575011955,0.00463247124264874,0.0220526658803207,0.00937395440526684,0.0129897514906567,0.0121518973495808,0.0164603873234312,0.0143920609085024,0.0168427254766662,0.0190842990338142,0.00718880443546678,0.0280965235928953,0.0139112311387472,0.0131823463258161,0.000354983040821124,0.0111728582553533,0.0135104758801509,0.0215853198500742,0.0183780658168409,0.0124568738581537,0.0222939601824565,0.0151128885060146,0.0190480967610336,0.00915741781009754,0.0223163853279293,0.0226243913329792,0.0154548597495657,0.0141898136587262,0.016885604539909,0.00767920882517851,0.0140583688360852,0.0190965724410475,0.0193162113824434,0.01769795474299,0.0169882189720895,0.0119855206524491,0.0133489598359075,0.0196550231770054,0.0201414092204653,0.0168237058372688,0.0162761296604236,0.0112313486412367,0.0185710950838361,0.0229473042319072,0.022660506167223,0.0139734103241962,0.0141745852868144,0.0123613702565626,0.0200119928939622,0.0141642524657513,0.0129718578373397,0.0142538768382472,0.0113990286583992,0.0144407409523697,0.0115593434451427,0.0204467633062274,0.0121723039206004,0.013182187176568,0.00759915822868395,0.0120718878019188,0.0115746927290607,0.0131853644191903,0.0173875416777783,0.013994547860063,0.0146692220224923,0.0169307947552284,0.0166302117119378,0.0113890208719254,0.0127560313216409,0.00808161139460882,0.0135472450806694,0.0105557260045399,0.0233697661864548,0.0138114748592088,0.0164964170074631,0.0108016451553402,0.0148520602924644,0.0138753411027743,0.00873957956959555,0.0101002954244859,0.00688786716850934,0.0125828601608486,0.0129200930123506,0.0130601517183744,0.0166253093953766,0.0152309354141407
1506.86089642123,0.0192621256018732,0.0170776355378708,0.00574065133793753,0.0114907459884668,0.0137825162759006,0.00967183165620753,0.00896919114420829,0.0128809527624866,0.00620322108037968,0.0126251127274477,0.0169558337349907,0.0150149261992162,0.0115121915277672,0.0170494231278054,0.00481964653706239,0.00660076062888659,0.00759374535761347,0.0083873937243795,0.0151400410822365,0.013886878662767,0.0102142831002222,0.020419398391192,0.0112545355665976,0.0099847915424105,0.0183122787250765,0.00334154158854773,0.0115778620061782,0.00946351569078057,0.0145931433545354,0.00876793532750194,0.0104917366242388,0.0149280709141697,0.0125091737015252,0.0166275809539765,0.0141502088396206,0.00603638432174137,0.00875324210108601,0.00638150855980682,0.0112384872686928,0.0108344687847333,0.0117681788983586,0.00949862446043524,0.0130223096983384,0.0215170035083517,0.0137104250679342,0.011692967731342,0.0121646058498756,0.0079698978802814,0.00741252171645944,0.0128352489643834,0.0111496522174816,0.00760091738373313,0.00845303945413144,0.01406669624085,0.0136736090835793,0.0152821873026675,0.0156454123738976,0.0156328609292303,0.00804668723601814,0.0177005343016867,0.0135133485106543,0.0116513009617826,0.0126824980675518,0.016280946343269,0.00589651111375053,0.0137155067846356,0.0101621315279415,0.00574429387652744,0.00334929772761274,0.0128403338405303,0.0170657071768144,0.0145845822556686,0.0161808022780888,0.0175719566567519,0.0110635918979021,0.0123614545401176,0.0100364675118771,0.0137854103304545,0.0151009064502609,0.011712360687805,0.00811629751170193,0.009566567428402,0.0104357055506333,0.0103082221508543,0.0219078398697887,0.0202099934738649,0.0124636110488503,0.0111769041996054,0.0204738513622303,0.00121913694460648,0,0.00972552163184357,0.00391283182653171,0.012870917752938,0.008528598467676,0.0120483867185003,0.0128658284548119,0.0115271478425018,0.0128584987497214,0.0189204575457006,9.57705738589977e-05,0.00913495144338613,0.0130952717420184,0.00661934532249238,0.0111834846591414,0.00396070800085248,0.01152748882321,0.0080476520536213,0.0121412038517566,0.00452043864947151,0.0063683908415311,0.0175961847855263,0.00855467728704608,0.00386503942978564,0.00211507732557636
1509.60575421434,0.0207247195906402,0.0164111660590968,0.0219735376135598,0.02763375206531,0.0254755617971859,0.0202699136404605,0.0263782881546412,0.0215008924432832,0.0173887103883741,0.0222879021746349,0.025385663195024,0.0204047126627973,0.0344839788266668,0.0223296361446766,0.0231190734432944,0.0173570386960447,0.0224923850354133,0.0272513344237792,0.0257825280692738,0.0207784899760668,0.0301407920678105,0.0186354661332741,0.0198042043890699,0.0158637268818187,0.0171240892134807,0.0253776361086795,0.0344052541098528,0.0200775818441049,0.0284182363656965,0.0277379041416148,0.0234837978534753,0.0271233574681783,0.0288177613460555,0.0333105219150345,0.0220516367243585,0.0297353718491475,0.0245401009374944,0.0235524271072073,0.0286802586295706,0.0188330736104247,0.0238685866663517,0.0247209574022148,0.0253330667211565,0.0230095089703159,0.0162681750130658,0.024787282949531,0.0228959277388374,0.0261177815656873,0.0295124318922554,0.0263410396683855,0.0240274840282126,0.0338274108026155,0.0239078735195951,0.0381601983153372,0.0273022543251537,0.019489379433693,0.0268971181999428,0.0253147864361285,0.0265167743859204,0.0229989035460618,0.0241514589242646,0.0302937252341118,0.0233357300850606,0.0276173049493236,0.0213575770985625,0.0291710051436479,0.0193458379776842,0.018707734765695,0.0287093413723288,0.0181692701315507,0.0256483435393109,0.0160489101966191,0.0335898681008751,0.023996828479859,0.0191168231397487,0.0241494888052762,0.0250195789525719,0.0285052913127853,0.0378667877260394,0.0241041975501447,0.0193595200166979,0.0226405667952476,0.0322089968584796,0.0269253829911227,0.0353155964120212,0.025534995940086,0.0312226645230497,0.0185280975073429,0.0305056704541764,0.0214763257018192,0.0305627648472074,0.0267050628957932,0.0252375170227983,0.0313240231348257,0.0221041711106364,0.0323334095603259,0.0231077027309414,0.0266461865665369,0.0253569052634529,0.034838536980092,0.0269800849722516,0.0290121027041224,0.0272062663373346,0.0156016710435567,0.031240619385291,0.015050077736284,0.0222194001509748,0.0271762510948815,0.0278570584117684,0.0246051239056889,0.0215574455582528,0.0201368442072442,0.0219801690763887,0.0244545929718054,0.0197532931134286
1512.34873368881,0,0.00877561001374563,0.00551138907313378,0.0080321999096627,0.00118084348075913,0.00404638020886858,0.0146509521151135,0.00474590931194131,0.00878425292029048,0.00863649940911055,0.00871354614574331,0.0214046356217632,0.0107277040334472,0.00486304641062654,0.00834971328211107,0.00635760463510376,0.0132611391075414,0.00870383345070991,0.00586445965775375,0.0114906005884759,0.0115905201651098,0.00868428192973583,0.00447687420554022,0.0108108559650722,0.00843114621488296,0.000897043553567552,0.0054210851250065,0.00704315517510349,0.00412053076958509,0.00194558308516019,0.0036728055046853,0.0168226397613902,0.0106218851409546,0,0.00751143092576767,0.00148980285374277,0.0046738684814121,0.00338727102950445,0.0197765353177898,0.00843829037233262,0.00925359309006366,0.00921543850927976,0.00897424102610104,0.00264487435860658,0.00913659705705994,0.00756827028559508,0.0118842897460507,0.0119809717314527,0.0136596703171058,0.00654385913900239,0.00599779839467908,0.010587839909283,0.00656714249109739,0.0132514836845643,0.00628874703541576,0.00573367576381049,0,0.0213745512906025,0.0061041056587774,0.0130507693948123,0.000247950938081619,0.0108681690090983,0.00649115499081206,0.01711452992879,0.0206920863392513,0.0150474520512531,0.0109920448703549,0.00708536774731065,0.00862356924852663,0.0093104789788543,0.00588410802176344,0.00938834283827539,0.0114932957807217,0.0189501466110735,0.0107777662475373,0.0131425702803367,0.00274781824966131,0.000294029304697843,0.0110394192821836,0.00652873431533216,0.00566778165385329,0.00155341004946982,0.0123524377585895,0.00570487612177057,0.00266571436295587,0.0062799641789194,0.00460268650968913,0,0.00621885440982861,0.012772336757599,0.00687197895553941,0.00998497249017988,0.0124445280468286,0.00168242346994737,0.00221695659187092,0.0123339363836152,0.0093242345850692,0.0020575639113015,0.00652482861089615,0.0108977515595964,0.00466049236579506,0.00994869508066658,0.0144676018218055,0.00737996899914532,0.00709609073613008,0.0133051404322816,0.0155741056571495,0.00507789282805617,0,0.00203688045979263,0.00990212339072471,0.00275487114754807,0.0120891584901915,0.00845746387190405,0.0153056285107898
1515.08983661433,0,0.00384948003534446,0,0,1.68773793622667e-05,0.00609628396744123,0,0,0,0.0069455646313992,8.04885052116398e-05,0,0,0.00367940920905685,0.00282287374852693,0,0.00190367857522667,0,0.00259888495946862,0.000603464122011507,0,0.00257552440899303,0.00166217885785927,0,0,0.00349332694279796,0.00958716930630587,0,0.00939051704808181,0,0,0,0,0.00541392627725962,0,0.000330537256193854,0,0.00273350069478199,0,0,0,0,0.00129724064291961,0,0,0.000297622222535728,0.00252582797974424,0.00378707483439678,0.00433738938666416,0,0.00263907377724647,0,0,0.00614102148477677,0.000152038065545716,0,0.00275453967131815,0.00272088115319673,0.00160258960699593,0.00530438260809786,0,0.00380222464265551,0,0,0.00336194583953422,0,0,0,0.00131215822895859,0.00539128116467442,0,0,0,0,0,0,0,0.00128958065008353,0.000589465236696579,0.00205966079202906,0.000676949430955633,0,0,0,0,0,0.00232489031840885,0.00380554232878842,0,0.00623611092479328,0,0,0.003527051462587,0,0.00375888925357696,0.000637670609075129,0,0.000347923545504612,0,0.000825464137509984,0,0.00172892100641159,0,0,0,0.00247536751556363,0,0.00060044516714006,0.0047367145959549,0,0.00375069766768971,0.00911026255534685,0,0,0.00548695574491293
1517.82906475833,0.00349445009326809,0,0.00918350832171482,0.00736723864944723,0.000486220201799417,0.0119249783689132,0.00769297041919504,0.000476645108345825,0.00930625029608532,0.00690423650479099,0.0059009937217305,0.00913263767830303,0.0023299939641133,0.00793730935273087,0.00436889619754367,0.0159980853920884,0.00774031235220836,0.0123595529323035,0.00471923192565761,0.00809736776567258,0.00708643146349501,0.00413055452749965,0.00212710867968738,0.0013155796634789,0.0142217446787409,0.00935699384455662,0.00949914330868096,0.0100843205834705,0.00232479082695178,0.00667640091548249,0.00186230067834826,0.00486038606610067,0.00607895120157417,0.00859175069946821,0.00362870785947072,0.0127250640217691,0.00561954418995627,0.00697338249678445,0,0,0.00181141127539096,0.0106034086548578,0.00392617494660958,0.0051863022618226,0,0.00959381775690003,0.00624663329241417,0.00422830650479163,0.00968286572361864,0.0139925157713396,0.0101532586375284,0,0.0117568636563583,0.00389986036275024,0.00228976548395474,0.0164305194386489,0.00863662006944943,0.00537081000097725,0.00260155681137804,0.00902919105218227,0.0108265377892173,0.00587726260751428,0.00416119426840375,0.00382297523901252,0.00435288010102976,0.00623602298776957,0.00587053422918998,0.00413430444815984,0.0139834468527139,0.016795145319653,0.0029691290109959,0.0129637863646818,0.00798719952335747,0.000164162335024036,0.000728573384244187,0.0036854034806566,0.00904890680128948,0.0122186333616457,0.00869790852173969,0.00360906878966314,0.00601470093834245,0.00354818270828568,0.00120019533420801,0.00713468536962964,0.00573286471330334,0.00555460078287292,0.00439190570676529,0.00210501948542408,9.40677813519911e-05,0.00133109100348038,0.0136587002567512,0.0124683367322002,0,0.00151417315261564,0.0135560888620303,0.0176736097875268,0.0042279712888452,0.0013808883154139,0.000826764809748235,0.00185237452506839,0.00389832815572207,0.0081408395348223,0.000570008338277644,0.00822262033375073,0.00800669897684141,0.0130911310530722,0,0.0159439689834774,0,0.00893890458890355,0.000361949261254523,0.0106356093964025,0.0086525737593094,0,0.00809051447768871
1520.56641988599,0.0156435343721978,0.00804064252722122,0.0102337299656701,0.0214270176869726,0.0187122086412879,0.0150904792001209,0.0151132618256711,0.0172853166478756,0.0264642622590698,0.0128541425119528,0.0272442726708217,0.0212268240888578,0.0165888682078286,0.0138423462299819,0.0194973364243543,0.00669546319997713,0.0195010872959137,0.0150331392283489,0.00954309430192714,0.0204723615016324,0.0108307171947832,0.0199001738165802,0.0145618351805537,0.0133022997802746,0.0141922312809516,0.0163236757427122,0.0105006517138696,0.0105602402195597,0.01623143901424,0.00552390457381957,0.00454516846506351,0.0166017076061844,0.0071276644229271,0.0172175496132559,0.0164257147091155,0.0170212833523705,0.0121620212135636,0.00690321460942716,0.0146115885611074,0.0142055618707728,0.00619945518957636,0.0179547313302348,0.0157785441875089,0.0187946340389214,0.00782399188083506,0.013395885978816,0.0056358866685641,0.0229962792177034,0.0193892095663801,0.00955396686696646,0.017145916638928,0.02006666579256,0.0143828554065497,0.0286153460577317,0.0143527040887396,0.0207202471754508,0.0139963610154902,0.0156817205781156,0.0184160931167447,0.0165917950877445,0.0183072766439832,0.0176298918323439,0.0213740175866017,0.0108714590982338,0.0198973572803869,0.0158537937495523,0.0151388192783827,0.0166335319011142,0.0189137672017981,0.0172906698523145,0.0138178295878645,0.0117963486713895,0.0188922849316123,0.0143356559048623,0.00339560957197866,0.0182729108956968,0.0160129283688566,0.0154598894721324,0.0200989972228165,0.0215365634160795,0.00920341552603919,0.0128473265954855,0.0208655012973611,0.0146418889885588,0.0170557866877325,0.0136975023092514,0.0113443524289762,0.00739530574205475,0.0182563810523845,0.0141585213062164,0.0109227766173432,0.0124033830742156,0.017692295521991,0.015131483865836,0.0195325121585264,0.012645831929477,0.0101829248392124,0.0154969828895112,0.0139610744982323,0.0178558525937747,0.0113919413181787,0.0140329359688251,0.0103790039718626,0.00329244386809296,0.0139535935971404,0.0151579658880081,0.0152947501648084,0.0120601316211931,0.0215716832873338,0.0105072452899664,0.0134428563617297,0.00463600579421404,0.0227055380017655,0.0185085400824988,0.00909764889386695
1523.30190376021,0.0124364224137779,0.0182336047289902,0.0129413244088642,0.014916039879753,0.010624933926926,0.0129087105718854,0.0119522386725357,0.0216876348553662,0.00884120311279921,0.0237100637161196,0.0197444882942043,0.0168002830351135,0.00832007722428275,0.0213946642518084,0.0118641399194987,0.0170132695310645,0.0146459492946962,0.022068227126584,0.0149245760441962,0.0118084010681333,0.0129698077225308,0.00675940415266987,0.0101807904204914,0.0116196628090304,0.0147215163185788,0.00491290508020099,0.00992008839014401,0.00836750121959083,0.014579308753056,0,0.0105320956382541,0.0133530427056627,0.0131301411923832,0.00632754725700699,0.00945571283507783,0.0213389348514104,0.0121403000636549,0.0149754119035058,0.0096360035256722,0.0163503305543308,0.00782426405458587,0.00624176792892146,0.0124949766455979,0.0121872335879735,0.0153396366190301,0.0122555004640162,0.0175606077058905,0,0.0144699189676382,0.0100531560005764,0,0.0173519101501375,0.0181057251085083,0.02102928063727,0.0231359902496687,0.0103173493012994,0.00742867419823925,0.0216481275708565,0.0090469035896331,0.0121799955347305,0.0144683919780264,0.0111642280966617,0.0175646210932967,0.0152088457703686,0.0128569857122246,0.0136527117984215,0.0140033071167889,0.0127496070355928,0.0105585033749218,0.0107034366547939,0.0219602243487675,0.0155374458693257,0.0100554964229184,0.00827995274883447,0.0126495577685582,0.0160415559743715,0.00246973555968683,0.0143175182969007,0.00862275964181298,0.0138592172855961,0.0118707726609157,0.00617956932219663,0.0230150890179557,0.0140579841095129,0.0202684949481082,0.00382120667928214,0.00588723097029372,0.0169958993349409,0.00263718697675784,0.00768602178913038,0.01249356875029,0.00700718622959879,0.0165478692233886,0.015647968330071,0.0140034565558361,0.012056782703263,0.0139735010801185,0.013852147275129,0.0051160183287497,0.0100638392862623,0.0162019487215183,0.0107472635907736,0.0213063989691505,0.0226050044886842,0.0188301079855842,0.00492668978936365,0.00982043747981079,0.0241477153778345,0.0155485703468215,0.00498491082098892,0.0111937204095002,0.0186011326781949,0.0128998567720384,0.00915257575992356,0.0122827973825804
1526.03551814165,0.02303648322701,0.0322119585894425,0.0222138421472795,0.0208903803154952,0.0288936341062262,0.0365167798108326,0.0331986009139416,0.0298937276912803,0.0260415433146889,0.0215635515875986,0.0197498246262652,0.0322475817704523,0.0308732961151406,0.0300523298463913,0.02486551430634,0.0311636151912314,0.0269853376063828,0.023699999547414,0.0332035588575104,0.0296259788471504,0.0286860248915459,0.0362196831560562,0.0264598605599646,0.0302207393237564,0.0287104983146169,0.0205795824226686,0.0302003019131341,0.0287889428252253,0.0279903651825858,0.0355056909971022,0.0285763276538135,0.0326417385269699,0.0218944390344005,0.0231362604423545,0.0329909212848224,0.0283846970531337,0.0269591240469407,0.0290245120088384,0.0293995974822778,0.0282647396744068,0.0311945664177737,0.0332494981822517,0.0308855547938664,0.0345890636340989,0.0417562124045808,0.0221671192803803,0.0284186267215273,0.025597732355542,0.0296435810588624,0.0280548423693101,0.0273968334558191,0.0361746897496466,0.0293812110833516,0.0307033352534227,0.026438934691259,0.0271830351970079,0.0258649291487331,0.0243615952585433,0.0276440802191201,0.0257828657479829,0.0252316100308743,0.0293973889270966,0.0375185454694158,0.0173817797569705,0.0338264436086392,0.0222360757715457,0.0293504797688487,0.0263846050744294,0.0244042953166906,0.0331019770652494,0.0273964585074662,0.0290745426443721,0.0259441251415048,0.0219475271693036,0.0312261172383276,0.0328445189393505,0.0300054681132154,0.0302678104277569,0.0167957833754822,0.0372815885402844,0.0205270569718097,0.0282022343394804,0.0273783669071428,0.0275573875641314,0.0202500131243951,0.0234876535370402,0.033960921741071,0.0287624280667266,0.0342551822398291,0.0194829702200931,0.031763850441299,0.0300001122991307,0.023133909918836,0.0364167491872939,0.0282573899128322,0.0346790734225711,0.0303555992797086,0.033454195917076,0.0265446196783772,0.0288803553939248,0.0199512752449968,0.033457477163512,0.0289652882998747,0.0354795025290934,0.0335555528509641,0.023104419111584,0.0331177920232361,0.0368074680802009,0.021016660512201,0.0317634249451435,0.0237697187883736,0.0228855604568382,0.0307951974837904,0.027137133410799,0.0208812143200237
1528.7672647887,0.0225225560194276,0.0225538144330806,0.0206028891906242,0.0230931715800679,0.0256863181135419,0.0209566845013002,0.020008103924155,0.0229920937295207,0.0255944736576117,0.017268451492765,0.0187079503827356,0.022351566196695,0.00999933706047633,0.0181323674955072,0.016190444588253,0.0235591318776253,0.0248557837835954,0.0134186278705772,0.0236054043623096,0.0215448558131842,0.0254462835509144,0.0143884699942707,0.0248371938997852,0.0159857755884149,0.0255200342555865,0.0324795531417402,0.0189751248890234,0.0169558797023114,0.0193962250659168,0.0213109157480951,0.0274951094919179,0.0230020565805882,0.0312286149592436,0.0182586859523406,0.0201803171284837,0.0192129969383258,0.0330187054123864,0.0187320922201353,0.0266636115515774,0.0228697971986177,0.018381142784638,0.0258192763093785,0.0124875776069753,0.0225549450113217,0.0245005249154492,0.0298942172307422,0.0311368826074929,0.016969307605923,0.0263945689056778,0.0160321543596515,0.0268571865725158,0.026510400762424,0.0191592818505118,0.0193890847675974,0.0242616845194948,0.0184574051887152,0.0242274477720177,0.0156366100241609,0.0188660719951014,0.0208685816823867,0.0171150316057712,0.0154645313407453,0.0202630491177768,0.0228553926879034,0.0230612657664636,0.0259970878069312,0.0194792304534047,0.0247303471968542,0.0166476550960571,0.00688476384767428,0.0224892362058697,0.0219978065579939,0.0325217367971176,0.0279752890859819,0.0164508741278955,0.0197914400634744,0.0213676640931765,0.0264160030766143,0.0239002065096038,0.0220137703855561,0.0254072040363843,0.0155133016192266,0.0257349532816264,0.0129550464765572,0.0251319524386086,0.0169348857168521,0.0231421382976135,0.0233943608567793,0.0170686442220802,0.018420720711922,0.0178417743791667,0.0182237949633089,0.0192799816327614,0.0265883519328914,0.0139896861880542,0.0175698857899851,0.021073715835151,0.0209686944455477,0.0177436980256745,0.0189166758486774,0.0318358254132651,0.0237215854304324,0.0207430409501103,0.013926438302845,0.0253725830484635,0.0225569090260638,0.0162959963217574,0.0192407291679305,0.0297837467417694,0.0164370015727178,0.0259504285372463,0.0255745925273557,0.0204903306263602,0.0314838522288818,0.0117081025467487
1531.49714545752,0,0,0,0,0,0,0,0.00152321275396253,0,0,4.8588207912038e-05,0,0.00179785497181009,0,0,0,0,0.000989226967927352,0.0038350995405789,0,0,0,0,0,0,0,0,0,0,0,0,0,0,0,0,0,0,0,0,0,0.000576884100224414,0,0,0,0.00349019511961864,0.00455137159675151,0,0,0,0.00020704287419771,0,0,0,0.00540289383121401,0,0,0.00577501224200025,0.00202184448591894,0,0,0,0,0,0,0,0,0,0,0.00115064528524095,0.000363279886567805,0,0,0,0,5.63455868245957e-05,0,0,0,0,0,0,0.00780819024044843,0,0,0,0,0,0,0,0,0,0,0,0,0,0,0,0,0,0,0,0,0,0,0,0,0,0.000596523787496915,0,0,0.00512571275401489,0,0,0.00306957470308991,0
1534.22516190202,0.0406471206136544,0.0258861579229036,0.0316241197708456,0.0248551005705581,0.023099070095048,0.0317753081856234,0.0334521168221385,0.0281658280328586,0.0231587995281651,0.0168855746925998,0.0247082910869893,0.0285448541803876,0.0244188352404557,0.0230871570017519,0.0287404460388047,0.0378145153707363,0.0254908478443485,0.0287267876764092,0.0216421986874964,0.0329878639615864,0.0282504197347689,0.0204682898971409,0.0270880424921325,0.0220818805686773,0.0326426476385706,0.0244170703183185,0.0222379539715951,0.0277816648108801,0.0242978252127163,0.0252094831966001,0.0308697928108048,0.0391696071033859,0.0214659364878628,0.03841669767504,0.0240378695556306,0.0198810830892911,0.036423479551762,0.026907051219941,0.034439066249471,0.0246007863351998,0.0290271427271707,0.027986455076781,0.0260993608661727,0.0280864606744395,0.0353650140273005,0.0272133441955175,0.0235806375496404,0.020774409627006,0.0280987588515368,0.0248289359763935,0.036152376281879,0.0362940176862013,0.0224502091652402,0.0339967304140328,0.0194232503492873,0.0321326605732819,0.0335080938841332,0.0282656975655128,0.0358958021531849,0.0263720557885337,0.0203877122566103,0.0236075013905637,0.026286816279605,0.0229382963935811,0.0258168117583433,0.0298160356155445,0.0382118109961204,0.0318755936598002,0.0233804754734739,0.0217350268212607,0.026924123424461,0.0258296126172677,0.0298219844544037,0.0258681991251754,0.0258114494756596,0.0296033710171683,0.0306290472531075,0.034197850065418,0.0305421501747456,0.0335262357541741,0.0189570591548283,0.0359611449644026,0.0301862868043442,0.0260013124845476,0.0382136213838118,0.0306829445604104,0.0280531835408838,0.0336325580730943,0.0240739109829866,0.0356831756059311,0.0291687650152323,0.0289915955934206,0.0309101929319463,0.0261349522452838,0.0365705177268188,0.0220672137759864,0.0238902732916195,0.0330720909570196,0.0244102162017413,0.0239809627632234,0.0383597887150744,0.0313721882986591,0.0213647651342084,0.0354760349077886,0.027635298708682,0.0231334998400955,0.0234027752040664,0.0221233934435144,0.043561571737519,0.027977498888276,0.0221540523805946,0.0234720026765918,0.0417370785946736,0.0254906013930668,0.0306309082735808
1536.95131587387,0.0168666531840474,0.0109172192959327,0.0169932512833738,0.0162860246248955,0.0188824721876229,0.0114488731139051,0.0123752494089349,0.0224105062311295,0.00564336548893339,0.0180846733131704,0.0231983231055739,0.00989433749404937,0.00526308196549644,0.0020167426567567,0.01687631089593,0.0106773093382166,0.0148389677749901,0.00223680359018041,0.0153281692828716,0.0136319994195796,0.0115213294987108,0.00907570433267419,0.0152111724336935,0.0133889677914762,0.0166169780981986,0.0120306989978288,0.00680264299729572,0.0122477919274626,0.013081500015157,0.0132655983071351,0.0123491157659097,0.00707800909407952,0.0111377428618929,0.0108112566498321,0.011826610449196,0.0151058944161352,0.0129132117002882,0.00531090395741155,0.00979626611974684,0.0138547788031151,0.0201801015604888,0.0116074684950409,0.0115556642776405,0.00517864567447235,0.0197920271348151,0.0162541384022021,0.0111300598876226,0.0154405304797456,0.011895701630143,0.0237971938116173,0.0161445437473532,0.0137859743438644,0.0165965703278066,0.0168219370546411,0.0151117350265115,0.0131177161371423,0.017814297432963,0.0125117444722075,0.0129373846033673,0.0100726936888165,0.0155762718188425,0.0124229677994037,0.00963722848501832,0.0186408771612171,0.0204994360430367,0.01695816768969,0.0102997614782609,0.010601089169299,0.00238374556727834,0.0136186404894827,0.00953548236726352,0.0161031047811031,0.0232897984845884,0.0128082603101657,0.0193094184272233,0.0100969024447125,0.0188159828635953,0.0205009658849079,0.00554547882364248,0.00796427195643325,0.0201048255937686,0.0145172153044889,0.014907955141899,0.020118387458905,0.0111772845113678,0.0203695728426948,0.0135167943092308,0.00742098487301139,0.0117808239564797,0.0185857491936893,0.0142402323424074,0.0129986058133668,0.0133572025207129,0.0103588208670718,0.0102937915152501,0.0260058235591539,0.0174076944600654,0.0152113111035003,0.0107263501261773,0.0129764556888358,0.0183944587664027,0.0173733835441159,0.00937053215873643,0.00268400330245884,0.014059118819049,0.00926058374674315,0.016954529033791,0.0123242669237668,0.0179878085068334,0.0165475427413193,0.0200151764035267,0.00736145421816018,0.0239003886493415,0.014604545904121,0.0102004917693508
1539.67560912248,0.0233315300341058,0.0244680075282529,0.0236502532697035,0.0207449006676003,0.0216747484997196,0.0255025061276441,0.0188872701852378,0.0253226822368954,0.0240228864979645,0.0301602173276563,0.0243834464247777,0.0232498890911631,0.0262800120157695,0.0183716135010627,0.0332417896395287,0.0156829683224,0.0176256299717674,0.0235090497937505,0.0256679348127194,0.0293984631667624,0.0235522745473124,0.0200870635225668,0.0288832826256623,0.0233376177700007,0.0237272975313896,0.0196878276881913,0.0250532293080771,0.0182529602997605,0.0292852459573568,0.0210050477267067,0.0250338824767823,0.0205769139115171,0.0167246517320658,0.0223018318277058,0.0210295230457637,0.0190139197575488,0.0311371889283603,0.0238007813432686,0.0186820171680969,0.0231692092341326,0.0185969617407399,0.0302389342690888,0.023558738427935,0.0271421129883858,0.0128716074345861,0.0262751727122676,0.01992131176883,0.0300496430121113,0.0141588971640852,0.0282503494070661,0.0265443532106035,0.0289532109117064,0.0301315211453178,0.0249886736229832,0.0157745848437459,0.0164675370807376,0.0233234174416193,0.021882518215204,0.0179460690192076,0.0194222695968058,0.0140269649274232,0.0237921404315296,0.0156725296735441,0.0247492033275123,0.0184335919409481,0.0154236326331911,0.0186243625225617,0.0183291382959833,0.0135693905900635,0.0213729896047137,0.0232643615713348,0.029749208088338,0.0244654692710086,0.024944985862454,0.0232249570787013,0.0242926284925538,0.021611405612852,0.0123334134741044,0.0209168122359627,0.0173193908409087,0.0109668948924535,0.0168025369530731,0.0215733062163916,0.02345197900125,0.0248203995968366,0.0297593086367058,0.0314310018063048,0.0171522549563683,0.0209714029733918,0.0160015829545683,0.0196904339720104,0.025395465463047,0.0167503860169915,0.0170228018792821,0.0257575116717588,0.03438404883168,0.0262499245768388,0.0256731502083301,0.0207165275117228,0.0197190006996231,0.0249564495251331,0.0282889394149878,0.0149470339499398,0.022125206869715,0.0245275139570462,0.0216549233223276,0.0262599311791748,0.0162975411200873,0.0164676008008789,0.0199118998530877,0.0189953438140531,0.0273868316971323,0.02291082208844,0.0190393826738892,0.0205257536568205
1542.39804339507,0.0176226516036683,0.029975959923438,0.0232413927176459,0.0284776673220299,0.0277139670206188,0.0223993136431158,0.0169395106458649,0.0228538498219493,0.0306453167289578,0.0276061711997543,0.0218494498058283,0.0206372069854937,0.0209203731900638,0.035832699032143,0.029558906625551,0.0277885422081571,0.0258009073949371,0.0198489408588722,0.0279821679341821,0.0289870247480298,0.0242190850545321,0.028937571889089,0.0257406336130102,0.0239989592254395,0.0270971833328981,0.0284491173900448,0.0235548502655645,0.0210525488240785,0.0272450815240339,0.0233056888090575,0.0196880805296571,0.0174785293982385,0.0256222894107974,0.0137349269911767,0.0152797194458417,0.0164487318417694,0.0230399252102186,0.0201154912651152,0.020998326829822,0.0189660954423755,0.0175937149226191,0.0250358830405622,0.0274640812651595,0.0245153243728927,0.0318655051085051,0.0247364405612007,0.0227499040685275,0.0236823547144862,0.0207841244176441,0.0228924960440054,0.0282848054380221,0.0328469281823455,0.0286253697644811,0.0277904883094696,0.0214119474142987,0.0171146180770507,0.019621643650212,0.0280012183024002,0.0246209969012567,0.0222509879049097,0.0260005618909235,0.0335743704203296,0.0190324662255662,0.0276009581248379,0.0282312605222256,0.0241362318134206,0.0176436046613358,0.018970731599437,0.0186786921183788,0.0258710500549134,0.0233773276367514,0.015722750333952,0.0234675538872724,0.0190446056381944,0.0184093730839346,0.0211272835180028,0.0287511288539081,0.0300701398513714,0.027587329233096,0.0185181955731045,0.0175839693508239,0.0224182974933994,0.0260689409388057,0.033298054409961,0.0298122165608195,0.0260510571792508,0.0218034072487429,0.0210083882932643,0.0237453628324083,0.0166600514123317,0.0214127828150715,0.0249687153512811,0.0278749215634246,0.0237094714324684,0.0308146288515282,0.0223561288021038,0.0247311755901306,0.0230962454797658,0.0191789612489201,0.0159604225302334,0.0218037923122537,0.0240753162936671,0.0199978274233756,0.0173665549525317,0.0180937713882405,0.0222877808315225,0.0176873213150854,0.0219438351916925,0.0258933247696674,0.0156395180333432,0.0289636224008227,0.0247961363752255,0.0252002287996293,0.0163936742526163,0.0211679866542599
1545.11862043658,0.0251917045244388,0.0199136056093541,0.0190384191921513,0.0194341531817878,0.0251765990228763,0.0128763241955669,0.0203154853528989,0.0268914754537443,0.0287233066093603,0.0147641637212302,0.0262870800749124,0.0235622327024097,0.0106341261986727,0.0272962414308206,0.0161343743901581,0.03283938432496,0.0136047178374356,0.0118715494842914,0.0169059104497304,0.0253579242049572,0.024366317888569,0.0159754190425613,0.0182752853676571,0.026873322956601,0.025651717907887,0.0199163545615297,0.0343686559036755,0.0254880685778656,0.016631199012659,0.0196215328960089,0.0253064869469619,0.00796895433103065,0.00933362263107909,0.0274408143845063,0.0165045248772887,0.030686646118163,0.0166121948546611,0.0251151502677531,0.0260832656039395,0.0310326321712683,0.0121573931712111,0.0283367625213437,0.0238131589972299,0.0262863720446094,0.0120428324486109,0.0171533686072593,0.0283214666344653,0.0189522377460751,0.0323140056547906,0.0224735433782535,0.0143122556496156,0.0136334607991577,0.012078260987232,0.0133758578567097,0.0237708372541128,0.0254131322389036,0.0175712454483444,0.0243194618543544,0.0252911884487218,0.0174684863223894,0.0288158240150328,0.0272853235676654,0.0315880125165431,0.0233707978984177,0.0208276430059073,0.0280273380850687,0.0199777511533509,0.0256493409631732,0.0171573220430305,0.0254734970834609,0.0267860019880201,0.01855277180916,0.0202961983148411,0.0115252115440454,0.0212761061148652,0.0223301244498008,0.0207870885727599,0.0180935949480314,0.0217406988955052,0.0213750553589423,0.0225958227299967,0.0258514122489792,0.0251067938968434,0.0209924566247778,0.0250686833229196,0.0229121492906786,0.0197649271534135,0.0179172704705706,0.0292241417563113,0.0270017414530028,0.0183360124858387,0.0208176080207738,0.0142441565115122,0.0172964952182512,0.0243674542172761,0.0120074644619671,0.0226887630170835,0.0221749657232905,0.024264800037974,0.0216408629000652,0.0257053695491928,0.0285424213065133,0.0256198240232853,0.0201656614520279,0.0231478606513908,0.0175867171421331,0.0254111067942499,0.0237635116337004,0.0271496328312201,0.0217849260587684,0.0208616747807061,0.0152208200407443,0.0220850470520615,0.0225125896319158,0.0121273364898282
1547.83734198977,0.0227082495110752,0.017401631718307,0.0301258231944592,0.0299218371222153,0.0156751104404874,0.00981794195322771,0.018412747483691,0.029871046145031,0.0230757617327315,0.0247381146506976,0.0243332368330164,0.0154822027714707,0.0102712890519016,0.0279974536402026,0.0130390181778968,0.0237582438483332,0.0207508844996976,0.0267019244480207,0.0160457589073792,0.0309313982991879,0.0207407971068752,0.0243258830159784,0.0184361701856231,0.0231988102947468,0.0215411724552209,0.024933985101781,0.0142124301483275,0.0191872805307233,0.028602789210754,0.0214216007143331,0.00961221234098617,0.024750606135158,0.0215650222906654,0.021089511050772,0.0247040836758694,0.0173406970039467,0.0118541468760595,0.0306788612216962,0.0191061617596041,0.016042346864717,0.0145424344616933,0.0205266769476542,0.0245152144592148,0.0302676313605617,0.0213713152982576,0.0261387510243161,0.0137842506335958,0.0271661487270447,0.021624902253662,0.0144290234748747,0.0188105978907031,0.0159586958745311,0.0283693256648796,0.0146063722879727,0.0206505662306753,0.0266496036496419,0.0144568347990609,0.0184773407717825,0.0139294774504117,0.025794532981402,0.0192326975148229,0.0215554745675639,0.015568502519398,0.0169773565581111,0.0220583918146602,0.0201008788424084,0.0206886440998161,0.0246949758484541,0.0162136228980306,0.0229129318733667,0.0176701176044144,0.0176040776554299,0.0275780221276082,0.0292029240270608,0.0126764648787508,0.0213825633769474,0.023110150494453,0.0166028592369848,0.021369025207226,0.0226187069446809,0.0194924598406963,0.0348205536171799,0.0280036080227758,0.0184446505948322,0.0116741418684118,0.0236228554778277,0.0220728666737374,0.0207461634181777,0.0164825602160011,0.0196549288251866,0.0142102031597893,0.0263233292864339,0.023762501851699,0.0278563746101,0.0190412486759638,0.0281841064933184,0.0239484000852443,0.0234536892358042,0.0233234970346403,0.0151588111392616,0.0215153684973659,0.0151749879701545,0.020297157862498,0.0138365410773333,0.0347763065052652,0.0246916552532808,0.0261061497639802,0.0250565914458141,0.032798284209924,0.0219351993814222,0.0188136752700122,0.0180654075439509,0.0249627916426749,0.00570623150781464,0.0295293236304483
1550.55420979513,0.0197167584750686,0.0149125683992012,0.00906553051755954,0.00954412265985621,0.00458404582876473,0.00141374207784325,0.00486988831226112,0.0209860523166182,0.0131674089818134,0.00922923109119918,0.0079701210267899,0.0134916147585692,0.0137820675197497,0.0238424523285336,0.011051320403991,0.0114335741838975,0.00859921484428121,0.0100904114766173,0.0189637344310932,0.0181673901556997,0.0117160091275073,0.00922632198505843,0.00286898706795212,0.0200947300675835,0.0126155678595043,0.0196925154882362,0.00583432832567477,0.00806755691581811,0.0191075456795983,0.0106835281316999,0.0114472637471845,0.011532827872497,0.00641832367820702,0.00879120643199174,0.0152773122172838,0.00726548963121195,0.00986360160880652,0.00919521962613676,0.0121515351010881,0.0270704912063815,0.0091526224641991,0.0148591730335527,0.0117067463589822,0.00856518499672484,0.00590857399978941,0.0020552164015372,0.0117839667437164,0.00632786830098934,0.0169256952783733,0.00804596994821271,0.00596843226587861,0.00970035322707598,0.00810107496080614,0.00616270495147716,0.00489856857546105,0.00175096803227404,0.00973544904475942,0.0137492622811889,0.0130014516838452,0.00197325595454969,0.0102121195004922,0.00833803847482327,0.00496781754530357,0.0171647562983214,0.000705753650126596,0.00520053367770018,0.00935111978207159,0.0128269487065753,0.0119664096093961,0.00562021954355992,0.00694045201503513,0.0134198493003121,0.0107276136169699,0.0118787662419345,0.0134007655067337,0.0074201918889397,0.00816883227731019,0.00191926154398402,0.0155682392024401,0.0140707750024865,0.00718900386191817,0.0107332437089365,0.0139341950469233,0.00942970660210003,0,0.0134227652744121,0.0125131719601559,0.0166280974509823,0,0.0112575649997473,0.0117140242741562,0.0104420114419248,0.00962709074405148,0.0132879624589708,0.0115426536988523,0.01070389983088,0.00719637502528517,0.00353065988091207,0.00920480968825644,0.008699967896752,0.00274281243337452,0.0110297081806664,0.00622350594239326,0.0096828443814247,0.00438898217243792,0.0103944194165398,0.0170603569782843,0.00657397217538566,0.00897769198146439,0.010072360445442,0.00856466732788611,0.0144646778846648,0.0224362420280018,0.00476773029448502,0.0108286681256057
1553.26922559097,0.0273524244045073,0.0194364928000225,0.0201991836616451,0.0189940061718158,0.0220001702167738,0.0204113565486589,0.0189166392346745,0.0261726121370539,0.0316588828883282,0.0252195595748344,0.0210293300674961,0.0220020637686312,0.0200666236444457,0.0224204730378971,0.015595934171175,0.0230862775857223,0.0292069700357883,0.0179144543682835,0.0213678998283574,0.0189262784345185,0.0162698166829572,0.0236279882560082,0.0248002901738931,0.0137278346542103,0.0273642087608431,0.0307073660188534,0.0284710925510094,0.0201013813076419,0.0171557598491917,0.0212679407175497,0.0198704213803115,0.0299675936684417,0.0236281436838502,0.0209369028778503,0.020847721641012,0.0275264785961144,0.0216174219103137,0.0180530869202774,0.0255432464501641,0.0234985074362744,0.0238387611211399,0.0219371141888746,0.0249044479976738,0.0295469764583257,0.0222943985998547,0.0265290478281216,0.022864852692878,0.0280467202288863,0.0193014802921103,0.0257223135527336,0.0295032184921618,0.0217536002352616,0.0238990798376986,0.0273709876536027,0.0216321144977928,0.0144763822978005,0.0158986741636824,0.025960973246187,0.0252469453401457,0.0267022719625437,0.0260557137532901,0.0219667346311728,0.0197506709636393,0.0222936478474714,0.0299704627145063,0.0290709216143555,0.0238256700176528,0.0184792799944172,0.0216045987726152,0.0205936971742086,0.0355120077133548,0.0239203955333648,0.0317795300876062,0.0268664523239221,0.0300144729612488,0.0315065631242172,0.02458379964001,0.0274579590227931,0.0223304429001075,0.0235383739093034,0.0242039215458187,0.0274669373021555,0.0190690167092871,0.0172037102451744,0.0261527280288411,0.0174596404276486,0.0170287084174581,0.0189664639471137,0.0221863706333362,0.0222045208457712,0.0167403752748511,0.0250922332501224,0.018641083100423,0.0217071710502115,0.0232796124853054,0.0291355253072218,0.013967536493373,0.0184617480418779,0.0215110645490632,0.0194350289410255,0.0245623928600028,0.0166478581220946,0.0217857228162857,0.0216995311490936,0.0242529534298127,0.0218295426193337,0.0248538554225626,0.0299134084765199,0.0184960574452377,0.023946623506553,0.0268491057130469,0.0319083135760261,0.025360181020385,0.0169653310133698,0.0185709407241254
1555.98239111335,0.0185731247968957,0.0191444408706837,0.0220866472686846,0.0197967041000149,0.0179417412106051,0.0249370941872764,0.0101908382660079,0.0238175609737808,0.0217960319940914,0.0325505806559007,0.0250248617330055,0.0222650654717292,0.018675202976872,0.0166846469186965,0.0261305557954739,0.0227851038758558,0.0154903769872413,0.0252192933000711,0.0211123587289278,0.0278081686859294,0.0186779737554162,0.0260435685836684,0.0114512548669305,0.0150508259132467,0.0217096723640609,0.0249698651101712,0.0153291105755826,0.0181717536583538,0.0227475730405485,0.0143992793550784,0.023393397737588,0.0248364499837316,0.0222285229386053,0.0179100909516819,0.0280452243312223,0.0223692723549733,0.0262600015122757,0.0231442254404477,0.0312676762983186,0.0253651011922191,0.0151539791206784,0.0237360154000236,0.0240505925891719,0.0188289862828179,0.0241383654218111,0.0151766151632257,0.0252633474142774,0.0110222003826001,0.0325497330799122,0.0117368763910152,0.0259310003095584,0.0209203579985929,0.0182011091948498,0.0232827255141438,0.0174810959200393,0.0163255466302041,0.0329466559005117,0.0283728055544394,0.0139542886853556,0.019829507127731,0.0192407288335963,0.0173788933238716,0.0226859872712389,0.0247131987824852,0.0188901662644372,0.0228263827722963,0.0169241879734177,0.024701148819478,0.023503761580589,0.0219283043385305,0.018282023497652,0.0121794658436904,0.0210138259738339,0.0216287125403838,0.0132778621941253,0.025195125259743,0.0183323999414992,0.013922589619588,0.0187569310721657,0.0346646092394529,0.0146586640191457,0.0276841713257748,0.0198427102938022,0.013643345991126,0.0274633572905665,0.0182396347470521,0.0188649495815741,0.028297539230551,0.0304376627104854,0.0111697892984596,0.012682543148067,0.0188909483919279,0.0276784333563442,0.0301498070565819,0.0207682857969764,0.0216404343292244,0.0256807206060735,0.013824070903661,0.0184401136606204,0.0307474850484021,0.0242267284435595,0.0136311377205303,0.0225650527897288,0.0192058003757696,0.0266695660364473,0.0172189619010161,0.0191096771656146,0.0279776570949828,0.0253071686011162,0.0126776133398336,0.0166467207903473,0.0251195770062345,0.0223373882707674,0.0204439802204216,0.0187876522344177
1558.69370809615,0.015649103390734,0.00919737887417338,0.0136375351817212,0.00382385797881406,0.0122941728834198,0.0123068775817972,0.0120907922821906,0.0117597139980213,0.011956149439231,0.0143992149870635,0.0108698554547498,0.0148322022970819,0.00795797300890931,0.00392473028234294,0.0144478920351474,0.00944137110160454,0.0200433702083397,0.00976265748139304,0.0101496028788905,0.0124129710732904,0.0178561863749314,0.00719312156809481,0.0171346910711165,0.00873027373536546,0.0128531075814762,0.014384975742726,0.00488173309389143,0.0194925662754038,0.00579853192715218,0.0119231618051524,0.0170927253257913,0.0154392454123563,0.013728084901175,0.0111074880569448,0.00852507233764346,0.0037027568707148,0.00787525416939349,0.00660248595189352,0.00625481012585548,0.0158813544149894,0.00370791294542946,0.0154847939823413,0.0123932606966767,0.0119626160316126,0.0114406174055526,0.00881113451861631,0.0108182067953433,0.0241715578669316,0.00567789099862896,0.0125242403573091,0.00990210103447905,0.00666287307833827,0.0125259519253911,0.00628844554880548,0.000698794925230605,0.0105682974213969,0.00602580353165041,0.0149820879656147,0.014739570208093,0.0124345392944532,0.0151488570291044,0.0101320622224032,0.00298225485620544,0.0162260780863304,0.00621826758401256,0.00907021661227056,0.0122409501280451,0.010167291307578,0.00934690217302527,0.00525226443938184,0.014713577167937,0.013494496768568,0.00972234411868458,0.00984731497169262,0.00258298210757466,0.000437039295781297,0.00670207729584466,0.0108736236549793,0.00866432711474793,0.0141903061783636,0.0127316073347691,0.0113850932761116,0.0129672113431773,0.02038219235503,0.012534189012162,0.0174029566671646,0.00667210299028398,0.0113814203515947,0.0193960767346306,0.00981901141347901,0.00596913339621816,0.00361361932946179,0.0064549859558936,0.0063565855777569,0.00345990627890926,0.00919976272529722,0.00954552119374991,0.0200946740380606,0.00494238035111256,0.0166047137263113,0.0103907944172665,0.0225426651206707,0.00636811833284384,0.014581826435643,0.010001091639808,0.0115601273923305,0.0101344943368995,0.0123164188426166,0.00538026679755575,0.00909162337076845,0.00756441823688818,0.0145810163702014,0.00414157380047043,0.0108327832582813,0.0190275335719425
1561.40317827101,0.0153990594633377,0.0116406156750754,0.0232058730222582,0.0198466480606768,0.0201059214145587,0.0184894071818875,0.0108332781452019,0.0213385152336334,0.0203435857963341,0.0147230777499101,0.0223959090019974,0.0190036924118985,0.0231147668553169,0.021002159111489,0.014722486321555,0.0189866227069076,0.0192525541113471,0.0187420207179053,0.0228164303010474,0.0148611357621472,0.0143468222704257,0.0194820093828514,0.0261000712210388,0.0254334781759998,0.0196082542526062,0.00977540229662092,0.00995350127824426,0.0181467370931861,0.013047344693632,0.0154781459957696,0.0255866319950774,0.011962077993265,0.0205959060121151,0.018438136903109,0.0200468104819602,0.0132076518708003,0.0191515549148028,0.0198612922169233,0.0158702523828983,0.0242928769822713,0.0167943493370107,0.0268712137504733,0.018081370161023,0.0248093376035412,0.00901485831208393,0.0184633092309126,0.0197924356435748,0.0147302776768546,0.0189724872045036,0.0193439504513969,0.0269949932569,0.0247028263206593,0.0133293442208475,0.0232562480799395,0.020253939125096,0.0244522202882934,0.0128004543534473,0.0179858819843626,0.0133565604247809,0.0126963101817483,0.0143202752605042,0.0163202490653318,0.0280874894861712,0.019785368617102,0.0177904110777,0.0190164431766033,0.0130683075539899,0.0147946382690247,0.0124027511454005,0.0142849694863613,0.0182604351466681,0.00831636658557729,0.0291969205767641,0.0177911128592665,0.0247383485650114,0.0164442666354904,0.0194055142404543,0.0205138890243785,0.02040373422771,0.0160938476069369,0.0135402913877588,0.0171624704957052,0.023104242713007,0.021736157036817,0.025817379573591,0.0204166255281038,0.0177429700380028,0.0159338061027171,0.0158890941267647,0.019762442754237,0.0190999006046681,0.0247559187354087,0.0149888672672602,0.0164868261989081,0.0130723727083248,0.0243893959477185,0.020213008403266,0.0204025652008929,0.0173200058904192,0.0263029586320005,0.018214987204085,0.0255252706497723,0.0252913124181588,0.0175164720744111,0.021746029405271,0.0241354319237634,0.028305570428465,0.0142786243345312,0.0177004484099964,0.0126416982596371,0.0198884529293028,0.010533977209276,0.0131059550148585,0.0187291685831453,0.0209082844920584
1564.11080336739,0.00827880841674939,0.0114190670081537,0.00826099302895793,0.0136751835582873,0.00321891794961472,4.58417571458376e-07,0.0106594772298627,0.00770649408718253,0.00144796895094766,0.00693076702073537,0.00561565497079117,0,0.000896309573227963,0.00991474850923534,0.00525645651007285,0.0149451956573772,0.00614134617883712,0.0163526640837059,0.00438894506441998,0.00815261422741518,0.0151988941699832,0.00668395553370385,0.0133637130576684,0.000540513436915711,0.0124110375574523,0.00897677473571471,0.00596446057177479,0.00983097379909944,0.0154840099498829,0.0135955098913609,0.0165982296882149,0.00850795965432788,0.0115948426886435,0.00137091896458203,0.00431637609564859,0.0102861438969779,0.0079496650962844,0.014194530832679,0.00848093544204198,0.000774211772981471,0.0131944741105684,0.00912289678983886,0.00647042287642866,0.0108791961341923,0.00499387702418516,0.00442327563348123,0.00593830426903902,0.00369668562550596,0.0133038308278521,0.00324291798810004,0,0.00457541018170522,0.0103900742283692,0.00846339843075661,0.0117722488880818,0.00784216714047542,0.0081929357292951,0.000821734806771457,0.00980540646530977,0.00807414183050096,0.00973470093500246,0.00751111105550055,0.0122081487368701,0.00369430729025202,0.0137770124253061,0.00799707085605646,0.00678629508562751,0.0134302903385733,0.00772002301878248,0,0.00710148813135798,0.0151084169395637,0.00258091461913524,0.00824625408985637,0.00424298211855689,0.00965931536088909,0.00404074747004206,0.0103539927190429,0.0103584426409011,0.0049351247969927,0.0100322110381229,0.00421853973530119,0.0184679170908727,0,0.00659813276913795,0.00705336038751895,0.0137040952402407,0.00120898121694784,0,0.0141650666873146,0.00546865137681891,0.00738417876785121,0.0141859466589192,0.00586367843735497,0.000203235864846424,0.00647505360068195,0.0106835391616179,0.0114825108283997,0.00607042419283856,0.00113017028541986,0.00821178442003238,0,0.0113354739074235,0.00324982243455161,0.00785467896096283,0.0110243418368411,0.00961413353712496,0.00526553567894949,0.0114752679398779,0.0123859396581653,0.00591920525521477,0.0108225630887302,0.015581315706382,0,0.0109504345685637
1566.81658511252,0.00171185930282286,0.0128343751729413,0.00315485607051714,0.0113208296863488,0.00785311622286302,0.00784035927134673,0.013690052703183,0.00868708659980137,0.010417478763276,0.00404686459763384,0,0.00591443392490796,0.00950213248873624,0.00481354783454249,0.00774797505541801,0.00657229480057079,0.0118368223921698,0.00096724357192566,0.00529924987462743,0.00578764781862267,0.000350395298113677,0.00373591616675858,0.0147721211540747,0.00579075714051964,0.00147469896956026,0,0.0100139536985007,0.00369022430120298,0.0157947938257808,0.0106444956118071,0.00927506287324173,0.00561313679787377,0.00371374557800218,0.0125472805363535,0.00732750557617372,0.0041405846138077,0.00665103759410611,0.0112584655861429,1.64036434658793e-05,0.0124817463650214,0.00182064697477298,0.00942209637805593,0.0149118167046064,0.002441937103639,0.0144817207096507,0.0119164679920069,0.00625425846897654,0.0147611741820408,0.0027764330145296,0.009563143565936,0.00427817851119124,0.0156699222394683,0.0037082862441109,0.00985542164589762,0.00716598231597214,0.00705893273957721,0.000893090565932638,0.0115123010715682,0.00463419311228844,0.00511121674274932,0.00301237787401659,0.00945497258827225,0.00444643175210249,0.00784742406706972,0.00978716625474067,0.00345892818927312,0.00217427032494932,0.0104488334489942,0.00694286944472246,0.000725589017374863,0.0139687641461464,0.00454689529156802,0.00398637191258092,0.00912338551735304,0.00729729533699163,0.00072498360046932,0.00652729734820694,0.00627558337902418,0.00469871411644808,0.00852124710719512,0.00492006936688847,0,0.00508676764719353,0.0136983845330714,0.00854426272091722,0.0133946641739097,0.00158177874681363,0.00205552248965034,0.00787145798650785,0.0102015348034003,0.00364629206256652,0.0103751125987909,0.00294512532250416,0.00729348700573469,0.00108121437142142,0.0117742609716024,0.00609668521292827,0.0167365619818611,0.00639571613336794,0.0125381285321313,0.00472304239884142,0.00721073560856515,0.0165969965756532,0.000848176205117858,0.00872808204574691,0.011327117477794,0.00993252701995152,0.00837640090264518,0.0211127584858827,0.00340057575895206,0.010615224609542,0,0.0115678024414988,0.00891292849544182,0.00802559238883828
1569.52052523145,0.038647828009507,0.0223389303081513,0.0286077480307367,0.0268731431375811,0.0372333040637827,0.0280513130520899,0.0363591676689269,0.038329090152802,0.0386855777569092,0.030492330613151,0.033597994148998,0.0283569796416452,0.0241826148261074,0.0284659694243494,0.0341311059636821,0.0352436133266851,0.0272157161506763,0.03768566103619,0.0303760816798947,0.0326065594890553,0.0251079506083936,0.0444830751996393,0.0308685674121349,0.0280412930429856,0.035177194559652,0.0345056441297829,0.0290486769438322,0.0282348995361246,0.0300965863563757,0.030109129825279,0.0287824243472661,0.028474585069357,0.0309301629226745,0.0253753716289244,0.0317543914422631,0.0283321013274128,0.0256836987905603,0.0359577789945557,0.0371664114881083,0.0301701697671441,0.0339182163558087,0.0351908605075715,0.0369098301083234,0.0268448178979617,0.0277688820431352,0.0370823412501928,0.0370632263020709,0.0323098614243894,0.0329583829192133,0.0235550139841353,0.0426030376159656,0.0343188943717294,0.0287898829421035,0.0349744346969354,0.0212909231164782,0.0302768934396769,0.0245736428833314,0.0304121563297865,0.0274316909611443,0.0397943902794957,0.0330358150445339,0.0360999961786633,0.0334003796497975,0.0388028510354849,0.0300418010982776,0.0285434791631697,0.0244726062986565,0.0435799790594045,0.0416765939450753,0.0295039081693848,0.0284973153089097,0.0320215354546653,0.0213359427418837,0.0313679501147866,0.02788323149137,0.0401615917646005,0.0376698731593045,0.0374643306998964,0.0301400184098799,0.0339404130292609,0.0399774025184358,0.0351885761022248,0.0410526530076439,0.0340529102825949,0.0300296218813019,0.0306936903674007,0.0273163903912635,0.0377742501096152,0.0253595041049333,0.0250464974211571,0.0425610419808612,0.0289116926993328,0.0319239221323581,0.0311650308156987,0.0288804845680542,0.0358701195552285,0.0315920168229241,0.0323552561964337,0.0397472123353967,0.034494222053961,0.0272222737203162,0.0351567932865805,0.0388825055602339,0.0291508513152024,0.0363774646183771,0.0325425562270848,0.036312731011168,0.0329610073372018,0.0324129891163995,0.0349249663161021,0.0246560163305336,0.0287192808647998,0.032001269668618,0.0332718586247994,0.0374755828306834
1572.22262544705,0.0114480481861626,0.0114354765238861,0.00773719295841324,0.0196897403538454,0.0145057505703191,0.00748589961149122,0.0145212867417879,0.00801808180806794,0.015041831942609,0.0140902504599915,0.0163554192778791,0.0133271760387409,0.013038195981843,0.00769164800369423,0.00792044300361382,0.0105863926771485,0.0184678776856553,0.0163809741798542,0.00987325875207423,0.00868892190405991,0.0173563953331861,0.0181103829298367,0.0165736832071949,0.0152676318235107,0.0135378540965625,0.00780287909695249,0.0128398705810232,0.0108446481219797,0.0197093338561103,0.00972997593893773,0.0111134623093122,0.00954349261152396,0.00994480283722293,0.014891416769307,0.021442205305645,0.00383014343931237,0.0189456029862848,0.0200758466629891,0.0144675172563588,0.0132209260596904,0.00699692965764358,0.0148609588509784,0.0167083782110521,0.0113446567931769,0.0146476915134519,0.00546476513804003,0.0134868944733273,0.0170386013909027,0.0121714575209485,0.0168117263082568,0.00824343155707371,0.0153388324299383,0.00601603011544385,0.0019363359660572,0.0128815600621293,0.0126472827803056,0.0118895709345548,0.0133188976216879,0.0113496720167341,0.0156139891829368,0.0123198323205835,0.012341632761396,0.0143556155016325,0.0036559937626082,0.00833758896406594,0.0127505590593176,0.0215548973801257,0.0176797401363776,0.00546188140616245,0.010215338758911,0.0097724310507699,0.0128189917141402,0.0178483142861811,0.0202536221279615,0.0140255222978425,0.0225831062678386,0.0104919139993501,0.0125091253715196,0.00544610799692057,0.0163098405202885,0.0164672437520717,0.00191760218188879,0.0129224613362397,0.00791961683677749,0.0130499032765755,0.00810866982767023,0.00983708887930622,0.00810904105939753,0.0149706482842643,0.00127285411541855,0.0102506805950771,0.00679370240425775,0.0141239505692824,0.0113192874244675,0.0100462121166275,0.0224453926404359,0.00956537616227835,0.0153445429443677,0.00546952886768873,0.0121636178439778,0.0151258067193031,0.0214598825852951,0.0156766465379179,0.0106482425819532,0.0160067157759433,0.0205733796589116,0.0122696565070596,0.0212717490160962,0.0136990019867504,0.0161402645779774,0.0156936084912006,0.0199161926901197,0.00415581535870435,0.0128516315319585,0.0200404035047021
1574.92288747995,0.0049511372926493,0,0.00215849351405867,0.00440208151832838,0,0.00573395708118217,0,0.00204611468538618,0.00213027908535715,0,0.0044825125036182,0,0.00356878051767581,0.00862422588005627,0.00451678370999122,0.0131742161193649,0,0.00432308653677515,0,0.00369538152557692,0.00474911907684114,0.0081388080645934,0,0.00580386417861973,0.00106058112870394,0.00601562718924417,0,0,0,0.000844035498766767,0.00276914029864359,0,0,0.00497409387592641,0.00847964946362776,0,0.00454847872203247,0.00421804231385376,0.00167964500215737,0.0092934349626122,0.00460889828121405,0,0.0111464799357779,0.0106358315025149,0.00101070550400573,0,0,0,0,0,0.00483594671410775,0.0119820282814594,0,0.000706198640873643,0.00944848087731004,0,0.00791883247933346,0.000615244506802085,0.00241503619857447,0.00890561147924461,0,0.00738364183737201,0.00234975323221626,0,0.008186951664945,0.00451564030230707,0.000554401595840558,0.00328615651679953,0,0.00406697273236967,0.0041644282765498,0.0001568650718167,0.0039541968284587,0.0031437897590416,0,0,0.0038668561580447,0.0057506004991035,0.00694662834159228,0,0.00762880920444064,0,0.00290160297980292,0.00560730735315795,0,0.00522866026192595,0.00319134851170046,0,0,0,0.00474938763726047,0.00343309792908578,0.00240523179381002,0.00516725638077023,0.00825300968793551,0.000211056999996028,0.00723754440465407,0,0.00146819904970799,0.0020431123298453,0.000348478552767221,0,0,0.0034728086421062,0,0.000593785718622789,0.00506706854603568,0.010157344541146,0.00429424870947988,0.00941629444294079,0.00236944130230537,0,0.00184309869853145,0,0.00802111853837116
1577.62131304863,0.00378026145602161,0.0112089087251438,0.00750965927866465,0.0124405310153748,0.00781861518590572,0.0125955913138991,0.00749671707331238,0.00960667706461318,0.00423440173854702,0.0019823469180852,0.00920454315374328,0.0120173224981528,0.0139243512611778,0.00199164460802066,0.00276469500911196,0.00762025095828233,0.00479990559131514,0.00205463942689012,0.00381249437961663,0.00844601410179349,0.014397285288565,0,0.0108671044077413,0.00512641127791771,0.00580848239674259,0.00316988551755047,0.00988280562090844,0.00733538835595456,0.012435929366484,0.0138280472439489,0,0.00981562290133379,0.00312076845206289,0.0140751350892103,0.00409786025386204,0,0.00773891142270474,0,0.00923943529690778,0.00863935286053474,0,0.0119109126897593,0.0110217933866136,0.0110449283183019,0.00897449393938924,0.0123460384461143,0.00122866263852493,0.00164236124096194,0.00376068690961524,0.0115913400097121,0.0095915593338198,0.00703581356308741,0.0100323704550385,0.00865825586508799,0.00383911912292111,0,0.00397187122821842,0,0.00172380178427141,0.00767382766420168,0.00822172964738329,0.00459584281690598,0,0,0.00106333699118888,0.0102969048639787,0.00317250640979022,0.00641422042141575,0.00629755311477918,0.00832650113075767,0.00349047985854185,0.0065251027309186,0.00490667554050602,0.00466550711179139,0.00115544743056986,0.0108569772131735,0.00104777549321121,0.00397281587674743,0.0111976657339155,0.00783718180606572,0.00315451983241949,0.00215869363203363,0.00715397082501747,0.0130543944002506,0.0122305768665743,0.00510650250043026,0.00251505323519447,0.0121142131718787,0.0098239394050064,0.0101520722931827,0.00623621405129514,0.00598422555211296,0.000622273887778019,0.0121623110488901,0.00758240893467763,0.00284725253164513,0.00602735604031663,0.000445015967338419,0.00134191892052485,0.00302507087530638,0.00560935733975453,0.00658498226456189,0.00553162253463679,0.00600990255508378,0,0.0133108778212306,0.0141626624854858,0,0.00638349985799032,0.000528541703277186,0.00606631256297908,0.00561661307819645,0.00932404454330179,0.00650573075496889,0.00249623967504283
1580.31790386938,0.00157267943210287,0,0,0,0.00451149535336101,0.00230243603228574,0.00269552389215495,0,0,0.000849973415589098,0.00700234973974223,0.00423179001771504,0.00175545034671905,0,0.00374922397188964,0,0.00632011123149765,0,1.34950093922349e-05,0,0.00509229472979836,0.00464633045654411,0.00370502731147265,0.0050210047042058,0.00036761522398991,0.00413594814370195,0.00603563443696541,0,0,0,0.00749018028405835,0,0.00632193357233193,0,0,0.00733568780246032,0,0.00560096853856001,0,0.00475983477901029,0,0.00225411389990232,0.010379915666216,0,0.00671311978210276,0.00617141873042564,0.0109147702639159,0,0.00799999553316614,0,0.00297684997472258,0,0,0,0,0.000227658737137433,0.00330746674448829,0,0,0,0,0.00505130540535716,0.00215322435911809,0.00328877227557485,0.00203759605295256,0,0.000876933527847335,0,0.00342593843254314,0.00933181050740852,0,0,0,0,0.00378470313005611,0.00149924779254177,0,0,0,0.00609069044215658,0,0.00148902058115998,0,0.00646425327794057,0.00128637707574951,0.00500890756999061,0.00672740235857737,0.00289450630775417,0.00326234843270346,0,0,0.00106619583812493,0.00326898795458216,0.00551287479068493,0,0,0,0.0107199460466621,0,0,0,0.00648954537038839,0.0125605513693517,0.0107239993518367,0.00472321274845311,0,0.00809458150896562,0.0133027660631464,0.00958992320667196,0,0.00594999255441937,0.0033544757550003,4.95376195275391e-06,0.0140237859499949,0
1583.01266165629,0.0121147813661937,0,0,0.00474758678770436,0.010902780075101,0.00223367934538197,0.010641907232332,0.003187717252959,0.00316097900809596,0,0,0.0086032527012378,0.0050118790348279,0.0142765000194469,0,0.0112854254780946,0,0,0,0.00236006881373145,0,0,0.0134042145458163,0.00986881205850112,0,0.0083728303761233,0,0.00768769468228386,0.000959643033750624,0.00109443314159623,0.00359672392935852,0.0155444236616185,0.00461570108289442,0.0100995964305941,0.0135898246895565,0.00620768163472784,0.0136459930655828,0.00281008961538028,0,0.0063203460429009,0,0.00269364159236802,0.000559833235707132,0.00318473971023285,0.00501522833237925,0.00829423226115849,0.00974358236575629,0.00357056128126567,0,0,0.0001847357889999,0.00582324430300425,0.0114547284221956,0.000931896261327759,0,0.00939634617463399,0,0.00248609108849157,0.00479843988490237,0,0.00313998143879747,0.00606786599493681,0.0150420176338188,0,0.000345085521291549,0.00686251568282807,0.0101288443182892,0.00782132118819685,0.00390631786913908,0,0.00494364179026862,0,0.00468896388011358,0.0110667756603239,0.000967719008450337,0,0.00520744643873978,0.00269464897392948,0,0.00982092567572058,0.00621392958294817,0.000844054148950412,0.00422351089254387,0,0.00608744234052924,0.00985620603638126,0.00177624076561614,0.00442187329359295,0.00101722987055821,0.0142988297359275,0.00981801291293854,0.00634211920489089,0.00759240429853749,0,0.0134520300652892,0.00212069105400381,0.00313493894151979,0.0123121991013614,0.00116447540703987,0.0117103249734818,0.00592582615508431,0.0107478488801157,0.00151779182352548,0,0.0112026003654658,0.00453807293333512,0,0.00611372752784933,0.00572131430534265,0.0112768219151188,0,0.00974107104216254,0.0086207923913674,0.00736055628477944,0
1585.7055881213,0.00359229225901908,0.00944037534353703,0.0106254171030389,0.00364779457602575,0.00549503383172446,0,0.00748018740336357,0.00379746815596926,0.00855040615066939,0,0,0.010243243731669,0,0,0,0.00308358139751916,0,0.000822623986577402,0,0,0,0.00616655712299378,0.00629096713214592,0.00214589689322839,0.00138511559957409,0.0104693966049263,0,0.000100253419208705,0.0105683536764697,0.00377620629242056,0,0,0.00457848841164955,0,0.00767592890658595,0.00510448992716038,0,0,0,0,0.00366175819303549,0.00156664763148363,0,0,0.00172326289926429,0,0,0,0.000277727873184652,0.0124100849778855,0,0.000412877144330297,0.00440170299451002,0.00087641814760338,0.00146524763406751,0,0,0,0.00253729546195524,0.00194328811896925,0.00576593687206306,0.00871859469780242,0,0.000434302479284159,0.0132096137719429,0.000338000099942553,0.00294466400375778,0.00664745062251653,0.00552093601533527,0.00321983495041785,0.0130718883209017,0.00133951811512895,0.00297008844266453,0.00828491787495443,0.0020055040984468,0,0.0057037577586247,0.00429590400018599,0.00719750167676038,0.00539716982279406,0.00778029281891498,0.00628849363783171,0,0.00471560650696901,0.00440791886277152,0.00816811539048677,0,0.00650999702534869,0.00416181982028462,0,0,0.00414917580720061,0.00258020079202981,0.00103718033916077,0.00626960657413658,0.00538380124597931,0.00527856994459703,0,0.0104641223797387,0.00058170913138874,0.010177460265352,0,0.000919324401832873,0.00784460425835201,0,0.00340194517831061,0.00417038238348084,0.0159994922137502,0.00297017312166554,0.00574644897077534,0.00140592196702499,0.00267712325539671,0.00586420437540345,0.00181482702825093,0.00278291968455844
1588.39668497415,0.0083500128360527,0.00244838198833683,0.00844244971731813,0,0.000112073083032719,0,0.00434322810593233,0.014158002486114,0.00753937480531517,0.00845800563301404,0.00214881574347617,0.00529190283267678,0.00500182140886356,0.000639070257044864,0.00739291207088768,0,0.00673222860721393,0.0078760314713486,0.00271208459971958,0.00447234513925715,0.00118381998284798,0,0.00517674377904658,0.00704327506326151,0.0110689607450487,0.00501451116232202,0,0.00329584788267057,0.0126800728924305,0.0119444276279686,0.000808786227965581,0.00743134542581304,0,0.00296596230418465,0.0140870385286187,0.000778423868167484,0.0130681125784955,0.00867207844281431,0.00676372577338504,0.00734823327946098,0.0047414496638136,0.00311436121240081,0.00481125923362087,0,0.00870471779645313,0,0.00475499503193386,0.00290300431863261,0.0100154584079889,0.0140067500161627,0.00552627088386936,0.00578538935211945,0.00705645747582897,0.00246174818466838,0.00475890817749278,0.00164926661344522,0.010692010781518,0.00731172380395391,0.00358870285423262,0.00735223850984325,0.0121966601587783,0.00173793735397043,0.00474243118863987,0.00696858217591627,0,0.0126737698297134,0.00182125948223015,0.00331081607518503,0.00937889471125,0.01249755801325,0.00649564789873167,0.00671969150980922,0.00896169075900697,0.00498093834246097,0.00635109705133528,0.00453703108524921,0.000822759780708876,0.00261844286794072,0.00282449464484856,0.000998086053606778,0.00503119694289867,0.00459073576598526,0.00522831632934456,0,0,0.00814508894911216,0.0038385077545823,0.00808676433469903,0,0.00834726708133137,0.0017118521310001,0,0.000896865044018031,0,0.0150311561164993,0.00480721783643503,0.000342802071142718,0.00359925039204523,0.00273827618121648,0.010526143006561,0.0068806106205706,0.0117633006896284,0.00637824551265672,0,0.0100413622669855,0.00550409506533159,0.0111965970307332,0.00886154258681101,0.0078905280143217,0.00571231759402674,0.00520256323650712,0.00372319082605552,0.000419041971024861,0,0.00113054966820621
1591.08595392242,0.00623895499720172,0.0116121152488702,0.00846581938604045,0.0172384077896544,0.0200137003617935,0.00593294504074288,0.0118337626344028,0.0169788211452311,0.0161905621094718,0.00742710543870076,0.0123409367545203,0.0136008726574663,0.0110855516199765,0.0136430945704857,0.00847636205743502,0.00199874055747232,0.0110328471246372,0.00518969624637339,0.0161794406992294,0.0152857258838514,0.0152939936425413,0.00778768997231922,0.0084323092377707,0.00758463838945235,0.00948955720842903,0.00986553729558558,0.0117295305442781,0.0102815397325867,0.00514604344234331,0.00484605631400025,0.0068382156326617,0.00850443842516502,0.00403148769267776,0.00839072901695619,0.01677902392838,0.00784489210851052,0,0.00812139458779204,0.0149947909467891,0.00140007578209926,0.00974581032971137,0.0036259735484958,0.0113045433819398,0.00798663139247204,0.00492215968849162,0.012053590092458,0.0101874607159529,0,0.0024188239577373,0.0167207716570554,0.0142028093799267,0.00419021906737165,0.00973574843464411,0.013229999722622,0.0146803629373251,0.0196105038046485,0.00577987192564744,0.00130313541615602,0.00576105960563465,0.00569768641872042,0.00839144468908844,0.0119491360761411,0.0166272304745146,0.0129814192447336,0.0142539585334368,0.0148087809074289,0.00621007773901532,0.00601363751924475,0.00716320059021692,0.0163356918755111,0.0157648173976368,0.00669438112523844,0.00674358764879151,0.0121002756941713,0.0178344134434369,0.00614233858174335,0.0121737100501425,0.00592246431753083,0.00556442278952746,0.0162522600441308,0.00230687838554011,0.00788003230227765,0.0156328444451422,0.00955674299829242,0.011423047822725,0.00322702859516611,0.00814986291165689,0.0102245804725758,0.00676848145176106,0.00621404726973177,0.00814195748432411,0.0014431313413694,0.00970064892382057,0.00814444886550205,0.00405717805567352,0.00259961259186923,0.0101881440722985,0.0199616234530954,0.00878876915200367,0.00498713628404419,0.0106404451238862,0.01501431162296,0.0129592721038202,0.00667753779792306,0.00513082043885198,0.00441725301858143,0.0111964602480225,0.0171487590059849,0.0215748418803763,0.00296804291704925,0.0128624293305287,0.00533327621601752,0.00748193383797409,0.0175707875314786,0.0178353706619354
1593.77339667152,0,0.00413283320964504,0.00905987377186369,0.00158269197201646,0.00661915291115686,0.00918415428865536,0.00397559453551467,0.00739707570189058,0.00237904670225387,0.00316584068071225,0.00384992127980393,0.0070473596368633,0.000695515263394224,0.0104095812131618,0.00470285287867522,0.00911603818896549,0.00730802073639395,0.000901234012358029,0.00445569247892061,0.00776395716409804,0.0039451044803104,0.00345053723508869,0.00356589981443943,0.00815115417267567,0.00417248649415049,0.0050008870530745,0.00533279825416441,0.0124506017417326,0.000322577705372921,0.00378056662476462,0.00632834367519504,0.0074577497271311,0.012290354140757,0,0.00452103799999318,0.00844094398808583,0.0109459854786115,0.0119270891798557,0.0100677506407514,0,0.00753473206324089,0.00946325742415436,0,0.0140124221241422,0.0108738839952553,0.00324537289691666,0,0.00125608288136182,0.00461173918853313,0.0063488245833511,0.00716895818301696,0.00100651504054696,0.00598412830643146,0.00678443092428866,0.00151849149836042,0,0.000892370639060596,0.00186799754872835,0.00631482599934619,0.00570382451322658,0.00569112280193689,0,0.0101915657367988,0.00699649533883296,0,0,0.00678336003690323,0.0147560592075982,0.00164638459961853,0.00599053692070995,0.00760213591158902,0.00778015316704622,0.0138831849130027,0.011036082401483,0.00964723422113136,0.00397003904789729,0.00788331583903815,0.00374538709157532,0.00505843304481305,0.013538657140599,0.00286255000438786,0.00347610292397352,0,0,0.0109023319507181,0.00434782204454704,0.00275781924117278,0.00863455457026724,0.00354810864040651,0.012693277006928,0.00656130877269461,0.00253604443088974,0.00421364468586876,0.00326131945195642,0,0.00317818082651082,0.00694278427925387,0.0156688465853586,0.00551448954671348,0.00612037623344917,0.00631115792307836,0.0145026918199872,0.0129852128020441,0.00343963233205589,0.000791593067218008,0,0.0155615364925685,0.0161122582965174,0.00306150053383918,0.00626740819472122,0.000261654325287206,0,0.00534376707558755,0,0.0038317397461962
1596.4590149247,0,0.0122718862037789,0.00531736061442875,0.00708650670236836,0.0120602120031984,0.00118672974833541,0.00833559846528353,1.89446752105111e-06,0.00144254484638849,0.0081561048857236,0,0,0.00353158633761896,0,0.00637909095976631,0.00645933739324082,0.00414463133250034,0,0.0126078316802796,0.00620735249854359,0.00238161840544549,0.00023083237825059,0.00252644251618543,0,0.00801864006780622,0,0.00644183407720939,0.000658377774292241,0.0094915352124573,0.00383287774915246,0.00748534196439743,0.0075080390588686,0.00851826845728048,0.00357714544918115,0.00191444451135383,0.00419064461642212,0.00772830101791101,0,0.00736285633787295,0.0036594074368207,0.00702057135654459,0.00737295804203414,0.0140806930280882,0.000373348006487179,0.00929843250498149,0.00825059706778624,0,0.00666129846593785,0,0.00802027087037149,0.00612882182075294,0.0182883334904549,0.00548512752675074,0,0.00323783865343132,0.0120114618804206,0.00417623955685888,0.00791503372188787,0.0057980862989293,0,0,0.00830655603186855,0.00378140173091037,0,0.00732475579171221,0.000855012730989904,0,0,0.00114573798710617,0.00769378150531334,0.00164687605587947,0,0.00951950682741527,0.00945021020817902,0.00148565200026999,0,0,0.007100759768682,0.00457793540767607,0.00866922325115237,0.00941091352283843,0.000751584843464758,0,0,0.00878048403067016,0.00932086767471423,9.34043601361843e-05,0.00438909230130968,0.00357183409902552,0.00417016618595532,0.00125568948840659,0,0.00425844424323009,0,0.00469196619892472,0.00378241541667857,0,0.00813643500349103,0.00391618795192223,0.00174046568037707,0,0.00265276062398427,0.00261754727578212,0.00614742498253605,0.00630510929276197,0.00499638104171527,0,0.00960203949041519,0.00368939168064695,0.0128750513628915,0,0.00377796389507228,0.00106019869691364,0,0.00710722246308109
1599.14281038303,0.0117185654950947,0.00484359298349386,0.0119606283265806,0.00611308683452912,0,0.00502510409239478,0.0121908138894301,0.00505974141810744,0.00374368075839441,0.0148004647837714,0.00404964194441215,0.00449652305431607,0.00749403003250505,0.00781205714259873,0.00970806870522175,0,0.0112029016264715,0.0113884223313295,0.0197121104255133,0.00521601963919892,0.00409703827486041,0.0139594589288096,0.00694346103244163,5.0562336123707e-05,0.0129651972923094,0.00508633643102428,0.0123850326916913,0.00879456543118334,0.0090151714068569,0.00718768402703406,0.00429160931692343,0.0145525795073027,0.00751198521455933,0.00419295925664839,0.00842457669842924,0.0113333207233346,0.00343895918668728,0.00499666374237596,0.00523238739231519,0.000493956631725307,0,0,0.0114464923040349,0.0113718684127323,0.00289307455976654,0.00445677028258734,0.00813714097588981,0.00401509135968507,0,0,0.00185836276678748,0.0135416995164961,0.00339719654458786,0.00959141233177768,0.00718375295660657,0.00661457416189953,0.00531260816498306,0.00743876381323466,0.0107862352717773,0.00524622032187493,0.00954609663865318,0.00518230851185907,0.00764895744437927,0.00876529531685874,0.0100877896233458,0,0.00416571519942828,0.00934989298837157,0.00621588582628928,0.000132448458002933,0.0148106495652318,0.00894124811072548,0.015611774682213,0.00515374885266371,0,0.00404679952320424,0.0031604940130523,0.00332332143639283,0.0019422349184216,0.00600597937405701,0.00513426150732895,0.0101817596480474,0.00479947927164845,0.0113292741700227,0.0158995991645348,0.00666588422788819,0,0.0114277082973735,0.00523016220605253,0.00479650094284844,0.00829638847244915,0.00747350196620165,0,0.00997522940157697,0.010262934466334,0.00220394039464919,0.00654080188583098,0.00988182988736142,0.00454404388937365,0.0101258708097628,0.00908696318342974,0.00652119560607172,0.00982387124251033,0.00511234415632991,0.0118442757408956,0.00291331539044397,0.00375612818300749,0.00366801559937651,0,0.0058309524462108,0.011871373887343,0.00977603348830246,0.00548600473755626,0.0116162341944654,0.00932969209688542
1601.82478474544,0.00917607520013373,0.00980780942082745,0.0148128910712404,0.00733298229018174,0.0144195498466513,0.00888885687498479,0.0219029394508638,0.0225707636754714,0.0141013584855306,0.0198429626550734,0.00739537681525205,0.0151166655516161,0.0136829880653338,0.00953248970677546,0.00329847144991448,0.0066670850087541,0.0150661973774342,0.0185694006707102,0.0177210209591242,0.00911013304537397,0.0134292733766187,0.0135209820036857,0.0200758603678453,0.0171222424844463,0.0157871169494812,0.0170713845128965,0.0151472904917788,0.02125935744658,0.00910089778731802,0.0165758171157449,0.0202712271333296,0.00339468945749432,0.00488747223466618,0.0167734214704153,0.00586807165316573,0.0147125517803788,0.0117989953370087,0.0213309759453439,0.0218030408211438,0.0168506952175466,0.00718451188165347,0.024471730500015,0.00667229022256877,0.0136446580707128,0.0121561041025937,0.0122705658362912,0.00496556699195369,0.0245456565441214,0.013511799626041,0.00870752523883048,0.0155190835990826,0.0125859729012468,0.00832793286601708,0.0123797094531436,0.0111555477444785,0.00778224833831898,0.0135344221153109,0.0162649283858159,0.0130603600015452,0.0184140924648756,0.0101613219634868,0.0165681920595615,0.0104631424308657,0.00886833596856585,0.0139527512378729,0.0209055759765459,0.0190821983304782,0.0187142130991382,0.017965931159562,0.0160961061449469,0.00617876255131895,0.00358651318571954,0.0195336661285349,0.011281194272075,0.00603002516927612,0.0068393781756274,0.00596972539708798,0.000122600892633321,0.01677905642793,0.0159085248226028,0.0171583077771355,0.0135731192403634,0.00818119729746095,0.0173796197151227,0.0105759211992504,0.0160637523104107,0.0142979781738922,0.0147389207972896,0.0144252482929521,0.00920539657732144,0.0196479787131358,0.0129240610740835,0.00883032808791682,0.00735654960756874,0.00762624105863719,0.0161110939433438,0.0153960749753415,0.0258032516940273,0.0112484171755294,0.0113367572505757,0.0172741979687058,0.0142032709373877,0.00663688592824182,0.0170206548420999,0.0141334918869389,0.000855542751820411,0.0109112194573936,0.0109598381389814,0.00993840816744096,0.0141316763534306,0.00592714887789001,0.0136436562456061,0.00993762910904052,0.00349012101804788,0.0164303236270776
1604.50493970872,0.000826001923646487,0.00888333581006876,0.0127837630551088,0.0107463397521177,0.00811348367734113,0.013851821012472,0.0130861651304329,0.00228417117918449,0.012705266339752,0.00483247308330754,0.00168010330359222,0.005360631078648,0.00504877170958532,0.00856790421816338,0.00722111411789611,0.00626533923691269,0.0130513056184415,0.00733141075451698,0.00556168916923189,0.0108697904941292,0.00706300024267698,0.0098332990888609,0.0115087014200732,0.0123145596087383,0.00197120561620721,0,0.00564480415418719,0.00954263420324228,0,0.0112442365179794,0.0116588865985838,0.00244795366443668,0.00776916832374841,0.00821436098621843,0.00601087243382968,0.0067502005858361,0.00536678606823268,0.00195845392073851,0.0103853664593138,0.00507051442107117,0.0100909643882694,0.00655157185482886,0.00354748791505614,0.00609797731322021,0.00580101352582126,0.0107340750083291,0.00889292058504224,0.00956593423698362,0.00766901167457253,0.012640209214776,0.00912920361386192,0.00789069591267052,0.00360053819945197,0.00441931273849759,0.0107517014656641,0.000256067544810475,0.00331584187870512,0.0152938131514405,0.00659329681817635,0.00761634261410126,0,0.0059849431086286,0.00520952838436814,0.0150086447620755,0.0129991524666936,0.0124017001470282,0.0104305218518786,0.00240401203488833,0,0,0.00902876475500371,0.0112902139919169,0.00426704414218985,0,0.00451143169115184,0.0112872076563314,0.0120461714161684,0.00741080508626826,0.00383607428312064,0.0013010620598513,0.0102199566831561,0.014785070596449,0.00172406420612906,0.00236319219042547,0.00961461831237635,0.00526008226834689,0.00576502461352917,0,0.000574088047442064,0,0.00852535786712872,0.0109067700692382,0.016661448424378,0.00804457414719269,0.00446688140523958,0.00630272513574027,0.00296360464501138,0.0107297419622083,0.00587846755898567,0.00758882714470918,0,0.0116297376465334,0.0073146536441888,0.00365589983054201,0.00607545264505486,0,0.00507377549000045,0,0.00354438124969738,0.00166862775786782,0.00878134637047859,0.00837384497892959,0.00627424643589103,0.00303909067693167,0.0116945437212596
1607.18327696747,0.0115897771948568,0.0203516676629064,0.0184145266307529,0.016353306140502,0.00935737683436583,0.011324638628154,0.0122471089108056,0.0171450144896455,0.0241847649295505,0.0120985399343099,0.0211138669249792,0.0149315497174021,0.0123912438420115,0.0173862316510567,0.0182214407198099,0.0091561429649883,0.0234051889810883,0.00100200882731493,0.0207899635773977,0.0218352152748857,0.0110249376312038,0.00999309576163227,0.0132865922167846,0.0146519216630078,0.0145200939948352,0.0183898476348913,0.0132669589947298,0.0107616738613593,0.0114964140905242,0.00976173349890973,0.0189377856421372,0.00688759096142882,0.0183493114750729,0.0197606450289036,0.00992274114642451,0.0220899986640633,0.0192679505192605,0.00859915593368679,0.0154719528374116,0.0166038915283601,0.00912480545320346,0.019934456053946,0.0183118995980514,0.0100627147652483,0.00810207219702123,0.0141871660951987,0.0133902389595766,0.0172248572483134,0.020838582981948,0.0144133975194745,0.0168726014503187,0.0129035204188497,0.0112717566321862,0.00833626865248908,0.0131250739155678,0.0118285537249196,0.0197348101558963,0.0187140288813341,0.0165903094409541,0.0224711390877434,0.0125482012332931,0.0125944269116169,0.00645699691410893,0.018988894324599,0.0174536889023872,0.0200682621334343,0.0133276624070042,0.0107255012287278,0.0177026924813217,0.0169517791997992,0.0157233655108188,0.00598681737622836,0.0148281563088116,0.0170471445809352,0.0139612146879906,0.0201065718502312,0.00626360166561708,0.0119720047526378,0.0170892761324099,0.0172524140862664,0.0174125486504521,0.0127151149734056,0.0188583494214972,0.0117103292422206,0.00922115246158825,0.014163175174472,0.024281574082062,0.0123242366691686,0.0173314700788593,0.0138070682567038,0.0177850621162542,0.00623894685206421,0.014607505315465,0.0207877680212517,0.0117633553492176,0.0130845424437669,0.0156968043035609,0.0185402374182715,0.0131856947984403,0.0166066590086235,0.0174970795251815,0.0171991840885408,0.0184378987771819,0.000543514281804461,0.00896266081922123,0.00592195542097311,0.00902677282164297,0.0151735844174511,0.0157460174210557,0.0111159233356883,0.0303030320091471,0.0117540849674377,0.00860702227254683,0.0124488082576375,0.0177682463678002
1609.85979821418,0.0170764952058874,0.00926331623560808,0.021890528958067,0.00518752058900912,0.00579026751347132,0.00882326994339382,0.0130243621780151,0.0179831710810545,0.00677741372858179,0.015592455754288,0.00582949304842347,0.00853803753312665,0.0082108147932631,0.0148465858291421,0.00917707005347962,0.00554017645088314,0.00373097037484856,0.00609131344831057,0.0161931030723629,0.0160863737474751,0.00904862564116233,0.00854164627313237,0.0102021362532012,0.00770564845393842,0.0115065049793099,0.0136759555064681,0.0171742559281369,0.00931666601595955,0.0132692634877899,0.015405275062984,0.0125663886488504,0.0124249246475543,0.0130630829997015,0.00419806635711877,0.00797725957762621,0.0120145515457072,0.0128888125639297,0.0114760810070579,0.00575345391267778,0.0184144432272506,0.0109703392966685,0.0121370706830878,0.00170533719632446,0.00913075157333465,0.00611322344699287,0.00884179115531426,0.0141049285472304,0.00875671110529959,0.015047381580205,0.0118420863053772,0.010534276259187,0.0125633859699916,0.00820919955739132,0.00312095827812182,0.00727164050836619,0.00762314143328274,0.00522223210018428,0.00960870220945043,0.0129149918516511,0.0100890846528431,0.00837978510531617,0.0122560045225772,0.00934945074298773,0.0131582547491698,0.00793988661138726,0.0110770255143065,0.0228354644147439,0.00266844564835419,0.0140068501130589,0.0127738971833387,0.0153520866112341,0.00233841434718482,0.0171805847921023,0.0161386798861561,0.0146835829087272,0.00776592156569789,0.0145530944365187,0.00609696856530347,0.00965070497532338,0.0097845171715823,0.0110681472836328,0.00350414023425648,0.00806892438540878,0.00864435673927792,0.00451679159025956,0.0127053907380793,0.00120768817389779,0.00981541005629705,0.0164083581909335,0.00916980973937797,0.0163563516488744,0.00266742603940679,0.0103773752688879,0.0116865498787868,0.015792872016604,0.0110586693049451,0.012061138549853,0.00950608430271712,0.0199695293306771,0.010695979329384,0.00899208880053107,0.0141367080786703,0.0186198975750015,0.00983668691510872,0.00150290895534825,0.0119751944482349,0.0113789472770367,0.00934591418270889,0.0143202180767448,0.0134772981579222,0.0085374943407171,0.00923124609783537,0.0104233260100918,0.00440043056727724,0.0141625670651699
1612.53450513917,0.0294818249859307,0.0127188121390875,0.0308456527182146,0.0216849467712816,0.0199847587221963,0.0117162986244366,0.0228398820256751,0.0118231103988233,0.0188438906947013,0.0180277924801808,0.0189016310825147,0.0165089096684991,0.0183573933651007,0.0182955975267513,0.0180596859742268,0.0264492360955338,0.0205760117116975,0.0236844706710141,0.0169872259169582,0.0206235977202521,0.00980973491302083,0.0180345100405913,0.021808030684914,0.0166667535527122,0.0257199804358615,0.01926912053425,0.016832488671859,0.02080770808736,0.0242003677170944,0.0183445525064903,0.0313866893574511,0.0228128175876001,0.0132835068108836,0.0195949945322932,0.0183580791747615,0.0203697942008545,0.0246480065943144,0.0208760280542133,0.0240745859910255,0.0294577017964023,0.0178557675297777,0.0271608385245616,0.0159800127771744,0.0240860346488474,0.0278847127187797,0.0184137901808695,0.0224630781228045,0.0207738367146964,0.0217591266775788,0.0289630622753239,0.0253833052945552,0.0300001507893863,0.0229252029935273,0.0184026814357173,0.0218023967728025,0.0203368918039115,0.0184337011502559,0.0229034322003473,0.0224164207306639,0.0255408783483586,0.0144978294773711,0.0205272172494689,0.02575785944131,0.025934783718627,0.0259023282272695,0.0171801716341254,0.0224930618797452,0.017056145867037,0.0186549308885195,0.0250172242753112,0.0122793240435465,0.0204374441138813,0.0266958276007072,0.018540274165389,0.0209035302752175,0.0188100599320661,0.016386142227733,0.018420683744564,0.0213208754777336,0.0252424450466789,0.0237375813372368,0.0218856351554747,0.0219672802441713,0.0223705435571249,0.0253170411119105,0.0260344805847275,0.0111287990715238,0.0277055959589693,0.0208763943553473,0.0265636042189271,0.0197748124339873,0.0130381426096193,0.0193886619610709,0.0217488043228884,0.0203980029901318,0.0239668854211239,0.0232077696068087,0.0287985326953035,0.0201797896921481,0.0208746897815969,0.0226908854976732,0.0143473307328731,0.0226670947919641,0.0159259672646974,0.0251891371388002,0.0228748654328764,0.0229794143718625,0.0178446439160795,0.0293057529738493,0.0273543755017002,0.0301120287820325,0.0261389576446662,0.017693351230122,0.0231508686620442,0.0213666617712156
1615.20739943063,0,0.0118992687462739,0.00983770723914701,0.000817707666535494,0.0105581573492345,0.00658277295777419,0.00829566076521782,0.00947163077299196,0.00791340329317312,0.021575437947939,0.0106191701593176,0.0167871082583646,0,0.00984484704193185,0.00961015031230832,0.00709809536198632,0.00846658174658736,0.0109243006250128,0.00224858589376058,0.0127668765672658,0.0138506326789054,0.00462681586760809,0.0155168325126747,0.0108682416117403,0.0066327418937211,0.0070308379773841,0.0138448511695838,0.00220059104442703,0.00937026019987231,1.10748144155387e-05,0.00482703388271912,0.0107101764479291,0.0118864383724807,0.0122249003286752,0.010581228423572,0.0125122887242163,0.0122853477322984,0.00160796912676123,0.0034221971046316,0.0150725312095008,0.00248761076630427,0.00934163057174088,0.0107930956108168,0.0122672197011132,0.00167315296578463,0.00374483929534864,0,0.0172025946818279,0.0067980145826535,0.0122403135881334,0.0147563215298019,0.00819653045595615,9.4236459933743e-06,0.0105459183396792,0.00499788045765963,0,0.00560186605621296,0.0133044135295548,0.00893087828428873,0.00339630533434773,0.00984120541355088,0.0105851158385348,0.00280325792180604,0.00485479299020601,0.00729066599218653,0.0103929975711097,0.0057161998173981,0.0123315626445041,0.00447775374997766,0.00996267592440068,0.0119605358940781,0.00760965944913085,0.00988644020923948,0.0100231973552759,0.00745416974931704,0.00543511198141162,0.00149856583347474,0.00544037119337559,0.00793788240737214,0.00692195786333588,8.48356889724038e-05,0.0143814248158653,0.0117784604778138,0,0.0081966398792315,0.00932225077855073,0.00270011364251748,0.0134542381185841,0.00444494560416747,0.0021209304276572,0.00875521299775878,0.00416628312444077,0.00199662653906655,0.00559278526659984,0.00856245041273211,0.0109516450573738,0.00268357960486094,0.0105658816658293,0.000615907922580765,0.00670908282730418,0.0120739117662406,0.0151255460915069,0.0185152483701512,0.00858452094397917,0.00904697390447066,0.00862651283835011,0.00911163149232072,0.00327139198038978,0.0088178747923457,0,0.000723817905968884,0.0134274298532847,0.00110974599359052,0.0107840068872614,0.00541205569799642
1617.87848277462,0.0087688499292216,0.0143324469755917,0.0128482465018718,0.02603857855024,0.0194308883676531,0.0100649974980741,0.0202842654138131,0.0255178581510104,0.0189611833100704,0.0132111128682746,0.0205374533963687,0.0104756459320196,0.0194827639738185,0.011719663199816,0.0120360362043017,0.0177164246100045,0.0108731825597342,0.0188057457157943,0.0224092678889653,0.0200565438202821,0.0184603651617831,0.0092602676309187,0.0244594015494869,0.0280965607408811,0.0192861964188632,0.0137579427524593,0.0231732833193296,0.016433197578819,0.0106826126247583,0.00901113412264468,0.0171360755937936,0.0259746931992272,0.0214765412052988,0.0151922436055187,0.0113873041013401,0.024168378490019,0.0180613189179613,0.0202645805702634,0.0234433880896752,0.0180440951656806,0.0144401599514077,0.0116931799330534,0.0142934908155434,0.00977263593924013,0.00623474195882206,0.00895730314410004,0.00498063128368039,0.0201181305206283,0.0179020220666601,0.00319182446757919,0.0177205963264092,0.0192313072634864,0.0158531580567897,0.0269574654193775,0.0124293080443555,0.00660593333592573,0.0242961061080002,0.0130086946593076,0.0157455602277027,0.0205361786797082,0.0165513961863538,0.0156904842764417,0.0203440413485276,0.0138587242174852,0.0199232143275038,0.0100897701963352,0.0169497573168425,0.011460652140377,0.00862536710171788,0.0200734772829027,0.0193056487667822,0.0089271106752945,0.0227482089809892,0.00810006207694451,0.0230283900312148,0.0187046070100223,0.0174305490192393,0.0172671462700342,0.0103926608822322,0.0131632874699691,0.017689176464667,0.016827646682076,0.0147689811065487,0.0212379785734988,0.0144127489763031,0.0161441804260368,0.0224024578068821,0.0104879827151629,0.0207688002235279,0.0184942071333063,0.0181185128317826,0.0145893640857168,0.012162508834952,0.0151617690895802,0.0241997718972191,0.0189442295955669,0.0138837590133924,0.0190274371523204,0.0118807891268207,0.0235881495838253,0.0214973070018356,0.0256707221942326,0.0198740410065594,0.0206464705745097,0.0207753393789287,0.0206495929279912,0.0240205778050093,0.0118244905588696,0.0162109164961164,0.014156122104396,0.0141276956903483,0.0120615923024324,0.0154885326420629,0.0208452163400795,0.0121295706507922
1620.54775685504,0.0180700527889748,0.015179314532506,0.0197025496821356,0.0225654801218677,0.0288675961347888,0.00605780217103278,0.0169256198019894,0.0205176568969341,0.0171852241676373,0.0146423481886246,0.0165848489009661,0.0157718716342806,0.0170617977479359,0.00982617104314516,0.0177431826305823,0.0229174041916201,0.00632911443963372,0.0158640814324538,0.019526335288969,0.0241326197924111,0.0149635555170449,0.0177419422518605,0.0144189149129763,0.0168748652859762,0.0185278800049783,0.0210522332027515,0.0175660864601033,0.0204713225455584,0.0200791955325719,0.00984601119723274,0.0157954184159198,0.0203572709996264,0.0217771323790133,0.0219848452558178,0.0106150785951976,0.0152815661776479,0.0200226501976531,0.0189159250063235,0.0127306944450814,0.0269993065235375,0.0119376046770818,0.0177814156954031,0.0216094423140443,0.0198840793617178,0.0210714727637131,0.0180570246447544,0.0210354460848051,0.0252132703550725,0.0127582184195229,0.0225766490935628,0.0163705085319453,0.0184589070780635,0.0241914888658639,0.0169985430131688,0.0204378585962975,0.0161281216315512,0.021292175730068,0.0160136065344606,0.020943121375961,0.015347060154865,0.0205876977471714,0.0176037646905798,0.0211845876229729,0.021796325706949,0.016435050698568,0.0291867156964723,0.0161387552161762,0.012803142478259,0.016681542146327,0.0236533347954801,0.0163122795752057,0.0222178035099255,0.0197162011064649,0.0166018662050847,0.0172922704402038,0.0189630849167275,0.0193433401312009,0.013151581094822,0.0232332528889715,0.0128882164856516,0.0119919022504165,0.013236083015045,0.0144979424376563,0.0139512186582294,0.0179448344017801,0.0208061252985465,0.0156481999119058,0.0236321394348501,0.0237051089975099,0.0230866836618292,0.0103655171739242,0.018615950339654,0.0162984312045957,0.0176497184285075,0.011869436969428,0.0264116794339514,0.0180063204198097,0.0198968488927142,0.0226228780577653,0.028308742458935,0.0201283898981983,0.0194676050829375,0.0141308502681533,0.0133570990541804,0.0150598795236621,0.0214510028979996,0.0210558491813297,0.0171051282184825,0.023631032032521,0.024831141809604,0.0143999669508513,0.0225806001735121,0.0179540760547945,0.0167271941925922,0.0150993167640698
1623.21522335369,0.0125505876046142,0.00852546643131018,0.0145880314538666,0.0147840685397007,0.0222077999709169,0.0122771780655571,0.0178346562780393,0.00797948969621802,0.0100815185084903,0.0155582875414116,0.0105211582663451,0.012273019434489,0.0174185549477705,0.0155481446590873,0.0153402751549329,0.0134461276902165,0.00878796702537736,0.0183743895440357,0.0182793940289463,0.0179752013527579,0.0201691780766204,0.0104200419803593,0.0103793357422511,0.0122514687184868,0.0167211524087044,0.0256670852099978,0.0093134530321852,0.0202323318337389,0.0106989167137239,0.015076991916412,0.0128407103408026,0.00404400793185331,0.0193646288249685,0.0152366520829373,0.00933431419515174,0.00804554656628627,0.00335093584180913,0.0154284379223659,0.00918522851806988,0.0148591870751316,0.0128045046171016,0.00799145453948194,0.0143361346543602,0.0207240104975206,0.0159756883393994,0.0100860961915367,0.00882420511301414,0.0131052293591829,0.0146931884627702,0.00702561705905552,0.0145043956473747,0.00856897795116561,0.00888558049557507,0.0151468637157497,0.0103165868959157,0.00823828768604892,0.00853855222908864,0.0114050900511282,0.0179484602478681,0.00691294883366912,0.0143897969841591,0.0173980269398799,0.00910212316791718,0.0182842760452075,0.0156647003562874,0.0160196448091216,0.0104164466840983,0.00979751726328027,0.0031405292901971,0.0108655696170004,0.0128001363243649,0.0100124700438073,0.0211027059018209,0.0141854431638793,0.00775346316475717,0.00566746485822838,0.0110186788487718,0.0123672729832988,0.0132019646173867,0.00882306216490414,0.00523612269026832,0.014082015942475,0.0137056643332643,0.00885464212035341,0.0155404558640439,0.00964105656177071,0.0110825594206621,0.0196468214388752,0.0127174681822963,0.00516444483036422,0.0117459066893626,0.0098232908719211,0.0210120211213355,0.0114164714166639,0.0154850031596246,0.00850824834151927,0.0106793395209483,0.0169838755566092,0.00919103315889595,0.0158860120263362,0.0128356463009916,0.0154559150656035,0.0204791701232232,0.0200887915544893,0.0202905487036481,0.0179939185613188,0.00835432105606322,0.0169135398415909,0.0163321362871478,0.0114608148103213,0.0146993301632148,0.0169560671403146,0.0128483737124676,0.0109968239695248,0.0180957302282676
1625.88088395022,0.0590208773649357,0.0626572690254063,0.0689347893300929,0.0650130279266213,0.0677064778897819,0.0689865817899383,0.078144995919835,0.0603080759490841,0.0720732837885136,0.0642580154292066,0.0739735226963761,0.0567765646174307,0.0678527590069586,0.071709884672154,0.0596149736466146,0.0715094098816973,0.0644036133100798,0.0637691792597604,0.0610528921718168,0.0642248751405873,0.0628150665087538,0.064264855659301,0.0737141150511108,0.069536915442549,0.0643940946017207,0.0725162716862577,0.0700184204546381,0.0721989792567484,0.0727956881598316,0.0623876578750815,0.0695437533741595,0.0762140521771411,0.069589462657695,0.0703822501171848,0.0690482120217596,0.067417196750732,0.080008778248392,0.0644839552665886,0.0759754311628493,0.0720681704067065,0.0599310122128249,0.0682054635879583,0.0677175356141961,0.0620643223271011,0.0675458997589127,0.0600524476826836,0.0641073390216379,0.064017950339239,0.0774121630975222,0.0668889107146196,0.0739787012372651,0.0772394225876175,0.0656935201614575,0.0747350759084811,0.070649244015234,0.060864238867688,0.0696737211336397,0.0794027142028979,0.0621034067934032,0.0726599281440306,0.0708622690820787,0.063891463050543,0.0639550555591438,0.0683560304969164,0.0649773936558259,0.0631539765782403,0.0683705460083772,0.0620456855976715,0.0733529564846308,0.0565795183451143,0.0627769663895594,0.0684284678747541,0.0642383086879861,0.0692590215255987,0.0682719045605745,0.069536900396614,0.0745713519367974,0.0578666407800836,0.0653517974622892,0.0636699428843686,0.0679484735143685,0.0689846729144361,0.0715800737015938,0.0757162077972032,0.0679146918712423,0.063012127001649,0.0659958437097844,0.0693012969818946,0.0698976497050714,0.0672379357031307,0.0747589243628522,0.0652862966304662,0.0626445868788038,0.0642616424582013,0.0657860201329393,0.0684825892572152,0.0706002772770129,0.0647116909211376,0.066740609387993,0.0760500581818857,0.0758899141564897,0.0753247092119568,0.0740155759486686,0.0736756948921262,0.0703168996833423,0.0600909544755498,0.0667409487167373,0.0689976229239185,0.0707763382438319,0.0621287527683435,0.076432534387201,0.0668765204423153,0.0680130262727895,0.0686734680508116,0.0685672060895267
1628.54474032218,0.0281024126296871,0.0189572628332082,0.0213439882503765,0.010140501307334,0.0245545845576349,0.0285540350561053,0.0271550619341161,0.0235087500926553,0.0248665294367042,0.0283266207656292,0.0278745941166315,0.0235565349968645,0.020415903276679,0.0167723308676637,0.0117000574734764,0.0185392581955769,0.0132481666827579,0.0223915857733104,0.0185480233971158,0.0316608509472836,0.0290350769300419,0.023698571407081,0.023562232698513,0.0200620154095122,0.0185635424266527,0.0252356616316296,0.0217425847944197,0.019295956832391,0.0269365384652213,0.0185208095907414,0.0157664394116567,0.0261791474800146,0.0233896235938056,0.0267843978874433,0.020757205661331,0.0255917650053755,0.0288155650893425,0.0258592772824796,0.0148079369718433,0.0177378085414154,0.0291033734189589,0.0176472036891298,0.0204396789849578,0.0197492536302616,0.0236643491073641,0.0201467552203381,0.0160399194147971,0.0234265251649232,0.0224408212504295,0.0147901003952649,0.018448854614486,0.0222198370685437,0.0246181834406126,0.0217593018313022,0.0215177066276835,0.0219654161002306,0.0243865743948559,0.026825133040788,0.0153278629137229,0.0282925793865553,0.015034613243871,0.0245780908045302,0.0265665776565235,0.0129806945690627,0.0265839377242086,0.0301274112215161,0.0220988261408534,0.020269965029362,0.0210537953240625,0.028544631461129,0.020040514188109,0.0291250391444488,0.0135258328685504,0.0258523096362033,0.0128304841252142,0.024244449125051,0.0220021794295362,0.0251983817050947,0.0215718035358693,0.0302156625352668,0.027067925332963,0.0186118249296522,0.0182304596176926,0.0176718379208931,0.01623307689491,0.0229268893702487,0.0204081185140226,0.0224793763027143,0.020331592812828,0.0182409640526062,0.0215506336463336,0.024432666102933,0.0305209233386034,0.0291042638371452,0.0178583427976439,0.0180581433109314,0.0310839835093154,0.0204921095267563,0.0242123776465776,0.023802222442436,0.0242943205641133,0.0205009693912551,0.0239352868065807,0.0201749615482901,0.0281036029136017,0.0159802335380041,0.023717284784703,0.0215634385667132,0.0258474941528005,0.0154399233403471,0.0241522931537417,0.0327384012929137,0.0141159023045858,0.0116373966933493,0.0193164822139054
1631.20679414497,0.0221317361147093,0.0220633507286774,0.0174020263538477,0.0317032442113485,0.0292619407247962,0.0268012393071606,0.0329160747289846,0.0256405052102068,0.0237325738132987,0.0255268316093761,0.0229619453677725,0.0289648933089269,0.0252567773767619,0.0236584620818559,0.0267365537346256,0.0298374715943576,0.024373208268765,0.0233562721546498,0.0248924734830522,0.0342240912664876,0.0337800878823035,0.0175508160336809,0.0277499655392343,0.0220913296367986,0.025975668478979,0.0239775677810146,0.0221193464108268,0.0239781546954021,0.0240818144950651,0.0194646255947266,0.0254766513354765,0.0303172725279958,0.0177709234843931,0.0266290415430688,0.02971748822061,0.0227676940962969,0.0243011973645171,0.0267842339138229,0.0250749861669196,0.0230083557307127,0.0339523982624829,0.0307315707076193,0.0213664064246024,0.0190287401384127,0.02134518063688,0.0227358592829736,0.0278498743333831,0.0227043191182298,0.0190316944230167,0.0249950138459185,0.0275153099247758,0.0290860126687769,0.0260688592198104,0.0226817432087894,0.0263341363328204,0.0157902893605364,0.0214883596954747,0.0212056020436566,0.0222774673845119,0.0243009289550726,0.0272779457848191,0.0201620233557749,0.0302138210660781,0.0243054116555034,0.0215883952157953,0.0304940278886664,0.0235915003096349,0.0266398609893371,0.025339047520954,0.0163855067872763,0.0264290787997952,0.0224307838960968,0.0215810271176043,0.025159752790839,0.0247110622829551,0.0256966078359469,0.0278049420960614,0.0261486867654366,0.0241621202652663,0.0180525318447493,0.025817675400676,0.0217446724285142,0.0180674765164204,0.0267183838285494,0.0155356838827576,0.0249639176034588,0.025111569148148,0.0239362452757029,0.0206910668113891,0.020258052924465,0.023546801333016,0.0226786502992179,0.0182472032079833,0.0267806494563298,0.0281436827803227,0.028395706507428,0.0227463108907182,0.0350770655585402,0.0229642479460605,0.0308481378326878,0.0279000789322358,0.0203587885383036,0.0298174813820834,0.0156827745702067,0.0290484078600166,0.0233157169586591,0.0279143529084992,0.0220053968010405,0.020815773763228,0.0262244296568699,0.0201476374461372,0.019648903747762,0.0242885473771255,0.0311217482520843,0.0229329563718721
1633.8670470919,0,0,0,0,0,0,0,0,0,0.00430376029975622,0,0,0,0,0,0,0,0,0,0,0,0,0,0,0,0,0,0,0,0,0,0.000707719829000495,0,0,0,0,0.00170322055896776,0.000666430404699439,0,0,0,0,0,0,0,0.00163656902458782,0,0.00101061025681138,0.00263034036872477,0,0,0,0,0,0,0,0.000694439465558636,0.000333282244322813,0,0.00288829139871279,0,0,0,0,0,0,0,0,0,0,0.000658650425110689,0,0,0,0,0.00924943176662772,0,0,0,0,0,0.00230078764158074,0,0,0,0.000787470574444742,0,0,0,0,0,0,0,0,0,0,0.00350620260130498,0.00234182301813188,0,0,0,0,0,0,0,0,0,0,0,0,0,0,0,0,0
1636.52550083414,0,0,0.000331632915450782,0,0,0,0,0.00242901840217242,0.00119995983911391,0,0,0,0,0,0,0,0,0,0,0,0,0,0,0,0,0,0,0,0,0,0,0.00329124741896995,0,0,0,0,0,0,0.00229655023492355,0,0.00251558381810055,0,0,0.00399556128178139,0,0,0,0,0,0,0,0,0,0.00144359780920506,0,0,0,0,0,0,0.00270277877976291,0,0,0,0,0,0,0,0,0,0,0,0,0,0,0,0.00329774196267408,0.000599448844125199,0,0,0,0,0.000286681904097908,0,0.00338065873629517,0,0,0.00441445983469854,0,0,0,0,0,0.00417330266268988,0,0,0.00342179295944663,0,0,0,0.00273697343895129,0,0,0,0,0.000574666599003694,0,0,0,0,0.00125607488104915,0,0,0,0.00328858494909929
1639.18215704078,0.0160453369428482,0.00412511513596491,0.0139215535526608,0.0125623794620556,0.0182885336009739,0.0227798343840984,0.0227963281672153,0.0289579907716768,0.00710788724371158,0.0129545120604341,0.0201499893123111,0.011723807943425,0.00860044293688168,0.0190015162481532,0.0183077589665747,0.0214335597487057,0.0122924887237314,0.0166514840919736,0.0215552188167707,0.0247972174789535,0.0167319155019909,0.0101924202569828,0.0198375093366062,0.021772451629371,0.0128989775570387,0.0127887118205931,0.00898409250310702,0.0123660912189234,0.0129915138019365,0.0180932108962957,0.0115559902066166,0.0171599980398691,0.0120415086570185,0.0241555446453248,0.013975269835748,0.0139195345651593,0.0230008046169154,0.00915060931083173,0.0137437873247888,0.019485414257409,0.0169182063050531,0.010238569901924,0.0129415344779305,0.00718532917330525,0.017785503742919,0.0108125264854629,0.00794691092358928,0.00939154757255297,0.0171050870320571,0.0158940039860809,0.0125554573193917,0.019188960401257,0.0171333222217995,0.0159157027659354,0.0123390804328599,0.0132304512518218,0.0167567555175529,0.00996723483654033,0.0164424940285396,0.00812715302619981,0.0117873367190004,0.0167352062653889,0.0224361308524463,0.0190966651089739,0.0229127321128236,0.0172244447512225,0.0282356495660895,0.0163840460690957,0.0128573574901976,0.0199685938246153,0.0223015630994888,0.0155446549892003,0.0140702274633767,0.0155868895408333,0.0107324511153644,0.0198953682462791,0.0194476492764899,0.00879240247482348,0.0173782648880385,0.0193477210466492,0.0189750129930595,0.0103585476532991,0.0215796226484188,0.01778717178919,0.0103546237526416,0.0142932708901905,0.00803892286371426,0.0172122510888893,0.0160290596783122,0.0194971572902442,0.0168408397384477,0.0186504245623706,0.011876728283065,0.0156025042306761,0.00372693015132443,0.0209262240997926,0.0132025771739888,0.0060725977391241,0.0122379798176177,0.0172583887868374,0.0248155012036523,0.0206389230088395,0.0125345464303901,0.0163625645535009,0.0162159946753218,0.0165615414787703,0.00975379684085427,0.0191009675459795,0.0195419903098528,0.0122413194069946,0.0143313770610798,0.00695662532361412,0.0153531737062404,0.0170711332021885,0.0166925625405193
1641.83701737876,0.0101820339472126,0.017020395462326,0.0188152918861811,0.0125598941331986,0.00644520979494741,0.00556791667693658,0.0170042755019689,0.0187720595264973,0.000728651716384614,0.00701146501793597,0.0153487265442632,0.00621812524204577,0.0190555991245532,0.0151547823165406,0.0155534202831602,0.0126994564025883,0.0160120756190513,0.00416496532207533,0.0113768865120262,0.0101898443287095,0.0102011735378323,0.00743189977657959,0.00784070241904419,0.00584035754716117,0.0075201651135317,0.00622729542504756,0.00679752249778053,0.00370850655377326,0.0123928245269173,0.00604106910799137,0.0131720660035843,0.00907576206300719,0.00927423738968952,0.00511529648891291,0.0123476243118234,0,0.0109154613526548,0.00477190317351154,0.00654269337762934,0.0145746371193453,0.0163099143591793,0.0128268595554589,0.0123532526828453,0.0147781519931089,0.00586468558977056,0.00634182723959377,0.0111616062287737,0.0120073413926424,0.0132630663191769,0.010912172017299,0.013592408796478,0.00195994198543983,0.0106227120510367,0.00240237850235986,0.013965750906297,0.00934362244831565,0.0177682919713767,0.0175539742904901,0.00487281755885249,0.0195118615465481,0.0100986761022196,0.000627518574312806,0.00730912503367098,0.00867192662245222,0.0174886254006059,0.011779108689441,0.0172194610966288,0.0168475455493404,0.0100472217466622,0.0155719380177311,0.00534253370866037,0.00407277274061894,0.00905998015960698,0.0144585670798605,0.00904686127413407,0.00733317259443559,0.0129358985022126,0.0120576067735286,0.0157179725638587,0,0.0075263040633829,0.0158075761404104,0.0105663327250114,0.00260669892511096,0.00922475135836996,0.0109742958492636,0.0133929566298778,0.00644804364418818,0.00791199377137721,0.00713374096896257,0.0173386735882243,0.0057657219666671,0.0222899875201589,0.0133906194807742,0.0135757777733019,0.00984250553850711,0.0038837379484367,0.0164158671109772,0.0193531370770713,0.0133386828592271,0.00905654370460742,0.0211487278248308,0.00865762954850673,0.013593336769501,0.00799064164478715,0.00847308260068322,0.017860357941739,0.0108567860349318,0.0102531506198676,0.0100072381742126,0.0109866247408019,0.0166158481441655,0.00772689812463611,0.0164498173542609,0.00532175262075591
1644.49008351297,0.00116449212264884,0.0111247263955033,0.00356239892485735,0.00499887070529354,0,0.0028784805589295,0.00805925669117742,0,0.00294368051702661,0.00163968903077522,0.00148868127854278,0.00294718313255862,0.00423996495364595,0.00645688404795149,0.0030628500939501,0.0110708725162051,0,0.0058115629815312,0,0,0.00424073818946134,0,0.0078203484080947,0,0.00700694557749263,0.0045633742352001,0.00463841713230194,0.000995616019588195,0.003225683191369,0,0.00442219452175254,0,0.0005069208828889,0.00401164350455386,0.00219046211752774,0.00689698496307633,0.000505180251151499,0.00258676644945467,0.00266498248353461,0.00102609527209054,0.00291891018547223,0.0117312153211669,0.0107099274164815,0,0.00475972302626865,0.00245053565909316,0.0105955767113947,0.00711257021687642,0.00456652954755747,0,0,0.00788856736930431,0.00306358124770196,0.0104652488804192,0.0150704551021191,0,0.00740196681781658,6.57222029394497e-05,0.00100227466502972,0.0047521184095539,0.00249723476181502,0.00117814211115905,0.00192276235940459,0.00155416205326764,0.0056334330686734,0.00313209192635201,0.00458535734201451,0.000387569856365099,0.00282985343223371,0.0139360037851795,0,0.00511847619720709,0.00352862177959883,0,0.000824223906768346,0.00077423305330632,0,0.00433784310730682,0.000455560684422342,0.00344653976985499,0.00261540632114256,0.00309104636676817,0.00780152515519437,0.00638347508887445,0.00270167349189196,0.0011231637901786,0.0106677903864926,0.0053620052453494,0,0.00499566522828119,0.00554285588694019,0.00307830907789315,0.00189656896399391,0.00573934117817728,0.00424099539188617,0,5.83197685365255e-05,0.00991641893645802,0.00999598318950829,0.00667794481226356,0.00197993603029506,0.00220592144004116,0,0,0.00634492858275874,0,0.00700969776284286,0.00649120420528348,0.00590812309471985,0.000689169999683893,0.00383224174286478,0.00743765881252932,0.000671526987422698,0.00110421574690135,0
1647.14135710615,0.0176258119522686,0.0160110132457913,0.0270518025719241,0.0169744547259276,0.0199255689331968,0.0227643236907392,0.0208774886566394,0.0195568780123655,0.0201781292184281,0.0212601251839683,0.0165215890074278,0.014042591851434,0.0213531348413776,0.0113385984453759,0.0150105622170947,0.0198144426743891,0.0251434354648071,0.00965647759297406,0.0265128762360973,0.0107586541828348,0.0210817755197679,0.0167350090377508,0.0165178332513285,0.0200608378080639,0.0204974888103774,0.015914004480047,0.0206748070368522,0.0311240247172277,0.0198725976950979,0.015335848000648,0.0225071451162124,0.012825300727719,0.0197170802606935,0.0203020340851688,0.022010161620884,0.0221029815460311,0.0219560430268363,0.0112577845282589,0.02023734167459,0.0221665074885226,0.0240914176766542,0.0223257146603598,0.018838146113269,0.0218428067898263,0.0112342088231182,0.0123754572485891,0.0154985369507146,0.0135518822102492,0.0181393772115276,0.0135963171117861,0.0179200475159231,0.0289064851886827,0.0202784237145704,0.0115527391284254,0.023356259186023,0.0234505061365286,0.0171580607279759,0.0115279080592647,0.0267484942284434,0.0167375860571015,0.0170648422083007,0.0242883014066799,0.0197667492391163,0.0212429287525758,0.0147974981464784,0.0241118982649008,0.0205119923278612,0.0162166957297847,0.0255829070825359,0.0259907426981556,0.0260614996195035,0.0224831549416072,0.0172394536477155,0.0215902952318545,0.0276449865403333,0.0176019634110932,0.0178241966370326,0.0247308129792206,0.0162984146494423,0.0198005928422096,0.0150926837403958,0.0223794698772378,0.0247940719008297,0.0150559261110142,0.0157220064647486,0.0262882165185076,0.0198610670041747,0.0209239622435679,0.0169779102519477,0.0195235087221349,0.0221670838187233,0.0228988745050672,0.0173220297007107,0.0205340637852433,0.0245763795481269,0.0181273844072637,0.0203077666147418,0.021949345561307,0.0149683384501451,0.0288479517654443,0.0219773191503287,0.0157591652406963,0.0240208759399981,0.0210555153314042,0.024927942591293,0.019695620443053,0.0211402616640105,0.0159039768866078,0.0256225321005822,0.0127365604757156,0.0131544670382808,0.0160748865471845,0.0245801550680563,0.0191158776723298,0.0150148314394094
1649.79083981897,0.00442117685991852,0.00802119844107883,0.00858421013814841,0.00134149564531675,0.00279184172050397,0.00885700195080053,0.0066872295449146,0.00783395357263595,0.0176300009831809,0.00943375645661989,0.00859824395778352,0.00200726569097222,0,0.0108273587676253,0.0117978316886313,0.00463218970928734,0.00479529068951567,0.00430740934540504,0.00085904867062282,0.00487499135074859,0.00867131085614664,0.00477989973466736,0.00569073924391191,0.0036653815041451,0.0103647796908675,0.00889392897277696,0.00895276884274967,0.00694933917883881,0.00270179363635145,0.00282261628426653,0.00232598018888375,0.00535967517914375,0.00717044487331494,0.00840036238268794,0.00281652876816159,0.00810680934439947,0.0116033135688613,0.00912900836673519,0,0.0135477369362685,0.0124290553648933,0.00591059496828552,0,0.00600055478435314,0.00964496767867063,0.00302508845359229,0.00682740527884114,0.000635801196575004,0.00732889461433855,0.00378140040559886,0.00167747205436997,0.0144512315103613,0.00578098771133615,0.00243272538146571,0.00856184653045727,0.00547790968249732,0,0.0137409813410787,0.00649630287683647,0.00912192659871675,0.00141849923824873,0,0.00796214643261337,0.00106561821875373,0.000307116705401795,0.00637109556335699,0.0123242970916337,0.001999319528205,0.00289780799194765,0.00309867692720138,0.00482243904808438,0,0.00298063671609092,0.00522374713129564,0.000330493279609849,0.00783960281453825,0.00545452685472926,0.0110109797306246,0.00436397658113338,0.0045590698652837,0.0048124604904355,0,0.000712273905106839,0.00158243033804532,0.0016655347574583,0,0.00476125045751567,0.00595467877132124,0.0019684067504493,0.00831789341563308,0.00667687599332359,0.00528055972485339,0,0.00473828827901496,0.00871198922771646,0.000503518207638425,0.00560928152196036,0.0149629303437193,0.00236862606563752,0,0.00467858251899132,0.00174313997525432,0.01474551704365,0.00383585949199215,0.0107819393202599,0.00312052653979159,0.00546494224871047,0.0137962567070992,0.00221927372199075,0.00675822253781852,0,0.00425796735287669,0.0050987470995805,0.00164112300779588,0.00750224868182885
1652.43853331,0,0,0,0,0,0,0,0,0.00279528792237731,0.00306326739172735,0,0,0,0,0,0,0.00111171833176395,0,0,0,0,0,0,0.00208424417560569,0,0.00947741582010063,0,0.000554226873716399,0,0,0,0.00596337478661086,0,0,0,0,0,0,0,0,0,0,0,0,0,0.00583664250588735,0,0,0,0.00328148518340261,0,0,0,0,0,0,0,0,0.00161480668170641,0,0,0,0,0,0,0,0,0,0,0,0,0,0,0,0,0,0,0,0,0,0,0.00315273648982613,0,0,0,0,0.00103969650617409,0,0,0,0,0,0,0,0,0,0,0,0,0,0,0,0,0,0,0,0,0,0,0,0,0,0,0.0022252961896797,0
1655.08443923572,0.0115000518691657,0.0195492886862841,0.0159017759183423,0.0108037235405891,0.0116045339962386,0.019779653696597,0.00966920850759,0.0282400559386413,0.0104762707535307,0.0157159097457064,0.0147533899669571,0.0138681373087933,0.0173193966302719,0.0196463106693536,0.0141366566175794,0.018451127258585,0.0130195139150683,0.0137676971957555,0.011334325505923,0.0169524826980696,0.0170115294952837,0.01753065485682,0.0172517206476401,0.00710316063544384,0.0197484586152497,0.0241581395216639,0.00910391112985415,0.0146284678903436,0.0162559995000907,0.0199347255700166,0.0194923004506044,0.016780952239235,0.00956435269918292,0.0150724275832585,0.0142501947354762,0.0153849600548389,0.0134872530845017,0.0163262597797958,0.0192923331360936,0.0110170174653949,0.0114720722101729,0.0235257126244584,0.0152419672207005,0.0170619634387893,0.0119442421047078,0.0119858258701307,0.0113340563414091,0.0238824920777432,0.0156287934452505,0.024115029951479,0.0170256467589207,0.0168242198965535,0.0182931356297578,0.0112129124927523,0.0115215204268678,0.0148473364707956,0.0199806153320391,0.0144316017053046,0.0159397048729531,0.0108779346197231,0.0155727053885677,0.0138563218180481,0.0157346655686225,0.00834173528594472,0.0117790947263843,0.012412013675501,0.0163368402053223,0.0184864183420044,0.0186071730011105,0.015875276126022,0.010436281558708,0.0155554458439854,0.0190151552795724,0.0190943226400498,0.00596978724300669,0.0133880524448218,0.0164558097354495,0.0211036267243738,0.0132935893638973,0.0145079558271264,0.0233972886192892,0.0170135263583649,0.0173020999055761,0.00338520402217854,0.00399478111644047,0.0204978818211721,0.0103179651434289,0.018455308280732,0.0176394938333255,0.00960700854338183,0.0164941177962448,0.0129477911970393,0.0131127823118337,0.0186149894055515,0.0138475956567857,0.0172425194100101,0.00690328257948722,0.018492166576798,0.0130083823227598,0.0118936707669519,0.0183075754547803,0.0149227091159489,0.00999073758530425,0.0125411284915544,0.00768989912034758,0.0134396169895901,0.0175970280467336,0.0184682116026889,0.0166689649969562,0.0162250157604111,0.0182657263148147,0.0168230812062289,0.0215805045737857,0.011033709877804,0.0195212486138806
1657.72855925052,0.00739280885698823,0.00895704861519891,0.00351857939518702,0.0125975070815386,0.0128290415287752,0.0118624517958159,0.014648764934129,0.0193041059151376,0.00640637517057547,0.012660043477968,0.0111927065644401,0.0107445718037017,0,0.00729369368564662,0.00395744788675329,0.0164209786003079,0.00992858689543562,0.00307996775489382,0.00937152216258656,0.00791375876959486,0.00848262755255247,0.0116671356604163,0.00705251610344127,0.00284108993376809,0.00593822691792558,0.00639927002959827,0.0156338821423891,0.00613787970833679,0.0158222758512655,0.00696173773385113,0.00541570028631245,0.00832692138108437,0.0162848569972915,0.010310636670572,0.0117196367692526,0.00363992801548501,0.0131010098747918,0.0137417288429968,0.00731573926872813,0.00519055121025173,0.00156828525403176,0.0162056536901093,0.00616030608579382,0.0138841097257631,0.00234742677361016,0.00713307084927199,0.0119980111612046,0.0137419141685326,0.00924313688732268,0.0111071939926971,0.010634780852027,0.00191665385891641,0.00764541175889356,0.00594880461252668,0.0127696497604628,0.00295336553894022,0.00758082242985873,0.00636091922743776,0.00070475439462235,0.00171130167546143,0.00595118055977106,0.00167405728773664,0.013189199328919,0.00573806842947981,0,0.00605650945157864,0.00439456967334987,0.00763401774882892,0.0148617689390555,0.0165688696926577,0.0160137686123564,0.00316639967922704,0.00923349457314563,0.0126650354409572,0.00883286393449424,0.00642683775809094,0.0111949992429971,0.0184842546474407,0.0107138950852341,0.000987031496937547,0.00126658835867415,0.00388833548494747,0.0102950071600604,0.00568171757490642,0.00899674679568601,0.0107893648571139,0.00935587588145531,0.0100048498351036,0.0134448704034897,0.015124894157334,0.00858816996345428,0.00611916422423026,0.00717890049506556,0.00782681770220439,0.0156357797991909,0.0129565358591892,0.00868683684156696,0,0.00324636980494729,0.012023859743612,0.00379776995236046,0.00965078145741797,0.0128664680519484,0.00509411633712015,0.0111007467175792,0.00284086355927308,0.00689092155471182,0.00214910418466616,0.00919122379643025,0.00923926669560763,0.00522395695713115,0.00509174096908701,0.00327084165727853,0.00621133170643734,0.00831962548523882
1660.3708950067,0,0.0118359328859066,0.00643195644477914,0.00737553384880439,0.00279605343161845,0.00719488243045921,0.0042832568348535,0.00283223401705505,0.00504201695547744,0.00474950407245313,0.0130064216155187,0,0.0144119357451215,0,0.00791069412273016,0.00897569758535831,0.00525585072940605,0.00815373128338693,0.0101197537475126,0.00592368959472998,0.0146226315135777,0.00965406809657897,0.01263251295769,0.00244123077397963,0.00344483043553403,0.00814919865887961,0.00936779356740327,0.010585926303099,0.00467205686888398,0.000571476914825508,0.00832744004647404,0.00579823751755166,0.00823784685383858,0.00232126567371188,0.0118914114990036,0.00274994163810171,0.0094512053246273,0.00252360599264785,0.00470559412228899,0.00589149086969642,0.00561928755892992,0.0105038726378137,0.00143769055704925,0.00362454866414158,0.0035673243761478,0.0111335118951107,0.010514396490023,0.00632150887331968,0.0104807636291085,0,0.00427251720783492,0.0150087016812393,0.00186765112973831,0.00179071965423651,0.00194232619987033,0.00307660919100428,0,0.0092329662672617,0.00686823868538931,0.00347827029521763,0.000678358968499722,0.00400513071181416,0.0122915200496953,0.00534925513621972,0.0104473860566712,0.00618723828589528,0.00784497093797203,0.0050120259180086,0.00781898123296662,0,0.00143541773429746,0.00383884667989199,0.00771522211688324,0.00298129505187138,0.00133001972235762,0.00384006845661984,0.0059631169754083,0.0010261233186468,0,0.013120695318222,0.00520496306925061,0.00953708498184351,0.0115372681884554,0.0063846128970305,0,0.00274987382075743,0,0.00748053029810205,0.00981506720717037,0.0131578052855339,0.00874620984690395,0.00253056243743823,0.00788160452391295,0.00854999293232927,0.00427931896888933,0.000969936919033605,0.00448801848755033,0.00635533757811759,0.00836464008626587,0.0105216840474603,0.00878970238376066,0.00927799188517685,0,0.00521103123585535,0.00744317673868674,0.0104815739806016,0.00652068541325734,0.0150084803206057,0.00884280414136603,0.00665956093415733,0.00482162715777925,0.00740347759156592,0.0126695213741404,0.00360331351329141,0.00954794528285049
1663.01144815449,0.0236536703163596,0.0195831064535265,0.0235515231682105,0.0238586447846039,0.0282629208912289,0.0261771466357374,0.0252241886415236,0.0188091788212608,0.0170916886762533,0.0267162288694954,0.019660153781695,0.0244388631287716,0.0273030280971681,0.021161289158363,0.0303361465127302,0.02551381908927,0.0269083290138078,0.0284466415810253,0.0323570092056485,0.0196224721530158,0.0327205920126545,0.0224093424057481,0.0209568297033354,0.0245230549159761,0.0208689033957996,0.0315725794330534,0.0351911538376307,0.0263589664175389,0.0268578838932563,0.0204249883182373,0.0200216503680405,0.0231337035426263,0.02433304031152,0.0328918475967422,0.0238574122221313,0.0213760369797441,0.0222960532758934,0.0330224586256726,0.0301378718531347,0.029367446765803,0.0264102945372328,0.0244451199437118,0.0308469748463083,0.0234754660869232,0.0242348747421646,0.0173689661786078,0.0237502155426841,0.0312342069219287,0.0301913219479172,0.0245100071884307,0.0261541264462817,0.0216749174033395,0.0224786163476207,0.0289066522984832,0.0252571898787888,0.029385868934054,0.0252282895314004,0.0235935978329503,0.0262112536903036,0.0319913149650698,0.026755999167716,0.0251413822347855,0.0254521720595924,0.0235703788799691,0.0224732845008437,0.0262585882616814,0.0228472926717774,0.0215566789938015,0.0246482727928175,0.0300664576804027,0.0239821109743781,0.0224602443933514,0.0183033174227534,0.022879096714554,0.0212119272362201,0.0338757051338344,0.0326337283664616,0.0243470114598282,0.023633640713704,0.0296449685051202,0.0281599155625216,0.0267927309458357,0.0215770629979833,0.0195557532444377,0.0250497979756976,0.0269940066477432,0.0258942280585493,0.0216050787990323,0.0292851674476815,0.0181968631488078,0.0271467682873577,0.0284089386483316,0.0212778958274341,0.0229717400575809,0.0253384955272485,0.0155149628897538,0.0205393900464867,0.0278146222936197,0.0305634658038611,0.0278811529247209,0.0305788883490781,0.0192157895528002,0.028028149948151,0.0236572495760312,0.0207394649347294,0.0213646055218492,0.0164864673813916,0.0245977845823623,0.0314623908993795,0.0221635916181266,0.0252829744911266,0.0264534884358272,0.0318665668602681,0.023425841774367,0.0280590113901304
1665.65022034204,0,0,0,0,0,0,0,0,0,0,0,0,0,0,0,0,0,0,0,0,0,0,0,0,0,0,0,0,0,0,0,0,0,0,0,0,0,0,0,0,0,0,0,0,0,0,0,0,0,0,0,0,0,0,0,0,0,0,0,0,0,0,0,0,0,0,0,0,0,0,0,0,0,0,0,0,0,0,0,0,0,0,0,0,0,0,0,0,0,0,0,0,0,0,0,0,0,0,0,0,0,0,0,0,0,0,0,0,0,0,0,0,0,0,0
1668.28721321542,0.00715302121870681,0.00451725767644771,0.0126219312238228,0.00705792729464085,0.0196281037121703,0.00732297469254643,0.0120596769840667,0,0.0139711017211335,0.00724512347375292,0.00739856072428978,0.00627115698841366,0.00422638418675842,0.0112922201196404,0.00909539278251027,0.0113140638563722,0.00321504602351173,0.00890347455654394,0.0157558699230364,0.0087666496665015,0.00881802637933056,0.0119801049566734,0.00619079464794521,0.0112733361721987,0.00527624496466612,0.0124873944486418,0.00944317790981074,0.00688779783156446,0.0106081487127228,0.0121603395942557,0.0106747502294159,0.016074319255057,0.00619367367572164,0.000776499598946602,0.0189956149772589,0.00566810112653074,0.00746134328141568,0.0112731583015347,0.0118786404122059,0.0124989455922873,0.00736742315965828,0.0100013724363858,0.0145081933110365,0.00310032319939856,0.00793719016633496,0.00841759953207397,0.007870087079064,0.00792054703098075,0.0121969951131346,0.0123527290879669,0.0135739027839052,0.00443453521254893,0.00622405067874111,0.0142702412026495,0.00980179841347687,0.0134269607878776,0.0125758655022729,0.00710754728992878,0.0129309786813223,0.0122234391634129,0.0093334472005633,0.0111730718285785,0.0113929408202878,0,0.00785886430308379,0.011055388873519,0.00959287939548589,0.00715998922012979,0.0112658678178134,0.00706702009312806,0.0075179432573719,0.00928782179192971,0.00772611246877669,0.00967849768206843,0.0107301950896358,0.00222848012915466,0.00340795684423959,0.0121561346767062,0.00995533031237572,0.00989257814181741,0.0144802519165167,0.00625971158158554,0.00941014169096636,0.0102905915359024,0.00815061923066606,0.00450091801743841,0.000932428049950131,0.00544262144856099,0.00875456788411666,0.00957800233359797,0.00564235424085637,0.00424822006323172,0.0107164666347053,0.0114428911562065,0.0104585968332565,0.00880519569765264,0.0106496706999089,0.00224916862338579,0.0101471062765945,0.0133929844416842,0.000136508565112575,0.00887601889465688,0.0125984733486859,0.00519453671360598,0.0097490916501236,0.00197454589882208,0.00938475387759267,0.0191173571458543,0.0188978753425237,0.00675671995702196,0.00159803407289281,0.00804494995760038,0.0149902613809193,0.00524222298055931,0.0112498708989906
1670.92242841862,0.025987800305725,0.0171918270485187,0.0123816537024028,0.020919681353166,0.0231474549856405,0.00921325618751334,0.0161238192432465,0.0269301236921013,0.0261074219488445,0.0103076975130198,0.0205552898883331,0.019290229219212,0.0221584125142065,0.0251027419930028,0.0147924515697194,0.0241296488579955,0.0179766963916554,0.00921251004765974,0.020911570280034,0.0160725302796177,0.0194131306340042,0.022095003974688,0.0211195577744697,0.0202998912208073,0.0201000360480183,0.00894030297428107,0.0107727404980743,0.00876098644042258,0.0264325354796699,0.018995189958595,0.0202697354952742,0.0179487713731621,0.0174452414146107,0.0124398491423017,0.021956030410661,0.0135562022181795,0.0187493757422807,0.0131655431342151,0.0247641996352759,0.018189261361175,0.0232350971201551,0.0224371000533268,0.016938080386101,0.0186626131758583,0.0216781659452154,0.0141891128154597,0.0217377099542761,0.0216121266224335,0.0157205076769459,0.0218869038123487,0.0230628484340658,0.0074232237918003,0.0215414646306955,0.0102280054463157,0.0194501664126939,0.00712567548467829,0.0122669364189588,0.0231922006038375,0.0279785022299144,0.017922823555962,0.019296746044342,0.0173763437905254,0.0176274646312304,0.0182944930677438,0.0194338105279554,0.023140066660869,0.0197454438341282,0.0172292863317547,0.00822378641876862,0.0144657539255682,0.0165140867178862,0.0122485113788673,0.0205976436661178,0.025286903895621,0.0186644875836196,0.0204003054149743,0.0188218870811669,0.018495559473684,0.0271497548633651,0.0139635321480497,0.023416855348367,0.021398307541183,0.0113172357239142,0.0132738398045272,0.0181760804208322,0.0162594636001726,0.0238964467678829,0.0132210800070317,0.0159702187841166,0.0109480529085192,0.0166295993163176,0.023790742964472,0.0219989180210268,0.0188455267495265,0.0173353671011634,0.0184700086435318,0.0153133607633192,0.0210765245262354,0.0153848058051918,0.0192100369152008,0.0111936203239416,0.0226899485545095,0.0128797728912843,0.0231885766471132,0.0225878319515989,0.016157990136541,0.0178126093008603,0.00624784046105905,0.0203065522471251,0.0163316479930843,0.0133758507885479,0.0223316455276398,0.0196220473316355,0.0120394850179083,0.0179863183120012
1673.5558675936,0,0,0,0.00121332389031693,0,0,0,0,0,0,0.00167011018776461,0.00311421248952145,0,0.00533358796455861,0,0,0,0,0.00356307429821224,0,0.00509582708054958,0,0.000231273462015435,0.00306989989550483,0,0,0,0.000980512291269061,0.00360547244786454,0.000191478552450052,0,0.00269689212569832,0.00570970617537341,0.00242477521458621,0.00194868519272283,0.00306958346989057,0,0.00588367224823318,0.00582027132272301,0.00495335564446375,0.00404121445229995,0.000972739663889926,0.00207485869638693,0,0.00739799544476704,0.00730498560934135,0.0035334332451598,0.0035660826315279,0,0.00413602163367919,0,0.00237296667071605,0.00138214654425528,0,0.0115217376783229,0,0,0.0103834873339709,0.00634387921449396,0,0.00282763145024479,0.000541381899488224,0,0,0.00251148018717621,0.00188713633643886,0.0013954231610962,0,0,0.00823213621075657,0,0,0,0,0,0.00383495474397622,0,0,0.00130233382537701,0.00497818419851747,0.0052571804752564,0.000730652374228364,0,0.00655167401270701,0.00329443675444886,0.00782030271497697,0.0014902640620619,0.00601737066339992,0.00443575241286391,0,0.00193217329019108,8.05855282528875e-06,0.000273837077972393,0,0.00228556302301515,0,0,0.0012936137591352,0.00195173389228358,0.00622494062165993,0,0,0.00551368131350066,0,0,0,0,0,0.00153747444104564,0.00678798610412191,0,0,0,0,0
1676.18753238021,0.0112500605288716,0.00391681091902974,0.00980974886437906,0.00971557424847505,0.0136140564552339,0.00663972710044472,0.00631607653009797,0.0175419348972053,0.00924057684904636,0.0176090586774144,0.010075912020949,0.0178491036728384,0.0168649380855103,0.0116134041645931,0.0100016553773299,0.0128300312606271,0.0153866547150462,0.00992015086745049,0.0168249810670412,0.0156523564561902,0.0114127251353202,0.0173040989276998,0.013589336615823,0.0127033366613869,0.0170466398343902,0.0165434674920784,0.0145878578813394,0.0056016030093689,0.0221735233597476,0.0125474998451012,0.00563159405805967,0.0137431013242977,0.00606062238962039,0.0103480242267683,0.00603688072433016,0.0202193597017253,0.0150720965782233,0.00512835760158653,0.0121730538088094,0.0204505872795829,0.0132853412782282,0.0177068511439941,0.0164723520743748,0.0110422572109916,0.0141844657335715,0.0065172938652606,0.0033138707066906,0.0130081213447359,0.0125487362055454,0.0159140558896728,0.0122859369486565,0.00918619890248113,0.0108400595176309,0.0200091373264406,0.00857519719471862,0.00823417349466102,0.0117360343850591,0.0112469167236737,0.0209028670688074,0.0070542052144077,0.0123093721712554,0.00626755222238339,0.00158812859485784,0.00909565420242688,0.00983943489117137,0.0134916073680091,0.0209356545155893,0.0106617615922923,0.0149833647833301,0.0107723997492529,0.023684504068096,0.0139139330500155,0.0140396490735525,0.0100760157904225,0.014926968816914,0.0144604567772445,0.0173252359153172,0.00538327766039267,0.0180111927690822,0.0129245457874695,0.020220085876817,0.0120695528163473,0.0119320550204908,0.00743096525489869,0.014462952393434,0.0207317610894592,0.00829924883459808,0.0149271254132487,0.0127826237590922,0.0137770920331598,0.0140492476680141,0.0147921635892154,0.013267993379249,0.0195247202466851,0.0141629577550613,0.0124916256692926,0.00888203146282192,0.0152831236478009,0.0122003109914705,0.0187488806535868,0,0.0119868167890851,0.010242054673705,0.0108202065805401,0.0134134756032355,0.0151536459416983,0.0206551375318795,0.013598809889796,0.0182987246882669,0.0142345950022803,0.00905945931312212,0.0121851301093945,0.0300605968165649,0.0131561522132316,0.0153721463855979
1678.81742441625,0.0280506155930288,0.0247462227903598,0.0200195401470125,0.0177058941885131,0.0199094062069227,0.0231131013119453,0.0274329944316919,0.0342355198034769,0.0150398327053405,0.0218481451693396,0.0195809145785221,0.0204835343009096,0.0277393950800917,0.0222592446468511,0.0250092476082694,0.0235576526040395,0.0243321131621876,0.0195415069458868,0.0226052527717939,0.0198066641546332,0.0220973797166751,0.023688187610985,0.0210025740875737,0.0229142506272442,0.0228210928686944,0.0125424430587264,0.0160050021560968,0.0210106181703112,0.0268027306338187,0.016741611391219,0.0262583186251704,0.0328600739980036,0.0278145110574063,0.0220997209438656,0.02566382460416,0.0157468763237557,0.0237069903095006,0.0179379739765869,0.0229497163857823,0.0246040369966509,0.0220029840927221,0.0243972572708397,0.0244034648681962,0.0201294619408483,0.0183030366497175,0.0167899284138785,0.0276082709766445,0.0181719505101139,0.0205005660173284,0.0244439463097781,0.0245762824631882,0.0289388707617255,0.0203272503494067,0.018748873045071,0.0232654782299998,0.0227285713570223,0.0174885090486615,0.0230540826047725,0.0157660506084675,0.0199301267197155,0.0239806986457572,0.0254351597695259,0.0251790566737837,0.0264009037915859,0.0274236117790253,0.0272779579134471,0.0213014970410251,0.0224590677254208,0.020903994073634,0.0275515926146814,0.028950970160548,0.0202214408113335,0.0248041182067725,0.0246799392142238,0.0240455974199617,0.0278317437049348,0.0312079066330744,0.0217253858705967,0.0276623694399743,0.0198100431689584,0.0281599106228148,0.0212331684853212,0.0309173463394046,0.0180751998446111,0.0126507889094414,0.0194593582072336,0.017299917468637,0.0292279120994814,0.0125740406596519,0.0195299946875338,0.0245886384180779,0.0317468320841883,0.0207860633898231,0.0248305002260434,0.0244240117532661,0.0233509904630284,0.0245662276746542,0.0216837543107053,0.028529747469819,0.0191176256026889,0.0185757255225302,0.0172322094748488,0.0188393302369076,0.0272868399276802,0.0236121609279185,0.0213908415261179,0.0156125570887928,0.0272198591678296,0.0225287041495065,0.0211643698390272,0.0225722640004984,0.022248841915849,0.0174147955112444,0.020588955233269,0.0157271311823211
1681.44554533749,0.00829381993725283,0.00420394148938234,0.00408685437036761,0.00459224095244028,0.00903660089530303,0.000963478438931086,0.00139827500039566,0.00449041904046347,0.00641242546387534,0.00332518367600142,0.00292427800162479,0,0.00674526554716408,0.00745700524690267,0.00370260488691736,0.00491708953597468,0.0064733869245006,0.0085782161344485,0.00266270738916284,0,0.00353231307442234,0.00171658698790074,0.00183234429665038,0.00248804520661461,0,0,0.000886801619286106,0.0106285332501793,0.00137650955431855,0.00512805740480963,0.00315005434233499,0.00268501012252068,0.00685294846445535,0.00783188238626524,0,0,0.00438194559568626,0.0123699402556408,0.00739022826483776,0.00712379259821784,0.00457172324848083,0.00885098288659365,0.00800471706537812,0.00135233961211653,0,0.00117070954682504,0.00622891314103886,0.00129004810968849,0.000273502872646956,0.00459664506563016,0.0157350447476507,0.0062274457570239,0,0,0.00057191760205659,0.00837022165936782,0,0.00978828649332339,0.00901549489538111,0,0.00381972542156903,0.00439820655327854,0.00347529426300087,0.00930682589964053,0.00897560362912415,0.00126909762107145,0.00194440175453892,0.00366480412856455,0.00689416656782983,0.0061068320284675,0.00260662676088605,0,0.00650274661753292,0.0059310668859776,0,0.0021204765095743,0.00514385563363996,0.00285515819420962,0.00681197570237913,0,0.00629133929518328,0.00286081483032704,0.00608988491735239,0.00711608735420888,0.00653164370487519,0.00837673544993638,0.00633304057371495,0.00495728651692273,0.00649287761880281,0.00223472551896562,0.00408674650868649,0.0117996158380662,0.00906261932043043,0.00720233896763641,0,0.00939487582725738,0,0.00253607683019007,0,0.00123856067546474,0.00324475331716009,0.00032141578418368,0.00443499875219134,0.00556631914661885,0.011456799052561,0.00141241540609924,0.000836472222453254,0.00347324621857579,0,0.00569339194434868,0.00321907188237954,0.000540972254129512,0.00588469187730803,0,0.00371076110428548
1684.07189677761,0.0134876349994923,0.0127270065742709,0.010540527349605,0.0158943341942673,0.00356822658582127,0.00729642967114242,0.0130326922609333,0.00881629258811206,0.0101293639628854,0.019022143480976,0.0071447142139162,0.00985452102751696,0.0165820602638396,0.0154517013393732,0.00846362917364491,0.0140720003529791,0.0117209883793025,0.0160902326234461,0.00581986138396444,0.0109246414587604,0.0121085223827069,0.00979934350752667,0.0158226404311598,0.0165924825051458,0.0113458839348757,0.0111221201287571,0.00770654625488751,0.0126484473067075,0.0173458206986109,0.00501378505060652,0.00961401792666418,0.0132832244388034,0.0144189371234606,0.0169297342687983,0.0232911112549015,0.00743369078108261,0.02076196361429,0.00683207996335547,0.0149307350629009,0.0167523737671506,0.0100087943875881,0.0177200863954346,0.0165365433389527,0.0203440264064683,0.00828798719057821,0.014260978590124,0.0164370053199612,0.0172807937765787,0.00937001949232787,0.0142786924491575,0.0172330827401075,0.019047539496397,0.016795486574977,0.0136242201597753,0.0103710874158581,0.0120248111213048,0.0160471711750641,0.013469321141851,0.010514207335259,0.0108750812222987,0.00961003937689755,0.00645928631717721,0.0157955784116114,0.00863786176090237,0.0196224692740031,0.00811806468914583,0.0144422988373497,0.0122403957917677,0.00844047094495389,0.012563540075087,0.0079331793700582,0.0193502248326949,0.0189741004711686,0.010745005829819,0.0166598856477346,0.0117489009195372,0.00612141593010788,0.00604236462095054,0.0148880500887307,0.00968013332866704,0.00398301095710814,0.00657165265269398,0.0125305296317456,0.00646304591421262,0.0145369559430272,0.012084931279021,0.00944853444320112,0.0118121769970116,0.0111722007728392,0.00590103725267676,0.0227209859935993,0.0223910157400174,0.0210463960614592,0.00874161989288676,0.0137496600975847,0.00540765149315765,0.0144913430813372,0.00899781669493357,0.0112281221994349,0.0116384104051899,0.0203990378699689,0.0148264503340442,0.00651262200180208,0.0150945202402337,0.0140726373717514,0.0157432639580152,0.0142983693450014,0.00670653922150181,0.0163339980014572,0.00830733197542754,0.0178892728311927,0.0155158978121853,0.0193505879833209,0.0153287111380283,0.019761970252823
1686.69648036825,0.00916661906579843,0.0137529068333248,0.0104816027149212,0.0115117460759417,0.00834137519345484,0.00936465465138791,0.0231068547156382,0.0180353418406064,0.0111991087988101,0.00653051772796723,0.0135338521994262,0.0164428503541099,0.0149003675034322,0.0164292325123747,0.012712415600586,0.0096470429022679,0.00626481441355467,0.0111553597668159,0.0111529858989275,0.0173287154799518,0.0174618531752523,0.0140916207807717,0.0211529164910439,0.020869923962428,0.0123725537920135,0.00558619910404568,0.0134873634179101,0.0163119252458993,0.00648333836870214,0.0147605329017712,0.0199381792958863,0.0137251566511948,0.0269476823647569,0.00706335642459288,0.0151967678308945,0.00954764100320864,0.0185125382036294,0.0105283744537268,0.0170083652615314,0.0204534296197081,0.0165908674063311,0.0154856397937683,0.00777598673673555,0.0180349769592523,0.00548257086610923,0,0.0157935219179959,0.0101492683946493,0.0130718779860856,0.0201667449079162,0.00953699718147214,0.0114577250049203,0.00861851071730411,0.00976012308687916,0.0180000304289234,0.0129844545602492,0.0121122795710044,0.00899468599826058,0.0136870932997605,0.00421147534192957,0.0159702746733875,0.0133788562455891,0.0114193295546382,0.0200221721484027,0.011999331153711,0.020378355457766,0.0110584547009869,0.00881606314880034,0.0188893481899732,0.0185043932087261,0.00565256859816876,0.0186882079805924,0.0144573877990559,0.0161368154202729,0.0110980239495028,0.0148886872000917,0.014692548909798,0.00760836929735544,0.0175425112470711,0.0122934375936952,0.0130974013797396,0.010312934973683,0.00749274805830499,0.0101670341982097,0.00847783155561156,0.0114500656572052,0.00286575631916798,0.0208417607655715,0.0137350529539949,0.00691416711582483,0.0167426855995148,0.00678564792444108,0.00773210467191519,0.00757772013339589,0.0158690729191073,0.0185671552012421,0.00512781938148853,0.0105922693090262,0.00454881279982022,0.0143146170160758,0.00999591700160835,0.0142102844356034,0.0146531135358042,0.0144254558197331,0.0150811026816794,0.0124286589463673,0.0153148206313473,0.0176706589760128,0.0179250456924119,0.00383966519015663,0.00572477559948141,0.0154288390325472,0.0165650809083746,0.00864613233479307,0.0105017028113147
1689.31929773902,0.0101776256207143,0.00566873262256508,0.00990815525166327,0.0120368100632165,0.0115325383967083,0.00716829842835383,0.0093554920260819,0.0202604039185184,0,0.0168627466729774,0.0156774911664029,0.00651989216582331,0.00885026588117703,0.0136422058660932,0.00397276297376115,0.0112412794120027,0.00459511207120218,0.0122186521496628,0.0149066593541279,0.00486289171026327,0.00766362010005609,0.0085888122725265,0.0129351824106286,0.00382035036542228,0.0188048170258436,0.0109026026278051,0.00219892145072879,0.0151639647580069,0.00961823771316139,0.00924619890894272,0.00841050975014782,0.00615535946309142,0.00443373255655159,0.00970909370164069,0.0167588537387818,0.0111508355933798,0.0119035271439696,0.00938251749257335,0.0108768229945844,0.0117281228433079,0.010392785497271,0.00797927586600991,0.00824795841212032,0.01028664329521,0.0134954404647099,0.00523458247948152,0.00756316207481758,0.0138157015922051,0.00703942590961258,0.00532606095294403,0.00566929485163022,0.0151942307354194,0.00585104008164102,0.0150843172365667,0.00970369259005278,0.00797960861253115,0.00549166002890746,0.000184495158373996,0.0114111227046181,0.0101188141561717,0.00453948613587663,0.015500759491846,0.00275708744755475,0.0155885223903472,0.0108653234448776,0.011141635801518,0.00935141045392143,0.00268762692372786,0.0044179419042424,0.00316293014144152,0.00285683765135951,0.0137121827475757,0.00777511561675717,0.00568872645510324,0.00830248750414428,0.00828061947813423,0.0151908149067852,0.0141613525172123,0.00550693925559705,0.00076084836062666,0.0162743132702474,0.00471233123867287,0.0101578837380799,0.0106565087031112,0.0116645814314591,0.00756565885475979,0.00604185831806925,0.00309521960136863,0.00720648251454182,0.0186918223746485,0.0134729112431589,0.00619719777730383,0.0104166066275327,0.0091784784672962,0.00923681639690657,0.0102244109249142,0.00727182459611643,0.0138503358714476,0.00670110325808974,0.00871344102291871,0,0.00659001539933793,0.0156954859503916,0.014324497360325,0.0161202136981408,0.00700164554205335,0.0163622721059495,0.00666695260013465,0.0146316000243499,0,0.0105875199247945,0.00890409688052457,0.0018701695445999,0.00855055748990827,0.0196039970408676
1691.94035051744,0.0128091194776159,0.0142835613373386,0.0186351217608208,0.014760174144356,0.0179788118682473,0.00983384153061566,0.00835764323665125,0.0171126210032683,0.0112871844224711,0.0163725765876327,0.0162484244048472,0.0131715738686283,0.0121817618156758,0.00980115190806778,0.0137069098265918,0.0128663002217095,0.0115420570277592,0.0225352409322677,0.0117159314620058,0.0215875855189807,0.0125360492365733,0.0156724249357026,0.0172396258734688,0.0223971086265477,0.0215048008492249,0.0249069672667,0.0165892977241968,0.0226529315533899,0.0170806265517592,0.0206929488398418,0.0215319017668374,0.0157707705720752,0.0148319448120324,0.0107570710938247,0.016211724921412,0.020363002405157,0.0195954638607328,0.010432883127821,0.0190570950253086,0.0144062007737822,0.0142522007167843,0.0132257344710071,0.022283176030683,0.0195237729680688,0.00967091342111638,0.0079369323205929,0.0173183873286738,0.0175119554945692,0.0129717963204702,0.015098575885758,0.00997090429946645,0.011968613961406,0.0171006601969636,0.0236711240685307,0.0168440776525174,0.0117240134368821,0.0260562513116275,0.0181443304918909,0.0140972394446738,0.00460614330908212,0.014200123797166,0.0197991391368276,0.0130110258973337,0.0150109756900575,0.0210647396983675,0.0202325930763978,0.0208440082554686,0.00916575081991016,0.0149291941473043,0.017909328643899,0.0186396983203731,0.0196272586067498,0.0175926182289165,0.0166148298843622,0.0235924703536514,0.0212590946193704,0.0200415845753985,0.0152387460847236,0.0180365886317627,0.0127036361697758,0.0189389984059896,0.0151308101413563,0.0101134325468041,0.0106357906798414,0.0132554128981677,0.0102722113721764,0.0157341525878897,0.00253527330249281,0.0168042867155328,0.017082539342196,0.0209473695504694,0.0195553255429641,0.0136826097799728,0.0129972733826541,0.0147118846811874,0.0179244295422584,0.0149119145009323,0.0198606235564491,0.00888467409908615,0.0186522045376285,0.0109167909549985,0.0206456754568408,0.0173172167891613,0.014253527092084,0.0166441601555538,0.0203514372361749,0.00496457776338122,0.0193437263380457,0.0206538681068734,0.0114101064195839,0.0127398486736316,0.0212752694233673,0.0203126550761339,0.0210523035472624,0.0141787839341105
1694.55964032904,0.00804717073350775,0,0,0.00559259732430964,0.00295815620710519,0.00232981938662763,0,0.0021081564367203,0,0.00723089444559912,0,0.00331227521597439,0.00234524759505748,0,0,0.00417838426646409,0.00402896573260397,0,0,0.00270258090736311,0.00442609033910561,0.000951743785722808,0.00582384958676527,0.00431359435834295,0.000584028343124319,0,1.76276911134202e-05,0.000586026206184589,0.000934997909212337,0.0010409763436076,0,0.00879710786445404,0.0033402894181938,0.000981654869198309,0.00606820950390286,0.00849510409523667,0,0,0.00364840821015741,0.00519979240610117,0,0,0.00224547477788306,0.00417895693453953,0.0058764716670618,0,0.00860519295357759,0.00454734094345271,0.00374540281856604,0.00414264932997717,0.00779181820936536,0.000705225178095556,0.00148215822429721,0.0042754320210287,0,0.00841432208250667,0.00103007488528108,0.00393771310218886,0,0.00239541843280294,0.0028298382356906,0,0,0.000801758305886767,7.68660792532595e-05,0,0.00493261679179914,0.00255077645054578,0,0.00426934409976941,0,0.00493758880417319,0.00767761507843244,0,0.0022572407977064,0.0065635212594639,0.00439455921966922,0.000377985667304026,0.000610627680764183,0.00395801748351751,0.00752883474954497,0,0,0.00631918242462098,0.00403482641620635,0.00262259542005548,0.00113586075651716,0.000397555750079408,0.0022876759204239,0.00315987338063582,0,0,0.00376469493791462,0.0026311820843752,0.0103377476231064,0,0.00673441346258956,0.00250026903667566,0.00229920808183649,0.000927814759138499,0.00384958666374392,0.0044289412160842,0.00197027732917884,0.00398572573048505,0,0.0015945484754297,0.0033622403774519,0.00400321968301322,0.00213032262608599,0.00156445486627876,0,0.00618767789159694,0.0067649897874258,0.00462669963223005,0
1697.17716879727,0.0160410251264958,0.00525940318459988,0.00728321990499668,0.0116292014443124,0.00462887171500133,0.0168669676611872,0.00751404464471031,0.0141510633451855,0.0131028132129844,0.016029357048024,0.0185525859121319,0.0116822049043605,0.011790525195648,0.0130515396204423,0.00668725917131947,0.0178425279140716,0.0153295445419158,0.0145091882300636,0.0118638341840615,0.0124683773319036,0.00502267061771291,0.012464944484776,0.0134480457577879,0.0103565375442065,0.0162460431852366,0.00376346390005442,0.0171402972477241,0.0156665546602381,0.0106061002141506,0.0109115036438188,0.0155913591879541,0.0168645318845375,0.0203769097571624,0.0102310989286235,0.0168125272831039,0.0166864936106841,0.015315606795676,0.00667062676368562,0.00474898361035823,0.0111881276911549,0.0137102788956576,0.019566869312151,0.0109283117551651,0.00855459831162195,0.00534880415972486,0.0134337530705423,0.012981048809448,0.0136878050281646,0.00865401915662265,0.00851333688731536,0.0181231189566164,0.00560968526141669,0.0122542308841058,0.017233050111825,0.0141616892424415,0.0160339607586171,0.0080773403909097,0.00777005880551624,0.00476774521111899,0.0127560693989611,0.0147113922408526,0.0107851546338477,0.0109494745042875,0.0128553302410088,0.0103375352019978,0.0115963480223712,0.0203282510517542,0.0167447128924283,0.00721336517239268,0.0185315548477729,0.0110194762336609,0.0158012348325781,0.0170075573971907,0.0122916684360391,0.0104971071160025,0.0125412336297147,0.0147094102391675,0.0114300769610437,0.0132022735239536,0.00560245678937455,0.0183921820895798,0.0123537174071338,0.018885411507085,0.0139318763716061,0.00514473991964612,0.00867115135466654,0.0141324720789193,0.0159828472163067,0.0124824560350749,0.012883025651161,0.00973779673903524,0.0131782031728132,0.0114978779412487,0.0163541821510454,0.018071231070429,0.010780665337701,0.0117044090143732,0.0151038980708058,0.00454578907553524,0.0125908488665036,0.0173679770727724,0.00988842805410397,0.00475116957722726,0.0131256032576891,0.0161471474703712,0.0117914751529813,0.00504603599881468,0.0172932871716573,0.0213228946360484,0.000503732242017471,0.0143965754476535,0.0164644062112457,0.0117012837727905,0.00844801598973602,0.0142039867393432
1699.79293754356,0.00656717215085141,0.00859046472699065,0.00410789575045117,0.00956845557370247,0.0100925726342761,0.00620323129891715,0.00289742776823089,0.0132569153431607,0.00789917981858622,0,0.0117336469040363,0.0145700483829281,0.0047681334049528,0.00333888445119992,0.00403745079443121,0.00431719223653628,0.0116337033163428,0.015696742894339,0,0.0168649353967027,0,0.00981656425923759,0.00589544041781978,0.00438271533635461,0.00398735418377856,0.0140705653026394,0.000629467311704024,0.00495700583712963,0.00956284734071016,0.00169859912221105,0.0058298743196222,0.00512656020344722,0.00949571884647831,0.00377320453457405,0.0120778549840537,0,0.00773479313745526,0.0132277398188812,0.0130210600396507,0.00800017720881393,0.00429613510415714,0.00899885636367838,0.00610874685031076,0.00147518348230052,0.00377265977901148,0.00740408395730766,0.00650606523202222,0.00509086290229375,0.00545633418970788,0.00690561107982588,0.00895165643823787,0.00193876628190973,0.0106835311640305,0.00813428913097483,0.00158817613627607,0.00951546910922877,0,0.00726742457874863,0,0.0166044161888711,0.0044822507810682,0.00552000424268346,0.00672801132163198,0.000347577649021165,0.00932604149280645,0.00893817823192664,0.00667409716375668,0,0.00783874648083474,0.0104190654832771,0.0110744972454653,0.0093186357009662,0.00770324045514485,0.00470439534591118,0.00399641358557227,0.0142039444930222,0.00830835181851905,0.00268962989023951,0.0111044782792831,0.0160013974640721,0.0119259077369407,0.0101848849544912,0.00358863274143896,0.00751394500915321,0.00465917003821512,0.00381714737133574,0.00608162629153893,0.00425647860978367,0.0151960288461157,0.00814627951073526,0,0.0137823891890359,0.0104524200837176,0.0191732059563825,0.00827097062797255,0.00808404534571862,0.00522917889798259,0.0125006239602743,0.00517401252870144,0.0076687836701535,0.00549339765960671,0.0121323105831349,0.00591834328840416,0.000765454269109649,0.0113047831855288,0.0145204007287997,0.00893121876519296,0.00366633249891137,0.0023160528860298,0.0109635910652941,0.00732200389163643,0.0111408771487134,0,0,0.0110277537325889
1702.40694818732,0.00772844874987786,0.00334987947922218,0.00914304166243719,0.00591330069351592,0.000539053213218213,0.00630724924801316,0.00944451177180868,0.00374851603340539,0.00968672689410284,0.00713011132784219,0.00548071285543763,0.00646166360300675,0.0131778771583018,0,0.00847057725277978,0.00552241272831699,0.00474833544215437,0.0104057688280822,0.0115978514638968,0.00617234832570984,0.00793615902816142,0.0104751240578033,0.00706370738770138,0.00336870342508969,0.0111107702967648,0.0130444954278748,0.00392018688118929,0.00826424317185449,0.012310427088851,0.0061705507851151,0.00321188300859863,0.00092453581830454,0.0063182762546726,0.00223044589385102,0.0116522457727449,0.00393235128968131,0.0100648426775339,0.00628101066448432,0.00759182045470233,0.00971720873026357,0.0105102045275769,0.00482261301077496,0.00889846429321904,0.00974097978340369,0.00384530312216081,0.00636925565913166,0,0.00352369646850712,0.00445950958170745,0.00314362303150671,0.00252410485928336,0.00152640096833793,0.00483968076370756,0.00499227823930459,0,0.00575237813678927,0.00596997252633937,0.00679562964258224,0.00487756528390224,0.00194505720565118,0.00400444012768533,0.0104788302895151,0.0133295857962452,0.00207996151137908,0,0.0127685262303068,0.0117071707701269,0.0151499682833774,0.00572361271117139,0.0028845897414296,0.0106151283116487,0.00666827372876869,0,0.00426304337061049,0.00299832734929898,0.00883566647493843,0.0100419707337135,0.00609560123090687,0.00304074549361647,0.0100742372133062,0.00169292661343933,0,0.00531207716478005,0.00329058181802051,0.0117939040991792,0.00500800109913355,0.00508802867814524,0.00113922433575988,0.00613617315870067,0.000220531957420866,0.0104360341735599,0.00799459127553623,0.00558407338531755,0,0.0122253768199482,0.0103881704828871,0,0.0148270794967327,0.00418402848921532,0.00831727126700563,0.00879544101442844,0.00629056893171435,0.00163328488446598,0.00458370115886654,0.00485593018602834,0.00228283248418539,0.00633877865399585,0,0.0139255915764044,0,0.00521342203518153,0.0144726645091694,0.0129841076529282,0.00307081673750989,0.00950011139194067
1705.01920234591,0,0,0,0,0,0.00107387283848123,0,0.00561829379731971,0,0,0,0,0,0,0,0,0,0.000806405531075671,0,0,0,0,0,0,0,0,0,0,0,0,0,0,0,0,0,0,0,0,0,0,0.00115996674827766,0,0,0,0,0,0,0.00252548245361518,0,0.0021440948894148,0,0,0.00440619408324948,0,0,0.00365493532760594,0,0,0.000595999459776914,0.00312902044909606,0,0.000448110949290689,0,0,0,0,0,0,0,0,0,0,0,0.00440059535812855,0,0,0,0.00457739862140248,0,0.00308766547684428,0,0,0,0,0,0,0,0,0,0,0,0,0,0,0,2.50276389505837e-05,0,0,0,0.00788980926600963,0,0,0.0017669885521512,0,0,0.000788530685672022,0,0.000707686395488745,0,0,0,0,0,0,0
1707.62970163467,0.0074913943628077,0.0139330255426853,0.00513146280560068,0.00682593403618098,0.00839770968092877,0,0,0.000495108794455061,0.00639425185640516,0.00270044837179077,0,0.00302545934302309,0,0.00745240136584227,0.0109212857407654,0.00966081051927803,0.00824310234332796,0.00100371833949588,0.00233499418458218,0.00324066127119826,0.00175779373456269,0.00588294735647472,0.00514840253217822,0,0.0136255682901683,0,0,0.00259886390715907,0.00554080218281152,0.00701740939221419,0.00518321898437587,0,0,0.00683590546668324,0,0.011332228730245,0.00658853982839862,0,0.000671648279328402,0.00187088485017258,0,0.00716383317565549,0,0.00284724753640359,0.00570098106956864,0.00604805655479853,0,0.000481123505211452,0.0101539704069747,0.00499974350506906,0.00278468677302211,0.00832631621796655,0.00077577478464751,0.00795970305740616,0.00862399458202086,0.000498546299553758,0.00289902679825209,0.00485371600183246,0.00182533548464905,0.00707039911095981,0.00314166719026739,0.0129802603950463,0.0055838282493482,0.00345293975091311,0.0129369654749979,0.00975786898704736,0.00869944491587009,0.00219545569661815,0.00990665365896302,0.00649143321135214,0.00215297408522049,0.000918091388710597,0.00413226119550656,0.000739091132037795,0.0147750223863362,0.00145193109628357,0.00441975856947311,0,0.00336425636148958,0.00485602801934461,0.00736063715982587,0.00386694264341292,0.00118057558047304,0.0111631640516109,0.00718342325175945,0.00529748112376217,0.00049238250765235,0.00732941526160131,0.00527822729707388,0.00968825134584307,0.00429359046531473,0.00507613134478718,0.00475233660735516,0.00157526783411617,0.00376251681449649,0.011778952958199,0.0045749292365214,0.0043371624038403,0.0111007632365507,0,0,0.00498310475647089,0,0.00370028178336962,0.00515592022454124,0.00682393469559531,0.00775910491860523,0.00147669396797113,0.00829395074649789,0.000953684710601976,0.00218801358078185,0.00452102961453699,0,0.00546825038048997,0.00384261141311532
1710.23844766691,0.0235912491989611,0.0136264776873488,0.0118977409733217,0.016813008056935,0.0150614059397322,0.00895346723734377,0.0154898758970132,0.021879683510172,0.0163061937699294,0.0176285650958879,0.0168458479553705,0.0148665208711434,0.0045028207003424,0.0135836499885625,0.0149061064563386,0.0136831109965584,0.0229168857201565,0.0196778044931604,0.0149186387680692,0.0245019184209059,0.017693856025997,0.016463216394714,0.0172726346320048,0.0120153099914732,0.0138550130671293,0.0123152085224667,0.0139775983333772,0.0232126036551338,0.0126778198361028,0.00830783344309351,0.0190729867366096,0.0147719967618594,0.0112246419204334,0.00918556459818699,0.020186984642161,0.0153503358513977,0.0260288757785231,0.0175722340529888,0.0173075262015833,0.0183037307937815,0.0137488370669984,0.0195130659822326,0.0158297836697696,0.0188636584066851,0.00586603022605411,0.0133803003554397,0.00975585758540097,0.0173120683871694,0.0184729707902872,0.013349573302094,0.0219528638143394,0.0160767888869035,0.020308848861618,0.00545005347026468,0.0214868825218295,0.0180812618958005,0.0133582099337956,0.0159351976618728,0.0167847653162432,0.0126788343071064,0.0205780414917808,0.0126690012851767,0.019834629931409,0.0189422481344893,0.014741512248806,0.0196003960562742,0.0105355325906889,0.0132624589219358,0.0173140775618784,0.016540068380218,0.017062748928872,0.0135665476276849,0.0185590781837583,0.016263745782501,0.0182492552268688,0.0162767851284873,0.00840898293067418,0.0176065307305919,0.0193847256487134,0.014289002357092,0.0172940034412065,0.00513223490241213,0.016699241858835,0.0146060464728466,0.007906720211207,0.0213436696482223,0.0136452596628397,0.00698683818328506,0.014553513198472,0.0168846717262858,0.0109116995595901,0.0207915276778568,0.0164979545553182,0.0121761445482785,0.01000871503027,0.0147308160974122,0.0168082431610994,0.0138344810098095,0.0146075491981379,0.0215320305570195,0.0123960778620879,0.0219636574110461,0.0191299362748047,0.0210676052242627,0.0206403661891453,0.0128905539732244,0.0171966434495714,0.0176775495968968,0.0145377666588657,0.0159176545588934,0.00894729026972058,0.0127982731902249,0.0222008656875882,0.0121781197043533,0.00887916298564213
1712.84544205395,0,0,0.00615498222307691,0,0.000259206788788087,0.000593010812735869,0,0,0,0,0,0,0,0.00239972267346065,0,0,0,0,0.000708205452271743,0.00313447391171273,0,0.00196492380838314,0.00118578351445998,0,0,0,0.00349922978337987,0,0,0.00253055566523381,0,0.000507553580664176,0,0.00559708411763829,0,0,0,0,0,0,0,0,0,0,0.000667928249085659,0,0,0,0,0,0,0,0.00544330741268887,0.000817068707778798,0,0,0.00375359469719828,0.00194547201254562,0,0.00468741593030399,0,0,0,0.00495249349868276,0.00850405923408666,0.000951017942773474,0.000332269397623302,0,0.00534732974515293,0,0.000363498815207187,0.00126702139131197,0.000627976839689709,0,0.00315391337953963,0,0.00324621334687635,0.00296870689276011,0,0,0,0,0.00320386262501237,0,0,0,0,0,0,0,0,0,0.00074451056182513,0,0,0.00115094663348413,0.00284135965254547,0,0,0,0,0.00163817694370063,0.00290827894966343,0.00455562044663067,0,0.00238441108041891,0,0,0,0,0.000387084995728114,0.00331996342153332,0.00670316419602999,0,0
1715.45068640504,0.0118739608112224,0.00558168208936328,0.00971396243218195,0.0103298623651627,0.0231094925322339,0.012664199401682,0.0113724357432705,0.0107107137560137,0.0105242128561928,0.0117652598021639,0.0217318679464922,0.0116276634616904,0.0117169399263646,0.010761978858521,0.0104945738751107,0.0125687182649454,0.0104975146164619,0.000160038430879511,0.00959918706994825,0.00933883012468884,0.0149598217386699,0.00223792857853213,0.0188042954014654,0.00917622640761998,0.0122587224482065,0.0154112648711561,0.0101513797551959,0.0123548121922278,0.00824166644469383,0.0104388709713022,0.0113899343723527,0.0098628190746043,0.00789654106207412,0.00529638469733542,0.000896454125528202,0.0110323004612502,0.00792821376332156,0.0202053593131185,0.0171673021471129,0.0166023394948804,0.0147703636591861,0.00984504389641723,0.0070741842767657,0.0116111655614567,0.0127626278212169,0.00773348681294733,0.0053134723438529,0.0176853590349304,0.00699708020086122,0.0126626075407695,0.0126352240943076,0.0128466277324114,0.0105137571205724,0.01291577317066,0.0131961673549413,0.0113795739071944,0.0093871505803474,0.00272145446131225,0.00679991726558269,0.00872312980102122,0.0161226196578015,0.0126784933478617,0.00904287342733493,0.0177730406871664,0.00983366693246473,0.0130084789065337,0.0115604592514784,0.0152584892503372,0.0100474433064142,0.00776988609596059,0.0158823966962815,0.0150648507206207,0.00853053976370036,0.00745921392606212,0.0170875801671919,0.0128844421637218,0.0175636102608096,0.00653540009013922,0.00954054033594347,0.0168925572192937,0.0117572207025325,0.0121692884057862,0.00727746194583217,0.00590318961039198,0.0181215940479875,0.0196373436628869,0.0114012167966961,0.0101496402455085,0.0111993171915744,0.0120517692489563,0.00709943649851955,0.0121738825507345,0.00484567747576804,0.0176181780950472,0.00283728021308026,0.0130013642248456,0.0107671313614411,0.0106126457716114,0.00686792430561835,0.00760896221933343,0.0117070718214567,0.0186826938744806,0.0124928057042272,0.0160644884828977,0.0189478951354083,0.0101207424841504,0.00470695372317311,0.00892898502534575,0.0161991525894646,0.0158517685341831,0.00830731638876469,0.0186679747851161,0.0210877836398642,0.00329178765898809,0.00934197694233653
1718.05418232747,0.00526668334399632,0.0069843861601996,0,0,0.000309443884501142,0.00383027643269317,0.00538548857048748,0.000311074190349483,0.00660975348553695,0.00562659676734882,0.0119291865656689,0.00757663481460096,0.00327388274158804,0.00235142747631639,0.00752301036921564,0.00688790831744717,0.00809148014587797,0.00157075232567618,0.00618212915471547,0.00585494750490104,0.00333887431024764,0.00145167324766083,0,0.00287604931771015,0.00882068864274181,0.00861878997770593,0.00561370569914702,0.00240071625111989,0.0084877024184932,0,0.0040411637481508,0.00531082447184601,0.00765096288828451,0.00231399288035726,0.00119225875402556,0.00432037008842343,0,0.00153812273736888,0.00643367059555239,0,0.00836756947025217,0.00797320440274425,0.00301444762609966,0,0.0006146222525971,0.0107490003549669,0.00830910248504613,0.00768895816990717,0.00944393096233291,0.00526496374978291,0.00422582876796328,0.00778318086436621,0,0,0.000295982575301214,0.00453378858451979,0.00744861183269325,0.00134630532937839,0.00377338817619912,0.00842856355240185,0,0.0070984678285856,0.00180681492949272,0.0033008118625604,0.0122716197225828,0.00733770779645525,0.00745739942071807,0.00728141337629413,0,0,0.00252021748924031,0.00500105964060546,0.000544756815022473,0.00392633922836812,0,0,0.00166046687509346,0.00958401507443981,0.00548456292060569,0.00624679597212465,0.0103926335829663,0,0.0020665295985195,0,0.00376121593495923,0.00625861601577305,0.0035712007895544,0.000252101439507583,0.00339903594301801,0.00163285111627404,0.00416920746528385,0,0.00182110903431261,0.00207102672631464,0.00643635743723393,0.00832034621999492,0.00287665889220211,0.00442453961103954,0.00387224957169492,0,0.00924613649578099,0.00275051639779578,0.00401324818657091,0.00230651881832848,0.0088687148191114,0.00771200399425624,0,0.00157914570715047,0.00724777440170592,0.00191641621675106,0.0124220732814435,0.00332450661519977,0.011624551082731,0,0.0117779148674645
1720.65593142649,0.00134194187892753,0,0,0,0,0,0,0,0,0,2.09068868345298e-05,0,0,0,0,0.00015068158045893,0,0,0.00172386761192623,0.0018630162816931,0,0,0,0,0,0,0,0,0,0,0.000554521770702943,0.000790355862985559,0,0,0,0,0,0,0.0028727210415678,0,0,0,0,0,0,0,0,0,0,0,0,0,0,0,0,0,0,0,0,0,0.000993067143880655,0.00637882997341965,0,0,0,0.00277476490727408,0,0,0,0,0,0,0,0,0,0.00364394042910879,0,0,0,0,0,0,0,0,0,0,0,0,0,0,0,0,0,0,0,0,0,0,0,0,0,0,0,0,0,0,0,0,0.00488294880849675,0,0.00176606742329756,0,0,0,0
1723.25593530534,0.00328131112827118,0.00881165083997504,0.0129519971069585,0.0141233079745671,0.0139239681817723,0.0136372776946348,0.00676099893023474,0.00932642421851245,0.0127971207193517,0.0113567497029252,0.00685378187691134,0.00839786392466835,0.00353782447019241,0.0105611255065558,0.0125253556551734,0.0146781437846066,0.0157174538297756,0.00720222681928668,0.011783305054642,0.0135632541116269,0.00947401288635573,0.00871147269790543,0.0159088780193336,0.0150156197577876,0.015479120108052,0.00919777977060096,0.00518301525288575,0.00679439300050343,0.0117598140755604,0.00486723347930294,0.00147722167782781,0.016673411555174,0.00944946618531699,0.0067562565776373,0.00294844421161919,0.00615013723108606,0.0101113445180554,0.00382282801139501,0.0114281906378116,0.0159125105829312,0.00958620560402509,0.00697376766136286,0.00798220606242636,0.0119095624107658,0.00176624190195122,0.00915516222999034,0.0149410947599096,0.00825021792870993,0.0106364017257168,0.00859296268797197,0.0146328673507954,0.0214205378387584,0.00547160336977284,0.00361283515544497,0.0147584732379217,0.0154600110740498,0.00746796639036547,0.00633162148691752,0.00603633896655345,0.00957097007922803,0.016427428047587,0.00622803883642134,0.0149508005967407,0.00997550384424292,0.0204731442937155,0.00631598656221595,0.00757935114224061,0.00837325474905952,0.0199091258426771,0.00879351956947882,0.00807876804365932,0.00832013674522465,0.0104714730841848,0.0068090571152279,0.0120323070796331,0.00233116123985069,0.00668663566669866,0.0113742611792645,0.0160070569020117,0.0117676241489985,0.00504668962125498,0.00422187088278794,0.00325007915578096,0.00255466605415868,0.00495180358442265,0.00638593199438754,0.00638375384952171,0.0100404547932803,0.0141840889616539,0.00558015687558596,0.0139394943924694,0.00992326742870279,0.00743268777038286,0.00606782219014167,0.0131840973552655,0.0100988791229532,0.00632153563801002,0.00357538929904491,0.00678029566417951,0.00746283085966597,0.00550138056752507,0.00453339444609121,0.0090873139945304,0.00825760197585317,0.00627834744062877,0.0126311504903616,0.00628816210928115,0.00842795674271173,0.0123817532705717,0.00696985033990061,0.00649439666013046,0.00237979579021677,0.0123338414260852,0.00577493453563073,0.0151285641729596
1725.85419556527,0.0296433069272674,0.0285931900939456,0.0275466590410773,0.0297228244876062,0.0293787363859536,0.020467949669604,0.0236660563452713,0.0319836998312271,0.0336075760632697,0.0286527010717412,0.0233409786765079,0.029813299488217,0.0265449622186603,0.0277237425474324,0.0253816028819698,0.0346824545033547,0.0219930583747663,0.0260706958553892,0.0272399382890509,0.0258357406921684,0.0353636847363313,0.018395484460923,0.0271376787928572,0.0208602540815104,0.0277259976072493,0.0192751627684207,0.0194429111485645,0.024907952463344,0.0239189762827938,0.0331128744360805,0.0286920938976334,0.032052182905553,0.0328666770349952,0.0250350547515884,0.0354279785007657,0.0249769211906567,0.0275531986707949,0.0285648735432688,0.031001657034293,0.030910766174107,0.0277911588132061,0.0142080707467391,0.0186339540510781,0.0231942926952169,0.0263940570574048,0.0216434311964649,0.0234745724596124,0.0236538853726288,0.0283689128061464,0.0291520478153356,0.0269384186900317,0.03043944972014,0.0289594433853673,0.0266138207188173,0.0261654301903411,0.0256030431281717,0.0316934504292944,0.0268808123683382,0.0222848356084413,0.0295467967294999,0.0286536615025994,0.0179119157604178,0.0337124011801009,0.0354946985709076,0.0348488246148416,0.0265722221093375,0.0277169371729468,0.0267381259872021,0.0308403925958286,0.0294203378389313,0.0242721396163415,0.0222463295368132,0.02399246126112,0.031284639817272,0.0189840906183244,0.0265822892349209,0.0276162410813046,0.0332442843333608,0.0278597776011215,0.0279345041332542,0.0216810088136671,0.022220516488454,0.0244417621547142,0.0207931457353844,0.0291765996402755,0.0209856364840186,0.0224313339615379,0.0329434160451734,0.0225753505515984,0.0269237998586212,0.028247412692833,0.0269002141126568,0.0276321998675063,0.0267056007800836,0.0267624722145299,0.0287055824642516,0.0269478160504516,0.0295953404733956,0.0269850672479887,0.0255736006432352,0.026395798379764,0.0319890738848765,0.0198993328515659,0.0241991161322529,0.0257784977130083,0.0231730252273121,0.0251436017788305,0.0176771101901085,0.0319289635174768,0.0232234278390865,0.0216727645515075,0.025941996660812,0.0279339605505311,0.0236052017820709,0.0246705009513876
1728.45071380552,0.00831554184522894,0.00646805349931187,0,0.0101316491660483,0.0115448400343293,0.00907830626497463,0.0135670189334826,0.0109066143486765,0.00412104664571759,0.0139637007408104,0.0120656447937619,0.0126625720822766,0.0132863349406686,0.0134780564309015,0.00626588330063451,0.0242324346621678,0.0105904779772007,0.00699731117801961,0.0094652562040139,0.00790047196939854,0.0135708556848062,0.0117360152297381,0.0134150215921746,0.0179755016515459,0.0104411962973107,0.0142329262012226,0.0134296324822783,0.0118537506926619,0.0119347605796717,0.00568564992751949,0.00615697020414605,0.0147607062349266,0.00918696753012148,0.0151261875034767,0.0117847059461354,0.0173125200426218,0.00606115030368777,0.0105688727725593,0.00996016201542481,0.015071081955287,0.0142798166314057,0.0092808443332731,0.00712376077505477,0.0131806281512508,0.00088739237503238,0.00824250522190093,0.0146297295492986,0.0191680805524672,0.0108730135910995,0.0104108629220531,0.00943345228092299,0.0109823202430614,0.00944210108693626,0.00493418824303982,0.0172476733404894,0.00962069360713922,0.00707143512254149,0.0108997752113296,0.00897749412306427,0.00593478823543482,0,0.00709712045821535,0.00556326690333979,0.00366435841542914,0.00135374555270009,0.00488319654506318,0.0133193905419263,0.0128736348164549,0.00354623941283694,0.00745399504819858,0.0126760799383479,0.0188278936756569,0.00790129370769874,0.0147484310114756,0.0018961149672492,0.0101238535366663,0.0145443068087559,0.0110939797475367,0.0130300729313087,0.0190530066172918,0.00796707040320409,0.00386472750965405,0.00839977675988505,0.0109409224315933,0.0106081775846299,0.00992388296833272,0.00229986670889145,0.00816345318205565,0.0143657200060448,0.0112676828535712,0.0109809702132348,0.0123303407644797,0.0126248270927457,0.010742908483302,0.0079880020389201,0.0158739330009767,0.0109911446483741,0.00830051733621567,0.00817116683464605,0.0126998455140725,0.0181123683520901,0.00644685973999427,0.00826082255799997,0.0100300215878634,0.00982431396971844,0.0048238249288313,0.0028062962142798,0.0192601049978697,0.0176476474230518,0.0127021426842914,0.0149532791966896,0.0101891636901595,0.0191440882405984,0.00103609969088747,0.00405067136109777
1731.04549162334,0.016182840051335,0.0220138567639919,0.0181211542851366,0.0144169381402307,0.0190032153010547,0.0181211743281905,0.0151634029785748,0.0136367907350425,0.0164293719935282,0.0155887289479239,0.0184628553056721,0.0176030399409625,0.0204114488557317,0.0160690345522164,0.0170175767681908,0.0187151420143022,0.0244434560144303,0.00911436165422732,0.0169388897401419,0.0164578599342548,0.0221752412701792,0.0187569574491291,0.021449834010999,0.00964727113057132,0.0141526799991129,0.0200452962396259,0.0122577138125956,0.00959034363814465,0.0187851992415034,0.017067135090412,0.0181203197320688,0.0178731918395787,0.0134894120485707,0.0231586712403716,0.0234709451801558,0.017259291364272,0.0186303072031062,0.0196757776156042,0.00927485856003422,0.0214685810523677,0.00915718029156817,0.0176386955610214,0.00755500446814571,0.0239831743233784,0.0120936470171585,0.0163838243214385,0.0199640119813519,0.00933011741340116,0.0161935958172799,0.0119147469468108,0.0142075067401848,0.0222182079103284,0.0190070075926242,0.0183032805966735,0.0243190482141714,0.0143785972767881,0.0150678058861081,0.0167795255577674,0.0225518834285806,0.0177966043619491,0.016480727008738,0.019919420086651,0.0211532648392985,0.0226910620264779,0.0179474186674887,0.0219743928261957,0.0165132911990151,0.010524245274907,0.018980158732329,0.024868018785513,0.0185697287772396,0.0138129597441744,0.0203895364494021,0.0206831413991464,0.0182148872074196,0.0208592964141632,0.0214936438677613,0.0236691470542259,0.0184060970562352,0.0216539142951458,0.0192410568226137,0.0197238271258372,0.0263686503281154,0.0151832316058285,0.0121298670823573,0.0240426009286894,0.0194936705727652,0.0107587017170732,0.00511516226530996,0.0165757635616406,0.0114250602469215,0.0175968541734755,0.0251816593493683,0.0205115170070217,0.0194373155791106,0.0196393785385156,0.0163815062845312,0.0218696388953843,0.0212924651522965,0.0236765531902934,0.0152704798003417,0.0161109985272152,0.0295583191048996,0.0141939381190535,0.0130116099890682,0.0197152254912306,0.0114218640079861,0.0170269314047132,0.0296150774280556,0.00987350998112687,0.015942769894693,0.0208805530298035,0.0131008959249841,0.0189318087537513,0.0201279412123684
1733.63853061397,0.0177193218428011,0.0133969106907823,0.0159119114439452,0.0214447710558843,0.018970266390757,0.0132387620845462,0.00990086301159049,0.0196417649945407,0.0148493532563386,0.0183327972771604,0.0174099178483518,0.018717686464291,0.0231707384530412,0.0219449038078728,0.017495576464661,0.0203083751471996,0.016325177024892,0.0199445691103032,0.0185434614358641,0.0180278957221962,0.0150883607295429,0.0148935799761211,0.0240859938982923,0.0150426284865584,0.0135966875622945,0.0210197413739298,0.0185990405546415,0.0154282290802426,0.0138486908331966,0.0175591616439551,0.0186286659883069,0.015656905396972,0.026045388562919,0.0171137890948626,0.0212845046181103,0.0172391126605238,0.026293590140457,0.018529028914553,0.0152136824364951,0.0197748532457136,0.0174364972049769,0.0170161102535684,0.0150559369959642,0.0162223232914182,0.0184773251918556,0.0157335700797429,0.0144493657939952,0.0135230205482566,0.0226318356248672,0.0178215443416525,0.0206420094147427,0.0157363360738624,0.0156930537037874,0.0128501694695395,0.019319119908332,0.0104497338397273,0.012777420926285,0.0188718824157312,0.0213650054720737,0.00951671218658177,0.0104429287186811,0.0172173301929145,0.0173514966961092,0.0155188713685563,0.0189649311917799,0.0132656880356896,0.0191917111701263,0.0153156647403017,0.0183679622428349,0.0171768368394306,0.0163133221800779,0.016976280713326,0.0197351880201593,0.0261038533241787,0.00994709148158362,0.0115280733378359,0.0225335210567764,0.0197577341185689,0.0129110663805555,0.023197004113829,0.021867484250465,0.0174224052945515,0.024093192218945,0.0194585230931511,0.0212735926497239,0.0185136990540032,0.012939576604397,0.0257177071309812,0.0200414398912495,0.0213801110793037,0.0194014518062738,0.0159378908563887,0.0168480847095679,0.0188313097912785,0.0122569992545416,0.0173647432374925,0.018526195423058,0.0283972280172805,0.0195966638851957,0.0197317656579742,0.0216567529523233,0.0155267697625714,0.0130509398106713,0.0226962275672645,0.0233294851283391,0.0196418763519787,0.0244105482235558,0.0104277633786616,0.0159466168477978,0.0158318756105859,0.0175138500974461,0.0170516223606794,0.0119754486222099,0.0182835908042869,0.0114355741707373
1736.22983237067,0.0161065643448177,0.0187930332736986,0.00882868737217505,0.00953933583906525,0.00875895093744,0.00677860007187234,0.00520134044291967,0.00784875028950578,0.0127665521301384,0.00754360916829707,0.0190630214998513,0.0160066641206795,0.00341457196828999,0.00996482598685823,0.00715758178227634,0.0105022171484129,0.0125326151031767,0.00910827557072749,0.0089140288737413,0.00883070972081925,0.0150835617158423,0.00778844109777736,0.00231426936546131,0.00349465238910815,0.0168363111390199,0.00308711823969034,0.00573632925704494,0.0202227728906218,0.0100187433902251,0.00497734053079273,0.00713509373537518,0.00811199327773848,0.0210980457778778,0.00730284906546473,0.0105736115270569,0.0156282169215826,0.00819544906491371,0.00442177258176171,0.0173403080853461,0.0132395337368342,0.00235515933301716,0.0116543095358862,0.013928393396438,0.0134166843199714,0.00817124491967337,0.0112556291782991,0.0122323109578634,0.0123640512919157,0.00631902034330355,0.00955767848012067,0.0135443692891121,0.00498433328225573,0.00649392795249215,0.0052750349442996,0.011601566192705,0.00982309036330976,0.015950461396596,0.0111741931389055,0.00870462789605635,0.00835784051484261,0.00551783165601884,0.0156212792616171,0.0135830462753413,0.0160307475735449,0.0114035245495489,0.00674200942751417,0.00983211927476263,0.00646949594403771,0.0127992967288995,0.00842612301351704,0.0179086649962731,0.00876878909425464,0.0114281522955057,0.00912018360878929,0.00827804117241388,0.00603228877147916,0.0155031804063101,0.0114746058092103,0.00744931428490425,0.00950636050997773,0.00662382876863204,0.00688440198816661,0.0130822590427045,0.0124094214968143,0.00497163083722347,0.0130180162477,0.00803990784682016,0.00532519750599333,0.00495363647160833,0.0160202390161307,0.00651800123540759,0.00949455863432811,0.00854789991551622,0.00624920811331802,0.00840385838756982,0.0057374013408475,0.00649520870574071,0.0104681086782786,0.0157345755449807,0.0102817180418994,0.0167161613481063,0.0111878730110223,0.00754466514968932,0.00700921648219795,0.0151181279139624,0.0131737883483605,0.00163141688456993,0.00441254582441426,0.021427169546383,0.0125230604961882,0.0108943216406874,0.00786567555572834,0.00816967091366417,0.0105655428414191,0.010863888975315
1738.81939848471,0.0166471006024189,0.0166949534961772,0.0181369766649022,0.0193431990582552,0.0227654572194327,0.0228987480142719,0.0212098449730903,0.0122987817967377,0.0112519461579692,0.0163249876173472,0.0223532571634334,0.021050131969811,0.0183424212267637,0.0186163720180817,0.0234327339634539,0.0121621862162989,0.0136025803483084,0.0189203567622682,0.0143396687343568,0.0153265604077859,0.0194498945809095,0.0220065592500273,0.0153354388131488,0.0100515616527938,0.02118404739495,0.0219835976737271,0.011074119520425,0.0148293405474583,0.0169655176735295,0.0224664942711497,0.0175578914807889,0.0172187516369332,0.0255005723497732,0.0148909932211379,0.0234268751741199,0.0124267519527998,0.020317114060507,0.0239146663639518,0.0200491878340394,0.0191933630303001,0.0212854934370591,0.0185177415842968,0.0187881858691674,0.0243174534869726,0.0200140641512776,0.00736236088567797,0.0160334474629879,0.0187752727352431,0.0166204303374794,0.0144375901378282,0.0200446151212564,0.0200846788360716,0.0161561408219515,0.0171264406953518,0.017672750370795,0.0163134409449462,0.0153542903023243,0.0204263356936165,0.0141594385793278,0.0165011374061059,0.0179065152485768,0.0183501764252796,0.0206396882766161,0.0127504005506104,0.0167928669525957,0.0196248937865678,0.0114800227885523,0.0206217283348139,0.0122548576189372,0.0204755783682198,0.0184461340758148,0.0174283794930303,0.0163296432560936,0.0206277610763963,0.0181318538435804,0.0222985454099603,0.0193106946402811,0.0175426413703468,0.0271006032071272,0.0198389120569836,0.0158260152410999,0.0200866105387284,0.0201896410316072,0.0135061101637531,0.0152653568452144,0.0277830682643391,0.0188470711099861,0.0139167079200146,0.0145794977267114,0.0160606471726445,0.0236666855675514,0.0100422808916405,0.015148042256505,0.0204923750380065,0.0122693682797689,0.0140203636067965,0.014172166367545,0.0268591408694529,0.0168567224773138,0.0163742638329784,0.0177584664045328,0.0166226844212818,0.0229104718319001,0.0155765072756624,0.0194972083486048,0.0212001505289787,0.0206545360565707,0.01713066486316,0.0198414187916942,0.0158131367143015,0.019660013205015,0.0175782550540023,0.0190510702248606,0.0121691658265515,0.0211089440390734
1741.40723054537,0.0166898782918573,0.0119419894420695,0.020390518319062,0.0210520678969318,0.0212195062731448,0.0148940437068922,0.0218778120056366,0.0162417267934599,0.0194077604102044,0.0142868261616802,0.0315570010262528,0.0189596614388335,0.0212049963588489,0.0186275604019575,0.022382792230356,0.0247440150294692,0.0173885360463059,0.0227986333814651,0.0171157351241056,0.0207755220274606,0.0205964416157886,0.016060743564597,0.0224152697071981,0.0193799728773136,0.020727214435868,0.0203499157824708,0.0153760103196496,0.0164617765870614,0.0137374450219997,0.0148671232181066,0.0225438701838429,0.0156361576878138,0.0239085215337717,0.0192560593965618,0.0261515503946823,0.016295737845881,0.0231426809694379,0.0239505298733977,0.0172983009689516,0.0235553775522758,0.0252106459017472,0.0169313005788789,0.0139371502013368,0.0232185551838153,0.0167856845643231,0.0156359636120444,0.0138829178956189,0.0246806291438911,0.0231576695115957,0.0242671366986247,0.0211519738117274,0.0201572044060211,0.0220853263717265,0.0214690064390197,0.0237776387852346,0.0168421950997209,0.0229373542860778,0.0187973031968898,0.0180038902512133,0.0170439502754979,0.0200675303481706,0.0264770892705,0.0250320345607582,0.0220728816936028,0.022753629209254,0.0169335193336066,0.0213920733100274,0.0255110900754955,0.0172892672381408,0.0249079266950995,0.0146526974506408,0.0196047525592642,0.0141277146581071,0.0162984147839644,0.0170772483069111,0.0233876136053687,0.0112667024232279,0.0192392575047187,0.022251050556236,0.0198451194241189,0.0142110409209528,0.0222959231191622,0.0185618392537608,0.0238304026792539,0.0185449570798283,0.0218075721568495,0.0118519691217125,0.0171801808236637,0.0129706480734584,0.0193546737323977,0.0135273749426207,0.013834522081,0.0212312436420142,0.0249274792200119,0.0249515110034214,0.0256498941416732,0.0224294514876045,0.024236051460775,0.0257133971104841,0.0258240378610312,0.0155880794103107,0.023173284809369,0.0185683980598956,0.0123347838506433,0.0195422216132034,0.0196183634180169,0.0185562114976569,0.0276831472065131,0.0259357084614429,0.0109305327028841,0.0246215661269919,0.0197780746518836,0.0174832914169861,0.0209090910980135,0.0243778444826005
1743.99333013995,0.0172955179613722,0.0120618822940943,0.00850101377349305,0.0162917862153205,0.0100330677246964,0.0112172934135099,0.0151573088992286,0.0126534219813461,0.0142112274276746,0.0144536696130863,0.0199479789106337,0.0141468371783388,0.00540253079957754,0.0110826900622866,0.0153993382029225,0.0183051066768924,0.0126205616899082,0.0207432527918442,0.0140233205555767,0.0111376815890432,0.0168966941285512,0.0161536741647546,0.0159501534597753,0.00957498830717023,0.0149284299103855,0.0144200115367476,0.0165047518855184,0.0143616634922681,0.0137652514592047,0.018224295292941,0.0160754433447772,0.0135502804635731,0.0212542324581155,0.0133431930353596,0.0160737432278685,0.0147853162396468,0.0122816281419509,0.0175231427812592,0.0129328130552862,0.0214514925366577,0.0119027197556431,0.011666341566891,0.00316468322104287,0.0172303675558352,0.0146689642696538,0.0046395825666446,0.0139422346856276,0.0101589729484542,0.0139964552974634,0.013371026712948,0.00764243530437132,0.00896735083936835,0.0135223365491635,0.00752866799297201,0.0156109909449284,0.0163140229497008,0.00828593737106348,0.0150185824411644,0.0136628996873104,0.0159841911251347,0.0141611467511755,0.0121062141605617,0.010572792692433,0.0188594824758652,0.0142152929367755,0.0175039343306106,0.0115847739223508,0.00910804440721946,0.00572369210542807,0.0129794929990488,0.0136203884665188,0.0169271551727845,0.012508168737355,0.014191977503368,0.0127738865777937,0.0174480311810886,0.00973904576910421,0.01270992463974,0.0141639630968649,0.0204297889580826,0.0245644678301779,0.00855059575153322,0.0147754029365918,0.019585736276638,0.00722123297258476,0.0164124210477266,0.0113759736134915,0.01136286590652,0.00710231867588169,0.0226822550676422,0.0205636030611624,0.011237111060758,0.0185383209586427,0.0157272886639902,0.0140643759963186,0.0196452146359435,0.0132324609206861,0.0221912253229255,0.0120531758239509,0.0170295940551787,0.00966422126199372,0.0135236883794925,0.0142602698797343,0.00643462128731456,0.0152533159620257,0.0111066571906822,0.00618553449151157,0.0135210790891531,0.0173178161829386,0.0115529145420192,0.0131688817604295,0.0155432988342114,0.011064704459975,0.00618827646113387,0.0195923696078355
1746.57769885376,0.0248270287334196,0.0197432044577329,0.0239087669999077,0.0229451619120007,0.0252146353637934,0.025289701799693,0.0206632191666674,0.0199052823210783,0.0283229011313002,0.0238805470216685,0.0228052147939395,0.0275661029143086,0.023734533970889,0.0268802521045821,0.0187559924690648,0.0216995264196943,0.0175455694770501,0.0241467893438297,0.0222308484895866,0.0252933441027357,0.0251595826474175,0.0206478400258907,0.0225533630004301,0.0266373456420907,0.0183011388066641,0.0252979585779021,0.0171322306073657,0.0257428411774964,0.0181235246148786,0.0177925104588977,0.0249590307763002,0.021683287326257,0.0268542101666978,0.0215736903571033,0.0252820609340384,0.0279239033442836,0.0245059804868303,0.0273715071980544,0.0157414772655365,0.0285877052825126,0.0197956525043374,0.0265790562749949,0.0216567757496301,0.0211204359165626,0.0239130963191909,0.0212530991940731,0.0243729086703453,0.0182835066641688,0.0260251609916745,0.0243597017106957,0.0174979655043617,0.0241681788622019,0.0141377550459129,0.0270217766070254,0.0300368376089166,0.0223583299409941,0.0257106412629102,0.022187326322473,0.0225061113016553,0.0220460284245627,0.0212487275351931,0.0213733028461271,0.0258244288173513,0.0271562106771049,0.0277781870120087,0.0170309322270931,0.0226619910170201,0.0233590788039286,0.0141536000164899,0.0267700697996275,0.0262599461155729,0.0229715726676903,0.029587337991811,0.0203284887536153,0.0254649108864965,0.0338141557574059,0.0168887727381,0.0249375457342491,0.0290095184715911,0.0259549298149383,0.0230160027007211,0.0201998809015651,0.0208872118643229,0.0213239608019445,0.0208673358974591,0.0312784412264443,0.0152573421986055,0.0232713119683032,0.0264846248583929,0.0314105553940837,0.0217402647925403,0.0193778659462949,0.0224868376978211,0.0218706740281576,0.0301084054548511,0.0252693409829448,0.0248368729823673,0.0337862996269305,0.0275788935977262,0.0304248326845309,0.0340653298144475,0.0212240479356378,0.0258892475060269,0.0199448377283031,0.0246471970563666,0.018161062203028,0.0253110563974308,0.0241425440941714,0.0240264324331336,0.0171333287380269,0.0209397607131667,0.0291294708233786,0.0307310644300147,0.0231910792976013,0.0256240723908291
1749.16033827016,0.0286797756917554,0.0301469384409007,0.0344432813419444,0.0274648712900927,0.0312934451266369,0.021142964915632,0.0277931268808458,0.0228681731407852,0.025870015809301,0.0300858978184999,0.027834702868679,0.039917606877059,0.0267017608733677,0.0297012797705854,0.0205190196183069,0.042549214690551,0.0337737145302313,0.0286694191801471,0.0336908349005149,0.0297625183908866,0.0323720031906304,0.0262680743054569,0.0286469174876882,0.0283999831817461,0.0276203088308964,0.0345856026333081,0.0274112105547791,0.0350055432736289,0.026812407353036,0.0299559693906287,0.0316886461639809,0.030385501151682,0.0275560965250269,0.0287523145707442,0.034523571645573,0.0281051118229142,0.0290811865366898,0.0356295286232426,0.0284708813909932,0.0249256609574326,0.0305082193278889,0.0335724617421214,0.0358516908267393,0.0255909121217377,0.0234806989440384,0.023560661812371,0.0217791725577172,0.0318251533403176,0.0315777628468615,0.0310115882494268,0.0338981928446691,0.0270311219261276,0.0282354397425104,0.0239225873624737,0.0334926869218357,0.0268010518325457,0.0306770357831722,0.0266609609751237,0.0297394054831588,0.0243245769892597,0.0310698250603174,0.0317471621868829,0.0319372378105487,0.0305683073138415,0.031148178892361,0.0241253537282277,0.0343220170005146,0.0343625170275242,0.0248359580022896,0.0274790944570465,0.0236584417243169,0.0192750100981577,0.030779918499674,0.032519046049804,0.0360016926940239,0.0246822297231131,0.0354171665428657,0.0305915210216345,0.0269876036486212,0.0298778905703987,0.0269261096524436,0.0313318226856942,0.0253887104946651,0.0355352342479874,0.0307523264283053,0.0368847564741719,0.0310628253347933,0.0271715185863639,0.0276575672462779,0.0251450549413076,0.0208074284259171,0.0238054582315835,0.0209632581617753,0.0307821118268785,0.0242302030438512,0.0314798295781461,0.0239058751026275,0.0426945611570236,0.0271883594739566,0.0294533600794293,0.021175879560257,0.032746284999286,0.0304235284540694,0.0275673395915854,0.0329831918807418,0.0289981645912203,0.024400479042271,0.0226992319693679,0.0291308907654579,0.0320487317845635,0.0232621318126162,0.031969269371132,0.0281795468464407,0.027114625687472,0.0203665945944909
1751.7412499705,0.0198398411917001,0.0239165590651696,0.017748823353915,0.0276834653071482,0.0218203832624624,0.0159561911779,0.019583079485154,0.0242438972166571,0.0186318827196033,0.0195027935481675,0.0232769694824468,0.0214243375541162,0.0253042281474563,0.0217142219073675,0.016891423134361,0.0215132351994728,0.0130048639282559,0.0202063840877234,0.0172859142385248,0.0229253415215466,0.0222675364626399,0.0215509204188616,0.0168509618595186,0.0208869348159345,0.0246100779884971,0.0157678880906728,0.0168839765984524,0.0163293655693684,0.0183431101166273,0.00938561378596916,0.0176641693095928,0.0176769126009298,0.0184278525773847,0.0175130582365382,0.0154536113308442,0.0158703968921729,0.0227143908735761,0.0152272896021568,0.0121217325569058,0.0196723855308415,0.0178610334694169,0.0183330660150048,0.0148942713724187,0.0175153653073876,0.0187661542284386,0.0126654697706276,0.0186752674958479,0.0168640202550612,0.0230597698736788,0.0158456852267786,0.023202209444269,0.0143289343840637,0.0186959856318085,0.0149312742439443,0.0226774432897176,0.0203782299285413,0.0226421567802201,0.0202539997233023,0.0118016895070713,0.0228199818073007,0.019323175505429,0.0190872137320537,0.0175801579687133,0.0154335013326327,0.0205577488484023,0.0140315878567752,0.0224222421574139,0.01915274443496,0.0178098298759173,0.0140137407770311,0.0172721480666834,0.0172413187597872,0.014988108696444,0.0201170615985552,0.0246884851946247,0.0155840347376388,0.0188649082219396,0.0181079605351304,0.0102792094449857,0.0251107868882941,0.0227321851513938,0.0232016344452974,0.0129351120432205,0.0157079558841286,0.0162766960371434,0.0184710014755735,0.016635781862822,0.0214552467715603,0.015450196007069,0.0178401492024755,0.0204437551920399,0.0180971553986349,0.0156195976259249,0.0173104074786261,0.0139952419583437,0.0134310027838936,0.0148116789785294,0.0195278039718422,0.0169320398769453,0.0224236319413597,0.0137291255541456,0.0242808621008113,0.0207343232135469,0.0110014135378125,0.0211529724546457,0.00987427870368344,0.0110482110088389,0.0212907859316535,0.0206159235481279,0.0141725178092693,0.0195878722287701,0.0202897802488635,0.0196922028041061,0.0212373299895947,0.027004949984589
1754.32043553419,0.0248193100620516,0.0360017598751243,0.0316236602338206,0.0366066632431941,0.0381783302643137,0.0285190086589676,0.0352626964747324,0.0326779038232999,0.0280253037703359,0.0415155464459925,0.0342549903215675,0.0332950492511028,0.0310919488113912,0.0305651139317938,0.0311986575098499,0.0315431548164846,0.0352029437063962,0.0389025653679592,0.0320321923489983,0.0344820827457495,0.0344283042701093,0.033790824703389,0.0393056400524907,0.0314796517921156,0.0372221333514555,0.0305333716094548,0.0299015885269327,0.0261968936924822,0.0303214034480349,0.025440731424926,0.0414218873139271,0.0323428782517168,0.0334469223405279,0.0312714439529262,0.0365277027459339,0.0431851404188111,0.0312009390168206,0.0419611136558841,0.0337072975759829,0.031783355270339,0.0330992906637256,0.0306936539009465,0.0291563810375596,0.0280695571947918,0.0264917380703273,0.0321382457978226,0.02975179391006,0.0374714249026433,0.0286799725738923,0.0313055717833238,0.034786539210423,0.0290936614508162,0.0317844806940293,0.0275222108563164,0.0355555503763242,0.0314272637749016,0.0320200069432405,0.0280691868376952,0.0256784285779147,0.0300731714306672,0.0297514545729699,0.0289927448713443,0.0323948154208896,0.0336691279997484,0.0342219373491565,0.0314177666438495,0.0325048283257823,0.0389719147361325,0.0357699071220414,0.0393835677819928,0.0294679236268985,0.0369628831837886,0.0250321274060097,0.0389435194700271,0.0298230032285018,0.0358539145576148,0.0369213373407314,0.0315404888376553,0.0295889027302367,0.0318273853917045,0.0321347701354383,0.0294400741405703,0.0312054591486421,0.0316098854820552,0.0262292322339925,0.0350793660337959,0.0254830463122595,0.0297122781074996,0.0284938917000852,0.032574147803744,0.0367204908067295,0.0311560510518414,0.0378414485150462,0.0388663781250014,0.0323386309503231,0.0390349283910345,0.029251862474091,0.0350359079244694,0.0287117331582813,0.032599046196235,0.0339031383926904,0.0315424506556457,0.0368535050298044,0.0240732442494381,0.0372008462397946,0.0261347357529578,0.031904819833478,0.0281670080082087,0.0345279229724585,0.0269685107394827,0.0312997174015859,0.0269706859811892,0.0329484056730897,0.0241362033098204,0.0266678809033787
1756.89789653866,0.0367252210513993,0.0357546250462432,0.0378993741856912,0.0347262523923548,0.0368349446289343,0.0373578669416116,0.0382532888682475,0.0406056986554085,0.0347754309883828,0.0423986768860303,0.0393877840705152,0.0418927379784213,0.0325152135508066,0.0383655832675942,0.0368608663081906,0.0345301749099121,0.0424077764909682,0.0370184263251442,0.03876467957605,0.0379727774444711,0.036321325014274,0.0444278157844229,0.0373535955359819,0.0371779857121427,0.043955434907997,0.0355920858398288,0.0360063346932782,0.0312567382563842,0.0315884809128548,0.0360690856298188,0.0362198072981218,0.0293510390988568,0.04411636818362,0.0396368551763045,0.0357083055248637,0.0429277221538627,0.0380759626108598,0.0427419791708763,0.0410453806306744,0.0347212498087242,0.0299911988469311,0.0335449556942132,0.0374977803939503,0.0392045943108871,0.0293960375365881,0.0279295579748322,0.0370538982183654,0.0290379236940727,0.034334194780744,0.0391513927016021,0.0371806687046453,0.0352862353430032,0.0309194850254611,0.033143892593411,0.0424159691789965,0.0310660952830698,0.0354572314065298,0.0381010768596258,0.0395895020605638,0.0406317775792741,0.04075356017968,0.0346408798464796,0.0391502514761339,0.0355441325084354,0.0355407100705525,0.0369977308613017,0.0321966871981449,0.0358589842574037,0.0332494218482688,0.0369170874509646,0.0384247319733172,0.0425996382294078,0.0395020874921432,0.0391976251274257,0.0388219093963731,0.0349719961528067,0.0334030669242348,0.0378491499712844,0.0423905461653513,0.0336708410906526,0.0377736933181365,0.0324050021374719,0.0347131343480738,0.0367294317091283,0.0427209159538544,0.0369616115023279,0.0305811871027059,0.0337144044675329,0.037278827812831,0.0355349999569979,0.0401740917068999,0.0362203015873947,0.0298136584960432,0.040226574950086,0.0304069875478931,0.0387234448690494,0.0289710537045033,0.0391499854991569,0.0388763685877846,0.0345009537157898,0.031932941273712,0.0399207121138816,0.0387494972025066,0.0339490947679879,0.0369044950228308,0.0311810679962801,0.0370653550708304,0.0383782565551972,0.0441054333014784,0.034328220367164,0.0348221422046862,0.0309907914409976,0.0359272350350035,0.0336258784109756,0.0355310215335854
1759.47363455937,0.0407110285157938,0.0462957729386096,0.0365761104687407,0.0334222565907912,0.0360632694041177,0.0381781675482548,0.037567177796973,0.0404627845389328,0.0442365739975804,0.0416889277505292,0.0488315368347934,0.0417032644889142,0.0400240487329078,0.0353583983826522,0.0398451339832087,0.0364629905644941,0.0394495261830564,0.0395089519729724,0.0417755879205387,0.0425776091922911,0.0382489030755212,0.038177228326263,0.0386943511837891,0.0412678390344684,0.0464227151958001,0.0385199416579274,0.036801402107405,0.0379641781021948,0.031277279957247,0.0358094689000921,0.0408998197050909,0.0403315121747254,0.0411199742222783,0.0431521261622132,0.0440144084643125,0.0383743873324478,0.0427907762521518,0.0440986959983906,0.0324882590909013,0.0328188616509165,0.035273453265093,0.0396103404119227,0.0399186104140775,0.0328715742803458,0.0339522798350487,0.0369918180619296,0.0329644502677656,0.0351751332021089,0.0427349521567046,0.0339204307645205,0.043949681994191,0.0490437673396356,0.0360058280019012,0.0366448572079551,0.0421584302807052,0.0361882328008505,0.0291522415205704,0.0405270547944636,0.0370969753583414,0.0365026414579015,0.0399089137720825,0.0376411451266455,0.0346091223338147,0.0390930532029017,0.0379701616578871,0.0399204871382349,0.0330206440118021,0.032233048521163,0.0357543569814046,0.0404967578837316,0.0501435462680976,0.0336086921071013,0.0347921898262388,0.0433173146723628,0.0440258390754891,0.0411861804319985,0.0461260860216325,0.0469461247508867,0.0410513508325189,0.0377293279477794,0.0320539596642121,0.0409177090523439,0.0377071486654465,0.0353934115473885,0.0353945053708621,0.0334115382605053,0.0367945938999337,0.0398953088980276,0.0444878713987266,0.0379935846866707,0.0425901768121419,0.0402481688209114,0.0410923505530949,0.0449021834042785,0.0477224244293274,0.0367903963079785,0.0483993758892245,0.0432989846480561,0.038625636042954,0.0447461117073259,0.0446015996223245,0.0348053053975954,0.0412287028242133,0.0454734523214362,0.0442861470812647,0.0421531408440675,0.0357515577616379,0.0315755311187423,0.046617821739603,0.0477409096962586,0.0372828238518027,0.0377403306091292,0.0400261672235013,0.0316760162588061,0.039036577721211
1762.04765116983,0.0473816530090056,0.0434295076090076,0.0451025074076225,0.0462422925563955,0.0423127073644377,0.0427905927602897,0.047517967976223,0.0462979281197594,0.0467713771996496,0.0431852312517593,0.0438779017153792,0.043755358273211,0.0470186857981342,0.0437688340737108,0.0401516067119762,0.0406082302572026,0.0370617341581141,0.0409493252628718,0.050722221585817,0.0472167186730116,0.0353312165908335,0.0472464912868999,0.0455005518327191,0.0415588535492281,0.0397863527836996,0.0322824392007364,0.0456456474805968,0.0490089988880793,0.0455046421767224,0.0383154067270641,0.0390500689414349,0.0454486943576884,0.0408985222045652,0.0391039402008015,0.0464715385117541,0.0398100717031729,0.0404060226760182,0.0395345956488743,0.0453876649111524,0.0406990226862791,0.0383629877291316,0.0409379321397717,0.042373546287644,0.0391523837699643,0.0374634900396681,0.0416763281486987,0.0446881489830936,0.0397307994380062,0.0495425985965371,0.0401956949495559,0.049125150039714,0.0445472507473075,0.0400501147332336,0.0385639605120566,0.0430361909510086,0.0457039270410244,0.0413466186321666,0.0348015566051485,0.0368308166705798,0.0356792112073067,0.0342380691564603,0.0347749243040608,0.0392756671845911,0.0421300491208491,0.0382810100996331,0.0444915285093998,0.04265863124895,0.0395771257968978,0.0371856404129113,0.0484832600224988,0.0422577853014263,0.0349697388852908,0.0410962279984692,0.0469246300548462,0.0405109668346835,0.0425456378602365,0.0367344693244845,0.043412839615378,0.0446537825959084,0.0407315929500287,0.0404736805998088,0.0395413398895023,0.0418317482040561,0.0373369878646816,0.0411126831793265,0.0462967161393632,0.045744828485281,0.0364603182045685,0.0420729875886044,0.0447803637717014,0.0445045937196273,0.0443102777799457,0.0435959515778557,0.0353967631904299,0.0420185375036592,0.044278520792812,0.0421768433445341,0.0480272821438616,0.04776071498712,0.0461641712242914,0.0459448384702989,0.0416294480695545,0.0415493708317984,0.0392690750867874,0.0467889508647243,0.0408401384402876,0.0398974095794971,0.0369077609331217,0.0431575469382958,0.0480581965585123,0.0321026529908974,0.0407513445236889,0.0409035088015366,0.0439665468630273,0.039880609703123
1764.61994794158,0.041360306912124,0.0422111693001189,0.0454849569741458,0.0455496657611215,0.0432223276960013,0.0469005467373878,0.0527320887655682,0.050006301422355,0.036490403785146,0.0485157862484945,0.0501843903662106,0.0535634600042623,0.0529492827335629,0.0457085146998823,0.0475445163132363,0.0447883877522836,0.0470512769588598,0.0478496517416485,0.0436078611578616,0.043250213653625,0.0427505383218478,0.0492544235627288,0.0452804647458627,0.0468131951937747,0.0519980391456445,0.0412304098542604,0.0384935322146114,0.0455638588740198,0.0479467661272766,0.0435870473826832,0.0470827066066507,0.0489915388909332,0.0445482007110059,0.0459439817800151,0.0425450325285153,0.0472349213092098,0.0484845404550865,0.0485402733041798,0.0429414501732414,0.043739191825145,0.0498431694627968,0.0380580084109224,0.0454040535615844,0.0482022352286257,0.0345355750577083,0.0508076577496136,0.0406678593223088,0.0480891988215766,0.0504174861016935,0.0421350411898136,0.0407700696748333,0.0443885905737758,0.0505839932995574,0.046982006347543,0.0467000202086981,0.0394502712944069,0.0486870104263562,0.0520301265802624,0.0376953005576471,0.0452498998443846,0.039402076191707,0.0475007828204478,0.0493729646945092,0.0501202355684443,0.0407793050485334,0.0437148043727553,0.0441011308196003,0.0431276623088037,0.0419792184440338,0.0455750498100858,0.0436806798191614,0.0417956201897125,0.0446899625441529,0.0511142453953162,0.0425022514762392,0.0352479331731345,0.0484464715214112,0.0470735139369049,0.0493815243504827,0.0454039462627194,0.0402475848568459,0.0459183299858804,0.0459910117878457,0.0393153013625435,0.037649653514645,0.0406294135928411,0.0412178851678364,0.0411018066968152,0.0407652246456184,0.0489183618707807,0.0325249022460463,0.0435896140849444,0.0455839384843418,0.0488907094061274,0.047877201719021,0.0407591732225389,0.0491056487834932,0.0462600522821388,0.048130810287205,0.0420786036941487,0.0413720567696746,0.0441594133155609,0.0446470682863929,0.0481700060381959,0.05151048747145,0.0384901520250538,0.047875719379762,0.043925532959632,0.0561171273450244,0.0434867430005536,0.0390195510020692,0.0427190236669635,0.0456148976137659,0.039900426161573,0.0412983614345542
1767.19052644422,0.0380240647310124,0.041027849266575,0.0344520189352257,0.0378473115294113,0.0420169055508547,0.0263502652743506,0.0426071221809835,0.0369991005030204,0.0310625473171992,0.0310892729758859,0.0420937902896571,0.0402477060847217,0.0358162548847613,0.0341305949495789,0.0321893071060411,0.0424706490971887,0.0441948192447803,0.0374252301514314,0.034918395311233,0.0376982723829164,0.0361071716363406,0.0371046582010421,0.0429223616848576,0.0351259663236203,0.0438182499526625,0.0377665509871172,0.0356504450447583,0.0389253959239444,0.0477365905722504,0.0352404887517674,0.0414740114915769,0.0418464672120915,0.0427528002499069,0.0403366270304953,0.037048306688004,0.0373729864731085,0.0379382775773768,0.0375489965052406,0.0311919354856044,0.0451890002567688,0.041306564770884,0.0352117884438772,0.0371012173112335,0.0365028214598787,0.0354177282466884,0.0318458938956542,0.039402824803089,0.033868225939899,0.0383076016877806,0.0408311867128463,0.0373329069621386,0.0361962592765802,0.031026019751189,0.0333474832552204,0.0454471646836645,0.034865726053914,0.0321648986250858,0.0447362430113457,0.0347591523727415,0.0395880314388452,0.0375800494386413,0.0377301725168264,0.0363033514289991,0.0422968781483185,0.0373916240578961,0.0316706071682029,0.0367995936428922,0.0368699627012587,0.0440360197408016,0.0465274780415649,0.036409893642391,0.032908176495201,0.0417307116860205,0.0339957857096855,0.0406990045033101,0.0361332193904492,0.0364234560980392,0.0348002200212673,0.0323359466015812,0.0430228047321583,0.0411409958366675,0.0280721861312785,0.0320999848352698,0.0272668143294129,0.0336790999413778,0.0377305175926693,0.0372661763586322,0.0361276941948724,0.0341261870918394,0.041283797507238,0.03450782248218,0.0359453661670537,0.0415502396060746,0.0350814855879294,0.0356570899388538,0.0389314814405095,0.041314050837422,0.0412628174992935,0.0358858757689727,0.0402439762961667,0.03412895430238,0.0396897035896488,0.0384575885369218,0.0355746691349916,0.0311530881006507,0.0426019548074104,0.0309369533675983,0.0339297814467104,0.0396196604625993,0.0362151036394874,0.0361028079839373,0.0414874798083752,0.0416776902045763,0.0331372640134174,0.0346630529404497
1769.75938824539,0.0288892501289969,0.0248245161063398,0.0299975948360441,0.0366828458611021,0.0231108937170999,0.0171083446092587,0.028806041780495,0.0337527158007553,0.035306694452753,0.0272656070629501,0.0340385184850443,0.0374454090076484,0.0319193220910801,0.0307182708330575,0.0315151140135843,0.0249445568992486,0.0306391900959728,0.0340885484608758,0.0251904793015766,0.0327210494565577,0.0327522648795492,0.0315410141228234,0.0286501437771886,0.028402361489379,0.0286853839540647,0.0262200227197185,0.0248265209520468,0.0301696130381665,0.0292947884563811,0.0263831247655271,0.0326184050569554,0.0299107445079285,0.0311283060748452,0.0277089511902813,0.0299815068539603,0.0270048623905201,0.0235859111855223,0.032006775655726,0.0178293059315891,0.0277180096112979,0.0289066632045008,0.031339146196787,0.0223370800671077,0.0248380434687809,0.026085082469637,0.0233980377398509,0.0267468313712176,0.0277575824929971,0.0273174201653555,0.0319139941414201,0.0295896501430959,0.0258872949912736,0.0265653591038401,0.0197476775753387,0.0337757053519528,0.0292256997666748,0.0238236034266787,0.0281999077236777,0.0291183926113613,0.027417781927681,0.025531952505,0.0322862670759448,0.0302835329309764,0.0268575866267843,0.0318857805516111,0.0315003274647612,0.0322768457690963,0.0262722124455077,0.0306032830046898,0.0333065635159494,0.028082992336067,0.026227661974789,0.0256309260307021,0.0349723397013917,0.0323658376798219,0.0218429323087963,0.0282171152679665,0.0313731883401626,0.027320155476334,0.0281359915630483,0.0290488068380059,0.0301087627233119,0.0259163845717849,0.0271517062735059,0.026490689445628,0.0244797284893883,0.0236208944063821,0.0226103911396723,0.0259118369244057,0.0299273491709657,0.0258111486774145,0.029941518530377,0.0248875492186608,0.0300559496022001,0.0267660868417116,0.0343785583620271,0.0253603000057827,0.0352126420921634,0.0242267525619322,0.0306904768406859,0.0312477025175369,0.0265970864623819,0.0273681243811731,0.0197840795090117,0.030485317657524,0.029072959654233,0.0189158465139622,0.0316696174118688,0.0335346381629832,0.0256963301362599,0.028835289831306,0.0365178525955037,0.0285493111768595,0.022584454413057,0.0280625762484264
1772.32653491077,0.022439825581301,0.0296262107184505,0.0255786494654883,0.0263413573071261,0.0209004579763666,0.0288380697526331,0.0261725675643908,0.0310816566293377,0.0304834189278565,0.0245632262622501,0.0212079744522879,0.0313710021389146,0.020908886792128,0.0235460114693074,0.0189420879963802,0.0275971134641844,0.0235579610042693,0.0286173172669933,0.0230083890821769,0.0277786880354078,0.025637124478499,0.0200082685330878,0.0274476964346921,0.0271901476652915,0.024875583756635,0.0195779981790547,0.0225866956034218,0.0316689896220881,0.024854894669244,0.0208380456089958,0.0309102979348028,0.0298036437116156,0.0272115315138313,0.0227137835161038,0.0240188146328476,0.0247915600193073,0.0273809266874675,0.0292067488761017,0.0275716368757766,0.0319449231058452,0.0198847604212758,0.023259421147712,0.0233059244779636,0.0181305066162836,0.018405101047036,0.0282218521917641,0.0195668424153661,0.0211428001953666,0.0315513925072625,0.0241241820865258,0.0316479708624347,0.0177650323926537,0.0269808236444884,0.029885967427616,0.0298426222220993,0.0263449648440463,0.0252925697651772,0.0209753555153889,0.0284442651727329,0.0256420825664792,0.0221590142744274,0.0252681485383243,0.0226803566905533,0.0278483497071612,0.0221089734038956,0.0319025678608946,0.0261434457149669,0.0255514388338289,0.0172064523906037,0.0266790294038567,0.0268830601685865,0.0277275831854739,0.0298782298933613,0.0266809084632786,0.0251624111041141,0.020081729740155,0.0292298481228826,0.031285879883032,0.027791783644747,0.0225529642144694,0.0267565708130408,0.023359503593173,0.0219600200286051,0.0292351094473641,0.0323474361514682,0.029304821482368,0.0300081028966652,0.0268202989758575,0.0204146753639615,0.0357805117687334,0.0246489308073584,0.0303953691305563,0.028082688706981,0.0250659558304493,0.0228510833524358,0.0282048121574277,0.0269303809538713,0.0319192723548161,0.024704174088812,0.0305887401068052,0.0294828932550248,0.0292325022729668,0.0294753433464095,0.0239435565975136,0.030398851302263,0.0273622042626241,0.0253736948924881,0.0239457485078659,0.026939100945772,0.0261551766680725,0.018313692041216,0.0240372346129102,0.027396366594399,0.0235407242274127,0.0258105362716609
1774.8919680041,0.0372342723886696,0.0393025303415798,0.0348269485802461,0.0382530989755288,0.0369980467360446,0.029865905934601,0.0394779865578712,0.0414136845231323,0.0438990933965036,0.0468603171269386,0.0415537724607279,0.0380160591175265,0.0363346630581571,0.0380915241064134,0.0351540212207947,0.044984332019843,0.0320746433609849,0.0383715550261456,0.0412484651881755,0.0347513708031817,0.0402461587120945,0.0407185492800002,0.0436601559912447,0.0397038547083146,0.0474398062358814,0.0378622732220537,0.0342745873757024,0.0385823180541095,0.0387148226608699,0.043727587036228,0.0423675650373082,0.0399170010559075,0.0386749053920897,0.0389185567759265,0.0405526589273311,0.0361462624734343,0.0405421347823446,0.0421426821658528,0.0362504287046999,0.0410808811790973,0.0393064871008501,0.0417205288323903,0.0437971356910244,0.0371640757362472,0.0377308139059203,0.0281171253893202,0.0358179821366377,0.0350221152540709,0.0385327709654343,0.0431373040054018,0.0397098318172911,0.0414140191979208,0.039266089253192,0.0379044158420819,0.0446521929511845,0.0327630246160474,0.0333133137602787,0.0399796750048916,0.0436956250655362,0.0397135834775126,0.0382619887664881,0.040816662911741,0.0415521704101059,0.0376183584381958,0.028514367826131,0.0339538077862014,0.0414448750379016,0.0412694205382674,0.0404409563178438,0.044132645921743,0.0409931795717937,0.0395802174023756,0.0336117155193222,0.0403156115559436,0.0409731706659183,0.033565877835879,0.0437836068476792,0.0334371059956796,0.0408386882563913,0.0371785079812669,0.0440295990808482,0.0348392827973196,0.0333838232173876,0.0356805050378354,0.0393233793464985,0.0456457215475664,0.0375114536370256,0.0412517752064226,0.033194632485102,0.0363019754599273,0.041735369864161,0.0469413741633683,0.0390221273209469,0.0397952912867949,0.0354394525043764,0.0452561980690385,0.0438384092163951,0.0411789618993689,0.0428185682596796,0.0416005708183598,0.0369485434166022,0.0454315815362479,0.0425858737865832,0.0421323826430686,0.040175086432929,0.0342561300804358,0.0362070417324184,0.0366072177938522,0.0493255559812395,0.0436098925716326,0.0418205870492042,0.0433933802394256,0.0414753753443082,0.0420163757679583,0.0408474569978437
1777.4556890872,0.0462305770293475,0.0436376092216775,0.0522899974315041,0.0491165885334004,0.0525934974192766,0.0513288434675591,0.0459269561250364,0.0588053069867458,0.047176801031423,0.0534558277010854,0.0549864825444277,0.0595864515412586,0.0495971777281108,0.0635134499610644,0.0427221062302487,0.0569630792031637,0.0588727388713124,0.0611814350396718,0.0563044925083715,0.055259254926757,0.0521796914138938,0.0478176261995632,0.0588214350941872,0.051705364225635,0.0576760948355354,0.0486054383288768,0.0545468700628436,0.0509097447851685,0.0526091411264717,0.0448075116539619,0.0544078320065494,0.0463123373927408,0.046885878116369,0.0475607529788638,0.0496339819349718,0.0469952129280587,0.0531906845737272,0.0475344858977681,0.0471615546944414,0.0562091945302986,0.0515233017485642,0.0496132282339987,0.0491663462910336,0.0469347271779946,0.0570912127987376,0.0545209898247873,0.0444872411543671,0.0510896448477844,0.0547713877354219,0.0512598144491448,0.0429234344048924,0.0538025398578885,0.0413647709793879,0.0513451115032864,0.0517946398775279,0.0495699210636586,0.0533170273970788,0.0519248113665788,0.0480237803160525,0.0489128906816656,0.0462994530191322,0.0521089562093256,0.0518263693751513,0.0496098057922396,0.0537933054234484,0.0489557260015613,0.0529411551070522,0.0460861411104031,0.055949024498509,0.053971232766422,0.0480467967591974,0.0465807832528963,0.0549477081433067,0.0474189387830658,0.0502544579763583,0.0470852127801057,0.0502695025424009,0.0537963933042098,0.0484691342476072,0.0518391714147017,0.0477749550984352,0.0601376925589647,0.0508713871074911,0.0567638886896423,0.0468765684102918,0.0478083690783719,0.0515358078916087,0.0487488800812197,0.049765156845319,0.0534966417091333,0.0556424954903746,0.0490710233604947,0.0549529100049213,0.0501863215307657,0.0491617081934431,0.0612391890525424,0.0520382192910789,0.0472092399509824,0.0428182577366674,0.0581872578162316,0.0471536997384644,0.0578783552823668,0.0507968625457283,0.0404403111607385,0.0549005707388814,0.0535041995200242,0.0497886999036389,0.0504050007978726,0.0564556069802579,0.0539882159884128,0.0467221046231934,0.0482317159702751,0.0523336815404628,0.0457752557034325,0.0602331125071982
1780.01769971991,0.05048935542964,0.0533852947876936,0.058338402227699,0.0578481741513032,0.0547884408039688,0.0513533317516897,0.062483712061629,0.0454334721786651,0.0622687568213161,0.0595450226585768,0.0604371878503942,0.0569308996031415,0.0562966334552599,0.0510250652861036,0.0524954620574187,0.0580893627209979,0.0540421204120435,0.0536473994116107,0.0585194532768428,0.0569023630793042,0.0527623674177849,0.0565904417787757,0.0522929247397955,0.059361439431282,0.0604223509241299,0.0518076298757971,0.0572206204371501,0.0508997953516979,0.0531074090892711,0.0524769724234535,0.0533545810047562,0.0495258960014979,0.0556807409739191,0.0497258963424461,0.0592850358037268,0.0551733400196179,0.0554477140639151,0.0562103263677279,0.0526151342682215,0.0567499339776167,0.0593204033259782,0.0580704767862294,0.048074826048645,0.057287528783757,0.0532912163566788,0.0489718212003221,0.0537361227614572,0.0451169422292714,0.0591109126154108,0.0550472799501003,0.0483426869703857,0.0474001472978417,0.0526437233742861,0.057279151931773,0.0490692795387134,0.049518448631837,0.0483727538639972,0.0617222797437155,0.0469082314743192,0.0565116537590049,0.0500517639006662,0.0666556178482012,0.0588989058881441,0.0594508659351211,0.0565016319234091,0.057534406527757,0.0556941407085821,0.0465633813187951,0.0565226252562937,0.0545554655496275,0.0605912347511303,0.0579609924490224,0.0494193659595038,0.0556527152142026,0.0546477400531537,0.0546643939694826,0.0562508439370565,0.051063774395698,0.0566805628130697,0.057266138219698,0.0591506596670101,0.0512899218468564,0.0508574282851524,0.0508411847135251,0.0550071483671025,0.0565669515456475,0.0504624538683348,0.0621788281634342,0.0513473205954503,0.0508689627342711,0.0486922365790483,0.0614054866170667,0.0604577729511996,0.0578794951345139,0.051392929673983,0.0579336544689625,0.0531694765623771,0.0587179086666084,0.0615552841933348,0.0581934750050516,0.0530664804312556,0.0627850623750314,0.0557535939497658,0.0473952759069865,0.057104851839738,0.0476134224012932,0.0541849906650402,0.0598394779118856,0.0570678754088868,0.047989580551016,0.0522078795060702,0.0541836315129958,0.0550868599525211,0.0544871196574933,0.0483815727601793
1782.57800146015,0.0584945687007145,0.0491890722473706,0.0551533676021362,0.0601128111461732,0.0559440936252075,0.0562447882804105,0.0520394422056797,0.0628960992400173,0.0677584474842662,0.0602439041392328,0.0595096188538147,0.0664438452517527,0.0591831457153756,0.0532079103474095,0.0563375003716353,0.0581627708708836,0.0594431585113677,0.0569993155963433,0.0602331900748584,0.0629009288309497,0.0669363924703351,0.0664912596692384,0.0555760163874926,0.0566483386467436,0.0589038973246807,0.0626205267803982,0.0588607773583135,0.0573800877102269,0.0552520168535542,0.0629131754295611,0.0561670243268427,0.0490217195565063,0.0661556837627477,0.0530118202142963,0.0588098119111056,0.0552677449606565,0.0566435464967999,0.0568009276309919,0.0608506309129224,0.0540764435051096,0.0576848379457296,0.0527787873902463,0.0610929075650062,0.0611123963869122,0.0549204200779057,0.0522827037860099,0.0597561367886441,0.0526394093847594,0.0569762267222689,0.053953559872933,0.0624789039642855,0.0587840969638951,0.0505085903686249,0.0594776529943115,0.0513318475950124,0.0527717904566781,0.0559548407274326,0.0622780085302418,0.058978937080561,0.0586932565238637,0.0570795003608222,0.0501233233051851,0.0611511822560406,0.0583977356304099,0.0657043293689877,0.054846471605145,0.0557396657395096,0.0618394049715438,0.0538058725479214,0.0606406875879164,0.0578965132764446,0.0514566200536829,0.0565530479696152,0.0540718296831305,0.0557944878106017,0.0579332418015606,0.0563255158761341,0.0648875142887149,0.0578401960363807,0.056730947866652,0.0569989751635202,0.0507478610065674,0.0563594859344733,0.0530667533268744,0.0490786745079652,0.0604412223830511,0.0575318094937709,0.0579521303401943,0.0540376112935701,0.055790857631344,0.0664195172081214,0.0593238785033074,0.0582899699005994,0.0612346537215425,0.055856163223719,0.0629462141831255,0.0581624771655942,0.0637320897149987,0.0561275848600457,0.058789861938047,0.0509005526817851,0.0547405591534965,0.0612948733820807,0.05707655909895,0.055523375063672,0.050863380523445,0.0569903153636905,0.0660107492603571,0.0582625261319664,0.0491394579811412,0.0527953464929746,0.0590932389746627,0.0540768960229764,0.0495752553335941,0.0619071837682349
1785.13659586393,0.0485065739197283,0.0493303819805136,0.0525498155735123,0.0629553291676132,0.0490739109987288,0.0504349300933204,0.0580647826953234,0.0566198688164299,0.0572210184436428,0.0593514034605915,0.0554110944452299,0.0577968631198006,0.0593568528974137,0.0510894613660787,0.0537059181116505,0.0609943445928523,0.059512576723257,0.0489949860046955,0.0587633046765699,0.0575950351999875,0.0578310405158414,0.0535012488767075,0.0523771084254572,0.0534234787678242,0.0520458233294679,0.0464121900998577,0.0455744331537124,0.0552887861903546,0.053133652136788,0.055909274936281,0.0584687780770524,0.0517692649166111,0.0585821001403172,0.0536198254890364,0.051952109947055,0.0548568369186513,0.0606201677796855,0.048765038926522,0.0548402698027783,0.0541462579862568,0.058313993116137,0.0507026040160347,0.0606133764047895,0.0523931293292088,0.0544270365553017,0.0523202065847873,0.052753793680783,0.0580432129385016,0.0635567424275461,0.0523490856393327,0.058744957395491,0.0551427167102807,0.0591679088329072,0.0579407605753012,0.054180835826764,0.0582401966133253,0.0521668368473165,0.0519550194570221,0.0535516475315144,0.0609103576635582,0.0495617826547238,0.0556217993868048,0.0553458600494778,0.0579269924089509,0.0571808384232086,0.0516554368916186,0.060210962048702,0.0525445067800336,0.0594428789253839,0.0563788738621384,0.0536010208906803,0.0531334160938474,0.054938867211504,0.0558107399127146,0.0504122041993964,0.0443977104037455,0.0558959269021719,0.0572716449777489,0.0601263137560054,0.0507789806769348,0.0532552639817735,0.0529984414930117,0.0520327758229759,0.0591140670981493,0.0643275236308795,0.0610713841417759,0.0522061060146826,0.0553695439135686,0.0524707245985747,0.0505513267089137,0.05418274326883,0.0503197054723147,0.0561583557281792,0.0613454812878902,0.0641983058374348,0.0608173917800919,0.0588197584171945,0.0530000474704594,0.0589869851141755,0.0610843405223094,0.050933638764302,0.0586369276167958,0.0570016357024828,0.0576425757553442,0.0577996740797623,0.0605761367784812,0.0506105707932768,0.056819472247831,0.0627704820700486,0.0497785893311974,0.0550639098636956,0.0564925812205133,0.0574448841303625,0.0479775343989625,0.0549795499849727
1787.69348448529,0.0502188787429373,0.0495078909230869,0.0494373640843554,0.0436161393251708,0.0470765474637614,0.0521765413502976,0.0492823357327557,0.0471375221074349,0.0429712026678149,0.0552396227795199,0.050279876666887,0.0513929695034379,0.0546179356773104,0.0495485476550965,0.045143314549982,0.049707422719253,0.0488838268488783,0.0518768999628138,0.0503543848233367,0.0501648679482632,0.0552684905480269,0.0492819416759279,0.0464982220629682,0.0485917556834063,0.057049213665203,0.0486373685199267,0.0467508821730916,0.0510811708845756,0.0467524597745195,0.0494878764910799,0.0465833329499791,0.0550881705838254,0.0559770173315668,0.0488365989007733,0.0494082239423823,0.0474451135348635,0.0520103840239407,0.0407652278796344,0.0450206727795811,0.051543715315825,0.046725731700633,0.0438900563281587,0.0520495878747132,0.0524605550553665,0.04102274488369,0.0408115886565042,0.0490519675476715,0.0462529345044077,0.0501014985025621,0.0540580008482583,0.0474503483618029,0.0553026063369872,0.0517236083532164,0.0521299120769389,0.0482628769975997,0.0528450830432565,0.04515545513312,0.0471247163445387,0.0470645830981047,0.045169813469611,0.0431596591974282,0.0520364935873838,0.0463393221453299,0.040550900233759,0.0438490238951486,0.045808773349321,0.0553907105302287,0.0432849925682124,0.0429377070042169,0.0548859021730502,0.0438862010976085,0.0499587265749903,0.0506156983727267,0.044998974950531,0.0483489774670126,0.0488243941126214,0.0544219979644424,0.0513443901736769,0.0591773924265478,0.0508602689173205,0.0484621818959015,0.0486693516552578,0.0455499117901937,0.0527582531448582,0.0514231163899643,0.0486172513517704,0.0469163354051995,0.0506783197520829,0.0445006287657423,0.04803135087722,0.0548383252207088,0.0434921895439033,0.0447025130024779,0.050557375801486,0.047326961309438,0.0515473394621726,0.0518624269195275,0.0510122116910466,0.0519827004096902,0.0490143477352378,0.0445110841219119,0.0468767432830623,0.0554867622282514,0.0544760740990628,0.0535607300777839,0.0505066428867204,0.0464372880214961,0.0515149900324139,0.0623995645243413,0.0444361214151533,0.0535310053515983,0.0528499102374973,0.0543363762797109,0.0486013455847453,0.0448526738682939
1790.24866887635,0.0482547067823213,0.0502594315072529,0.050723543920973,0.051408146831374,0.045652645681647,0.0485855536073525,0.0532588892663989,0.0457961570661797,0.0512445287148359,0.0533355403759514,0.0489268635505266,0.0494380264611946,0.0477165144515153,0.0469590857322984,0.0474657450831575,0.0509783982221227,0.0415104614728417,0.0466578444364178,0.0446637294635684,0.0470905944292839,0.0532844827028138,0.0390945742154998,0.0531469889938636,0.0503677006964759,0.0470377497510237,0.0433221505229008,0.0388789542956646,0.0458332427023449,0.0425552582244624,0.051295011038956,0.0473170891830819,0.044503858123872,0.053408394354862,0.0506015069972611,0.0490390665052259,0.0492718467419193,0.0516700250321093,0.0447124525234227,0.0467720358576876,0.0522263479778151,0.0468716778264585,0.0455946369731336,0.044604141598008,0.0416249661906641,0.0395211621638247,0.0486424481883298,0.0442980785627227,0.0377284152203292,0.0540413230558095,0.0448770309963926,0.0486713156996267,0.049581738751098,0.0416249458289114,0.0398904185188993,0.052835354816298,0.0360416588138783,0.0463260253043339,0.0445129892654237,0.0499286613059626,0.0469130954793927,0.047593824136982,0.0511696770183994,0.0492399779080636,0.0439778521729365,0.0467002898875311,0.0475318190603999,0.0500582409273705,0.044997064065955,0.0486484446389042,0.0457786403364112,0.0522099546673957,0.0403036028527908,0.0507203622629565,0.0418854036133164,0.0435867722924023,0.0462250565546311,0.0481222961589591,0.0504099043003646,0.0506319124702823,0.0498869322435664,0.0458749306243064,0.0454792352578141,0.0478716970948597,0.0486019771040441,0.048854406081124,0.0520532875052973,0.0508506515531439,0.041197969005235,0.0440776279285339,0.0503778791155405,0.0496367941562518,0.0506167364856858,0.0575104991687948,0.0491009017129555,0.0409218181058997,0.045626661817897,0.0427557085592658,0.0528706711787823,0.0472155042785873,0.0469510442665064,0.0408287577374534,0.0481399774930765,0.0518149856269103,0.0454241608733219,0.0471743416062031,0.0517207810654468,0.0428432757646961,0.0445976842534827,0.0500499114025022,0.0396774076090145,0.0460036996793253,0.0438533081978491,0.0485506304658955,0.0476221895508735,0.0503980855289851
1792.80215058734,0.0595818299787386,0.049972097056049,0.049320060330782,0.0554432888440329,0.0555511013749807,0.0514726381181017,0.0471990997407431,0.0542169083894439,0.050987005344487,0.052011256917705,0.0534903117409362,0.0557921802915592,0.0458026474973024,0.0557889623900259,0.0487394837128673,0.0560968061723922,0.0481259996004924,0.0512403319638559,0.0529581511424718,0.0494523598211626,0.0497102908953594,0.054054756293643,0.0489691980072421,0.0505370747803615,0.0558759150793982,0.0472415821147288,0.0465387927147003,0.0486899112216462,0.0469888590731902,0.0542310749920821,0.053558330089012,0.0468215121355494,0.0590966858545983,0.0496889333308687,0.047635938489791,0.0543828363533063,0.0563062353794302,0.0486960445943065,0.0469116056009673,0.052403236807822,0.0409276322714409,0.0521055483189335,0.0507275458320771,0.0532498575341513,0.0412916554705192,0.0460305325992669,0.0526386230034178,0.0502374057052033,0.0520499973842774,0.0439263090579632,0.0510134620663453,0.0498140255003039,0.0530804381733122,0.0449256588577748,0.0524926289983451,0.0503359021073185,0.0529631678524534,0.0490313534360204,0.0440621625855619,0.0519638157727257,0.042343255444421,0.0551673344882521,0.0494792909134447,0.0567315690265746,0.0528170796835924,0.0460613533526695,0.0540902709005682,0.0451043919580284,0.0482970585868837,0.0574746283662347,0.0545691415426936,0.0437173754569047,0.0503122293676236,0.0492064795791025,0.0580100326665374,0.0480075800891161,0.0483417094931021,0.053366997535452,0.0546627375887307,0.0593089981361643,0.0530887838121649,0.049492767103682,0.0491336836820624,0.0515128858273361,0.0539110522207036,0.0571658225293347,0.0548211898365333,0.0585601593005922,0.0512018624803098,0.0490038399330261,0.0460781377556693,0.0561715499743969,0.0450265302037842,0.0531488266943679,0.0493743365973559,0.0552023375210929,0.0457089290131196,0.0547659762837385,0.0512858786544377,0.0493557086847878,0.0485415954457165,0.0488985587311961,0.0564056607435766,0.0525556400976565,0.0593869746716236,0.0529707562972569,0.0533898383731129,0.0454173008189517,0.0573986497949512,0.0486329936049692,0.0533164387386237,0.0505242406998765,0.0438869013928679,0.0472257245612166,0.057058002062098
1795.35393116651,0.0704141943104336,0.0749925948041975,0.0741260974180376,0.0703529689998814,0.0654858737559705,0.0688905730154681,0.071922936578913,0.0659159516231803,0.0700404155782312,0.0697181311063375,0.0741264016099382,0.0759698709107182,0.0769261241324671,0.0695334151281007,0.0712050740695052,0.0726845795773943,0.0692672594215206,0.0753894428223787,0.0666536656209806,0.0772303807372247,0.0678614486278988,0.0685060306925114,0.0703543395971181,0.0649811679909327,0.0738883351341488,0.0685126989773605,0.0724022911080891,0.0704098739119027,0.061665074346462,0.0681266411250654,0.0757014691428755,0.0706188903332143,0.0708499584192927,0.0672640028248069,0.0665912700416554,0.0687325766750307,0.0725051691806763,0.0705823790512604,0.0712560421728546,0.0677803633050161,0.0728975980128432,0.0618325320905926,0.0687959875247969,0.064363889502296,0.0689901456759741,0.0704797509973888,0.0702651190314254,0.0654740264736878,0.0690814466754667,0.0686871078270037,0.0696696518018033,0.07267446375536,0.0704892799081559,0.0650809410875336,0.063190840044109,0.0613963219607105,0.06615323690773,0.0688655800407498,0.0661768977303648,0.0706818923872673,0.0711505856666394,0.0699306746417004,0.0724177093655947,0.0662427858272112,0.0778084342228251,0.0656150851433178,0.0658408534685764,0.0605580141313089,0.0618447640859845,0.0642890630590757,0.0667842562710373,0.0650874889541983,0.0724483936667985,0.075718561139972,0.0642635354414077,0.0634069446932056,0.0669653502160369,0.0684758397393321,0.072905641859635,0.0774909202624403,0.0717314200712432,0.0667746267253145,0.0657770052535203,0.0701444674596899,0.0703878717783438,0.0688751705059892,0.0680161079289625,0.0679167485895547,0.0680196589888102,0.0766481532102395,0.0688048322007764,0.0713968053842238,0.0656166227706054,0.0659819063293606,0.060059609427718,0.0703361972648185,0.0738384096445081,0.0746578071286031,0.067494142978452,0.0733989716552779,0.0644041974710695,0.0729622951593684,0.0730975938821238,0.0704880587987504,0.0678145883520642,0.0697895777931706,0.0645159700515007,0.0693733292312367,0.0817151600251763,0.0707559366766657,0.0601177825596186,0.0701678176881506,0.0729091019467237,0.0583396527147676,0.0718419448221906
1797.90401216025,0.0579516829906854,0.0564974027203465,0.0553478997838971,0.0544111563809825,0.0491226656703622,0.0589658140150058,0.0606344618920717,0.0576591940944783,0.0575403673808752,0.057614873196023,0.0589860750688273,0.0586884079340721,0.0602381300842932,0.0562101058202512,0.0530235071176228,0.049022626009621,0.0512674536803248,0.0578032710259168,0.0637535733754414,0.0521245300881724,0.055685142665289,0.0524248376295458,0.0510413595651704,0.0602949616946125,0.0580728102627549,0.0476117853564357,0.0598286958813825,0.0577384404048416,0.0500528953620534,0.0503833573616824,0.0617753476081695,0.0590694442479399,0.0612673277672712,0.0609968976432007,0.0599117863069067,0.0517234045536151,0.0596532899712668,0.0556901198083693,0.0544402771875376,0.0571977492598655,0.0503179206297468,0.0541005026851034,0.0549626493143688,0.0476201945370724,0.0530311734724972,0.0524979766773149,0.0563709132797739,0.052210475582326,0.0557707291908207,0.0536053332230714,0.0568914827428905,0.0476985067729594,0.0551181928399221,0.0583370273215828,0.0535683573043485,0.0501499232406429,0.0484221887908064,0.0581763140110327,0.0549042567084202,0.0458161079385477,0.0497711586142775,0.0520065770997864,0.0603202233235051,0.0495588032372003,0.0517036075818442,0.0534526773371936,0.0534856277521682,0.0519882536537854,0.0532508962029245,0.0602107180733061,0.0517594559934324,0.0495677534211061,0.0457622595405435,0.0546557444949085,0.0492168493026712,0.0576568594415974,0.0548328186125073,0.0566391489070623,0.0513851213069863,0.0515452727052056,0.0551471625135767,0.051565320103828,0.0506709755742533,0.046086821971876,0.0511226859506716,0.0549270546229059,0.0520620961747527,0.059081451053108,0.0516075897040175,0.0485121733880093,0.0540683701331069,0.057755401876578,0.05871256883127,0.0586215925954222,0.0559613991090682,0.0579006413231785,0.0544588513373853,0.0608446274767807,0.0479880096218354,0.0603690117448028,0.0532565914816088,0.0575604063922427,0.0486981346167224,0.0486251068043054,0.0582624737772329,0.0486157912371009,0.0512692843051344,0.0592683639624781,0.0574609924860101,0.0502421579729893,0.0554424586911735,0.051578390906565,0.0580070566942479,0.054191607113271,0.0570072750055561
