Wavenumber (cm^{-1}),Spectrum_OrigIdxInItem_1,Spectrum_OrigIdxInItem_2,Spectrum_OrigIdxInItem_3,Spectrum_OrigIdxInItem_4,Spectrum_OrigIdxInItem_7,Spectrum_OrigIdxInItem_8,Spectrum_OrigIdxInItem_9,Spectrum_OrigIdxInItem_11,Spectrum_OrigIdxInItem_12,Spectrum_OrigIdxInItem_13,Spectrum_OrigIdxInItem_14,Spectrum_OrigIdxInItem_15,Spectrum_OrigIdxInItem_16,Spectrum_OrigIdxInItem_17,Spectrum_OrigIdxInItem_18,Spectrum_OrigIdxInItem_19,Spectrum_OrigIdxInItem_20,Spectrum_OrigIdxInItem_21,Spectrum_OrigIdxInItem_22,Spectrum_OrigIdxInItem_23,Spectrum_OrigIdxInItem_24,Spectrum_OrigIdxInItem_25,Spectrum_OrigIdxInItem_26,Spectrum_OrigIdxInItem_27,Spectrum_OrigIdxInItem_28,Spectrum_OrigIdxInItem_29,Spectrum_OrigIdxInItem_30,Spectrum_OrigIdxInItem_31,Spectrum_OrigIdxInItem_33,Spectrum_OrigIdxInItem_34,Spectrum_OrigIdxInItem_35,Spectrum_OrigIdxInItem_36,Spectrum_OrigIdxInItem_37,Spectrum_OrigIdxInItem_38,Spectrum_OrigIdxInItem_39,Spectrum_OrigIdxInItem_40,Spectrum_OrigIdxInItem_41,Spectrum_OrigIdxInItem_42,Spectrum_OrigIdxInItem_43,Spectrum_OrigIdxInItem_44,Spectrum_OrigIdxInItem_45,Spectrum_OrigIdxInItem_46,Spectrum_OrigIdxInItem_48,Spectrum_OrigIdxInItem_49,Spectrum_OrigIdxInItem_50,Spectrum_OrigIdxInItem_51,Spectrum_OrigIdxInItem_52,Spectrum_OrigIdxInItem_53,Spectrum_OrigIdxInItem_54,Spectrum_OrigIdxInItem_55,Spectrum_OrigIdxInItem_56,Spectrum_OrigIdxInItem_57,Spectrum_OrigIdxInItem_58,Spectrum_OrigIdxInItem_59,Spectrum_OrigIdxInItem_60,Spectrum_OrigIdxInItem_61,Spectrum_OrigIdxInItem_62,Spectrum_OrigIdxInItem_63,Spectrum_OrigIdxInItem_64,Spectrum_OrigIdxInItem_65,Spectrum_OrigIdxInItem_66,Spectrum_OrigIdxInItem_67,Spectrum_OrigIdxInItem_68,Spectrum_OrigIdxInItem_69,Spectrum_OrigIdxInItem_70,Spectrum_OrigIdxInItem_72,Spectrum_OrigIdxInItem_73,Spectrum_OrigIdxInItem_74,Spectrum_OrigIdxInItem_75,Spectrum_OrigIdxInItem_76,Spectrum_OrigIdxInItem_77,Spectrum_OrigIdxInItem_78,Spectrum_OrigIdxInItem_79,Spectrum_OrigIdxInItem_80,Spectrum_OrigIdxInItem_81,Spectrum_OrigIdxInItem_82,Spectrum_OrigIdxInItem_83,Spectrum_OrigIdxInItem_84,Spectrum_OrigIdxInItem_85,Spectrum_OrigIdxInItem_86,Spectrum_OrigIdxInItem_87,Spectrum_OrigIdxInItem_88,Spectrum_OrigIdxInItem_89,Spectrum_OrigIdxInItem_90,Spectrum_OrigIdxInItem_91,Spectrum_OrigIdxInItem_92,Spectrum_OrigIdxInItem_93,Spectrum_OrigIdxInItem_94,Spectrum_OrigIdxInItem_95,Spectrum_OrigIdxInItem_96,Spectrum_OrigIdxInItem_97,Spectrum_OrigIdxInItem_98,Spectrum_OrigIdxInItem_99,Spectrum_OrigIdxInItem_100,Spectrum_OrigIdxInItem_101,Spectrum_OrigIdxInItem_102,Spectrum_OrigIdxInItem_103,Spectrum_OrigIdxInItem_104,Spectrum_OrigIdxInItem_105,Spectrum_OrigIdxInItem_106,Spectrum_OrigIdxInItem_107,Spectrum_OrigIdxInItem_108,Spectrum_OrigIdxInItem_109,Spectrum_OrigIdxInItem_110,Spectrum_OrigIdxInItem_111,Spectrum_OrigIdxInItem_112,Spectrum_OrigIdxInItem_113,Spectrum_OrigIdxInItem_114,Spectrum_OrigIdxInItem_115,Spectrum_OrigIdxInItem_116,Spectrum_OrigIdxInItem_117,Spectrum_OrigIdxInItem_118,Spectrum_OrigIdxInItem_119,Spectrum_OrigIdxInItem_120,Spectrum_OrigIdxInItem_121
380.958441887711,0,0,0,0,0,0,0,0,0,0,0,0,0,0,0,0,0,0,0,0,0,0,0,0,0,0,0,0,0,0,0,0,0,0,0,0,0,0,0,0,0,0,0,0,0,0.00158742540530782,0,0,0,0,0,0,0,0,0,0.00281761498875537,0.00869065540215879,0,0,0,0,0,0,0,0.00186539308250396,0,0,0,0,0,0,0,0,0,0,0,0,0,0,0,0.000639780039389429,0,0,0,0,0,0,0,0,0,0,0,0,0,0,0,0,0,0,0,0,0,0,0,0,0,0,0,0,0,0,0,0,0,0
384.515243875205,0,0,0,0,0,0,0,0,0,0,0,0,0,0,3.56616772098863e-06,0,0,0,0,0,0,0,0,0,0,0.000261894428117879,0,0,0,0.00200693188250728,0,0.000271447183801593,0,0,0.00572930298974505,0.000416196655285353,0,0,0,0,0,0.00440430274165456,0,0,0,0.00380349526517689,0,0,0,0,0,0,0,0,0.00065141539547575,0.0193993288024792,0.00617280434635979,0,0,0,0,0.00164169060864552,0.00500658042011909,0.0036568808711885,0,0,0.000924087038019673,0,0.00149766502962583,0,0,0,0.000616274936540554,0,0,0,0,0,0,0,0,0,0,0,0,0,0.00847350901856446,0,0,0,0.0047056343556587,0,0,0,0,0.000178417115311484,0,0,0,0,0,0,0.000540982737762044,0,0.00374911583780554,0,0,0.00153698424980158,0,0,0.0032818393274985,0,0,0,0
388.069349005981,0.00545210231135414,0.00501652829547588,0.00590827194061778,0.00879030456725726,0.00509566275541072,0.00347568050265816,0.00527822058142716,0.00456206161673962,0.0206086024386492,0.0143410569422996,0.00519460218010506,0.00192301163145205,0.011145040673222,0.00907713538753981,0.0116924717946806,0.00126353650488079,0.00478433825448128,0.0109203446683689,0.00419579640185704,0.0183934197293291,0.00969881667415771,0.0162046553180698,0.00866500738172261,0.0144403392147283,0.00839635127768125,0,0.0128100176584806,0.0111748039968843,0.00197867390404222,0,0.0116165821454658,0.0144160962908792,0.0061456845923597,0.00679420145531597,0.0149603035108129,0.00807346711802558,0.0046041968077053,0.00360529845307169,0.00922120325974543,0.0145696898034449,0.0140842778715507,0.00433776529156103,0.0126436895417764,0.0081698691246091,0.00438416854404039,0.00429054259334606,0.00664276824447552,0,0.00223610616165208,0,0.0131666090009474,0.00898635745819912,0.00332417528033021,0.00651055084156907,0.00339035616537426,0.027316063027134,0.0171175932108763,0.0122054179701594,0.0022097394451302,0.00833720579028924,0.00780508054168394,0.00210853959709869,0.0153964046907569,0.00424142164734247,0.0127417618871997,0.0158396643002426,0.0100328762510829,0.0199870870315062,0.0102852756901571,0.00785758107600766,0.00348364076539992,0.000684198700180867,0.00166673123147499,0.0103466568399279,0.0170255760254098,0.00363472488726954,0.0168566389090558,0.0122616671339644,0.00578935165189845,0.00419815724502789,0.000998522129164671,0.00274777279480141,0.0159741477368772,0.00841926948113465,0.0035256727958888,0.00278385875710057,0.00834344308553474,0.00626759534445631,0.00606002464176257,0.00832837933164801,0.00176386611729621,0.00454054154589382,0.00106640205331048,0,0,0.0078550869549132,0.0031994694705734,0.00144167636245209,0.00748688999040776,0.0178779593317753,0,0.00687716912474939,0,0.000955349808816268,0.0164419751181244,0.00524652070501488,0.0116776329371143,0.00808196363296446,0.00674082122860097,0.00266381561027605,0.0102595668115348,0.0085382344055363,0.00867197498783744,0.0122398754297631,0
391.620760167868,0,0,0,0,0,0,0,0,0,0,0,0,0,0,0,0,0,0,0,0,0,0,0,0,0,0,0,0,0,0,0,0,0,0,0,0,0,0,0,0,0,0,0,0,0,0,0,0,0,0,0,0,0,0,0,0.00356221386413376,0.00327926487474508,0,0,0,0,0,0,0,0,0.00305635539008484,0,0,0,0,0,0,0,0,0,0,0,0,0,0,0,0,0,0,0,0,0,0,0,0,0,0,0,0,0,0,0,0,0,0,0,0,0,0,0,0,0,0,0,0,0,0.00232530655846541,0,0,0
395.169480244544,0,0,0,0,0,0,0,0.00497291126962989,0,0,0.00285050884903698,0.00743936431671262,0.0030837349247696,0.0072252042179468,0,0,0.00455663958131685,0.00079283016120064,0.00903609857312553,0,0,0.00513771619355547,0,0,0,0.00232210021821387,0.00326028083889581,0,0,0,0.00562111602056229,0,0.00017314486244765,0.00281156869680697,0,0.00492394233905521,0.00259324593405799,0,0,0.00422600639429515,0.00429486700084862,0,0.00414257266174412,0,0,0,0,0.00112365716194384,0,0,0,0,0.00525629538116615,0,0,0.0217564204632926,0.00571609683360153,0,0,0,0,0,0,0,0.00535481428591098,0.0043828703629949,0.00969909509186465,0,0,0,0.0048203918988676,0,0,0.00390948983867105,0.01172976949056,0.00503298391236818,0.00166917787715307,0,0.000643940427083966,0,0.000675131217532544,0,0,0,0.00878061143009887,0,0,0,0,0.00188820412485507,0,0,0,0.00446507369487933,0,0.000168352084431159,0,0,0.00213197021122561,0,0.00291386426443989,0,0,0.00137212607917226,0,0,0.00747394359367615,0,0.0068525740089702,0,0,0,0,0.00960512001573985,0.0027575215366234
398.715512115511,0.0498324311108014,0.0481415061492498,0.0442592172928913,0.0436559932826649,0.0498451879230304,0.0497301119807339,0.0435956586001534,0.0477337535293745,0.0379052401560835,0.0512385725884556,0.0377017222015295,0.0502668845312896,0.0439646134603806,0.0450152172477944,0.039283989756097,0.0542864131442509,0.0406604860336258,0.0390657417709903,0.0402903914079128,0.0426620204126573,0.0412785602084552,0.0414212407890837,0.0401661238512113,0.0479271663148819,0.044115799091135,0.0474365714198265,0.0525357724312102,0.0514203297417237,0.0484333018451025,0.0437131213548261,0.0461995398932213,0.0391479750141113,0.0479045563141448,0.0502927953548916,0.052379594239081,0.043648325536378,0.0404727454094907,0.053324880058513,0.0447014773734566,0.0420783421354982,0.052339067873655,0.0507347042477815,0.0432349116837226,0.0417491108911908,0.0500101024124345,0.0417062790312413,0.0560483963080859,0.0496943327572428,0.0440078244259815,0.0402824011833722,0.0468005047119364,0.0414692669889342,0.038505178296847,0.0478296958012917,0.054480637077166,0.0634942207887303,0.0429887663315107,0.0402331108369861,0.0484649592480635,0.0466526258426403,0.0489546252305132,0.037757198559473,0.0452590006218522,0.036355431230302,0.0441899896062162,0.0560335639679568,0.042178925207196,0.047543903072588,0.0436917494245856,0.0434793929820143,0.0414160001056742,0.0455301334107117,0.0410762352671581,0.0519128762592452,0.0473123896491857,0.049336482643487,0.0498580179409472,0.044636143525713,0.0430488639012768,0.052138593078209,0.0522032712248934,0.0481729991529597,0.041001836594699,0.0481056574899522,0.049634048488637,0.04807882870204,0.0367717009145948,0.0416969545973191,0.0461231244593808,0.0482134532752272,0.0478357965524456,0.0388087653428899,0.0421522884589183,0.0368709904907941,0.0519600722497255,0.0508285486208534,0.0529209237875619,0.0526868567673945,0.042190856547099,0.0369666645364013,0.0383103317452868,0.0464872363149482,0.0460893074023349,0.0456012686602021,0.0399141240043579,0.0574900041256294,0.0468769168291317,0.0464094131019262,0.0399845198601262,0.0573165213519897,0.0431733873770336,0.0519625613730227,0.0446678806252991,0.0500944176587604,0.0382527207485284
402.258858656118,0.00276698078986507,0.011594663937712,0.00456000701109661,0.00470146620259658,0.00644283983785136,0.0112647291601649,0.00786053642614733,0,0.00777554367125221,0,0.00293122985463855,0,0.000213296326992189,0,0,0.00447000653237812,0.00145005933747734,0.0114037593046064,0.0115418875393047,0.0112944812580535,0.0049704248555759,0.0039449408732741,0.00200644057112065,0.00264721353598924,0.0180597436150607,0.00259636783598469,0.00730945764827211,0.0088418776601681,0.000300812480239052,0.00830728060249808,0,0,0.00051351783573005,0.00526209060860276,0,0.00553952654858409,0,0.00342212794471868,0.00606458548737274,0.00479697073480998,0,0,0.00103516186227392,0.00119510394800907,0.00642043369820712,0.000815875770686208,0.0129135298961543,0.00396017354587803,0.00781431548606709,0.00600005862239723,0.0026645169943001,0.0115957267257931,0.00259602961663201,0.0120984327243553,0,0.0194983946666609,0,0.000885497784161955,0,0.0125657356968687,0.0152175987994319,0.00808630532874507,0.00450992253071461,0,0,0.0114542915361249,0.0025179822703607,0,0.00888468051844506,0,0,0.012023806429176,0.00111234684006544,0.00399081522797634,0.00134473227271121,0.00462974578993454,0.000103123825596553,0.00391676871347266,0.00682868320074938,0.00183056417703178,0.0057253516455161,0.00297750737575608,0.0015513410092583,0.00807659137908199,0.0116837050212567,0.000984700200435003,0.00694859850446481,0.0120523124860876,0,0.00244232301412503,0.0166460495636216,0.0128319254205534,0.00468652313179125,0.000935125373090941,0.0036299143037394,0.00298046051268948,0.00275968015470294,0.00118505277156249,0,0,0.00966855940087289,0.00253374442287149,0.00335270871532681,0.00719885975666005,0.00871643299810239,0.0123956578171281,0,0.0133693618238219,0,0,0.00629641048051076,0,0.00267421221697604,0,0.0131162718161101
405.799522737568,0,0,0,0,0,0,0,0,0,0,0,0,0,0,0,0,0,0,0,0,0,0,0,0,0,0,0,0,0,0,0,0,0,0,0,0,0,0,0,0,0,0,0,0,0,0,0,0,0,0,0,0,0,0,0,0.016300827208197,0,0,0,0,0,0,0,0,0,0,0,0,0,0,0,0,0,0,0,0,0,0,0,0,0,0,0,0,0,0,0,0,0,0,0,0,0,0,0,0,0,0,0,0,0,0,0,0,0,0,0,0,0,0,0,0,0,0,0
409.337507226919,0.000674059779000748,0,0.00965100966183264,0.00542614058351628,0.00502745188074449,0.00913493715547825,0.0114167326329942,0,0,0.00747666346890056,0.00850807336951274,0,0.00679151036160667,0.000425318725404037,0.0139771163697778,0.0028450978053303,0.00260930917078677,0.00540965091919326,0.00291152708089173,0.000435954283650961,0.000213062692385784,0.00788794492346205,0.0102713145908652,0.00699231554091441,0.00210190766811433,0.00385443261333653,0,0,0.000366109804481839,0.000749246457632356,0.00474667706309881,0.0105743081470749,0.00501912906168007,0,0.00186884638529107,0.00880836766573948,0.0020943982482256,9.7667665237273e-05,0.0104059440744236,0.00137393526352346,0,0.00215758132429838,0.00663937475940698,0,0.00426513338546654,0,0,0.00666651430310725,0.00139502645158242,0.00377502894848194,0.0031809042773582,0.00543089191559732,0.00760871032726981,0,0.00289611155892183,0.0136415946229508,0.00442428037867484,0.00466450812557464,0,0.00865712410575797,0.00582972472567165,0,0,0.00248173341751589,0.00666797151699261,0,0,0.0074424352123663,0.0032505953659006,0.000953346579053408,0.00207631696204198,0.00475329188425542,0,0,0.00570023770121291,0.000201805711278206,0.00225852605484102,0.00556938865738045,0.00305933223191728,0.00295186131463247,0.00514211664774085,0,0,0.0091070718945853,0.0111267299935026,0,0,0.0141927468449322,0,0.0138279348618807,0.00758058972857763,0.00175969677930161,0.0036023277046744,0.00463244683691284,0.00243146729508677,0.000626084639696157,0.0125950139723099,0.00280860493328389,0.0103518815327372,0,0.00181966336377545,0.00180672079919674,0.00217975468483337,0.00786004772106387,0.00705956441867636,0.00512868845792242,0.00252778726624499,0.00553564687760564,0,0.00316497901359669,0.00218422223555388,0.00596771509116203,0.00523789742958616,0.00394856495912024,0.0116465897686313
412.872814987094,0.00537150659895202,0.00585657438097279,0.00835153970362481,0.0105931247734984,0.00535356791641456,0.00607903563726552,0,0.00850769737125042,0,0.0137805321849856,0.00485124771240814,0.0204214472917098,0.00231764784598451,0.00393200029364606,0.0041703439916528,0.00308629156567801,0.000118242753296734,0.0166432794085575,0.00212317777535321,0.013832969901424,0.00271718925280624,0,0.0047076687078498,0.0110393801486928,0.0105526842925439,0,0.00215354332410318,0.014588682215691,0.00503351844423332,0.00802245480837589,0.00862984365806659,0.00398567585619409,0.00211894962309028,0.00841685726258672,0.0037089214824196,0.0123424908490026,0.0084701068706342,0.000318177604433128,0.0078035917358812,0.0125916928234813,0.0144790657098203,0,0.00524619187038796,0.00477408769607277,0.0153387466933509,0.00901719813912103,0.00477250684006402,0.00906743420637403,0.00441518586864967,0.000143357517352558,0.00881085288344746,0.0134827019999329,0.00449152713249577,0.00247125502803674,0.00372335032797236,0.0235988970989604,0.00162356082647295,0.00760690817670347,0.00850001682227584,0.00609926987439676,0.0021853575364161,0,0.0101411972557037,0.00961566989497146,0.00361850759041891,0.00538336151573121,0.00629944017869315,0.0148094322997909,0.0073497355614501,0.00951154230904258,5.33611878651317e-05,0.00605607693067694,0.00200456625718172,0.0041432610223539,0,0,0.0134644065087835,0.013462240715143,3.47064690004791e-05,0.00541096773301337,0.00480237770642889,0.0193280077006248,0.00277935641822894,0.00481411306418974,0,0.00121888565620869,0.0152804783562325,0.00828525957761,0.0102477764709986,0,0.00384149250103196,0.00519092211488711,0.0113778732828174,0.0127385428095483,0.00703102856229135,0.00751325245353344,0.0105390221635686,0.00524261359871047,0.00721923021221301,0.00798364498511472,0.00090685478574507,0.00794144911139031,0.00726216511565528,0.00713533488707837,0.0141874955319224,0.00964034512332685,0.0065768117373217,0,0.0112954378919526,0.0100328830013051,0.00727548454145445,0.00945776714956299,0.00647134487861389,0.00734683875024305,0.00767249266504014
416.405448876898,0.0133467109911434,0.022054977369905,0.0156951534541213,0.0205811835873133,0.0180919232164333,0.0135320333504546,0.0219683583069,0.016675720445345,0.0260583870839198,0.0173186366648457,0.011907070760323,0.00943259269851326,0.0159025958170021,0.0139131242386604,0.0178335001943283,0.024239185273392,0.0129810981156352,0.0223531327145489,0.0293612663473341,0.0222738507883507,0.0205339531836775,0.0143348318638046,0.0167985473184109,0.0150550005191675,0.0173241338495157,0.0200604460205843,0.0210581635111985,0.0224910580572975,0.0201379203130123,0.0223030476829462,0.0197963334930267,0.0108677843768727,0.0104678509714978,0.0212593303335346,0.0198485083008138,0.0230795674064327,0.0243369474770198,0.0214778378537409,0.0235128519585939,0.0149423157359067,0.0146429380134314,0.0113277396316505,0.0148758638412073,0.0179259072300716,0.0225858461482244,0.0160163899605114,0.0225123814042339,0.0218500448078113,0.0210528805325642,0.0145988181455711,0.0203707619689341,0.0147914999033088,0.0163933394817724,0.0182682382368227,0.0224194370159541,0.0179908268699914,0.0156614036903276,0.0237288233958075,0.0136585451835094,0.0168256690858193,0.0111337000777758,0.0152028077235056,0.0113995654970419,0.00426002326454348,0.0208644651741481,0.00479769592651998,0.01736638305598,0.0210401270561418,0.0169885397405793,0.0124765485330656,0.015847068885754,0.0217325705465968,0.0193616431385163,0.0109651610287699,0.0209419524709109,0.0106580128313874,0.0273888073402633,0.0185866551869761,0.00953097809162168,0.0228625018690962,0.0154390221764539,0.00919592354589136,0.0170981744886455,0.020645521837116,0.0248620481474878,0.0251264179036663,0.0137968039853104,0.0189745999776259,0.0125761493610709,0.0179622201852935,0.0264953799586811,0.0064050891267475,0.0180419005046612,0.0218637259257218,0.023750437106613,0.0188443284973883,0.0173158479701721,0.0193422826552586,0.018960473418295,0.02186407896828,0.0216672660276872,0.0216813624653526,0.013946035064506,0.0179628477282071,0.0170142214236998,0.0195822934723383,0.0205007727310953,0.0170200514187814,0.0258944948211988,0.0135126682065389,0.018423296645797,0.0118149178438122,0.0257701830301832,0.0156056812897912,0.0180174914265624
419.93541175101,0.00860001664178978,0.00186942633228385,0.00945036351962562,0.0100453375835428,0.00753311525995194,0.00874670889488701,0.0112916637363729,0.010702242604443,0.00776818893094386,0.00770407606811251,0.00818514274998827,0.00812271661700211,0.00444845815016626,0.0141040756982427,0.0208322928762128,0.0133929225183058,0.00602999482387119,0.00935888513932639,0.00540019071056067,0.0126283550582673,0.00214627322810357,0.00987417774568116,0.0154581930004632,0.00805660640853525,0.00593902866198667,0.0130343819071095,0.0113703070655895,0.0089071289611602,0.011516151528526,0.0111045047930037,0.0121244292351515,0.0072157331959204,0.0112630499750456,0.0132753434290888,0.0216255301009538,0.0220978402007939,0.00487779774839478,0.023289424688037,0.00472673628185046,0.0106348186788985,0.0125552727993096,0.00879098678735544,0.00402006635631372,0.0202788301431733,0.00865741059107718,0.00320905116240647,0.0110925926420252,0.00993649828910879,0.00489763784472666,0.00596162600616549,0.0161814930465197,0.00320639893244418,0,0.0118135930057468,0.0175871175159929,0,0.00772960854344352,0.0111944661551004,0.00945386508351043,0.016422865046086,0.0156590569919282,0.00703807569553435,0.0214968868490989,2.56581104903243e-06,0.0166518658591075,0,0.0177790680580744,0.0101216181381333,0.0121078474200795,0.0187456802952893,0.0154326979606245,0.0102273827683911,0.00464508521817067,0.00722320543089483,0.0089614131081265,0.00415923252945148,0.0148785044263316,0.00616588125173286,0.00207613898674991,0.0169092793410058,0.00622905876253916,0.0136498559351617,0.0237632893199182,0.0118085608140494,0.00671861016475098,0.0137110849240495,0.0128289204237797,0.0179912743682277,0.00837237801289833,0.0103919834677181,0.0114454394751681,0.00649507854963348,0.00956127176415435,0.0125662577190344,0.00729555650174053,0.00720301621914058,0.00688560322135299,0.0133558581350178,0.00803479254578933,0.00982442653499713,0.00566185449307435,0.0113892925621789,0.0216870162119353,5.04834877891733e-05,0.0134053051051619,0.0158389431303941,0.00852488219355414,0.00604391847705609,0.00204781845265397,0.00912987611127496,0.0134887554276411,0.00973859463997265,0.00939061880482716,0.0113308464543216,0.00228310993111747
423.462706459995,0.0391310043701238,0.0411366521740072,0.0286582542354999,0.0296760003157092,0.032652160734648,0.033334266816198,0.0417101566861483,0.0300904386237119,0.0303665652880002,0.0242984649861494,0.0417835238818928,0.0364227331683312,0.02967604064421,0.0424561164527761,0.031073468556548,0.0289702274855052,0.0292696289074168,0.0358744544479162,0.0298224767064846,0.0335885082450582,0.0363393287405118,0.0306595208064854,0.0371323071065448,0.0328769470143296,0.0296743677761039,0.0355771696495135,0.0351540204275598,0.0409506012640102,0.032066403067937,0.0296543083025654,0.0383804392224308,0.0280370429010129,0.0222331848973968,0.0244114831671638,0.0365999688978,0.0366672674964058,0.0335649863780313,0.0350028313768243,0.0281547132059205,0.0272801688169291,0.0398428858167372,0.0453998772740165,0.0301681086956402,0.0285218440451939,0.026685414926866,0.0333065169828316,0.0348143529649678,0.0303286940838759,0.0285685906427841,0.0335310416819093,0.0385178107814366,0.036323674498736,0.0339682746242381,0.0408773294797291,0.026148557852055,0.0354231543716539,0.0171991361010651,0.0300055288720047,0.0381495917109457,0.0265303449677936,0.0371686145856344,0.0421804519233677,0.0310080359595043,0.0291140336960056,0.0332843892240551,0.0284181843825283,0.0276602541678646,0.0317497354627028,0.0417416899077249,0.0477816370993353,0.0317197285621868,0.0347050901029715,0.0318808882269006,0.0378151123220267,0.0338520606566627,0.0298824164090467,0.0391909660477799,0.0276455759870607,0.0377062214453997,0.0304006575072035,0.0278106552961987,0.0294416939829328,0.035841014693024,0.0326147636483017,0.0257094494491465,0.029282897048475,0.0315378446726806,0.0241818667699165,0.0317657010005897,0.0340263936049641,0.0368451504646168,0.0376966130143375,0.0339731676421624,0.0258318936825316,0.0405219463777285,0.0346961160549093,0.0352068205760449,0.0223777049833825,0.0290975744780782,0.0412675462496302,0.0324793983673802,0.0485220902817255,0.0266737573389106,0.0329755965060803,0.0305769138676871,0.0317264435750259,0.0306411108045183,0.0317095406206248,0.034398721374071,0.0354781744625707,0.02291320918093,0.0290846514252168,0.0368519084474596,0.0271369767221357,0.0316986742219949
426.987335850322,0.00176864127793019,0.00216057134801112,0.00716629107888712,0,0,0,0.00629098498386303,0,0.00764695360791318,0.00313957892845244,0.0067846365316263,0.00183358585679565,0,0.00517592614735923,0.0021119516727935,0,0.00247307741132082,0.0156777114131608,0.00579680020955849,0.00527790546991999,0.00144490723375188,0,0,0.0104405974883914,0,0.00558699185857284,0.00453137335994183,0,0.00574789708717374,0,0,0.00131670730364893,0,0.00213560871005675,0.0030379468958237,0,0.00507807045818598,0,0.00319100217041211,0,0.00162594114493015,0.00960746370947577,0,0.0103541260955071,0,0.00122534111975294,0.00134808502484881,0,0.00525072217380613,0.000671628227399198,0.00608253042423459,0.00286553646421452,0.00507920267039764,0,0.00223110952561328,0,0,0.00419690781569518,0.000948173480686619,0.00165017257956678,0,0.00505848067901333,0,0,0,0,0,0.00641154397435428,0,0.00115970305162111,0.000563015993513548,0.00263550381479325,0.0043936653725336,0,0.00363158730708973,0,0,0,0.00781100281815041,0.00935792304323181,0.00532776064454711,0.00135118171068519,0.00270012026250208,0.00467672349817365,0,0.00953215034938745,0,0,0,0.00063752255998684,0.00542470559100794,0.00275675776505992,0.00114084376370604,0.00175875130499822,0,0.00564596877860268,0.00199779724932348,0.000729796942991219,0.000994228073893263,0.00933544937584423,0.00138200555241201,0.00107591780639106,0.00168139258696215,0,0,6.67787773369184e-05,0,0,0.00046796931895785,0.00194685153897764,0.00131175194589663,0,0.000666313988216753,0,0.000483709807620995
430.50930276436,0.0272701408074862,0.0248407095790252,0.033358956336601,0.0219266412163644,0.027608263451388,0.0391377178476804,0.0234831725428829,0.0241861107834603,0.0258162214585217,0.0295107367423853,0.0229217208869947,0.0321167492605493,0.0262979726374168,0.0296709622017686,0.0307554160336524,0.0280625657403122,0.0251000803898771,0.0234581692809638,0.0147497825678066,0.0228920442542361,0.0317368110872848,0.021579559671601,0.0289326518959439,0.0297077246810049,0.0325628482653362,0.0302992284761504,0.0298993548705398,0.0251765745975797,0.0218262238045837,0.0255114295462141,0.0260192934515751,0.0310767721040417,0.0231251063391392,0.0181325635908393,0.036139711651554,0.0356595012279802,0.0275388781587689,0.0252211746804027,0.0326707056544516,0.0251354958047496,0.0343986047929676,0.0194905816959747,0.0143755007547325,0.0271476766780507,0.0241552801254127,0.0205237609708138,0.0332506577666569,0.0271708270253478,0.0266734211874694,0.0347668084705572,0.0288981915702946,0.0297672806813841,0.0168528795044286,0.0294735846057396,0.0319862828321484,0.0210786546633283,0.0191626788369629,0.0312024454079696,0.0246401457853712,0.027784980339967,0.0230079579479322,0.0173558819703682,0.0410648549124434,0.0142023462281397,0.0312928360657988,0.0162508292319927,0.0171378476909691,0.0296333304490778,0.0128756951033825,0.0229028528554307,0.0201329040321513,0.0298202165806357,0.0232785625599022,0.0318338084375117,0.0257048110824837,0.0300708996335979,0.0261148595874705,0.0250852545162044,0.0264588143686787,0.0266805213468723,0.0163887904187795,0.0197883391100475,0.0212481271052559,0.0214997499552228,0.0131154349623197,0.0222829991521231,0.0239705800475638,0.0275985421474592,0.0237443963297489,0.0269496172066983,0.0307595897305188,0.0273397557335383,0.0184730840563392,0.0254709201670643,0.0201574149247019,0.0241233254771355,0.0297022695079258,0.0269564679997657,0.0297229312531773,0.0319027278712082,0.0364835549973731,0.0332376918637177,0.0218511210540453,0.0241912719921065,0.0317394386011918,0.0322775326643141,0.0230430979128757,0.0207108029980617,0.0305292367722645,0.0254352549120065,0.0355803097203567,0.0291718466594677,0.031354990184443,0.0254978499605264,0.0223924166847768
434.028610040384,0.011912758138122,0.017746922066086,0.0134297237686271,0.00910689256284584,0.0163825045011946,0.0131413349552438,0.0198047087268592,0.0237243698162703,0.00248709450627522,0.015942175250127,0.0144663133634402,0.0204639009995694,0.0147190084885705,0.0199792726668189,0.0162794257782199,0.019294092100301,0.0196712201190472,0.0213221105852155,0.0220203108273003,0.0207791150734998,0.0203443342045774,0.0185722737317127,0.0204977456436787,0.0192908076426341,0.0139132710415548,0.0130906282726095,0.0211830864139224,0.0180676024018133,0.0202402242250551,0.00498482226012152,0.0203159771589591,0.019296758848001,0.0232545104470505,0.0231534785403392,0.0168469376567085,0.0267609289006837,0.0219571181871191,0.00924523924369959,0.0165383460483992,0.0162856667953707,0.0188674835687535,0.0054004681296419,0.0183159282854066,0.0126856529488469,0.0198622812468235,0.0115417858768697,0.0151100684092369,0.0178715047265294,0.0114817472092276,0.0177675811367582,0.0169959006543384,0.00966542128210139,0.0191180906912267,0.0195577782184712,0.019193234651561,0,0.00715749417595143,0.014689546242916,0.0148189737714962,0.0128290384622264,0.0208208459496904,0.0107299874376111,0.0122261392668604,0.0216992054342521,0.0137678576251582,0.000212931487902583,0.00679587330935698,0.0290804274232703,0.0173401220347682,0.0279321265194568,0.0140129803723959,0.0237290446423037,0.0117477368869327,0.0196497078308002,0.00753863850999534,0.0117658929043556,0.0217304104395688,0.0191061960324715,0.0139658165621016,0.0250508432714724,0.0158600110062119,0.0224950210272781,0.0185324502327156,0.00805591033666762,0.0192520548199638,0.0151512072837494,0.0206877327889569,0.0142931027011048,0.0150827945764949,0.0121307470884886,0.0217647969455127,0.0130999488189986,0.0131048918050768,0.0113191585662361,0.0157276774394357,0.00620044058776969,0.00861980392539109,0.00524511099571003,0.017014832663718,0.015330962743626,0.0186795519579624,0.0184582992374483,0.0147645507247716,0.0202561295794887,0.0167979553118877,0.016395254876965,0.0169956570006332,0.0190535858522119,0.0132377844034849,0.0231632484348646,0.0211120126233442,0.0181651146260178,0.0214302090577195,0.0140322178889266,0.0129067656132154
437.545260512592,0.0296267952755727,0.026043723636446,0.0303407238984335,0.026993515559525,0.0310962292509386,0.0331628667500714,0.0259647135453072,0.0266161065185258,0.0184103141243727,0.0263964223404146,0.0157011166844618,0.0205349454051112,0.0185393734843455,0.0151364357217235,0.0263934402672334,0.0220685717681441,0.0405871968854832,0.0240977201263633,0.0232071072040307,0.0268413527789454,0.0286498703132789,0.0239596918652771,0.021142850584398,0.0368492653284162,0.0259907658918742,0.0416484818231071,0.0294618526523351,0.0395331908659856,0.0290921321108264,0.0299090366327884,0.0313007251889173,0.0224887144719125,0.0249638383336653,0.0286899450945522,0.0223273037910375,0.0306314780117254,0.0202652517197604,0.0252470064120962,0.0265006092210619,0.0377769603191804,0.0260540042582006,0.0195739545914839,0.0205661903174228,0.0272633540497077,0.0345144358105306,0.023431573925425,0.0392561928521318,0.03375331015704,0.0257427415311036,0.030386774908639,0.0224060977340803,0.0247603982914488,0.023024180733999,0.0262746641052479,0.0203539838702276,0,0.0299899131930585,0.0256693560666904,0.0335078082702248,0.0278039021128486,0.0290317565245327,0.0307428283611821,0.023829530812323,0.0404857664815658,0.0352186890164844,0.0107354487666623,0.0126305679247537,0.0202138629829298,0.0245591125652188,0.0184719656124186,0.0262684247559087,0.0264717542727437,0.0139958717346748,0.0301599735301689,0.0278966372263185,0.0223468200146855,0.024465886676729,0.0273256721236638,0.0178150837824779,0.026728367553217,0.0252076870497621,0.0349160692091129,0.0326628787063568,0.0287351299072711,0.0292401790996318,0.0256331212170035,0.0272281325312228,0.0253457009020807,0.028059831798205,0.0192011112092664,0.0279188431021544,0.0184986043327683,0.0195798952362122,0.0333929712576522,0.0223139613311799,0.0251744922920268,0.0163166191769699,0.0180394146642229,0.025254339365579,0.0312262681278366,0.0286719026463462,0.0325583509060921,0.0321493659467418,0.0213266321660781,0.0327769048110087,0.0310676962721876,0.0252271242510257,0.0179205716591162,0.0187410434408633,0.0219786444473208,0.0243241699480223,0.0351828366361539,0.0356042163946169,0.0275403215862137,0.021462078719551
441.059257011108,0.00758569119863492,0.00787161361830637,0.000587901176105009,0.00170830657078514,0.00411786087536889,0,0.000286893367898749,0.00633802537073521,0.00211085287923999,0.00511156018849758,0.00411237287171443,0.0108661264838189,0.0127517094392425,0.00321510746624826,0.00849699419799333,0.000560999255743293,0,0,0.0100576432897968,0.000593535405276871,0.00458828435978498,0,0.00674974215687705,0,0,0.00259403483509651,0.00914905292188579,0,0.00209632068049049,0.00444855978083961,0.00202802697639663,0,0.00622694742686018,0.00136222438106125,0.0101388186371905,0.00720138037761832,0,0.0119677457605683,0.000856678113499218,0.0122992370296338,0.0049117811920614,0,0,0.00412559127573044,0.00576332097170696,0.00139162196917939,0.00566531412306174,0.0106894313265707,0.00775773037553497,0,0,0.00795009470768417,0.00571545919941298,0.0135182366662039,0,0,0,0,0.0181349260263793,0,0,0.0107186373680329,0.00712610643353301,0,0.00334688319405237,0,0,0,0.00444385385439964,0.000639326171540033,0.00502537246371872,0.00868258358113921,0,0.00848996122828116,0.0146250620987059,0.00731537933115831,0.011768831756194,0,0.0090803889082269,0.00889744119876367,0.00370139276540904,0.000207102105749733,0.00320856657482087,0,0,0.00189592409694725,0.00308038867500874,0,0,0.00377282707360077,0.00817733811576116,0,0.00389451277924113,0.00551765883174328,0,0,0,0.00239278117741215,0,0,0.00134280295748415,0.00135395031901338,0.00921017660422846,0,0,0.00474753530359616,0.00425734612251467,0,0.00472810888437564,0.00342383094851117,0,0,0,0.00731623060251058,0.00500208128801524
444.570602361988,0.0230300499617517,0.0287741453050223,0.0299072541977696,0.0303178673114949,0.0160645657321398,0.0259524054361282,0.0184470586112832,0.0311740646518391,0.0146974129804098,0.0329974071610227,0.0190995792097142,0.0282528503585509,0.0271523423059391,0.0340940355733634,0.0252633142023052,0.0280753061234935,0.0262771349905822,0.0295565095150825,0.02273512417136,0.0366840508480953,0.0265316902804829,0.0220024746179475,0.0266272500078725,0.0169615092409502,0.024788950475779,0.0238277819433267,0.0272518690312832,0.0174582148120869,0.0252122431066021,0.0244391977211398,0.0281040319958357,0.0167771396544048,0.0331228820544967,0.0139495769308056,0.0271333404416878,0.0321584064550186,0.0257507326850403,0.0279070833079428,0.0324360823099989,0.0259983945802071,0.0214685487808029,0.0266065793749776,0.0260774195356922,0.0277933860332605,0.0284873395119629,0.0324267756654145,0.0275514056785215,0.0182879170395572,0.0246857652553264,0.0192940175398028,0.0179587668889734,0.02745530497744,0.0279551724437847,0.0251715164606085,0.0220212314612265,0.00461653602266707,0.00974887969289282,0.0310225935694419,0.0246858423289225,0.0166009407911171,0.0299918934900731,0.0256679769553374,0.0297562292627284,0.0224768557618439,0.0302294557576676,0.00621488348169749,0.0152576071165227,0.0288925525017473,0.0322169107019382,0.0283733940965518,0.0211226864474124,0.0462698009113513,0.0283410354350803,0.0233718896970343,0.0211509972743551,0.0106041485854429,0.0237940336261559,0.0305369812861138,0.0232376256822899,0.0277630077741293,0.0195925096927209,0.0168987785837555,0.0287102942200796,0.0274463908878028,0.023050383539715,0.033268925920668,0.0205084758732681,0.0235219404282429,0.0225021989179322,0.0206460790987145,0.024950633787442,0.0264725894799376,0.0221820405541179,0.021224608835706,0.0260027661233132,0.0221842885767836,0.0199830250215923,0.0162386508688436,0.0190054483247917,0.034832853079099,0.0207335251272864,0.0273937691987961,0.0270776838159145,0.0233755835995868,0.020882996324081,0.0215441514068878,0.0184813498099699,0.0194504188274775,0.0229744963655616,0.0251095556345422,0.026228908252981,0.0328157057013752,0.0276645002885343,0.0354398885717337,0.0225301851237251
448.079299387222,0.0395466707997838,0.0353253376844352,0.0304568511983214,0.0319336416355112,0.0355553743237693,0.0381125133554125,0.029446555971234,0.041869861433562,0.0419842376060346,0.0389848140728091,0.0335438617316741,0.0328337323358917,0.0308810941669429,0.0313289892821131,0.0308069097547987,0.0302055518720259,0.0311649359590264,0.0366334813621935,0.0348311217629259,0.0360880166431359,0.029809676640672,0.0257172008918325,0.033074739580026,0.0371748610725798,0.0290858054223751,0.0360938006635628,0.0321420858899489,0.0333299494238682,0.0317664935952162,0.0389853268804884,0.0374325570845293,0.0313788596343876,0.0401101331367735,0.034166690017373,0.0330736677182112,0.0392760396417198,0.0362896829337895,0.0316740355256041,0.03785929255749,0.0413238741080578,0.0341104396032392,0.0330693228247788,0.0387359617072036,0.0368950493490744,0.0267840364287538,0.0430916724301919,0.0367664966606022,0.031336610423281,0.0262943290428863,0.0307225800690932,0.0395365053030831,0.0363045969970623,0.0323251368693777,0.0401264429263038,0.0208497635194869,0.0234189526533979,0.0144831482860482,0.0325524680747986,0.0317545423620712,0.0370312148819667,0.0315237945370972,0.0278065923940686,0.0312874021416817,0.0247460896971533,0.0279631380641728,0.0172010790407312,0.0221115688415753,0.0138598329806419,0.0337704294793627,0.0332774010400355,0.0343999943001038,0.0372839672933565,0.0354664878182468,0.0376684285377384,0.0337047681730954,0.0338816014198663,0.0368889109847462,0.0359276745669526,0.0384557197356134,0.0287898800642518,0.0293985503743744,0.0389742548108055,0.0318600972454349,0.0362738479317068,0.0290616912500013,0.0309745368986547,0.0346213839295252,0.0328181570443155,0.0332213299896657,0.0358449983418203,0.0253870098411685,0.0470782847364542,0.0285645806816691,0.0311210759762136,0.0429908887159754,0.0393866882049725,0.0320201732246593,0.034509891778972,0.0332251510272301,0.0275017704612396,0.0272919128295486,0.0326756263747439,0.0362025122885809,0.0394639320738842,0.0389041123142886,0.0224720008755228,0.035426659324736,0.0221135856084508,0.032282755408633,0.0422898797521701,0.0481677963770524,0.0359861344710991,0.0351650919257936,0.0352673988603791,0.0299269986399939
451.585350904754,0.0212740643627313,0.0330331901760087,0.0228417789945015,0.0281261028832133,0.0160598081640662,0.0252749542396974,0.0278017957591176,0.02318869266992,0.0370488370609768,0.0307275479031933,0.0193029822424241,0.0225647371307922,0.0308550831711948,0.0187751002145982,0.0268066754906673,0.0256911998776579,0.029428145474673,0.0129256027934245,0.0221379200354316,0.0316315626806389,0.0105860086602977,0.0209753392633359,0.0218046498178013,0.0271557728428181,0.0196214125243747,0.028221907017751,0.0232706159733154,0.0194650758883308,0.0289224976282119,0.0307608700788438,0.0268791203452246,0.0219449463535399,0.0277260793805831,0.0269921876700219,0.0274087512030798,0.026884848055792,0.023268560573727,0.0216131091143766,0.0254644251653774,0.0301127890212585,0.0328502375805667,0.0248098371557654,0.027040962558318,0.0260472341106238,0.0320989231732605,0.0288667376546293,0.0322115712462136,0.0191424168262164,0.0235037207715421,0.0294920978394315,0.0150154191183015,0.0255511529351157,0.0221702610274335,0.0200550916849355,0.0185282471854507,0.00652761229664283,0.020871700511701,0.0268958637298758,0.0245215243129643,0.0258040282816968,0.024791780097086,0.0182459019207034,0.0333424670068156,0.0281149584048148,0.0234685041055288,0.00891475577133439,0.00936932552609564,0.0197792849540201,0.0274922629552016,0.0214682952537258,0.0398373809233247,0.0304837372102469,0.0315120921997604,0.0269909295459066,0.0192389395853506,0.0232055435160761,0.0395022768451875,0.0270582867243169,0.0258084399139979,0.0203254574309157,0.0265147041581623,0.028537320892424,0.0328017896040244,0.0349920001313536,0.0228381465739825,0.026443540311189,0.0350176472427655,0.0226827895150912,0.0352427262691682,0.0307377159043454,0.0257919882224573,0.038696499022846,0.0300589264946045,0.01681623611216,0.019625293747608,0.0291419117466243,0.0202030880250943,0.0265688521654558,0.0253313653572066,0.0228943483083471,0.0193484274786393,0.0210179629530894,0.0311398072230169,0.0283247277312078,0.0350151852598007,0.0282854560599651,0.0253727068270389,0.0219675824842384,0.0315395847597316,0.0169307632387897,0.0296727220409095,0.0253724214844752,0.0190536229996007,0.0285419030104154,0.0303820418411417
455.088759728477,0.0167635276523643,0.0279564893443911,0.0189913641748664,0.0194346613419678,0.0214223663933239,0.0201739082967512,0.0178999290736002,0.00842611805478339,0.0255351341077209,0.0180661278687576,0.0188465203952519,0.0245314120234734,0.0153688175700906,0.0267934041994146,0.0194181557748361,0.0194928092686301,0.019418413617894,0.0188435316980129,0.0193169384752642,0.0309742362052777,0.0187339044771339,0.0167296125045549,0.0206872567539172,0.0264421772236256,0.0309984086201752,0.0192018266779939,0.0302964608293827,0.0237234063186546,0.00731305061362995,0.016009310028673,0.0157740464587575,0.0239830242897598,0.0190716284240067,0.0208812151694346,0.0162019039094308,0.0194721559127853,0.02142090622328,0.0264223121660451,0.0230448620218595,0.0183194597383491,0.0226817791348325,0.0203287667505026,0.0258177382119997,0.0200141713523575,0.0238300113605871,0.0185653734333798,0.0226800889246657,0.0173315759605651,0.0124920442387686,0.00407234496075596,0.0251509994821882,0.0175625540107417,0.0186741634112698,0.0182836348235326,0.0178539574733442,0,0.00979173633865395,0.0201081325384509,0.018355472218536,0.0184302359276189,0.0185783742148044,0.0281014861750579,0.0165165959555263,0.0184298626358404,0.0183938949758106,0.0141751890989972,0.00665597320673571,0.0262206169739118,0.0306558601641528,0.0201937877463332,0.0207014444887482,0.0208825979829211,0.0126109843403557,0.0212712558519893,0.0262234575910789,0.0175035958051832,0.0233833274141378,0.0198004550008167,0.0218632473990667,0.0290810808199173,0.0202981460136859,0.0169879629734943,0.019558208496127,0.0157622477547166,0.0221310389864013,0.0202275043565882,0.0255295892753282,0.0236028611834207,0.0215240266234275,0.0113523902854589,0.0199809311497772,0.0171719909777103,0.0201883283173367,0.0213976635083087,0.0111430709429991,0.0194260801912903,0.0222068665034093,0.0119124704380922,0.0140947283729772,0.0127485129817682,0.0225051550356398,0.00714864615233905,0.0233242298133612,0.0136298268501976,0.0209566107206526,0.0215074218176916,0.0235441957461084,0.0162342430242548,0.0174047899993729,0.0200667948517211,0.0172358533911142,0.0130773917304084,0.0182671808131057,0.0185250018617931,0.0201745466037102
458.589528668253,0.0309806682316199,0.0338650096090165,0.0427641049575542,0.0290475647434377,0.0321652619369392,0.0405635749572562,0.0282565757941148,0.0353923167170344,0.0418168436844746,0.0294284249323711,0.0347330282670157,0.033112405222086,0.0296487852224267,0.0336977002758627,0.0371801343879353,0.0347590944348102,0.027511912128446,0.0362642664384784,0.0351711899305275,0.0297393913011536,0.0317832386966293,0.0340450437556937,0.0259709638535235,0.0350342214337264,0.0406978635878517,0.0308158659225818,0.036742633296166,0.0323523159073207,0.0325098180605389,0.0310075670636827,0.0344188348384824,0.0464951404685485,0.0302637352594485,0.0284197858238489,0.0336274607995181,0.0392991766687367,0.0307468721203928,0.0367198066835944,0.0350476694800009,0.0385247948529092,0.0346770211956583,0.0288765072564372,0.0328553211123816,0.040329991236906,0.0361336204619013,0.0353513193144768,0.0422462625579274,0.0396065792842839,0.0325719750735956,0.0445102490457834,0.0433862737173151,0.0324696328729839,0.0485950574081405,0.0253690745137783,0.0249807150582271,0.0221036342900701,0.0262386162123095,0.042465427680456,0.033016075018427,0.030445918267184,0.0309973677629212,0.0284806013213203,0.032926168749236,0.0330568890489156,0.0341659198866427,0.020533914025996,0.0257098521804814,0.0309752833862204,0.0337889208044774,0.0372390466103383,0.0333286387155366,0.0450495740041895,0.0378734945517822,0.0288239215240791,0.0386854755105661,0.0373518554408454,0.0330873612491582,0.034951445594634,0.0348070012316866,0.0389188952708263,0.0366184446928308,0.0368089125660973,0.0269726000185316,0.0362555801223986,0.0225027369713331,0.039345895379976,0.0499536235761797,0.0366871378113553,0.0354039019713192,0.0357772077145379,0.0343799325012188,0.0338632697188483,0.0340361555062258,0.0312036440771155,0.0368772895170087,0.0326201135440352,0.0408018762341596,0.0378902205847484,0.0348480589211057,0.0339690172462346,0.0328663048412112,0.0385237813997435,0.036169444802174,0.035167972880803,0.034083848379541,0.0425541715041041,0.0398481807241404,0.0271402766886565,0.0321895745748729,0.0332403589492659,0.0329963838950233,0.0376096762420439,0.0459676975936692,0.0285905581383213,0.0258827139732628
462.087660529904,0.0390983526361372,0.0364384954075674,0.0562036979071234,0.0418657397724826,0.0466654835874455,0.0376204765639365,0.038582042414116,0.0324176955489623,0.0526117812602024,0.0380269319951465,0.0331917917703216,0.0391090483780373,0.0396423624226499,0.0427410885178512,0.047077484294999,0.0450347073540749,0.0432682843457686,0.046515618879002,0.0350395634533466,0.0410575714871603,0.0409652759387956,0.0418510989295294,0.0387278511361987,0.0457932874667284,0.0476214340509325,0.0423990597521797,0.0502986169858665,0.0514031789770204,0.038941439270279,0.0335231265835305,0.0373615967358069,0.0439718678511952,0.0355156706023176,0.0315500787596927,0.0449601878664911,0.032382978214438,0.037801431378016,0.0414681086665698,0.0470205208647343,0.0393728284733121,0.0449774098709094,0.0341292484525186,0.0448371846052158,0.047156981861321,0.0429861481766729,0.0345924520583192,0.0430966385935461,0.0437643675267993,0.0411551012784515,0.0492288018376901,0.0366604778728956,0.0456683813621239,0.0506125373875739,0.0435334824969243,0.0382304013575812,0.0183372282820722,0.0257797399784208,0.0394710915623828,0.0399619322288002,0.040766751146595,0.0417396789152072,0.0393861757588908,0.041543668335861,0.040291776850585,0.0427655165239552,0.0262935538389698,0.0296396916893745,0.043982570245049,0.0491500666642941,0.0531416867932494,0.0364430165872934,0.0448070632085293,0.0454274420067817,0.0391175552392904,0.0439569037057486,0.0321447695457136,0.0433116046490695,0.040768440452623,0.0378965979174882,0.0431612564539289,0.0452030258509846,0.0419833209560734,0.0425233791582188,0.0320823804300419,0.0428139756597053,0.0507139935164754,0.0409531425190503,0.041426423960928,0.034085709936984,0.0333202706210998,0.0425632109389656,0.0456076083414157,0.0424565027648104,0.0436070484292309,0.0344103783394243,0.0396291630417954,0.0405294941882342,0.0387702519698979,0.0412173799913494,0.0502022278665871,0.0381876305281879,0.0436868413036104,0.0446285900635773,0.042574008829203,0.0423782160802462,0.0379017929688473,0.0401610282763333,0.0391272478177293,0.0408204537083104,0.0368751899238759,0.0398715581066247,0.0423069534882069,0.041830497219153,0.0429750558035885,0.0347492406380171
465.58315811524,0.0262203596725048,0.020805907424652,0.018642660300719,0.0125916608209383,0.0146051770060592,0.016892907814222,0.013232153695741,0.0102246596547503,0.0175448042682582,0.0159807673519749,0.0183164040186696,0.0200354958828182,0.0134252222535325,0.0197677166583363,0.0222504673963017,0.0299270152160599,0.0183316393394037,0.0193924837815061,0.0216731068110771,0.0189725577156118,0.0216176655440275,0.00749737878141345,0.0192967410715139,0.016436060554703,0.0215607465849948,0.020999072466376,0.0160407663155409,0.0192637064060071,0.0321182755806336,0.0186831367756074,0.0167659199854393,0.0254152542168349,0.0133385197374386,0.0160447534094418,0.0132700612797309,0.0271065693624755,0.0224169657174089,0.0235590343072507,0.0183854519912428,0.0175504135582708,0.0197370234598944,0.0268368961751868,0.0285966633976702,0.0178846144683763,0.0167375081191874,0.0174188585589377,0.0186363901651462,0.0210355928740351,0.0125792330028199,0.0292094643112832,0.0185233201189254,0.0129832919131614,0.00688805263532686,0.0177845574173989,0.024037707675048,0.00130837066614071,0.00616550827793215,0.0232356776883308,0.00900501594496135,0.0116627691425851,0.0112847862143653,0.0247022398652273,0.0174199858701939,0.0214517225285557,0.0167230167072352,0.0127813292699571,0.0039126636607923,0.0194121735772792,0.0182331241385671,0.0200796129740952,0.0194468146325684,0.0146144822594808,0.0159378731506579,0.022220604492275,0.0189045847668273,0.0157851599234305,0.0205023298360685,0.0142653027307039,0.0213081357843084,0.0251138251922507,0.0196322048198223,0.0222251823179669,0.0221124020890846,0.0138811142770053,0.0148339797829104,0.0206956586083931,0.00509774777932243,0.0206373647018324,0.0300294243276587,0.0116537366229007,0.017542729104256,0.014705931335454,0.0238598473124605,0.0239279040962415,0.0175517226987108,0.0197511671608394,0.0224979591372282,0.00285465387008858,0.0155365062212788,0.0151798270962062,0.0206592485238911,0.020456087230192,0.0105867968844736,0.0247677143082397,0.0207584438542126,0.0157428971322788,0.0189790551167833,0.0116318403353203,0.0221420488863134,0.00971704660720931,0.0212572377993566,0.0106657445501343,0.00695255673959003,0.0198233828920495,0.0164753149028548
469.076024222036,0.0348290900216018,0.0381903901674508,0.0406971108036738,0.0420667342235829,0.0355383904862643,0.0360816720172543,0.0361083334301462,0.036532811427799,0.0462840949095251,0.0398262508079419,0.030529721749639,0.0361952358917922,0.031340773162281,0.0450172227672039,0.0371235125488259,0.0401425496741583,0.036226196052576,0.0367237896452232,0.0319339510759583,0.0313248561864421,0.0389591857021787,0.038941499132941,0.0411048389560731,0.0337261539250756,0.0344671558924673,0.0436913703039975,0.041619870146831,0.0415553703254672,0.0302241790293352,0.0368420719358147,0.0316673486506915,0.0358349229214259,0.0330346829783763,0.0410027847149321,0.0438357747967421,0.0407224246589344,0.0355732724704575,0.0453553821686088,0.026963653000994,0.0404280839323876,0.0349709639045675,0.0418240553806397,0.0327785801436121,0.0440324552484868,0.0327482866792364,0.0352425542387055,0.037013788446835,0.0404802060550585,0.0385737446330677,0.0300248507669177,0.0366693737967423,0.036186289876076,0.0389479384418105,0.0242231184380263,0.0361075252031249,0.0176039342845468,0.0258898402141543,0.0410999947501188,0.034552149865384,0.0352399936197583,0.0329455331420675,0.0349915172645311,0.0381751864110278,0.0359826784420478,0.0280094956005617,0.0207383696045825,0.0206349008256657,0.0334642743276859,0.0301907382088391,0.0364778293616606,0.0358875555132873,0.0453400860562109,0.0306123831398286,0.0357794688589414,0.0417412888361793,0.0366544524261488,0.0361679461883487,0.035894184993453,0.0363451483557086,0.0326343000471052,0.038064803348709,0.0403343117322532,0.0278040841786672,0.0359632977509062,0.0345299757216759,0.0336574763097581,0.0338122618753586,0.0391739953685288,0.0335280921797858,0.0387297943347892,0.0340984242583772,0.0351332592454632,0.0386974252134144,0.0357465855651773,0.0360147039453092,0.0311762794706536,0.0321389719147524,0.0404396373571315,0.0428248265403703,0.0330060059147345,0.0426164481398563,0.0419247654520141,0.0342322650631746,0.037654740444636,0.0396661207294839,0.045986597349338,0.0324415344227417,0.0324491060710134,0.0312702259838368,0.0429362436687157,0.0413568158599576,0.0406077622848653,0.0367569139236811,0.0325182848816697,0.0327221505257104
472.566261644077,0.0263044718219204,0.0263534059246296,0.0198847686991215,0.021900245232477,0.0266840444161009,0.025280364869084,0.0227610961364069,0.0120204540429813,0.0242512705841343,0.0253737498650045,0.0258274370542987,0.0191083508041087,0.0263477698993183,0.0312022009773124,0.0368578327101673,0.0310378033531114,0.0293635517335896,0.0133857938259679,0.0245588416860208,0.0381763465458832,0.0217427576446632,0.0198002001624032,0.00928669039220624,0.0224321059294635,0.0259237695704729,0.0334007953325945,0.0193854467230415,0.0264097807784452,0.0299531746340704,0.0278997537591251,0.0277325643161519,0.02672081851344,0.0269137491829468,0.0210593603037824,0.0357885056235403,0.0170215080720982,0.0223693518484115,0.0207637424591259,0.0216157377882207,0.0157858740139205,0.0218775349068491,0.0263100655522819,0.0275329532289839,0.0227759028219853,0.0205376478087993,0.0281773497869166,0.0212875603663279,0.0237209687634028,0.0219494981290607,0.0242218222945242,0.0211830995002374,0.0235711030072583,0.0196915719814851,0.0134116629935312,0.0246512412648526,0.00855934683116489,0.00564885770085506,0.0209522598023885,0.0227456939770984,0.0243864010060944,0.0249362433152285,0.0252479185091312,0.0256350811317074,0.0182113623413961,0.0205866787967057,0.0179115742564782,0.0211156538632483,0.0182216094382535,0.0237307270259705,0.0294909816930206,0.0210623223159672,0.0317100038472721,0.0248166348869736,0.0238109303778219,0.026543449028152,0.0235711542815814,0.0336520605982708,0.0175411422956457,0.0300670613325862,0.0212041905540702,0.0250943680476629,0.0280974260578656,0.0204000962721343,0.0238609235016473,0.0186936754426918,0.0322524853188851,0.0159638473471769,0.0199878418108918,0.0261629911215052,0.0279645407336256,0.0219487065536645,0.0222030893526881,0.0178824386091959,0.0259921514686191,0.0378767681682427,0.0213098454545072,0.0168185730333836,0.0256318715846659,0.0259176496363399,0.0199570390573068,0.0244707760630427,0.0229995701238969,0.0164661049271501,0.0182786002773515,0.0195879629766953,0.0297773899516303,0.0244094955454274,0.0198966054384639,0.0303478779190314,0.0241083741411776,0.0287720095270046,0.0303607564183013,0.0281431310112693,0.0207231153896433,0.0218288503108223
476.053873171131,0.0254739443707233,0.0348657442589631,0.0402522256136858,0.0259706974431131,0.0318676451663212,0.0421897902502487,0.0198024128934103,0.0286733236975778,0.0398356393619492,0.0300255423246091,0.022630176038167,0.032144597124158,0.0372878036474823,0.0314543538982109,0.0371218484002452,0.0329265231844673,0.0279663808353521,0.0273631114659847,0.0402611603900187,0.0318677847704045,0.0297066001130722,0.0280136559542725,0.0310352168829225,0.0374676466492047,0.0349271889606974,0.0348088421761404,0.0416096164494639,0.0299384123776788,0.0213870349632593,0.0313817695103452,0.0352630667838208,0.0340806685742168,0.0191510752176035,0.0246160485797794,0.0326729321646622,0.0339176905154132,0.0248215452454164,0.0391891186619845,0.0279116237626144,0.0270085852480991,0.0265097373768087,0.0336200215800235,0.0427100719887613,0.0375592779073177,0.0256472959565924,0.0278614684891992,0.0357589019985389,0.037077359984895,0.0358716192618108,0.031566894990247,0.0333086226786831,0.0209910991988363,0.0316231167837939,0.0336770362574499,0.0243533177029601,0.00293200142396186,0.0129355187056718,0.0321521900263583,0.0301200273366033,0.0318133321396788,0.0273266337534375,0.0249201250622822,0.0308071914978532,0.0304144724139907,0.0274184958054788,0.0229740489026679,0.0243597563800379,0.0250365177730012,0.0439866874947228,0.0258107056971737,0.0324231309994841,0.0357806550764469,0.0305918104004185,0.0378641861021951,0.0327968692299725,0.0338143989366366,0.0278065378244613,0.0309016423363219,0.0319461810629692,0.0219866989297231,0.0313590583451428,0.0315316695471277,0.0331104097144315,0.0257264894342133,0.0239069694593998,0.0269577150315739,0.0347655313467319,0.0284872409421026,0.0290617970357017,0.0259381557719405,0.0294475713075334,0.0349230432230216,0.017548183548579,0.0340739785107449,0.0325283438441229,0.0276398024511221,0.0247386733110089,0.0208212035277889,0.0321680297057402,0.0228523472438405,0.0285575210627496,0.0225915025067127,0.0444085035192698,0.0240558959921774,0.02883096411256,0.0255549550798193,0.0257045665092884,0.0234285769732436,0.0293961935592985,0.0237086893589161,0.0305484484471714,0.0288856621924868,0.0304680271834337,0.0235754026683723,0.0332307264725992
479.538861588979,0.0179930068498973,0.0240710480965151,0.0253444890688086,0.0132946331651067,0.0218724385569415,0.0191227996924692,0.0168133273921968,0.0199007917662451,0.0237446231534468,0.0187938190353022,0.0214497718782659,0.0277769148467369,0.022127132791372,0.0137864671888856,0.0160920548468874,0.024864923817848,0.0215943262853266,0.0264831888304199,0.0163206822204139,0.0211529179758731,0.0310636422363167,0.0188191682576152,0.014164792039233,0.0299598353841782,0.0230303568744327,0.0266920285528102,0.0187667530128492,0.012533427164037,0.0243626717725212,0.0169673831113296,0.0291820176598002,0.0224071558419294,0.021565801346919,0.0133682129665161,0.0207092895948464,0.0235148819153516,0.0188407264423759,0.0150899905802675,0.0202816961326249,0.0216358269836464,0.0155765103765764,0.022944171710675,0.0191626026734542,0.0173206032943339,0.0188006644527228,0.0258205821144473,0.0144781777178539,0.00929736694790618,0.0142733862782777,0.0108802952441326,0.0188478878323198,0.0211770201459742,0.0173243947142633,0.0139180503922164,0.00948039233098445,0.0064735105515713,0.00106746621560485,0.0157993548369263,0.0237427437647999,0.023119952688445,0.0274921972547677,0.0234512705177374,0.0226437053182881,0.023337091493367,0.0199364914281207,0.00989700823725134,0.0186291854658072,0.0202265337893605,0.0135075534829586,0.0232128636908991,0.0236739749350786,0.014334437679889,0.019764056824445,0.0225103116820753,0.0202938103820957,0.0134420011984387,0.018081465112552,0.013037200959789,0.0223345551514203,0.0199569378162044,0.0205317582335546,0.0159891016547718,0.0272811220584281,0.0180438881167971,0.0191055285765475,0.0150162480646818,0.0201434614170299,0.0247622691136913,0.0118877000118657,0.0271707843166006,0.0251089545157584,0.0213885505004571,0.0171846245485453,0.0116502398845329,0.0177601097100402,0.017714191441759,0.0215487452167614,0.0232225286116605,0.0140978468556056,0.0207611147074535,0.0153608202897374,0.0134271713626799,0.0173270693747553,0.024767596563147,0.0279053859463326,0.0136575443778365,0.0121100259768476,0.0147063170916848,0.0200644594030293,0.0238389021174897,0.021779854429903,0.0279308165298435,0.0267311243226009,0.0231373319030087,0.0217452687255191
483.021229679408,0.0468957711201022,0.0341767618746826,0.0418566271519836,0.0291698737395801,0.0443113063056946,0.0415208919595827,0.0307935960140289,0.0398785697809608,0.033267639120406,0.03432030644517,0.0432652488600007,0.0397344360797874,0.0308809134930662,0.0454263609923137,0.0487524531907069,0.0360644361020073,0.0344255547599738,0.0376563075722267,0.0270116897910703,0.0421404694310359,0.0378712623699382,0.0327667626533202,0.0288868265723312,0.0312095623651833,0.0341730849644846,0.0358593104887884,0.0376365938148514,0.0407583973052092,0.0416353437392447,0.0333867308050895,0.033521671114043,0.0277080055814906,0.0384558957183247,0.032187327389507,0.0291111405878413,0.0409093615050432,0.0290765424653508,0.0318006514806338,0.0331897026743057,0.0328007198556948,0.042343945776291,0.0318277760677622,0.0425716384165896,0.0325838049685282,0.041202164303667,0.0254446379687399,0.0228457396159357,0.0373936941014615,0.0357799898470173,0.0296972455587281,0.0314572665466956,0.0330759877207074,0.0364437241766724,0.030235510978589,0.034296766429999,0.0163083193110418,0.0268512954876444,0.0252897540323933,0.0343510499984787,0.0393656549148023,0.0347643533434422,0.0213971405735473,0.0399547258050362,0.0286837973681449,0.0311045934201239,0.0267775856520043,0.0274004631749302,0.0407874687533369,0.0398336538572473,0.0350433476622117,0.0271665400198256,0.0443877516199055,0.0370804782985791,0.0370585722029608,0.0435629319860812,0.0319674308996798,0.0440815593473901,0.0296230611082037,0.0388911956839287,0.0429392096034076,0.0382969038514577,0.0383143851526038,0.0415664387384166,0.0271290843532805,0.0214859138935965,0.0361300747817126,0.0388870710193368,0.0420714755569622,0.0298974467372542,0.0382385799603286,0.0269251373963637,0.0356899407384842,0.0329841636692491,0.0370140672320962,0.0421807026052197,0.0396518102000635,0.0355051420630483,0.0389635588315366,0.031331120054032,0.0483848336382274,0.0232837139246468,0.0413262654669886,0.0419439989382699,0.0365307507630938,0.0360226783219365,0.0328629246007373,0.0326101480717157,0.034293436761551,0.0329726607933932,0.0368043389076735,0.0351214687302526,0.0401491592965116,0.0361268335246542,0.0422391897349153,0.0336184219103066
486.500980220236,0.0404591213536555,0.0392961511565538,0.0399031663244273,0.0315344491132249,0.0358811061580885,0.0422517351427937,0.0321311659266786,0.0378172309931002,0.0351225065925723,0.0345102685623832,0.0333270241065657,0.0409319094214063,0.0406700897484409,0.029869940540235,0.0321402964487017,0.0428254953784123,0.0433812020070599,0.0301281803659685,0.0321712900656845,0.0434032293818066,0.0353321136188318,0.0429988828956073,0.0403638259259085,0.0390204319041901,0.0408932334193945,0.0332679730534457,0.0361554104265992,0.0353974998830066,0.0395929145432097,0.0357000818117749,0.0383558665735306,0.0334798990377411,0.0418857244243728,0.0378438583909244,0.0452011159062271,0.0426922076022023,0.0342409481934041,0.0308217935382396,0.0427336234073824,0.0400714146813839,0.036345794321794,0.0428587631526114,0.0405231220722485,0.0365126355369441,0.0424309350672094,0.0363382033626121,0.034481827438215,0.0353158114337451,0.0288646410136404,0.034209467445241,0.0413278990786622,0.0443860776228375,0.0388099033883261,0.0348583595484025,0.0367065055322615,0.0243845722661946,0.0216694917510569,0.0419074691731571,0.0432833168426919,0.0328330943713029,0.0463987632265309,0.0376493942358627,0.0372773163835989,0.0323009932648305,0.0372989143135527,0.0260848215880287,0.0216077748964759,0.0414412012612496,0.0455139297846529,0.0357229762736718,0.0339764189193516,0.0467082054946032,0.0344796889014948,0.0371658609853538,0.0409155689902535,0.0432340010635017,0.0441998624110252,0.0308557620847463,0.043411610690779,0.039180749024779,0.0274116832720331,0.0405803996586161,0.0389457250739066,0.0457033925001982,0.0343766158435415,0.0312980034637816,0.0384410080318809,0.0277558834641449,0.0386692162465386,0.047085685898372,0.0405188156172245,0.0423136101519976,0.025006067574014,0.0392290200258922,0.0273538523671409,0.0402984912546503,0.0366896814829755,0.0312790921602151,0.0424625397517537,0.0473372691240288,0.0322900704035649,0.0326503820281796,0.0354954106991555,0.0397030417306185,0.033971695406496,0.0378396599409453,0.0321667413443796,0.0427379589381198,0.0363876645909247,0.0346388449609559,0.0334905411208303,0.0446362438035932,0.0334285668009405,0.0352208500176345,0.0422723059709609
489.978115985287,0.0428206078292488,0.0366754431454227,0.041715898608546,0.0354877341797355,0.0458178826075696,0.0335213883268223,0.0515351524881862,0.048140985040781,0.0440409034758761,0.0423247058118725,0.0392214716011044,0.0415903864044492,0.0339363491398189,0.0381401407449068,0.0362033606931607,0.0291647223467454,0.0336249060802841,0.0456371227562017,0.0334501717358194,0.0380717393403561,0.0431763535100226,0.0395098653261246,0.0400205181741073,0.0517451853115232,0.0415432128934069,0.0367907048821516,0.040686772494798,0.0421100956924419,0.0463376146350719,0.0406923575992806,0.044207186431242,0.0382226726237168,0.0474350159205501,0.0440182398627039,0.0331515872823667,0.0461158940668819,0.0393760389046818,0.0447145911725283,0.0422432335841374,0.0495224393027082,0.031983130716306,0.0331837378614749,0.0445256825112362,0.0371824865519879,0.04200493378461,0.0409875035053177,0.0504857568131869,0.0364975750283387,0.0404841134383698,0.036496554128482,0.0500858812077883,0.0411278042218813,0.0428192482728701,0.0383408532288771,0.0390867317916769,0.0312775814556477,0.0333296127265125,0.0304223947404889,0.0324267878011213,0.0445816650249765,0.0437330375580439,0.0388702321872465,0.0395608843583386,0.0387180424032508,0.0401677937871384,0.0298869012711699,0.0325530969031105,0.0348878853119469,0.041692590247981,0.0469387306398185,0.0390836996729596,0.0379181618016405,0.0335066711768369,0.045558253112814,0.0437470769421423,0.0455735414116421,0.0376887449872256,0.0331542267756186,0.034804387891046,0.0398447584615111,0.0390646646905603,0.0455250995288337,0.0384739486649274,0.0379326598848887,0.0472380544831279,0.0567644664057834,0.0467255344049973,0.0455609081527721,0.0387448851659679,0.0438482432666554,0.0428377339099183,0.0379815134120042,0.0375093075692336,0.0256516353647965,0.0406687524283523,0.0431541916292493,0.0428318974235834,0.029692975297245,0.0425235970786313,0.0446085059869404,0.0379275358661136,0.0370375113450586,0.0415414752644966,0.04435768238256,0.0366947105939106,0.0427881533327836,0.0393998958200184,0.035594721538354,0.048124799681749,0.0425122488577272,0.0456679821272738,0.039191739268204,0.0389275506363497,0.0385019693776628,0.0407967854321249
493.452639744435,0.0385322933950143,0.038982841283684,0.0348235707953108,0.0410298806520367,0.0286732675126576,0.0314196090807277,0.0352650286415456,0.0409405647687669,0.0452914573891788,0.0424565366933086,0.0328063567857738,0.0335332898440996,0.0367514937398407,0.0366232707372361,0.0447139492773707,0.0375212976303297,0.0315328382569206,0.0309122048911726,0.0369004539684598,0.0299758491054704,0.0350974669820656,0.0233531069864431,0.0257132005659772,0.0271005101187225,0.0295322232283818,0.0319062256783444,0.0473861663226886,0.0377916741475144,0.0266042442589151,0.038617706942086,0.0348802236743247,0.040436162597841,0.0363009885021077,0.0310110179130484,0.0348536415288811,0.0339282469175561,0.0287959255319034,0.0398144093440175,0.0378331943066699,0.0363042100379205,0.0381337638489687,0.0321859823282855,0.041865527804321,0.028671665858398,0.0312497259288934,0.0314831757204195,0.0356844536424215,0.0398429488019412,0.043884206497321,0.0288717371705663,0.0268383834761206,0.0356034047355208,0.0440122347426325,0.0279071223729404,0.0302491129911225,0.0220337572142195,0.022461019706625,0.0348724988749415,0.0308720444139509,0.0363265489202949,0.0393919868222357,0.027282337752099,0.0401524455437018,0.0400090007393656,0.0419089686242885,0.0212085868617096,0.0339654197399878,0.041558112941081,0.0372850372955738,0.0397749909180613,0.0330061893090068,0.0412888723026002,0.035266441709441,0.0439443053062953,0.0371861956419001,0.0328690321658911,0.0432505159144286,0.0376131903558146,0.0239852928940444,0.0493832557378332,0.027571711000909,0.0412383508869233,0.0428733769309515,0.0374117000440632,0.0367720164180128,0.0298174344461832,0.034178326751196,0.0345129727297879,0.029041139830314,0.0356504079050492,0.0276972554578978,0.0347138418481259,0.0397287579180293,0.0372676540186763,0.0362789123158353,0.0325525254431059,0.0411889452307604,0.0297489534941258,0.0320665170440147,0.0302840272007914,0.0285084291970121,0.032123499040397,0.0236008297071573,0.0318596604080526,0.0297834030936884,0.0204003665631059,0.0322944217923539,0.035646098665259,0.0331105810182387,0.0386109817074825,0.0201806597483882,0.0282167719526233,0.0389137520154407,0.0379497543105534,0.0403547955468605
496.92455426359,0.0342149406787163,0.0335504464879469,0.028444333377563,0.0373758795236527,0.0282727668292733,0.0320628524282964,0.0271908964788065,0.0365319629746845,0.0361462613896391,0.0343592265524556,0.0248271094972258,0.0407798924630776,0.0395383301498582,0.0312832239145986,0.0319314895033998,0.028212126916758,0.0327091451711794,0.0353803517424009,0.0353699663818487,0.037169995528196,0.0423347792984834,0.0413980936893182,0.0333516009569488,0.0276880392977346,0.0306749649401288,0.0303435401256039,0.0315380376973965,0.0350949394850622,0.0343930243335517,0.0256861682032186,0.0354521071743419,0.0396204157121555,0.0305100932399053,0.0261829117574989,0.0359763168791205,0.0389644844764675,0.0288309043652372,0.0299184464983205,0.0395092178856,0.0363109344287787,0.0364876783782278,0.0333360631580326,0.0353067144454646,0.0287458553942675,0.0334783985060089,0.0355086830674833,0.0318462723610045,0.0305535578961653,0.0314209723642553,0.040435647629099,0.0290356568778887,0.0339640742087354,0.0262226901201065,0.036886073749585,0.0364867433849486,0.0271359261075966,0.0233727117984932,0.0359913866103438,0.0380703621785914,0.0402494666620365,0.0333757623731459,0.03233438849259,0.0362800116681484,0.0339094279181157,0.028787683310078,0.0232497568963469,0.0219321754051384,0.0299781132020505,0.0384206562678574,0.03035801563626,0.0335931629484582,0.0329953165755643,0.0265007992095314,0.0511700590286228,0.0355536970262092,0.0290332108189496,0.0328320866737887,0.0420436331120105,0.0229616469246446,0.0377463098427566,0.0391676709608984,0.0369237011423051,0.0358114614028799,0.0295829805098323,0.0301600807986204,0.0315149989318697,0.0363839931531518,0.0350766147699947,0.0377281619675421,0.0318083354207075,0.0310817868900749,0.0363353027352702,0.0251876702766917,0.0341425508660949,0.0296508227020209,0.0303148938024878,0.0345311926344661,0.0414740933489377,0.03207022188677,0.0319047303844951,0.0335307761465882,0.0364545001759769,0.0355791435791854,0.0359538834354966,0.0425885181404558,0.033485272972986,0.0405711788152802,0.0284449821964307,0.0336562107500065,0.036359023797466,0.0411570939319039,0.0381173054719984,0.033935731164861,0.0308464819007338,0.0297837174814152
500.393862304703,0.0375927458437855,0.031394107287441,0.0339652747457559,0.0347717851406798,0.0310901856254197,0.0332320157623625,0.0322482770132401,0.0298363782377773,0.0286089343097761,0.0393537153982923,0.0393328298950039,0.0342007626507115,0.0396366342661686,0.0269995760738284,0.0370268016478088,0.0343067324909734,0.0360549766363396,0.0348775128693796,0.0349108282465869,0.034487750036079,0.0352934425768654,0.0409828031147528,0.0297061142921261,0.0304442155226249,0.0295927050984795,0.0226080192562549,0.0310399530981761,0.0197171602447403,0.03003058918864,0.0322187698103392,0.0276376828445062,0.0372758996887187,0.0343602962451802,0.0377422413191769,0.0315589936533878,0.0322853758465483,0.0411617756895618,0.0310314245109804,0.0267044699283279,0.0313196256608091,0.0359226839537742,0.0339134719751477,0.0320355401910144,0.0336367599089912,0.0340527415478213,0.0355502504600828,0.0285293127998437,0.0338418566765641,0.0347629837647523,0.0278122492498818,0.031204694364617,0.0350915956979376,0.0368348238125274,0.030838148420398,0.0315068360190215,0.0161015969043833,0.0287531292250957,0.0332287355073401,0.0260292212890086,0.0341563855636575,0.0333690886833254,0.0284674414284907,0.0323791574430893,0.0306101907298614,0.0365148477736603,0.0235619474750875,0.0204888465061028,0.025548044247584,0.0350699458428647,0.0292533337661462,0.0308046432342947,0.0313220805728262,0.0337266068725309,0.0312067663085019,0.0349941819351504,0.0273929499513236,0.0306364001098219,0.0365944401220997,0.0421034301657299,0.0305322955762422,0.0369750182524931,0.0331226742720434,0.0347098991387862,0.0357232687554253,0.0307307358819887,0.0364922434467896,0.036919087999024,0.0350572408275204,0.033927409775052,0.0323221742173956,0.0316258359299644,0.03137237144694,0.0316681144493614,0.031514709223289,0.0406699242644145,0.0381200043911501,0.0256290077586062,0.0364589565902825,0.0270768219502116,0.0323955035103903,0.034071570078991,0.0336665405369655,0.0366390568187719,0.0400199523075722,0.0377549075875524,0.0345267807689584,0.0356103758365793,0.0317727673653725,0.0291630390997946,0.0419091139642365,0.0355385900079313,0.0347859902192447,0.0344133806438639,0.0269766462410215,0.0425720363111669
503.860566625786,0.0486658618954717,0.0451820256717967,0.052471020052858,0.0531702958954552,0.0468646416777719,0.0415850189413389,0.0465987071385719,0.0501990592069178,0.0488690041603193,0.0530666607570974,0.0410177702147931,0.051613394174621,0.047688045778343,0.0400372332203826,0.0426530283242605,0.0442309872390479,0.048713988776759,0.0563139712638573,0.048727482389312,0.0460016454015576,0.0490491703005522,0.0421190131256754,0.049078576807175,0.0490975819703268,0.0482554229805861,0.0500300489675492,0.048089014425135,0.0554713518353289,0.0487824400598065,0.0473867741541638,0.04905256687622,0.050906448316916,0.0451656187396999,0.0416118657202717,0.0381377149573633,0.0528479297243963,0.0405789830107388,0.0442572594249379,0.0511144963795698,0.0544634060242631,0.0464262972092479,0.0518747170125834,0.0513994671695523,0.0438828806110402,0.0530328740897596,0.0417774106146954,0.0493657310956382,0.0425827804331392,0.0424442425625566,0.052497047113894,0.0512310542809556,0.0496106484543229,0.0446310576496034,0.0553127968997132,0.0421619083160496,0.0395436535329178,0.032978032508988,0.0458512400012646,0.0425009796612192,0.0502290242057469,0.0377254217952538,0.0445745402895699,0.0495182930293755,0.0470959579420897,0.049158122631745,0.0464767307825398,0.0436096166970043,0.0453854496654701,0.0445063507014423,0.0470264745589768,0.0385854083193906,0.0523374545617171,0.0503148432685672,0.0500151819066069,0.0542347657725443,0.0485243441735029,0.0493150643604545,0.0551978973504012,0.0448434961665132,0.0366450913043479,0.0435608391476394,0.0444525788522736,0.0482796133202817,0.0491137879528127,0.0456955319411744,0.0408894201400577,0.0412582926925408,0.0505298955642819,0.0431004077973509,0.0470560793583531,0.0478839372976556,0.0509680277981695,0.0418985090599123,0.0530298134461478,0.0411655431633479,0.050932338590714,0.0460630005634206,0.0503549478308566,0.0623564467239929,0.0510350202612005,0.0407056740540513,0.0335782424116162,0.046927227816112,0.0506055092008127,0.0526380262021232,0.0508332235045108,0.0471328721160236,0.0478522635524138,0.041343462299344,0.0457528598736988,0.049263816112051,0.0446287911373529,0.0458309265630232,0.0497141059565044,0.0494840681848512
507.324669980914,0.0376416990999213,0.0336054934472441,0.0324493915251561,0.0391850184103008,0.0398867362757935,0.0432516674813726,0.0384366348137097,0.0445732646620054,0.0330900192036269,0.0339500101741603,0.0416507179023341,0.0332256410091732,0.0354927623499444,0.0400354596990144,0.0381782836165699,0.0326318580788991,0.0410133103586442,0.0282956469067693,0.0399581061922789,0.0394329578910217,0.0397576689901647,0.0321679535894946,0.0309052267553997,0.0402665578588608,0.0355834105599071,0.0338589328136892,0.0365493921418806,0.0367363662834248,0.0399547886878538,0.0327477801732293,0.0411839474815063,0.0365029562081966,0.0403626936184985,0.039980782607112,0.0413815209604476,0.0366517417171935,0.0321246223728823,0.035931319376302,0.0349184214881326,0.0295365859836049,0.0446948204312254,0.0300860883879066,0.0392261866842581,0.0363353432582457,0.0291547065188651,0.0344165271150562,0.0273067320169384,0.0354008320891355,0.0282565573068449,0.0315812748128884,0.0392525370126674,0.0350232890427303,0.0256407859344931,0.0242108888662154,0.0309706889815323,0.0169420330038764,0.0259236623735115,0.040280215232534,0.0309515701835183,0.0302078017020719,0.0288801736814568,0.026203851382018,0.0311459254367504,0.0329795140706199,0.0194695800108926,0.0371071384582157,0.0225424405251081,0.0293035130515388,0.0271686137178035,0.0441964451932664,0.0368553514077321,0.0417423623588445,0.0359381608946775,0.0405262776153651,0.0409502624606247,0.0323680387348659,0.0294613764499684,0.0414830247249765,0.0388229220263068,0.0315996014647681,0.0336062815202551,0.0368068522450335,0.042766510550407,0.0339203887920178,0.0301220687374557,0.0425010240581804,0.0379052413882594,0.0399217348487559,0.0257009130392665,0.0376501790073339,0.0348759341310564,0.032290393790646,0.0305111457099613,0.0340568894774669,0.0300330943401729,0.0362999338845717,0.0337804853438927,0.0408263561350471,0.0313591711339063,0.0376992720847482,0.0328403908375491,0.0345533420793882,0.0321402953608122,0.03598056178374,0.0306714252551565,0.034342337905092,0.0382631236625385,0.0283408674089303,0.0345672780081664,0.0378225428162021,0.0397152579812922,0.0368390838119411,0.0435101887546081,0.0343736259109215,0.0361678271835218
510.786175120224,0.0525198277037249,0.0517431431605147,0.0546935664055675,0.0672337139930031,0.0615567279831605,0.0593150441119625,0.0543740287949254,0.0581054497922088,0.0674788325614065,0.058540079676132,0.053512141385519,0.0500729368693127,0.0488093428936672,0.0568131298014575,0.0582967400648099,0.062341303793237,0.0640566310157665,0.0617583379510359,0.0570185828957098,0.0569085078611514,0.0611285441463199,0.0537861374685479,0.0571886831329256,0.0660036396081323,0.0701189657435863,0.0461434767487471,0.0529927389072009,0.0559309966518033,0.0575478567063894,0.051109478230607,0.0552308094905791,0.054078198706212,0.0532597305262045,0.0645874016337637,0.0611336363617475,0.0582715222569509,0.056134383826608,0.0502042949513371,0.0509346442844364,0.051520504099636,0.0568065252153501,0.052888197917559,0.0518994382048671,0.0583690493786014,0.063260404066415,0.0564051298468781,0.0634754692757798,0.0610764905202157,0.0533528862636188,0.0595043815640494,0.0603071423965805,0.0511625197714039,0.0501040544372985,0.0569606124323752,0.0561134541696672,0.0489471910737199,0.0469609769256919,0.0522965380714009,0.0572462587298624,0.048998238771156,0.0628211046472926,0.0578116714357611,0.0504466854475487,0.0516698530840235,0.0512852615582815,0.0418527656915647,0.0483981216191217,0.0639937095470983,0.0616225045172629,0.0635809828785112,0.0535038775080145,0.0632554407451957,0.0613079482237498,0.0553978298996787,0.0617867834734682,0.045656972685325,0.0568853840468534,0.0655034176911191,0.0578802569520025,0.0615840662806312,0.05499743381562,0.0513302455669125,0.0584580673555274,0.0590122725552815,0.0505772438533725,0.0518040836828749,0.0476633033787086,0.0603264954438539,0.059196662844899,0.053972651538294,0.0589479455280521,0.0551089759560105,0.0493213786185275,0.0602454674643195,0.0652714930179843,0.0507343801398183,0.0558208409086254,0.0552226554440325,0.052228754395828,0.0606894648131303,0.0516615808322992,0.061138175458976,0.057073935662301,0.0525544052723629,0.0529696254667688,0.0522324137906954,0.0491792766173856,0.0460306953427655,0.0489187846797322,0.059508449817673,0.0506176829539888,0.0526761029404701,0.063646211087788,0.0597736861847136,0.0515270640618963
514.245084789933,0.0392320909761327,0.0406611518134074,0.0384106750413458,0.044024891171655,0.0404556669002816,0.0442805576372955,0.0384768683997101,0.0371845418457541,0.0434587998162326,0.0421005532464251,0.0453897273945923,0.0474735891639106,0.04134745157819,0.0415761090807089,0.0504079375149573,0.0374582939313961,0.0442110428698605,0.0380779367817808,0.0470919045939369,0.0508307809585994,0.0424627745596634,0.0421992403079119,0.0411029541573832,0.0378981038207636,0.0529979885569568,0.0377343667546787,0.0386507530776873,0.0481422982184693,0.0387453882240517,0.0450789159673829,0.0373822715310235,0.043119599264551,0.0446393337239943,0.0328029671374915,0.045581732025411,0.03812412181216,0.0448223083716882,0.0318881670244223,0.0458003244915932,0.0453139055875625,0.0489154932597401,0.0397496615380823,0.0429858357411415,0.0550725057502889,0.0485443187128952,0.0489869630701433,0.0402616397168671,0.0417806162637877,0.0494824832686378,0.0407290861100548,0.0455632942573906,0.039873204374834,0.0288275005116031,0.040799836348219,0.0359144133589246,0.0280072729796259,0.0460329784717051,0.0417158495437572,0.0412493063052023,0.0472310477172769,0.0374533069812167,0.0393842953353843,0.0392260958776064,0.0391921516833795,0.0429670142138361,0.0346848267249592,0.0350968224966288,0.0423344196530774,0.0414424055823194,0.0328908100678173,0.0372149151440452,0.0420768787256834,0.034720725303374,0.0436352403669663,0.0484461411755747,0.0427905618562782,0.0419268927041487,0.0462599281684745,0.0408882198003205,0.0420132223456475,0.038932808235339,0.0463369257306495,0.0409121016120189,0.0476817878874334,0.042158633268657,0.0390223694122969,0.0426125182688771,0.0385758522705888,0.0395753732770908,0.0395796129104511,0.0498183841331422,0.0429327587148477,0.0459744143851048,0.0464717738235345,0.0408260034872393,0.0310101639274492,0.0517935055317295,0.0356107115556588,0.0410502647909047,0.0489506169128961,0.040956475309303,0.0391488586778017,0.0395087674196898,0.0444217014584429,0.0464231191762889,0.0460640773745396,0.0336492688337362,0.0414658699649103,0.0331794986330817,0.0582340727703415,0.0448883380720839,0.0393283801079375,0.037688212323381,0.0394860560805521,0.0503792684945982
517.701401732335,0.0546055376772493,0.0559889383734341,0.050295782866018,0.0553007321798088,0.0572007166346977,0.0675001055040227,0.0483246077677346,0.0591237327396915,0.0510560635001887,0.0491406361809275,0.0520778549773987,0.0504689607906289,0.0503524545101265,0.0561306356006158,0.061516832093286,0.0549864757078759,0.0496147508530114,0.0500670923507175,0.0475903807011349,0.0600440019207466,0.0632285817526856,0.0495429685356115,0.0485717458299592,0.0520488699453061,0.0605658001467414,0.0561056747053656,0.0544889905210156,0.0535285243715585,0.0623435562541182,0.0514744565553787,0.0534655582836199,0.0391347794217664,0.0585542480883856,0.0420312440078492,0.0581135619202462,0.0569060429036763,0.0514090527206428,0.0587984100571646,0.0461971090863724,0.0473632100705344,0.0537582406593982,0.0521575473454585,0.0550496125534415,0.0544400359850401,0.0614513584533045,0.0398454916000741,0.0593379873359664,0.0575350267530961,0.0581420513066393,0.0565172647221667,0.0622269243042432,0.0453311508360463,0.0565793873360864,0.0529403289739694,0.0565250590052032,0.0426947002203688,0.0501369463126562,0.049823754088324,0.0619990086353992,0.0598622203096045,0.0515786032673208,0.0492660678167748,0.0584713753768625,0.0527277514364122,0.0604425434488322,0.0399348936005858,0.0480371417227112,0.0521214751996252,0.0518805297717181,0.0488826969236717,0.0560383935798839,0.0563312332182933,0.0556143193242458,0.0445933082116036,0.051050657799168,0.0588036729036512,0.0610448759284477,0.0521642761728983,0.051157514665554,0.0635939561090245,0.0525629536014765,0.0673026587317696,0.0587261030591613,0.0598395650570602,0.0475800526495648,0.0576432395179511,0.0517680531857121,0.0567073408494756,0.055681149801915,0.0481752442559969,0.0569657555103433,0.045481150185176,0.0496164577476495,0.052637983001697,0.0539137623040441,0.0593767515459226,0.0477386629041408,0.0488367740641109,0.0568956548766066,0.066377420577105,0.0480331366957919,0.0542244598248489,0.0485964715789767,0.0498602355127791,0.0553247743094847,0.0551612680768833,0.0544169663664901,0.0546543416865545,0.0458056189251777,0.0502200228706988,0.0562894201015348,0.0551089043033326,0.0539299434711429,0.0539599445594917,0.0550501518199255
521.155128685819,0.0572615127565736,0.0602732868029081,0.0502236497285435,0.053606680639961,0.0511940037088396,0.0535191419083745,0.0570470641837055,0.041531187075904,0.0542603811489349,0.0506860751740443,0.0495277280578037,0.0575260627466441,0.0486886989318777,0.0533090514353594,0.0490954200094893,0.0493384114237236,0.0483968809846268,0.0587337223324552,0.0579639852476087,0.0473455478955459,0.0488905547765375,0.0458000331563694,0.0527970170567966,0.0535425040126872,0.0505306194075553,0.0481984686128597,0.0499777179565624,0.0605374955774006,0.0352199446824667,0.0540529167382286,0.0533268503829932,0.0581272560156317,0.0579359840374593,0.0484954834667138,0.0392000474557617,0.0545125668401625,0.0501248423594271,0.0520160901953899,0.0515692843446232,0.0499375395562127,0.0424825329460357,0.0536551623624433,0.0554768887700806,0.0548567426087586,0.0531871412683752,0.044234936120038,0.0542052906923632,0.0524343258912167,0.0503933586720014,0.0486681026333972,0.0528480789449676,0.0468466510012425,0.0536431610777122,0.0511658194477371,0.054171176484749,0.0291686002353467,0.037900321089678,0.0463444025529563,0.0530815213180468,0.0480520834119029,0.0541496152205515,0.0507853926066121,0.0488588888039297,0.0549108929167873,0.0498711598950463,0.0496812762289532,0.0503278102934984,0.054150666592916,0.0595048494555975,0.047608461093982,0.0530803910135961,0.0472868357366687,0.05714467241721,0.0521749878212763,0.0459163843756659,0.0531006764467848,0.0476817999885702,0.0520209367238354,0.0450258423458729,0.0556530753703815,0.0458004274552653,0.0454727852056376,0.0547357741524104,0.0506928754878792,0.0518641365000517,0.0508711542888161,0.0499472127991901,0.0565189182328098,0.0533409953948935,0.0545516812793073,0.056213294248779,0.0589297417138529,0.046214375076087,0.0529968853080891,0.0454314159758218,0.0513469018332087,0.0519671119503677,0.0497798815379658,0.0462140019609562,0.0479738541509791,0.047846357535445,0.0463633384937761,0.0549341884423861,0.0492276894696891,0.0487232055183062,0.0451158154612997,0.0503899542107791,0.0561460772635603,0.0467131494525187,0.0477716284167755,0.0477381749576083,0.0521572963595031,0.0569824082945324,0.056448076280529,0.0495930460836968
524.60626838487,0.0543724949655701,0.0502096391252503,0.0555459509196167,0.0567384033398244,0.0576041736792273,0.0583740307464487,0.0597090240292826,0.0583341232964096,0.0432508895143151,0.0527505775737851,0.0530898936229328,0.0528026384937331,0.0512544205950702,0.0423282026168389,0.0562315902397077,0.0480720636259632,0.0460525879344492,0.0547418069376844,0.0540050059426994,0.0619745358416708,0.0558985787271645,0.0499289690330144,0.0564587385248024,0.0506161905533579,0.0629875401789573,0.0491994548262596,0.0481850781041956,0.046064701141084,0.0515993139262024,0.0490243334074524,0.0615208387850654,0.0565880299875402,0.0503058700754956,0.0511014156598913,0.0511265442534874,0.052648379961177,0.0448913419072222,0.0628663636233056,0.0446852021654511,0.0508281785430076,0.0517088580457176,0.0502281099584872,0.0431622589847789,0.0450174385898452,0.0611609535744417,0.0502911767973156,0.0534419437076095,0.0456619416162857,0.0497148715607997,0.0528710219192048,0.048319889855734,0.0460974157501022,0.0451046517178292,0.0521408383246816,0.0545864364332554,0.0472441690681313,0.0425072218924283,0.0483425990600088,0.0507228148659628,0.0511954682981344,0.0561444562794224,0.0544994412093982,0.0597328725214745,0.0531016904145065,0.057402307982031,0.047514583066641,0.0453227529782136,0.0578091038658774,0.0537286585422749,0.042970066891658,0.0590192393713684,0.0542830756519673,0.0553324511139032,0.0469802565536096,0.0605831243066495,0.0507065231446347,0.0579442914558406,0.0513029851405066,0.0546944089490292,0.0465713701570218,0.0527709918245614,0.0544746467209205,0.0496293525960083,0.0448779576566902,0.0511279770027664,0.0589595260799613,0.0557635549484197,0.054085629057358,0.056391242614922,0.0570650718732778,0.0526214424416625,0.0362912523622968,0.0444041860612756,0.045446807275674,0.0501783757205274,0.0483251868347638,0.0545062249253696,0.0467959477690551,0.0476505625712494,0.0488215707043124,0.0470750562315391,0.0559304827045773,0.0449095634291188,0.0475607458902141,0.0623729280415921,0.0541593313678527,0.0534906256124879,0.0509422042469113,0.0481501741480111,0.051448366315545,0.0552107046896683,0.0579797659629413,0.0567170912932799,0.0485813241986933,0.0515496160121325
528.054823560073,0.0503523769625184,0.0505834657996687,0.0483690829706443,0.0490575690120196,0.0564123863394212,0.0498857155731088,0.0442464091430506,0.0457635542616941,0.043125894390878,0.0476806790160291,0.0463907527447236,0.0567406449770626,0.0490045009652084,0.0475853759765623,0.0398377606321819,0.0467783342657484,0.043131522813385,0.0342471945813649,0.0423157423203644,0.0432030612997933,0.0552058603720452,0.0477111404324353,0.0445500741322793,0.0443683495799039,0.050152325151966,0.0440288365324617,0.0375772280228676,0.0414666193581453,0.0492164344390943,0.044510519805375,0.0451341274539054,0.0465197782005955,0.0458713683638473,0.0493019824239217,0.0442855156334372,0.045191840579878,0.0536356099966701,0.0477507223888021,0.0433326772427928,0.0500352764681489,0.0503655691063929,0.0435089385159369,0.0446393285263316,0.041072758617063,0.0452529979775923,0.0478449897960624,0.0460564659500143,0.0514684568141461,0.0451865986928282,0.0405747579338464,0.0529783625565126,0.0497938251762978,0.051032553625816,0.0392011619859874,0.0477013550119531,0.0250285115230357,0.0482094894628388,0.0481118758880954,0.0428477702376425,0.0365561062443549,0.0394496391938615,0.0398499627083433,0.0517290945148757,0.0518295074763946,0.0456771890381147,0.0430543721496981,0.0430834274117538,0.0465317156846363,0.0451389685844579,0.0466451885113577,0.0448502682033727,0.0429675325032694,0.0441010636173925,0.0467465719332654,0.0531907595958025,0.0482847258441719,0.0549782456178411,0.0478214017643741,0.0446876255249212,0.041913823387922,0.0503574462508264,0.0537051604835846,0.0455846826346252,0.0474341613052757,0.0498095104099819,0.0477208081252988,0.0440343842247094,0.0488533199415319,0.0518304845412196,0.0458515599193929,0.0478771184317405,0.0475006082697987,0.037709142496753,0.0478534140622385,0.0482695035743771,0.0519903148566185,0.046491460907121,0.044341531788872,0.055132685307102,0.0534979002903627,0.0401537526790414,0.0452885558935165,0.0354022576673451,0.0483851278340708,0.056784200051304,0.0489759743539506,0.0334480411836719,0.0501561538669493,0.0490033948755317,0.0483858874142502,0.0355360209989865,0.0522219865169097,0.0427144053963319,0.0428620578760617,0.0508203633003825
531.500796938122,0.0545805075256018,0.0553362850832827,0.0558049523889366,0.0526739081959454,0.0524882756890859,0.0602335575444064,0.0523358192642631,0.0574308640520758,0.0571592204258239,0.0546105716042379,0.059619565128512,0.0524757354788286,0.0626899960022713,0.0576953878236564,0.0592296637186459,0.0476619998071748,0.055569346381333,0.0543654122604186,0.0614088573295856,0.050118031582266,0.0511969997604247,0.0496791339469196,0.0545886442590831,0.0556662884289612,0.0537678047783594,0.0505593009083777,0.0456162093703092,0.0593959510308738,0.0495612803494435,0.0540477310210151,0.0585003248376732,0.0554284375420264,0.0483932190270505,0.0513055061459226,0.0589144547194001,0.0621955323163611,0.0466663633619352,0.0568905600002393,0.0530705046730399,0.0431412536153556,0.0484401827019957,0.0487334943016335,0.0505109878570244,0.0494830451893382,0.0607638843578162,0.0611900447744672,0.0512843620044733,0.0545074033036837,0.0499128660488565,0.0568028450654036,0.0586939167394651,0.0612911474966426,0.0597203701064302,0.0428982993572677,0.0514176623092453,0.0384408689748309,0.0493828841187317,0.0583132555100654,0.0530582049809801,0.0512967847868933,0.0622485167304109,0.0473982844401176,0.0625488050553731,0.0584544588393672,0.0476597330751792,0.0515786680256348,0.0626146675056162,0.0523447485999446,0.0465515995518018,0.0536293270412186,0.064120996355731,0.0582203304165431,0.0560441209538493,0.0492569241814882,0.062294955740308,0.0591819948026777,0.0464847017311672,0.05744781867318,0.046660917113576,0.0489148652342436,0.0490177895809331,0.0588643892773617,0.0551236498073918,0.0499629752625726,0.0645505774140628,0.0634739716004462,0.0618408217248709,0.0513539688346778,0.0504934990191597,0.0570793157627901,0.0532255559637513,0.0614151320663568,0.0482588033955168,0.0539113814903279,0.0490952277218592,0.062342438497468,0.0633817374491466,0.0518866486834794,0.0471296782295974,0.0537407700136832,0.0543542159773083,0.0515297201806128,0.0530929265418419,0.0506936809701541,0.0479665921356419,0.0612433905998867,0.0497037606608874,0.0593447175394449,0.0476027892921118,0.0497708659513536,0.0578987862858471,0.0486371412002695,0.0615891303948844,0.056141239820904,0.0543157354863259
534.944191241836,0.0444366250481555,0.0556556918081188,0.054537605469745,0.0487135421051525,0.0507014755339838,0.0483614791938898,0.0510749547454811,0.0414179699470592,0.0624353169555058,0.0571398012528301,0.045190266485718,0.0481847808521954,0.0449564197517864,0.0395867078459248,0.0545322907504302,0.0529278367744871,0.0503961874218405,0.0497434374149266,0.0463634146278242,0.0553646195835714,0.047708541238759,0.048987018518847,0.0506650236533683,0.0526602792231205,0.0568075079111203,0.0425407190229443,0.0492341858908841,0.0492426408009254,0.0454707301799981,0.0483981209544599,0.0546002336593236,0.0508073232412891,0.0535737628801762,0.0521872386332556,0.0531225750985768,0.0491200028486597,0.0447117399535114,0.0499986617328591,0.043326290512556,0.0511304737592408,0.0509265330689198,0.0495779698737471,0.0558023699368258,0.0616348606211646,0.0458873621099293,0.0502139471979795,0.0515391738332254,0.0492979966360849,0.0567957340325567,0.0466488685720364,0.0508331867068964,0.0587813018943762,0.0499847912318647,0.0404577565857293,0.0439179658047389,0.0426201384756307,0.0426529262637725,0.0541756157341198,0.0533615991942905,0.0510292930885457,0.0438532135885451,0.0465847714254524,0.0445113548113998,0.0441030398965319,0.0468682029077384,0.0385709854268426,0.0564049434362729,0.0603396543907081,0.0523946741458917,0.0472404612093275,0.0498973698670198,0.0546075752943692,0.052491572987524,0.0528485947385774,0.0421800445812879,0.046695449042898,0.0467654586739943,0.0550069314870959,0.0529735055994463,0.0497671955678791,0.0493025845485123,0.0461319202184421,0.0608248609261907,0.048545175925931,0.0420979306584248,0.0565918641266862,0.0495106233168464,0.0532731294741695,0.0561725540723509,0.042524462691267,0.0484257706504097,0.0496239664377025,0.0474470128667968,0.0457553474806227,0.0515509621875734,0.0508462298657974,0.0436784062652694,0.0504917247441123,0.047380827207877,0.052304405728936,0.0546130967990157,0.045198703065138,0.0522437110487294,0.0504573328785608,0.0572661421079721,0.0505456087554676,0.05327381181311,0.0518361810242219,0.0584233394856851,0.0528068230967874,0.0575424477933354,0.0604282897617376,0.0563070495490332,0.0563481149203153,0.0498099918429281
538.385009190145,0.0425412960595278,0.0476863446750812,0.0429404916155962,0.0506580723194079,0.0451005444928145,0.0475584689539881,0.0388188496800831,0.0281987807584483,0.0474964840347562,0.0383212285293523,0.0552943456330592,0.04335688256119,0.042094406505204,0.0431380787751852,0.0374969958471828,0.0454901558424692,0.0424487074551165,0.0396029424730119,0.0422942237992111,0.0507364830527672,0.0452886952130607,0.0619602201200752,0.0386749674850573,0.0540210868697567,0.0334570345297602,0.0367287450721601,0.0407419795736455,0.0423631650635329,0.0468633153046256,0.0335177270031024,0.0485846765241772,0.0401581661982214,0.0479824872968425,0.0464752208279184,0.03958754735737,0.0438092093047153,0.0516934029452094,0.0458391598510773,0.0396699511635416,0.0408701165846171,0.0428437277006565,0.0471307807558264,0.0428246628448105,0.051149232587006,0.0385748767225731,0.0420351959606199,0.0446227268095749,0.0489946333161065,0.037442983135452,0.0529401007308025,0.0434878577532367,0.0277256276932388,0.0402221355696609,0.0513214572648635,0.0459011154447813,0.0364161984391066,0.0443305351557497,0.0505618705740253,0.0454047337518375,0.044076601074326,0.0479360649342173,0.0412990045139217,0.0403078439899812,0.0370829273971555,0.0433027503982306,0.0289287438699673,0.0328388324786637,0.0445644033384463,0.033136591565878,0.0458291354874455,0.0434556381262264,0.0481975580808596,0.0444922041621405,0.049761667057801,0.0446207199638821,0.0380744649721005,0.0486698409244465,0.0355732613828314,0.047252124206853,0.051705245933159,0.0429557855271464,0.0447422249610945,0.043633651943707,0.0398214517819155,0.0384787376743571,0.0375515188463777,0.0453656614334827,0.0352102272804757,0.0412394968372364,0.0471231730950292,0.0379759515701019,0.0503728445297205,0.0341944408391283,0.0323182232950024,0.0445894770306015,0.0382040546632437,0.0466642431439852,0.0401569136851054,0.0360116620430993,0.0337661448989155,0.0448264955193552,0.0290230114125613,0.042111265774226,0.0401214414281532,0.0414575840865167,0.0420063123912535,0.0397552768151784,0.0387439779295016,0.0324734615062906,0.0379174990491302,0.0433227734041775,0.03643433059436,0.0405785035121921,0.0429392591979902,0.0479345054144353
541.82325349812,0.0676530648863184,0.0650262685667689,0.0584279803684019,0.0622824567493752,0.0600330506814257,0.0644824463372395,0.0572440986038684,0.0629197387660164,0.0739970333971314,0.0604773028749283,0.065883008730751,0.057411904060402,0.0594248480805855,0.0623859039132704,0.0568074691604731,0.0578673224764894,0.0592020731363528,0.0557968826749781,0.0552534015506545,0.0690597486800985,0.0653117838590735,0.062267802376115,0.0657834409095797,0.0723789838414057,0.046330544249749,0.0448523804121419,0.0706696228282127,0.0635126648251844,0.0631065469527571,0.0597610122016102,0.0603064085579399,0.0664901605719667,0.0686881876880695,0.064813436379213,0.0651612192044368,0.0657417290812199,0.0670512919118335,0.0598648939323444,0.0565541115419734,0.0488065971785924,0.0624768119683598,0.0588043014655255,0.0640921399492606,0.0605559178816041,0.0626816718324114,0.0643372501385445,0.0651588073916751,0.0629150548859818,0.0633817053078886,0.061950051507974,0.0664670903749834,0.0637449786752199,0.0566331477238552,0.0554923043356898,0.0612832348364509,0.0583638979960175,0.058352950838937,0.0529768966655844,0.0588270613069679,0.0620655699436012,0.06955713998499,0.0621009240317048,0.0649079730126416,0.0674002427017378,0.0633345473042945,0.0583004446544991,0.0573149281602528,0.0696235098974426,0.0595422705519242,0.053288009192533,0.0643184275712018,0.0689104124317436,0.065192055622782,0.0566250160868542,0.0574996882920506,0.0650172639366043,0.0648494579064731,0.068653095868316,0.0644268804894843,0.0641893808253029,0.0624519119804579,0.0633574719009687,0.0552703836588594,0.0585064291073179,0.0581309298018775,0.0637001854538817,0.0603551465132923,0.0681166498935784,0.0717857070065418,0.0505995868843638,0.0601095139897619,0.0592909915138479,0.0640946274001764,0.065620321673772,0.0674291339796132,0.0602252833471837,0.0584883181417736,0.0654464271058547,0.0566360835099822,0.0620206573201833,0.0500399272632371,0.074459451839073,0.0542767500810661,0.0594747435799358,0.0629777834904356,0.0618415042574079,0.0614347317422751,0.0539637501241478,0.0604993546157124,0.0632729549485431,0.0584110488915734,0.0679755072780048,0.064308710760008,0.0604879425051765,0.0566628440995298
545.258926876969,0.0458419502860204,0.0536987037662181,0.0462344885261597,0.0474565606417071,0.0592485428506561,0.0580773348634612,0.0454813202054815,0.0603673794125769,0.0459094013000035,0.040511779366349,0.0529074591846161,0.0515105569149103,0.0421442200564371,0.0550419558287885,0.0570653536184854,0.0520297129982199,0.0484539025091921,0.0450543358095545,0.0500296655486261,0.0479652147618027,0.0551646260759574,0.0530696476147389,0.0462363855348425,0.0517222628084695,0.0514885305857024,0.04233704900315,0.0461960689688756,0.0395265394274704,0.0484658274301115,0.0453700377837853,0.0464032945547557,0.0612890510743791,0.0442398684267182,0.0431783210257794,0.0449594805840138,0.0503606339916644,0.049889805311997,0.0617225233048141,0.0450628532201417,0.0517469873169865,0.0537857310212761,0.0454211817430311,0.0538241111212959,0.0489405112668066,0.0520642113249659,0.0374601387339044,0.0455490383935927,0.057077611730249,0.0488889281743426,0.0500690469725567,0.0558171541074049,0.0466146489642608,0.0540637646742047,0.0424163458202376,0.0492265067918204,0.0394460644243391,0.0380378161258019,0.05261328121465,0.0480720324317505,0.0467366223725504,0.0488866888613802,0.0450929439244175,0.0478995555019361,0.0490003066707943,0.0553204954715064,0.040677557990535,0.0409585919350545,0.0493779721918498,0.0474742265364647,0.0484864829042027,0.0505717541127171,0.0491492926362486,0.049956798082866,0.0551472016605908,0.0400584244911853,0.0441080204220109,0.0474489383100676,0.054639359124329,0.0493740847460487,0.0449270476862014,0.0538506332628375,0.0472987975787004,0.0527257705858524,0.0514087266633504,0.0455823771901975,0.0567371689213996,0.049040619819813,0.0500001440519528,0.0378398558930807,0.0524058532289254,0.052978690891329,0.0479675541367421,0.0486300906542904,0.0521305852087964,0.042738403230387,0.057601043352415,0.0553269242955358,0.045588056312622,0.0468700162765266,0.0494885336559377,0.035746609489234,0.0467769008367724,0.0533478069237046,0.0400205849373525,0.0572555902725648,0.0466963427080495,0.0495143970716886,0.0441519269059813,0.0473013267981784,0.0516863445689029,0.0485667666146339,0.0554800681931283,0.0468819430037873,0.0519189765719585,0.0499486887510159
548.692032034043,0.0433141959328554,0.0456493230104818,0.0464855612398922,0.0369182435377135,0.0524861384364745,0.0305625486524536,0.0397233691145924,0.0408576909548109,0.037436978554869,0.04348054118784,0.0409284818701557,0.0399622548495959,0.0306903354708979,0.0389976199360809,0.0561773904904389,0.0285286408816083,0.0387783661284455,0.0392282592480213,0.0381769228901552,0.0334094021173884,0.040057936667728,0.0380522621290476,0.0341663019983654,0.0392767560530395,0.0368477364759012,0.0342095548942375,0.0409193452765829,0.0369683613576589,0.0415127864362888,0.0385334946803291,0.0361319600490653,0.0460595134209415,0.0326581690955538,0.036838366631814,0.0451260596846432,0.0360664089377404,0.041104852770697,0.0365113972543206,0.0346571442584127,0.040303762333459,0.0384099287699241,0.0341881742922986,0.0385541840127711,0.0545259720567745,0.0354571976741128,0.0444539325541261,0.0462475394755912,0.0418962356720321,0.0409214250104197,0.0409070640946032,0.0353854150065688,0.0423186742202432,0.037531275987272,0.030980029417228,0.0421776926827847,0.0440790496051263,0.0317551288125317,0.0456178662718138,0.0444257286796122,0.0297166256877631,0.0419124773578276,0.0447272045665627,0.0364091145003072,0.0351014105149503,0.0401378081581743,0.0332107630916988,0.0374302384894579,0.0534018728994494,0.0376084269059156,0.04143401427046,0.0457230045438964,0.0432135800420993,0.0451908315310826,0.038676891547538,0.0440716157401472,0.0387430335885052,0.0454240794939954,0.0433358189421534,0.035932288138964,0.0350981421977596,0.0369669737465847,0.0469143504361617,0.0430774668139633,0.0353258277058527,0.0285693796316074,0.0464390035616046,0.0409847018610241,0.0418345890984484,0.0428727904728117,0.0339101163971024,0.0373870343362884,0.0404427626957109,0.038536704062798,0.0449202492107493,0.0395635831807493,0.0420813893917858,0.0460449045275728,0.0424145912200959,0.0459107822809193,0.0418875612586418,0.0331142525644832,0.0392510135011947,0.0382355898201973,0.0371609469648053,0.0429688091935419,0.0315254586446491,0.0414205001855188,0.0293125615477939,0.042427987253014,0.0367173891801025,0.0420173593766741,0.043507976615368,0.0409454615213592,0.0351704797275615,0.0389549748708474
552.122571672838,0.0512424732965499,0.0436322006028006,0.0423720669964425,0.0554735191526214,0.0446154716022395,0.0446321992436216,0.0481960114636434,0.0484084636085466,0.054036031227267,0.0529831354757135,0.0529718144200954,0.0472973106306759,0.0537953569903056,0.0478668752708081,0.0507862467859568,0.0435821725175324,0.0439131191738538,0.0482041541974191,0.0450035424088772,0.0423525395904325,0.0501349213923985,0.0451267445921714,0.0445803210592826,0.0454761849011643,0.0457987194810847,0.0506299458632549,0.0444040802932586,0.0514373909625147,0.0450026786861118,0.0538705226959343,0.0524797757502087,0.0458069566158738,0.0473739012557359,0.0463409327735399,0.0403060671286247,0.0484594167293365,0.0446180940433059,0.0576319271901621,0.0486834355554523,0.0498189027551105,0.044647081774008,0.0441500415469755,0.0426048369547714,0.0460881869745908,0.0394266777895292,0.0519858278465917,0.0491182706465607,0.0464200305319711,0.0503994882973209,0.0564268741640432,0.0458206644523472,0.0497388347570689,0.0477303695260745,0.0389588346325712,0.0317455831687201,0.0337283399647998,0.0451294461211821,0.0441012000221171,0.0528281840513596,0.0498455361064342,0.0469879568610253,0.0471130452476348,0.0398620675189279,0.0517466161141979,0.041960068040679,0.0359002210017521,0.0394635324989521,0.0413866595645658,0.0388602668663959,0.0438082750216203,0.0469834049918762,0.0466708331111403,0.0564186210759939,0.0471231635254447,0.049710869831209,0.054483516054497,0.0340221785032937,0.0478776398291273,0.0552111235419815,0.0397111575298916,0.0503299887955026,0.048128492514827,0.0502802430812371,0.0567304800994884,0.0370471103152006,0.0487968587977294,0.0471366003863377,0.0463916650392919,0.0500469246941151,0.0400485384480289,0.044258655930663,0.0389022258663257,0.0413709975600732,0.0439894622672162,0.0479621771618352,0.0483566551591843,0.0500339190499173,0.0431140143382737,0.0460295125289873,0.0491325544169099,0.0499348973893701,0.0464272219633006,0.0443327548173864,0.0433411834628228,0.0505354741442264,0.04855264318477,0.0487112394931638,0.0411186316204845,0.0536736226071694,0.0496884916517194,0.0398699277547614,0.05021337555842,0.0486930426228016,0.0385084734701811,0.0454758434675185
555.550548493021,0.0398341994505339,0.0426904254467288,0.0485345031122276,0.0518930357179776,0.0491630343173998,0.034263599075486,0.0423839471777487,0.0344875943779774,0.0400542968033792,0.04715224243164,0.0491265944959466,0.0500077943822077,0.049738801364091,0.0442409273735818,0.0481666269228867,0.0354609846526336,0.0374823004544688,0.04287529911556,0.0468519968954689,0.0485340061006597,0.0404551848086368,0.0379563521932126,0.033529571042268,0.0412165055853038,0.0459361339926069,0.0418904011995628,0.0385255801762407,0.0460763538903128,0.0484662578892436,0.046441396512736,0.0358890676255478,0.0485290084705175,0.0454090948406673,0.0388535045187735,0.0371140084560156,0.044687272222753,0.0413823495532818,0.0411982576117511,0.0426727306300492,0.0410852149698785,0.0419804033756621,0.0453796844038658,0.0388899988305124,0.0435462340047292,0.0433706712842932,0.0527114286829171,0.0453680799715506,0.0470811287285101,0.0456548598296179,0.0411730048732341,0.0453904457579312,0.0437119440650513,0.0495412564141024,0.0491330647414693,0.0459015343724192,0.0434779164953934,0.0427272136614103,0.0469624867125855,0.0480312613766523,0.0438701013984567,0.0449018475599967,0.0366929118794511,0.0427345894880972,0.0406226189322236,0.0487007099271474,0.0340340835124269,0.0369973360674167,0.0414933548093953,0.0417574506951336,0.0439318986047857,0.0465441194805608,0.0567508362086426,0.0411031028480523,0.0588688385389961,0.0432065173139934,0.0407239342672096,0.0440469281221849,0.0381638917243988,0.037350841146654,0.0309421085407869,0.0422010098674657,0.0411965992317299,0.0345913601785974,0.0439542520297824,0.0349587491013968,0.0511283564559104,0.0466932511101015,0.0470423308559935,0.0463608552135492,0.0373932611116679,0.0454810237879579,0.0537270335502555,0.0344639774075885,0.0493383749301275,0.049706160477139,0.0378201790179074,0.0512268675066912,0.0488005792926685,0.0422577036602639,0.0475386283760821,0.0433533154729917,0.0546689102987036,0.0329799517211461,0.0469774306994154,0.0420667971882005,0.0448001806845762,0.0372629985236348,0.0440078173794656,0.0415109661109004,0.0419384445981366,0.0365898619568324,0.0458898885788117,0.0405108487256798,0.0401901274085314,0.0482490273745172
558.97596519041,0.0515717600613573,0.056042982570685,0.0579239694525717,0.0650035178310137,0.0607184397920705,0.0554930924968544,0.0573832779568429,0.0515777967396499,0.04787067232103,0.0604292819432866,0.0539536011896048,0.0552484847114579,0.0499132088194884,0.062818073823612,0.0600698818244307,0.0581785211453329,0.0491590729070924,0.0556438337787074,0.0536256546638441,0.0541423506966623,0.0608919313841146,0.0560378602106061,0.0556825008258362,0.0484632929307431,0.0570329733848891,0.0498798182974135,0.0677722556936828,0.0544421628879852,0.0563118447177509,0.0552302504804902,0.0568889771998801,0.0572264519923929,0.0498646463919459,0.0625308172573279,0.0598026734349892,0.0559156065551485,0.0582881256311832,0.0556438629459043,0.0460859912250797,0.0638022982323691,0.0614818393061024,0.0536570782267243,0.0522849282735132,0.0528221059434256,0.0581325516992256,0.0607550245981285,0.0564307944595094,0.0553896438032894,0.0632701704088408,0.061582541873174,0.0557741858273279,0.0544341660111556,0.051883439013329,0.0520597271159237,0.0566744971990797,0.0405447114152969,0.0560452276080158,0.0492476232709049,0.0552834035369902,0.057843393227568,0.0598058141432067,0.0540281223039962,0.0494622533682805,0.0572122952092864,0.0504707545174526,0.0530756118269706,0.0479185575844139,0.0493047171944048,0.0585585946015586,0.0607114990125079,0.0522142902287912,0.0551693100264142,0.0688507874083318,0.0539596046891063,0.060360247889511,0.054187298140163,0.0567963283532403,0.0503160186143955,0.0642186632265589,0.0488579067928902,0.0500082677643363,0.059684145561504,0.0542642433594551,0.055228022867601,0.053923642004148,0.0556393071745534,0.0571733010021424,0.0532099491976764,0.0540257142658802,0.0522484394178822,0.0618576846046156,0.055959973970644,0.0469618374255984,0.0646453340586182,0.0470051613212476,0.0529955562917709,0.0512860298789575,0.063930846052014,0.05723048967693,0.056384452351895,0.0545553573856213,0.0547032246928895,0.0548158318582798,0.047566187167288,0.0586537519195961,0.064507471194301,0.0505562098315099,0.0524275268852794,0.06272603581561,0.058213478164427,0.057083730409739,0.0514422657599354,0.0564327595249607,0.0614149989839343,0.0547165326649228
562.398824457005,0.0483868134237582,0.0451350936813883,0.0423444004414802,0.03926154678058,0.0457365068120709,0.0472913150096294,0.0526144707057995,0.0455036854688746,0.04693104406583,0.0414258472973434,0.0434040427928499,0.0492213085728927,0.0489979832870201,0.0347443208534215,0.0512425669952514,0.0494542971590877,0.048171574095613,0.0425750064693269,0.0581723466667079,0.0504241326057797,0.0462267111000828,0.0372300648091168,0.0440437974295242,0.0425055894665643,0.0356989775116721,0.0405288400193855,0.0525047772656382,0.0495795370285944,0.0503558977530993,0.0396289130792033,0.0538320817885668,0.0443936577295054,0.0591290308940639,0.0456883587930162,0.0521501766945948,0.0487529820037065,0.0426753003737452,0.0446769706815952,0.0411357092573435,0.0390033962940989,0.0410079535034058,0.054834945261818,0.0490701934802965,0.0378465504264501,0.0403395632558324,0.0371341590662446,0.0504308411244881,0.0428448678036991,0.0415467673799196,0.0352958008273136,0.0477050097879152,0.040525939084278,0.0458377194620938,0.0488499322770459,0.0433659285247235,0.0278046153218379,0.041775772703184,0.0515072324201378,0.0400055847144274,0.042383514105581,0.0417502850598903,0.0418886919057677,0.046184516711228,0.0505622899428452,0.0428751842250703,0.0432304661906166,0.0314232088081437,0.0432861152706035,0.0374439853515386,0.0446567861342864,0.0489338774078712,0.044142702302214,0.0424338992136087,0.0495786269840967,0.0482960957265598,0.0509413515699521,0.0453174226574355,0.0487601691774966,0.0457609578395676,0.0467141534301579,0.0434791999426086,0.0451226426296797,0.0499569226974802,0.0401599714333156,0.0484546780611058,0.0485445046148885,0.0550364187601579,0.0443853336070139,0.0383708475027044,0.0435142123931075,0.0382879212274433,0.0412302738358051,0.0448610130052724,0.0462976222765084,0.0464877606192706,0.0452047859717116,0.0446711262141302,0.043383857407772,0.044021836738124,0.0415196597740009,0.0417989181563783,0.0323480807137549,0.0434115448663121,0.0491368279368279,0.0405280229405764,0.0481428227662152,0.049513808738053,0.0469296819162393,0.0432746630697418,0.0487337298119793,0.0393623734217551,0.0503670340615969,0.0427150182808324,0.0423900356009466,0.0436160905600276
565.81912898098,0.0528999220291545,0.0529281186474506,0.0598150914020217,0.0533989337505167,0.0577817030829967,0.0479405728620056,0.0516577710609745,0.0574614042869957,0.0585144297505043,0.0590246243649948,0.0573890877868924,0.0508350837070647,0.0523140177993606,0.0559818838129039,0.0502234611506685,0.0506251720273586,0.0466089599842215,0.0519973587520597,0.0505890099153349,0.0543395879757603,0.0567457851166415,0.0542069055834739,0.0452424573119415,0.0486037838797326,0.0571809512501382,0.0568433961427439,0.0492947925017194,0.0694462786387246,0.0587006414765613,0.046201735768533,0.0533628151255331,0.0530398166741934,0.0517133370940465,0.0556332594735681,0.046126060434929,0.05436503100897,0.0584086166728158,0.051896381059899,0.0539476596704192,0.0528343721501751,0.0643417719482092,0.0614284712165123,0.0563321749948057,0.0556847437838896,0.0490874321053561,0.0535995860399044,0.0515499549961831,0.0472653986226436,0.0569258010628923,0.0518106158081593,0.052618020924725,0.0483998007205883,0.0464556538461707,0.0578346448145588,0.0524081871133518,0.057020797398394,0.0437893242853115,0.0570443000922847,0.0483035269079856,0.0568600451260725,0.0593476659557143,0.0508373231101008,0.0600684907801856,0.0427526222595148,0.0555815430177979,0.0412788417719495,0.0506740312737066,0.050494221286603,0.0491785356178026,0.0513751514871085,0.0545521520672381,0.061348171730032,0.059080520791163,0.051268964611936,0.0565855748173733,0.0526743987361037,0.0448144156544076,0.0537463103796168,0.0589329275603713,0.0545610732382691,0.0479329515682185,0.053273993653894,0.0586903239045291,0.0513818652686497,0.0457334249971227,0.053554919506736,0.0495894568898563,0.0577071696830916,0.0497774111540341,0.0511947406358529,0.0557364342071738,0.0570718651595954,0.0513705426404451,0.0536719444246519,0.0597538608811237,0.044662046720204,0.0557602027221326,0.0489923944462356,0.0479018628256337,0.0525177318775012,0.0518354831651179,0.0552419780553584,0.0537617470512324,0.0557187284779859,0.0586648171566688,0.0546920597344227,0.0545001291016392,0.054741958524261,0.0555311444725094,0.0504148685240577,0.0581451994395413,0.0536667669008781,0.0657150551895518,0.0516057811427737,0.0532202237736798
569.236881446697,0.0480080015229207,0.0458243424233038,0.053401524292475,0.0529507802749354,0.0487003984501444,0.0419062325077574,0.0479328445202226,0.0473837793617671,0.0460649832225339,0.0437965456238661,0.0452526019072683,0.0437365122643262,0.057201088925647,0.0479179192828526,0.0486190030365075,0.0528727995243056,0.0571098872717954,0.0482139340203166,0.0589349090007209,0.0538526794292501,0.049152923576021,0.048513531331086,0.0582067045002563,0.0579718540743452,0.0489786161757532,0.0446475327509449,0.0521008350838948,0.0430782335789628,0.0559992612997464,0.0489595436939845,0.0554813221879624,0.0566595109723617,0.0560907303587052,0.052966466934763,0.0511008109127593,0.0438125282962257,0.0528279527422666,0.0486044034673087,0.0495025393739161,0.0511781985070747,0.0471457198670391,0.0511283982153425,0.0458792406831355,0.0498101611357343,0.0518466305122266,0.042920585761889,0.0553916352524498,0.0412467175620372,0.0422485524448978,0.04414114509064,0.0363685100276879,0.0484190836505318,0.0448180445730373,0.0473517064448663,0.0440823122472742,0.043647187789438,0.0440879646476587,0.0449410175417424,0.0532824686740798,0.0541105079580626,0.0522193241533485,0.0436467980420301,0.0500866710024867,0.0502018052055658,0.0457370819725815,0.0568402943045759,0.0436265228786294,0.0471857082780471,0.0385993206281567,0.0525070571876611,0.0512201496860406,0.0452836964462965,0.0458698627818832,0.055150736662575,0.0571383997002895,0.0521572083464662,0.0492367592331367,0.0521395754701179,0.0475193307578512,0.0562608171051532,0.0430043941839278,0.0538212758662637,0.0499768991690167,0.0424212629543554,0.0529714306014997,0.0508197882468958,0.0539714378213867,0.0460595610177748,0.0535747539927852,0.0506301668427964,0.0495441972380671,0.0444774436607553,0.0524572969785705,0.0489356056449449,0.0547662088885811,0.0547246039193803,0.05408104012122,0.0490047208786837,0.047339882009013,0.0469660831968514,0.0529410914287689,0.0475646547134526,0.0433955864107162,0.0537134109983578,0.0468920563166129,0.0492008566949975,0.0352442394435896,0.0436360131717917,0.0532875231776843,0.0492738957510054,0.0459082878645535,0.0448379917720363,0.05414007580912,0.0412278276160184,0.041535801560873
572.652084534703,0.0381249444958599,0.0392458893705431,0.0464199573423986,0.0368387232734579,0.0341833022998142,0.0402847225623369,0.0315691149986454,0.0423587415116291,0.0466844685297336,0.0454902581750704,0.0433239961408424,0.0345693287903665,0.0354594018312674,0.044708564543554,0.0458697642747356,0.0396626502786001,0.0428579890036257,0.0339708157506543,0.0408464426328847,0.0330976768113743,0.0393418923970276,0.0285760436137637,0.0400595921226311,0.0382109422662665,0.0385544059349772,0.0497397632381108,0.0356581219189003,0.0414398578835588,0.047211099762224,0.0441123747070556,0.0419024528344067,0.0367490055652209,0.0475489409335756,0.0475379360537154,0.0417195435119805,0.0438088930518429,0.0320958391083417,0.0298342605811352,0.0533702601356655,0.0362438906924968,0.0376922045589963,0.0451560242160906,0.0414810911529585,0.0460637207305625,0.0415692097595134,0.0429499893996371,0.0388736147307382,0.0461646167338842,0.0357356721416765,0.0419370768857407,0.0374373397942742,0.0355512761320605,0.0414825037092485,0.0262889426253565,0.0329334869355056,0.0325452241915455,0.0314230567801253,0.0366659679360021,0.0329875321679344,0.0446772902845517,0.0351856613945983,0.0397644040483362,0.041742888356667,0.0378086932384323,0.0408117617583273,0.0389887909771465,0.0365520062215198,0.0405389886866425,0.0435962814070714,0.035262994618345,0.0406113799470465,0.0408293942707107,0.0436820008290093,0.0379438931225378,0.0356341114074491,0.0510582525228654,0.0431828308192007,0.03189968688166,0.049724952058993,0.0412403654470433,0.0452060648841473,0.03268885812286,0.0450493047557864,0.0507923382209331,0.0385496528963057,0.0447505793838768,0.0419047678432614,0.0471354998195781,0.0378449368189649,0.0396286412091838,0.0399525030927391,0.0471563838100544,0.0324689250974943,0.0431233375577707,0.0403628651393618,0.0351072436018026,0.034093361869423,0.0400786862664447,0.035159102381354,0.035881162220997,0.0440027713359247,0.0425899665780354,0.0482502169692337,0.0456392931075678,0.0463007141411406,0.0371310004670555,0.0374281030679529,0.0380612035501686,0.0443380888983686,0.0413956825434513,0.0397346821969895,0.0365336461331511,0.0403462675234336,0.0395221981447284,0.0431144194219373
576.064740921757,0.0453195920217768,0.0436578181999697,0.0480885374043969,0.0395754178051306,0.0456116732463361,0.0497339606613796,0.0398561721262139,0.0395648040353203,0.0445502932484425,0.0438785041050424,0.035741355265621,0.0432644352757544,0.0434889901538329,0.0376794306103299,0.0419758974215686,0.0462688619542997,0.0450659348139095,0.0405717649446433,0.0557430531040537,0.0418607764703672,0.0393700645837529,0.0449502623104295,0.0401099343654835,0.0381942712424983,0.0451320642494472,0.0419603473835517,0.0417088681770066,0.0430769771197789,0.0372954995435806,0.0446550371311449,0.0554661858877854,0.0553214785788043,0.0491888662757622,0.0437255094283074,0.0460934209180353,0.0454498523223017,0.0483124772795221,0.0480148441907248,0.0394253491512642,0.0428212061687022,0.0509624147318274,0.0397025769321982,0.0519823605809219,0.0535975109532518,0.0551222808146704,0.0502981588868297,0.0476112974728487,0.0477688202954675,0.0308352276601653,0.0446494955233511,0.0433590772643608,0.0422292762963173,0.0436961544840251,0.0507498799606301,0.0486113362885618,0.0449954179798265,0.0356040735635819,0.0498344184991857,0.0406598171597525,0.0507547208770606,0.047767476916012,0.0403015578596686,0.0455714177150974,0.0418070518793295,0.0484972775199248,0.0494017766875998,0.0400708959917023,0.049880297703411,0.0340806227798337,0.0496896201796408,0.0455951742098753,0.0546342970806311,0.0436781859589557,0.0484261547953998,0.0416442133041746,0.0410360888290166,0.0459049947995993,0.0384520508185647,0.0431729431260239,0.0484536680128132,0.0451810941944129,0.0510523927319072,0.0466298058056916,0.05073934915434,0.0424082786772401,0.0414130032222975,0.0424046044547885,0.042643026657338,0.0475517995452426,0.0401103169883113,0.0466403853819817,0.0492642412619215,0.0453797275096403,0.0357098359969601,0.0336674208656686,0.049035757811485,0.0367964997849889,0.0522951740019982,0.0428278138081449,0.0451514070593946,0.0328125688237039,0.048500119328647,0.0449122900494027,0.0476134187589039,0.0467516489203509,0.0430599942517738,0.0483930546944378,0.0430186524943544,0.0448279915058817,0.0390855507782331,0.0412849574010822,0.0403064187742269,0.0418828084868232,0.0388789992603892,0.0409462966445536
579.474853280809,0.0464199731271338,0.0469430193680345,0.0443093100948047,0.0422869901862031,0.0564740346929572,0.0486163635038892,0.0590848235051444,0.0463383940017463,0.0418450580273621,0.0553620365186138,0.0470654522724471,0.050913312612945,0.0424485739030652,0.0479748458613288,0.0380567165572099,0.0429291616806518,0.0494468688320673,0.0487954164960918,0.059610606637439,0.0462219684839047,0.0514298163739577,0.0497137782656495,0.0503184259632219,0.0447427318379656,0.0500373895825698,0.0464426829446504,0.040045153934557,0.0424886350635983,0.0576608032526965,0.0495047898829865,0.0496757739639862,0.049863951203323,0.0432821840700993,0.051926350751394,0.0454819161973875,0.0509616619704698,0.048817756526455,0.0407837004728211,0.04713432329678,0.0521349510706551,0.0608783967517547,0.0554452155300008,0.0574831217262924,0.0487243142340669,0.0496752537359463,0.0451914634654062,0.051927442126056,0.047155666017415,0.0493876489812545,0.0440425700517827,0.0438362186818843,0.0533552386719758,0.0575912029208841,0.0451895287615243,0.0519563318680673,0.0539661478583147,0.0510067771317329,0.0470143897867321,0.0444646848762462,0.042935667403292,0.0575799462664933,0.050814735992079,0.0471572906671932,0.0486094405158445,0.0589046526270255,0.044509226510116,0.0469168597565922,0.052570658464722,0.0440418619164182,0.0551938129578029,0.0511114952694675,0.0484674807183013,0.0497255908329658,0.0572202787186542,0.0498323904419617,0.0510084003045076,0.0530028947412679,0.0515470057316016,0.0415079647022799,0.0523026700612609,0.0407279807468355,0.0553157899461231,0.0530852840421322,0.056260217810464,0.04956994855275,0.0463213542033725,0.0510914733167916,0.0525373235639743,0.0426073815027904,0.0548153441508472,0.0561139129190979,0.058996645349389,0.0436926061903452,0.0477134921100945,0.0518034602282751,0.0511892664737192,0.0483395294068777,0.0605870617989166,0.0405342470604107,0.0494394957716462,0.04998161833354,0.0472947331995019,0.0464499571883029,0.0475482705830901,0.0493123069084456,0.0478722646487665,0.0472246816129567,0.0429499320221137,0.0464065193165801,0.053530169164904,0.048345360182526,0.0490048951484139,0.0560078152932431,0.0458212731028791,0.0589518153220563
582.882424281026,0.0657018013061146,0.055711060834199,0.0562295904719789,0.0530624601616162,0.0597368376624319,0.0519120557482518,0.043740171800407,0.0542147415715825,0.0516635999158654,0.0608069725898101,0.0527358216408151,0.057516107021913,0.0546854247713136,0.0549929359518034,0.0525785392549105,0.0555480338578077,0.0614959449247384,0.053150058300756,0.0601517558107334,0.0620472881191457,0.0645601966626452,0.0555056600048551,0.0578220913317341,0.0573073378673833,0.0516227934724068,0.0620698922760108,0.0597767277595645,0.0473765331822642,0.0570622179543289,0.0559545598656465,0.0574448934513747,0.0568842447471153,0.0577648284357382,0.0601019697271103,0.0608306398899806,0.0586748935057973,0.0498580818767546,0.0500839755722719,0.0587096773455868,0.0520365213190971,0.0674403015130585,0.0493976782528652,0.0601946487484389,0.0615918425707306,0.0583001119883597,0.0575732186543523,0.0523717802130443,0.048710051947353,0.0668227825401158,0.0681187935895855,0.0594642251289539,0.051035387690055,0.0558522927543897,0.0601566341443491,0.0558353796872243,0.0531309916278919,0.0517590928192346,0.0628858020442345,0.0531842997194535,0.0600600905446807,0.0519985639361995,0.054635121610067,0.0548170736944874,0.0570837203536038,0.0506075874084719,0.048642707513073,0.058207978875949,0.0524754384336169,0.043948408704262,0.0523317959355949,0.0538137870450765,0.0566816593337326,0.0458038621647441,0.0499148615971615,0.0431242187864168,0.0542822348566412,0.0518252242989956,0.0569551025267845,0.0676529461360367,0.0561264215386392,0.0478088469075343,0.0541412138245811,0.0584272365352656,0.0555969702270338,0.0622537077045156,0.0495503295540962,0.0542792015038097,0.0579721272198692,0.0506401220543687,0.0612758692935891,0.0616261966470575,0.0528600366498214,0.052775562687246,0.0612689554374765,0.0550005767156182,0.0538773371100785,0.0565336572305678,0.0554846384568035,0.0558821848944363,0.05425372569852,0.0587768987190331,0.0591563688256352,0.0528633703869551,0.0529987933229519,0.0475790771109181,0.058121922335866,0.0515353985862987,0.0578590864351706,0.0540843399134666,0.0657126122637183,0.0631299471325935,0.0565779019444879,0.0498170094418356,0.0511084054947796,0.0508853622541522
586.287456587802,0.051303800783954,0.0534385541130648,0.0578222562916284,0.0557242432783194,0.0548591778029156,0.0524086113372358,0.0475630358440313,0.0507787750213668,0.0510903744095761,0.0580267158751323,0.0599161312301882,0.0528520617967163,0.058384642097022,0.0533122620307093,0.0530858326747111,0.0609770778426031,0.0526392993205625,0.0646195654865094,0.0551659393879461,0.0565109182336004,0.063963859932381,0.0523202475862727,0.0561895162122172,0.0489805888703396,0.0504376702597854,0.0530970677783072,0.0663017668128989,0.06214171059731,0.0536835865896521,0.046678279522856,0.0610108312478905,0.0603791488280027,0.0550310950660083,0.046364072940106,0.06237513607967,0.0591287472384245,0.062637920543027,0.0604631414458196,0.0513611228263407,0.0513615229151645,0.0517832622800848,0.0634582688502027,0.065644897635478,0.0534390963973843,0.0555154237385983,0.0501558681567481,0.0511427882244443,0.0507878492214083,0.0591164631812213,0.0438525990463763,0.0517625325144662,0.0492495103745352,0.0446116303165207,0.0584342496469746,0.0406687900605021,0.0528427175084399,0.0417982599169619,0.0446034384181335,0.0503525408777831,0.0649528965327972,0.0491371154490204,0.0584304556806687,0.0541357973974218,0.0462824971363572,0.0532736261107519,0.0567097641871318,0.0560576615728895,0.0551165275352868,0.0432728614907552,0.0550055303805215,0.0503554933506659,0.0537895994760365,0.0556676991215405,0.0508988426860095,0.0545674171801984,0.0575310212497211,0.058874032283077,0.0546764895634962,0.0468361146180963,0.0554732130956483,0.0581676511045602,0.0475288126155902,0.0599336979935976,0.0509894027438425,0.0477310654398818,0.048343010835965,0.0552526561751476,0.0545131375914512,0.0543147713988143,0.0583960389743255,0.0513700623669257,0.0527091777721349,0.0564365032581377,0.0543072156000843,0.0443636583582661,0.0520644506749279,0.0602709462325796,0.0581559822821115,0.057955709722609,0.0601450628858179,0.0636510691425116,0.0535388200316694,0.0483621814217788,0.0493592056247112,0.041552112674189,0.0568780437160691,0.0508680737414807,0.0582960936468346,0.0539435008296457,0.0571752696651614,0.0563046383894032,0.0580745048175293,0.0627958620946336,0.0531098221292464,0.0491722915986813
589.689952862748,0.0655701819266969,0.0660125320222506,0.0664389794383498,0.0696857762541105,0.0548264937277631,0.0645313424000654,0.0650698312661457,0.0569108080934119,0.0663149052964103,0.067795516158447,0.0701415742319262,0.0568520837560141,0.0727010544519956,0.0700409008705672,0.0669982098009016,0.0652791613145563,0.0624411021113661,0.0628841952386339,0.0760134940593628,0.0733809702237722,0.0688229042214382,0.0633290455928953,0.0716830765347262,0.0757744737685344,0.0700997332766822,0.0742589901819205,0.0739006027022011,0.0719313272419686,0.0712189648170363,0.0595771908853476,0.0629859172991137,0.0708510230443956,0.0667775063744212,0.0714532518750915,0.0776753755543839,0.0679061144605893,0.0681100934361892,0.0652987708664781,0.0573289433671658,0.0628110752422141,0.064399097417474,0.0666116224161238,0.0749395838433401,0.0673341731715437,0.0668029165926935,0.0636170701950776,0.0735213638495221,0.0742167614073049,0.0715874367768456,0.0744684609251065,0.0657157899990495,0.068687619205465,0.0656788188373354,0.0716848389384128,0.0668745184381697,0.0646043828063999,0.0627449907662438,0.0659307732989906,0.0667066066715347,0.058169089312042,0.0583270167441271,0.0549776696258542,0.061746444825535,0.0767839974559976,0.0586619780367804,0.0653154807382652,0.0611476217054269,0.0742984271993749,0.0732187319530417,0.0598787353340932,0.0658370879921322,0.073035871494562,0.0699259261623338,0.0701496076460101,0.0676383573371097,0.0546377414526903,0.0713991532609027,0.0666030117875163,0.0641993733040854,0.0709330647569747,0.0679516531473197,0.0603820390609808,0.0701265532176177,0.075472407555581,0.0642480630522863,0.0542792505542851,0.0633186886802233,0.0715387512025332,0.0666330289117807,0.0631640091494982,0.0652656843341997,0.0656469676461628,0.0649306695870787,0.0678140060825258,0.0673965899457336,0.065893443756465,0.0678621935856167,0.0758429067796075,0.0727023919950695,0.0665628438663923,0.065160847398321,0.0746253599052109,0.0645275436994789,0.0733963231839106,0.0648513233533908,0.0654411573738079,0.0666878079564542,0.0698216380846373,0.0766039840294397,0.0704270719041103,0.0682733345358152,0.0661476399389229,0.0664273500289253,0.0632407376900652,0.0686964582221604
593.089915763704,0.0798117986248863,0.065893910520179,0.0696085089521463,0.0636702489797411,0.0731652782929487,0.0683071047125661,0.0671968839682838,0.0675320416796125,0.06732869011397,0.0649659324501717,0.0649918336911119,0.0598064620549927,0.0689027874926041,0.0650592634363016,0.055704742601055,0.0739659977385367,0.0683719933231957,0.068263990621496,0.0709777773980702,0.0661541357666643,0.0692724846684706,0.0690472044233238,0.067321422746104,0.0706945814772177,0.081499111243402,0.068587117715798,0.067194726670478,0.0635428700899947,0.0622806971460314,0.0632476776444711,0.0633702966870099,0.0682958132721145,0.0699034725074287,0.0636849960889717,0.0703525374510574,0.0666417711244226,0.0713166945374869,0.0756286496585809,0.0649401390898268,0.0620878195538603,0.0714418991441405,0.0648433403018376,0.0764704772050269,0.0688228664185635,0.0677654796465196,0.0759233328984962,0.0601528593769612,0.0641875909147444,0.073113449154282,0.0770576312997417,0.0660953222556913,0.0640558540982218,0.0733423448804938,0.0693571998980756,0.0757131893265516,0.0751878321547448,0.0712915739077019,0.0652150291025803,0.0698629756679294,0.0691161097218364,0.0729816456767736,0.060390256700861,0.0726593187459569,0.0642320039174516,0.0684209840940246,0.0637089337249428,0.0533554238358658,0.066399541947873,0.0724938590488596,0.0702879987802178,0.0656760594610599,0.0689865862611408,0.063719281649666,0.0683126746046001,0.0702197459126789,0.0639540603673072,0.0668481361596952,0.0664647848569684,0.0673479485525948,0.0685606730947969,0.0744089369262064,0.0607598444513258,0.063962484467934,0.0629766551632388,0.0702006484883921,0.0684620326121674,0.0615064049810307,0.0613787606760889,0.0621336699667051,0.0646199252223822,0.0639554539748607,0.0654480193933256,0.0647646722209546,0.0686857376060932,0.0638913022842567,0.072424188849256,0.0599160395058191,0.0656526555084772,0.0598210657296857,0.0668974410249476,0.0627498250045431,0.0711418899440986,0.0692341070320017,0.0697084716822052,0.0715832243729394,0.0625110290465025,0.0665221333773028,0.0690979928763276,0.0569292031852684,0.0663153473270061,0.0647206701643905,0.0675945588264742,0.0788090670312652,0.0733476853575867,0.0685278497277511
596.487347944762,0.0675463650281923,0.0690555988366585,0.0754645234554449,0.0765043869479675,0.0709198134984263,0.0681745613166855,0.0632667092510805,0.0623268019121221,0.0737739116909705,0.0741390232777603,0.0690276900462623,0.0663147497524794,0.0746578640721958,0.0708970144433049,0.074604090818646,0.0738099905762927,0.0616401176939572,0.0747180525931615,0.0703187707073743,0.0731275344196788,0.0762738675006457,0.0789540663385028,0.0640072946259469,0.06888574794822,0.0698063135717184,0.069034086244512,0.0725477067991225,0.068882923028613,0.0775628719536813,0.0696016601516306,0.0799269764215858,0.074718298378315,0.0821376272693879,0.0772333686120559,0.0712737751509442,0.0737012421232972,0.0610535624255891,0.0787596510772025,0.0764183194251956,0.0696239016901058,0.0734666719087714,0.0750216647734197,0.0652627105312247,0.0681339645354049,0.0724994544841289,0.0673010184397118,0.0698426443722101,0.0694808105327104,0.0740687897468191,0.0746810129923557,0.075122540509923,0.0761749040013545,0.0809813849342657,0.072004215553079,0.0694226468806845,0.0673388977696691,0.0640635279020012,0.0672276222122995,0.0669571854890332,0.0706062386099183,0.0727919222388233,0.0752240043900923,0.0741227291095981,0.0759985543227424,0.0737604564085276,0.0852752412996819,0.071808493621247,0.0750417699059908,0.0667297261924358,0.065102721198245,0.0866863708549578,0.0782107600377345,0.0740608250754016,0.067559823012056,0.0711244213370163,0.0715774706452733,0.0688738573573074,0.0756063633067878,0.0639229156944564,0.076180337840955,0.0670818029401386,0.0746484373067862,0.064851841829125,0.0650141002955983,0.0628153577658882,0.0721434213263963,0.076093702661697,0.0711493736599383,0.0749459184803552,0.0802999459027417,0.0811747580273588,0.0783380215359167,0.0775283300717607,0.066380772888786,0.07582799667323,0.0716568356100667,0.0763237419326677,0.0721494422616674,0.0656859999702213,0.066657153972799,0.0731150633714725,0.0616345643505917,0.0739165239658257,0.0720405534853521,0.0622816092624377,0.0688420257020788,0.071285769256456,0.0694612422190847,0.0678501845609806,0.0644166600944411,0.0683393145105536,0.0761684415981513,0.074166016919706,0.0741900439394519,0.0624871998972658
599.882252056245,0.0679459704882755,0.0639312690185722,0.062317775758332,0.0693617668403443,0.0578292166744203,0.0541472169908159,0.0527310898626126,0.0587894334786924,0.069282363502561,0.0603269839058241,0.0638288270154908,0.0620678285637158,0.0644268564216586,0.0647836391629506,0.0649404128090559,0.0570951068613072,0.0576316351241901,0.0679676860559512,0.0756871630365726,0.0800767298496204,0.062972485235545,0.0640855867059208,0.0617408436225762,0.0533249138787932,0.067976236531042,0.0616371337136126,0.0619485653114801,0.0675975338617159,0.0685757881727806,0.056440070520461,0.0682489462705282,0.0621127416043691,0.0637253499603115,0.066132778151403,0.0594937711728027,0.0607018257122811,0.0535671083928783,0.0614467671324488,0.0684173270108772,0.0705096349551105,0.0638153259264244,0.062866433770226,0.073930470016553,0.0668826668904551,0.0679931161428042,0.0620437957911887,0.062471421552431,0.0626918961114889,0.055343362776138,0.054710249835995,0.0673244399222939,0.0698162402674001,0.0662977106308989,0.0596287882875542,0.0535972898642943,0.0508352045385405,0.057934211973684,0.05490405190726,0.0612826449658065,0.0576459374108721,0.0698337552274174,0.0666967472511158,0.0683545380126781,0.0605641370714422,0.0625938284588531,0.0660738894482672,0.0494316750609376,0.0693035162423072,0.0620557187468513,0.0615613009654744,0.0663962495419351,0.067464120841484,0.0556513334503708,0.0484910360817498,0.0604382636744076,0.0535955459998442,0.0626247544644524,0.0606430582395771,0.0610195722351425,0.0637421333234348,0.0663356847242389,0.0587378602296743,0.0635395813795381,0.046310513857105,0.0709379308251949,0.0609122533888441,0.0594523124403381,0.0548433022555317,0.0611896812142429,0.0680081972649138,0.0618228712862062,0.0660715424150233,0.0573437510687245,0.0651029133290016,0.0573601887306251,0.0602344223392823,0.061127091562441,0.0602392222081517,0.0643499235862391,0.0619864300953889,0.0623063411712083,0.0570129465247587,0.0676849423370929,0.0688087004004304,0.0620280447961774,0.054941458287745,0.0595139127619871,0.0609095907214904,0.0676127615892601,0.0608158796427138,0.063632087479663,0.0726152060019678,0.0667569457246591,0.0652243885515528,0.0707739726634278
603.274630744735,0.0672178321757906,0.0808142353839445,0.0675826350984122,0.0643521183131512,0.0668979135465072,0.0645073778012592,0.0811052365582751,0.0761072663281304,0.0674944983491581,0.0699983449103113,0.0698625867282878,0.0649524260189929,0.0616211915770737,0.0684056301738397,0.0681228480391314,0.0613001143884522,0.0667872007019588,0.0760215444744473,0.0744289972726027,0.0601939954120286,0.0726648810902632,0.0670982778383222,0.0690976413696216,0.0690413541930735,0.0683195875119654,0.0631519125286627,0.0639578198827667,0.0684886280984993,0.0667277995049718,0.0681614857815752,0.0622947654340328,0.0724881271070923,0.0769850887579274,0.074707488842342,0.073596425431104,0.0654874738558028,0.0656639543253224,0.0639775141410842,0.0715098584858699,0.0625363042823324,0.0724501034586898,0.0724524871303924,0.0748349006014005,0.0666841727331345,0.0650898392375809,0.0793606425582688,0.0737621379932083,0.0608118972219728,0.0709920266892975,0.0632670007986757,0.0735941461149263,0.0690249922002562,0.0711009367239218,0.0705591331197822,0.0618027192646703,0.0659370330815953,0.07146430365942,0.0618232964840256,0.0698546586112909,0.0613072098302717,0.0613628058920428,0.0720360164854068,0.0758687272612075,0.0643532314263217,0.0634898564236525,0.0570312465484269,0.060007971979535,0.0712718930632878,0.0629296117195852,0.06021996294855,0.067277774663216,0.0677749495233401,0.0664962574964877,0.0676441058767748,0.0629471065079534,0.0678435102664255,0.0745040198619769,0.0659057065345824,0.0619127511559988,0.0646351893195315,0.0622632972883097,0.0601279995578193,0.063836816492561,0.0729355198333834,0.0707154389525493,0.0634422304023126,0.0657802397951153,0.0667827347542224,0.05607764723906,0.0693928521154302,0.0598763234808922,0.0674406781194525,0.0614237043787825,0.0632759415142378,0.064829678766917,0.0683711308161879,0.065298210483262,0.0622310896814455,0.0696148078815129,0.0716131249663231,0.0637176263168211,0.0725503627695016,0.0706860206694138,0.0710934309289834,0.0676208001388138,0.0628640736032254,0.0719350864876126,0.0656697422486647,0.0640112235682313,0.072292938439062,0.0660964692131472,0.0690376704906691,0.0741310405157533,0.0654759817248712,0.0662787291754469
606.664486653076,0.0637069507462248,0.0596691095504212,0.0608940956469584,0.0587793030840271,0.0645807243161425,0.06485674070701,0.0606494353286779,0.0668768521930279,0.0618631258674111,0.0605116881886905,0.0630801766276567,0.0499274772062779,0.0603881982953537,0.060618949482211,0.0712811879213635,0.053906955543964,0.0577854496093276,0.0582399902125606,0.0577415692598198,0.0676423367805563,0.0582184347379339,0.0569216107379464,0.0689269989419005,0.0572776968627127,0.0620485839320824,0.0590571450215902,0.0582538239289673,0.0660552480290529,0.0604476163740199,0.061450512872289,0.0573626444164504,0.0663363009626032,0.0585242530983825,0.0575391225400712,0.0678325810894336,0.0557798016371299,0.0542076475199421,0.053791027791119,0.0523442004141957,0.0688971370098878,0.052208611065248,0.056984630451044,0.0613427952187512,0.062155139765205,0.0708378679578044,0.0588004144309771,0.0586492636966025,0.0583600301940546,0.0571321029939151,0.064113089398888,0.0559930704652602,0.0587033085262248,0.058041432252717,0.0598015915516168,0.0543199750633341,0.0528295255124845,0.0607836481095554,0.0604618770157196,0.0591919511712418,0.0593960284000761,0.0534171048102518,0.0551258542863813,0.0539745061309782,0.0567938879346192,0.0605162014907749,0.0519231610934243,0.0672050830100354,0.0654861789705509,0.0693515576854273,0.0616349321222157,0.0553062146827676,0.068061923484648,0.0546672023783534,0.0629386409233392,0.0610257294724395,0.0575986595055523,0.0671074918655662,0.0618406685091766,0.0666026027898202,0.0571568264186498,0.0598185075348498,0.057705327736896,0.0592106201527006,0.0592229197046552,0.0543819174104795,0.0653967314236191,0.0594931861675793,0.0642862258577407,0.0590682309122537,0.0592460480825057,0.063527937460814,0.061137327205915,0.0552248771441552,0.0551199914053504,0.054599464006944,0.0569007789699202,0.0456218882317059,0.0602995746683142,0.0500126568694632,0.0580819809459943,0.058425914519078,0.0542453648898759,0.0556949047975095,0.0587487775183953,0.0550459107669927,0.0592940398788957,0.0667203023280846,0.0648492813975077,0.0587158941418063,0.0624917959560448,0.0618957086292845,0.0637856270320593,0.0617387912651159,0.0510276927315696,0.0591012812809292
610.051822420375,0.0458274178689339,0.0533713828413175,0.0395411408566543,0.0515649572716946,0.0465493711409033,0.0518665765474471,0.0401691518145243,0.0446422403152619,0.0480235056626607,0.0515478912285149,0.0383649594347128,0.047655836103596,0.0426374974881905,0.0506404422533856,0.0509131891676054,0.0475923722580286,0.042166041725406,0.0437300513797071,0.0459816445394409,0.044429361010247,0.0459399685095558,0.0461946589380677,0.0467580494005444,0.0487856904838661,0.0409246935699256,0.0471189204676959,0.0442874937652499,0.0547964374704922,0.0420211011537247,0.0444289662494838,0.0492732326974064,0.0416570003592056,0.0507839028886291,0.0414411861916629,0.0477143552483483,0.0493878062927949,0.0388058937516428,0.0430288581046669,0.0459399611193849,0.0498327232480005,0.0524729588275024,0.0365959034313441,0.0445099157273937,0.0462971806244451,0.0451174166889406,0.0416057460473726,0.0490086773002503,0.0504036064268348,0.0470701810823322,0.0473654885630027,0.0416204661995863,0.0394105348114449,0.0444005950798493,0.0356885112806358,0.0479319349786486,0.0471718071911827,0.036578768223601,0.0513704170612638,0.0413699496207398,0.0474737110888964,0.0410567224403258,0.0398586139344391,0.0520160996878113,0.0486431214282865,0.0503766396624004,0.0411304051252623,0.0402803171422851,0.0497378321436544,0.0512327555889347,0.0441195430152362,0.0477730565472159,0.0428378115626061,0.0439188725198114,0.0504492233947055,0.0491663582549966,0.0406565569076075,0.0442857698777,0.0407860063418918,0.0527122787671869,0.0440896151294642,0.0634047685506731,0.0433493517220308,0.0447613378406901,0.0460463593794263,0.0463453225969018,0.0425136829961864,0.0416862125417905,0.0379307255885369,0.0387411718325008,0.0408559417216773,0.0508499736878102,0.0444298167928436,0.0425256149162302,0.043262497551452,0.0448978767365753,0.0398115003011431,0.0508540612649009,0.0472031734607554,0.0513656587471239,0.0500355222922119,0.0442051104079657,0.0446448172948494,0.0444917536971041,0.0549429292379643,0.0403129450462199,0.0409545281874698,0.0438697170209118,0.0528917249617412,0.041705892668428,0.0442771084442578,0.0466021512446621,0.0431062120080782,0.0427421335151321,0.0409047819776826,0.050304908667664
613.436640682001,0.0560616123173166,0.0404406037078018,0.0566629380120262,0.0556514205928916,0.0501367047979888,0.0466199627545965,0.04488974055927,0.0449562830213692,0.0434353698331738,0.0524007782158722,0.0427916077703948,0.0514940615246894,0.0599804484501875,0.0449761581528247,0.0545833755958843,0.054481946720329,0.0496021331242176,0.049516644374021,0.056755085044237,0.0518303545222751,0.0539154616595338,0.0486097333705438,0.0465399673930609,0.0512533793840322,0.0422967636733725,0.0580557996904164,0.0566609514821894,0.0561666688717533,0.0511219072234423,0.0587881920622137,0.0505651614961214,0.056462557245017,0.0424824328705859,0.0488494803260338,0.0523768361659934,0.043529005572907,0.055312637483503,0.0493513621488376,0.0517414228100851,0.0467594187695545,0.0571525484790535,0.0504639347214147,0.0514226345197999,0.0605633368797597,0.047024207224648,0.0498104290311883,0.0508859205246092,0.0511932036348351,0.0577326275930574,0.0498117358680077,0.0526977305699423,0.0525265265365978,0.044672515658728,0.0465467110855491,0.0420793280835582,0.0489640448922805,0.0517191674630619,0.0433566284616551,0.047125842605981,0.0560573996628357,0.0511778024152254,0.052904791623378,0.0528063965474544,0.054054842136215,0.0550471656323571,0.0478528486803631,0.0463091394267223,0.0494270009059817,0.0431199358860064,0.0532718723457188,0.0541607926210357,0.05637529576003,0.0469573364951673,0.0623248568815673,0.0466468928161646,0.0392616042658367,0.041243051395036,0.0503562931710526,0.0540803168752304,0.0515883945103945,0.053757777543216,0.0419635207462585,0.0520656559275397,0.0423645597476545,0.0499341386285788,0.0504860749860288,0.0561556965526346,0.0459185478250753,0.0503531947483357,0.0525826809052715,0.0471440062803589,0.0539247633520989,0.0530118478184615,0.0502982180162165,0.0545056085631796,0.0450793850795704,0.0521846444091859,0.0485663635717897,0.0543514191063598,0.0535328580565825,0.0483269707415276,0.0470216855035571,0.0501447122509171,0.0647125646372971,0.0479698057433224,0.0477156165370529,0.0606233380735617,0.0464671376747082,0.0519520493629965,0.0472932957119383,0.0517640724137257,0.0482586382342743,0.0418195354383778,0.0459788806450341,0.0414844508489228
616.818944069617,0.0293070600996896,0.0329941847717348,0.0347200598911846,0.0343693138442138,0.0423386043633673,0.0391304047752666,0.0451991600572329,0.0401670404412512,0.040460304726897,0.0384696024381128,0.0297974385035573,0.0379342295998038,0.0405871650285566,0.0485056694985644,0.0459191471918849,0.0387506942152926,0.0416288659449297,0.0333125883899048,0.0295424115362413,0.0444362201488309,0.0377525855584914,0.0373092871020007,0.0398668302490828,0.042715488154304,0.0398011556048405,0.032665191596133,0.0377043977068732,0.0404601135044534,0.0337501458860726,0.0444280372953541,0.0413859735427888,0.0362374806706042,0.0379178082180076,0.040912176223408,0.0349684879671024,0.0415427068867897,0.0381828158162173,0.0418533320624758,0.0347292915964379,0.0364843005325617,0.0396145736230088,0.0381902583199621,0.035647587388392,0.0408902022621328,0.0424022314606569,0.035957541847917,0.0390004060290235,0.041545708059992,0.0410709832263337,0.0445477754252345,0.0409886370624297,0.0337451446406954,0.0315418456693698,0.0362729716794492,0.0289303741562244,0.0329000522253177,0.0381497864657844,0.032016882769898,0.0501137500506998,0.0357652109306028,0.0343796914880523,0.0409238438802708,0.0374950108300986,0.0317002634041736,0.0333232299045445,0.0353106331201716,0.0349852328678544,0.0352886248646893,0.0338691946891154,0.040713790785388,0.0309623669180282,0.0410775604696963,0.0394757764380545,0.0375937403842774,0.0463071785807351,0.0350624472220422,0.0326765773405791,0.0358224598665026,0.0390516067326769,0.0334652570881158,0.030327280053889,0.0427204591684198,0.0408364223684079,0.0341799075540013,0.0374123897433574,0.0396867842051758,0.041039615727187,0.0439053432631759,0.0364809509614025,0.0385304153045111,0.0338558226276358,0.0284294215145134,0.0370275160685342,0.0357671934486167,0.0353667226967306,0.0408120124173082,0.040195059334272,0.0387649745814457,0.0357830425811808,0.0366268921106167,0.0424069225447592,0.0330116566049277,0.0388949399088327,0.0397071628479479,0.0310557275667064,0.030422749216263,0.0355245996214057,0.0405746985414412,0.040462803181339,0.0385402860891353,0.0380848373980395,0.0418348488343252,0.0430673420635671,0.031461385615157,0.0422081502939448
620.198735211165,0.0306665341059581,0.0431495331287863,0.0376963674626817,0.0357127306755701,0.0345173458716788,0.0338365647828827,0.0427426878711858,0.0342249691124382,0.0363704047256938,0.035995472497576,0.038781922140642,0.0274182895256428,0.0376652288997147,0.0395427867548605,0.0372314342933043,0.0395308373279094,0.0369293948212943,0.0341102445956924,0.0347666164336904,0.0392071897768668,0.0336231476306728,0.0328317110885753,0.0396019148696451,0.0303109295599287,0.0334380188395283,0.0362936719498257,0.0373986062170237,0.0346323475348961,0.0306815085486577,0.036542520301645,0.0436781622773738,0.0399943068929146,0.0365529556924808,0.0356873905770064,0.0263564500701237,0.0439855861281676,0.0283123182202615,0.0288131452534731,0.0321466191594404,0.0350217778865029,0.0414731835395245,0.029158138601267,0.0380906442567065,0.0319609147361018,0.0431791808928636,0.0429845900508658,0.0353355342880384,0.0318750447667332,0.0353058894579276,0.0343190869882459,0.0363023332656192,0.031156465629621,0.031766775308571,0.0387516583679833,0.0403723843712896,0.0380898153656193,0.0419908502957208,0.0344159698694053,0.0311231793883282,0.0332050579396636,0.0351232620987885,0.0311419064751355,0.0426743108291288,0.038760686639849,0.0319036418246123,0.0414156353640527,0.0336978347973319,0.0277532838643622,0.0346247340720965,0.0375854937835473,0.0417653863608561,0.0418247088163812,0.0336278321448553,0.0300222053117332,0.0382331007821024,0.0364008302829463,0.0301378212562669,0.0393261514940911,0.0409188957442335,0.0314565534550014,0.0283398372557603,0.0337100431501565,0.0393837835143056,0.0293313029620809,0.0365163557175612,0.0387894983190831,0.044513969550743,0.0379886335554711,0.0247528777006559,0.0392512923867472,0.0413472659288711,0.038971397901571,0.0328944124382127,0.0427569620045217,0.0289090348836332,0.0370808725934246,0.0376012159642037,0.0389670748876727,0.0254726010258199,0.0395272381120557,0.0359066973815724,0.0337066896680331,0.0396010800007827,0.036839644820605,0.0343971886136498,0.0404154231696911,0.0313173366141834,0.037437213692001,0.0361879519527158,0.0398319350315759,0.0321314357705599,0.0293362089581483,0.0426468569833059,0.0370333635081284,0.0386555942506569
623.576016730871,0.0595884705077413,0.0576879768681223,0.0542050839025362,0.050514440026307,0.068334203463066,0.0534859530096908,0.0572619434038008,0.0463173893895531,0.0622656925464925,0.0526321505638608,0.04774299805374,0.0598078901329596,0.0560034545247465,0.0533279546067264,0.0615356494402085,0.0546179039464663,0.0563848721569167,0.0584999971466627,0.0542719666734254,0.0558389890528987,0.0607092367146413,0.0530822856670975,0.0602163903561332,0.0579706875526653,0.0638516693146068,0.0627977162424815,0.0639822928139394,0.0458349561108266,0.0540386022947868,0.0481264423263722,0.0569194369075056,0.0502295152556723,0.0432230663312097,0.0490443924997161,0.0634710114610048,0.055866530917682,0.0654765928046156,0.0576927476106552,0.059001888042478,0.0489985897566083,0.0582897047799852,0.0522066985665322,0.0581991811975963,0.0542328855676923,0.0596562651263248,0.0573325669664802,0.0558293094608418,0.0545188587507216,0.0475355846026727,0.0619529155484704,0.0554404005652023,0.0598586409701573,0.0559391820471131,0.0550938832301467,0.0473154733650966,0.0501548925845991,0.0463693248308229,0.053856876050894,0.0516283479962361,0.0578096126285771,0.0539575630341663,0.055230162836125,0.0544837606702427,0.0542887287312963,0.052986134283701,0.0514560117527646,0.0430060637930003,0.0527732869014058,0.0609883825239995,0.0555646476313699,0.0603541294263185,0.0663739229620754,0.0581400742163453,0.0545762361707379,0.0510660277552102,0.0521746061186431,0.0556294560071306,0.0543000139131741,0.0542245316375124,0.0589180189112792,0.055501374436891,0.0474149785447577,0.0536965420122797,0.0591738878885384,0.048355633183055,0.0500000258496267,0.0578196637833048,0.0547752689625579,0.0525485549121871,0.0569374619771633,0.0639959634710207,0.0560471347572816,0.0546459613026204,0.0528767192411746,0.064408239085516,0.0557073493199369,0.0615785943582605,0.0547433214801711,0.0593049475876344,0.0605816060130804,0.0483061602093882,0.0540161676952923,0.0555302839289209,0.0440224906358482,0.0462541140964176,0.0640397125915367,0.0606605066155633,0.055391730744809,0.0547159142504332,0.0517277205467326,0.0505082853968085,0.0536722770313042,0.0597524793274748,0.0507363342085066,0.0568733985813739
626.950791249269,0.0432463604368225,0.0490704372863186,0.0457476917077662,0.0415658088928942,0.044776519217962,0.054803260467356,0.0454355357272915,0.0442777418139962,0.0373957799645956,0.036444565634799,0.0536107422795915,0.0482255341202388,0.0482473800795531,0.0475729637006815,0.0483247739797819,0.0470845996810621,0.0532879414605533,0.0350878039342207,0.0423938044066706,0.043998632601497,0.0444754849134683,0.0417126637371227,0.0491859748799109,0.0427754492953258,0.0530493895985857,0.0434799544420052,0.0531948069385868,0.0498632255539826,0.048719503579208,0.0510248612669568,0.0455842335487204,0.0564410546890279,0.0316042036074859,0.0476034680011068,0.049301788733599,0.0482463229541197,0.0482767875891289,0.0401912727663024,0.0463680904464639,0.0458341498765448,0.0429017602461537,0.0474816125810328,0.0423536957456462,0.0506412614413171,0.0506293843077099,0.0456686789387578,0.0488212491525847,0.040417560857633,0.0499138743469989,0.047834934870184,0.0485406712718653,0.0516312389023371,0.0460834640166899,0.0458607939855507,0.0452844011914676,0.0460896751591298,0.0439736527001776,0.0463019605872471,0.0463132145210846,0.0463256409129396,0.0458731255476688,0.0442903749627146,0.045202132311313,0.0392202036299288,0.0416312661043346,0.0558125352613366,0.0511719040376856,0.039118382407362,0.0488819857813565,0.0446049119969749,0.0487993819537836,0.039371359218454,0.0478257820935997,0.0436325655783042,0.042945872265053,0.0529102987768406,0.0519450685816201,0.040244576793549,0.0467676279587871,0.0446200304925936,0.0479641671692457,0.0486459745754289,0.0489317792699658,0.0464401573291971,0.0535150885881634,0.0540190274180439,0.0546791108695223,0.058235498761631,0.041317138105543,0.0477490745945763,0.0495124811537229,0.0435966802250286,0.0515466263789955,0.0503629357028181,0.0534854793579535,0.0524896097596406,0.0528447527106489,0.0487714869076357,0.0500527848647823,0.0397513551830748,0.0450985489750901,0.0448479035048094,0.0496567128711804,0.0516864533465503,0.0474153739577257,0.046679416362965,0.048151771623348,0.0483183309777369,0.0448282383241498,0.0440242036519942,0.0522583352547311,0.0482786138321723,0.0439309116720978,0.0486531784635156,0.0442372400015593
630.323061383193,0.0572256060072236,0.0525472792832786,0.0497385462257665,0.0590179611121755,0.056364610078744,0.0494397254622542,0.0566172814422778,0.0574512604794197,0.0446938080031176,0.0524885696188598,0.0640605019048223,0.0596182642955362,0.0468536861818251,0.0623976871418651,0.0541166153477827,0.0483469639925776,0.0529157582204102,0.0544895194715866,0.0547003057144212,0.0562078073398498,0.0539770194110418,0.0508585254830271,0.0499238732688058,0.0566621175082987,0.061448341567989,0.0554158110854392,0.0616077778910734,0.0599199624236392,0.0532958202526118,0.0631055798825072,0.0551247070136406,0.0526278159965824,0.054344703781605,0.0581781085152751,0.0626699956910102,0.0639776398227938,0.0590647414051879,0.0624023740470567,0.0576138978121107,0.0559004818929416,0.0568982168782548,0.0579694337957348,0.0535712586230516,0.0653308248068988,0.0529656444853831,0.0531902966130296,0.0560796785259683,0.0471210882836131,0.0479009797712496,0.0573040778062138,0.0605877816558608,0.0556827090904444,0.0506987239313833,0.0549353806358069,0.0532997354703969,0.0460243848550121,0.0544893874080651,0.055238693516331,0.0645767396106153,0.0536838692740597,0.0646620891942394,0.0505521245265023,0.0514217961941887,0.0530010143162168,0.0489330118673214,0.0595779876354989,0.0475752579988027,0.0491843486097918,0.0484539386082709,0.0547529345589476,0.0584174969679945,0.0627666905200347,0.0518514838866933,0.0542832558635797,0.049674308212688,0.0536229283429618,0.0515385330427998,0.0600985896205846,0.0523867129314984,0.0636879018635309,0.0618704672475876,0.0639306060920208,0.0566661795312197,0.0594393588496418,0.0603157123360725,0.0596692816811357,0.0558956698478404,0.0694331148589548,0.0538995764188719,0.0571702801423981,0.0580581148217051,0.0562566970254506,0.0619182000240866,0.0593867392428649,0.0596633271588327,0.0593203794136517,0.0562773206485592,0.0544747514618359,0.0556838791305669,0.0591080107723303,0.0502162367374291,0.0531125019587456,0.0611845110391107,0.0568097679271497,0.0506886422763393,0.0566051144860049,0.0603876462595749,0.0590032603098267,0.0521764393134657,0.0530777106424193,0.063948572972123,0.0582652695908943,0.0533134544747147,0.056875612656343,0.0544348786448638
633.692829745791,0.0458029263488198,0.0499427639238076,0.0477418175542962,0.0440919495368286,0.0473701049580002,0.0451628931526126,0.0485825374798725,0.0508497386326633,0.0497863900510999,0.0553893309242177,0.0473682952959456,0.0612793442630751,0.055547040963497,0.0517188018583408,0.0481343851045718,0.0440750949675522,0.051971472113771,0.0540980809530533,0.052128953382207,0.0585465066368911,0.0442734579502066,0.046816245996519,0.0543907823305145,0.0419716079021811,0.0500522365289065,0.0522485748734273,0.0463808199947986,0.0512503351493219,0.0506860588088589,0.0464676551073895,0.0458357992291572,0.0512925761035321,0.052349820723387,0.0501246495779736,0.0578264872275949,0.0490775760822313,0.0519029308676069,0.0531334972403568,0.0488261865068186,0.0504825064188671,0.0586652314475712,0.0417721716890742,0.0526046471624959,0.053618740366456,0.0417257814449338,0.0539091755852182,0.0561710789965284,0.0505134915894778,0.0485951441413178,0.0513768510385895,0.0623148653419625,0.04125802108303,0.0502740415608315,0.0467671428092194,0.0512223666814606,0.050534333560148,0.046420059264358,0.0437855727324016,0.0465916239848275,0.0460383372342821,0.0482991432704969,0.0440114241399574,0.0443126707310656,0.0452439784387857,0.0622554182990724,0.0469088295862878,0.0428365402454946,0.0520496091607102,0.0474459335643549,0.0520884656398378,0.0501636930180193,0.0584357089986963,0.0613784349320954,0.0466195513244121,0.0607864296233047,0.0443027354035936,0.0560601883492246,0.0569438155020386,0.0492507252816268,0.0471179312490886,0.047683269941695,0.056455442611918,0.0507675891343462,0.0556184354276012,0.0443498621094975,0.046548616591166,0.0603745850210383,0.0467952913380831,0.0426236830071357,0.050129227009341,0.0485885052680331,0.0475862979529745,0.0436609991931394,0.0499972868883913,0.0531140131878618,0.0554976110487843,0.0502687731327803,0.0495712482814199,0.0563237680261926,0.0547572316300055,0.0447362287659435,0.0575367649596187,0.0470983363486213,0.0558670155996661,0.0512712500203155,0.051216206018213,0.0483841755725696,0.0452162402790629,0.0489244692385311,0.053159408001114,0.0468358364493826,0.0522755160662744,0.047866546325061,0.050942940148664,0.053446604496581
637.060098946525,0.062495039087993,0.0572297954451025,0.0614470522972181,0.0550277670914446,0.0610774406836534,0.056952884852945,0.0564273960010188,0.0617190120370345,0.0586754084416845,0.0577207915801291,0.0644241463404444,0.0639408666176028,0.0583653645565316,0.0621620854091795,0.052201883666576,0.0607246281429552,0.0641927377798991,0.0558810816238001,0.0533859683843344,0.063598166929619,0.063593824323328,0.05749691742142,0.0641947454302663,0.066247740721661,0.0644486069101831,0.0602286729917164,0.0580439463925646,0.0568611378431492,0.0634822268064308,0.0693331965007469,0.0558555473522943,0.0589368516216385,0.0578532927662515,0.0612008060578738,0.0601264426271856,0.0614250219861565,0.0615248745651283,0.0659172991932737,0.0528010972002368,0.0627133304985743,0.0676228224620989,0.0587444648706153,0.0604596550238475,0.0531896062643135,0.0505239294945097,0.0670342884774353,0.0699796921543361,0.062104880620688,0.0596406183793637,0.0591538718449665,0.0585999082053047,0.0609207336014977,0.0626482652816126,0.0624616766579115,0.0558351676987034,0.0699722894622539,0.0653234547499819,0.0587329036495438,0.0582231048413484,0.0627838519983821,0.0604565944719458,0.0607845220043271,0.0621304085883237,0.0669027531489839,0.0585240015724635,0.0585461740774432,0.0604322631604637,0.0626230064482049,0.0631314068500143,0.0549620401188183,0.0541585011030713,0.0557444613066228,0.0509949520308246,0.0594419345419398,0.0636141554120375,0.0605406721661349,0.0605596155586116,0.0554085538090943,0.058099466610358,0.0577928176891312,0.0609944204695088,0.0630342105412645,0.0628126945734037,0.063532984515006,0.0583163366226084,0.0604245615263149,0.0615465715300527,0.0524044920229544,0.0502863614127602,0.0666300675778406,0.0615860687846158,0.0585630185225699,0.064242857448245,0.0637057574371239,0.066979824775077,0.063961731811162,0.0619673652535974,0.0546719973685978,0.0597016191856903,0.0580956016365922,0.0620524757293918,0.0499387829483538,0.0602148321909583,0.0604423628257841,0.0582353462156385,0.0616441551094551,0.0693813647331025,0.0597454616767217,0.0595683338707891,0.0632865254326346,0.0562678623456118,0.0682678425720988,0.0692692774384764,0.0564033059586613,0.0577509484265605
640.424871591182,0.0532338130637272,0.0501740048880671,0.0539824347140439,0.0513812315814111,0.0628593372116257,0.0598432390802957,0.0505398162271674,0.054506543354545,0.0522646030246055,0.0529228636797874,0.051268261518283,0.0543158058459529,0.053712582052236,0.0471020562857874,0.0556872299667003,0.0536520848173314,0.0467186938228105,0.0499533211709663,0.0562707899364361,0.0505731630955737,0.0494599638953898,0.0455105625910527,0.0552175492259626,0.0427272449035243,0.0530085162619839,0.0531059851291675,0.0576014379752377,0.0503472079749324,0.0586232240185128,0.0483199525251125,0.0569725053603248,0.0540562800346967,0.0536640269250657,0.0514603250634267,0.0574436913756024,0.0520458098469766,0.0537575761536863,0.0538440038878378,0.0584214966501078,0.0533857688362319,0.0538090598211103,0.051752636467549,0.0544724562209973,0.0532765885784569,0.0462884107102547,0.0552780818915274,0.0518904165710756,0.0555869274785883,0.0553752295575683,0.046044171112982,0.04456522676842,0.0531606332094022,0.0465695625436641,0.0509150688408875,0.0503555720995495,0.0577517196591904,0.0448318328601229,0.050538318468003,0.0544635284689555,0.0500996962582578,0.0555760690335734,0.0491977712790772,0.0538678228364148,0.057399448214559,0.0580665675224144,0.0565784681233013,0.0539688375242646,0.0538481738148109,0.0503770916719898,0.0478037898539249,0.0553418858795654,0.0613419812306376,0.0582665120696293,0.0489616149874367,0.046590990700728,0.0539556467017871,0.055135825779212,0.0538510778693322,0.0576476551478248,0.0500811341120109,0.050065263635968,0.0538913687362888,0.0481589581562526,0.0546277130371651,0.0567280373399776,0.0516699942603082,0.0479152697288854,0.0524481847036435,0.0508846688488347,0.0584489454233999,0.0537574324753479,0.0498487170201942,0.0567359857307628,0.0547976254143176,0.0476811295697579,0.0533798343540679,0.0597927990084045,0.0552938388579262,0.0608489301600337,0.0525988324995761,0.0576400696120123,0.0461373493826849,0.0564296578960722,0.0539154184268194,0.0619754397878791,0.0523884846512189,0.0485272443568559,0.0559153385121791,0.0534883630832104,0.052696292230647,0.0612501543661889,0.0539809259449103,0.0566486087443592,0.0564060544325378,0.0529959348455733
643.78715028188,0.0533293014122073,0.0480530042934629,0.0454108091130175,0.0487909704885245,0.0397306592913948,0.0432926490054684,0.0446293046884078,0.0382417487816936,0.0507417633642885,0.0519294318461418,0.0457650844023045,0.0390478980868667,0.0442492150979178,0.0390683719587219,0.0429223168612005,0.0421480768793655,0.0484550035870768,0.045101928283571,0.0448283960020447,0.0408085246678669,0.0490047927594457,0.0429812469194892,0.0467540383840426,0.0378556735138238,0.0442928857359095,0.0353488010808425,0.0368148849063194,0.0399603590344963,0.0526398300961573,0.0489428133335572,0.0439624499901327,0.0416520653194574,0.0370960483293931,0.0515471784113247,0.0486759905595987,0.0509925122321553,0.0454076577800433,0.047819130279028,0.0423412390282273,0.0440363962321242,0.0505152988973784,0.0507240824363931,0.0418293477425187,0.0377293658436652,0.0469106878585263,0.0457590452766157,0.0348782907963131,0.0397292801502072,0.0352531291089808,0.0499334105500977,0.0402642961265172,0.0532065413710123,0.0382729393777456,0.0387904666329999,0.0476504853207931,0.0374537166544336,0.0366898206010641,0.0467255895692545,0.0408018066652473,0.0390578672728943,0.0413422909555132,0.0509237452686848,0.0466920185275184,0.0433432789273938,0.0471483674773391,0.0444009553130581,0.0407742096214526,0.0411861321205353,0.0420581027179846,0.033950304323424,0.0414427376280641,0.0436462325512963,0.0467328099315344,0.0434475596082887,0.0389091043142696,0.0367821537328347,0.0419892241814987,0.0424202796734126,0.0457123209882358,0.0512506852193844,0.0407653539034771,0.0409373433636264,0.0465494123353299,0.0417807233205566,0.0473512336375136,0.0489586055043869,0.0512330947937445,0.0424920731414114,0.0514612574166576,0.0502460154120207,0.0475928987281391,0.0465763409039482,0.0405712323011442,0.0469185666153237,0.0399599641037239,0.0489304224235406,0.0487316128808593,0.0414100183476605,0.0465161108394801,0.0432244089507735,0.0437435604820515,0.0444962007007212,0.0439104659944875,0.0433374761173055,0.0427467495910659,0.0529421696799035,0.0452633559658566,0.0403939890712279,0.0507267724280939,0.0409652686174965,0.0473924897577528,0.0490236218959811,0.0456511606883989,0.0351876839093006,0.0466235687232649
647.146937617074,0.0451267074678191,0.0337926274725139,0.0460347889971273,0.0445608466695485,0.0425505915810072,0.034487139368188,0.0414378863448753,0.0445271722609901,0.0437404192720364,0.0476337220329753,0.0433096511334316,0.0406232657930634,0.0379565265201469,0.048362185703858,0.0374096867241218,0.0399916520046992,0.040278312763639,0.0407778667601007,0.0443671484236118,0.0550941726605338,0.0457868052488128,0.037796827293196,0.0371964741058354,0.0390030532841842,0.0394003537550421,0.0415852862422299,0.0478620033488356,0.0471550536442132,0.0449811771669064,0.0430468318406567,0.0413800592893622,0.0402282406317789,0.0371597342736514,0.0461396109449355,0.0426426294253173,0.0449086479730711,0.0420774270439037,0.0423240154767598,0.0418033766358185,0.0468141095685086,0.0388766805267493,0.0420556624294784,0.0501694787496599,0.0447708736082664,0.0431741704054875,0.0418671223428588,0.0447737710715022,0.0430329333143828,0.0505991101519158,0.0455647351371368,0.0381095209512405,0.0353360977438176,0.0355287080948889,0.0444188222144612,0.0449229407151019,0.0430119647151903,0.0363980565865217,0.042340615044388,0.0446818709550465,0.0352070563498421,0.0391624243281363,0.0470711003755277,0.0295145995816999,0.035491254250023,0.0471959965791947,0.0469110438508928,0.0432069679779349,0.035680505457066,0.0387317926597965,0.0384249753310649,0.0470438599494281,0.0447669498204904,0.0379388175192012,0.0489971134731762,0.0345099263708957,0.0429428192874606,0.0436725469208075,0.0435552864391664,0.0397585844840749,0.0434941800786681,0.0374981406674661,0.0479928239979412,0.0530843992706077,0.0451489456998354,0.0379521961071718,0.0440193359051893,0.0392004821962083,0.042491333054181,0.0460572338672322,0.0398294279063681,0.0442171298027496,0.0432823878608099,0.0432755566434446,0.0421705552272209,0.0405022620454575,0.0383042342956128,0.0426350315635967,0.043101410014558,0.0354737833640254,0.033277370791551,0.0409559430358051,0.040651722718014,0.0389924038390137,0.0418036566885792,0.0523131703190737,0.0430973123511525,0.0408768197995103,0.0398534124834125,0.0390357864428911,0.0431953975360004,0.0357271046626247,0.0478948748912428,0.0401159322610926,0.046562191682965,0.0402286889185127
650.504236191561,0.0529017365791763,0.0542097026750928,0.044467597632674,0.0435443311994039,0.0442666062300595,0.0500712659617208,0.0431592117248639,0.041760583116189,0.0481746864440594,0.0520629904037191,0.0495305890326798,0.0503542911336757,0.0460082209460926,0.0495022026033055,0.0509006828868517,0.0526945193189296,0.0485647725225857,0.0424731462850152,0.0499355936945003,0.0491152172899642,0.0485750405421779,0.0478625834504655,0.0436958373524224,0.0555048360078097,0.0487667312605416,0.0517090073784179,0.0522963194790477,0.0455261352424033,0.0439127285694877,0.062577355181533,0.0450459819933564,0.061787476013915,0.0447223897041331,0.0461819950949043,0.0404461477808127,0.0477075232241103,0.0493691907553479,0.0506039637524618,0.0462466399858444,0.0468092296496124,0.0505199876591538,0.0393508189654268,0.0546179082520041,0.0410236212351442,0.0562232869375947,0.0413426059209452,0.0458542365814238,0.0528918955645929,0.0528187206308308,0.0400761454302835,0.0521925739972017,0.0420475203195653,0.0506011203945203,0.0466920922747536,0.047207906498348,0.046244557204593,0.0478937789480517,0.0560996047882564,0.0496376067247612,0.049089642563205,0.0550744938421663,0.0448632085022292,0.0572240282069298,0.0502618758734187,0.0571108139897637,0.051094428382665,0.053441820814174,0.0494792619467578,0.0487563510881161,0.0439897237408027,0.0481606654184842,0.0541768889711185,0.0468003236837924,0.044547397497394,0.0444094578877164,0.0501935510532895,0.0464343656040674,0.0402901929446913,0.0425154940688637,0.0462886628077593,0.0490703749016817,0.0458236544386276,0.048164843903992,0.0451356640975751,0.0479463606136369,0.0511891037888185,0.0561612533360069,0.0435772179152029,0.0465908299279472,0.0540513254159048,0.0441925344513638,0.0416061023408931,0.0454184214062303,0.0536901391906782,0.0465463320518526,0.0556320627542392,0.0470436314698218,0.0469989565184267,0.0437321929806476,0.0453412565821179,0.0448248643751118,0.0384223563653803,0.0433091193466273,0.0488104578756158,0.0437139364455209,0.0441544305425619,0.0518792775893627,0.0404021740452322,0.0490353676724092,0.0409290830648952,0.0533744528269614,0.0467439947291381,0.0510112117258319,0.0497616630441702,0.0486951397166543
653.859048596493,0.0512755543047597,0.0465149546426626,0.0558919620655587,0.0603015352938815,0.055699923839159,0.0517630468835761,0.0530836805222973,0.0604158704952421,0.0416746385651263,0.0559237173539148,0.0536827832311669,0.049332457729449,0.052974296889549,0.0511631039931508,0.0615718156048839,0.0422270775790125,0.0436415329652925,0.0474419870020715,0.0560321015429839,0.0518680726029437,0.0601099311286294,0.054220296442434,0.0507093399160654,0.0445286014151148,0.0449298948447503,0.0618105046232368,0.0523149335069744,0.0510269619511979,0.0516387192245237,0.0544730103216042,0.0586174227531678,0.0518184854095936,0.0511885485208574,0.0483912182111175,0.0586225796282848,0.047145710958949,0.068963753339743,0.0533432809276286,0.0634532808884624,0.0478874168188322,0.0538187421214142,0.051315808222524,0.0689942908173342,0.0560969587312041,0.0519020372880913,0.0537900574135682,0.0540576910626879,0.0408054729907278,0.0528322492838823,0.0570775986730259,0.0532465969101424,0.0565654147766897,0.0556173751457995,0.0606083604679925,0.0567432324655204,0.050027383426699,0.0531790767180345,0.0610295639186536,0.0578646697469528,0.0546276337150475,0.0517536025757483,0.0493009118365319,0.0555271801165391,0.055384766078998,0.0527195483328924,0.0586488122339455,0.0563869862191138,0.0566303936828605,0.0593162743196735,0.0528689913422556,0.0492555843533323,0.0558080733133134,0.0512202414152681,0.0561502114197726,0.0449237741498036,0.0568661833129977,0.0596259037856122,0.0506857875422099,0.0501627395469246,0.0551824268250321,0.0545665266342412,0.0571677748909341,0.0503012774144546,0.0618978123634205,0.0551449837226737,0.0539256405549608,0.0616040568882919,0.0485214113664652,0.0557708495688374,0.0529078646121059,0.0424589874642874,0.0562994904555214,0.0588742891795838,0.0510010262251903,0.0525686403176435,0.0477597795210093,0.0508767073276335,0.058116265036996,0.0585938300036759,0.0557312013029143,0.0464454696866424,0.0459903042701967,0.0552272672934655,0.0618397713853534,0.0430978920283527,0.0517443654164062,0.0529532592826616,0.0525980320344248,0.0501058542297054,0.0531835498940381,0.0549496789414046,0.0538229460173906,0.0525620264373525,0.0572884545095111,0.0555447103756588
657.211377419369,0.0413517484003441,0.0327399165950703,0.0363870208143071,0.039289061901072,0.0362716799002872,0.0417818884726358,0.0366638918864847,0.0350310988442858,0.0356982747844701,0.0362552205558301,0.0347875297542688,0.0360247785831275,0.0407643785895919,0.0397910785424359,0.0330504920653492,0.031186871012492,0.0403452453785776,0.0315203557683732,0.0417500448652318,0.0398276217210574,0.0343549881984353,0.030012424259731,0.0362626297518866,0.0445139820419646,0.0377764121835522,0.0355863650117492,0.0292439249692971,0.0350519354957213,0.0350980581346548,0.0398502674052423,0.0355976486110825,0.0453287683507291,0.0425904784424257,0.0363511070274786,0.0437060428175445,0.0387711523330594,0.0403579883494677,0.0372969677086283,0.0383928944118102,0.0390045042592414,0.039340591391547,0.0442146223557539,0.0391263415218538,0.0388478736800241,0.0388851481562379,0.0266678802691694,0.0364094160473365,0.033082290635035,0.0386277003493322,0.0306814137092068,0.0347679610115006,0.0363918677821416,0.0377560629549578,0.035619198921414,0.0388447887602959,0.0399820019698485,0.0483170305464153,0.0296070259620431,0.0375284274394558,0.0351755543013157,0.0396289605258324,0.0398259739970703,0.0388393198720172,0.0316109901598038,0.0323741685049332,0.0509014244738195,0.0386275648154032,0.03228623506134,0.0403227711727454,0.0361471827759004,0.0425197850835913,0.0385791877495406,0.0434646883093825,0.0333652889958422,0.0310958959862417,0.0334872418400069,0.0425426384147508,0.0353371917875668,0.032136782711607,0.0289959170252258,0.0363735385034926,0.0365497478459253,0.0388057806684816,0.0388845742371433,0.0384687622578664,0.0367895063908552,0.0440325312021364,0.0334889036883065,0.0394683849755715,0.0435231941934482,0.033394111827838,0.0332725626098588,0.0507190856162181,0.0367306496040659,0.0375793271323925,0.0353897333702021,0.0336348271853622,0.0385740598503323,0.0325806117909607,0.0336017422427972,0.0369129045328921,0.0339003202529702,0.0355430149054956,0.0360666559855237,0.0344557885503726,0.0347359579012942,0.0314401076073105,0.040323015820085,0.0344532635566028,0.0380095237408789,0.0371320783243754,0.0399754897404328,0.0381876457625084,0.0365282599131575,0.0421729439980825
660.561225244057,0.0463025875547711,0.0508888620431028,0.0428875745347325,0.0409039301857713,0.0482031772432758,0.0439849281989377,0.0405117823601327,0.0395334413566007,0.0542526597283629,0.0422594375115475,0.0593633106527468,0.0441603631210973,0.0455596609469073,0.0452049831507493,0.057667670914005,0.0471318356512291,0.043072059556456,0.0419383951625665,0.0439515300146894,0.0512909628421795,0.0474900459071783,0.0458063872857788,0.0469846806368419,0.0433801447445055,0.0432345481847842,0.0495534849222572,0.0484426997206593,0.0383093871591155,0.0460868434332908,0.0501130248638131,0.0486055198663577,0.0508202583759263,0.0484757835806672,0.057121951332174,0.045855540146028,0.0498537803571108,0.0459037304951113,0.0399931069665694,0.0472190226624361,0.0455625681548953,0.0542482087214154,0.0447098620827048,0.0468256486417565,0.0554934546660685,0.0431964944900323,0.0588451112505445,0.0500659999496585,0.0510981264664388,0.0500637236778189,0.0470909829396773,0.0471611067473519,0.0519843521173011,0.0483035755661445,0.0433815354145753,0.0455391511070755,0.0460160867189266,0.0428692774232937,0.0537610163490752,0.0522985991259605,0.0484383903626747,0.0560257641650033,0.0347744094982066,0.0487426578520481,0.0400848881526207,0.0422240746328198,0.0487887490226948,0.0487933002485312,0.0427077733039491,0.04359583709577,0.0488755835480947,0.0452447444755396,0.0534651335334975,0.042868906224972,0.0471419406749345,0.0453369955125913,0.0456774024480899,0.0540414730772003,0.0522575134138084,0.0506567084009688,0.0467498024551135,0.0418270498791485,0.0446038312063038,0.0517881054852804,0.0416056387384636,0.0506164836356483,0.0587821560196223,0.0483379556207323,0.0533561508278984,0.0469811078834438,0.0571334587534972,0.0479219987908479,0.0506556650549658,0.0430823617489571,0.0471356138389202,0.0501869909627222,0.0565693443086994,0.0418577325398815,0.0474198333571372,0.0451911188071225,0.0505589098395153,0.0485079837967542,0.0506994070222319,0.0479629844454283,0.052579344680024,0.0556766919336962,0.0466533541820529,0.0550370819608166,0.0419180550250935,0.0499559942843836,0.0367972567989912,0.0464137588424338,0.0497615503763546,0.0506639607837987,0.0505358388658343,0.0463207826648024
663.908594650793,0.0650247935102112,0.0662625303040992,0.0699714350639766,0.0705388717297848,0.0601134650703567,0.067804153493647,0.061337266939241,0.0643294757761565,0.0646012497546699,0.0662829135035939,0.0649853877087762,0.0645405544836616,0.0716168916527005,0.0619833844573009,0.0609992818314885,0.0669135890660265,0.0633616293684577,0.0660649851928077,0.0670381399140059,0.0709394739503658,0.0595072306130095,0.0621057370252853,0.0630449996406754,0.0619943864759012,0.0667969110324131,0.0662914268992484,0.0736617489617106,0.064650246489675,0.0598092996793798,0.0630622280852909,0.0652501056984361,0.0697934258362079,0.072067981560833,0.0625493463049088,0.0634176328547988,0.0609153307958961,0.0615118680202043,0.061983735599075,0.069920712148887,0.0675617635468549,0.0757927732845239,0.0631401817322617,0.0688756126882329,0.0683494206444111,0.0572459712327662,0.0655771512732473,0.0587552422575714,0.0729294182295502,0.0685762469133133,0.0607340494860141,0.0757926922696922,0.0630817017780849,0.0660766236020978,0.0655647248495345,0.0628408787449029,0.0681298073788792,0.0610208873302237,0.0591779282203295,0.0643029273268561,0.0677832998754314,0.0680103031259372,0.0635948743215059,0.0636146778028044,0.0711820840005095,0.0696333231653292,0.059666953049485,0.0667617678480277,0.0602864827944564,0.0674640201294559,0.0715918331855408,0.0669129587620446,0.0594646355116941,0.0626913964349664,0.0564628429634303,0.0645139486965385,0.0639631993128793,0.0688196577175259,0.0691566773538206,0.0620602609968966,0.0622561961007599,0.0626710246204342,0.0569682563535516,0.0620272618254174,0.0695012517028041,0.0649616266312593,0.0763420406797262,0.0663086908600081,0.0665503532978157,0.0658493579340379,0.0674348141274736,0.0663639427929289,0.0652861182111888,0.0688884932794907,0.0727578745932584,0.0649828288068633,0.0698943861816436,0.0639106827242133,0.0673851820873215,0.0610928739360645,0.0581311872932282,0.0695430451816514,0.0663868541936774,0.0614508473175199,0.0620200327197025,0.0608671405707906,0.0585500542644173,0.0643029721797349,0.0607172849525024,0.0665511166284622,0.0596147630482137,0.0672975580718729,0.0600762198695587,0.0718937045002745,0.0694147672526249,0.0637359041478325
667.253488216186,0.0555880139783213,0.0656422381750894,0.0541972796915771,0.0559334935454968,0.0622637273712264,0.0533198402244051,0.0585608284614834,0.058629801665966,0.0574687929693378,0.0470969009623934,0.0567707046467531,0.056281896391099,0.0540231516064868,0.0505488643846046,0.0620712170793973,0.0574629211624864,0.0572540982295643,0.0583178259701591,0.0510405749298121,0.061023446487994,0.0457442062239541,0.0567925167574085,0.059253447446885,0.0514837938918858,0.0529898491325903,0.0589915515406516,0.0626099168277297,0.0634644863909959,0.0591839322542414,0.060830367021297,0.0667238197817471,0.0532381320861703,0.0623307088006584,0.0548222848309773,0.0533991625698855,0.0630515313512143,0.0580513472822934,0.0569109691637269,0.0542468722382912,0.055302802755561,0.0512633635890679,0.0532545390121977,0.0560789670201362,0.0585736955561665,0.0609737665965752,0.0581634487316302,0.0564318971766596,0.0541807508588764,0.0592209750676205,0.0600803865397894,0.052373153700525,0.053467696784594,0.060415098618955,0.0610634763922776,0.0588629577820777,0.0545603343474785,0.0600265971233841,0.0480597951502859,0.0587219171612951,0.0499317939028164,0.0558223991576089,0.062389823030606,0.0557341492391165,0.0643246891970567,0.0547178976144618,0.057507262346544,0.056200670715402,0.0618312158880126,0.0534211914128057,0.0586981571666717,0.0606706616969789,0.0632267245144389,0.0504513546379514,0.05190520948443,0.0539269639600675,0.0483051322629958,0.0577239880365248,0.0521027098978255,0.0576151001114125,0.0627161444754737,0.051019701844439,0.0509053760920959,0.0602682065102927,0.0626611284011867,0.0543229335591803,0.061347176433146,0.0508639416099773,0.0625398363436353,0.0549017155034429,0.050315405136576,0.0516113571300817,0.0482067123390992,0.0622891781135518,0.0505428532586799,0.0626340789977827,0.051305691013734,0.0504840090274112,0.0555773680105062,0.0565469054254152,0.0524630187883267,0.0660678773073298,0.0558711610500023,0.0623942552320096,0.0578413805052413,0.0516282214898227,0.054041301411556,0.0652921356443202,0.0578244138766235,0.0508353353119978,0.0460550188318752,0.0549520799770718,0.062117719669495,0.0552624187992878,0.0610942989967288,0.0545514322769505
670.595908513231,0.0516471492143843,0.0429695097467401,0.0562955639420594,0.0542492754077714,0.0508667385563024,0.049910559962249,0.0453435980787223,0.0517796541508294,0.0546799146266702,0.0546774350236532,0.0577449960054203,0.0480030576013507,0.0502426174284999,0.0569850368212487,0.049132434436613,0.0518493416820574,0.0461801217747794,0.0598860268890093,0.0515270138752889,0.050539301273576,0.0566222140465183,0.0504051182008446,0.0543689015681446,0.0519354087570365,0.05069636536409,0.0533457706219236,0.049340092503039,0.0551063505556824,0.0497211016242739,0.0493734751831513,0.0519819327281737,0.0571662884832472,0.0584816544753705,0.0492628297647057,0.0521792305815233,0.0601582156329652,0.0562502958804345,0.0518171494874861,0.0524488943057207,0.0485453855432996,0.0461328295275272,0.064024939339987,0.047683247818042,0.0579290349419959,0.0543800261363258,0.0473384995744797,0.049691091047257,0.0529501680157176,0.0482063981101669,0.0451301459179702,0.0435664088598091,0.0483058259373139,0.0508302278077085,0.0554299748840235,0.0554230766461075,0.0518945327248865,0.0477607241202214,0.0495818043139247,0.0498264907342748,0.0559179984169726,0.0534938736624661,0.0478283730262976,0.0594757337870213,0.0557464636842821,0.0518681561467631,0.0604169279858948,0.0500888575931492,0.0539682066774288,0.0454865175331697,0.0552365606075998,0.0611006622185434,0.0464671286925365,0.0503434269424429,0.0495436149402915,0.0504793045039484,0.0515334464798009,0.0493579032385441,0.0530885229458882,0.0558779066056984,0.0564770401411531,0.0487046018048719,0.0475290037498037,0.054677435869368,0.0574796139355931,0.0636330877113758,0.0573594451908537,0.0485373502718813,0.0485307372543651,0.0520595094192233,0.0479713843502768,0.0593275041586372,0.057878667222063,0.059447245900407,0.0577327398855318,0.0608166978438378,0.0539577044561789,0.0464553375784274,0.0554464828002013,0.0547404113010122,0.0533838802073926,0.049213903677643,0.0518807073441826,0.0524268589596397,0.0576713874200771,0.0535751357398317,0.0473274922244665,0.0442451454755641,0.050465163266474,0.0462332744864971,0.0431015370131993,0.0525485917390979,0.0575365657674946,0.055062562056017,0.0625376446108212,0.0511927120043932
673.935858111305,0.0443748775290654,0.0505690251204459,0.0491547000501859,0.0493086342031326,0.0524342733891605,0.0459253778223582,0.0436206888888683,0.0449078473515045,0.0540523201159585,0.0502099208290399,0.0581865036195568,0.0514582177001827,0.0517622464762862,0.0590635541245861,0.0507217018941975,0.0495218453850626,0.0449763510711476,0.0509990373597291,0.0470406499617947,0.0575414652309723,0.0587100373634903,0.0466300432919834,0.0499994044520204,0.0501701259987379,0.0505794332139626,0.0510297866986562,0.049231077349781,0.0423265462788637,0.0490536256980955,0.048183686752027,0.0523708041727169,0.0525719584345804,0.0460158587585893,0.0491543990491513,0.0558996109797486,0.051122482179989,0.0432239121074956,0.0483580733632168,0.0484068658693381,0.0517073858090652,0.0531882249497311,0.0508327332512405,0.0481108464831886,0.0551102563593786,0.0510189258023587,0.0511813411947945,0.0484254363386391,0.0533431137258869,0.0540969009699947,0.0521217886632731,0.0526244898645447,0.0380900974225512,0.0473564289029808,0.0503308101662016,0.0575562041002346,0.0451788156392401,0.0461585802587111,0.0477804069558917,0.0568274466896294,0.0496765368839116,0.045106839980617,0.0526929780642401,0.0410195030146236,0.0454475692026306,0.0533927041977276,0.0457622549266053,0.047867525342499,0.0455323880137163,0.0470033630672604,0.0489736070966011,0.0553740635427439,0.0562822413097635,0.0513191435103985,0.0527039544696918,0.0525187431005666,0.0452868781962557,0.0437215515409061,0.0469388258666056,0.0464790062988269,0.0541122079827296,0.0436167935090981,0.0457565344040616,0.0517881769709739,0.0427586504922679,0.0457408230630847,0.0406681916502826,0.0511172725343965,0.0494669888422208,0.0459465344195697,0.0445109006620173,0.0495925359177134,0.052232018188934,0.049568019620204,0.0533421161854828,0.04572161835171,0.0487555988312867,0.044068217196218,0.0525093657385231,0.0462883103850117,0.0476743735880007,0.0557144542440771,0.0473245248920568,0.049517307103966,0.0443860131822226,0.0512322777958363,0.0547936737064531,0.0550996981140984,0.0530869365415746,0.0533018048315529,0.0412459309798694,0.0340738847303205,0.0551348454619542,0.0460675610772292,0.0427612165779648,0.0584439427051467
677.273339576184,0.0536331650301258,0.0609017124594195,0.0484996501829007,0.0556716803764539,0.0664254286175782,0.0491318366371755,0.0583276208324246,0.0509940892499471,0.0550405506176829,0.0637622713314725,0.0514435475375412,0.0656254349545631,0.0532614450265455,0.0524472963500578,0.0590050420496126,0.0598502337828074,0.0629844375881299,0.0514277070157724,0.0590385938718296,0.0617874160045935,0.0552961620477935,0.0423077146616858,0.0584722687733587,0.0566216678953945,0.0586809020772907,0.0576289172286568,0.0529459834088611,0.0614325219619355,0.0549775731515684,0.062675589452414,0.0631886466755228,0.0554586518885956,0.0620020965662649,0.0588748336838701,0.0496781548840316,0.0509706904827547,0.0587476456445063,0.0548121135172141,0.0549058131423939,0.0658933865785353,0.0585583731403486,0.0566644770647136,0.0601258174315302,0.0565777007339383,0.0617338342845982,0.0555680000649276,0.0597796393849201,0.0482345278787317,0.0539603491093774,0.0492096785324891,0.0573263000728529,0.0597268769711038,0.0650452516591571,0.0557647545866716,0.0540740142433331,0.0522428253093339,0.0619696025150555,0.0520137828899946,0.0599654157108864,0.0556211478141478,0.0471283809707714,0.0558697673863908,0.0474919438771209,0.0515449601582022,0.0570941096689313,0.0605086619509839,0.0506547537620372,0.0619238996480665,0.05685747594274,0.0521430354025478,0.0563200681374825,0.0583196631408064,0.0550359515579655,0.0464205426044974,0.0539867134084575,0.0540342507084729,0.0617174789314673,0.058829206117112,0.061619582706783,0.0528393877188401,0.0561216954637518,0.0564156354697617,0.0554115408208275,0.0565723053125884,0.0577827137939097,0.0570409328971998,0.0520344256426479,0.0575884561419674,0.0490227518052067,0.0563741001144723,0.0516437929455723,0.0580388051048815,0.0671951011995822,0.0583893725928545,0.0593290197304826,0.0524850886041726,0.0616062121382136,0.0584642281924131,0.0516174345907596,0.0507574561950596,0.0538455788924268,0.0618396964556062,0.0563882490630488,0.0638178049589552,0.051003561530278,0.0442163579560254,0.0571275948757214,0.051242635722869,0.059793152252874,0.051674865140104,0.0504478658757937,0.0554628338106827,0.0573431371136777,0.0517739971599271,0.0534481843260998
680.608355470042,0.0562500480735225,0.0513855569589449,0.0478237506418676,0.057160833420529,0.0549666030204935,0.0528723267140884,0.0510783748043077,0.0502870448871494,0.0543710887767112,0.0625334430339993,0.047749872024027,0.0557537935580294,0.0531441389836167,0.0555697974258111,0.0476823153792829,0.0596861114559322,0.0496505258847349,0.0490900921016059,0.0490085100057987,0.0567121125625611,0.0524093517901898,0.0453376046497806,0.0481657970214872,0.038342054337766,0.0640160111418049,0.0547122750838794,0.0478524992047987,0.0618142536473035,0.048207369894083,0.0533239131443164,0.0567464503178116,0.0598252618453647,0.0511062022602503,0.0559886372571144,0.0489485045863685,0.0563638327104653,0.051842043856756,0.0546229817743772,0.052490641874288,0.0563139319767982,0.0528109204616937,0.0619315818720147,0.0588532181781648,0.0521028855864527,0.0561638773883938,0.0610635959961527,0.0513285600518096,0.0518749839286782,0.0521649508154425,0.0468262067290959,0.0555040616516164,0.0539427029026392,0.0526106021883818,0.0500682840473997,0.0528085958876124,0.061008698521656,0.0479490096287438,0.0501716908271296,0.0532029179196703,0.0510029592467996,0.0551674659951321,0.0523582038589801,0.0578249651866668,0.0496943534300208,0.0596761484334778,0.0525984393769554,0.0439177228486813,0.0584168215784545,0.05220370173934,0.054179628555484,0.0578031970432103,0.0470388117709763,0.0498929515645055,0.0462136619469376,0.0482738566198058,0.0560875770235433,0.0499897132598484,0.0559222861291929,0.0570915864251357,0.0493198372485393,0.0548459343411364,0.0600169190671895,0.0595590262943576,0.0468490523572801,0.0553811113533475,0.0463736915808215,0.0436246219160593,0.0512773495676794,0.0509954209282126,0.0627371374258271,0.0547986140899747,0.0452490974025873,0.0524173432859146,0.0523818772020637,0.048611651810559,0.0505988382730562,0.0591783876679083,0.0538144573933571,0.049749181945258,0.054921876395585,0.0452771233514872,0.0463340335975084,0.0518043437960655,0.0479737980888075,0.0571583137331706,0.0505501441142806,0.0442747720665377,0.0488220580608745,0.0478923001192979,0.0553714200500768,0.0490905012981985,0.0601710478275357,0.0466621061471294,0.0542438105658895,0.0468368033557306
683.940908351461,0.0621565868115767,0.0594740582899634,0.0617674939380106,0.0543155024468624,0.0629653939385433,0.0654692065194667,0.0662913968226624,0.0512517964752657,0.0575002049672819,0.0645642457491321,0.0665494517317302,0.0571055473289839,0.0615198880343175,0.0727684744980369,0.0626392895127857,0.0644619958075131,0.0549792731130516,0.0527733193286484,0.0653662530245868,0.0658409781964448,0.0637511441090933,0.0625659458769376,0.052845843641591,0.0656207720616097,0.0594447160559287,0.0584769899272748,0.0608634152409592,0.0572246570096905,0.0590493102070672,0.0585713352709674,0.061778389398238,0.0621712055656333,0.0552319903210258,0.0580067143125625,0.0663883223439808,0.0656324813590475,0.0617223437164417,0.0533096446106701,0.0572815638229801,0.0632809360799393,0.0559207364050862,0.0552074326958847,0.0608766016283787,0.0589131341637362,0.0641280639267928,0.0591938053564614,0.0719850797639296,0.0604279818905977,0.0574469694273001,0.0543056334365859,0.0569135960856386,0.055966390802645,0.0552068290578346,0.0737915141466184,0.0621514616284746,0.0553725596599201,0.0609033795202776,0.0615208139789851,0.0562996291536837,0.0646745445386196,0.0571484951943999,0.0577161423254376,0.055385891527008,0.0648065053208031,0.0616883679483745,0.0576800774204962,0.0651069612702783,0.0615156443557241,0.0620167296288392,0.0617564053472083,0.0553613257375501,0.0617790507077216,0.0568826793781356,0.0615064025278044,0.0552088587739811,0.0564519648724849,0.0574940223221659,0.0612044865647737,0.0607299615274687,0.0641435669874094,0.0667598846402967,0.0587260356648213,0.0625975153530308,0.0595017084962166,0.0596156244110276,0.0593967140151384,0.0609249855675155,0.0632378893100719,0.0643245056373269,0.0564761597797049,0.0674909601655994,0.0564795198726296,0.0646064562050496,0.0668471410069192,0.0621781200261009,0.0654777515148017,0.0711355550040187,0.0719832344729165,0.0638707486422179,0.063472673430646,0.069525231102372,0.0624458417099088,0.0624462352747037,0.0603143878260724,0.0648938667801087,0.059594936047635,0.0677270083973135,0.0652735790258967,0.0560133500294563,0.0635222616068663,0.0576757245449584,0.0604577107212054,0.0606392133369566,0.0561501223732293,0.0604039308257958
687.271000775435,0.0735598038313246,0.0680930493427819,0.0702683483897461,0.0746379874349473,0.0768956132621102,0.0752715431002383,0.0727095266651055,0.0708183549420399,0.0627912173420876,0.0671213981153857,0.0745832734536906,0.0717250238550162,0.0714718766841342,0.0666345390352761,0.0703012775460657,0.0769338201573057,0.0641343288569668,0.0767563811332928,0.0740009146213573,0.061819196990508,0.0613708727030314,0.0597624923012794,0.0730485272914026,0.074758257334482,0.0718801989400134,0.0711572828565011,0.0683616699762242,0.0707685327807262,0.0632586333424294,0.0719206759338487,0.0694031825653665,0.0694981050686691,0.0647095401716946,0.0660236406651411,0.0678235904271209,0.0715419445033255,0.0710220197931012,0.0723956319953296,0.0731697820786178,0.0608403983589857,0.0701073883656287,0.07621379852147,0.0789100645423658,0.0775469508277447,0.0731568366272408,0.0646478777653542,0.0728366165890991,0.0749898622354723,0.0703525675806383,0.0683537209771688,0.0669748720695336,0.0741858753077639,0.0733915459401588,0.0708312213186112,0.0681171666872539,0.0698432399273667,0.0715860051126789,0.0618405172693939,0.0648646978331918,0.0711127599354818,0.0706363508078943,0.0636092533080043,0.0656785412253603,0.0759340318965072,0.0680754842898657,0.0689635831033974,0.0717416113429201,0.0723248676819266,0.0634514037747199,0.0687567256134073,0.0835772665259959,0.0731746442081192,0.0721382744224387,0.0717901771484858,0.0692839493597751,0.0679180112919467,0.0726792327955543,0.0637301140842018,0.0708975186741504,0.0611393587940876,0.0676455328338899,0.0752809308472808,0.0786821600271573,0.069334454114185,0.0727052982139504,0.0740535946063263,0.0672563348969807,0.0807211900388026,0.0700495663422882,0.0627993171422189,0.07847591693083,0.0720610843463218,0.0686793987474449,0.0728852360477633,0.0679911879367102,0.0713841158514105,0.0675595434192665,0.0828899877294775,0.0658265872539417,0.0758591859643346,0.0653680994720565,0.0659921668963952,0.0757905822018124,0.069109606474224,0.0704748447052142,0.0637045939732488,0.0740972942248376,0.0778151509799418,0.07636232318287,0.0666190028332122,0.0745432633356364,0.0706261177145226,0.0784351524305437,0.0727131662298414,0.0760766772545713
690.598635293377,0.0650808580117819,0.058516004984181,0.0581438893144902,0.0571923054465427,0.0540141733923742,0.0562032421760749,0.0555268188405366,0.0621476150482765,0.0609688785971209,0.0570845726790034,0.0611062154861021,0.0597508544023185,0.0595889812419982,0.0740349170472714,0.0656322023688265,0.0579696585571926,0.0661258410781579,0.0545879008355037,0.0589574675591564,0.0583244047189458,0.05348952290807,0.0616786064357141,0.0685767266407119,0.0580667519001232,0.055185979568475,0.0603593515600989,0.0626580854865113,0.0589872853870041,0.0630395737075653,0.05601243582176,0.0602908075782937,0.0618019115626685,0.0623477589893935,0.0586983391865868,0.0615223999084425,0.0640748965506066,0.0562121699508875,0.0611080002225746,0.0534628484311518,0.0589323554896574,0.0681832153662043,0.0591108861584452,0.0598868753956165,0.0676282908159377,0.0518049944559041,0.0638668026710214,0.0703707592118386,0.0604828001103775,0.0657655773070228,0.0609682827935896,0.0640087680104388,0.065544046747455,0.0575510295117387,0.0606293232012533,0.0550419912318226,0.0704873872206533,0.0603116505551118,0.0698470136736723,0.05584549805597,0.0525624167042486,0.0594039219316979,0.0683707929450192,0.0593184030201656,0.0677910379270175,0.0574112032946957,0.0558934082407192,0.0705293584682054,0.0582663856840397,0.0637515109983878,0.0662835852480978,0.0688235716597617,0.0596168729364716,0.0713529146657477,0.0654250344348478,0.0607564719658467,0.0643488733317618,0.0531906248445363,0.0634993184909604,0.0575764883310702,0.0625666726426031,0.0619063306709954,0.0669130348446817,0.0555484933802695,0.0612298505521628,0.059702757865268,0.0605681140581647,0.0604290041130018,0.0538398261713348,0.0643786304701515,0.0658147591295579,0.061889966360349,0.0630365804337502,0.0603183889943365,0.0594617330463064,0.0627367916478599,0.058246740133731,0.0611934930528986,0.0592393846600573,0.0688665898534488,0.0557277927901143,0.0617471744308628,0.0613369186676822,0.0510000365932718,0.0708340332080034,0.0653630474623691,0.0672485723397363,0.0512773444315112,0.0597750660845166,0.0632879932364017,0.0585092105861835,0.0581825720807137,0.0681214700246423,0.0611131601127941,0.0620778603302338,0.0566459570063563
693.92381445313,0.0670643500377735,0.0715011368789637,0.0676885889537942,0.0629147429564034,0.0706097834443058,0.0576428784426429,0.0662905878621785,0.0686930264028815,0.0667648599670748,0.0770954796635112,0.0650060814922326,0.068199331727264,0.0700335205391021,0.0602716113164119,0.0698962859295414,0.0648898868487247,0.0653499608526342,0.0713918836976963,0.0648005254139027,0.0723168330764262,0.0625775170318275,0.06989430505609,0.0635489571129442,0.0572807107349625,0.0692299743290326,0.058477306128511,0.0668207945145256,0.0631393700915082,0.0694127010814913,0.0606596229737942,0.0647427519423027,0.0650882376578397,0.0707103129187793,0.0705052585233202,0.0667767699219338,0.062153384686461,0.0604295462333517,0.0635974218768822,0.0576383891657984,0.0625269002528572,0.0756716242077055,0.0659298704531132,0.0673768947345084,0.06199661133158,0.066216344364431,0.0568507349314325,0.0651372404200681,0.0591101345921134,0.0671644523314621,0.0612499367522997,0.0707786704743856,0.069184027789526,0.074023086241322,0.058739384777584,0.0648828882829372,0.0659323350237166,0.076575182272118,0.0690262784681219,0.062723598449449,0.0645090986559769,0.0706565793155739,0.0720009139910323,0.0662447186063997,0.0652882880689638,0.066505210586419,0.0699617479710131,0.0681778919975799,0.0640664291288297,0.0612455957839233,0.0598978601377892,0.0674366675524811,0.0709725064647037,0.0710996910971946,0.0701256538727588,0.065978899606191,0.072437806744663,0.074937071328446,0.0621541266382756,0.0617005464854859,0.0678691795403768,0.0671556389803875,0.072060204374432,0.065060512346407,0.0760615318827491,0.0699784717234315,0.0641563924238978,0.0716479579885132,0.0624140664881136,0.0673559011527687,0.0638786345584756,0.0660870837048924,0.0709299151932105,0.064891428762062,0.0649350776025286,0.0685098402139005,0.072505845300929,0.0614562846958756,0.0695488014638831,0.0702305443322175,0.0653207040515284,0.0653413706405313,0.067571714087036,0.0670272406970444,0.0675024305337464,0.0687699179330844,0.0658577107595263,0.0631117607015488,0.0628301971677758,0.0680091266115551,0.0632440475751668,0.075010910462739,0.0699976682058538,0.070094993308223,0.0747967780524867,0.0669623120449986
697.246540798959,0.0624071985395874,0.0728999522762502,0.0782976781488339,0.0637640449716622,0.0590508933840807,0.0696039578248061,0.0638729382087986,0.0678816063963795,0.0681758550459422,0.0708455442981642,0.0601873663123597,0.0597643129513963,0.0623679937600139,0.0627537060251717,0.0646275149591268,0.0679322342343308,0.0678513405958401,0.0673071887069221,0.0750248869443043,0.0742532678397517,0.0645205766243461,0.0717708218001522,0.063860969992148,0.0685563313658949,0.0579892843338543,0.0643942666341168,0.0599789181838622,0.0766236109079656,0.0625414161342871,0.0793650575811857,0.0660411791765239,0.0653542952091934,0.074217787940666,0.0680646779378427,0.070358138213627,0.0702297694829467,0.0668678359899363,0.0660670121414945,0.0679089001121496,0.0683108868383093,0.0703786311988763,0.0623906014880012,0.0604745549834584,0.0773408889409346,0.0665122104415496,0.0650685061686616,0.0703261630829487,0.0648429888575669,0.0707272972750565,0.0675516372682865,0.0715672565226892,0.0728038971243274,0.0709641552129441,0.0673834739386073,0.0724659329592153,0.0705568614901613,0.0686322940944271,0.0659841317873626,0.0712283856375077,0.0658937395728759,0.0665205180248997,0.0656096516064447,0.0681615280726139,0.0723889925710697,0.0645914804034,0.0619401201570908,0.075307627401617,0.0648773276072855,0.0698638787320298,0.0635015081148459,0.0727232874693625,0.0662402560044331,0.060330132790856,0.0570690832011294,0.0667752243771427,0.0654918598147163,0.0581595554363231,0.0673567799141038,0.0658048731968167,0.0653608956020933,0.0641291580900604,0.0652779062342876,0.0636645244178485,0.0611980433218047,0.0635925624787311,0.0732388846479415,0.0773728728950307,0.0626538646378906,0.0654382467789213,0.0668550940662072,0.0691395311539578,0.0651447846862314,0.0705243576152804,0.0609307935996629,0.063215729416738,0.0671619951202297,0.0694561550329271,0.0608985874803352,0.0804079838733939,0.0638777867017235,0.0689155202180347,0.0705144684052608,0.0579878579461256,0.0691880078806991,0.0721572574282455,0.0644476286532167,0.0650196570966362,0.0664211424230883,0.0671434621595129,0.0640438909263605,0.0713412646278401,0.0713037793928927,0.0697343386761181,0.0706455583429311,0.0639694987793522
700.566816871583,0.0472475386095997,0.0594078951808208,0.0498459293517067,0.0586618474425069,0.0550471908783645,0.0576881840320409,0.0592415058448976,0.0563275419841056,0.0575634518802083,0.0476285965039503,0.052790379170032,0.0528435675964515,0.0647924892641301,0.052204792028975,0.0559814313386702,0.0604829805164002,0.0538481264486182,0.0445307143888498,0.0456164257794413,0.0526447742317017,0.0478096956367685,0.0520362836200205,0.0459305203842845,0.0540034075903907,0.0549680382374635,0.0546526969803698,0.0608066873460596,0.0537809666826224,0.0440789384179671,0.0525700280983659,0.0620964866030323,0.0515979277036521,0.0513812792525057,0.0546600183128529,0.0595891381710889,0.0487908325395007,0.0531185710402037,0.0530642433936876,0.0531461347827293,0.049225883291272,0.0506398331008026,0.0582876025650401,0.0585273110084258,0.0501360660929929,0.0554035453633644,0.0551873248183268,0.0458182456148555,0.0568539698935856,0.0486079125246849,0.0507730696649996,0.0555350409860621,0.0456486247124898,0.050046769785972,0.0543439635855113,0.0554143164095406,0.0538784807660836,0.0601056209487379,0.0552160001582788,0.0506229728321562,0.0606004705405305,0.0541315636276713,0.0514196912461287,0.0539804306990542,0.0568227607912479,0.056065333127302,0.0555942423408949,0.0544683463350449,0.054625320754685,0.0556171467336782,0.0465107136918372,0.050100928022265,0.0526232314350965,0.0545124691400246,0.0406670339334661,0.044969442452646,0.0501844648815446,0.0540141076837442,0.0484590659484071,0.0529704295001897,0.0572679060576906,0.0583311667786796,0.0541455566050973,0.0540827962163915,0.0519139157299606,0.0422093571029258,0.0569365468992171,0.0502312535925503,0.0495706179192544,0.0559171609897573,0.0610442858620135,0.0553043631733761,0.0522377239597641,0.0550879261348321,0.0548054176516382,0.047406984523809,0.0506081285202463,0.0558289777083095,0.0477722120355573,0.0596498244363848,0.0569073383799067,0.0607819478381133,0.0505283927972608,0.050562536480492,0.0622922899526257,0.0525784014121634,0.0564645129902313,0.0448927560530625,0.0544338112111807,0.0534537394059631,0.0480444006558348,0.0504946441506193,0.0588370591432589,0.0529020578007057,0.044188614543068,0.0614882472725934
703.884645208148,0.0574471325271313,0.0585643479248229,0.0528240264799501,0.0551579113950518,0.0585988244586728,0.0557393458474248,0.0491062036457954,0.0526538294326343,0.0551154398861745,0.0511797128196442,0.0463970305548031,0.0530587359560787,0.0576204060078641,0.0524799873082221,0.0489944141780308,0.0590769566575028,0.0623549765007505,0.0607271463288228,0.0563511710342059,0.0660311339598475,0.0480686227151667,0.0633529959753643,0.059066404197674,0.060298609446668,0.0590678924473278,0.0476837942240098,0.0517286507647253,0.054573658100193,0.0553519740511896,0.0522867546785246,0.0539536942214443,0.0603269476852245,0.0639819836695997,0.0587464048510091,0.0658881072002018,0.0596111422076843,0.0611980688770794,0.054942747217342,0.0617104312026763,0.0522103924602306,0.0530756973910667,0.0574299469672481,0.0560075173046096,0.0541361346463489,0.0480710092960888,0.0543256742946155,0.0636087791331013,0.0510379345288464,0.0488550597833834,0.0603302671342158,0.0622468447048706,0.05537976798644,0.0553103592150959,0.0535052231484033,0.0657546247705805,0.0515563131469148,0.0464958055805143,0.0504838448525795,0.0514040750725302,0.047519737292056,0.0461145186176409,0.046100152696679,0.0519773849804218,0.0570879540005871,0.0541124241986532,0.0492267384929769,0.0487001934387449,0.0565018572947262,0.0541665258911272,0.0522992543366168,0.0598104954547766,0.0528385952372504,0.0541992831851639,0.0497427490543299,0.0528870052609534,0.0520966589779401,0.0597505585642214,0.0618322272429514,0.0543068418308997,0.0530505701597018,0.0492114032752051,0.0565287122000552,0.0619033584600184,0.0526885826092871,0.0490973588560325,0.0510914575789906,0.0602972167294639,0.0530970144645168,0.0577533812438843,0.0502823619447704,0.052694417192124,0.0600735026174104,0.0617616031208719,0.0570682201822255,0.0536735139161951,0.0569750430749573,0.0621281241888048,0.0569082437237989,0.0554344700935273,0.0543241733036277,0.0542983299699161,0.053433155647474,0.0518299237485748,0.0528592645884805,0.0612636028419562,0.0533779437666729,0.0555679847995316,0.0590968420013474,0.0614569953093563,0.0555171815594922,0.0528749337895152,0.0546024951092708,0.0541479485065005,0.0530449700683209,0.0621765169411602
707.200028342264,0.0676271488479445,0.0621076927987655,0.0590359117171633,0.0640375434890732,0.0615901408965025,0.0698605461562951,0.0669179970780131,0.0766121211353537,0.0619231945269399,0.0645517616387292,0.0630096903264902,0.0619430996922439,0.0727763510639317,0.0711696583852174,0.0649306798940293,0.0703281857646768,0.0636990364587373,0.0659207046724707,0.0654157167964984,0.0580612673410349,0.0696819559039711,0.0709640906893542,0.0662872914986237,0.059436172353129,0.0664442778804684,0.0613602342877043,0.0717408278500326,0.0652490674880339,0.0688096416640197,0.0655207234752845,0.0698245383717768,0.0690367862985242,0.0690419407870891,0.0628132390028317,0.0683097353100279,0.0654035894530242,0.0720591574167727,0.0717026778437897,0.0680321877590625,0.0728468385772659,0.0665893113754122,0.0619943128752702,0.0672876074616912,0.0570402951991802,0.0705384798510385,0.0613537781621502,0.0720372836574255,0.0660302021065744,0.0654628156886551,0.0665738530110876,0.0667716567614088,0.0745974144582763,0.0739335167332616,0.0559797416657036,0.0632084841185533,0.0710674024678185,0.0576123131909981,0.0710543493941147,0.0752184732238746,0.0604977981545504,0.0660721356646253,0.0713208434950427,0.0632613954834013,0.0669570823067207,0.0609304882496218,0.0767885595273845,0.0691825398777883,0.0644331770931593,0.0666265729496108,0.0591804719901014,0.068942845522125,0.0641161318354944,0.0682296278098082,0.062124774246429,0.074004291934597,0.0656675332370607,0.0660179851349509,0.0653349196070315,0.0599902154780117,0.059943314272321,0.0692443682927602,0.0632241277064973,0.0658938665700441,0.0646420184768103,0.0742717226111459,0.0689377055972903,0.0615848749749312,0.062701389993977,0.0763643697776842,0.0652574681444081,0.0646833689013322,0.06297311003292,0.0700353663324585,0.0713975464434004,0.0654444090912308,0.0582869512850336,0.0678541573887023,0.0704812259483601,0.0638975588575613,0.0638398461042219,0.0611526484461319,0.0655921445599965,0.0617901722637321,0.0655680669424017,0.069929731901919,0.0611958649633785,0.0684255770021892,0.0637404819717085,0.0638739060759953,0.0680046388076775,0.0663058158001453,0.0646515677907091,0.0592135790222378,0.0694924900840301,0.069223828387486
710.512968803987,0.0457881451223606,0.0502098391714659,0.0495035218747188,0.0545632023743356,0.0575286471584703,0.0601053526925616,0.0556461500338144,0.0554042023064355,0.0561623993179293,0.0565837593931793,0.0535072819145858,0.0595660505102201,0.0485398541011297,0.0546002666852503,0.0511897977980694,0.0567582147510196,0.0540339561562135,0.0595623505623437,0.0513532551976049,0.052260597663056,0.0523637660249415,0.0538048557656357,0.0590179140084674,0.0580058704023022,0.0523812938569096,0.0560275091326409,0.0576810460422555,0.0588519232076677,0.0607581949291734,0.0570782165270156,0.0475391753398102,0.0577233947638828,0.0568912268532889,0.0509915555904247,0.0547278532708129,0.0633856913637555,0.0481675479612923,0.0481560427969895,0.0532121707980242,0.0564659903192712,0.0551153642834077,0.0540245061253749,0.0580953775832101,0.0593870478620876,0.0474457130315417,0.0491534643368069,0.055715629599006,0.0497620679737773,0.0563888039900058,0.0530320155492283,0.0528501741275762,0.0619220090374131,0.0568599788983844,0.0612121934597318,0.0623210714265739,0.0537471895431499,0.052959642630597,0.0541738074314578,0.0583967390473862,0.0579207381046508,0.0613103778104464,0.0576278879351159,0.0534581059607058,0.0535936089760958,0.0528956509386353,0.0522712040454765,0.0516350551786842,0.0519150908832169,0.0556648617640369,0.0599255813161805,0.0551867391597511,0.054873807298007,0.0546188874829732,0.0628474210342875,0.0664612049543346,0.0547503349936813,0.0513640731050411,0.0496633253330007,0.0574677549217849,0.0590258829695259,0.0534815054918326,0.0552837880806645,0.0567992795941099,0.0575392033888983,0.0456186644665905,0.0591939291118344,0.0519045667721569,0.0523315038629564,0.0537850379309393,0.0550057571972542,0.06203418902665,0.0565657738231594,0.0523825520922421,0.0604861671324879,0.0468158488160596,0.0567820797059593,0.0574940247052011,0.0522830272666178,0.0552273245619444,0.0430417877943542,0.0446118863749894,0.0504589877034056,0.047773444117334,0.0535791426040267,0.0417553082536385,0.0493332763028419,0.0548457552343486,0.0461383439638645,0.0495701430363445,0.0485914206521229,0.0537045601249675,0.0565273094168671,0.0560341473254553,0.0527632443117121,0.0592416765551124
713.823469119842,0.0564811751701629,0.0647305615266605,0.0502542788047867,0.0590905058099878,0.058858724913238,0.0497760952533655,0.05532211844141,0.0601356168970175,0.0612945121322703,0.0507833816450747,0.0567776007365845,0.0525713204063878,0.0546127945261363,0.0559034877613316,0.0480617296284443,0.0657666068948691,0.0553398894477832,0.0476932835282949,0.0587283923611189,0.0557415659335444,0.0668133436758323,0.0640109755027293,0.0511934780501016,0.0554587159968318,0.059170994377259,0.0534679117429486,0.0452499048562204,0.052435808063495,0.0598508704324479,0.0524072540643172,0.0612837848702848,0.0658952186301417,0.0592263572686777,0.0604918532787404,0.0582143848817561,0.0479923370474148,0.0573094710656413,0.0499768855154656,0.052825841569016,0.0522152189789455,0.0647068305111505,0.052565287328695,0.0599394410243023,0.0509479105664961,0.0557797305274186,0.0487979694569726,0.0608087959631391,0.058687284383329,0.0533015783292824,0.0603357422570404,0.0600472146564163,0.0626477103635956,0.0659678754742772,0.0553157582728456,0.0586171482273246,0.0640120125580583,0.0499735862112455,0.0554400852241791,0.0607664772956493,0.0586537530691305,0.0636654697656476,0.0578065036881855,0.0536156099327078,0.0554958909378026,0.0514345061007662,0.064512733475145,0.0497181338556183,0.0515260004241537,0.0591713263803462,0.0595393841276145,0.0553561238823479,0.0528154458164037,0.058666572067833,0.0508022618880649,0.051188023703059,0.0566043346481791,0.0548434554038278,0.0586009661830976,0.0582009958579153,0.0553067733728973,0.0586154806410919,0.0554456358088272,0.0542189771377756,0.0554564467448556,0.0596600611667037,0.0560479595980094,0.0586290809796768,0.0541372700382451,0.0468973100315619,0.0584353771300813,0.050931823979391,0.0545107723523288,0.0595390074643131,0.0605907020404574,0.0502630203120208,0.0614128810402584,0.0476691674170738,0.0569047463488801,0.0537151106769862,0.0558246327256929,0.0525406320340315,0.0653082298743063,0.0478948783691632,0.0581921693177524,0.05411926957046,0.0532909431599268,0.056107408132069,0.0563002929355575,0.0547329122422799,0.0543289071107506,0.0565820031045071,0.0577359112016064,0.0610620164386856,0.0528662237428621,0.0561504417222643
717.131531812825,0.058879328101442,0.0610564663396705,0.055865988551246,0.0630596460584516,0.0520541855342981,0.0627299106082382,0.0670428056787246,0.060897113879398,0.0544039931273406,0.0619113157658822,0.0651456084381296,0.062933990059109,0.0574746431246925,0.0588147157435361,0.047712497333754,0.0587725986355353,0.0599239858667871,0.0555762101475548,0.0633334315068373,0.0663159278155156,0.0538408698766017,0.0599795008791757,0.0562132221760938,0.0583844829737787,0.0544080435178055,0.0564741774806369,0.0503754390439216,0.0581033058424588,0.0523123002230968,0.0607125313657873,0.0588148279183401,0.0610455865341085,0.0615423720438848,0.0508206749801406,0.0528632561051837,0.0548413555732781,0.0619506434042923,0.0578495086217704,0.0568677946405909,0.0573335913307118,0.0559692800790212,0.0608815974959311,0.0595532329702981,0.0591788388574433,0.0543364391269383,0.0676319953100272,0.0592882894778716,0.0549875719887226,0.0600233391824507,0.061031916891714,0.0618058241004674,0.0633542270312454,0.0516434877746662,0.0627316613229604,0.0588099553936648,0.0575759223136606,0.0537162613151155,0.0495316020385026,0.062568315137487,0.0543741810271692,0.0594151157940608,0.061855462229065,0.0432202416998709,0.0562457409289619,0.0592941844101567,0.0614554361988822,0.0544885608389186,0.0538791026905111,0.0498431902150308,0.0635827550379757,0.0621999506706294,0.0557249047623768,0.0593804514323253,0.06368119586798,0.0634356285887359,0.0612197727370392,0.059404324694828,0.0516483750476078,0.0545491651776575,0.0576898607659164,0.0626299330162871,0.0615443141223909,0.0576086861084754,0.0494353321055272,0.0564860338271437,0.0644626761095857,0.060955362625222,0.0498267367037437,0.0605769069901512,0.0530784789003362,0.0561155844600683,0.0579009847213419,0.0569614338043496,0.0527948854988408,0.0641863330563416,0.0565129805644925,0.0677440052653566,0.055936963055276,0.0566007049779479,0.060326632228837,0.0582240100358745,0.0506837425239395,0.05562062852262,0.0617794531120202,0.0605945018359852,0.0561379504389837,0.0523968929510083,0.0581083579029491,0.0582068556076255,0.0488610778864576,0.0527992632268205,0.0715782537328527,0.0627807912297352,0.0616479618100329,0.0604818399485094
720.437159402404,0.065672249321203,0.082148902960235,0.066881040918432,0.0718633530871992,0.078776303549084,0.0695618312660382,0.0611961720145456,0.0717970616548388,0.0715013707643803,0.0724737462184137,0.0806581792890635,0.0671461371454666,0.066702885197114,0.0741772683864823,0.0747638045529915,0.0793176626442844,0.0809744021370047,0.0716783768810584,0.0745215601623674,0.0719476501280362,0.075924806833165,0.0659351737924814,0.0730053738704935,0.0651359132048429,0.079286005969981,0.0700731093648249,0.064819240035237,0.0775049038632966,0.0783671568462423,0.076579758623964,0.0683440400944736,0.0706804245257217,0.0864029406608049,0.0706799498026965,0.0700928002733919,0.071689322835178,0.0682535885228388,0.0684627785124874,0.0708968248326858,0.0668513153162947,0.0660780347716093,0.0751646697706939,0.0751786482960605,0.0727746553850041,0.0734770075599495,0.0791023374119584,0.068191280014394,0.0781257966615691,0.0771002509421361,0.0688473245226666,0.0825153356507229,0.0685151953774503,0.0740925629145231,0.0773497901910126,0.0668156143173977,0.0700980376169579,0.070937106846769,0.0700273231916314,0.0835619336133988,0.080592850723359,0.0781999534248419,0.064218594387311,0.073279481215119,0.0677324685903145,0.0742772571621087,0.0759185717420561,0.0609158490469021,0.0705701987772015,0.074485627698213,0.0781726434897848,0.0667938178307124,0.0680349249584816,0.0727811842713336,0.0704441168176396,0.0729105783857411,0.0724895471376059,0.0622965148285009,0.069852612735725,0.0667062828380561,0.0684012303758166,0.0770836828668877,0.0660007063418543,0.076223751500157,0.0736305581805057,0.0721537003632093,0.0717557079266308,0.0670953538194779,0.0765385755781993,0.0682791589170549,0.0718152109571825,0.0747743629754023,0.0716538488695934,0.0656998977796498,0.0754571577341758,0.0615198674823745,0.0756536614288894,0.0750573905461734,0.0727759495660077,0.0727174219190409,0.0675642271223893,0.0716803148168361,0.0644055399734766,0.0736733506510501,0.072903244221632,0.0681185644206472,0.0758978409212289,0.0679312177878991,0.0804571977334,0.0761371210832855,0.0679849310080596,0.0678163771105459,0.0666976065133574,0.0749008025220471,0.067149974453325,0.0738307126020591
723.740354404523,0.0619637279018945,0.0597107290659561,0.0681170142078638,0.0585388870369231,0.0557029759883808,0.0580661072071347,0.0706848133686641,0.0657478501894727,0.0596624564074745,0.0677102829694707,0.0593110186864051,0.0672520872348688,0.0583543261037019,0.06132940703998,0.0581490532446805,0.0673259473210512,0.0602442682003276,0.0592044610966818,0.0614829338209568,0.0606006970152721,0.0618181135381008,0.0623931487344581,0.0613728125817046,0.0630830365984748,0.0640508413659786,0.0674560716497964,0.0550779672453191,0.0583802323170381,0.0509542990973915,0.0626494345690922,0.0637497210679499,0.0612928498472244,0.0628943124900688,0.0604238327384167,0.0625002885918397,0.0645882819344073,0.0577313465146059,0.0613972323688387,0.0560025857706193,0.0658587090582664,0.0567483708729108,0.0622226152808449,0.0659101196241206,0.0605112554427978,0.0627805970776521,0.0690850131431954,0.0616875983713552,0.0617828186355844,0.0646739552154915,0.0541325846526224,0.0533442038723956,0.0580001025401858,0.0541560432422887,0.0613977226553232,0.0557819275069959,0.0670698629887521,0.0678898947106223,0.0629811026412315,0.0529425122291088,0.0563011784449601,0.0596413620725828,0.0593397304250992,0.0573027837773539,0.0610825865082104,0.0683646752411291,0.064332121858124,0.0539082164635559,0.0541124945720181,0.0634484564864169,0.0616037812259489,0.0680223084005213,0.0675827193539292,0.0585414451859563,0.0677654325580809,0.0603352764571283,0.0626084943192003,0.0596697328853862,0.0710723326939893,0.0553763193736828,0.068520624185046,0.0700529320040886,0.0671908312031867,0.0594329789875667,0.0580534495725648,0.0584023470774045,0.0602819520940661,0.0693848645055274,0.0594415894382402,0.0624199747362103,0.0620377213716055,0.0551809799382252,0.0597094106611533,0.0555290309446753,0.0618447520114077,0.0687774801385465,0.0623236675175973,0.0612988238316709,0.062300767123767,0.0650765469515614,0.0643180163489033,0.0611855904982732,0.0606542545309737,0.0633936982999084,0.0633591341514248,0.0644177297354213,0.0563159235609548,0.0614317967457779,0.0638909547023916,0.0589754173429231,0.0596833222561251,0.0568019534733352,0.0639987150148649,0.0727438797590649,0.0601316451806778,0.0573932981491488
727.041119331624,0.0532710889668226,0.056531545495119,0.0476448973461032,0.0559811267635385,0.0510071071069162,0.0570932034049538,0.0565743303808775,0.0529075510553092,0.0538065580435298,0.0634749912701821,0.0635291918085687,0.0601857167782775,0.0558403834807557,0.0631017993120936,0.056064791659254,0.0663389298127925,0.0554312553128212,0.0527533407212225,0.0566782389076539,0.0640069833859616,0.0630381500197648,0.0583061438748466,0.0631208524085323,0.0538734083985343,0.0619795222531905,0.0597935475205697,0.0563029762679973,0.062891954715786,0.0620943597932818,0.0660273485847413,0.0612275606301942,0.0613889994207724,0.0646166786939926,0.0621877252984299,0.0592992722111958,0.0502341751128984,0.0494314009025894,0.0532094682008178,0.0522074542745734,0.0526992750790189,0.0540585453536466,0.0628654691910866,0.0649146037024026,0.0595348859379357,0.0591143141183612,0.06130872050617,0.0551656723875496,0.0624124022595827,0.0615111028891171,0.052028032954526,0.0539639093059818,0.062005103342323,0.0531545976402535,0.0565365392100384,0.0671064220478258,0.0588441653086309,0.0575109008174689,0.055366240533602,0.0629213262806572,0.0591789262113413,0.0591781834797726,0.0577760363764098,0.0612671821474359,0.0651699037925206,0.0607854532873665,0.0532910383986493,0.0547063306277172,0.0591713440571205,0.0496067918343391,0.0572499590786822,0.0619810820599795,0.061017321310648,0.0707996471067563,0.065068235212799,0.0642653674491355,0.0688358897287462,0.0559246339587951,0.0657062352560536,0.0560351433001926,0.0641695049002838,0.0597014571907123,0.0597010752028068,0.0605899795378098,0.0642943305278475,0.059609935580114,0.0647806562680466,0.0672765912734443,0.0545208707467631,0.0565427826921656,0.0637501625986357,0.0676172944286174,0.0685088614547231,0.0555950222876701,0.0592488666876302,0.0611027234630411,0.0556894757005446,0.0580489074519541,0.0601628018115939,0.0596256454055556,0.0588503712574623,0.042323771754154,0.0557941484390497,0.0705198196375989,0.0578262655260646,0.0574968545822229,0.0591088187247732,0.0598675560479095,0.0484175697900253,0.052929993124479,0.0586346026703031,0.0623737815786719,0.0612812506152648,0.0546649565216877,0.0530953360394275,0.0621995623538781
730.339456692637,0.0688354922054325,0.0665528702722061,0.0645684341030384,0.065807995978841,0.0614425217212825,0.0644240175645499,0.0534124416735395,0.0609284119339976,0.0593899440082963,0.0619547691629868,0.0646587956397478,0.061789568523876,0.0628857250630908,0.0697357402576352,0.0578791370581616,0.0642313292980061,0.0654365096930576,0.058915396446332,0.0562563775766437,0.0630181834851909,0.0653356311747093,0.0568340397779856,0.0707461543179371,0.0600217321686536,0.0615380388714756,0.0699848648851864,0.0613543301364756,0.0673854616110462,0.0677058267681043,0.0672216586679973,0.0654796357574007,0.0644676600829782,0.059873828413792,0.0650275600955781,0.0615922914668122,0.06480135796319,0.0596001511839823,0.0648711310079632,0.0606233073510294,0.066580492423496,0.0591184160863764,0.0662107472287546,0.0666644542859317,0.0563869679195084,0.0586831770021657,0.0659429862147605,0.056869370318355,0.059187152309477,0.0616057694527448,0.0575922302810312,0.0664892004148455,0.0620772415814714,0.0638414068184643,0.0672102215115925,0.0565947579474063,0.0609500101067269,0.0611729969897834,0.0609446959403525,0.0673929709749676,0.0514961521239756,0.0674793026304254,0.0528600787011854,0.0546793103831504,0.0635762319037534,0.0597806825500239,0.0586391830069594,0.0616334681684762,0.059794731829095,0.0675073462608808,0.0606627492249329,0.0670771897908652,0.0599744260674924,0.0697808966559708,0.0684498734552057,0.0659740510696286,0.0644787835081534,0.0637128196202416,0.0592273939605233,0.0615877611354151,0.0709295421950149,0.0592393147904086,0.0641038778387603,0.0660843273321056,0.0593186257115418,0.0641274437250808,0.0620925779271793,0.054748704140804,0.0651024060560345,0.0544398483244924,0.0561286831501199,0.0749747257027526,0.058714057130598,0.0691364725432541,0.0660932830026456,0.0644570875438067,0.0641440171468399,0.0558890605328863,0.0641340028139712,0.0685104643091547,0.0627285494118465,0.0540544299157605,0.0547346039562603,0.0629263686186949,0.0638595801067694,0.0612309091521281,0.0536915218549459,0.0593859635933113,0.0618203636560523,0.0624547862622723,0.0603643170317345,0.0640534060552742,0.0667971794375013,0.0601494948444822,0.0612612758607835,0.0595453967400881
733.63536899299,0.049071640484152,0.0550754294746669,0.0532773711644968,0.0491930875934457,0.0594156400591879,0.0439958175935816,0.0513285702805058,0.0559508861895275,0.0545882989338751,0.0593229620908576,0.0580948679810026,0.0531551236712352,0.0534188611442976,0.0535812965774615,0.0529602093629377,0.0549405830457853,0.0479486768225834,0.0496822898118703,0.0519648268904776,0.0516163573580387,0.0478846112103941,0.0527107731284404,0.0547708714492992,0.0535222450725405,0.0462491760273487,0.0511147974884684,0.0521073410997418,0.0509566988883212,0.0578704758579403,0.0548621864416227,0.0587432370594538,0.0445235284248429,0.0497403701119228,0.0547160045544408,0.0462292550348783,0.0509677761388275,0.0501431006363145,0.0472649294215181,0.047342582974964,0.04675876118869,0.0530631259284731,0.0483168070551078,0.0562347665962033,0.0537593982710196,0.0571500443584404,0.0575645309565276,0.0503114074823555,0.0438858244718447,0.0485779028584429,0.0466664552856424,0.0556914138555389,0.0487105255654023,0.0494243179200861,0.0512025238284138,0.0544559831031601,0.06188467752793,0.0530041138689781,0.0505415826878009,0.0537334578697367,0.0532277601034345,0.0516109997570802,0.0584828148208517,0.0508455809263846,0.0613970813381078,0.0494180319007958,0.0537819374222067,0.0556851220748839,0.0493567246632531,0.0486143489307614,0.050155491729007,0.0565371162478456,0.0483860566413879,0.0499610379147913,0.0585103345211172,0.0445313605121789,0.0550983926124373,0.0511307776026239,0.0521832515181366,0.0529320145966507,0.0470646892495112,0.0554567474063203,0.0495409511267668,0.0525059846775859,0.0543247009474281,0.0536491799933067,0.0522178714315054,0.0487723915661828,0.0546021360060129,0.0490688163279426,0.0457494346359288,0.0513897610269235,0.0478088356151936,0.0497357702925511,0.0482235125782319,0.0572983391150127,0.0518782403496641,0.0442926209237057,0.0424626500786718,0.0536381471358749,0.0506152313122707,0.0368254673756748,0.046566362453532,0.0531369980481243,0.0517437169855751,0.0585433466015694,0.0444334894841072,0.0500802744104435,0.0507557958189602,0.0524763392833269,0.0464148685940432,0.0480040829242401,0.0552411016222958,0.05355118850576,0.0509280080162767,0.0499625203705125
736.928858734616,0.0618408915099686,0.0551464473287272,0.0571506438283501,0.0535912348372685,0.0503371476413219,0.0557286242895952,0.0558066106341338,0.0470043861401823,0.0557701271391786,0.0539396624473219,0.052024435702459,0.0552353731418437,0.0503191334735785,0.0536740234741602,0.0463443874962202,0.0472853383258276,0.0518734116183682,0.0530626588432064,0.0504058806017838,0.0451204374262068,0.0485010589510737,0.0422501466221489,0.0494968266523463,0.0497508892526409,0.0479693188733397,0.0445137157092065,0.0510809000176637,0.0554142265390067,0.0568333763038908,0.0538555075948081,0.0399736408109363,0.0545678746355995,0.0557055120075462,0.0564249171014121,0.0545500236352858,0.0465773661669889,0.0546733294889858,0.0572347978928002,0.0568345629561685,0.0606045682211366,0.0447704801865558,0.0543467276123654,0.0612646932150642,0.0559591207003524,0.0452983269364503,0.0497326748318096,0.0530785319100966,0.0461055980774656,0.0617401487615778,0.0483513176992912,0.0557155502725489,0.0526602897077985,0.0511554614448508,0.0468416455186818,0.0444669577435311,0.0558968916567169,0.0611263991724229,0.0538825585361201,0.048288972292301,0.0549413803472193,0.0494473765810782,0.050752214189205,0.0525382813951485,0.0512726646242258,0.0450807389776716,0.0522997791278672,0.0491585885180009,0.0477357264207128,0.0597922672167814,0.051307656231263,0.0593658213861027,0.0473071532641233,0.048905542680466,0.0513241964466565,0.0462040273576067,0.0540414186627914,0.0522825711605025,0.0440266664196322,0.0524450438862981,0.0510057760231351,0.0511059688893711,0.0457881254824537,0.0563314416950134,0.0481928881571613,0.048145309841098,0.0522505263162105,0.0515376116189122,0.050181220352606,0.040429836396084,0.0413805637295722,0.0440918631098893,0.0494524702299735,0.0551453983308178,0.0566089353188188,0.042388478871856,0.0407135334193032,0.053178048661515,0.0480686798201947,0.0470290556435908,0.0561102554383922,0.0501892875577564,0.0438353904841318,0.0482303571059431,0.04917972940167,0.0499679672634613,0.0531813985123342,0.0578186435868379,0.0541204619409783,0.0491608282160536,0.0576171847523827,0.0502018868883644,0.0486180031530702,0.0491287727374966,0.0519922680942921,0.0408929374282471
740.219928415972,0.0547302735392157,0.0535472471403233,0.0507033719286955,0.0498826724057939,0.0585546019972572,0.0513538101317382,0.054234118664927,0.0470686196825995,0.0536601827347497,0.0507252009899402,0.0541228437303412,0.0537212042846627,0.0503942444580868,0.0504963656147779,0.0542596604794661,0.0627608231004549,0.0546813636634052,0.0465400269879726,0.0554309401879949,0.0561138551471865,0.0518395815635971,0.0433574386319357,0.0597478402405692,0.0437655935148432,0.0661493721062449,0.0535328670758227,0.0566274451894005,0.0538027754249873,0.0574314094744033,0.0571629958765765,0.0541005509525299,0.0550925660398875,0.0492964112125243,0.0477188023794636,0.0507269964260584,0.0555259594679776,0.0474210816080714,0.0517341436539697,0.0501889096962057,0.0440610239150187,0.0603187290459153,0.0500203679363545,0.0502459324098207,0.0452207672055411,0.0540313487327309,0.0503570823142745,0.0541792716249232,0.16066683283545,0.0590501341321959,0.060450708232717,0.0481343818573851,0.056591951316027,0.0617880211609875,0.0541277363593907,0.0585149937831037,0.0475879755457308,0.0523560679536783,0.0550040755730832,0.0433754073020776,0.0577468731744353,0.0598907863958047,0.0596725671820221,0.0453424494169884,0.0615106362474993,0.0467689536258214,0.0485344077745925,0.0509973969023096,0.0560362344587244,0.0536790321934797,0.0568904583800957,0.0510209313421449,0.0578460139915569,0.0450697506306453,0.0574231273213369,0.0649334862284247,0.0590835888677678,0.0506664566860228,0.0566494692866257,0.0530318561204929,0.0549288256634652,0.0555441443408099,0.0490559141509388,0.0508841252113055,0.0498819073259213,0.0431782052979192,0.0561251403671421,0.0520954604038852,0.0501768915880531,0.0485670996493467,0.053434214910011,0.0480208990065094,0.0554496349937617,0.058378439259581,0.0602478024875539,0.0550792532643178,0.0418404173180763,0.0542893133778102,0.045301024061468,0.0497874818954565,0.0593844501253019,0.0485078752727698,0.0579967130102372,0.0618190910299435,0.0586860310461991,0.0504470328548584,0.0509887444318289,0.0545316848170907,0.0463539964751864,0.054735297529307,0.0587338993962548,0.0479544629469118,0.0529793629132912,0.0551085030642239,0.0514084232477559,0.0450942480020187
743.508580532013,0.067463570984087,0.0585397480573971,0.058878507171369,0.0671874691465821,0.0618849594118802,0.0558381387067421,0.0630624678741728,0.0600940425870393,0.0733567592899649,0.0518664750343467,0.0546683358735786,0.0567894830260098,0.0632216791581586,0.0554337959476575,0.0587996021952276,0.0666443719819407,0.0596696837432053,0.061418147016404,0.0659398035842334,0.0545063056142385,0.0589964450999011,0.0539263155906818,0.0587258885346919,0.0729077180258363,0.0612438085096815,0.0513636234533688,0.0572131405072133,0.0620757043288054,0.0668279986659197,0.0685749084440955,0.0645535430355993,0.0616010058278021,0.055762860345497,0.0565055695413072,0.0595641488939465,0.0666831845938936,0.0541564193173469,0.0671872902101614,0.0546431161554828,0.0678119061686223,0.0691911028705893,0.0554707487347205,0.0591093327275644,0.0640740652331932,0.057867691018591,0.0616977688242185,0.0580104269595564,0.135446612810396,0.0634403007176819,0.0604531006984964,0.0600471418843001,0.0577097392242981,0.0640409157295632,0.0530637118528489,0.0624753907348292,0.0685910343650472,0.062126984308254,0.060511952332742,0.0620456876097227,0.0588701192201955,0.060985469855116,0.0524617284924442,0.0558707527108364,0.0649359630536078,0.0566804117717018,0.0617247638230773,0.0556120991685344,0.0643192754235304,0.050334090279922,0.0591190419932208,0.0605074023649556,0.0689213261461875,0.0649705065067757,0.0518642153952037,0.0649183693388173,0.0529857642509785,0.0539834665039705,0.063234501437482,0.0727033517544271,0.0593904742653713,0.0517086303382895,0.0593444662649482,0.069918409115988,0.0554725381767042,0.0470688539721321,0.0632904534739966,0.0564680678633774,0.0545893024884579,0.0653547957550836,0.056702546908575,0.0676750568927334,0.0559659085990354,0.0675311662045323,0.0544111604998284,0.0583621136077172,0.0602947140023129,0.0570452928363085,0.0625694018079672,0.0580490712210116,0.0560314493921712,0.0596095410195807,0.0606860222394068,0.0514323668410382,0.055583791920251,0.0530432876107748,0.0547867365983235,0.0495760613972887,0.0563510494485624,0.0636326605615311,0.0687822396914879,0.0550988534989311,0.0611737690181149,0.0632644292938723,0.0578738113017045,0.0583141303663144
746.794817574235,0.0724550806877117,0.0706748884086643,0.0730004499148749,0.0720717973497547,0.0733136553311012,0.0752847162627926,0.070775962142532,0.0725369342393771,0.064663726745337,0.076497669043206,0.0669647332226702,0.0705728975172353,0.0792242539292997,0.0679443056221083,0.0705963981286782,0.0727150332642362,0.0717840246005224,0.0702378696926926,0.0736799478134335,0.0676529037435171,0.0732601384066963,0.0650043672201102,0.0689415923547763,0.0712811507591212,0.082135631301893,0.0748682200544939,0.074807641530192,0.0752821714688702,0.0784110484664789,0.089174285543925,0.0650635163875011,0.07059261265075,0.0659721671571591,0.0696523130024193,0.0683841192218827,0.0750404548593179,0.0754397170629095,0.0737927959907644,0.0713090647575639,0.0727702687701898,0.0763814312270761,0.0723304202674398,0.0773522346973606,0.0667594947916515,0.0638555943472671,0.0673709012820507,0.068968800028181,0.0745828916903657,0.0743647968123921,0.0725175215736795,0.0714006619114236,0.073907734326125,0.0696209404574825,0.0775339396506354,0.074249867591899,0.0740449782669546,0.0763783166964122,0.066002560406025,0.0796005732139037,0.0660792303753485,0.0757852878862409,0.0741260610504841,0.0746980820984675,0.0711733542363565,0.06767312080584,0.0737639285919385,0.0725051887454297,0.0792110870053477,0.0687024832779548,0.0657785699293849,0.07499634371878,0.0738843584570311,0.0726999463621426,0.0690136173769096,0.0643349852445468,0.0718950017683881,0.0798357755070208,0.066518371606077,0.0781670842858003,0.0677297717051669,0.0693218643559871,0.0739470526608186,0.077502530283374,0.0683243990814142,0.0637004690718069,0.066578235001514,0.0657504909048235,0.0639729134987659,0.0734576788196673,0.0687217066423292,0.0738173092484026,0.0684851245997451,0.0755870929632313,0.0732538014811088,0.0721224887665069,0.065862567016047,0.0747431697599769,0.0742496528233823,0.0800950690439413,0.0708380616417108,0.0695803629152639,0.0759041666701702,0.069342320941501,0.0695886760324124,0.0710980569931655,0.0787757767435485,0.0699206962834355,0.0741098378799953,0.0641618638066721,0.072660560603338,0.0683143578349816,0.0693505323735313,0.0724998905697737,0.0795422035298734,0.0752371439923425
750.078642030654,0.0503948538431846,0.0547026074876855,0.0583663224763391,0.0564469393188462,0.0500976066024471,0.0542123260359284,0.0532463001509198,0.0482804294057545,0.0543162169999856,0.0475361232534919,0.0511011870668491,0.0500996318225924,0.0547720186165079,0.0462818442298971,0.0571945181145998,0.0484547586812993,0.0553070279422334,0.0466384101738748,0.0549938496269916,0.0495974596874414,0.0502383327279753,0.0507872896592693,0.0566293970534147,0.0553601040853151,0.0634647612390405,0.0564663227176824,0.0511919123075576,0.0560147973080603,0.0547112895873137,0.0566951879774851,0.0483165008370788,0.0510610296160407,0.0557492954635959,0.0532321020722383,0.0490760467973249,0.0549977072821036,0.0602915108358511,0.046716147044263,0.0579412239531622,0.0501008019880559,0.0541471986541536,0.0630544427714327,0.0452745522077998,0.0532772044937464,0.0486822798097984,0.0521225732960898,0.0606746398544515,0.0520684670330292,0.0541492953122881,0.0461301064742042,0.0507601466836192,0.0582145328860577,0.047310532300503,0.0542153482465331,0.0535600486226761,0.0507216530064688,0.0456155226707018,0.0434019586313661,0.0477391481680643,0.0549607695743808,0.0504983977621929,0.0579898463961922,0.0530349558361265,0.0519154719019213,0.0489810560136278,0.0637157427876464,0.051370352659774,0.0526726946951435,0.0480492764451683,0.0529580918851763,0.0571163250826851,0.0533426897187298,0.0483706975016758,0.0440195116983963,0.0444565382615086,0.0540836606458434,0.0473642413491527,0.0555553857899329,0.0557786921249512,0.0521227379122147,0.0472881806230763,0.0571329938548927,0.0464154856679564,0.0475641678486078,0.0520237373365901,0.0494462142436854,0.053665143736176,0.0506125651620887,0.0549987648251039,0.0467478443852889,0.0518292142632035,0.0525764110067177,0.053400329329082,0.0542466082290861,0.0494091770018675,0.0535084543788074,0.0519787988528903,0.0530464494507857,0.0551976326293976,0.049273791149423,0.0600539038537792,0.0512861235511371,0.0540206195254253,0.0508392097263091,0.0517804521744988,0.0514085961774425,0.0456670831923821,0.0551774247890982,0.0518692662508336,0.0496739585827709,0.052732146994535,0.0533044928555392,0.0521042395426565,0.0495540923662312,0.0570595230818896
753.360056385828,0.071902837373916,0.0734124968954292,0.0860090450993472,0.0602181238826923,0.0609507649219757,0.0630824584586219,0.0691496538643995,0.0623803638060715,0.0690493571223743,0.0639322616848928,0.0623392377544842,0.0807143520480583,0.0680800470094514,0.0712281607352222,0.068396798489484,0.0699232154887247,0.0629908551475826,0.0598173637719068,0.067100223440214,0.0605210468521483,0.0732355924166863,0.0670971133008673,0.0673463591162522,0.0668790274543071,0.0683945931664799,0.0665311565494384,0.0698502193753884,0.0691867964517609,0.0712187327418233,0.0713049371976504,0.0712582580962349,0.0615186879359015,0.0621630229148271,0.0718159880247486,0.0683348230448296,0.0644338297348145,0.0692152351688148,0.0709472355741352,0.0640116615937359,0.0682784307176123,0.0613030092527843,0.0684528491563168,0.0712213121598204,0.0661569281759165,0.0763229026687382,0.0651049079843536,0.0584088366176103,0.0662591678499105,0.069406795948445,0.0620036116891278,0.0685833750202486,0.0754957748448301,0.0712519155528467,0.066429935736666,0.073131206014354,0.069363982455318,0.0744525598854613,0.0659231204535723,0.0707479443162454,0.0710129406125241,0.057030570498607,0.072951640723876,0.0612938294960764,0.0751004714209406,0.0786185978794543,0.0655311599215425,0.0598420037598964,0.0669781466931367,0.0647113827155922,0.0590267388158532,0.0682238260592899,0.0699067749237055,0.0643513946445159,0.0677856723608034,0.0763354300951968,0.0668407501076924,0.0627312068991104,0.059899471598697,0.0601163597822608,0.068774273897648,0.0610142741576279,0.0760330774032313,0.0697537589977493,0.0682200157298525,0.0675110637138941,0.0681387834460884,0.0629134952704516,0.0704933401137553,0.0663182419797173,0.0647611040887803,0.0770529126788128,0.0694328139661656,0.0684387107393674,0.0704281218113975,0.0614779105082449,0.0691130713406029,0.0641021697477947,0.069148305912067,0.074448897683241,0.0601906129675655,0.0660938079521782,0.0621069703867513,0.0610064023815093,0.066825016208734,0.0639310710235784,0.0600714959026917,0.0681789703604788,0.0673449190248415,0.0601584546395834,0.0658230286048222,0.0758764240114899,0.0641970342327174,0.0618540005807839,0.0679273169899059,0.0617215206827387
756.63906312085,0.0476010083950682,0.0452885959522323,0.051819675649076,0.0418626567854504,0.0512268733416867,0.0541812922305014,0.0428105729743567,0.053889428780239,0.0483003972122915,0.0447766268426612,0.0438826165132905,0.0443658020020968,0.0414656449688689,0.0430262583420565,0.0488049024990531,0.0428728988935201,0.0503261504751857,0.0427741841179553,0.0494795935290919,0.0407899984381439,0.0501787790589664,0.0459998171832991,0.0458883834678025,0.0426874843174898,0.0518871388586199,0.0469771688302228,0.0533402148450522,0.0509854813292121,0.0436273450481358,0.0599087209388047,0.0435073576796073,0.0429533599970507,0.0529799187771538,0.0477001630700381,0.0434811658051065,0.0538181322051024,0.03442496984068,0.0432843917469221,0.0439396654454122,0.047231997353108,0.0429185437476312,0.0520689650802131,0.0451894616873008,0.0451037145914422,0.0421405193053662,0.0475616854439096,0.0506303353891802,0.0464511185736586,0.0409664535993726,0.0465634371710282,0.0506189985692668,0.0491432413987676,0.0466771815708412,0.0502977771196791,0.0468122018216291,0.0557785125883542,0.044777238990436,0.051545814872662,0.041596365783301,0.0365562996067532,0.0487256430941786,0.0428899779782771,0.0501308020035152,0.0518429699852619,0.0439597200682427,0.0526155598937789,0.0364346218865362,0.0398537065449466,0.0434666025511857,0.0394988970558481,0.048636031986749,0.0460064830174788,0.0482737147689109,0.0405399897556655,0.0410006003566131,0.0439897828580072,0.0439774163062679,0.0439767913603122,0.0376937744423753,0.0470112382892175,0.0615135632201529,0.0396962673289445,0.0435327148270808,0.0463055092805281,0.0435958980511429,0.0410468100815469,0.0425825883345935,0.0471211293527902,0.0402416038826608,0.044945644547486,0.0454716432819931,0.040924270705878,0.0451385891024268,0.0366746229190069,0.0525395928898607,0.0421772011278409,0.0496146716810978,0.0456824121930573,0.0484132542297495,0.0441007077370336,0.0420620442275261,0.0543652806614266,0.0402058378623741,0.0500567777465097,0.0477816204233356,0.0430481616405923,0.0416898487513342,0.0455998401266163,0.0400378767739431,0.0360904112524734,0.047530775025851,0.0530675672766033,0.0452634024419629,0.0411672416262195,0.0456353380402159
759.915664713369,0.0690745616442444,0.0590073635818266,0.0566540524441984,0.0606990352455769,0.0631282560589292,0.0657911212471001,0.0663560325596688,0.0645680818114834,0.0673639085524819,0.0627786774898014,0.0617381270342117,0.0565503025687603,0.0664457260065515,0.0592647932576466,0.0605324370156848,0.0571423656612439,0.0579760677707234,0.071845879397275,0.0626517388299356,0.0604331658672388,0.0682088423716805,0.0549031020283049,0.0597870260938008,0.0711964359341964,0.0545867155033245,0.0597998304303502,0.0565858079528596,0.0641236173408017,0.0650597897262948,0.0598663309702486,0.0559679544760083,0.0608789367317033,0.0658059857857242,0.0624192155892388,0.0544386700114348,0.0648902353453573,0.0629220124495638,0.0592032471872728,0.0605380338815547,0.0570930690639169,0.0583632447985618,0.0590658724636629,0.0605989618418751,0.0595647488747423,0.0605312639382368,0.0644640492713136,0.0598721151298034,0.0501942557507904,0.0594655561736345,0.0613050455740521,0.0575691215470265,0.0596797522019596,0.0611075732420121,0.0624778732478001,0.0579573565419371,0.0703555684084375,0.0578288747857799,0.0696297126123649,0.0590821716219986,0.0642264021354259,0.062359916273598,0.0667075442572648,0.056138239748224,0.0693302216607152,0.0647728964859621,0.0657100489375713,0.0638745448906896,0.0601994866611261,0.0645522612362059,0.0649958691449532,0.0591516289264563,0.0614285379514658,0.0636673886292816,0.0592834249066878,0.0535678632301433,0.052819758439125,0.0571105876266077,0.0630639956848585,0.0725612320527412,0.0591765244949695,0.0597944510917725,0.0726392019311134,0.0641153642299497,0.0646875652454811,0.0673698263850114,0.0619108375518164,0.0649363336435905,0.0603161830525973,0.0553199969136534,0.0629256043836578,0.0785323385936336,0.0577475333900357,0.0666202900077864,0.0638574641097174,0.0673362492519235,0.0599859219795684,0.0605964843524757,0.0678776348026401,0.0615579548013629,0.063797080302477,0.06253823524972,0.064607722187238,0.0640375467802626,0.0680241152695104,0.0598988139381259,0.0587782139197537,0.0575634593909437,0.0655125752242742,0.0610981648282038,0.0645108337636554,0.0518236778914286,0.061725420435631,0.0604637367085412,0.0600509190421748,0.055578443577536
763.189863637582,0.0425317420593939,0.0523303053407307,0.050626725395277,0.0385350473598374,0.0506655134942646,0.0485336852360061,0.0520463613639622,0.0582994621209538,0.0629490843806546,0.0512428101552867,0.055016067629103,0.0523652878657367,0.0488433038566212,0.0538005933113337,0.0560151988844206,0.0515534706128121,0.0562677560091857,0.0514742250894657,0.0604018264933876,0.0587226881144246,0.0462137535217904,0.0495709174347334,0.0533022337854153,0.0535616405801132,0.0495804428920752,0.0513817255940284,0.0488298474324364,0.0574410662180921,0.0583733131198872,0.048437263695929,0.0537843290184095,0.0507820410897017,0.0533654535895742,0.0524968285067912,0.0532534192425405,0.0525716613682665,0.0488258059758105,0.0486150229734409,0.0548853204224115,0.0558933896191629,0.0543713605094786,0.0546192961760398,0.0610664173431415,0.0567819720538131,0.053966255181847,0.0531010254294399,0.0509611312521794,0.0489878860968725,0.0528313589901332,0.050223928305093,0.0525791381357301,0.0567787996299695,0.0448608498448497,0.0546437133492821,0.0489461617731956,0.0590317474062731,0.0613007329888676,0.0491640231636935,0.0524005672152391,0.0524850840242418,0.0507283322962524,0.0516139170489533,0.044387362998141,0.0483013961733553,0.0493091569110537,0.0538886123113772,0.0599947125414386,0.0490548054348395,0.0555321744361045,0.0515509262655637,0.0506857185993566,0.0579953852920679,0.0563943213344515,0.0602727466276452,0.0484930529737511,0.0499545510403307,0.0542753844250873,0.0536753517741051,0.0511966003499906,0.0624211270993022,0.0520041989553465,0.0514282927080491,0.054738225209871,0.0522576950147007,0.0517415682925693,0.0513273967423749,0.0593534781169962,0.0612997081952522,0.0573804714034941,0.0573251420267551,0.0525393624792879,0.0554316769605044,0.0546214643885053,0.0584456451795603,0.0550500998675665,0.060992326240468,0.0599268873271274,0.044934909970875,0.0559155359295813,0.0443691079427487,0.0501602540882894,0.0562879232680993,0.0546382126828763,0.0537413630773715,0.0373124861170291,0.0526454714797713,0.051955519314571,0.0554026878484716,0.057646054571428,0.0509651528724353,0.0516724040171481,0.0483615761209116,0.0591953428104763,0.0555445700692466,0.0569995731219534
766.461662364247,0.045213093950528,0.0461873833382353,0.0505471249240678,0.0411602803935316,0.0473841143026888,0.0462394139866596,0.0432032572372821,0.0407270142526515,0.0405121984155675,0.0451571154339532,0.0406020165055088,0.0415207592694002,0.03760935831002,0.0466936655852444,0.0447662126469331,0.0481525983719316,0.0424538672202534,0.042069843073502,0.035577694839165,0.0378471150455469,0.0450278038879395,0.0310566618552438,0.0414411380104155,0.0392054467745414,0.039614698468726,0.0435051468738469,0.0481973222575386,0.0369892011202436,0.0533231893289341,0.0510695352605592,0.0421809949372579,0.0446695387373127,0.0468176097665758,0.044746492513272,0.0371695830104803,0.0452454015199992,0.0436763230869386,0.0402177030730405,0.0392106894335678,0.0486030510638902,0.0437046672662649,0.0490678896085332,0.0349836075662798,0.0448307722123982,0.0365418301421181,0.0405910973416975,0.037087486628426,0.0422840681600944,0.0456343223588955,0.0374791124322107,0.0454048698533562,0.0415589105513604,0.0341720098916767,0.0417933828375871,0.0483093882768933,0.0442378493531606,0.0360700244676547,0.0352876391161787,0.0358224728919048,0.0390625853920916,0.0467649098133403,0.0520612048117208,0.0431541228434113,0.0515992943370063,0.0459154948809277,0.0369560424136629,0.0488305932785281,0.0439676233983828,0.0470526395472612,0.0403135589185174,0.0461076260009375,0.0467886455050001,0.0452373266490998,0.0379652054136533,0.0428508909882631,0.0403992692092415,0.0420727139199377,0.0464593693207218,0.0396394431972865,0.0406072048770798,0.0497016237606893,0.0459011998886823,0.0486112487985746,0.0364516740394113,0.043307970549933,0.0462413829766062,0.0477322831971094,0.0389857355131444,0.0393806721541218,0.0429404073686724,0.0467706333094328,0.0459968814250908,0.0431459747256924,0.0362029980952633,0.0466139541453555,0.0519107885083518,0.0476060316867246,0.0342305858713386,0.0414234566557914,0.039245951731448,0.0333129839866891,0.0381335655484016,0.0441334779040919,0.0414570654216609,0.0387239286950327,0.0301117220196581,0.0441295862083668,0.0419421817148049,0.0513939273503396,0.0463521599627833,0.041542347421762,0.0586362044573241,0.0409099677139588,0.0428684244959664,0.0445832801176274
769.731063360692,0.0572569552666127,0.0488405148793283,0.0477396491217707,0.0507793832805917,0.0543663139561014,0.0500314412990243,0.0469557323850758,0.0457105916162364,0.0464303925035617,0.057095532332333,0.0532903252240906,0.0490580620102419,0.0534949233468301,0.0504137985201216,0.0435730480311081,0.0414283430218162,0.0506035491574314,0.0507722954044299,0.046498395634901,0.0547049127353941,0.0498536546395361,0.0457031612975773,0.0467143530775199,0.049544276858757,0.0505041625424984,0.0590694153939826,0.0469990589753076,0.0533783376812447,0.0576238606798369,0.0461055332864811,0.0535491754476126,0.0450421042242127,0.0477742852689851,0.0402627814461128,0.0491806026387582,0.0390159214492665,0.0457930685534429,0.0500159943341016,0.0440868134328602,0.0490275985499538,0.0502220018746037,0.0500296462062684,0.0442620261735282,0.0522437995033462,0.0386191466133003,0.0438833671157523,0.0528749361963274,0.0476219309877054,0.0477027205593403,0.0494258732888713,0.0398403385047456,0.0503672648830881,0.0357307085106514,0.0483680993012777,0.0538094935573362,0.0530058217751377,0.0625657830189351,0.0428634523278749,0.0477693207552066,0.0472629271535529,0.0532142864508431,0.0452686410989795,0.0424589762114741,0.0520488823058501,0.0485487047768493,0.0511266627369073,0.0488280490300873,0.0532206939220149,0.0491434533248244,0.0446296437053917,0.0482064261533469,0.0427684513942738,0.0478743499727963,0.052224303350281,0.0515129268019604,0.0547398988062552,0.0518563168408727,0.0501728695646983,0.0504428452191165,0.0527220603483929,0.047382748020422,0.0484788020262672,0.0424680479421969,0.0486246334257882,0.0509447401293005,0.0438958776921596,0.0475913853548189,0.0438162747506272,0.0414088388255842,0.0499115407349043,0.0511057361936799,0.0529369919713076,0.0489259493407538,0.0465225212259539,0.0519705982652032,0.0472889495950895,0.0480119524470696,0.0547045142960677,0.0467896308700929,0.0473261285710171,0.0426075411291546,0.0505095959073188,0.0450469859749984,0.052324779452215,0.036917313097479,0.0539858737230971,0.051698065669956,0.046802078431234,0.0490226203360721,0.054027958203389,0.0535352461768882,0.047439566824562,0.05222235115391,0.0415913025256859,0.0470339790853344
772.998069090809,0.0422501542025648,0.0542312237899084,0.0449156252071195,0.0533718090976926,0.0499701233056617,0.0438203279581022,0.053981588033496,0.0574491604058355,0.0572425204106599,0.0504302181061919,0.0429365662095435,0.0453367396646267,0.0464851807285104,0.043816965673385,0.0485187926167001,0.0583874890953057,0.052142955242573,0.0457289465003147,0.0535512471797106,0.0398146374760552,0.0568550753777991,0.0503276209713682,0.0514352381856524,0.050531885604433,0.0503927525699004,0.0344038277871935,0.0534737710016487,0.0499472455138744,0.0409693399711704,0.0541202761790553,0.0497511328216539,0.045398526768385,0.0444166553990559,0.0516316966776176,0.0468445302890949,0.0455704184823169,0.0546159814560996,0.0448971743071167,0.0467234180580735,0.047227296652439,0.0484002726881398,0.0477103489537329,0.0551822618573264,0.0558721967762551,0.0498972948018862,0.0460290392897823,0.0472125921572445,0.0381450663629555,0.0508466058860119,0.0459826049988425,0.0467253243192842,0.051889657160633,0.0528818541782353,0.0515933861679768,0.0497827631651235,0.0410497229730278,0.0513602594170823,0.0443680037777881,0.0487222323334709,0.0410207450739415,0.0519629885845701,0.0473497098454686,0.0511729125873943,0.0473857215009574,0.0385294809386365,0.0500012409995704,0.056074513383229,0.0492054868450865,0.0462030973486179,0.0372518076916975,0.0474999343809809,0.0525838330616841,0.0515996316231173,0.0531640719748561,0.0447365170217556,0.0440392574700887,0.0401713654844967,0.046208073279537,0.0508601515968537,0.0486824206153199,0.0455981341416241,0.0477923522332443,0.0455639605533803,0.0456636254556174,0.0519084117033922,0.0470481032829139,0.0452446166094151,0.0525106230372487,0.0434210747295582,0.047002700639252,0.0486772238599002,0.0462020821796406,0.0438949937613385,0.0452660771680674,0.0490254364171627,0.0499245533459128,0.0533882004511161,0.0534370752917646,0.0477230255378994,0.0509837302777209,0.0429806119656913,0.0399600764334151,0.0541118906646154,0.0400086164879503,0.0537723044157008,0.0467129047143171,0.0498938732808558,0.0377540567906823,0.0455217689454299,0.0465857420933645,0.0450336243078315,0.0538303833894801,0.0454212451160104,0.0473647591576805,0.0473418976072873
776.262682015076,0.0559162625864739,0.0474884819128411,0.0474975533091054,0.050016223785741,0.0412293882445972,0.042586192212741,0.0445395203394434,0.0494194450926273,0.049487432578972,0.0524956495742261,0.0412650162962425,0.0472214199225968,0.049568875651478,0.0507582798468746,0.0400182797523776,0.0384030519566486,0.0393792368290506,0.0527516871454304,0.0495840821249983,0.0484334570595792,0.0408216807877302,0.0459834323913363,0.0534600907184061,0.0449140970380704,0.0497162793087629,0.0471422990956993,0.0440043988753443,0.0453998330417961,0.0430332694971047,0.0567048164712265,0.0417581848214482,0.046739167995318,0.0453404949199926,0.0438318981510792,0.0489021808790296,0.0554481007609351,0.0415742300384048,0.0552148664115637,0.0443413336754253,0.0454111579993176,0.0421236043805333,0.0502721229445783,0.0373415767048346,0.0497942744347652,0.0454370189224652,0.0555027442616395,0.0393359441067454,0.0478353937006697,0.0501520707977604,0.0524064570954695,0.0443807156436337,0.0466854260910105,0.0454885487657461,0.0548022686860002,0.049096099147678,0.0555315503005057,0.0530731870614814,0.0392509707459918,0.0474633666698374,0.0392012301098913,0.0452067582680852,0.0499700828026705,0.0443468498828409,0.0370438245717839,0.038932597850369,0.0437651738016682,0.0459758747115952,0.0462786677062889,0.0443609519288595,0.0493202323898927,0.0423149504551707,0.0501934970824577,0.0437074118286377,0.0463275658331857,0.0473074776104677,0.0416638639340386,0.0477226706412367,0.0526257679131894,0.0365252722089519,0.0418440197225371,0.0443479318757568,0.0438419982541548,0.0540881790275867,0.0454859358929055,0.0506369168936136,0.0397072086136239,0.0467141060684194,0.0462225243912848,0.048667913996429,0.059970030729931,0.0456700403923657,0.0410905226704368,0.0372288620188085,0.0576556981298624,0.0460641517479513,0.0441512288278993,0.0415732153041348,0.0443546769011849,0.0525048775171291,0.0452615766207512,0.0494595531912694,0.0463044849097304,0.0468258547862275,0.0553776425546673,0.0455300270436684,0.0525321832813545,0.0502752028114382,0.0503607217574141,0.049242380723103,0.0491953181964864,0.0558878814368184,0.0387502463737199,0.0435398917867299,0.0411638493701144,0.0502912354704788
779.524904590552,0.0441871651447761,0.0484406809386598,0.0500632405448211,0.0428698104004538,0.0519506092309055,0.0474388138412966,0.0487902469638164,0.041937423892411,0.0384424105935635,0.0578251137393406,0.0426473550986315,0.0506238904359328,0.0489122287339901,0.0490093984223061,0.0477294302593779,0.0476138767577117,0.0518765395204028,0.0410862527011212,0.0500020472319789,0.0444529783189046,0.0439538759234888,0.0474161464726201,0.0495732810718664,0.0458703087278151,0.0523196095771332,0.0509281361255279,0.0493483915164612,0.0452373563819137,0.0461831399719069,0.0587322972156409,0.0541250029701783,0.0510645994255861,0.042487563819487,0.0480545572666116,0.0487393497820133,0.0347010219275077,0.0464432598215198,0.055582683280599,0.0397200318355913,0.0524147846868138,0.0513668613757241,0.0533620673899383,0.050993125042029,0.0539290995340315,0.0490935480202652,0.0457512782195493,0.0407863439311413,0.0355860870040048,0.0461652757158747,0.051676558267548,0.0474401651286594,0.0453792419549402,0.0514581602928419,0.0502181956049822,0.0506308070429552,0.0538907955043238,0.047456896339186,0.051182809279901,0.0483838805900823,0.0462433663667126,0.0510593703817436,0.048684856028719,0.0474845999489434,0.0510292866220494,0.0453630408139838,0.0544866312039111,0.0448034442507288,0.0400229988018581,0.0380451452173019,0.0508071857037749,0.0460384568356647,0.0411383291813974,0.0523718259731998,0.0394750036259482,0.0427021856255206,0.0487260818274745,0.058008494362617,0.0447979615980591,0.042914061508161,0.0433366600223761,0.0452835287468589,0.0420416468609653,0.0462639389040453,0.0587300177460972,0.0421379073525832,0.0477898014593336,0.0492627406791857,0.0426899277440239,0.0441479622294767,0.0477136871465576,0.0544539176008856,0.0457979361387308,0.0456596822897208,0.0505878124422642,0.0425345280640196,0.0405999828510858,0.0408233287210862,0.0458401315633852,0.0478855997264679,0.0477858811573239,0.0470173162086133,0.0471786895846698,0.0515030174760484,0.0500813568181529,0.0490122560780249,0.0468665098020841,0.047888757575425,0.0479484465718944,0.0440396154803037,0.0607381886593822,0.0490152952058857,0.0528104022224911,0.0427395948467668,0.0556031728402389,0.0457825041878939
782.784739270879,0.0313385665685765,0.0405644407666148,0.0412259123618442,0.0303149496702911,0.03776755463209,0.0345213662777661,0.0376701108505311,0.0412108637253842,0.0366566727038437,0.0352576337076198,0.0404319047504927,0.0371466821155685,0.0402587960395619,0.0407391027484366,0.0352796624420639,0.0358649427337276,0.0352345217794903,0.0354461628841559,0.0311476306248493,0.0349856429195703,0.0410412780057145,0.0372474095856197,0.0376311088080867,0.0286895789894966,0.0323883599727262,0.0362667151721867,0.0447902154480301,0.040658198774794,0.0322354241226808,0.045583877443685,0.0387875519323341,0.0458723517633891,0.0337091122223598,0.0347504430681045,0.0331274813081351,0.0323036333998524,0.038411380085267,0.0465526586320247,0.031192072561182,0.0284787927924297,0.0334065074233178,0.0281413648015869,0.037542402750447,0.0440511155128327,0.0337589832140001,0.037678504450764,0.0356260931876677,0.034282879079956,0.0416164083725506,0.0355570828811984,0.0428962650982118,0.0379059297892947,0.0356709210556523,0.0272872284626819,0.0286535484360803,0.0367027713476204,0.0356364283474028,0.0344744739902742,0.0366642895106772,0.032185186564783,0.0398805007711326,0.0346040710296811,0.0428446370562309,0.0417856905909469,0.0457342545680109,0.0352005327191509,0.0391423250387051,0.0337516729706367,0.0372854734790512,0.0317035255357478,0.0369170099326501,0.0403784598812768,0.0472093220236403,0.0375951497968663,0.0375303040653382,0.0435379276371531,0.0369250762873985,0.0369543990331079,0.0372798671795502,0.0414743633633578,0.0412497110535909,0.0391431903388776,0.0340686971241555,0.0310847082045146,0.0319587619246841,0.0409682685950143,0.0359196392915182,0.0402500671307832,0.0428629105572448,0.0343458198193467,0.0390447913291102,0.0444798888373325,0.0405813223811715,0.0456062651746578,0.0362272437735676,0.0314377077762684,0.0472603914286947,0.040625032941244,0.0415943581518159,0.0370750329617867,0.0334278059140298,0.0371281366122079,0.0365625468155573,0.0422514073618434,0.0364695159524817,0.0390008091764049,0.0350293282159257,0.0405193244014704,0.0477287856088046,0.0426210306645124,0.0327181558733864,0.0343975048250128,0.0353428116334851,0.0292589994346483,0.0401945853063823
786.042188506305,0.0433013100160744,0.0376295229851411,0.03128818288297,0.0436287295007459,0.0408825413494184,0.045999825832243,0.0446300689851969,0.03708201316582,0.0435847594471023,0.0378219462772226,0.0443407265634726,0.0435851715869753,0.0443596162450917,0.0427544467827438,0.0272906729202505,0.0433907684053582,0.0394578255070941,0.0424217963592186,0.0458380952459856,0.0484807557890892,0.0359204282705018,0.0449681688576511,0.0342485907903127,0.0466381790899312,0.0459457040875486,0.0461639405468436,0.0429624832872356,0.0476157152092868,0.0447209002532516,0.0557022289611954,0.0375409164844145,0.0421648839339891,0.0388826633199366,0.0389411990638961,0.0434064255141248,0.0527082924918757,0.0354056350514519,0.0369550485143031,0.0482183961082911,0.0393169998201271,0.0370697656535723,0.0404500735576722,0.0456341858349535,0.043847831503688,0.0400955389971419,0.035804295637042,0.045838582795662,0.035156432269855,0.0463337427778125,0.0468752638803505,0.041588797614129,0.0443963017466742,0.0315745260311401,0.0387799920656174,0.0452605085619966,0.0511294731908658,0.0474212419025833,0.0430723926800596,0.0430417707086064,0.0419700195978919,0.0380173888656506,0.0460664898343794,0.0409612328101674,0.0404514337043401,0.0433427650581179,0.0396624398165288,0.0463204544804237,0.0379561363229731,0.0387388744893455,0.0403876623095306,0.0400510661559468,0.0445896010317467,0.0447929846949525,0.0323738054131378,0.044460210985384,0.0394460999921775,0.0394788679880189,0.0444194035419444,0.0376335803773754,0.0395961779236517,0.0504102440489352,0.0438087898845853,0.0458125861757836,0.0353385161681065,0.0433979669793918,0.0457106320797342,0.0367948450918449,0.0400117071420763,0.0388538673157464,0.0461705627622904,0.042174077709032,0.0409610849989259,0.0408848766213471,0.0495421330987789,0.0431611394522067,0.0396048135892949,0.0453713579382787,0.0431928396844521,0.037495810410205,0.0406699019816823,0.0415283943832404,0.0374263139360779,0.0384860734255981,0.0409536924246387,0.0399207580402557,0.0354891870784151,0.0474719545199753,0.0330744791243147,0.0402679848697169,0.0418273549985827,0.0413120968395002,0.0368733998695049,0.0405439316269278,0.038231855009603,0.0372485574004274
789.297254743676,0.0392484983305319,0.0412884316803416,0.0343483025412192,0.0391314398492488,0.0358662093861617,0.034715201702897,0.0367678503520174,0.0233434215232598,0.0428584776628538,0.03271701913078,0.0446520664845737,0.0377436802761637,0.0335469858522694,0.0349957230498375,0.0371925412738526,0.0343663856325551,0.0370716074730287,0.0334556377218205,0.0341041681788648,0.0367937456557317,0.0340720324049881,0.0358215674681091,0.0313864272354692,0.0277795335079562,0.0424612204756207,0.0387312492469927,0.0389222097921762,0.0353038704521431,0.0390070539181813,0.0235727830095492,0.0352345764396551,0.0394422428426537,0.0343704187738818,0.0343608620708504,0.0354806502147959,0.0413755901691382,0.0419078996797303,0.0334125790848983,0.0352127554292676,0.0363345768468046,0.0257364896609773,0.0407723851551335,0.0437601813296496,0.0339388352389051,0.0388266756610118,0.0435185954283425,0.029106227041249,0.0398511769296669,0.0368391442892187,0.0378625841132492,0.0326782828519674,0.0335361565064551,0.0374967477115563,0.0419247838744362,0.0305238786393068,0.0419572213057734,0.0406285260266239,0.0279846915656926,0.0395238302059923,0.033429111645379,0.030101052490969,0.0336210165807615,0.0285282837671617,0.0368359811450144,0.0326947674244029,0.0339217405062454,0.0328003558192919,0.0239235207135118,0.0318186557132824,0.0390468595501982,0.035360537038679,0.0310549025647376,0.03407434914795,0.0271368650834521,0.0365032291327853,0.0370068572550251,0.03706674382142,0.0381866519806676,0.0314224116240285,0.0343633630085174,0.0276314478012373,0.0376318140445023,0.0303200186949291,0.0367771503809855,0.027085393709284,0.0399604876011947,0.0409394560862271,0.0331061049393568,0.0391634822363702,0.032224089068908,0.0413517970012997,0.0352416747081162,0.0390141196688581,0.0392755096543362,0.0462129422149568,0.0365660083445902,0.0268457417239968,0.0262482460774652,0.0394546128583057,0.040393765516542,0.0301335758006359,0.0262545638172149,0.0414832588471097,0.0376262696057956,0.0326838041574862,0.0357856271463825,0.0395350044173385,0.0350603370580397,0.022770816871231,0.0376622637607243,0.0355005040537086,0.0360329403551184,0.0331163958918413,0.0439281314446792,0.0289711758662796
792.549940426439,0.0522833002309113,0.0498889670504819,0.047153019302799,0.0481001721807519,0.0438197901421634,0.0472719775290948,0.0574051410119306,0.0519134344175302,0.0584848916410073,0.0554776189084331,0.0546697429310984,0.0497740007377268,0.054111498285139,0.0472817818200232,0.0403638825945447,0.0490263119268442,0.0412640146029996,0.0535810808525817,0.0526143610738617,0.0453339919805486,0.0530340099500338,0.0419316582248407,0.052091194517372,0.0478944608355364,0.0526927979085954,0.0480382851957642,0.0535405681951286,0.0493819842017527,0.0509103773414852,0.0574844642910632,0.0522437082557077,0.0547081445216779,0.0561666914962183,0.0494645452794618,0.0539971830293297,0.0522887122758671,0.0450333765939393,0.0530337208290411,0.0566555278382213,0.0543212628230255,0.0587761048684149,0.0503295778809514,0.0518206167279781,0.0487786100784545,0.0570605874820066,0.047827365297533,0.0552259645740752,0.0560405699658691,0.0524452492649178,0.0546406686112149,0.0470578165200326,0.0439094075679267,0.0512079061820848,0.055052554446279,0.0482181139457487,0.055772867856571,0.050692137569287,0.0453596797965909,0.0425768834650737,0.057054334540801,0.0474188030389976,0.048941581308868,0.0493456958228136,0.0462255353480748,0.042908386023429,0.049665987718588,0.0494476011190498,0.0490800154188046,0.0566435452707978,0.0565970125932852,0.0529659400262238,0.0513033258983572,0.046542130884676,0.0484904074828207,0.0378943783523021,0.0551279583575369,0.0483909933412553,0.0576613183239916,0.0421150501391442,0.0502612984832176,0.0538241147769244,0.049305331511428,0.0518330302950916,0.0572372710360134,0.060682317293982,0.0479802013723149,0.0439740021055166,0.0511288557278487,0.0443336348345565,0.051142521663915,0.0596304967920211,0.0431663887697898,0.0490024753652921,0.0484357200356046,0.0514588592689572,0.0463807415385096,0.0493041261980647,0.0477246192919136,0.0551999321839797,0.0478138767740993,0.037646349439576,0.0467051749339953,0.0526327521098611,0.0504007836031781,0.0467776022661742,0.0475365623781654,0.0469935195589589,0.0436987357960464,0.0425589369342387,0.0508209551007039,0.032441269743212,0.0478297752375594,0.054190867654706,0.0539580161834959,0.0509771277147814
795.80024799466,0.0526131514634208,0.0540679465113944,0.0577733271321397,0.0516610619840226,0.0501349930660741,0.0581488895222841,0.0643173137990284,0.0550728299575293,0.0495432796502908,0.0574488076963815,0.0467632198864713,0.0531019473287787,0.0528458925567495,0.0562999685605633,0.052473103236058,0.0587106050289384,0.0630252007687717,0.0539207288907784,0.0535033186626469,0.0516705830136009,0.0489621040019576,0.0490798179018676,0.0545579016562778,0.0498730384095727,0.0497275602462494,0.0534201023131372,0.0472726144512749,0.0617945775631046,0.0545330532737775,0.061601855330929,0.0493857034332196,0.0534555073625352,0.0489373276445917,0.0536085986748833,0.0565140760740613,0.0514997131384606,0.0459026493377726,0.0560831784486475,0.0586280521310176,0.0546221038751794,0.0529608034059266,0.0522537257513002,0.0543378114402419,0.0566047211281417,0.0514245432378453,0.0498606889027755,0.0565994810174196,0.0590605720130039,0.0620298312711989,0.0516372563870384,0.0478728063929541,0.0542671855825743,0.0587716784434645,0.0531669095379882,0.0524706244507932,0.0488656158340073,0.0568019705963075,0.0462054866245778,0.0604342190705036,0.0584701383501899,0.0564880425794211,0.0520228324634922,0.0463076077434415,0.0533342164666316,0.0564031132273234,0.0472861067634822,0.0521044633087264,0.0526866913408275,0.0524786257552138,0.0591178814767076,0.05270694105921,0.0554684334854193,0.0529176466422174,0.0426684421627895,0.056344908719147,0.0532138124909401,0.0492489960257496,0.0541345613660721,0.0440599873906372,0.0550141578116565,0.0524810522014568,0.0479710644640013,0.0499208447435648,0.0603248513602705,0.0465577544688114,0.0482647827780919,0.0508257071245892,0.0586045290325674,0.0511140891715363,0.0585380318312562,0.0593393501936379,0.0406953214365682,0.0519591523337533,0.059682875812556,0.050061143225194,0.062334947294815,0.0534641014526535,0.0441183938449245,0.0582324446483428,0.0458551399160785,0.042360916338385,0.0529588060132534,0.0539662134898402,0.0490582304564287,0.0523180962850532,0.0527187569641746,0.0434292686235754,0.0478765629697414,0.0556513353306303,0.0566932562867067,0.0581478993381337,0.048608877569586,0.0577013256201699,0.0531015792413918,0.0511736731330249
799.048179885027,0.0512725440275157,0.0532747363901108,0.0542802123409997,0.0632957035001694,0.0585993421344475,0.0507016799742104,0.0668268768204626,0.0531375771259101,0.0520441652698264,0.05448464165396,0.0608436484261595,0.051816024301737,0.0622068407609687,0.0484964695403704,0.0466604875568903,0.0518451398079324,0.0534498133511164,0.0531470533168286,0.0587783258686514,0.0623688612358956,0.0574800568699192,0.0519999836616043,0.060225236107271,0.0501894722414952,0.0533384916495017,0.0470576247066092,0.0569174105979537,0.0538380361568746,0.0575895227948935,0.0564999660972023,0.0600966603024332,0.0591894121326964,0.056197813991933,0.0577373909466065,0.0584649675506209,0.0551480022326095,0.0540395333081551,0.0475280325971318,0.0533594865362793,0.0604303131009339,0.0632211992917912,0.0574276117113284,0.0612619579527476,0.0514954757090252,0.0468580965469186,0.0586581622956891,0.0464168689460368,0.0554884494244571,0.0492128334496086,0.05356043381364,0.0535507756796857,0.0573402374077096,0.0529412445882257,0.0557097609850856,0.0623019717146548,0.0683974656035315,0.0533337868847553,0.047036426574313,0.0552235743862954,0.0537674423638235,0.0627978951792127,0.0567557237920974,0.0604417979131356,0.0632575336321253,0.0627405776001646,0.0646939656142061,0.0491555086483413,0.0430262964797324,0.0594426322455864,0.045497472284799,0.0557795072839922,0.0629429413882126,0.0570680651958499,0.0506885973936084,0.0604597988375245,0.0540649223371827,0.0528424129980916,0.0533292583169596,0.0432609528115956,0.0525174685842842,0.056627164494524,0.0612393346488519,0.0539824447672735,0.0572382507916495,0.0551616066029857,0.0568053911063588,0.0593049116626171,0.0555332716713218,0.0486703731461511,0.056602762671498,0.0714024586952411,0.05787869627708,0.0478843006893974,0.0535752547823004,0.0591433781012078,0.0452624605157119,0.0537309242510854,0.0521950367002267,0.0634582565818834,0.0593043579979793,0.0554086939173404,0.0499248314317569,0.0503842914173616,0.0618033119483572,0.0514400218249355,0.0529708460118738,0.0552607861729106,0.062596884277715,0.0464598856386038,0.0558386416849773,0.0567195021927046,0.0576246224782934,0.0579064982209503,0.0462511382612296,0.0598599039544018
802.293738530839,0.046054762551029,0.0447555667787152,0.050771932089219,0.0430991752385477,0.0454066323056048,0.0388008437427873,0.0512246360295213,0.0410288790461189,0.0441632348799568,0.0427584682994149,0.0416497999636048,0.0448942887172379,0.0502700367897617,0.0406783424539545,0.0436306696014409,0.0400043432289491,0.0460575061429336,0.038079741317999,0.0436815085811733,0.0380378309983128,0.0380319368040003,0.0391066357928041,0.0444390273135503,0.048294774695254,0.0371619610494416,0.0412383659854637,0.0418315335737298,0.0447663847012632,0.0418962541744112,0.0421789465043939,0.0425817781705581,0.0454044504194906,0.0430285912668519,0.0558317544231956,0.0466212976245704,0.0498771002250162,0.0391925502395158,0.0472361650107377,0.0441851684177038,0.0474485404419438,0.0446143318508602,0.0462626481297428,0.0532459124493097,0.053369941610924,0.046072199315934,0.0414519642694691,0.0510581751484602,0.0519014724140529,0.0500308624503758,0.0417421329198927,0.044038553411078,0.0402674604507066,0.0470957776850934,0.0415730658220259,0.0458251450883447,0.0562790073414193,0.0515365409901532,0.0456507606330119,0.0467046238449349,0.0523789208640406,0.037256929198017,0.040915122166012,0.0390778063600327,0.0482543003346963,0.0459884458402142,0.0470026273395478,0.0501032276122952,0.0477076634416454,0.0452179657036557,0.0491002632115242,0.0465658213373114,0.0487936962575632,0.0440779005820215,0.0459450935884034,0.0392233465260127,0.048227635844097,0.0525706368844783,0.0497726381591878,0.0484505784443996,0.0516751056813088,0.0409436181010035,0.0430933282308085,0.0367968378607022,0.0440582500429844,0.0504370652038682,0.0465828903097119,0.0486085589946898,0.0413609324315348,0.0413364836103685,0.0464328644823572,0.0424058850441507,0.0395337947061659,0.046493416212417,0.0427239534821714,0.0450112206399334,0.0421630102092853,0.045672402793435,0.040202832493815,0.0388573142546098,0.051807922361007,0.0500748042433891,0.0436035744156111,0.0527771339541848,0.0448183910930344,0.0414752981218438,0.0537546104528675,0.0461629421179558,0.0439624360387759,0.0556255814306213,0.0527318689538885,0.0403326920183492,0.0457207690679525,0.0410963641592555,0.04971407011812,0.0504579561295023
805.536926362046,0.0419254131303392,0.0378739259555549,0.0347772435207952,0.0417618554734732,0.0478897045763832,0.0402005649393299,0.0432843255859667,0.0463989788819832,0.0433602141138763,0.0403110931030952,0.0418848125268669,0.04306883058171,0.041511046164347,0.0431467412079497,0.0389071571586872,0.0463369080862254,0.0452444282387486,0.0383749848633933,0.0368222966962841,0.0470650472424984,0.0454234186712521,0.0409439668763112,0.043644945687511,0.035402928426325,0.0385468039293069,0.0387550608755947,0.0448556583142371,0.0428314316699052,0.0427187257794583,0.0375894835609685,0.0323669085973475,0.041606964119514,0.0411261685126225,0.0402308912155886,0.0358655142037269,0.0362436859026743,0.0394565002055731,0.0430663391832163,0.0450018506180305,0.0438399460509309,0.0409737599853838,0.048686226013079,0.0430037698508388,0.036925864813739,0.0414767454071116,0.0389197357126976,0.0358999402095515,0.0400783959637738,0.0426437988931789,0.0474792227958007,0.0420995193939722,0.0388368530318881,0.039563053228962,0.041863790832192,0.039402853599382,0.044143348792673,0.0463484358409332,0.0486543064309664,0.0409151515681395,0.0354396850317647,0.0396951497144991,0.0361722134991641,0.0371041045800476,0.0428598228673965,0.034715461963964,0.0457042780050439,0.0482402508275278,0.0330483541086751,0.0426797326434653,0.0365620849998231,0.0468196380294578,0.0407245234847181,0.0426737225448565,0.0406324709780806,0.0372499043214892,0.0429314863133908,0.0407329351890768,0.0401810997476538,0.0438013910802572,0.0452529494224932,0.0357032606477915,0.042798409771391,0.044640116312776,0.0398219599564826,0.0357126207649499,0.037999755478731,0.0406349117124815,0.0438029702467563,0.0350716101467911,0.0406324856479588,0.0443182434796182,0.0375654448481143,0.0504853570789284,0.0392146083975066,0.0446735310837025,0.0424058902490236,0.0409235874007916,0.0309809986160307,0.037428726957157,0.040441237447188,0.0358209788860825,0.0438136491421478,0.0399094019558017,0.0358775780190288,0.0378998331037332,0.034862158236499,0.043104656953137,0.0419830847040544,0.0386106633878488,0.0490510673541279,0.0421961610852113,0.0442543502672806,0.0418207141820911,0.0433782781245363,0.0442304050191811
808.777745805219,0.0455052516219093,0.0348331023183906,0.0507595407816575,0.0420276483005088,0.0433244628422455,0.0443595399990858,0.0506833317922819,0.0489322156022772,0.0419966930900349,0.0476893531105038,0.0415933412101455,0.0499171105222253,0.0486997945142443,0.0456008063206618,0.0531945829903059,0.0454898213082385,0.0405702309253617,0.0408524707591761,0.0486542275662305,0.0489653213441326,0.0407427404031289,0.0464530795179524,0.0364046041925228,0.0356760367794664,0.0476067522431041,0.0407248953210693,0.043471200506255,0.0375812281434426,0.0451795307865304,0.0416488343918038,0.0409457980234661,0.0517979421988297,0.0483417934338832,0.0366538662576628,0.0405288603149676,0.039291584131291,0.0458680903151066,0.040537520887336,0.0413572179703075,0.0501568932487792,0.044531688640446,0.0413008384764211,0.0388273817995674,0.0446929682597193,0.0401199745138828,0.0375024687531663,0.0416113144341036,0.0392026293525157,0.045070019375068,0.049358310892145,0.0450239150081088,0.0496934579826063,0.0392625674823336,0.0482499063567433,0.0491889087922161,0.0521207056498101,0.0338325553840617,0.0450377682092705,0.0499305700447349,0.0340217172587747,0.0410211285390369,0.0419715154751689,0.0428778647629973,0.0487727081556571,0.041008479068873,0.050047998683617,0.0385360919289849,0.0349398002886968,0.0401268308924064,0.04736420125813,0.0381342187045242,0.0409518651040756,0.0434643562611029,0.0430652360428029,0.0446253558946044,0.0498548537676221,0.0327312238245909,0.0420681372254633,0.0511447463981285,0.0471632166154766,0.0458599517221047,0.0457375742891769,0.0464803308180938,0.0422898891333488,0.0409434326342357,0.0448414859256319,0.0331943083329054,0.0362528452276085,0.0466695576580034,0.0512577706063261,0.0450912377122817,0.0388610342771709,0.0442077767973447,0.048827383876599,0.0393499249489214,0.0381579918950238,0.0494573972720155,0.0423552898945805,0.0415063251575934,0.0450337729433249,0.0510502248354019,0.0407367387795797,0.0406397336777111,0.0405211972068737,0.0444493043854823,0.0443560007635902,0.0411326332415794,0.038877751899124,0.0427368087705567,0.0386438073419865,0.0451523129426763,0.0477243134333175,0.0480147473232785,0.0397461193369067,0.045961448933562
812.016199283575,0.0418980721748444,0.0471997187187643,0.0461222161091075,0.0428181901185389,0.0452373930277354,0.0401816519664629,0.0481966128996208,0.0475000891421951,0.0488026106395677,0.0430259428093614,0.0448689747285731,0.0332434473981161,0.0441685753457697,0.0388239946611323,0.0350116878579128,0.0462817268092834,0.0485200626850467,0.0438647915531671,0.0395646184792071,0.0453801015106842,0.0426239319325369,0.0461549402855256,0.047372470234511,0.0353858637625519,0.0412736487537718,0.0398873124559615,0.0426214483867396,0.0460693497744491,0.042666573687878,0.0451526006293706,0.0322704627000249,0.0459712457242451,0.0442610207737154,0.0434591978086466,0.0418708194972792,0.040099057269188,0.0472231673023049,0.0512393698842274,0.0288045112237122,0.0459675465949684,0.0458557676174942,0.0469601622652259,0.0418224610358081,0.052984048586932,0.0354961031447344,0.0496295480313625,0.0445604639267516,0.0481781370563817,0.0529416242117776,0.0473795474346506,0.0479340565797,0.0515884003365374,0.0350452927016964,0.0351795421080948,0.0516876652239764,0.0514540318402061,0.0443607975696348,0.0403060194512403,0.0501493856186052,0.0353635239144609,0.0478217886761466,0.0483118059271095,0.0486372561145464,0.0427809756662735,0.042891818914781,0.046453640968889,0.0411134918360586,0.0478604185045638,0.0464746527108563,0.0453620863797208,0.0422633140506779,0.0417188468816154,0.0492121109246816,0.0443748987061388,0.0431737021263471,0.0439731164696917,0.0390168449410954,0.0357313891639897,0.042100227274004,0.0462764101624699,0.0411411502239946,0.0389179476358023,0.0499395515610768,0.0453031761467134,0.0406124256747166,0.0461545053680312,0.0487324537614217,0.0408829515874671,0.0490439303336728,0.0459768776796977,0.0447250236920711,0.0483379980441602,0.0514094450516063,0.045815094166377,0.0494781950171829,0.0478835815446633,0.0441258878031387,0.0487015524546668,0.0433612479585022,0.0446547312556887,0.0467851446888404,0.0507371011587007,0.0440782861407471,0.0421288662378051,0.0408452910698484,0.0478280048233244,0.0474020002259778,0.0479825106186802,0.045735215441876,0.0388493342317525,0.0359178825133769,0.0550305733040746,0.0421295947491508,0.0486020780188522,0.0418306772126769
815.25228921698,0.0360694806799274,0.0287080427300679,0.0333368216168854,0.036584026062346,0.0271170290407594,0.0326603761228071,0.0489852972978517,0.0370238026909866,0.0326782589819369,0.0339746252482315,0.0332914097429797,0.0334205325212477,0.0374948724441501,0.027695880276034,0.032482552663226,0.0310757935562097,0.0361240783620091,0.0364283786749963,0.0321109334743685,0.0357624413104468,0.0318852190170675,0.0326770024103464,0.0320637340667983,0.0345325572232509,0.0321802872236789,0.0194869838126778,0.0362649422210753,0.0303383258012263,0.0269146999563866,0.0334819440072436,0.037164809978665,0.0426309067171619,0.0304956857276372,0.0316448676526684,0.0316236000708128,0.0364401510325325,0.0295165021547833,0.0343328240739566,0.0318018943866202,0.0296154113343169,0.0305199697746899,0.0297516690768133,0.0365113284135925,0.0316517107188525,0.0351955309468652,0.0374484724096731,0.0315575945451972,0.0352156721276117,0.0356823874738968,0.0294636515717996,0.0421583882956796,0.0299830254033358,0.0414053146700365,0.0270939179290419,0.0418644607205605,0.0317908997450401,0.0385625503940261,0.0284040173838109,0.0278498662911425,0.0289230310133108,0.0359457833905204,0.0346348505010606,0.034977470053299,0.0356416330472081,0.0354210706741937,0.0269995235205621,0.0380858699120773,0.0287408219945137,0.0288484057693036,0.0439016208477883,0.0313178512915316,0.028619717506771,0.0361626072210491,0.0340300985739303,0.0290395497437451,0.0319597026380256,0.0282363632372401,0.0381370561777129,0.0292209306071903,0.022559319238513,0.0419122714400186,0.0326258204772463,0.0348742843095065,0.0410232273975136,0.0363839195522451,0.0281536198270189,0.0330516902523661,0.0377384251027833,0.0319019883713885,0.0335579563756148,0.0308501841563191,0.0293900338926343,0.0278317296024257,0.0296524373759646,0.0330784757299547,0.0346545815471904,0.0343479381984907,0.0321943281528573,0.0363687782724728,0.0277371632478,0.0297046537065842,0.0296317917529126,0.0355237197843958,0.0341532532900807,0.0318907667438312,0.0354473790176193,0.0255876353282051,0.0337350596581175,0.0359148340332425,0.0362439854752046,0.0288833875971112,0.0408677341953035,0.0312947008565627,0.0367882791643364,0.0259910881879422
818.486018021954,0.0313299314549391,0.0322335213263181,0.0281283151939317,0.0319534298436175,0.0344120025528065,0.0351113874458062,0.0404369419955533,0.0310473922916769,0.0438200558178927,0.0424030066602245,0.0401199573123937,0.0284735845187068,0.0265505395842853,0.0284813548224467,0.0349752978674207,0.0356972936610498,0.0374514236554387,0.0344697740635352,0.0389474229440129,0.0326957724358653,0.0386697868172813,0.0281375146793056,0.0333556178592337,0.028174047834412,0.0439443642595558,0.034817156692201,0.0309926825783106,0.0409984681258551,0.0403526440135669,0.0364164261275507,0.0383885759540512,0.0367760288768538,0.0188649218395901,0.0225522514067206,0.0290792113659189,0.0361063808712346,0.0314031041012403,0.0245865594682449,0.0292266891568936,0.0436212447958814,0.0351447489335573,0.0310295030146905,0.0378191922046287,0.0334543077583129,0.0348811183190813,0.0297726134898999,0.0366768801421712,0.0299124123851831,0.0353349829987776,0.0252602918814905,0.0331168781579037,0.0273755459485379,0.028797460657472,0.0295479696976076,0.0303485041868072,0.0425938793206243,0.0333111625774145,0.0324517412805899,0.0307843266411478,0.0291265938795936,0.0295447620411307,0.029833670438004,0.0296200282576654,0.0313178886442284,0.0295843021290276,0.039782737398525,0.0344840304679112,0.0355593826672782,0.0312672345525902,0.0257447290505389,0.0376494840526747,0.0348990202494315,0.0258608104289393,0.0258882459311794,0.0281102946255822,0.0316101558141523,0.0284431350202,0.0339611142205691,0.0327008641614754,0.0260955092272233,0.0272577892581803,0.0241544618190551,0.0285058230577344,0.0339294801354861,0.0271486238559718,0.0349520922638964,0.0283060201357395,0.0367969270742483,0.0326233129402561,0.0238651538201785,0.0338285550616937,0.0317364994965784,0.0355450224539832,0.0397487474127958,0.0365498852277574,0.0275661141031208,0.0317585951028957,0.0340554875088238,0.0348829480583223,0.0306349654392593,0.0287501837662288,0.0259678139828211,0.0373006727350106,0.0266675629149795,0.0303934020423934,0.0339762690837333,0.0307279777337884,0.025585710888245,0.0260804642947016,0.0274719608153276,0.0284767805957685,0.0376930693177025,0.0330592340655002,0.0314835823480519,0.0313995660286151
821.717388111677,0.0464379518673385,0.0429051310589774,0.0462216521233354,0.052653887847795,0.0433161174891824,0.0458703999420633,0.0510671425902728,0.0510154868081223,0.0522195201060624,0.0475371573738252,0.0402824838080522,0.0500875288348985,0.0459205357330499,0.0449756747695629,0.0475263018493408,0.0447140208370006,0.0448092506149128,0.0478744744402395,0.0397176465729651,0.0432925341525724,0.0377672563739578,0.0478086457792244,0.0576798374063458,0.0459637892525982,0.0392173463247292,0.0534840583537214,0.0344941425068261,0.0505444086899621,0.0526744316517042,0.0534147532489133,0.0416887089942188,0.046910641561519,0.0501980684867175,0.0413531915148071,0.05297846817098,0.0379848447784075,0.0472809750029548,0.0413165638410736,0.0455370609370626,0.0421512935148578,0.0547365844485437,0.0404553177758082,0.0391128498584198,0.0417031722307126,0.0443119090562686,0.0492007219282195,0.0461789482054922,0.0404899012562565,0.0431634555839356,0.0419074620907277,0.0479087529946008,0.0420885584842771,0.0451633538655637,0.046430203819499,0.0490270997415531,0.0430278996404099,0.0482921799883195,0.0452932056693541,0.0490731639020647,0.0498457178022284,0.0390479267519807,0.0394647360538767,0.0514156101269362,0.0416990454802233,0.0424129310402612,0.0553794472064469,0.0465179893448423,0.0429162710651059,0.042030041629137,0.0437183932371691,0.0450826169845649,0.0461510065821457,0.0448235527371489,0.0410125162397083,0.0447924287926657,0.0434807347805067,0.0379871214040644,0.0478318516972684,0.0438076999987459,0.0440860417107165,0.043962916046615,0.0459865654027831,0.0482558445104955,0.0458585919034762,0.0406428033942933,0.0549703903789166,0.0438022839972961,0.0480361199964533,0.0495828607392456,0.0541625991706009,0.0508490288441653,0.0531920881874726,0.0410855225959656,0.0466786541619103,0.0460833614127237,0.0473205150918232,0.0430065205185059,0.0442582792704802,0.0339352574344835,0.0445352616197039,0.0455915787162393,0.0402907822184719,0.0504982982022465,0.0418326551785686,0.0379542886082392,0.0445071484789365,0.0397070990121763,0.0296469079565589,0.0496356770747623,0.0416183369130894,0.0524094333672431,0.0460568517847301,0.0512621979737747,0.0495389335954956,0.0426410268687817
824.946401895993,0.042773509127878,0.0419963561287374,0.0399003409058441,0.0350531512355028,0.0348926537199079,0.0383065185935427,0.0381028945899864,0.0455743723491697,0.0442365111764176,0.0378968126723905,0.0404309740484468,0.0430696682420974,0.0445259019745378,0.0419387030146905,0.039918367327807,0.0388356754018019,0.0422622121120556,0.0321585696704833,0.0448751440535331,0.0391037239620219,0.0313700030308676,0.0379751709404407,0.0423288189753246,0.0373814797249275,0.0394199506866259,0.0397427949150157,0.0423755760578406,0.0402725377795595,0.0407373419155984,0.0373714473691127,0.0340044368642364,0.0385276647782694,0.0460602565345759,0.0349684027229978,0.046548323873641,0.0376234842952236,0.0278513202448884,0.0392687363667671,0.0418226811304202,0.0312800796229612,0.043242815198108,0.0351757434542708,0.0326535393979052,0.0380945906330491,0.0390908093899065,0.0341517703053045,0.0369815436463341,0.0368031759432698,0.0384197042526903,0.0398726278733142,0.0355878961501021,0.0394527542408927,0.0470213477748377,0.0410791769747854,0.0469928397429569,0.047471733443396,0.0446974293670731,0.0471115603901236,0.0470396252617109,0.0433631024332102,0.0375594479625651,0.0418585540966599,0.0404862103166901,0.0509330757701945,0.0453385321966338,0.040970725475902,0.0428861115556208,0.0342464301764707,0.0371772746090431,0.0505566576685757,0.0379994345621149,0.0468617756534495,0.0389127608577682,0.0367227235910463,0.0333703322344104,0.0358735496919193,0.0266150137752577,0.0480064840051948,0.0401646054981527,0.0442550907787973,0.0408394381720339,0.0412778187017963,0.0364156849443062,0.0353773455706534,0.0380360523080951,0.0369271625407818,0.0319122593823541,0.0442951580125026,0.0389005741944574,0.0455384746530134,0.0313089539956007,0.045676829334382,0.0417546743254012,0.036254998405841,0.0417937843075415,0.039085115817708,0.0426059022438674,0.0421919967015134,0.0506401012848346,0.0347368964640679,0.0345908246777404,0.0393271657636524,0.0375462658177901,0.0484222290736934,0.039097828034568,0.0441013114543367,0.0365640449187223,0.0381395207689191,0.0369901552561186,0.0322592485889554,0.0403526505582745,0.0417539317401707,0.0414827851391211,0.0387713641424954,0.0464266223554938
828.173061781417,0.03743998143317,0.0273042119962764,0.0276005137689782,0.0341556513612181,0.0388996976907989,0.0273998626083742,0.0317049163824907,0.0327827117666018,0.0324202522889371,0.0320694642158283,0.0400539023093465,0.0293950804592066,0.039393156165578,0.0367196506338573,0.0339752886579946,0.0401086388157451,0.0347559585268539,0.0400440582745242,0.033513294082445,0.0321656747920738,0.0370159441610471,0.0381338438401492,0.0360753915196691,0.027138359102363,0.0313704381424887,0.0349237265911228,0.0398077247943234,0.0327375400300223,0.0337456257302716,0.0380995006479205,0.0304865690345284,0.0361323868950415,0.0263290105057933,0.0378723150577695,0.0301831844088339,0.0333528714379371,0.0386594835279709,0.0344477832551648,0.0303127096735939,0.0342008116079001,0.035064491644185,0.0287942188813425,0.0250747733792775,0.0333956935230804,0.0414465646309203,0.0275632537031176,0.029419318514272,0.0270737835749704,0.0342080437659232,0.0317844368197829,0.0297573168887503,0.0295336163712405,0.0282395446290111,0.0290484477978839,0.0276024214164481,0.0449978074838174,0.0349007430907151,0.0362555373584433,0.0345636217730564,0.0318730651811082,0.0338618376455586,0.0303476925090083,0.0284343444121499,0.0290142004265372,0.0251757584437288,0.0356001340893485,0.0392394532722402,0.0250108722166041,0.0356539691017233,0.0312457266538743,0.0275557831671317,0.0309366734404268,0.0346452730053757,0.0357449176997492,0.0307472520976442,0.0360379482070713,0.0311811736983754,0.0290122419655163,0.0310499928347644,0.0382889388456864,0.0355007063200289,0.0284351487121403,0.0359948972188683,0.0293615949900793,0.0282040803646312,0.0293469965964765,0.0397170176696712,0.0349973985201064,0.0265796901206016,0.0232009260335225,0.0353695999667362,0.0294063807811152,0.0294565115004079,0.0331743571435482,0.0330715746211888,0.0336335923280936,0.0300028483404737,0.030642044290702,0.0342069720219528,0.0315348126721127,0.0280287349660602,0.0350774565129927,0.0343817106352658,0.0278012864893459,0.0338241718795631,0.0278434382969462,0.0372600700420734,0.0321711506934141,0.0287848866823437,0.0391069602497909,0.0349242098441762,0.0341365145356854,0.0327867162566991,0.0279904576781921,0.0347831034372054
831.397370171139,0.0387132753903728,0.0373837510437196,0.0348073479271745,0.0407941588677618,0.0428931715506972,0.0458845765861199,0.0400989675151367,0.0453716993092601,0.040232191864054,0.0431757354974096,0.0473382927815082,0.0320609275576967,0.0502091899719747,0.0412461466826422,0.03976966628579,0.0463284403514608,0.0453696360601148,0.0374815641828659,0.0446949065275991,0.0454567009221814,0.0420999686289925,0.0398588738131693,0.0421354839103749,0.0415930675651063,0.0485729231134542,0.0407025537586806,0.0548018498443752,0.0350910003534978,0.0438218870057721,0.0420629612485521,0.0457634773603937,0.0372244351831093,0.0361314857678703,0.0451401855343413,0.0457740962842784,0.0374167300108565,0.0404905491127554,0.0395471251005179,0.043247408606088,0.0398693255200137,0.0390794132548443,0.0490616005257499,0.0384878929969092,0.0416037044604474,0.0427047473515553,0.0469492374408306,0.0432773383310008,0.0414469880164388,0.0419947676382928,0.0418019050909291,0.0396308487537344,0.0464415796172405,0.0350871927477239,0.0458888049793438,0.03840701413853,0.0459588859469216,0.0436496238447037,0.0374965384680244,0.035795826583115,0.0414538978189594,0.0367376081386809,0.0477159702273363,0.0446448086686676,0.0478435975641928,0.0379631252841434,0.0454921434743075,0.040608818621952,0.047787983334048,0.0452611124430391,0.0408368795403758,0.0366209773920708,0.0404854192188836,0.051356327308889,0.0347535108131595,0.041880471802182,0.0456424016719692,0.0302332995287273,0.049409516803364,0.044844573892582,0.0395433188466577,0.0428080092985179,0.0421067552111135,0.0382828666728733,0.0412493395896216,0.0411020432940655,0.0421554905337321,0.0464135122720896,0.0467496853005679,0.0429572810757749,0.0370180733322628,0.0472880295294132,0.043719164327112,0.0462909999246728,0.0432168945950199,0.049192422089076,0.0427159858352596,0.04619666810659,0.040246335300014,0.0354266797345382,0.0481487065716236,0.0398195372962763,0.0329965055506925,0.0453607803861518,0.0429265519146406,0.0360082850401579,0.0443421973906168,0.041244942276267,0.0417477673179147,0.039494834994792,0.045941184317432,0.0372312101277381,0.0391582492646203,0.0399811258703561,0.0487236592818634,0.0427936051972292
834.619329465039,0.036662638486165,0.0215629720672281,0.0175999995998588,0.031780748979305,0.0209026640182729,0.0188609999106584,0.0150283177720189,0.0150577798169765,0.0196586694939307,0.0231073785604639,0.0259550637986672,0.0311366086402429,0.0264271108687431,0.0251574783143999,0.0282034672353461,0.0216701108805556,0.0356384016273633,0.0211761245070511,0.0349560517359119,0.03083223040724,0.0192194776632352,0.018925833987809,0.025135665744941,0.0225374122407102,0.0311598104823426,0.0191003309536775,0.0170557133844328,0.0220279920972149,0.0208234046990056,0.0238141148659149,0.0234121460959169,0.0343023900883928,0.0314152879590478,0.0321476800363487,0.0282800752763125,0.0269976417321357,0.0255016561131146,0.0269728548196485,0.0194818918805231,0.020122771871568,0.0253256679512557,0.0334029168797605,0.0192734231900692,0.0196508612461111,0.0314801259628327,0.0137797522523983,0.0186514265609833,0.0273060142459753,0.0273816089796468,0.0276471688253326,0.0272699371835811,0.0225154220044938,0.0257550232777306,0.027720349753405,0.0262615196208265,0.0331008096533179,0.0321358989021334,0.0238615765167107,0.0337212533619204,0.0343756755816708,0.0253288028271301,0.021731377576727,0.0248041847677943,0.0247635687976756,0.0238166531110557,0.0321693709692581,0.0274307464506699,0.0197518872880265,0.0242086733818057,0.0276155784204854,0.024476905750637,0.0317363789941299,0.0166776233239083,0.0165656654280713,0.0210543733077056,0.0207546882434011,0.0254217293792323,0.026010078733961,0.0346114141601699,0.0324368756791706,0.0275350936906619,0.0222000697511578,0.0225916809833718,0.0172893414404232,0.0256956433356131,0.0273797897527285,0.0333885016967352,0.0213500366583474,0.0268179094566236,0.0201341046604549,0.0299556732416916,0.0279688237773735,0.0258701220626358,0.0296008552849597,0.0260817166572845,0.0198924079959964,0.0280266450838401,0.0292262572839176,0.0255916149581589,0.0245399602489079,0.02543834762355,0.0221750591134304,0.0258346541305434,0.0207685582695392,0.0162997600652589,0.030788973152306,0.0116431638978008,0.0240834510994373,0.0279225966775777,0.0270330946289565,0.0201535006915822,0.0188609796556722,0.0230324700409854,0.0199785768736824,0.0258072253798644
837.838942059678,0.0489431667957849,0.045385355123334,0.039420060446436,0.0416280590955371,0.0508400081696064,0.053963092107764,0.0409426679690042,0.0484991332109667,0.0470854474459383,0.0555075600205586,0.041911004273741,0.0399094354454342,0.0451978102832442,0.04592256349579,0.0501986693906917,0.0482559992442637,0.0484234000637954,0.0504399610173995,0.0521623938568342,0.0430023281374547,0.037429561733494,0.0506417196699572,0.0477838008307198,0.0501452950125674,0.0488854106096082,0.0466339247696134,0.0408108373900669,0.0441588212741701,0.0534646447839735,0.0391218250432914,0.044410403078956,0.0393689181455938,0.0460258234769693,0.0492383474384011,0.0394352255799721,0.0416091068559507,0.0452327638533078,0.0541207725469475,0.0390607181648068,0.0401227456653979,0.0492887126648601,0.0443934447939556,0.0431623357652807,0.0536731417977936,0.0489770775282308,0.0450026848139119,0.0445738507546669,0.0559031076183067,0.0613495946074906,0.0436778260627918,0.05120873781695,0.045547330207424,0.0375929363749546,0.0450890316646403,0.0415142233137914,0.0432329758014352,0.0442300174011376,0.0537008536304217,0.0530394522691579,0.0439297952823784,0.0451940711284418,0.0529634623594797,0.0459780217435528,0.04865977882019,0.0563555222416522,0.0556116862619014,0.0421863977857264,0.0557548286949616,0.0415899048707313,0.0471891691005564,0.0429976760038848,0.0490155652768708,0.0554587022082357,0.0488049255377743,0.041524497587961,0.0520202369951065,0.0503004512614645,0.0403605799861463,0.0500166521355718,0.050915193266817,0.0458241884123177,0.053169869728822,0.0477191458981268,0.0442678498065912,0.0385667064155128,0.0434699194415358,0.0433434415713683,0.0491504855317594,0.0507536614998171,0.0525571262857509,0.0446583065465256,0.0455338391315982,0.051853919302283,0.0532792672868344,0.0488043798803938,0.044614641815039,0.054166995439482,0.0466023813054989,0.0466594216134482,0.0493898408152747,0.0310800486745764,0.0495237009247609,0.0438659397220593,0.0414082069044071,0.0531447940647247,0.0439848839517177,0.0480741721830443,0.041968303266941,0.0425032853893296,0.0461459578175076,0.0473409170888118,0.0579634127705085,0.050491751167497,0.0461215851776059,0.051863830094869
841.056210348311,0.0540380509765814,0.0466124284394666,0.0514665819252343,0.0503837116191668,0.038021012726646,0.0502149579085556,0.0547792085535421,0.0559677424195489,0.0543112437239026,0.0496264888652559,0.0455733739993328,0.0450923898334314,0.0522498836238157,0.0455306208058864,0.0593102450050965,0.0489244621642395,0.0496557861102488,0.0505839449411233,0.0462478591598189,0.0529708941585725,0.0430209845969402,0.0475875454805751,0.0452284737963349,0.0475379185244606,0.0435298624375846,0.0523719393265493,0.050821864698643,0.0475728214469619,0.0458681740420161,0.0549581704015303,0.0533801112460739,0.0484233346388975,0.0557880673055779,0.0509938427091799,0.0378999944242355,0.0562076072352135,0.0419818506036717,0.0509021111837589,0.0452859201235605,0.0474089134412476,0.0482703034894668,0.0461206553907613,0.0438212221387455,0.044614490217248,0.0534493592549315,0.0558734636129359,0.0517975638969469,0.0461206420787823,0.0570838026348693,0.049812275219884,0.0393638515703047,0.04899445574054,0.0477452712813835,0.0418916530596962,0.0545158268695392,0.0602515168760382,0.0478730826470747,0.0389389620556034,0.0608180476146072,0.0484770997709977,0.0447371904865132,0.0413986109901687,0.0499516029282884,0.0464990757285485,0.0537199118978112,0.056971237882797,0.0513383001225794,0.0519883309666995,0.051157162935794,0.0500674023601544,0.0408672695382746,0.0479972673083387,0.0472697755563127,0.0505450883522715,0.0526181020661319,0.0476817098626741,0.0454628151665002,0.0492251099079417,0.045214907856373,0.037104245238499,0.0530920297115141,0.0478547884881546,0.0467014142176813,0.0505165021821199,0.0392206592305929,0.0496214065243077,0.0434313245353709,0.0464509764870001,0.04813178365037,0.0487993263369786,0.0503515903721406,0.0570760897844298,0.045980062574482,0.0464684746236661,0.0433431674355606,0.0480620620230767,0.0514842279323912,0.0505960936933272,0.0450792377519972,0.0477877429739227,0.04561353965082,0.0561318003531463,0.0395598281479719,0.0509548360034173,0.0446170354817426,0.0446063283715671,0.0509188307550633,0.0409474774556654,0.0598546622051009,0.0534999532341364,0.0407535554448959,0.0513926832646923,0.046130571753469,0.0456167230290769,0.0513291844785074
844.271136720895,0.0320856291081627,0.0285490469783774,0.0336770264650627,0.0332420037124308,0.0262711553670932,0.0248159685430797,0.0225389079269675,0.0233555482873226,0.0413362022681216,0.0295185213698244,0.0282437751665774,0.0298211364437817,0.0326853988590117,0.0223553236175672,0.026440150988774,0.0269825831131928,0.0316427108970503,0.0271000830903779,0.0315172394651239,0.0262708287276624,0.0294172352764453,0.0239822391500455,0.0367645175299226,0.0245998674297646,0.0343169040469,0.0251441975199357,0.0344564764100667,0.0262189248480628,0.0388096730499268,0.0290906632603947,0.0194976446165949,0.0204571976522267,0.0338408522578725,0.0259228914472675,0.0253281190790096,0.0312799284186454,0.0275135920733998,0.0349772244486048,0.0320431388713786,0.029280456335062,0.0294836821471507,0.0342316468541007,0.0262252518826729,0.0226226047983778,0.0394755049726148,0.0260534899632237,0.0243848580097511,0.0259115228416207,0.0320566052172399,0.0268333820450969,0.0345519767563119,0.0300610233162465,0.0305690610512262,0.0303488992321047,0.037295285331719,0.0346941901716796,0.0335037798759985,0.0346232807495946,0.0296134095070799,0.028042991551063,0.0212138245736365,0.0309319122340126,0.0278542371166132,0.0273400159298487,0.0225027255179154,0.0322872639105173,0.0330871437129929,0.0206003659704739,0.0300652912311283,0.0256850613968343,0.0208747636051782,0.0331142232421351,0.0352006131491072,0.0278834928930644,0.0273464972806477,0.0227541243814317,0.0180597944223741,0.0307121337118654,0.0278472565137387,0.0305144452036828,0.0273222581439366,0.0273686351483936,0.0249828640082833,0.0287566066000528,0.028212375800138,0.0326004641626858,0.0314624899912745,0.0237834775360096,0.0303287741583982,0.0269448476273715,0.0228587824731933,0.0227110735125929,0.0330768031383856,0.0270341326585471,0.0240598195977608,0.0341514440203982,0.0305053062632047,0.0267242372078275,0.0241636493416246,0.025241962040278,0.0183917376014767,0.0299991494431019,0.0227174673428379,0.0191894346739773,0.027004612209342,0.0348381058356348,0.0322857030456692,0.0232437797245016,0.0309851677167872,0.0211289480904962,0.0280653470366315,0.0343566629578163,0.0302401387266905,0.0304227671416213,0.027924366426165
847.483723564093,0.042119773896932,0.0523324281416155,0.0543731196272125,0.0516784605067679,0.0496769469879516,0.052666097228723,0.0522515626083664,0.0505488114932573,0.0578111399031096,0.039465407390699,0.0508122069266496,0.046222398460402,0.0487571797605028,0.0409136464087328,0.0377639477869466,0.0447111114770087,0.049334319078898,0.0431449072202372,0.0387806698275268,0.0498910513725196,0.0519720389333075,0.0461802402213422,0.0502621826097447,0.0516206137725304,0.0476104619780515,0.0442601596537229,0.0532294201061851,0.048310981722339,0.0510239972946192,0.0530234808380613,0.0394139355283823,0.0519908814410647,0.0527098894162288,0.050635162173022,0.0513273908239099,0.0564269375692983,0.0483260129475393,0.0471854813139915,0.0426899210118514,0.0497945526512026,0.0539628448344694,0.0440951211824871,0.0478636758715385,0.0533762068321275,0.0455490941825764,0.0515869730060681,0.0524671807390281,0.0489890162824774,0.0577950449012955,0.0532576203542019,0.055200638698517,0.0474616124657189,0.0496147896575063,0.0454560827714609,0.0474734095476333,0.0419050630140488,0.0511793971757286,0.0457082080912052,0.0560277886493074,0.0447712822542017,0.0465297086573735,0.0460113269412938,0.0534249203017533,0.0557238317901358,0.0500580436153452,0.0488956400072472,0.0556262872284302,0.0482823303405894,0.042392731137766,0.0513363048320359,0.043261033434826,0.0486924498069063,0.0496350731716603,0.0478894124426477,0.0422699957204013,0.0489753076517553,0.0500509099547803,0.0543278895254148,0.057949658724052,0.0511793140504908,0.0527281539966118,0.0480146483180225,0.0468055350681299,0.0506568541246116,0.0554670224667597,0.0525113715943639,0.0474011301734049,0.0526536212143044,0.0515178758676834,0.0461778170866756,0.052140581577394,0.0467946518872602,0.0530851475633583,0.0469965180448214,0.0528197727885061,0.0493229902222164,0.0422023135144081,0.0412759452998534,0.0429845436920508,0.0533585226340268,0.0507092679680316,0.0502190971296248,0.0445219719578787,0.0554047677770203,0.042999406843682,0.0507271394342319,0.0499651559097158,0.0388670557267079,0.0505380123719298,0.053626981469941,0.0524475407820779,0.0486646718146139,0.0576612961496175,0.0467436714066364,0.0464998876359645
850.693973261278,0.0289689406292806,0.0171691850751016,0.0246285261306252,0.0215690414558964,0.0135541961918464,0.00948728021579661,0.0216299720183281,0.0201674140896935,0.0115278460955259,0.0187851117315684,0.0216882150891301,0.0217279529841423,0.0302315897454944,0.0220506395160455,0.0222150627381821,0.0205391540079672,0.0186572746534739,0.0289719561819265,0.0251244005237858,0.021524173041447,0.0246408900398219,0.0230762090218036,0.03105334896685,0.025362857272654,0.0142057721330732,0.0186818379856364,0.0220090433361063,0.0181299230108922,0.0252051483431471,0.0184679837727293,0.0206578430039357,0.0265001225491242,0.024290216565023,0.0145942264405912,0.0177850620661369,0.0158913439066927,0.0175858925193395,0.0246125687783716,0.0199724246577579,0.0205968313853441,0.0201698221890508,0.0212980792356553,0.0114474122886704,0.0222071152045363,0.02396011064941,0.0211759621886468,0.0228309825313793,0.0227255484338102,0.0234598980585383,0.0236646234402803,0.0313943547263468,0.0234696653764937,0.0179190018752355,0.0211113883607653,0.0257514287493004,0.0209190157529602,0.0283453814499722,0.0209999766334329,0.0215042250888773,0.0232019684147232,0.027921297925768,0.0188499001223017,0.0163327534808872,0.0235160771688295,0.0160683447822642,0.0298414328058877,0.016666094185554,0.022390971802801,0.0262901606727249,0.0102461760932383,0.0193385009197905,0.0154996211292551,0.0237291584475153,0.0235394342705921,0.0164222591426134,0.0167925286786004,0.0209725308044893,0.019918087932767,0.0230915591617448,0.0156266362853119,0.0208785852271455,0.0172177017349441,0.0141734799522802,0.0249519952066519,0.021134720915949,0.0183709763937844,0.0173412928776665,0.0233089584911155,0.0185215163888208,0.021010417837205,0.0240597047525288,0.0266103641979236,0.0158684554096611,0.024910128000798,0.0163876100221203,0.0219584648770002,0.0239685734032256,0.0240630421033356,0.0165229402820893,0.0203222477642167,0.0128871018830351,0.0229708990679066,0.0145865578488889,0.0256293933400654,0.0152228103837954,0.0190877037721979,0.0236014234328808,0.013358585450946,0.0160761655926839,0.0189933660835135,0.0153816233593782,0.0206007072836026,0.0181644037278584,0.0255456666045058,0.0230693837385988
853.901888192535,0.0295983168796633,0.0271577082438414,0.0225251932988691,0.0157136791203291,0.0304421489595207,0.019557876611048,0.0321234411700813,0.0185537331242193,0.0317964089743464,0.0248798491133311,0.0201822555192952,0.0207295968173581,0.0292520415991719,0.0281146424085662,0.0273579861951013,0.0283217234875877,0.0209377099705853,0.0285162528686128,0.0191578530710839,0.0243294130257498,0.0230555562557279,0.025237555666137,0.0220152461884327,0.0221565633047938,0.0181375135238987,0.0305112631891615,0.0248288218345024,0.0291946728018627,0.0373941275493518,0.0250499966470063,0.0301013991400277,0.0320035181391854,0.0248681216684892,0.0256007566328675,0.0233653708533926,0.0271003064243765,0.0322106288597111,0.0202392408908472,0.0211447901588312,0.0272808791757511,0.0268686181143015,0.0316805792035697,0.0330603537396539,0.0324784846981417,0.0245875046598231,0.0184354306154265,0.0250581281224395,0.0282390400037112,0.028970554403907,0.0324937534296607,0.0303390002828069,0.0324569351279227,0.0274625819230879,0.0223059772091988,0.0224776367854952,0.0229240465136112,0.0274326921761688,0.0210506793583708,0.027035960778226,0.0376856456996781,0.0257674831577901,0.03501511198859,0.0197013756679042,0.0365869182113814,0.0260177609368782,0.0362362040125799,0.0196144336174856,0.0279611663328504,0.0302343448220031,0.0225263560617816,0.0255237913557667,0.0232957500985145,0.0304039098291029,0.0180227986586392,0.0208556585632442,0.0246366992078152,0.0276358827046839,0.0254481450510127,0.025879770879836,0.0295882237592647,0.031398376398497,0.0280945857692944,0.0261717854348,0.0227508088274593,0.0256203749570612,0.0338452484275983,0.0217586554081113,0.0261015322993172,0.0272262122032542,0.0319987631416882,0.0257655850897761,0.0282685176169828,0.0175008175422867,0.0227789024993171,0.0268943105400208,0.0231168845951435,0.0240059497481033,0.0252201976864846,0.0259336102531256,0.0269323252335681,0.0251430017437744,0.0284388334113536,0.0265653049383277,0.0316012941908548,0.0242556087169608,0.0278522188630062,0.0252948241620479,0.0156207575948322,0.0322638389420198,0.0218221373282692,0.0264559128202808,0.0326830017420118,0.0280118742792259,0.0211863194620161,0.0272674026790478
857.107470734681,0.0180773620236857,0.0112469813315276,0.0204093064746669,0.0184740494313465,0.0132313745382489,0.017410063753084,0.0261528826459177,0.0197488258385602,0.0176788592990612,0.0162016150527673,0.0222455506049294,0.0135868783650011,0.0208112024307285,0.0146488346590713,0.026333010108256,0.0212107427374549,0.0182602872936457,0.0214580698760302,0.0137288632822678,0.024933877530384,0.017621215302795,0.0152743206897779,0.0215401305901443,0.0194873284589881,0.0127199898325046,0.0238969757110401,0.0188483932870759,0.0160422483779265,0.0176114728826513,0.0229568329988753,0.0160235267528887,0.0224915809913062,0.0270452183318119,0.0218200971392306,0.022870395057225,0.0221577980574343,0.0171315341087169,0.0169573308223065,0.0184139716205821,0.022356297662306,0.0224580522957642,0.0137559244483911,0.0132023166076659,0.0174352001066576,0.0208655412222881,0.0185070719627751,0.0195789348685135,0.020586017399625,0.0240945513688422,0.0226423878854976,0.0103021488528456,0.0207418258558027,0.0258445432131853,0.0240434612718433,0.0247854382306922,0.0191631160325073,0.0203195096169804,0.0166854416844914,0.0210288587754941,0.0138720279388421,0.0208569979666231,0.0200524335719839,0.0158501908069401,0.0202047551433119,0.0260656672359166,0.0199831875423378,0.0219904614329742,0.0257887454661041,0.0213504946904625,0.0203362365048082,0.0216565789300419,0.0255388432539516,0.0243601466384339,0.0130480806833138,0.0175656749774777,0.0207901206042998,0.0144847646810479,0.0194727702743694,0.016102679850943,0.0279557949088888,0.0182381772848712,0.020011361517787,0.0218252637444046,0.0182975684271411,0.0201085733004561,0.0184279184662757,0.0267113113668457,0.0227843787619937,0.0202086443353834,0.0232470321030946,0.0173383909200917,0.0217191917004024,0.0153428323958297,0.0206356709009132,0.0180558031252091,0.022024879132276,0.0195988448904932,0.0269219585103224,0.0182177747225466,0.0214123575345094,0.0212461337550996,0.0164397913830163,0.0238304140696923,0.0214444056229825,0.0108631923155353,0.026227662746063,0.0165187064340602,0.0184262298768766,0.0295107239351926,0.01568942845306,0.0153791696337748,0.0188972555373938,0.0170077905152668,0.028773607415079,0.018695528622988
860.310723261252,0.0440607458311314,0.0371836112098091,0.0394281675014701,0.0341643664678835,0.0457852829807484,0.0446549976180581,0.0410078656979745,0.0429400093252935,0.0384680038309868,0.034845402594687,0.0386235209320488,0.0391393434502125,0.0437506241892196,0.0423750751846897,0.0348085391769411,0.0482592178641047,0.0408476461697794,0.0308633611735215,0.0363464896716301,0.03592099685963,0.0373849381534306,0.040582567162674,0.038739531288483,0.0382224408365743,0.0446391942078351,0.0390522918989889,0.0392190952746316,0.0430357121824288,0.0463063381692346,0.0457581591305115,0.0416391982698,0.0419736798047476,0.0415661866279877,0.0377266743593926,0.0383481218909199,0.0405773161907262,0.0356530802907264,0.043464812068258,0.0473554142247454,0.0417172539594744,0.0441134295973195,0.0404378702912078,0.0331320622816379,0.0432943250591359,0.0388180872825395,0.0389049535485811,0.0393684105433771,0.0425178825901125,0.0432304610580959,0.0413302752291677,0.0352377530567211,0.0420062407146005,0.0387081486139368,0.0463212286042844,0.034912682546274,0.0567982152065292,0.0396274863062734,0.0348775460148927,0.0408065963044263,0.0366539251561112,0.0422815643268979,0.0361927956779729,0.0435892574834116,0.0406092579437676,0.0425832090577993,0.0399305505753475,0.042240035206525,0.0418260152710617,0.0436577520720992,0.0364842064267246,0.0356262379730825,0.0421756880083968,0.0332195654870162,0.0407642584218428,0.0368460392740328,0.0447364677174188,0.0458766788612183,0.033735040234926,0.0385143901536881,0.0430054808294461,0.0353385568848734,0.0411506200469461,0.0376103849045467,0.0435073154340089,0.0362186356698647,0.0504199071026378,0.0404112006058448,0.0371928070113149,0.0380987700584938,0.040239350168764,0.0381360057335174,0.0441153479546685,0.0406996367323522,0.0373969914800669,0.0373759297016341,0.0388252677762229,0.0406657108954778,0.0408665324417226,0.0474786640770103,0.0368113527909635,0.0457216904819137,0.0398845237736642,0.0368740116082156,0.0359547322175185,0.0380159979022435,0.042068502695855,0.0490092092418958,0.0462243414374523,0.0362098777669086,0.0431041259994419,0.0336247602483191,0.0419573530725265,0.0356057214497383,0.0406976481602443,0.0435996519544797
863.51164814252,0.020929068430993,0.0322642332300588,0.0221050644551205,0.0180264073305071,0.0269270493553389,0.0230641356829234,0.0317218965072849,0.0221010398753028,0.028145005179159,0.0272361076188952,0.0196834264629364,0.0191972897476099,0.0273046063599142,0.0294276268723892,0.0253652827415432,0.0223846973722001,0.0183639591709428,0.0237811277504586,0.0171382618033738,0.0332185623707201,0.02589720945787,0.0195361490642768,0.0264488258510632,0.0305872782299986,0.0161296162141322,0.0251523927757401,0.0216803129132569,0.0238078820251134,0.032560478516123,0.0219835284116601,0.0244035714470871,0.0284369756867027,0.0292136630035399,0.028449360167065,0.0251518232714339,0.0205846176102256,0.0216700238837054,0.0147721364460764,0.0240338039243702,0.028485679624864,0.0285816518601222,0.0344599093883939,0.0138022554975231,0.0260735790694558,0.0188075975405839,0.0344320366193574,0.0360635797486726,0.0238788822337829,0.0197656227724023,0.0177281670308549,0.0157190319104721,0.0213195557942321,0.0214568327882807,0.0263703335095356,0.0248883377457011,0.0208006692703055,0.0308001460821728,0.0266351237881874,0.0226997794929054,0.022803392796091,0.0362493682868621,0.0217612038082286,0.0180913501671293,0.0213703819851589,0.0277731049733379,0.0287427587012179,0.0328516645612451,0.0219601190766952,0.0213767390397063,0.0253725239071367,0.0233679492521543,0.0371916734078908,0.0210743137687363,0.0241251588493063,0.0263716271154826,0.0225137943695197,0.0200501388448276,0.0266409229181386,0.0298045760536545,0.0346706970575821,0.0221542942699369,0.0292542888541127,0.0267069440840545,0.0233522141621022,0.0206973777816961,0.0233984805787701,0.0283689575789163,0.03329708007208,0.0348496172587937,0.0243398936443791,0.0195636846301113,0.0271615201501218,0.0244845133693862,0.0231447179691266,0.0240943036075368,0.0203639397381152,0.019613495395244,0.0286176047322398,0.0237286422334621,0.022454544129639,0.0345650744755188,0.0191345351904143,0.0264922762232831,0.0232562160311143,0.030470017018045,0.0240355469751375,0.0170929649724783,0.0217780442986684,0.0250819877292204,0.0212862058084112,0.0236313843522588,0.030347786455766,0.0256747044842929,0.0243441405557596,0.0270299404565903
866.7102477455,0.0336468862357526,0.034493113525147,0.0335083011473809,0.0331534531852205,0.0372737769995745,0.0391885304287192,0.0438101564483325,0.0345450390605095,0.0227203772916698,0.037655474912806,0.0355254855980574,0.033994895209486,0.0379825572801171,0.0349018833361451,0.036054865443875,0.0372838060139106,0.0381798504093382,0.0326134840392658,0.0276274924240179,0.0337867979018503,0.0396078584028124,0.0327082757345007,0.0382645015523026,0.0306283778637145,0.0320972541192695,0.0352564708127094,0.0365345766438414,0.0331739280346337,0.037537336769881,0.0409713306373923,0.0348457406842407,0.0408939859846047,0.0431732027884786,0.0399540133728418,0.0328892889551228,0.0378673979164488,0.0328846891907488,0.0329774725259077,0.0368316708293388,0.0367788655574571,0.0402258309731206,0.0328231314899537,0.030391083680695,0.0319900342737804,0.0351102547014315,0.0401163024829147,0.0278007664545193,0.0392098189080426,0.0405152504043775,0.0374903701388376,0.0471348732562813,0.0431188506097255,0.0387559884210497,0.0347367290950444,0.0361099113759843,0.0446041030262254,0.0483942899030075,0.0381979871742573,0.0413556184180748,0.0327996690877615,0.028009852139272,0.0373216964451375,0.0302826975900175,0.0281616501886798,0.0371244806011354,0.0339510583677214,0.0346296312238,0.0390781149962291,0.0325159489388261,0.0298188783840757,0.0328513307468106,0.0399528356711106,0.0354336002338135,0.0362972366236155,0.0357139089372704,0.0414308980752096,0.0437175027411522,0.0261024551910512,0.0254490886273342,0.0330016515549276,0.037029263213563,0.027091208698824,0.0326689131542462,0.0345401394313646,0.047323019004349,0.0360668879580802,0.0398554675625037,0.0316066734387313,0.0429651878779267,0.0347327862091425,0.0335900064970044,0.0489880483905322,0.0368639690518844,0.0393573284247105,0.0428382021148069,0.0253904941838911,0.032346192020075,0.0447662533176402,0.0314349279219952,0.0389316609460809,0.0423196256366271,0.0360105023514146,0.0313448340845711,0.0377434837752906,0.0378545361937925,0.0332992194012233,0.0341490038696032,0.0373276003438393,0.0401083799174178,0.035812626885781,0.0324446120073635,0.0357800401347142,0.0354746897417036,0.0329834986326185,0.0338369011938509
869.906524433941,0.0176634762939209,0.022940599712999,0.0280903263209386,0.0293947060476433,0.0265076502483228,0.0186833322490724,0.0301126519930438,0.0249680003948747,0.0189206031545621,0.0272889233278425,0.0170731471844474,0.0216958866908071,0.0161923312377734,0.0208469163381149,0.0226705818973167,0.0240622327344327,0.0244644928318941,0.0244094289414681,0.026550974012263,0.0190244864054803,0.0154907034977603,0.0237506208304584,0.00772725816893276,0.0235192339975628,0.0227881073548563,0.0190982236250428,0.0173243207512018,0.0194236217328916,0.0342370528501079,0.024212349676399,0.0222894947416908,0.0238332300379642,0.0238128431101341,0.0262750795578798,0.0235281432250393,0.013399107869904,0.0222391480014309,0.0180582075405296,0.0257158528428195,0.0185541942103327,0.021896250691495,0.0251891897878148,0.019881820289446,0.0222827179384685,0.0210404233443574,0.0243198660133894,0.0189767711824236,0.0194511232571956,0.0197564517816161,0.0242969868482596,0.0248829921382851,0.0184938741194374,0.0242681503747431,0.0269822703662887,0.00592210708429103,0.0212318636094101,0.0226675643721477,0.0244275651358368,0.0188339552430352,0.0161511911616181,0.0219543478028558,0.0211992757602822,0.0330371324818866,0.0241834958215626,0.0189942864937299,0.0165122250127756,0.0268925520807378,0.0147715143629879,0.0141116641526023,0.0170151818260397,0.0278205446175437,0.022755662772957,0.0282360915699362,0.0179715969663874,0.00979379722671269,0.0253014065953096,0.0233682191824058,0.0195320738504591,0.0128951397517702,0.0201910603163432,0.0276744243955389,0.0222098821428259,0.0250087683760984,0.0149211952384738,0.0223476348191218,0.0200499571507668,0.0141036439059578,0.0171554791348516,0.0201906176933527,0.020454201195703,0.0234275435099065,0.014527576541735,0.0227845522338153,0.0161493541392995,0.0240093301315444,0.0175363801585973,0.00850054099083026,0.0185672474946424,0.0286401761051231,0.0151878031912998,0.0261301381360101,0.0299653823411928,0.0203953587188246,0.0194820330216833,0.0244153801713856,0.0196126588078227,0.0247750217472022,0.0228595871722946,0.0150390807260972,0.0279543592864965,0.0185539273614628,0.0186455916344799,0.0200364706075184,0.0263913885356816,0.0188380724410439
873.100480568356,0.0143577561969008,0.0174350796608347,0.0204916279925809,0.026702846374659,0.0146477962853327,0.0159204116180552,0.0174998596854758,0.0227151471412963,0.0216563381805099,0.0207374930573924,0.0165178522625066,0.0170514573337434,0.0241867362260126,0.0208766816549056,0.0159895119188936,0.0312218297195568,0.0151335288045795,0.0123495755402298,0.0216113532558622,0.0239461188776979,0.0187644533953367,0.0221541281576489,0.0221992590021533,0.0224392412821255,0.0211570405268377,0.0247101945999629,0.0266627501491382,0.0117129669084344,0.0188026372842643,0.0215195711310768,0.0227831074885281,0.0152628262150755,0.0184086513959607,0.0273591006537059,0.0218723546013865,0.0173021769712713,0.0138228116065059,0.0152687476259996,0.0179238381822947,0.0113624833969622,0.017981310324794,0.019720208264722,0.0292608924106203,0.0190240868414465,0.0172603144633729,0.014726168090563,0.0222321045044611,0.0227008044112815,0.0224641724487676,0.0182299221754385,0.0183371815545088,0.0206980071832166,0.0170156014186382,0.0253262582702195,0.00984726498103665,0.0191262768537089,0.0166133683780362,0.0260589511847246,0.0215488679440448,0.0200206990184832,0.0186319027519374,0.0189559186990602,0.0241370944741218,0.0190606235190762,0.0222788930913985,0.0222599612910606,0.0269683634109502,0.0158534608839666,0.0224414732788382,0.0175455384146566,0.0194314347484612,0.0188447026936958,0.0160548709140586,0.022360246837115,0.0180112793515084,0.014721215629535,0.0217096149668096,0.0206122249929661,0.0227065517811661,0.0201678184000295,0.0243626174975974,0.0167759603418254,0.0249591480396884,0.0216063846354281,0.0262061208512301,0.0233208474008699,0.0211875605546672,0.0248649232587247,0.0136566462272025,0.0138362736770233,0.0183136246416092,0.0133841062496526,0.0227270046799901,0.0265592975918008,0.0211875989864831,0.0230991167665507,0.0112375432962705,0.0179808691467128,0.0285942725854095,0.0178716557028504,0.0160511779902529,0.0140906117177328,0.0263139770919727,0.0148080518072871,0.0291089075724282,0.0206612674686192,0.014288782902035,0.0139366100770338,0.0211348740438812,0.0167286252793533,0.0179353903770001,0.0191033901536279,0.0292652178479849,0.0176137397154959,0.0155219032786662
876.292118506005,0.0281436110991811,0.0278908197465929,0.022099284435271,0.0256172831886642,0.0249596535512601,0.0264614115892154,0.0361324856433435,0.0255293228275819,0.0178330612313263,0.0294817467022095,0.0251612057532856,0.0231280201243203,0.0236565944973916,0.0198108978733013,0.020488448223362,0.0284491863563902,0.0316175968753797,0.0266392889308717,0.0238123463204859,0.0277620837648338,0.0286031715638374,0.0221261147454022,0.0243325918339893,0.0312324946034904,0.0239087302202047,0.0258422794974659,0.0348912042503011,0.0210443168827043,0.0253975155009797,0.0285615894153792,0.0284901743652944,0.0346870059209884,0.0291096823952652,0.0262426954434539,0.0246148952191113,0.0250896116561962,0.0205207798793161,0.0224017190616084,0.0173468230030851,0.0290092676317324,0.0323651305571102,0.0147839438241545,0.0281255714119941,0.0394414577796871,0.0270230381488665,0.0299791993017272,0.0249265566130212,0.0286795736367582,0.0191542080036661,0.020936519011458,0.0285815481365775,0.0307191170036978,0.0169984906510421,0.0197702295962579,0.0154389715093589,0.0388626530628226,0.0251699006407454,0.0331837961677304,0.023154490461584,0.0249884564412172,0.0240805397982999,0.0278136165814327,0.0252054000590148,0.0337407302181086,0.0250026244294414,0.0308239706258722,0.0231190526097366,0.0274154210088237,0.0318742245836781,0.0214008079870056,0.0283221777068271,0.0199090067500368,0.0182251687482503,0.0278460257844271,0.0185062936324306,0.0291541792281225,0.0249902641111424,0.0255120162549391,0.0281402627453087,0.0223589141534375,0.0259931661183443,0.0259481108291606,0.0292536666338005,0.0271602582804746,0.0278341785375228,0.034300022295446,0.0277127666252581,0.0214768034722564,0.0260720684252241,0.0274831415141785,0.0278067098282677,0.0308059295906252,0.024817171537916,0.0338054104901535,0.0200115753085057,0.0247337843046638,0.0339088428744938,0.0240675613786862,0.0301932240311032,0.0161377694804701,0.0248838422933937,0.0276601857084193,0.0273208583991185,0.0267436024513132,0.0252529389919477,0.028252747059798,0.0280080436089906,0.0294513658324906,0.0277761097399953,0.0284238711777275,0.0305891512378646,0.0294519039851065,0.0214821688819648,0.0316551057781461,0.0329250720125679
879.481440600911,0.0215044500799389,0.0245656230927637,0.0269488697003004,0.0282951983130811,0.0244391223260233,0.0231206306979401,0.0295281919322268,0.0238171059176245,0.0227280453483331,0.0245474614195187,0.0215128331584353,0.0225502010874447,0.0215190157193886,0.0328301417316296,0.0238567756080387,0.0273187237279891,0.0299568653857059,0.0167536284300639,0.0271021469641421,0.0250015413530552,0.0225367555328828,0.019980383498798,0.0307422676318201,0.0257371888778474,0.0189599300251923,0.0297553419541565,0.017294152092218,0.0265136339347947,0.029776937181114,0.0318024570317868,0.015901193075041,0.0245938787987165,0.0274431035348538,0.0289453354370372,0.0295511305054848,0.0306397765730597,0.0199246004692628,0.0223489616409687,0.028987734050124,0.0240041560703699,0.0250984472095399,0.0283368824535874,0.0325066237794485,0.0329301809361901,0.0318952763031134,0.0181023471572934,0.0210148877217948,0.0269738151478973,0.0196548299525951,0.0214356281516049,0.0182195222660202,0.0267491468414789,0.0325788555225447,0.0208684306764628,0.0254944991126524,0.0263776081815452,0.0286519400633078,0.0309395003895308,0.0324329820502694,0.0216220971784798,0.0196378948655095,0.0205465576344453,0.0262625088355269,0.0217997047344909,0.0299126106901351,0.0246631836176061,0.0276419098245197,0.0284749551261971,0.0251367936358317,0.0291372164827049,0.027161489432428,0.0204079958060994,0.0297752631152481,0.0322119267707504,0.0228456299086037,0.0307852500288115,0.0293598767450824,0.0331370152833368,0.0281048608473186,0.0245385719746339,0.0248604453545846,0.0269887006379199,0.0329926708775251,0.0276635956474194,0.0227941821125291,0.0182485595897228,0.0336794117648792,0.0175230850548321,0.0271001119729368,0.0241309790848645,0.0260433049603122,0.0236303749231898,0.0301346874136831,0.024751446015304,0.0271098339101419,0.0241190894727847,0.0294209683989267,0.0284717259958594,0.0196353748955095,0.029815609070074,0.0181213852612509,0.0292185251052427,0.0245051529915512,0.0260769948289308,0.0304579654636014,0.0183560693304944,0.0186000340350366,0.0243952893613915,0.031065871885357,0.0266840941340244,0.0299485348081038,0.0337377960558248,0.0257530348792751,0.0223118426223609,0.0184232805040202
882.668449203865,0.0253365687395318,0.0234323850717992,0.0247380806032603,0.0298834254806202,0.0304000581415694,0.0247618767885001,0.0212672060695026,0.0204002943003194,0.0314309421766609,0.0212420063373891,0.0280867757864171,0.0209396387303295,0.0241590363234896,0.020899171092331,0.0255350656974708,0.0223190370225428,0.025537478885722,0.0200373774719538,0.0215777008687782,0.0293421202468689,0.0241317274892279,0.020983298424888,0.0248135740804711,0.028468019400439,0.0277313533630941,0.0291888254174715,0.0304431899149802,0.0226199634546884,0.0159614582318579,0.0171647810013879,0.0221093067012022,0.0229915574886595,0.0338236648327457,0.031636698823486,0.0179405454344118,0.0228222992766496,0.0198774390137155,0.0338745875237968,0.0328356218911676,0.011809336302313,0.0205949464032066,0.0255547677128271,0.0307958287910947,0.0264078562743543,0.0286242091147335,0.0175133777670821,0.0209392867592653,0.0203241452490384,0.0256042120445288,0.0329049628600338,0.0262739191001313,0.0222086890700344,0.024734722613208,0.021955271141273,0.0226718675872396,0.0225065468125216,0.0214352504829235,0.0281337694150954,0.0290761047290004,0.017689728928287,0.0278089173325822,0.0293815481456962,0.0195465900491697,0.0341911789382878,0.0271198798783353,0.0298066890047823,0.0243272387797729,0.0256582944356981,0.0306466566341916,0.0279652626307029,0.0243162897013993,0.0253284803344321,0.0275032110521093,0.0166122373285819,0.0233183478746929,0.019614578619724,0.0293179729419104,0.0292577804313032,0.0187800366521446,0.0216986039777969,0.0237166674271925,0.0307253926732587,0.0241990098725762,0.0365543988957708,0.0293921197577288,0.0236910324394332,0.0264962347653132,0.028524486878844,0.0264920780239727,0.0174799275230584,0.0231441250037102,0.0219076584901547,0.0278848797590682,0.0277721692730618,0.0297780515366872,0.0279694066000322,0.0299085426692246,0.0239518620140422,0.0217641277734281,0.0220007674602493,0.0291577387771274,0.0264023586137275,0.0233120088671917,0.0233850820298776,0.0255128602467184,0.0226488408680252,0.018537490904641,0.0187724093413386,0.0159727706160176,0.0148653991888594,0.0198880194728147,0.0281103749283002,0.0261741719446003,0.0194806740904155,0.0246411425968463
885.853146662431,0.0175714455363766,0.00190910771739854,0.0100447271436878,0.0104295886946179,0.00983835852090843,0.0158505281591588,0.0086078168992788,0.0118930770316347,0.00738593549060036,0.0108185535403848,0.0146941098189045,0.0136970773929304,0.00603725654043613,0.00516230750163657,0.0087360596258392,0.00352948118642124,0.0172605892340929,0.00958058361019165,0.0138413003426476,0.0156174149087014,0.00762965747579428,0.0103896173874695,0.000115110760228855,0.00812442512408653,0.0172684335799033,0.00571185434033797,0.0106269424220062,0.0126641201854583,0.00489001451830949,0.00955512695262407,0.00375242782146417,0.01537715672062,0.0133318162825165,0.0189950374208755,0.0129335203513347,0,0.011976221664501,0.000686874202104916,0.0122147179523369,0.011752501845315,0.00498345843975473,0.00643775385710383,0.00917385087004294,0.00695426452252917,0.0144991818399877,0.00335399443282101,0.0120595440713304,0.0131154597563524,0.00424211572321494,0.018008246158609,0.0137222247862855,0.00311828106812013,0.00963255703241066,0.0152542035224715,0.0148031614534178,0.00942016871079965,0.0085819500529575,0.00935353563715694,0.010888512943816,0.0120817959497114,0.00907313700023024,0.00820129062784021,0.00505779851900375,0.00863885082501113,0.0083836516425527,0.00947464969612333,0.0103803976862495,0.0106829898877311,0.00104176767532553,0.00453937869715018,0.00974661390462487,0.00973732130463388,0.00864701472847217,0,0.0127642997563711,0.0112132866400742,0.0105630692006885,0.0122325893517396,0.00998998180057249,0.00549193187512404,0.0115537343087246,0.0122550480437925,0.0126724473949027,0.00568053136785468,0.00435981102874935,0.0142342815526481,0.00287867908970536,0.012353910287102,0.0144969611836322,0.0141061323101748,0.0033662386733874,0.0103397153458187,0.0137499727642474,0.010814931032175,0.0147595349136019,0.0139041469800437,0.0121019261381636,0.00493762542140605,0.0183612503188863,0.0152767836509506,0.00734583001149293,0.00884790498799394,0.0155740846139025,0.0181643637594656,0.019489769405829,0.0160077087650582,0.00635563736463699,0.0136942049801857,0.010889865429435,0.0153409557836742,0.0103703176350114,0.0120196790511061,0.00958397195680169,0.00739810465608671,0.00533308583521593
889.035535320943,0.0147607385647087,0.0123204340678329,0.0202831418673807,0.0211633009396702,0.0201058217972904,0.0202437125917987,0.015678616311721,0.017482765259326,0.0166121623148825,0.0173314479090354,0.0151058205700395,0.011043558060125,0.0102518105016492,0.022486443060342,0.0120709546585467,0.0166961130297392,0.0100718457248336,0.0238263991222458,0.0143464817473708,0.0199361139669369,0.00975038276710362,0.0129506877872707,0.0182827902322726,0.01357958678945,0.0199767895680366,0.0123836082481569,0.0160647115862355,0.0197508877371607,0.0108892840978535,0.0187196258627947,0.0177762788289493,0.0177541777140928,0.014855295584728,0.023853149155566,0.0106718309581757,0.0193984694114264,0.0147082019151716,0.0171576373712713,0.0154853352283082,0.0155505683335345,0.0143295704367193,0.0210460724572361,0.0218132503503487,0.0154840633681918,0.0090381312977441,0.0202565658048643,0.0169086262729523,0.00973265216088321,0.0189054482864326,0.0146311218561126,0.0195872525105315,0.0170087772229496,0.0140305333304547,0.0124304312173381,0.0147552767658366,0.0153006996909122,0.0182141692882294,0.0241414357132213,0.0157427550662944,0.022553774951214,0.013380375894884,0.018681078403153,0.0110720660623248,0.0147792838085535,0.0171063294427892,0.0123299963912603,0.0187802105513595,0.0144709024147406,0.0193454173161286,0.0261444020910868,0.0158041076104675,0.0135279343583287,0.0284499071078081,0.016974575325418,0.0115629539856972,0.0122547942172638,0.0132499010246652,0.0170882691598354,0.0121046616011443,0.0204372867493429,0.0147915903454891,0.0143465000737408,0.0201900382911407,0.0179088678301563,0.0164829572844242,0.0185519765304338,0.0268788224955297,0.0194533471609186,0.00953375725506032,0.0178457395615861,0.0133768116911277,0.0118740142608833,0.016876137826571,0.0216963507043708,0.0107776013256134,0.019970719608633,0.0247570171032891,0.0198925184755353,0.0248849157783255,0.0140503215023505,0.015020859821814,0.016920097675199,0.0121815231080654,0.0235099564089121,0.0235954230436577,0.0164562013063556,0.0112249061826477,0.0113834811015451,0.0174874740197178,0.0135684545001648,0.0224276437255555,0.0173728445757088,0.0209519357304885,0.00291507528676297,0.014718391472904
892.215617520531,0.0345595407030301,0.02602574644592,0.0250883486675199,0.0259544640839143,0.0217057096977126,0.022406809345186,0.0309639185804941,0.0287045971816572,0.0274643162322164,0.0243802561502911,0.0308571007563596,0.0283105697287628,0.0266934460900201,0.0229931843482243,0.0299441025212386,0.0248916689775912,0.0341938858343006,0.0199384848823366,0.0417994608619062,0.0319034892711286,0.0206290700324557,0.0281400426421016,0.0246485253553455,0.0261630580232271,0.0254209108401344,0.0251880532849402,0.0352226709026378,0.0273771096231988,0.0328573860128729,0.0343709994911654,0.0328348220873746,0.0246216219234402,0.0340964491684491,0.0259643905400177,0.0298962878950918,0.0288011514215891,0.0342359047504231,0.0303064562743771,0.0304186203235847,0.0303824907335271,0.0286587366273842,0.0231287148429348,0.0233862516881957,0.0272333627426907,0.0268795432872218,0.0292386820820051,0.0349371088142701,0.0299072185102053,0.0193617678777406,0.0299115851434133,0.0314035827224007,0.0213822954073884,0.0239923348250859,0.0295929870039934,0.0314791469606758,0.0389980241535782,0.0278344930007801,0.0240560775155638,0.02827047763971,0.0174791438293288,0.0313995318740241,0.0269275227299755,0.0309364249853555,0.0305328078683468,0.0252688916969498,0.0264901253696925,0.0294042628395795,0.0303961052777877,0.0264943237333104,0.0199350822629498,0.0235242575908808,0.0289434510398868,0.0239349298439157,0.0323826208177433,0.0274255564743818,0.0294125273009041,0.0258273000590832,0.0285008006598774,0.034948270295021,0.0197903150486409,0.0279262639059694,0.0294206373463055,0.0282415654746159,0.0318062076776603,0.0163914422939993,0.037195689720619,0.0289703612777802,0.0331937768176056,0.025687612290497,0.0237669033920022,0.0318103881082447,0.0226861527845609,0.0248494821636239,0.0273128733754615,0.0294321402600647,0.0310622801746383,0.0340773718107081,0.0264808953211211,0.0275334701743634,0.0282361900267837,0.0254679677014047,0.0337095189757999,0.0321919614602411,0.0288453104791019,0.0250224557364768,0.0239944670420027,0.0232385625474454,0.0374009008138964,0.0290850674752569,0.028565112871087,0.0256189996217229,0.0271162963322645,0.0240833758373692,0.0250568215258978,0.0235614187567902
895.393395599108,0.0179342968045315,0.0198922552022269,0.0184959191169419,0.013478820088731,0.015179224190838,0.0240044113471243,0.0210130797683389,0.0235499295079646,0.026302260748364,0.0193913438513267,0.0189670424834363,0.0179710963316649,0.0170529851481356,0.0148150484686086,0.0215062829561592,0.0126839400109682,0.0165433858455518,0.0121958214997539,0.0219263263105855,0.0186937454514627,0.00793063070131996,0.0201475865989457,0.0192124618521125,0.0101811951302511,0.0165743425189718,0.0223432133766625,0.0186696080143327,0.0184895130175991,0.0178964976093444,0.0153596587154564,0.0222839271989678,0.0184759760321226,0.0248539754390294,0.0132902789577532,0.0176922284129321,0.0214976357346908,0.0122970942885049,0.0169544674548041,0.0131014713986284,0.015936673699018,0.0185638968545315,0.0230243260739731,0.0238430420265168,0.0179766112539101,0.015433970471407,0.00826686263072753,0.0304223741142257,0.0204742952481918,0.0192613891706354,0.0232189709156564,0.0171944546814735,0.0229492047475251,0.0122026277016097,0.0161934681373737,0.00791371138416002,0.0275990442243016,0.0155079381443764,0.0239603568672238,0.0221258140324659,0.0218264823994646,0.0197678464123901,0.0151605512433852,0.0169702783105136,0.0241952005794641,0.0180378043341121,0.0213995076731094,0.00927404201321443,0.0181500831415051,0.0174738115466662,0.0192758807765136,0.0211937428533874,0.0116581685645655,0.0205140550713006,0.0156313057498665,0.0129841165394268,0.0232031165879213,0.0152916443572698,0.018558445789015,0.0173935966524819,0.0146808141293061,0.0250885177356797,0.0206640525209623,0.0177723821503686,0.0188172703776397,0.0124062494246654,0.019435491254081,0.0190075840904444,0.0236428234601927,0.0234123300390109,0.0165257814917324,0.015935867656538,0.0231071477545564,0.0247163696047234,0.026088280200377,0.0304004035612838,0.0259172727134389,0.0179014291509808,0.0224747027067169,0.0235467021568447,0.019277538342889,0.0192076025794637,0.0177605772602217,0.0167995946081494,0.0160390848848757,0.0168336137428452,0.022237761345204,0.0176295299090644,0.015620748195739,0.0133928204110109,0.0183816710360438,0.0204980082464158,0.0296976586782787,0.0102039350238292,0.0167482302011086,0.0212311191746476
898.568871891376,0.0266774526491975,0.0131975616908818,0.0124351678306721,0.0139349413567154,0.0281202339478389,0.0194885373544107,0.0176319326798517,0.0195130933562381,0.0229471555409941,0.0187654520457039,0.0173000685187405,0.0173315532834449,0.0164474589623093,0.0163855597111307,0.0203324753754054,0.0181028147546553,0.0197634770831853,0.0291562206071639,0.0179977328907473,0.0202452681922618,0.0105671219904066,0.0100383238391015,0.0126940180516101,0.0161545864342681,0.0291381762604005,0.0217217583321703,0.016386274679505,0.0167429966015424,0.0200067864385444,0.0158301370204534,0.020604560048523,0.0188214758898401,0.0204360557655288,0.0197580308567056,0.0253210266426641,0.0164099592685874,0.0105156042893118,0.0135259822629294,0.0185645694613162,0.00976393344246009,0.0245494739673132,0.00985043063951042,0.014892080484962,0.0210915915474407,0.0142792983761957,0.0177925018548421,0.0187528430005479,0.00883868373808139,0.0131444001715092,0.0176141647262789,0.0165246693763554,0.00884840875490448,0.0132240149876312,0.0100045766211835,0.0162247730716494,0.0110114275633435,0.0189181124262487,0.0266067849491886,0.0132263042628233,0.00785324498028259,0.0229461745248263,0.0128288109614828,0.0174089512283761,0.0263387054676588,0.017938442096072,0.00611184730322406,0.0137267947806701,0.0180416526391463,0.0229301645830089,0.0152698006376821,0.0205261897988854,0.02428250649694,0.0231593141904867,0.0132811580623274,0.0172593070443344,0.0164270593745825,0.0118965407741483,0.0239299123412727,0.0107441144154851,0.0167950658593384,0.0189379887154549,0.0156870601755943,0.0170926219256119,0.0147764730941039,0.0189503081039614,0.0281327217398329,0.0156040285879375,0.0246133089800829,0.0157095970454894,0.0158505121499008,0.0174807119251871,0.0131371477923772,0.0137782461164311,0.0243281919353683,0.0236251747048271,0.0218809257318536,0.0150123290323566,0.0184580467124393,0.0167892698860068,0.0262823353288742,0.016832749930486,0.0203476223282977,0.0182765378123277,0.018836151614839,0.0225094996169914,0.0215633307632712,0.0142117400213202,0.0160567506523898,0.0199592903776474,0.0221710661160538,0.0103856749812855,0.0196158796438828,0.0204442694978645,0.0203882215277506,0.0194219731058742
901.742048728847,0.0232724116717233,0.0180590698611475,0.027511160172265,0.0337940720683419,0.025901476001634,0.0199556086552007,0.0219173792149028,0.0211088707346237,0.0244921035035266,0.0268762234906465,0.026368011192583,0.0228147733312434,0.0238128680673805,0.0304156583881584,0.0241845099258495,0.0268184011011294,0.0251713160214931,0.0246882227813225,0.0322145436936361,0.0250691283034247,0.0153853803794796,0.0183506318101602,0.0254599493428425,0.0171757550042815,0.0153282210113318,0.0166216483561151,0.0267251086018223,0.0221377109962347,0.0276169732483678,0.0227879289757959,0.02570711836158,0.0221575405649768,0.0181567122612565,0.0245737942340689,0.0257742280552099,0.0252253181480889,0.0300120175218603,0.0255399634922258,0.0145679584888506,0.0206998657801948,0.0316345899098495,0.0293142162638622,0.0236197266157857,0.0247347793748947,0.0185362265211804,0.0154433921726053,0.0301556220163759,0.0245975493808987,0.0283112840657673,0.0235295530216484,0.031020321980684,0.0310842523769459,0.0220395197847939,0.0321346516961649,0.031238426350944,0.0335214370239947,0.0279412656764808,0.0330964571231003,0.0196849858119714,0.0343741040295688,0.022272149102259,0.0193768218230117,0.0211640485586022,0.0250743392187814,0.0200263953129461,0.0253291486950304,0.0209632225217462,0.0228927087563816,0.0194610353941401,0.0168141439673238,0.0198483982899839,0.0158418861353295,0.0291087074204108,0.0214522981649629,0.0226259256545551,0.0263237920142331,0.0293937101152441,0.02655471800293,0.0308275894153187,0.0289156375499835,0.0221343137026951,0.0171966854201966,0.0251135901804062,0.0297623534229138,0.0121707170013647,0.0158659387323376,0.0340885165812664,0.0205848168593486,0.0161228315034345,0.0217412449276459,0.0190152240470913,0.0173627192978158,0.0211812845526381,0.0230836715081814,0.0229158221723492,0.0139177245382257,0.0315046901085355,0.0227868318043272,0.0298962874834741,0.0217100143190449,0.0222395053466134,0.0261976371104624,0.0208324537521402,0.0201124769354659,0.0255072219815989,0.0219713231904286,0.0206907023192757,0.0120372236966837,0.0226186165152794,0.0220350336419593,0.0290441551484917,0.0254773808784084,0.0202549092922793,0.0207568722622155,0.0229181794666819
904.912928439833,0.0137882130096058,0.0218088952471127,0.0219719892740263,0.0185913484263559,0.0182620602260213,0.0165287638964804,0.0223537274445655,0.0176151835246596,0.0243899193539378,0.0218563560396981,0.0216104174372706,0.0139791119943021,0.0189305490299961,0.0227495245831995,0.0145963842716931,0.0151311562442754,0.026722554848143,0.0147183682348994,0.0238637227145393,0.0162054057936667,0.0152608459755872,0.0198068443376064,0.0178491239763788,0.0231292826892631,0.0152395316873944,0.0215644568768318,0.0139858356158586,0.0159700545899456,0.0175843456718492,0.0281115256650183,0.0078128603870033,0.0154815993204507,0.0250000396288714,0.0206239815380006,0.0223591566746797,0.0195610345543528,0.0192466837151618,0.0138130024573978,0.016120114468599,0.0249993512350658,0.0259480682126676,0.0204731165159702,0.0168593530548504,0.0240611851788167,0.0206146517657046,0.0164737380272172,0.0206643797764662,0.0239036110516164,0.0243577046332502,0.00417792923207617,0.0184070034957425,0.0180812260003222,0.0196956918128511,0.0170373648427015,0.0205082459941429,0.0111581970808144,0.0234546128658128,0.0164563836527988,0.0228402510305166,0.0170514015967197,0.0182948185781048,0.0275815239622323,0.0265724403048253,0.0254976099346605,0.0292463781172784,0.0190718872337621,0.0103019460814488,0.0166903712521902,0.0204394337908168,0.0211287049507465,0.0225072284602018,0.0234593619099091,0.029523493088092,0.0118760849286755,0.018068276126805,0.0267564875202757,0.0138771396463707,0.0215073847287929,0.0192457136413089,0.0115324323817222,0.0231189804024552,0.0100345553638188,0.021691796551429,0.0223416978646673,0.0148112388666604,0.0179257829738562,0.0273802751624311,0.0193177840517463,0.0159844891292991,0.0155661399531645,0.0171660402551615,0.0226712571447869,0.0167001333972621,0.0297112520797807,0.0260630237179677,0.020491930803408,0.0180688652781975,0.0226490567918046,0.0264311347065383,0.0253900436802713,0.0176180085880177,0.0167647825886829,0.011944004084337,0.0148316873703199,0.0220914057095126,0.016907929163412,0.00844666181684793,0.0224548683720095,0.0213709482557514,0.0274822596087209,0.020019093988824,0.01812593053206,0.0184105135972716,0.0167671837460589,0.0226833722831708
908.081513349454,0.0109144966721744,0.0134315040062853,0.0104581433104056,0.00230015448422261,0.0144000435013108,0.00476965071524963,0.0046834185849894,0.00508189352326476,0.0128197495082861,0.0146397292568519,0.013772707213639,0.00973337295396901,0.0135062790662315,0.00910989654883215,0.00611734364154286,0.00784323820900991,0.010679848770145,0.00693540950728336,0.0111013074931121,0.0106143242689073,0.0123858934148637,0.0170402183013649,0.0075484842194074,0.00491114987179907,0.0112964084733245,0.0130926602718738,0.00508123773379536,0.0130931589761691,0.0130519210992829,0.0171820889594965,0.0128963505904682,0.00829579471089381,0.0055092646368897,0.00681432684926684,0.00680802379309225,0.0133304105000352,0.0151939652376798,0.00925059737210629,0.0109921829284172,0.0121704397318116,0.010264330116851,0.0154310385507786,0.0167223026341659,0.0142258202599287,0.00533422016976144,0.0141041157136048,0.0155599957095392,0.013334134063651,0.0171180081969614,0.0155640736172829,0.0171655534665773,0.00954161444806635,0.0162269438110706,0.0163723864496228,0.00864903204983761,0.00546229917464123,0.00714563509568125,0.0141188261771397,0.0111658694312603,0.0102609877919024,0.0104654372268078,0.0263304287561636,0.00203192405270685,0.0128887870379372,0.00769023715384813,0.0145008413556996,0.0175165937797591,0.0154478221508785,0.0136070600946687,0.00597076314865494,0.0212516353389328,0.0122284753214951,0.0155649303422758,0.0056156964888629,0,0.0127203447313208,0.0110021994517814,0.0169974423007796,0.0125658994787404,0.00916419486848846,0.00978306470504449,0.0115248403920845,0.0122716203316699,0.0115516137232541,0.00745675031302239,0.00894737163335346,0.00971322576563352,0.0158236094650521,0.00608529628402769,0.0060933434763836,0.0130578233217975,0.0148574236304275,0.00897080330138151,0.0163619258426512,0.0104198203874726,0.0158658455605822,0.0123799088467929,0.00857502254818802,0.00915432691985833,0.0163916284391721,0.00630779463727913,0.019868187825707,0.0193808180512895,0.00752680836021844,0.0106612650452611,0.011834928210223,0.0143554154874224,0.0117473924348976,0.0145462652977771,0.0111059445502699,0.00711009383039354,0.0113146968390262,0.00778194812669919,0.00407071601548387,0.0134021071778321
911.247805779648,0.00747909615111295,0.00504430319675894,0.0157436248552983,0.0118835082823535,0.0153976815366773,0.00520651383691861,0.00400252125933381,0.00946824821987058,0.00887814945195883,0.00467980982658556,0.00848350628385208,0.00598934433770913,0.005943985436308,0,0.00546250282428822,0.00660826327385828,0.00946383728203246,0.0161675100841077,0.00493101374248551,0.00829603425856925,0.012241227591693,0.00478469435009596,0.0117090033140556,0.0064523212507931,0,0.00907892901671145,0.0055038352773183,0.0107566232475916,0.0129178095510692,0.0149061844794042,0.018492962699595,0.00160048804752554,0.0080348946265005,0.00886388332015844,0.00778316470017129,0.0109858037776332,0.00496906529003184,0.0113010179288925,0.0080781371119299,0.0136895728444937,0.0134358823942892,0.0185411839393045,0.00386144220377592,0.0113793029643808,0.00468256347858523,0.00663978583806225,0,0.0137168019728424,0.00823036933873759,0.00662509483354084,0.0115786583237222,0.0121757868027211,0.00550138163881846,0.0106981157370234,0.00908710195815245,0.00608131394631868,0.0121984203572153,0.00791835276923114,0.00442150781027345,0.0117835941367701,0.0108599002378988,0.0111786344209878,0.00187651901487947,0.00932786824117675,0.0141434623759158,0.00426017557851778,0.00627489535612624,0.00812174361484061,0.0128941259262901,0.00581692384077624,0.00827279102099575,0.00763674515893288,0.00712068824803081,0.0082141844442542,0.0105759499814645,0.0103524968146485,0.00701746653470708,0.0102885817161186,0.00642205630004416,0.00344716091577294,0.00909692634131978,0.00921604708980532,0.019718965332447,0.0119499200094058,0.00231129236264333,0.0126416497761766,0.00462797619768784,0.008439528827108,0.00159386193753357,0.0163389871434471,0.0128755149794971,0.00758049113159936,0.00824852586935484,0.0219195743149033,0.00968084625471542,0.0067538439555032,0.00945158568999977,0.00507508692181683,0.00456548308497471,0.0112393513055488,0.00110996523234091,0.00987090366316888,0.0137400714086217,0.0112929537701784,0.00562541017404477,0.0122140980183006,0,0.00936509914906466,0.0138359151390902,0.00926239915706838,0.00802851737345996,0.00944479678068913,0.00591837960735854,0.00984631391463558,0.00783198647381624
914.411808049184,0.0117579151952191,0.0208819479080223,0.0155969726331682,0.00851502752987344,0.0131393248298479,0.0161750669995553,0.00989209118742194,0.00932993868330403,0.0120196591477126,0.014390882791072,0.0159765517454501,0.0119459766472979,0.0223154388113477,0.0116206592269215,0.00927453202390585,0.0130798497768171,0.0170301721674726,0.0105620464386574,0.0174569102958039,0.0119861818665129,0.0109906185450277,0.0199039079563977,0.0244352399779538,0.0107297536324758,0.0154649993306371,0.0223692870110758,0.0158030177335127,0.0216131368312355,0.00616175420221728,0.0131623014994913,0.0120643628804438,0.0148999095411087,0.0121624910911441,0.0136397489926696,0.0120560262558153,0.0158665201345485,0.00313773084674155,0.0100305579104818,0.0212747253388987,0.00691605987450449,0.0138236114818608,0.0172886818744314,0.01089092306257,0.0182135278290761,0.019744150803965,0.00764005770054816,0.016314077870775,0.0195708365235161,0.0124371167978346,0.0119522363800529,0.00815024575223335,0.0142410170003899,0.00424292228647864,0.0139016700695828,0.00895586623442174,0.0170414180053086,0.017240429837534,0.0160206914898013,0.0119381956000233,0.00719317068753748,0.0123426912107897,0.0215761631053384,0.013354549057669,0.00462432057096668,0.0123460927020326,0.0189057411615556,0.0229707268860131,0.0151427022728317,0.015514771954792,0.0206673405513686,0.0164801285437926,0.0163331991118629,0.0130298093250714,0.00803161276142103,0.0125987086822389,0.00630655371931253,0.0145745340398924,0.00849574650160134,0.0144588302130847,0.0166407734057158,0.0177582400793145,0.0133944612838598,0.0108241981803736,0.0156980254472419,0.0160166808803992,0.0218403932928913,0.0192415545572776,0.0104690356712276,0.0144284080639556,0.014519243439144,0.0115589920573195,0.00958244394730569,0.0183116408668571,0.0101279001975665,0.0144559878203661,0.0105011481668446,0.00873000347160033,0.0110352997750886,0.0170813280786046,0.00883173359705825,0.0170518709541203,0.0178648762988063,0.0140794007689678,0.020590100894356,0.0128541027152914,0.0136762822804437,0.0145859759807215,0.0130854874003936,0.0153429824174766,0.0141212167606158,0.0166862851985807,0.0103159031665378,0.0139167730316601,0.0085461536072487,0.0107572063129436
917.573522473643,0.0369923175974412,0.0422179366724733,0.0490592376162345,0.0434243318060813,0.02710304321945,0.0387850979293078,0.0409969987487888,0.0464274129846986,0.0375215591107632,0.0410396802961247,0.0403454400112302,0.0388464097564508,0.0386774669208496,0.0359037224968504,0.034341001005405,0.0410370495339803,0.046567010730315,0.0417426404004625,0.0398763102793083,0.0424746910693415,0.0442578070222218,0.0376468205772355,0.0366159721254299,0.033119386094922,0.0356604114166053,0.0395595073472115,0.0381758940113373,0.0401617538927889,0.0357635099586717,0.0433543359564546,0.0348831916370275,0.0351915002480564,0.0345462238613045,0.0408416702048515,0.0383674261836227,0.0346510266596269,0.0449936834758251,0.0484861105033578,0.0400206916903637,0.0260874181756786,0.0424994453127906,0.0416009191820638,0.0438914892444172,0.0449572848483425,0.0299170242889383,0.0419635488492838,0.039209862424195,0.0374735098550748,0.0499406640726678,0.0458213548638615,0.0399413411462441,0.0414599712704198,0.0375373742811302,0.0465359231551569,0.0418209045292763,0.0412185055271659,0.0380201333698113,0.042279308157567,0.0397537260707403,0.0381039217467502,0.0352231749294201,0.0414098482581266,0.0447825897510485,0.0418056817897374,0.0358114194535388,0.0380672493533139,0.0413331121860418,0.0376152042437688,0.0342848098256734,0.0277232236398956,0.0347181190837644,0.0433046589385832,0.0371594722909003,0.0416512897942961,0.0333390174107503,0.0322807073127892,0.0391741894692832,0.0428147316784116,0.035039040157646,0.0342766547674948,0.0407208768941062,0.0386773843824126,0.0345855169935867,0.0429528636456633,0.0358144689703592,0.0442635574321092,0.0376779991608246,0.0474103711056959,0.0348379408289671,0.0472142462708394,0.0462171387334521,0.0317907336723342,0.0375410842154459,0.0414144734848088,0.0385546191006034,0.0349411768600984,0.0357012777280806,0.0398250278085814,0.0455978855645498,0.0416669786843043,0.0385499186339606,0.032395386575524,0.033466952533814,0.0323964893638322,0.0392849122689122,0.0418913036105235,0.0413806788826562,0.0401342789454062,0.0335424373159594,0.0357504146765105,0.0441530702335836,0.0359329947137763,0.0383581726879574,0.0387641467333326,0.0391878592359232
920.732951365446,0.0241487388501492,0.0216849528536738,0.026119608386941,0.0190059417029707,0.0112994520480649,0.0247679784899949,0.0243836786676972,0.0157957651276195,0.0150001073827326,0.0233974672744373,0.0171187164191802,0.0233212219243852,0.0294906523219445,0.0189735927507351,0.0291806550296164,0.0265459411098648,0.0211445014252469,0.0196429480065857,0.0215729566201842,0.0215265282886452,0.0210657865402823,0.024836429201213,0.0235970286261367,0.0203552372186545,0.025638205206965,0.0103832756914924,0.0226420044087767,0.0317456558335015,0.0179680990217144,0.0210171785284273,0.0226898801990212,0.0194663921334526,0.0252242022563879,0.022068440960978,0.0172668054539737,0.0244869594217864,0.0184940062894714,0.0240179011260116,0.0204029177309069,0.0187433105237461,0.0284423307988694,0.0272705196403517,0.0216046551757774,0.0227020408251097,0.0238159470441769,0.0231707670169418,0.0214274562875986,0.0296065450806774,0.0230059431557751,0.0225784189046187,0.0213190047967316,0.0267305979735253,0.0200936638722031,0.0197244157983802,0.0209716823998201,0.0285751938684646,0.0261678826893491,0.0167843670445214,0.0214543124416262,0.0212878862009823,0.0257095307797208,0.0195616818178432,0.0190953692782572,0.0297220043553549,0.0197108903873423,0.0272282344840934,0.0216759976073473,0.0214263832561409,0.0218421785361468,0.0269847215475949,0.0161330089544509,0.0386846707772318,0.0181899882988623,0.0237126679794118,0.0221241180461057,0.0159813320887923,0.0170092702090613,0.0306045931734789,0.0266835458036857,0.0196271084960618,0.0190908299629347,0.0271377382056632,0.0267611826479954,0.0203663093591518,0.0262025689102545,0.0269755400100466,0.0205208594895397,0.0255859445927522,0.0292352841098303,0.0234561605020954,0.0212670186583506,0.0283108551250074,0.0216782157581923,0.0259264906316087,0.0261876507343851,0.0185270310834883,0.0249885184523909,0.0223701835409075,0.0266269642054402,0.0260214394393447,0.0166266978770971,0.0267345351796819,0.0234424034731278,0.0295880771032491,0.02301496394627,0.0242195922527206,0.0235851209547607,0.0260546709473284,0.0272368682958607,0.0221328590391184,0.0212445491250373,0.0197316360225503,0.0282408806799942,0.0205950376175848,0.0187056556784639
923.890097033857,0.00412348793475734,0.0132600259214705,0.00913523947586306,0.0118345973650471,0.0133413954628011,0,0.00611569422297856,0.00942066828600214,0.00283590065632,0.0177731025671008,0.0138382176590999,0.00932042448537331,0.0234871493890669,0.0107089794017661,0.00946190229709483,0.0131479872540732,0.0154947963348328,0.00851788038019693,0.00931216323658668,0.00713436475927056,0.012661891446483,0.00833058180159841,0.0143205896417654,0.0185648248108335,0.00956532956524883,0.0124745044376244,0.0125912611367668,0.00626699126006437,0.00953080028805056,0.00462693110349126,0.00787565404053496,0.0157348010583395,0.0105206708114253,0.0175134114549146,0.0154490398884484,0.00707899216086478,0.0115926700444182,0.0133375945474491,0.00522309593251304,0.00586808377703992,0.0116018538367319,0.016739902602485,0.00925860225997125,0.00635955928143355,0.0133686083148511,0.0122780926895558,0.0190242867635403,0.0129609840645932,0.00862007635985608,0.0174455230094424,0.0102754227183998,0.00640008704755185,0.00765784895364759,0.0117898180629829,0.00235074122712672,0.0164960270438495,0.0103682617144461,0.00779458716277414,0.00918328536828734,0.0144500458952649,0.00520892416496627,0.0171513528490666,0.00337876903785721,0.0114008356217311,0.00799632524444927,0.0186421005455529,0.0126291211818292,0.014615497220797,0.0155196001714901,0.0123351964064481,0.00144323046215568,0.0080141251428754,0.00418301320429767,0.00687348395397544,0.0147556776050121,0.00745812406293328,0.0140874881345834,0.0134596797388498,0.0144983843967196,0.0133155116442343,0.0172665293209181,0.00638584907149121,0.00586172646349383,0.00896876578432869,0.0204644794621243,0.0085754868164413,0.00773433646784564,0.00652390396312092,0.0187480941590768,0,0.0154242806945177,0.0160802707673001,0.0133627535602291,0.00885331699514327,0.0127068368476472,0.0110560239282328,0.0103884861421531,0.00936250212998827,0.0148238960430909,0.00981613272848862,0.015287126321504,0.00688264875111068,0.0123198936515508,0.00863945093720568,0.00833709680562236,0.00216971682185855,0.00798201677301909,0.00585361783579579,0.0136848658765745,0.00570959405239026,0.015484916802838,0.0139734397499531,0.0120822151713427,0.0035042360670447,0.0120348751026755
927.044961784968,0,0,0,0,0,0,0,0.00247183219863387,0.00266591852706328,0.00229928257627605,0.00031501598622437,0,0,0,0.00148517853908454,0,0.000494550005875602,0,0,0,0,0,0.000211393991412838,0,0,0,0,3.31990053601993e-05,0,0,0,0.0124944671787337,0,0.00200503830623403,0,0,0,0,4.00106337587723e-05,0,0,0,0,0,0.000743801091115901,0.000246239141640047,0,0,0.00459917980469933,0,0,0.00563190816656254,0,0,0,0,0,0,0,0,0,0,0,0.000996078803006751,0,0,0.00245446784398823,0,0,0,0.00347797028113973,0.00171384377838996,0,0,0.00242117000153319,0.00226238509432042,0,0,0,0,0,0,0,0,0,0,0,0,0,0,1.41554709746831e-05,0.00548006661374367,0.0044987290502828,0,0,0,0,0.00247328203052288,0.000251528376023213,0,0,0.000658856476372431,0,0.00178452981898911,0,0,0,0,0,0,0,0,0.000850466624716983,0,0
930.197547921736,0.0225275100626507,0.0173129735562534,0.0185178980140319,0.014721150373763,0.0206445255278293,0.018169477035214,0.0139699706574984,0.0163938807059027,0.0226744876007263,0.0157908817967914,0.0200419980928496,0.0196215306601662,0.0173061512529398,0.0125866667318531,0.00413147015142239,0.015536456647983,0.00801489503128142,0.00930685416787722,0.0166733080490065,0.0204496819611804,0.0161046535466091,0.012682273310827,0.0107475673158791,0.0100154599740651,0.0130941961972688,0.018863298077546,0.0160798931094318,0.0185455269420618,0.0174250124893183,0.0124283694804278,0.0189716334243613,0.0162469036855593,0.0122455957259939,0.00892332356458047,0.0195038208516715,0.0134193921606369,0.00728666760093075,0.00905850269893834,0.00985658445794976,0.0115676241874058,0.0161790671314173,0.00762274483866063,0.0193644542473937,0.00917897514669614,0.0135918673023576,0.0215382130691684,0.0125427006739576,0.0174615578769365,0.00985139135589556,0.0236249396351177,0.00984114206057529,0.0177159960489301,0.0111895130152132,0.0147793867875306,0.0210235686769448,0.0210625684572299,0.0113602652408367,0.0156607837742892,0.0175466190446547,0.0185027575614143,0.0201688214387822,0.0111921798045762,0.00795669672170685,0.016058525365268,0.011460570238529,0.00992666460638741,0.0230129412825471,0.0120107435164272,0.0100911574330884,0.017485543515804,0.0177751087539998,0.02033804267493,0.0131544159866908,0.00697998008805283,0.00990639992826656,0.0109602776419899,0.00931744040173316,0.0196426067135174,0.0108406797121842,0.0134641580823592,0.0119399612092846,0.0124971571520653,0.0103124142107913,0.0152620138145339,0.0133989491497293,0.0230298392000989,0.0138871076821347,0.00551147250282605,0.0215836020568673,0.0206288135052256,0.0172057893209082,0.0145404278145462,0.013977230598751,0.0135648157957805,0.0166511253351495,0.00392039101598914,0.0132965663684149,0.0111725235589113,0.0116177600902928,0.0159362524522068,0.0136941668538989,0.01242706192795,0.00856157806770954,0.0180892041008569,0.0184452280698021,0.0104756070902026,0.0202294034072138,0.01876832973055,0.0182876391170253,0.0187011010585492,0.0105813742488239,0.0167334063231654,0.0137400159022146,0.0160440510804989,0.0162079830746696
933.347857743968,0.0019233857153171,0.00831056518184863,0.0112666894339175,0.00590533807633145,0.00264071923741106,0.010219010892303,0.00609337458588826,0.0116840032851116,0.0110286701560125,0.0112330341221395,0.0105944501741613,0.00661745808957952,0.00542332530009535,0.00483804434026062,0.00900722525034974,0.00707233443021012,0.000690002697272511,0.00639317913994822,0.00823646621947073,0.00821923502997315,0.00822163855607566,0.00141621911844279,0.00894780029724668,0.00600247984530131,0.00798019898979633,0.0125493634118067,0.00655160436280358,0.00624298324332145,0.0062058020152988,0.0133382681776163,0.00883400281017156,0.00748817862940178,0.00611086047031595,0.00543578224477942,0.00167523865939384,0.00822870695801623,0.00820166226718747,0.0110449725630312,0.00132113890829098,0.00584520375125561,0,0.0101247677872257,0.00478042804517698,0.0116523598809446,0.00528713121606147,0.00553356226090574,0.00791500534109493,0.00353004371757544,0.00144459077362628,0.00473897239086953,0.0052752632741271,0.00239119603717789,0.00653131799468449,0.00903949982999989,0.00517239846922678,0.0124022690926017,0.00959170578868074,0.00444298298606066,0.00469988850215159,0.00387032901626267,0.0133645154981713,0.00597674630274405,0.0094010019333317,0.00223797720207314,0.000268693212597762,0.00527091972044561,0.00778840276746354,0.0057258816031729,0.00151315849975171,0.00114104920295233,0.00696324216747162,0.0068173392882872,0.013483438725735,0.00729726331161216,0,0.00407834465834223,0.0118699763939013,0,0.00463237694498032,0.00601264953075554,0.00623634392727092,0.015540115146677,0,0.00999678828596182,0,0.0134256817267308,0.0120235071137713,0.011920960692931,0.00240274523428475,0.0132758375076115,0,0.0104796149580018,0.00617549741452079,0.0059242683795849,0.00977231461540925,0.00985125230679391,0.00919731728465058,0.000923276074861928,0.00530904289888209,0.00521312124631591,0.0101017113016377,0.0138229711509712,0.00558058291546047,0.00567742011215894,0.010679087753733,0.00423874473109438,0.00515033256304773,0.00520868878025238,0.00248256999145242,0.00784474175340198,0.00590300885408652,0,0.00907210657419618,0.00436334219692852,0.00791601943448982
936.49589354832,0.014965241086375,0.00811210968437514,0.0213582742322356,0.0213475189900797,0.0322409803813677,0.0233427634309047,0.014110688762821,0.0193804052583634,0.0217441581776934,0.0176002645418586,0.0180236609387632,0.0263120914107674,0.00630173480463577,0.0193094784436697,0.0194700799560147,0.0206458847672885,0.0191830033858258,0.00731530634065052,0.0206976030129224,0.0189583591648991,0.018415691934489,0.0206856929451731,0.0141069208574633,0.0107672830266426,0.0138427282439907,0.0162798872400997,0.0118440970531157,0.0148360924174709,0.0164677605353098,0.00720100742980245,0.0190632465151283,0.0277271377243476,0.00641420582610814,0.0167142581815549,0.0152564099701716,0.021951444114231,0.0203123756605628,0.0157823238921721,0.0116767027005324,0.00950208159933493,0.0229411183624328,0.00717694172583618,0.0128517264091843,0.0184240572073848,0.00998586764030454,0.0126836830383511,0.018667145086858,0.0164465785305563,0.00940929011102875,0.0253771793298341,0.0175024184921775,0.0194904418144966,0.0163584243702401,0.0266209556246211,0.0139270604301395,0.0158096656485847,0.0179374021757192,0.0157861282852266,0.00940853114233789,0.0130880469830071,0.0191764437475538,0.00853148366814535,0.025251941436396,0.0184141530656502,0.0115934358260488,0.0175807074285559,0.0143539429618835,0.0176543288877192,0.0129858766594495,0.0214886839443256,0.0178964167487227,0.0209917893447146,0.011593977780399,0.00871459148263007,0.0220971556725679,0.0233246820211289,0.0149641044672663,0.017581353973723,0.0191551051696203,0.00912562936752596,0.0164861773278275,0.0229058131606877,0.0239841888274279,0.0153612661731508,0.0157285418027457,0.015392613912021,0.0276699812951601,0.00779009333373925,0.0168008356786259,0.0196145067005841,0.0122051703659749,0.026079670952518,0.0204947840969055,0.0135137132521313,0.0211131652127984,0.0196901904798762,0.0178326742348283,0.013504446706434,0.0144498586980345,0.0209207232921427,0.0165188227039127,0.0141197233754536,0.0200152184923416,0.0159218853722459,0.0215823255293601,0.0192939660613119,0.0181323048575453,0.0260916267477422,0.0106081929521973,0.0187935981711351,0.0167136968554763,0.0172582248624617,0.00713793969104887,0.0171352152552057,0.0182201428966087
939.641657628323,0.0108952805136696,0.00294815311276296,0.0048718046732837,0.00873986359104429,0.0109737473865021,0.00372398465345238,0,0,0.00244239937400471,0,0,0.00613721298795663,0,0.0110019897966663,0.00194535951818792,0.00334631725803437,0.00689557113214776,0.00658152822027892,0.00784190359001556,0.00835218120073074,0,0.00360994697925078,0,0.0166221253421978,0.00816287766742692,0.000453668449147636,0.0110865063327433,0,0,0.00701138568449242,0.0010729040514649,0.00244832336413892,0.00187403740437377,0,0.00678147837043457,0,0.00552432256278452,0,0,0,0.00661227563961917,0.000955944174705664,0.0015672486869154,0.00957530760568423,0.003290989817196,0,0,0.00797913488628719,0,0.0119649855195674,0,0,0,0,0.00644978170793371,0,0.00265114445363138,0,0,0,0.00357310692774326,0.00163195644052386,0,0,0.00532907041318321,0.0123395762826409,0,0.00748757272309103,0.00383369550826457,0.00401497070837346,0.00427867601109727,0,0,0,0.00587287141395772,0,0,0.00477127724793529,0.000376799195961536,0.00555229938783209,0.00140867756422274,0,0.00521979512742796,0,0.00883706349953214,0.00411716464430323,0,0,0.00356244221488551,0,0,0.00561152189376233,0.000802161774126789,0.00112776851507327,0.000408289209071713,0,0,0.00769448167290487,0.000395304221921825,0.00467289014362297,0.00456094330607011,0.00840823557960549,0.00939466649717345,0.00198306786925858,0.000992309490343739,0.00157127314576744,0.00138527229760438,0.0019574480695467,0.00926124107803013,0,0.00371682559355718,0,0,0.00761245189117648,0.00300101465324514
942.785152274379,0.00461001111058818,0,0.00681290391807801,0.00205575033582649,0,0,0.0153130720397173,0.0161241841096315,0.00168297005532154,0.0100819928397639,0,0.0038410353148511,0.00696938159951113,0.00431284463576238,0.0123912582674578,0,0.00833734014563962,0.00638873791785747,0.0103827074775793,0.00594420297366132,0.00753903399354818,0.00443112359540689,0.00832096428853998,0.00544568988618816,0.00247494684273497,0.00695956842136567,0.0141652548427674,0.0259460810136884,0.00335414068966343,0.004106449985891,0.010241399743081,0.0101683336519402,0.0043094835255947,0,0.00325919372482203,0.00373699273112992,0.00361294085360427,0.00536434172722334,0.00679361068443455,0.00574702258263097,0,0,0,0.000180033811578703,0.0106842007820598,0.00153475848031013,0.0132172631868178,0.00991725532414554,0.00784100745039338,0.00787868868797278,0.0186269546920818,0,0.00142490443138099,0.00621032079776065,0.00735535580785554,0.012816686522379,0.0115404491645084,0.0114746538146459,0.00507863274301367,0.0131881878794017,0.0132109479634322,0.00694796082317543,0.00592167698842068,0.000918364702444483,0.0116925083811695,0.00765476728417474,0.0101297400402286,0.013877908065936,0.011389323972397,0.00877582532772053,0.00850179124222182,0,0.00668452895263746,0.00542706520842122,0.011121315717896,0.00784956130793751,0.0123265392405102,0.00727712309936555,0.010516523069916,0.000301154223523971,0.014394001364991,0.008920076017396,0.00441328009187237,0.0025488214491439,0.00748447741151216,0.0110300749521556,0.00966756560897463,0,0.00765136874917489,0.0070594077129442,0.00941972566047941,0.00097998715765398,0.0043103438687326,0.00397211776796279,0.0106278532050904,0.00800997073898069,0.00848481981602251,0.00299028742442545,0.0111758118397669,0.000534921466757796,0.00149981520335201,0.0108708810241207,0.00421105902762598,0.0026423622233024,0.00334114689765127,0.0133334057831198,0.00884690241234159,0.00504253098526098,0,0.000954369534592169,0.00620930798638961,0.0111481691350713,0.00324534101466884,0.0100403678729344,0.00212580609350374
945.926379773757,0.012661090069393,0.0212362991300748,0.0163370349246326,0.0201693424173832,0.0149450437548004,0.0155042566637005,0.0216594219063386,0.0142011263204617,0.0112818500421662,0.0180642481034796,0.0208170659505804,0.0122690753712191,0.0126117300070274,0.018217725139508,0.011077720042702,0.0183265934961666,0.00867196625062974,0.0133273155102631,0.0145657134142621,0.0182997646011972,0.0160636065222478,0.00945722118063091,0.0214945401731804,0.0195215407669688,0.0138056860655924,0.0101060018473244,0.0210804950089336,0.0169109395995539,0.0224074493741217,0.0141882175963248,0.0105207553703899,0.017880409783886,0.0137206998633087,0.0149304938235659,0.0223279761240291,0.00964387551414545,0.0162590290799119,0.0194590162100975,0.0126780850151564,0.0143496377823235,0.0227572522414925,0.0265786034116237,0.016562465281239,0.0166174792442327,0.0229489182025589,0.0109192996226056,0.0146021355798798,0.0123954178613617,0.00922846327601517,0.0175109586404229,0.0145703942980282,0.027121253581139,0.00788228108107147,0.0148787463196462,0.0149656658367709,0.0104426548936474,0.0226703389882431,0.0101326096654424,0.0174465361172687,0.0112840154543918,0.0206452427216383,0.0111444856001223,0.015094961832967,0.0170678892837937,0.0136526362902315,0.0193701367531446,0.0144322480447642,0.0213646295407823,0.0206084535912426,0.0190892460526302,0.00490783204794862,0.0152612498526829,0.0191329138301267,0.0206769636336841,0.00589668165941121,0.0131680389692244,0.0131958997680345,0.0114167453261292,0.0239227746956885,0.0173010872288162,0.0180142538736754,0.0195101116535864,0.0144872978349983,0.0123677196706576,0.0133351030399175,0.010766462583239,0.0187202800611842,0.00920540967269091,0.0138993026224631,0.0139219264951812,0.00801470372969776,0.014917036192659,0.0164464731524577,0.0104868878600229,0.0131062142600212,0.0178241564843918,0.0154338291661971,0.0194458216346383,0.0164275638996553,0.0156675519429302,0.0151274742828969,0.0111438751953902,0.00773154333443647,0.0178999220992617,0.00995135961268239,0.0168952608306253,0.0223547167834549,0.00478554991297593,0.0182343167728264,0.0118786975796417,0.0147822113863358,0.0207337655417639,0.0133521628234915,0.0206140962972067,0.00868439137308938
949.065342410614,0.0190488830309508,0.0132940011437419,0.0220574260333229,0.0177831589742834,0.0142133098732788,0.0163888763551376,0.0170299918784863,0.0190416947453597,0.0197813540617003,0.0227583448082881,0.0241197458089639,0.00280297337202576,0.0187782082788639,0.0288618228867989,0.0220668565832657,0.0131281564886213,0.0172410974177325,0.0109218361741849,0.0236921449729247,0.0235350559263968,0.0163592243430206,0.0171085287674589,0.022332930461186,0.0231560334017098,0.0201854363607135,0.0177123485514736,0.0131583063170739,0.0150192985938468,0.0271262028247506,0.022637855480748,0.0196739610965967,0.0215838646036834,0.0129166024754373,0.0179676564885979,0.014380333815572,0.0172124750973678,0.0210541320856386,0.0208525101990248,0.0291162208272,0.0163178963224469,0.0186110739910208,0.0197892294279238,0.02404796196846,0.013128141251639,0.0129772423363658,0.0219905674868276,0.00608672168560734,0.015961866875865,0.01224585774766,0.0167030814566154,0.0126739705691241,0.0195832050593419,0.0126592617846949,0.0135404051914179,0.0192112394527133,0.0218624224285637,0.0242297416677737,0.0208931444933083,0.0149867774306157,0.0221335204734114,0.0116048008659433,0.015888579521595,0.0142806825080099,0.0184889612687425,0.0243951042025694,0.0174960001726569,0.0159312076943018,0.0227696304624954,0.0164467682583753,0.0143807226992262,0.0241750984125186,0.0155513629436686,0.0194196738726394,0.0109758818227733,0.0226958749473017,0.0190345255127081,0.00635650693125067,0.0221159228928558,0.0231307386858507,0.0148160758509431,0.017223294829983,0.0127684427994428,0.0305422003115974,0.0221786391549199,0.0213965944563096,0.0204203109749836,0.0179110389073016,0.027768447639348,0.0158056218235684,0.0136526982957787,0.00997520998702872,0.0217436738732785,0.0145415711566802,0.022774055867762,0.0255193202366269,0.0242732852865295,0.0218210251817577,0.0236382282099829,0.016702781251837,0.0159204465890427,0.0176159280503065,0.012500187848506,0.00852178085383582,0.0155221357577395,0.0160202817440446,0.016626288776078,0.0204439288473773,0.0206348720562909,0.0207605136040943,0.0149645980189172,0.0155987965369623,0.0160083343573738,0.0185156430168284,0.0197651166899874,0.0157666478037477
952.20204246599,0,0,0.00336931404445851,0.00514324488880288,0.00914527209416709,0.00339523385905765,0.00745705052195563,0,0.00372033713931588,0.012684018605417,0.0033656057492566,0.0122380988179328,0.00950674230596205,0,0.00562860468488031,0.0161892612413866,0.00931739074170221,0.014000467813599,0.00970306254594305,0.0145379367248351,0.00623382164993043,0.00948007215617635,0.00547665250906952,0.00975968894355686,0.00678472038386744,0.00576256600188046,0.00522825106250049,0.0114695409438923,0.0120003422442941,0.00779775281881818,0.00948958088058764,0.00627570546730867,0.00619515464347552,0.0111471195292467,0.00752741341029645,0.00585147596759767,0.00287258798694624,0.00623368759304527,0,5.54182315824736e-05,0.0105731953848399,0.00374184441644768,0.0110727354811398,0,0.00137143742656132,0.00424060609032906,0.000311536187546967,0.000337312888772235,0.00324317877658441,0.0109458587536452,0,0.0014127419289695,0.00516427812265403,0.00775023665699941,0.0094631775878526,0.00509063379043578,0.0105944208300111,0.0057738253358405,0.005932640547121,0.00301309060295495,0.0157302460834853,0.0100677546098671,0.00735998083198624,0.00518173892324134,0.0115057101062218,0.0167445223625794,0.00232964648260423,0.00539306960227759,0.00559085144445437,0.000767201581881038,0.00662079911484676,0.000319679923807885,0.0092022545298279,0,0.00313504701923386,0.0115465217342055,0.00556008236991384,0.00763187022001596,0.00595744552704162,8.05446920674794e-05,0.00486591179190693,0.0119743791901246,0.00412449994268631,0.00678576074557715,0.00171409699326886,0.00470128183653735,0.00231291985527407,0.00696797275952383,0.0074114344591274,0.00460787335043208,0,0.012718205675384,0.00885087174240289,0.00615368459266534,0.012515725681211,0.00050061367421991,0.00603889099452041,0.0066548516681282,0.0125536870072469,0.0211230729027539,0.00339969900241866,0.00512150400863954,0.0142049180802979,0.00054568125469027,0.00874054405061403,0.0037880275413029,0.00751775301084507,0.00702625938871104,0.00156681277448822,0.0118901969317212,0.00367793282630342,0.00687420174626699,0.0061225735106506,0.00586285660249209,0.00848904398421051
955.336482217814,0.00752512397942058,0.0023431115249158,0.00853173200362598,0.00328079643947927,0.00244634753042385,0.00703821983663292,0.00829521778856969,0.00556106414725852,0.0132952121634332,0.00970887844584241,0.00818769531942716,0,0.0082087393656304,0.00621227811904109,0.00988703868359099,0.00601498720421496,0.0112769898922223,0.0137763865982696,0,0.00717443574755231,0.0015811516408937,0.00131740107926191,0.00254769688827261,0.00733855885648754,0.0027136897483033,0,0.000585903941526466,0.00626181812629834,0,0.00377902319646985,0.0123588342661663,0.00846373341425347,0.00430103462231298,0,0.00397414677713293,0.00728301403827835,0.00877263498257394,0.00209300105696333,0,0.00311301691893461,0.00141803543393767,0.00455490850535422,0.00306481352508284,0.00020460900615754,0.0141553675167409,0.00851641544057609,0,0.0104655301404678,0,0.0123188745926366,0.0110262816542946,0,0.00212125087082698,0.00361865921195334,0.00809858355642968,0.0101649967440848,0.000325044826896933,0,0,0,0.00228346305723372,0.00423917288308884,0.00264941812398663,0.0043215688281374,0.00575077221025318,0.00240386615742219,0.00884223462775105,0.00291768546646801,0.00419972550942482,0.00716457159992732,0,0,0,0.00208208439149487,0.00229359694699181,0.0062751500168923,0.00530614677627646,0.00955892719633129,0.00405828907368219,0,0.00130751796763222,0.00575917570115796,0.014175659326781,0.00818251852510355,0.0125336062520514,0.00992829646112171,0.00696303544052829,0.0122122575262358,0.00984439271567189,0.00925558967278333,0,0.00641719178911063,0.00585142123549667,0,0.0111042865477271,0.00749381953149049,0,0.0130598646914407,0,0,0.000307094728556931,0.00373566763230327,0.000823122940435794,0.00923369225413681,0.00305440651675143,0,8.78293534773546e-05,0.00174497066382912,0.00352109165832554,0.00545227448848612,0.00226574493536027,0.00983513739928892,0,0.00119400643258299,0.00598790643541092
958.468663940918,0.0144411386544321,0.00539344919282785,0.00826416653929142,0.0197455712950163,0.0217104059665442,0.0156669069228277,0.0157060335569729,0.0194068880720785,0.0157694423519254,0.0138330751457105,0.00839708867415226,0.0137111276764739,0.00690323720532903,0.0119543256406144,0.0152569949407222,0.0101632703538631,0.0132290482585837,0.0036595125168435,0.0114110565942886,0.0140279825422651,0.0166508002862041,0.00473295467938146,0.0231935550500671,0.00600835423651129,0.00357852929441067,0.0220525941129296,0.0179054846884135,0.0158995938334098,0.0158889038257665,0.0208692462562784,0.0188780069083159,0.0121447480277904,0.00669717003618983,0.0171825317652366,0.0108862296257293,0.0198376626730941,0.0113038787323576,0.0100862445494705,0,0.00671551061543418,0.00668162894997131,0.00209570985978252,0.0105271626864141,0.0106896250534064,0.0101249581079059,0.0133494831589449,0.0101723932725061,0.0079801633110682,0.00760092214119581,0.0186260198813217,0.0194050411096863,0.0209672169880062,0.0235988563773325,0.0105889620901406,0.0117610678745948,0.0146550582771413,0.00692031851961453,0.0123944456949457,0.00371874367032155,0.0141314038047585,0.00913853533611583,0.00840436201278015,0.0273160864684522,0.0136440125998396,0.00877862676053551,0.00842496516626191,0.0119927908985216,0.0142392800563558,0.0150595550696026,0.0107740402580936,0.00216760571162972,0.0202543426714218,0.010288864349806,0.0150840578456463,0.0113589966815802,0.0160110001552884,0.00944528992406133,0.0103839014897454,0.0163418582092142,0.0217827509878708,0.0175565123810355,0.00982287832083637,0.0182308517030327,0.00621229122068426,0.00892276979491185,0.0162506089368981,0.0170803191743198,0.0124603147250565,0.0122700281234698,0.00458000894738034,0.00962555282399511,0.0159535385275843,0.0147189715765689,0.0133512451412708,0.00968541224539234,0.0100033865507339,0.00492471001736781,0.020571411791586,0.0125139903428097,0.0166341427116063,0.0166867147876127,0.0176158218652949,0.00758051914369071,0.0174110016569328,0.00269754672803527,0.0124977632299002,0.0108131107322631,0.0142374317671497,0.00880834209331635,0.00851546921660652,0.0124693338692679,0.0177397306738146,0.0120252388276037,0.0188044928868739,0.0114527533175313
961.59858990703,0.003142969169577,0,0,0,0,0,0,0,0,0,0,0,0,0,0,0,0,0,0,0,0,0,0,0,0,0,0,0,0.0056995370055294,0,0,0.000315340030606826,0,0,0.000152816362662119,0,0,0,0,0,0,0,0,0,0,0,0,0,0,0,0,0,0,0,0.00310864932135205,0.000156373787284827,0,0,0,0,0,0,0,0,0,0,0,0,0.0002807282195933,0,0,0,0,0.000364215720794426,0,0,0,0,0,0.00257255391057457,0,0,0,0,0,0,0,0,0,0,0,0,0,0,0,0,0,0,0,0,0,0,0,0,0,0,0,0,0,0,0,0,0,0,0
964.726262384784,0.0100440830118959,0.00706586401119981,0.00119992118007606,0.00250217080457875,0,0.00571617251780886,0.00582795765521666,0.00700833452506442,0.00596391520649962,0.00729878633739351,0.00981709996495678,0.00953470676359507,0.0101231439451224,0.00498345220814428,0.000793477766925096,0.00796601555374006,0.00722014703286827,0.0103141284184207,0.00813717836568076,0.0184124125848644,0.00621164927125523,0.00996247753807942,0.0156904888969411,0.00277736590866455,0,0.00647679347544871,0.000894248042016277,0.0114985517559204,0.0103804664522458,0.00683970301340745,0.016744853267567,0.00298194479777614,0,0.0051302059567392,0.00705059701264366,0.00262934128411442,0.00794121425189607,0.0161171180736938,0.00558164402451751,0.00948140802131459,0.00609009381818644,0.00368507189522206,0.0105047451955133,0.00795064719864788,0.0134280458631093,0.00491423692182331,0.0117606390035929,0.0073724394292533,0.00100866465215011,0,0.00416423232451783,0.00526328176815391,0.00353912073447364,0.00784274262268917,0.0134692082342528,0.00865463068298833,0.00939955406685806,0.00412347991554429,0.00257293617654213,0.00691009624396842,0.0102025769027738,0.00782242816179531,0.00843319754530729,0.010185463605134,0.00657139037618345,0.00855892866648416,0.0160338886087664,0.015326230265758,0.0172552469333444,0.00351309093696458,0.00326295080180308,0.00525322705937276,0.0124502171060272,0.00725453585420946,0.0118428088578802,0,0.00395032926949108,0.00763361835659564,0.0125063720948531,0.0122921490778037,0.01205425172641,0.00818440703592862,0.00454297429739231,0.00896880286840642,0.0111092879335654,0.000199729481843355,0.00663606385918048,0.0101630892233843,0.00409838234027566,0.00781153316989505,0.00448248811770364,0.00877964699520446,0.00652518385495402,0,0.00295938783338287,0,0.00378185165874641,0.00994809803253051,0.0085806709029543,0.00440522957619801,0.00434252579114581,0.00826321999210482,0.00310555169037615,0.00856244168239783,0.00729933835183323,0.00206341630516573,0.00857552889656963,0.00863906302782275,0.011567201301741,0.00678965884637836,0.00684213029397503,0.0159233929691615,0.00473784966170281,0.0061699355947322,0.00854025299301765
967.851683639732,0.00700707162373836,0.00293432339824848,0,0.00168901095483528,0.00966273014010233,0.00378146076678788,0,0.00672337001066889,0,0.00593427269070576,0.00744626986837745,0.00462563272736329,0.00453944371416732,0.00474046477499756,0,0.00217193703321542,0.00310598803049178,0,0,0.00336031813553194,0,0.0154630994095139,0,0.00142601314014392,0.00777825108593975,0,0,0.00516158271282803,0.00789102112577264,0.00441675781302574,0,0.0111428304100755,0.00524617561501614,0.00976386811228967,0.00842949049977075,0,0.00484868965093548,0,0.00252116230594443,0.00754067866172215,0.00522894680002481,0.00773393619951633,0.00357306681616092,0.000648793141556392,0.000159725269737085,0.00294553086981388,0.00320142522632713,0,0.00834884795842507,0.011149089158391,0,0,0.00213913357295129,0.00645870568796766,0.00424266226107869,0.0142685128851557,0,0.00438133576592363,0.000617102989321348,0.00162422127389108,0.00276515446511289,0,0.00369386214921037,0,0.0101269341637962,0.00719888915855532,0.000714891688212105,0.00288319235085669,0.00357659084727283,0.00320834496388501,0,0.00217469938569032,0.00440487286780152,0.00859495482626395,0,0.00179796943398484,0.00696797089739287,0.00405866135889334,0.00184541813507256,0.00809254301553346,0.00901732205388565,0.00248252837980793,0.00476615926864289,0.000817909454070887,0.00303889017586762,0.00484612429814601,0.00633057125018394,0,0.00108563037147827,0.00147094456288692,0.000775788133740704,0.00135791254888944,0,0.00859441793494414,0.00869991417587903,0,0.00735536499045404,0.00629685018081687,0.00273896469688248,0.00736887007456787,0,0.0117588039052843,0.00494148181375389,0.0021135822329444,0.00478724174726048,0.00994388798618875,0.00441909199936548,0.000550478092497934,0.00124497819803024,0.00815353815705854,0,0.00180180766175114,0.00547118184139052,0.00147317662021557,0
970.974855934344,0,0,0,0,0,0,0,0,0,0,0,0.0012431439419799,0,0.00774362347899137,0.000850323530673142,0,0.00283138921526949,0,0,0,0,0,0.00708702053377575,0,0,0.00651027476634808,0,0,0,0.002528488407607,0.00256884498033741,0,0.00170414894144547,0,0,0,0,0,0,0.00172771629990903,0,0,0,0,0,0,0,0.00125581470931741,0.00203185894513414,0,0,0.000714525348876492,0,0.00229019450492267,0,0,0,0.0018800719916776,0,0,0,0.00610064944276398,0,0,0,0,0,0,0.00549271607821736,0,0.000425725295056029,0.000197483071984087,0.0024292005687237,0,0,0.00649983216264468,0,0,0,0.0011035379864972,0,0,0.00498263047667656,0.0038583108973068,0,0.000662978980187702,0.00328105697318699,0,0.00402518778684849,0,0,0,0,0,0.00449098029447384,0.000386627784827091,0.00150343591383002,0,0,0,0,0,0,0,0,0,0.00355812646792531,0,0,0.00671398027542148,0.00450874254609438,0,0,0.00329270364815331,0
974.095781528001,0,0,0,0,0,0,0,0,0,0,0,0,0,0,0,0,0,0,0,0,0,0,0,0,0,0,0,0,0,0,0,0,0,0,0,0,0,0,0,0,0,0,0,0,0,0,0,0,0,0,0,0,0,0,0,0,0,0,0,0,0,0,0,0,0,0,0,0,0,0,0,0,0,0,0,0,0,0,0,0,0,0,0,0,0,0,0,0,0,0,0,0,0,0,0,0,0,0,0,0,0,0,0,0,0,0,0,0,0,0,0,0,0,0,0
977.214462677025,0.00281968744087921,0.00647151090903004,0,0,0,0.00126476785222828,0,0.012597762640211,0.0102741514975776,0.00070609455676677,0.0028509810245011,0,0,0,0,0.000181369250453158,0.00500947778550071,0,0.00205369591934451,0.00138393819529224,0.00278596391107381,0,0,0.00227424122124643,0,0.00372323426496255,0,0,0,0,0,0,0.00212106697506271,0.00720723073776496,0,0.000408877339286394,0,0.00491711374789651,0.00608498813264277,2.21009802684962e-05,0,0.00351598235811536,0,0,0,0.01225154888793,0,0,0,0.0101992521431915,0.00341015166831708,0,0,0,0.00449209468299184,0.00632870677041071,0,0,0,0.00791994100960109,0,0,0.0027418236062413,0.00940611758277539,0,0.00590034098208445,0.00278333623753643,0.0102402081435391,0.00094687831051222,0,0,0.000101665283202936,0,0.00703284381318089,5.99522223904658e-05,0.0019804319090018,2.87130106628396e-05,0,0,0,0,0.00482714967851619,0.00321834442617573,0.00264015553958887,0,0,0,0,0.0120516327376339,0.00213754407501588,0.00254674191986235,0,0,0,0,0.00700737856186678,0.001414923738104,0.00922822206753285,0.00173566665352173,0.00740721384332497,0.00628622671009678,0.00311520313176314,0,0,0,0.00678400335063192,0.00126593684691557,0,0,0,0.0104516528890503,0.00120597788387931,0.00489006093989228,0,0.00316470396972991
980.330901634669,0.00196218407067171,0,0,0,0,0,0,0,0,0,0,0,0,0,0,0,0,0,0,0.00162383940587705,0,0,0,0,0,0,0.00163412480334766,0,0,0,0,0,0.000170831930420741,0,0,0,0,0,0,0,0,0,0,0,0.000694198084662949,0,0,0,0,0,0,0,0,0,0,0,0,0,0,0,0,0,0,0,0,0,0,0,0,0,0,0,0,0.00169531478760866,0,0,0,0,0,0,0,0,0,0,0,0,0,0,0,0,0,0,0,0,0,0,0,0,0,0,0,0,0,0,0,0,0,0,0,0,0,0,0,0,0
983.445100651119,0,0,0,0.000218618647516328,0,0,0.000698650094995065,0,0,0,0,0,0,0,0,0,0,0,0,0,0,0,0,0,0,0,0,0,0,0,0,0,0,0,0,0,0,0,0,0,0,0,0,0,0,0,0,0,0,0,0,0,0,0,0,0,0,0,0,0,0,0,0,0,0,0,0,0,0,0,0,0,0,0,0,0,0,0,0,0,0,0,0,0,0,0,0,0,0,0,0,0,0,0,0,0,0,0,0,0,0,0,0,0,0,0,0,0,0,0,0,0,0,0,0
986.557061973506,0,0,0,0,0,0,0,0,0,0,0,0,0,0,0,0,0,0,0,0,0,0,0,0,0,0,0,0,0,0,0,0,0,0,0,0,0,0,0,0,0,0,0,0,0,0,0,0,0,0,0,0,0,0,0,0,0,0,0,0,0,0,0,0,0,0,0,0,0,0,0,0,0,0,0,0,0,0,0,0,0,0,0,0,0,0,0,0,0,0,0,0,0,0,0,0,0,0,0,0,0,0,0,0,0,0,0,0,0,0,0,0,0,0,0
989.666787845913,0,0,0,0,0,0,0,0,0,0,0,0,0,0,0,0,0,0,0,0,0,0,0,0,0,0,0,0,0,0,0,0,0,0,0,0,0,0,0,0,0,0,0,0,0,0,0,0,0,0,0,0,0,0,0,0,0,0,0,0,0,0,0,0,0,0,0,0,0,0,0,0,0,0,0,0,0,0,0,0,0,0,0,0,0,0,0,0,0,0,0,0,0,0,0,0,0,0,0,0,0,0,0,0,0,0,0,0,0,0,0,0,0,0,0
992.774280509374,0.0155723377278176,0.0170129586768543,0.0211278091520523,0.0186744124611697,0.0232290815963094,0.0269012673705944,0.0227218298792251,0.0160480529357155,0.0206973530172991,0.0171938267786906,0.0168957214206202,0.0177671953089948,0.0208222754939303,0.0220817607128362,0.0207057548548415,0.01786486979332,0.0150145703974814,0.02263151818421,0.0224975449362925,0.0172934789929479,0.0295961391366086,0.0207913490757358,0.0161614514835896,0.0194886505951943,0.0241842463453414,0.0284769027026321,0.0223227008620318,0.0213443851348691,0.0246562751122916,0.025410226634663,0.0191079053608708,0.0256901914588065,0.0240045792128253,0.0236117081303609,0.0137171096310058,0.0272654628329305,0.0263709352767565,0.028578451471762,0.0222778922269762,0.0309926752512408,0.0275144810624942,0.0175809379969556,0.0296941027906895,0.0222152467561181,0.0217319962374669,0.0208515483400423,0.0218800093400498,0.0251365447576019,0.0204204183063998,0.0244130584143993,0.0298328101037844,0.0195361819055269,0.0202470658253109,0.0240292300972409,0.0236105691333586,0.01230142486965,0.0215820442903114,0.0183238669697555,0.0226052227723366,0.0212450907379683,0.0193321866169608,0.0209810475228052,0.023206965027765,0.0194580988731232,0.0125128508345829,0.0265981222682001,0.0321745388724267,0.0190648251207199,0.0203971722091247,0.0238887207723431,0.0176234542682894,0.0149901613517888,0.0187982022275331,0.015758982566844,0.0263614741070309,0.0164285416541283,0.0220749219111944,0.0272160187320686,0.0276592215485992,0.0221145346399176,0.0224658939980926,0.0199817011426111,0.0161222379084763,0.0199212414990774,0.0236653934102428,0.0175188613925244,0.0206269460602073,0.0263798171530228,0.015758442579325,0.0206614333800632,0.0169916937957041,0.0177028607490269,0.0270838827932278,0.0217296709270845,0.0322964803819811,0.0170149575749622,0.0163228119039965,0.028654850239061,0.0142919664261052,0.021485934076905,0.0133039114385058,0.0160438164749275,0.0243014732038695,0.0248440604689284,0.027158179390258,0.0241521887512903,0.0303758726076504,0.00951078145845932,0.0236569350783593,0.0216288192326133,0.0202225020159574,0.0239266615499751,0.0248226608454043,0.0169442445371921,0.0264703410111303
995.879542201883,0,0.000156532560438169,0,0,0.00345805074482223,0,0,0,0.00344915040344197,0.000464749583938769,0.00525747775026947,0,0,0,0,0.000991193864978376,0,0.00749430234095094,0.00401074265404342,0.00109034070433143,0,0.00253793963476351,0.00296255466359721,0.00270604515800845,0,0,0.00386288616589328,0.00779951350603546,0,0,0,0,0,0,0,0.0013425772398925,0,0.00890008437937495,0,0.00359488198458096,0.00440336370393657,0,0.00225264674977886,0.00462884825529356,0.0029864917141923,0,0,0.00448653842813784,0.00640880681419619,0,0,0,0,0,0,0.00174091685812451,0,0,0.00577263370653057,0,0,0,0,0.0117116176318079,0.0017271687340036,0,0.00170060834936633,0.00435772534390254,0.000532790822436929,0.00128421360412692,0.00164959207963753,0.00243634135229584,0,0.00207746970598512,0.00285304076861373,0,0,0.00169269695032211,0.00875439050294379,0,0.00175939007000565,0,0.00975735903281197,0.0010753409889906,0.00333400116396462,0,0.00493734720040672,0,0.00131411663432022,0.00385389433794121,0,0,0,0.000816993767204256,0,0.00377994950115272,0.00322000933096452,0,0,0,0,0.00421235082383374,0,0.000714820548299771,0,0,0,0.0063668990910943,0.00325817276698768,0,0,0.000397310845919988,0.00137202913412086,0.00458340830827394,0
998.9825751584,0,0,0,0,0,0,0,0,0,0,0,0,0.0031508331162218,0,0.00274182791710632,0,0,0.00223693918108921,0,0,0.000380071971349508,0,0,0.00349034982392491,0,0,0.00352231282544317,0,0,0,0.000646121393342721,0.00488883695361255,0,0,0,0,0,0.00246140421991606,0,0,0,0,0.00631409362164666,0.00749425818039962,0,0,0.00739305215758597,0.000273848247543667,0,0,0.00415769992012192,0.00257230540950929,0.00785052910334561,0,0,0,0,0,0.00430297919292457,0.000567087111103727,0,0.00247684165715443,0.000304778410377168,0,0,0,0.00811187696855961,0,0,0,0,0.000404447631596911,0,0,0,0,0,0.000791973137244999,0,0,0,0,0,0,0.00629537298386661,0.00132755053710651,0,0.00398835624320844,0,0,0,0.00165291558319517,0,0,0,0,0,0,0,0,0,0,0,0,0,0.00265966825924842,0.00323247111045272,0,0,0.00410377028291852,0,0.00876954391485595,0,0,0.0127893580178189
1002.08338161085,0.0101320078121329,0.00608364021201344,0.014646971894742,0.018204758374444,0.0136761670295472,0.0064825397648877,0.0117888530484308,0.00427587242906206,0.00712859381124212,0.00908476550898091,0,0.00541864976248334,0.013461579357671,0.00219325005065542,0.0113783171817497,0.0124222192803967,0.0101774196899862,0.000269345186729182,0.0137852627592336,0.00805868304378756,0.00768592843111474,0,0.0135295811376677,0.0119572750777907,0.0144499985608505,0.00628319840762826,0.00921790697662562,0.00544834487336916,0.012591857162422,0.0103781849697241,0.00446841638988395,0.00848322064174629,0.00945156947244609,0.00613294882089441,0.0116074684490369,0.011811513234872,0.00626320394175412,0.00539938997162584,0.00346627260450662,0.00842262403977207,0.0103211589648673,0.00777683330604393,0.00871180431700276,0.00712426868560559,0.00180410423781544,0.0124939034539569,0.00261472150699973,0.0081138763579991,0.00130115078203447,0.00959199166570458,0.00160987235703794,0.00274951292185812,0.00916974033073195,0.00468754598139944,0.00524834168184474,0.0122320606322854,0.0129569298986126,0.0128598928532679,0.0198430384834436,0.00963982678105357,0.00781586232431684,0.0132192268301113,0.00603290399248122,0.0171483880438977,0.00980662620270036,0.0109817437375323,0.0111633363311416,0.0108187734888642,0.00703544997294529,0.0105537499542258,0.00594155938563626,0.0027998246965794,0,0.0107270723606791,0.00318819798287058,0.0114575067320915,0.013341382518649,0.00262231244441406,0,0.0104399286052979,0.00986712960389126,0.00269682643927944,0.0117111064703663,0.0143189407826001,0,0.00976615687693625,0.00803159590163668,0,0.0081636762685274,0.00474688746606294,0.00287456266451114,0.0083720313519181,0.00810491569198794,0,0.00072557369924214,0.00526947004536713,0.011349124281919,0.000244519033865362,0.00817616662700893,0.0120197659115475,0.0059806446257005,0.0138075314897814,0.00512683039404504,0.0053247983841343,0.0045031381948664,0.00719815121318147,0.000109994813398328,0.00839777474523192,0.000858504020438626,0.00931637576351343,0.00963603215104655,0,0.00490863320155334,0.0162655975134674,0.0048778421425887
1005.18196378813,0,0.00132825853264001,0,0.0043762903750774,0.00903819303899466,0.0105767773046244,0,0,0,0,0,0,0.00195201630134043,0,0.0054603580181021,0.00600440950796401,0.00489093889989997,0.00269004205668591,0,0,0,0,0.0083537814535935,0,0,0,0.00227574704313858,0,0.00396778635915538,0.00355220331622412,0,0.000570144892888502,0.00100836949311548,0,0.00519807439729911,0,0.00141738964146565,0,0.00311466984352638,0,0,0,0,0,0,0.00254081253363708,0,0.00608305012249792,0,0.00317687098509673,0.00122488761566372,0,0,0,0,0,0.00763217562339369,0.000385688967352287,0.00244528545236247,0,0.00579636366068148,0,0.00177618283436215,0.00315676610670544,0,0,0,0.00161767213626052,0,0.00239091039549004,0,0.00574411186956355,0,0.00146394720833036,0.00555118032190407,0.00330168791496089,0.000885215101784203,0,0.003856020147304,0,0.00290485023577992,0,0,0,0,0,0.00327527629891286,0.00374780610407759,0.00399650286385152,0.00929572068232684,0,0,0,0.00267946394997529,0,0,0.00654133115561604,0.00598968510202355,0,0,0,0,0.00308104709616198,0,0,0,0.000284646455347196,0.0096831946076412,0,0,0,0.000192832265922054,0,0,0.00227687045902604
1008.27832391613,0,0,0,0,0.000607665159333115,0,0,0,0,0,0,5.72790358707005e-05,0,0,0,0,0,0,0,0,0,0,0,0,0,0.000582344681346229,0,0,0,0,0.00217197140752083,0,0,0,0,0,0,0,0,0,0,0,0,0,0,0,0,0,0,0,0,0,0,0,0,0.00371687029529458,0,0,0,0,0,0,0,0,0,0,0,0,0,0,0,0,0,0,0,0,0,0,0,0,0,0,0,0,0,0,0,0,0,0,0,0,0,0,0,0,0,0,0,0,0,0,0,0,0,0,0,0,0,0,0,0,0,0,0
1011.37246421771,0,0,0,0,0,0,0,0,0,0,0,0,0,0,0,0,0,0,0,0,0,0,0,0,0,0,0,0,0,0,0,0,0,0,0,0,0,0,0,0,0,0,0,0,0,0,0,0,0,0,0,0,0,0,0,0,0,0,0,0,0,0,0,0,0,0,0,0,0,0,0,0,0,0,0,0,0,0,0,0,0,0,0,0,0,0,0,0,0,0,0,0,0,0,0,0,0,0,0,0,0,0,0,0,0,0,0,0,0,0,0,0,0,0,0
1014.46438691273,0.00427472517538407,0.00245408223298943,0.0137039315291309,0.00276591397601541,0.00375064391390401,0.00285578318230822,0.00207060864848087,0.00562151706389978,0.00623972717462943,0.00767496786144534,0.00285778427132307,0.0100086806302438,0,0.00957867727693575,0.00670162164257543,0.0104209228485532,0.00109031188137804,0,0.00301064417997775,0,0,0.00349838262727714,0.00190747934962298,0.00184434852300285,0.0037802909149425,0.00212165039108097,0.0149225096638153,0.0116868421690449,0.00947361011772156,0.00145395123098316,0,0.00230749540730664,0,0,0.000271612063563324,0.00820152795331319,0.00365668873677182,0.00661548499527496,0.00203113483874609,0.00863067535591374,0.00988955259777752,0.0105937784638774,0.00830173072758075,0.00451758209648836,0.00534256841183569,0.00824354455845779,0.0021375580208816,0.0010571988407127,0.00467342490533733,0,0.00654471539373656,0.00899898090158498,0,0.00548673593916795,0.00101573917939582,0.00897990556602992,0.00905834976625857,0,0.0122448350493964,0.00149163538516813,0.00849119419414927,0.0133535378753325,0.0078271428622187,0.00530917657850885,0,0.0130842061293654,0.0138095582286416,0.00159398666508867,0,0.00400780967305832,0.00498221383159072,0,0,0,0.00159503935209361,0.00660896825845088,0.00639203706533152,0.0120818753190351,0.0021859854147314,0.00555897902547576,0,0.00989779291772278,0,0.00714996262118001,0.00216331740585118,0.00266512514511447,0.0026634829330876,0.00307249129488347,0,0.00373336791745192,0.000660075601236301,0.0029646633859167,0,0.00134650444390994,0.00514276264013841,0.00147294161844922,0.00150782553238749,0.00536940716461917,0.00823129116968382,0.000980939602878975,0.00430778101135101,0.00512074067394615,0.013794612749957,0.0104594599284975,0.00055507366985818,0,0.00793406800952329,0.00128529241690428,0,0.00550659048849313,0.00412315954889666,0.0147970490286556,0.00534290381523048,0.0134801355890756,0
1017.55409421804,0.00224635553990175,0,0,0,0.00288022176410807,0.00193692969417571,0,0,0,0.000203460828632054,0,0,0,0.0103288784024436,0,0.000676845811883014,0,0,0,0,0,0,0,0,0,0,0,0,0.000278930465199437,0,0,0,0,0,0,0,0.000472219406541875,0,0,0.00163035675353475,0.00449884563659891,0,0,0,0,0,0,0.00613238155214842,0,0,0,0.00579624400072088,0,0.00123035008411271,0.00288212753568477,0.000674639160122823,0,0,0,0.000552350361377764,0.00590394237617323,0.00351252034461182,0,0,0,0.000298026109536048,6.43494957111187e-05,0,0.00175131096556593,0,0,0,0,0,0,0.00455044615691511,0,0,0,0.000709508145668989,0,0,0,0,0,0,0,0,0,0,0,0.00255763415287585,0,0.000367947072558238,0,0.000511915142315702,0,0,0,0,0.0022081535084173,0,0,0,0,0,0,0,0,0.00566108534757096,0,0.00333569159706916,0,0,0.00351985475655879
1020.64158834748,0,0,0,0,0.0025462719952973,0,0.00129438813621858,0,0,0,0,0,0,0,0,0,0.00146357979774515,0,6.96625572756267e-05,0,0,0,0,0,0,0,0,0,0,0,0,0,0,0,0,0,0,0,0,0.00235672676780773,0,0,0,0,0,0,0,0,0,0,0,0,0.00248561502522434,0,0,0,4.49742888447101e-05,0,0,0,0,0.000334545977365623,0,0,0.000959738512933381,0,0,0,0,0,0,0,0,0,0,0,0,0,0,0.00587219140472091,0,0,0,0,0,0.00680605665481807,0,0.00333824770396608,0.00421688427725181,0,0.000368235436451986,0,0,0,0,0.00402258445789055,0,0,0.000225854512618825,0.000116292574833995,0,0,0,0,0,0,0,0,0,0,0,0,0,0,0.000895940518519282
1023.72687151192,0.000934470930785395,0.0101475202089586,0.0136243547742132,0.00273143173720672,0.00491315824099408,0.012846409442443,0,0.00389863188178392,0,0,0.0015929053698778,0.00880560564527076,0.0072826773405347,0,0.00510228434922689,0.0059774949240083,0,8.87409371772623e-05,0.00629483567516779,0.00931214880491052,0.00716891420841262,0,0.006674169671388,0.00189940406743002,0,0.0127725141071322,0,0.00723994745160966,0.00887619083020305,0.00527057716952494,0.00549430693837235,0.00250457022277711,0.0109543045682316,0.00621165380765104,0.00632812362602065,0.00822828311866335,0.00529441829200599,0.00099461946555769,0.00313113751783632,0.000870049933052741,0,0,0.00656313003336693,0.00170674336869653,0.00157770436320625,0.00373395941914087,0.00200662458458866,0.00475967447768318,0.0105652513724912,0.0068635131887539,0.0047784424255533,0.00664682178339981,0.00432855640986903,0.00770175279920541,0,0.0156797876875474,0.0025609446050815,0.000856326831037052,0.0137692605081088,0.0103124470194146,0,0.00048597399312579,0.00607517727684202,0.00288714228060729,0.00111731619165102,0.00243599166792427,0.0128039783766413,0,0.000385546853724001,0.0100315445431441,0.0049114385977729,0.0116743737947176,0,0.00121450408004685,0,0.00598085855240807,0.00250653915477027,0.0120124425260422,0,0,0,9.29658999200151e-05,0,0.00760325043556517,0.0114979642951239,0,0,0,0.00327263158621337,0.00470687089469723,0.0004969940494548,0.00555558677335553,0,0,0.00108857327496991,0.0159217350359677,0.000312501359132541,0,0.00256551182734249,0.00849074182026853,0,0,0.00486650275490855,0.00394129130821074,0.00128394381241312,0.0077038723126993,0.00343395470385983,0.00951615363137955,0.00149241053922955,0.00316045673513172,0,0.00405532663450608,0.0028805732808477,0.00618080896128527,0.00145727205636682
1026.80994591922,0.00772014882193165,0.0196800249454618,0.0229878451023008,0.0169117928255818,0.0229663161234883,0.0202365414861946,0.023531599725118,0.0164830164425135,0.016732096015809,0.029697469427692,0.0211181704617058,0.0170843291190881,0.00957431624937624,0.0331554529266182,0.011461889119178,0.0204713721052436,0.0150073370461877,0.0173052895636746,0.0125156588062866,0.0160384197772672,0.0160805628214513,0.018790818203229,0.0250479137623673,0.0229595690991655,0.0111635259147179,0.0135212788331078,0.0232983086147933,0.0250030077105157,0.0217092524657047,0.00978302598405583,0.0207745922375649,0.0190655544809461,0.0185955220506036,0.0194941733344273,0.0169739630594906,0.0251100847834644,0.0267465697678818,0.0154850886047047,0.0227595992221543,0.0131847360133161,0.0132694806905861,0.019322653722259,0.0194260487761521,0.0152968297837912,0.0191092487198602,0.0253855146618711,0.0252202793836939,0.0185915370599652,0.00851645303444702,0.0212807314059546,0.0217055002105925,0.0185290392806258,0.018988851652325,0.00898670736783991,0.0218800768016048,0.0177102019634261,0.0264446135094941,0.0268836449029328,0.0199404998232888,0.0265606793377494,0.0134859097790455,0.0234140877545804,0.0150928739282834,0.0194324251714807,0.0150055887817898,0.0224530842954377,0.0297868069630354,0.0210103652876585,0.0194770717627547,0.00850910351501436,0.021241113574747,0.0184652875031762,0.0321254620431433,0.0201883814726374,0.0225121083124973,0.0217044375099285,0.0208218240562425,0.0181833522696225,0.0219073333871447,0.0273142345056307,0.0189841704863429,0.0246071591671027,0.0231470168002971,0.0256629635824268,0.0310576744658174,0.0186495210382718,0.020763703983572,0.0157816817780568,0.0202014482820919,0.0229244845705815,0.0276098385190746,0.019341807421942,0.0204338958067363,0.00844262401907166,0.0194299664418046,0.0222215485808234,0.0220675654915336,0.018775300049872,0.0187028811501551,0.016310406125888,0.0198158423425769,0.0160012662229319,0.020758355241597,0.0175420660100421,0.0125477286260102,0.0225834231045808,0.0189873628402724,0.0157705481683944,0.0200169454463141,0.00889552331058323,0.022340045560058,0.0261388072210394,0.0254505544057948,0.0166042793499351,0.0216823853638403
1029.89081377425,0,0,0,0,0,0.000436703903215457,0.00174130277032252,0,0,0,0,0,0,0,0,0,0,0,0,0,0,0,0,0,0,0,0,0,0,0,0,0.000615359635806655,0,0,0,0,0,0,0,0,0.00175880228312236,0,0,0.00196551413247169,0,0,0,0,0,0,0,0,0,0,0.00135175688465685,0,0,0,0,0,0,0,0,0,0,0,0,0,0,0,0,0,0,0,0,0,0,0,0,0,0,0,0,0,0,0,0,0,0,0,0,0,0,0,0,0,0,0,0,0,0,0,0,0,0,0,0,0,0,0,0,0,0,0,0
1032.96947727891,0.0378306700099123,0.0343268036566888,0.0265200897435323,0.0366324083812332,0.0330898197029805,0.0372239154888256,0.0325908093389787,0.0297883595718033,0.0372297465281579,0.0327565915818833,0.0330376964191355,0.0377189954921018,0.0434095937009963,0.0378712072175819,0.0336817234734063,0.0367707031250046,0.0417227989940502,0.0220705044738323,0.0353982610720929,0.0393267810469461,0.0267669991014599,0.0311522929478764,0.0264096962528498,0.0271778636726852,0.0313084298536161,0.0379054975353553,0.0313057797780181,0.0280607299694017,0.0258735400987209,0.038829610009009,0.0304264360564616,0.0311717736867455,0.0247332372954249,0.0307252390616777,0.0343955560022415,0.0332617569001234,0.036026152647224,0.0334167351608746,0.0269857345003164,0.026758289543868,0.0401811628688763,0.0364496534562013,0.0346372069264405,0.0451570763479377,0.0373536089617996,0.0296937211854708,0.0419586475479,0.0292526182473326,0.0377131712914439,0.0336313934508698,0.0349528199577066,0.0238283997109299,0.0287863566585322,0.0343188800341291,0.0339646632106392,0.0263564433030289,0.0275150627013058,0.0376412831530657,0.0328198458069273,0.0335219396984368,0.0379152829393952,0.0342533871061162,0.0303444508772929,0.0372239554974226,0.0295846306359625,0.0324827416603473,0.0363496945364076,0.0312467992870623,0.0359174107238157,0.0343680547840419,0.0282306555302864,0.0292650582019361,0.0285123988071469,0.0398329233002954,0.0310188179436542,0.0364561815297721,0.0321376867927557,0.0266821419726488,0.040202425815592,0.0370538583636133,0.0380078722352412,0.0341037263651776,0.0408000572389336,0.0365745398121217,0.0413195150390991,0.0348882620625748,0.0292423140819804,0.0293178943810729,0.0318365286748412,0.0292082743224215,0.03122105108692,0.0370684829797756,0.0281976850957763,0.0290452975262528,0.0317968906024559,0.0264165489307339,0.0289994484578425,0.0318593469257073,0.0344037428532822,0.0374465769374982,0.0278240583088256,0.0244184851408396,0.0323843127539402,0.0180394876411376,0.0371989986739271,0.0315769440993282,0.0396251621199623,0.0354912427294694,0.0414661719196801,0.0365744913897527,0.028657976123913,0.0367369502332413,0.0349330439778277,0.0281993336014699,0.033417097349245
1036.04593863214,0.0103978280382229,0.0218162690949318,0.010928922628821,0.00658194308045004,0.00405937214315947,0.014087448491329,0.0212115673696375,0.0186587295141517,0.0139175601038073,0.0110462058746458,0.0126402685820313,0.0183904298702792,0.0153611963436597,0.0190792738172487,0.017086570119261,0.00881402986190313,0.0177087739206317,0.014562142576175,0.013547845325784,0.00774442161853605,0.00826404501809167,0.00915321981604366,0.0142217082497927,0.0158276406533785,0.00787140015903377,0.0224451011093488,0.0188266402287506,0.0144559129579754,0.0161030269820745,0.00813673166143227,0.0143495411908473,0.0217162570795025,0.0146344176448828,0.0111633331707046,0.00975341085931854,0.0145144489989578,0.0025656932491275,0.0153348304763645,0.0215892637687616,0.0164209150250029,0.0247791271955991,0.0207936793307304,0.00824118777453504,0.0151294892599251,0.00662136396056322,0.0134806078655186,0.0178970460673305,0.0101874269645875,0.00944422680567972,0.0222310196332518,0.022601665419671,0.0088580704271492,0.0222514892290874,0.013372600266549,0.0179037756292176,0.0116922650693897,0.00863923930793169,0.0168671691771405,0.0126333412810307,0.0186867231735314,0.0122505570806203,0.0171641793142928,0.0121838105363311,0.0163906617795188,0.0148926071362738,0.0191005494939233,0.018104616503887,0.0175856474805979,0.00819239554383091,0.0144836051474809,0.0149863309544837,0.00612461249270243,0.0148227589774185,0.0199951315689112,0.0157135454874295,0.0121281774832604,0.0185377980734686,0.0164225978924189,0.0114124597100423,0.0199368728723431,0.0111868189864493,0.00825886446820119,0.0104227162062261,0.0165487536640549,0.0192633209808614,0.0107442607698728,0.00637720979269785,0.0177883294299858,0.02004230764214,0.0123427436671642,0.0150290236162728,0.00604185034543873,0.0115640540599495,0.00912775494707707,0.0158800763954201,0.010883583071982,0.021379121902868,0.0147210046012647,0.0124366932199865,0.0182653049712497,0.0117863993167283,0.00489386030766885,0.0112392132444761,0.0220606361984486,0.0126978380562211,0.00930629840311057,0.0166402949296343,0.0139510303003692,0.0126578761749741,0.00706070370127594,0.0105028558857675,0.0120490109148936,0.0108777032583592,0.0174125724090244,0.0158904700058801
1039.12020002989,0,0.00159117271496923,0,0,0,0,0,0.00357504327516202,0,0,0,0,7.89549539633506e-05,0,0.00104732338981144,0,0,0,0,0,0,0,0,0,0,0,0.0052454008434235,0.00194776730014012,0,0,0,0,0,0,0,0,0.0038350819256283,0,0,0,0,0.00404591144569104,0,0,0,0,0,0,0,0,0,0,0.000104165453977225,0,0,0,0,0,0,0.00273823799745013,0,0,0,0,0,0,0,0,0,0.00794132547911728,0,0,0,0,0,0,0,0,0,0,0,0,0.00290775912984112,0,0.00219604421529743,0.00479338218341709,0,0,0,0,0,0,0,0.00707249213396017,0,0.00150178524795113,0.00156644831796976,0,0.000955531100317534,0.00348718874160901,0,0,0,0.0039179513473199,0,0,0,0,0,0,0,0.00936250862371066,0,0,0
1042.19226366514,0,0,0,0,0,0,0,0,0,0,0,0,0,0,0,0,0,0,0,0,0.00248654579284211,0,0,0,0.00272975097674645,0,0,0,0,0,0,0,0,0,0,0,0,0.00233975690098963,0,0,0,0,0,0,0,0,0,0,0,0,0,0,0,0,0,0,0,7.99963676126361e-05,0,0,0,0,0,0,0,0,0,0.00295319134030765,0,0,0,0,0,0,0,0.00127655195822512,0,0,0,0,0,0,0,0,0,0,0,0,0,0,0,0,0.000956009273901437,0,0,0,0,0,0,0,0,0,0,0,0,0,0,0,0,0,0,0,0,0,0
1045.26213172793,0,0,0,0,0,0,0,0,0,0,0,0,0,0,0,0,0,0,0,0,0,0,0,0,0,0,0,0,0,0,0,0,0,0,0,0,0,0,0,0,0,0,0,0,0,0,0,0,0,0,0,0,0,0,0,0,0,0,0,0,0,0,0,0,0,0,0,0,0,0,0,0,0,0,0,0,0,0,0,0,0,0,0,0,0.00022523313693207,0,0,0,0,0,0,0,0,0,0,0,0,0,0,0,0,0,0,0,0,0,0,0,0,0,0,0,0,0,0
1048.32980640533,0.00766401360536983,0.0124979117657796,0.00546401379080731,0.0114535013563112,0.0247888157835647,0.0124961573466269,0.0162379353844853,0.0153001756605829,0.0133871935705493,0.0209333341627605,0.0164667123384548,0.011568621379765,0.0106117779939348,0.0203218275052862,0.0127841740074664,0.0132473547319762,0.0188794774840922,0.0168967244036099,0.022391579195811,0.0104960917416115,0.0120412962252068,0.00643613498694766,0.00831204411857852,0.00993098215981566,0.00910957453291999,0.0242384188480263,0.00951891990940774,0.0150137080750734,0.0150069287317265,0.0152780566026959,0.0158368325842117,0.0103675189459807,0.0257789706006608,0.019887666905301,0.0202881010421324,0.0218575594765669,0.0193881909029541,0.00809594568039668,0.0133118528828983,0.0203202620915076,0.0186232595807176,0.0201669941811937,0.0131792470914773,0.0150376403651916,0.016488140837547,0.0180835262073116,0.012298594537798,0.0166551218935767,0.0153632366539527,0.00844147321636515,0.0186907390233062,0.0115712905275647,0.0144737169329032,0.0195394337162335,0.0095666967984945,0.0243071193963254,0.0157724852495014,0.0108038241904477,0.0141842584623345,0.0225651494355049,0.0143983731673293,0.00600276907769554,0.0121378781084178,0.016244142490477,0.0214681913889148,0.0102307475376613,0.014395635649724,0.0159168907278475,0.0198431732780797,0.0133178591759353,0.018311890475703,0.00938415662904895,0.0158244529495569,0.00878856048932065,0.0299181042997021,0.00709465672100316,0.0147102004547728,0.0207752362562306,0.0239302625858867,0.015986369765768,0.0156022656599883,0.0158290543648798,0.0189980802106735,0.019838355335492,0.0203145090607353,0.0178001640210005,0.0101405209038419,0.01376387641297,0.0177959623658675,0.012800002088281,0.0188227724466698,0.0174020732910159,0.0178625503907562,0.0124488660723247,0.0195686471743762,0.0192172021951211,0.0213376636880269,0.0174355892485316,0.0156270269334608,0.0202745792782621,0.0210692147459326,0.0096752701208836,0.0126578869844051,0.0139403643714244,0.021391881526643,0.025600808354477,0.0182323715704734,0.0194412092375148,0.0198709302591313,0.020973304980938,0.0120166107662991,0.017787754509099,0.00785447539863484,0.0182634768326566,0.0191076108932312
1051.39528988146,0,0,0,0.0056531971780622,0,0,0.00100268085939072,0,0,0.000299646780550392,0.00782151330146934,0.0106225251828548,0.00489382010463193,0,0.00512545029307475,0.00180917082700785,0,0,0.00272471955565588,0.00132838991795269,0.00174254955905117,0.00653918118389376,0.00146704930170247,0.00350695396008036,0,0.00820228482628721,0.00361401418184752,0.00139264111865245,0.000260746590626224,0.0056853574188365,0,0,0.00868001782614625,0.0068757571048757,0,0.00309422096317946,0,0.00986589410825275,0.000117902260613938,0.0033406071867872,0.00431515794806594,0.00558313111717758,0.00279768470586342,0,0.00363108643335773,0.00411336848317182,0.00635744243679043,0,0,0.00361371324119574,0.00144610509524346,0,0,0,0.00243939293285192,0.00789518108552852,0.00756276588986908,0,0,0,0,0.00834410032936102,0.00172328144386247,0.0140758986843639,0.000166944549273569,0,0,0.00334441989976151,0.00603210128336141,0,0.00393605595670086,0.0034040521950699,0.00267036005477495,0,0.00413204201734096,0.000545238232351028,0.00824494913221923,0,0.00331027860989944,0.0010787992827823,0.00307561691089357,0.00242034329145702,0.00384913897752128,0.00819501276465043,0.00434382953864201,0,0.00204085535565331,0.00665278518010473,0.00327724926556917,0.00359090339685431,0.000365960408617749,0,0.000673891294361176,0.00250035089398778,0,0.000870447696123434,0.000958840357098462,0.00640830274152343,0,0.000527169269692402,0,0.00213593241344404,0.00347657866130699,0.00233426956677757,0.00968364542230558,0.00440698948506966,0.0117429444920116,0,0.0116456397015147,0.0115794225599735,0.00712989105582579,0,0.00188178424281526,0.00420022152888692,0
1054.45858433751,0,0,0,0.00901744177223165,0.00131859266704951,0,0,0,0,0,0,0.00200816185246559,0,0,0,0,0,0,0,0,0,0.000846647926705141,0,0.00147324832595076,0.00284525870064638,0,0,0.00152154489154868,0,0,0,0.0029255648507781,0,0.00371079928181122,0,0,0.00453244240348435,0.00169925714963174,0.00526484813301791,0,0,0.000246733131677009,0,0,0,0,0.00261192057919256,0,0,0,0,0.000607460820468816,0,0,0,0.00355731155585538,0,0.00500205848643903,0.00231705188574149,0,0,0,0,0,0.000289304105101234,0.00152854278903533,0,0,0.00447672278646005,0,0,0.00129973028119814,0,0,0,0.00289061358423916,0.000126720204848598,0.00459869765870075,0.0110679792567592,0,0.000453582065956393,0,0,0,0,0,0,0,0.00013216950666963,0.000407140208278838,0,0.000664194975693553,0,0.00726213261772756,0,0,0,0.000948679459396074,0,0.00115729273381105,0,0.00386702659040898,0,0,0,0,0,0.00299794781280638,0,0,0,0,0,0,0
1057.51969195172,0.00420125526090856,0.002998866343019,0.00743312732494256,0.00536865289497119,0,0.00183851418515305,0.00232898243833995,0.00385966424214051,0.0110466416352548,0.000571967427188663,0.0104783136860155,0,0.00462293809008536,0,0,0,0.000630112507270653,0.00914274975222286,0,0.00869831815302116,0,0,0.0102790591019965,0.00657569058607759,0.00520161831690644,0.00795666268558625,0.00772363574307014,0.00384824571633381,0.0131886223944544,0.00706662289409261,0,0.00195139271070918,0,0.00273199100803735,0.00362975587024194,0.0022901659788524,0.00354307254806393,0.00456768413438299,0.00763000099562895,0,0.00121426904071328,0,0.00303204555580197,0.00457468710398869,0.00447466897879124,0,0.00875631808532441,0.00434688490472465,0.00857716271091373,0.00163691250615892,0.00380371837252768,0.00462764443240173,0,0,0,0,0.0102557289654851,0.00237250475968059,0.00406361240717301,0.00519021130966189,0.0092550172206271,0.00579511625096302,0.0013998534823363,0.000105724250839866,0.00810051980288953,0.00509399847151311,0.010458618192682,0,0.00124712078952587,0.00865848609483994,0.000834457168745791,0,0.0117091803046767,0.00520315473873776,0.0032249493391838,0,0,0.00252652758364034,0.0144566937062207,0.0107655545264992,0,0.00103977352648642,0.00457561201689531,0.00169744727180564,0.00789638577132703,0,0.00280458834259959,0.00240005827843371,0.0024018269973617,0,0.00167768547816854,0.000760186934571329,0,0,0.00987618076855882,0.00333506561168147,0.00562492222810782,0.00439917332727542,0.0109499362260952,0,0.0062951224582702,0.00341382010742187,0,0.00278688375361507,0.00547122803340591,0.0144432334710608,0.00866285807365445,0.00477430887656614,0.00632157151470235,0.00229222047111954,0,0,0.00418763605734239,0.00650635237493768,0
1060.57861489938,0.0126046086773,0.0180031734038009,0.0129642705699096,0.0114239741530215,0.011923611909728,0.0130756542215107,0.0156006068030756,0.0186634726222023,0.0122615389828881,0.0160114132345371,0.0105236694872256,0.0236116729633207,0.0106023858682412,0.0182640100437579,0.0140284951729796,0.0115710033097117,0.0123088198251799,0.0120447631664861,0.0207319091693572,0.0175768623169232,0.0157703089796827,0.0136785505482668,0.024328479522476,0.0111265317376013,0.0185404636117522,0.0237474832276361,0.0116968528012203,0.0149742244467136,0.0265364465214525,0.0180408835407589,0.0183244608696726,0.0219793203056942,0.0186109530105025,0.0187141850893239,0.0125866741944442,0.0152410126463237,0.017116863421166,0.0206788567352555,0.00832523993966758,0.0158909442561583,0.0190800276195936,0.012963879412246,0.0142010587164001,0.0251282351940932,0.0154647958856971,0.019247495782023,0.0198445562631352,0.0170472205639355,0.0168659618665312,0.0198620077045136,0.0196123952613085,0.0103228903111858,0.0177973101506959,0.0234346396106108,0.0201998916950491,0.00982410642685808,0.0132845754648308,0.0173556669369617,0.0173340375715165,0.0197380233285624,0.012658661869496,0.00923959177907513,0.0120457527569269,0.013780866797803,0.0137116158681499,0.0171438421322196,0.0257225150997756,0.0180680396561621,0.00915911066579817,0.0248944780822045,0.0227069125352226,0.0125975568150866,0.0223013472991914,0.01361072793079,0.0220455021234114,0.0237003432970854,0.0174363500910892,0.0185124588381901,0.0183885951713682,0.0181092241754436,0.0106132181140774,0.0130682103461986,0.0204513297697188,0.0197214769374228,0.010778247177981,0.0187434841117518,0.0226173485541158,0.0174534695254997,0.0111698337468206,0.0154042186088305,0.0236955526533367,0.0150593887170643,0.0171003393640519,0.0188807051445342,0.0237637861280681,0.025825302661137,0.012386709958211,0.00951828089084012,0.0187710611358651,0.0145282326803518,0.0230714708250803,0.0182315215814285,0.00858773919312481,0.0148458976079744,0.0167028805380959,0.0112652872441268,0.021979400255329,0.0187728395774156,0.0192441290460326,0.0141450476192402,0.0129336179545204,0.00972892118399848,0.0206925955326913,0.0120045479259368,0.0164343604676013
1063.63535535287,0.00169536841099296,0.0148292227931752,0.00981724083856207,0,0.00450756260441976,0.00433708377401349,0.00967659377161933,0.00524835228546189,0.0102002727446063,0.0128610884814696,0.00493819099098387,0.000170105605727332,0.00913034783051041,0.012457208225717,0.00244195708793047,0.00508300068056395,0.00750010309039122,0,0.00270461273205783,0.0111342480294591,0.0049129955456694,0.00271248240027845,0.00836151380033617,0.000848394137501274,0.00771022424898713,0.00602479165658853,0.00907680264769101,0.00849431557836756,0,0.0127694748053685,0.0095366315738783,0.00549741816680924,0,0.00788064745308069,0.00776136432667547,0.00926765768166166,0.0099603841325311,0.00643428218078727,0.00290380165961986,0.00828909913779517,0.00975572856705258,0.00217874292726909,0.0143121651089332,0.00799504953655216,0.00476613467018267,0.00526659248708571,0.00345148139381827,0.00891770129910223,0.00658812168393285,0.00623897355892467,0,0.00650964689090952,0.00343111327982345,0.0152364145832484,0,0.0123770861866714,0,0.000959640806775284,0.00645155378903839,0.0126441637483288,0.00288653157539914,0.0126816668901848,0.0066109667955591,0.00367508979309352,0,0.00655668063240594,0.00856381252252994,0.000516184191961688,0,0.00998807290934779,0.00330101820744612,0.00771558225691688,0.0135559620679735,0.0125931201359386,0.00340991031108882,0.00935472471632321,0.0120609669694773,0.00658408950119028,0,0.00541712935647794,0.0101852811103959,0.00885314761392314,0.00692601251183567,0.00750799709850021,0.00755578788265403,0.0138725313659427,0.00574850005515246,0.00478927984238122,0.00585055184398478,0.000157352877481512,0.0041044212821987,0.00367728431504769,0.0123162350860943,0.00366863692681375,0.00892594593513818,0.00634928437431594,0.00418713801874662,0.00293694048294183,0.000642478455824994,0.0151514267055361,0.000329604816546906,0.00631904012171068,0.0157319953067157,0.00373498561497352,0.00391840746094553,0.00699280126326844,0.00667369939827128,0.00887555142858946,0.00488494781424553,0.0108938193305386,0,0.00151955221182612,0,0.0115213121566065,0.00898307427494335
1066.68991548165,0.00733530479596587,0.0100007052165281,0,0,0.0116976261812255,0.000589573063486935,0.00539531324629967,0.00198880014543302,0.0103191142417011,0.00314825125313457,0.00549066239476281,0.0119886445072288,0.0103163844687923,0.0131540830775612,0.0003659854085343,0.0129228782761563,0.00708511838321991,0.00905492687208614,0.00228066934550477,0.0107075044639866,0.0088509379345718,0.0101760330664226,0.00900715480173225,0.0147300517222307,0.0106089959732947,0.00952336041284984,0.0108483900936829,0.00696321156949125,0.00418423483079554,0.0107445344409403,0.00283649309924487,0.0110181303377433,0.00319346842898482,0.00689467516543422,0.00624106076420077,0.0083008851136563,0.00952435442071173,0.0103996925425689,0.00804176546024194,0.0100728348918853,0.0187395052683188,0.00608299450031357,0.00115439868699174,0.00701021192160757,0.0081614695553154,0.012752069781527,0.0112378963908574,0.00681505505239998,0.0105042176056661,0.017870774407337,0.00136088394483167,0.0172330369730541,0.00968868438930924,0.000370099891304826,0,0.0149267737807066,0.0198956006460991,0.00547946584644779,0.00489773704345996,0.00887723412385717,0.00354138900731888,0.00278631757834519,0.00283733248937779,0.00658830812730302,0.00954371405169325,0.0112443914818508,0.00705330279623092,0,0.00380260788018662,0.01009342990138,0.00453104906494231,0.00892629283603679,0.00646557109242691,0,0.00735474707728861,0.00835336504889652,0.00558326711026751,0.00341015393335743,0.0044140010543433,0.00830432308515621,0.00425099724459796,0.00950840325158667,0.0108202028048457,0,0.00599527833819127,0.00403667660504004,0.0135129280634954,0.0165124476720111,0.00486299101327732,0.0057324238169042,0.0086881405850934,0.00322049747943902,0.00213271998145206,0.00526929772703763,0.00844760150523631,0.00533521884851552,0.00706637957017476,0.00470912483634831,0.0128757572539905,0.0146709832440489,0.00764011402640673,0.0134960590560028,0.001094268673324,0.00672461889731763,0.00447325634184774,0.0136415220669669,0.0117300232212963,0.00397711072078879,0.00221486880917343,0.00260655446130531,0.000925688213461383,0.00926167909063693,0.0120175770435123,0.0115796893315426,0.00259299494277401
1069.74229745223,0.0179385110041548,0.0156350350015815,0.0214103035136294,0.0101629898296429,0.0286244730467569,0.0107102940068654,0.0246918849941332,0.035408417546237,0.0218936188434723,0.0191275667930892,0.0311133867547204,0.0227832367456052,0.0162889422461898,0.0208969412630326,0.0128369590211679,0.0262722945141589,0.0138115175179447,0.0174422183185111,0.0238616616928765,0.023409076784999,0.0127867955069837,0.0150044917835578,0.0214418813757005,0.0242166040074628,0.0189982441372496,0.0258655975954973,0.015913291678883,0.0197329475685139,0.0252396633211524,0.0211707614952238,0.0159870466767644,0.0170370918093066,0.0199254508725224,0.0184924773286698,0.0240106078095933,0.026810533253478,0.0214110852096205,0.0215376103323321,0.0176247767819552,0.0262122478027156,0.0332698838360372,0.0246767894355506,0.010105837117192,0.0259423192460579,0.0218558217766893,0.0230602296993483,0.0184727907816897,0.0156722736614416,0.0313444427377877,0.0223626958798308,0.0214991867767501,0.0212441732393671,0.0259784521827589,0.0243851281624905,0.0222738330857105,0.0232247806808184,0.0206659003947463,0.0188048988227065,0.0220036296666853,0.0206441841376989,0.0288947367364504,0.0123360061675368,0.0229021106617443,0.0191237838873598,0.0272348273045189,0.0255486753527957,0.0262217926291829,0.0200716056182724,0.0234093865295962,0.0240985578624801,0.0263971606759305,0.0123513256782531,0.0264421701568984,0.02607193340084,0.0184579664498783,0.0168036716956535,0.0189058047032219,0.013369139833301,0.0285329007645863,0.0223190983876777,0.0313394228557064,0.0215306407027476,0.0196123199720481,0.0177891374362145,0.022738554433841,0.0206666882957778,0.0190855869486833,0.0154845934072973,0.0244592397092437,0.021169581986668,0.0290130635005568,0.0235237556223864,0.0200139238479535,0.0200046469663594,0.0261954900736396,0.0250213345749964,0.0188084149162138,0.0254189518210563,0.0234508343391014,0.0279590566060488,0.0238537455541597,0.0152165478879491,0.0196692192955249,0.0177711152599628,0.026905936336347,0.0279346196196931,0.0178851065345242,0.0201919174860334,0.025152147250021,0.0200463328736676,0.010969746977131,0.0208527992094427,0.013161455471901,0.0148977023801983,0.0206529506274375
1072.79250342824,0.00591927530256505,0.0069470544126614,0.000905433543907382,0.00704232229327776,0.0120039585997256,0.0102875966424268,0.00943880805052064,0.00900717090348882,0.00509427238380189,0.00886395149347161,0.00863632296745667,0.00444654358909119,0.0057651950218904,0.00803584510728635,0.00460144326417999,0.00765278481875447,0.00185294233691357,0.0126471460104648,0.00472738613105607,0.0120363523461197,0.0156246122241755,0.00350584736724856,0.00332471305295292,0.00514622637062354,0.00980979997361628,0.00869478214216797,0.00889300258959529,0,0.00551761537675543,0.0126445390125344,0.00353642059984145,0.00605077604757146,0.0114059344224268,0,0.00815529993982168,0.000239685623152376,0,0.00618340825762286,0.00552736113017841,0.000381443413515153,0.0128427056801233,0.0122531988982696,0.00689427209142617,0.00611144544400098,0.00952453540586264,0.00624806250470471,0.0202100813523642,0.0091810239716935,0.0128702140331573,0.0109298374157947,0.000445087566447966,0.00903705706209992,0.00826127471013348,0.00451527262132278,0.00114328146610413,0.00908919985234823,0.00962235501623128,0.0172657682923814,0.0166036965732871,0.0157636065224273,0.00374769227860952,0.00465914963463241,0.0108082485439911,0.000518867521793552,0.0152566154557735,0.0104262832763309,0.0107323148961051,0.00527483805943541,0.00791053197550198,0.00918603537226218,0.00642759290302906,0.0152204648495628,0.0116135983398701,0.00398547729547345,0.00642611142291908,0.00912490240126654,0,0.0151167985441783,0.010624710535244,0.0124031874796404,0.00778793464938789,0.00594091734292713,0.00553693140771168,0.000530396059608168,0.00453238348562416,0.0174439159299463,0,0.0139006117769534,0.00775765777025024,0.00920496135559077,0.00829170353400179,0.00339428741446415,0.00119100584784162,0.00741470499164124,0.00638048264928956,0.0128129906990074,0.0189137994484171,0,0.00642043502804482,0.0109506030637758,0.0100112039168135,0.00820783035016955,0.00176098692041226,0.0132029336244376,0.0151836474538064,0.0165562531100848,0.000371848956868143,0.00751038857901801,0.0107870997928932,0,0.00440787230173018,0.0109874976560103,0.0077228583838676,0.00951685917555806,0.00628610002291421
1075.84053557036,0.0165185662148316,0.0213902731012245,0.0161862668274528,0.0103909766260419,0.0191879210327329,0.0176304875606625,0.0155703991805615,0.0108204807688464,0.0210297577960093,0.0226527350988402,0.0142998975407862,0.014215767240617,0.0186508689820899,0.0287867964932355,0.0159494056685916,0.014935890614527,0.0223130619164118,0.0100470741367069,0.0197022817789131,0.0219987394965983,0.0162684318524383,0.018336602451403,0.0173635528089135,0.0157274472436025,0.0187447795662105,0.00939459127879172,0.0227419382779376,0.0133604738259966,0.0177530113271248,0.0219842217495488,0.0172060219457802,0.0135667956044635,0.0211504265851396,0.0159635271336444,0.0264724442957572,0.0176327198634845,0.0166082062946079,0.0200772833572241,0.0178864111244748,0.0181740656075992,0.0234856945555151,0.0166959822172849,0.0158421813590827,0.0169648051174117,0.023215237224056,0.0176823250772684,0.00930535932664422,0.0180346899569964,0.0211485493303241,0.00333871228962596,0.0173280969720709,0.0158405224408298,0.0173003791094842,0.0240825483315655,0.0236459029042009,0.00530342838006631,0.0210739533708524,0.0157249839061707,0.0144952555707702,0.0158749779221583,0.0131796038045688,0.0186501684838313,0.0231075317302259,0.0204101858279401,0.0120669647839168,0.019632800660916,0.0248655293360358,0.00980253283632561,0.0185985128183187,0.0109539513160508,0.0221546059545685,0.0208583044114926,0.0221950321895728,0.0168177043494589,0.00761166476012679,0.0164591694026622,0.0147418096472984,0.00974786367785642,0.0205494836493355,0.00860681930049004,0.0123057402950129,0.0168770052907968,0.00833708072462745,0.0196641411369321,0.0279286617380338,0.0202849874321749,0.0165393039260874,0.0128692685965288,0.014348839249374,0.0290227369598129,0.0229907433851791,0.0144061048546522,0.020148460770376,0.0210961608570179,0.0108680726207505,0.0179480187144352,0.0173554593359195,0.0217118659416293,0.0125754092049349,0.0231337859777896,0.0217690001640322,0.00937964649805496,0.0165212368968976,0.0161882656731638,0.0178684354112793,0.0122763944483148,0.0164302671318207,0.0137197589880846,0.0164624707661701,0.0118525400377685,0.0210904897871573,0.0176242813552004,0.0159930099887497,0.0198981684294747,0.0238114527875427
1078.88639603641,0.0276678476347066,0.0204099151998815,0.020620756112784,0.0245231692087323,0.0301575258116315,0.0327391221522173,0.0195067268247021,0.0295619324573975,0.0298705630986749,0.0255061187069336,0.0194502024502992,0.0219393927304241,0.0224895767420737,0.0240546603247429,0.0306531587886021,0.0337917090469831,0.0273855096548444,0.0239209953806751,0.0308241823413987,0.0204704207672405,0.0229392420483363,0.0221067741345999,0.0126420023295215,0.0317984488605663,0.0155948205876,0.0279651801291928,0.0371384568717061,0.0184234429502503,0.0151092215186801,0.0248249670039922,0.028261963427857,0.0275827829173794,0.0196116181340638,0.0335753307029753,0.0221889575469695,0.0277893588733706,0.022887747952182,0.0290027295635293,0.022461945704698,0.0243686574909072,0.0230301350240272,0.0282109179584687,0.0142857352683801,0.0197413987351913,0.0369043375500726,0.0149907727044761,0.0231303166351633,0.0131844692448257,0.0190511168583672,0.0259446175686981,0.0325836897487664,0.0310302046093163,0.0274527874031526,0.0325385127658816,0.0260075032715231,0.0153184992379627,0.0336481443307095,0.0229902583379394,0.0365357461254323,0.0215333049825318,0.0220611495028294,0.0215269039569715,0.0171091693654454,0.0312412915199367,0.037444292522097,0.0192175985804719,0.0227868021230142,0.0226113642106289,0.0259417303903491,0.0338510411672385,0.0278399888969805,0.0203998170273719,0.0128872497834666,0.0229969713165857,0.0154052647684992,0.0249039661216706,0.0132074120482058,0.0268162742309902,0.028289444432436,0.0265116682971219,0.023977297075004,0.028352995078537,0.0285573453700166,0.0236787322288953,0.0191494092435758,0.0269843989546862,0.0242968016424345,0.0173794755685563,0.0171463668955474,0.0247270309247995,0.0241942529359302,0.0286947277855785,0.032087889230638,0.021639946244684,0.0275062946559934,0.0309147479549605,0.0218901498582498,0.0307183016894419,0.0159684872261556,0.0259517125246444,0.0157153309141024,0.0269142084099595,0.0187566126427607,0.0252163052514836,0.0184173894484238,0.0178260087414431,0.022580230748162,0.0243729257993803,0.0310439286617245,0.0276094000129446,0.0300230915580714,0.0226093111767668,0.0154873611442665,0.0188630469159815,0.0227308915938319
1081.93008698127,0.0106779676116039,0.00676005585221353,0.015293522617643,0.012230254109697,0.00649811030113811,0.00401596403906047,0.00808696654852541,0.0178280771152039,0.00979236078430396,0.0141441317878098,0.0138537969605353,0.0168856163214713,0.0124927953245802,0.0214896715477363,0.0156975802746337,0.00304205810185861,0.0143229306303759,0.0152768352843908,0.00783341209451843,0.012922542519073,0.00384997851415429,0,0.014350506891749,0.0116250601946514,0.0195836703757274,0.0130231760686831,0.018029959468367,0.0080818719223896,0.00805579662986181,0.0119623690249312,0.0100600956566123,0.00909068734401901,0.00571521036269189,0.0128808788714589,0.0179040423879282,0.00455300502445752,0.00731750557091996,0.00978086532946873,0,0.00681660987572624,0.00426308448747716,0.00762065584290755,0.01438625081551,0.00636613628754576,0.0164358154484645,0.00721300508186561,0.018268166160286,0.0149099716936902,0.00439404256421932,0.0117617020990099,0.0153190337076277,0.0104306043740143,0.00917329952109315,0.0098860643550246,0.01717901898691,0.0115276512410429,0.00684941606250829,0.0148409446631697,0.0201534606875008,0.000557179007566144,0.00898545314842824,0.0116226096496707,0.00944614787977727,0.013197080312727,0.00733112249201377,0.0188002316627105,0.020147196925526,0.0166449568529551,0.00932382668819938,0.0155973404964459,0.0128859769914072,0.00830441799915033,0.00965468157126713,0.0142090683610955,0.00997851912709312,0.0166640355637077,0.00122036901389849,0.0143294014253928,0.0131050803815219,0.0177038746739402,0.011979625037592,0.0122174626264164,0.012299972481191,0.0176135161552259,0.015915931429207,0.00831733775258958,0.0145344414507324,0.0113564956504064,0.0129000001977495,0.00892200009557263,0.0045930871235714,0.00801472078680759,0.00300570950928535,0.00852075516892453,0.0187341957044519,0.011987467904118,0.000937562073549903,0.0101995738143219,0.0177039653408105,0.0127947527289799,0.01355633105658,0.0177194723456899,0.00520026297692008,0.0130899351378137,0.00989324849382767,0.0129971875256398,0.0111165186133984,0.0127981765703251,0.0116638510753208,0.0170765879678174,0.00740634790700663,0.00943910815527806,0.0188194340193365,0.0156524134553851,0.00995486321120423
1084.97161055694,0.0334103142420478,0.0173434218724704,0.0273164695231357,0.0193493070536224,0.0244983924498819,0.0207861934986563,0.0312133229927655,0.020765363385075,0.0251775127408332,0.0219148203861037,0.0271882577217937,0.0169411662281552,0.0312266294036698,0.0265135638878828,0.0264813306566018,0.0307136915039713,0.0254369997098351,0.0214594105379064,0.0222533477006455,0.0327283274074802,0.0231232888844108,0.0259567828074878,0.0332084953455309,0.0298898900098553,0.028514495871607,0.0327077589838236,0.0258327614055515,0.0362467788483278,0.0252459810855968,0.0288778938513502,0.021113517298697,0.0206038033444227,0.0262000725203262,0.0304898984942694,0.0218857943485807,0.0308462534314364,0.0371235227044339,0.0330527021597881,0.0254948650926493,0.0328884436686535,0.0248894590564747,0.0229418407613323,0.0255411459967246,0.0231372127284505,0.0176524374373526,0.0192076515118699,0.026594787482355,0.027596098146871,0.0274101341255426,0.0316195829893102,0.0359919481991417,0.0272951721924064,0.025454985279834,0.0161171062316281,0.0240129655211468,0.0301651482253067,0.0267312268254523,0.0336635898576193,0.0262737854742451,0.0267423983059449,0.0228045952695798,0.0256091834025285,0.0267311540291236,0.0285542425860014,0.0365514243352822,0.0308294890850384,0.0281260913208873,0.0404947775794975,0.0317088872263209,0.0362674404076103,0.0302823003753112,0.0244655646367214,0.0307277194456995,0.0237115925479363,0.0309886733372244,0.0223253888884664,0.0299367206931909,0.0292058084467194,0.0317577199277012,0.0344929894359008,0.0208963284424958,0.0236909410864938,0.0287068690735386,0.0277844603628677,0.040417298447657,0.0260423732014716,0.0365231566521902,0.0252873429720502,0.0270712628122892,0.0369558242305843,0.031095614552668,0.0217546452418542,0.0300555816807368,0.0243006995213761,0.0254272488423716,0.0255110342972381,0.0270774984319016,0.03201538637552,0.0376566218307329,0.0282790702457529,0.028093119576803,0.0330698439580473,0.0281243576038572,0.0206052097004451,0.0285841750957375,0.0278290837425477,0.0244188061014057,0.0190034600213286,0.0267994772966993,0.0222037151901661,0.0224249306325567,0.0259743626903379,0.0320218650893442,0.0303786841654112,0.016845613429472
1088.01096891253,0.018072889825712,0.0229685770317297,0.00734636582321124,0.0124464879342412,0.0235605114820049,0.0192463748557409,0.0252745463135745,0.0186224455020315,0.0269210984895317,0.0253108048632495,0.0174960011075378,0.0200620083357455,0.0228234085015211,0.0196087748496595,0.0215955763485367,0.014842876872801,0.0217133452107153,0.018853860977654,0.0300698533111282,0.0169714795013814,0.0325304469358519,0.0112915149560982,0.019907449015349,0.0234424755541828,0.0231638442258296,0.0278163205089623,0.0127633226924285,0.0237023422913047,0.0198431408021934,0.0257588155401838,0.0191049704528327,0.0241142932582392,0.0257320170021126,0.0223788275307425,0.0159448785166745,0.010946699044148,0.0148284075755454,0.0132767263938846,0.0178380423285647,0.0147819356068452,0.0161075761848292,0.0268351465537158,0.0245338073214773,0.024833434092319,0.0270003174241972,0.0187718418379454,0.0222799979820032,0.0139726373370607,0.023670703885139,0.0262193190101358,0.0170991457715928,0.0290606298682183,0.0155349175185459,0.0267907097021282,0.0095874990435891,0.0223438828912938,0.0213014360615606,0.0266129637501642,0.0175733070286003,0.0262934675908344,0.0190579813011244,0.0229256053074526,0.0273822508205838,0.0195656115259515,0.021818851496313,0.0179596574956596,0.0126270270751185,0.0245870414531315,0.0251183033475546,0.02023563239484,0.0214616842847837,0.0206789973164108,0.0208633705773797,0.0221272886233972,0.0217042007196779,0.0151950658527173,0.017947237241232,0.0210947395341941,0.0209369671541938,0.0229003154034986,0.0254085589293171,0.0335392584475944,0.0173472006046003,0.0200371488118568,0.0233132955594041,0.0156441695844484,0.0185467307893142,0.0209250153826158,0.0271564189918649,0.0129285951536666,0.0221751746900844,0.033854534737359,0.0268789843186716,0.0127561049368197,0.0282526841943639,0.0172122407052615,0.0288385439446015,0.0148364757646634,0.0134423615007235,0.0206282080444703,0.0320542340568353,0.030418745028064,0.0232780238106977,0.0245942380772663,0.0205919512608309,0.0213595632396301,0.0283634711022853,0.027430342942588,0.032469739819185,0.0183805835503154,0.028586994142039,0.0183033605839829,0.0205451314503193,0.0200996006904183,0.0184199413252014
1091.04816419427,0.0214927385535148,0.0263895959702796,0.0220782686425723,0.0190241029458219,0.0280320326686458,0.0193699582012053,0.0264634899424572,0.0215573961624974,0.0237530610345691,0.0210521152621337,0.0221298011657532,0.0252261991374165,0.0261247188214743,0.0257147485012279,0.0284599340323372,0.020466191627179,0.0245826305309405,0.0222883666631949,0.0230303990362176,0.0203621057602428,0.0183702139871662,0.0282226263668386,0.0253640814407953,0.0208380240465885,0.0260509401380963,0.0190141302896577,0.0266054848366745,0.0238094754758856,0.0271127752298191,0.0285946077447918,0.0285891439728529,0.0361257797413604,0.0306353035024508,0.0170028045615191,0.0237828920543734,0.0210986222367391,0.0255851148470231,0.0249571244089528,0.0174066466529684,0.0215242601626022,0.0234155782780408,0.0280068345686904,0.025183894200487,0.0276054321361026,0.0352628611130917,0.0155101412247448,0.0234601406766874,0.0266567225341404,0.0210222699109864,0.0219162139463346,0.0258465557974304,0.0229965413533027,0.0301420605936975,0.025242650961682,0.024810374421864,0.0265986990690789,0.0164324371875266,0.0113043450250265,0.0352178764677752,0.0141916084484282,0.0279351592052643,0.0196853713568546,0.0208248616292275,0.0224649658728121,0.0356538669670277,0.029985403112039,0.0295462562172276,0.0257958327022205,0.0274420309050353,0.0253336116381074,0.0249114502920476,0.0174455952697635,0.0214941502211963,0.0260850327503152,0.0245363166641229,0.0330884643074348,0.0296094881119503,0.0310432808478368,0.0308547872176965,0.024105748872225,0.0288189439242824,0.0233557622344637,0.02395267577271,0.0274064821331236,0.0256236005510028,0.0217874506208023,0.0224675247064504,0.0215505434181539,0.0218233189815713,0.0316445227695139,0.0222499848749849,0.0169962584250533,0.0226221215112267,0.0232800179638099,0.0299724999480869,0.0206623889595902,0.0217340551142405,0.0193815323693547,0.0217994771305741,0.0212387722070535,0.0343448470352411,0.0201302706890971,0.0271429299189256,0.0190133331801557,0.0190028591612441,0.0219892905090487,0.0273537301971297,0.0364119868837207,0.0297882349078505,0.0257430861999307,0.0198044467116333,0.026034978886715,0.0266167657827562,0.0201476746623345,0.0263723432153461
1094.08319854548,0.0254633389547805,0.0149385801244444,0.0292180041597519,0.0250615979231907,0.0238457089030104,0.0228215383057194,0.0205225791438847,0.0222340999206387,0.0173103896163433,0.0255395084580418,0.0155058248720348,0.020168799395126,0.0326175173640294,0.0307355088324561,0.0224529954563216,0.0271910101225895,0.026352001512432,0.0196809788218486,0.0269935373239593,0.0210163757035792,0.0266794145275853,0.0230348535469777,0.0297478834401433,0.0143887826464112,0.022346296844034,0.021381291342616,0.0267158008551977,0.0217153331791207,0.0184019405040923,0.0298051973123815,0.0187423918685616,0.0141294716020293,0.019421017768127,0.0225701509886375,0.023903320826214,0.0201192123279349,0.0240163184602521,0.0145615212910498,0.0258684227833958,0.0194303783051014,0.0207355002131162,0.0199274718418007,0.0191998577635058,0.0212247183407818,0.0240067272192561,0.0241118049798827,0.0196933163884737,0.0228972065155596,0.0282011013220174,0.0258482726163194,0.025379547034996,0.0186092154804574,0.0224499689570349,0.0220271873713463,0.0322003255242841,0.0210742758658388,0.0312473463892407,0.0196652985884748,0.0259666745363628,0.0220636832875531,0.0197957784913659,0.0214449600495629,0.0275729708524838,0.0253633103509563,0.0209194040799707,0.0250342391546561,0.0190751172341728,0.0203778154978888,0.0319937863978743,0.0304307755613212,0.0283604804964453,0.0230766166182943,0.0254386026047741,0.0206191269568225,0.0124963149964486,0.0304049983835052,0.0214686094046325,0.025119447273974,0.0243982484614101,0.0191890209813595,0.0195689574909793,0.0261645611191088,0.0289242068121237,0.0190975086217292,0.0207216644736525,0.0152474026158733,0.0263875609871238,0.0327071475134948,0.0224484719846936,0.0256997129043087,0.0167015977178101,0.0236310571585762,0.0243017881633081,0.0222433839207621,0.0217489398012783,0.0302664403428077,0.0246016539816345,0.0189122700089016,0.0207705766747599,0.0284584692178385,0.0327388582750264,0.0311145263450378,0.0255622196532504,0.0245124266860942,0.0222161091349773,0.0226182840164537,0.0268935693240546,0.0253889760760397,0.0215387352870699,0.0224776544188754,0.0248582035392434,0.0238637984747441,0.0222681360166704,0.0218258588225604,0.0146564914401145
1097.11607410663,0.0211573647393409,0.0200104140282192,0.0265967836930292,0.0165384163914853,0.0229048720603751,0.0168405489786363,0.0244515708968508,0.0200883849995362,0.0185054765089869,0.0125321683961354,0.0150213367057672,0.0130666797580018,0.0220831202974049,0.0287074577735653,0.0158856936952788,0.0217897347622152,0.0248236071092355,0.0209172012386245,0.0133501290226018,0.02440543642324,0.0169020904079856,0.0162665955510125,0.0153722000878082,0.0139793424225566,0.0263304530206623,0.0265402082798688,0.0152913728087631,0.0234712870459563,0.0267720542745168,0.026683509812733,0.0344944542166473,0.0191383551931179,0.0280835031939239,0.0204758377544368,0.0207158850860349,0.0208087288311131,0.0134834666563433,0.0284481355589894,0.0198772130664228,0.00960487212058411,0.0186097122986475,0.0243624909365485,0.0220596988283557,0.0218419272717971,0.0160028425397822,0.0242382324816149,0.0170250735700952,0.0262622647436741,0.027735120414088,0.0264852659631162,0.025453947061687,0.0181355484832863,0.0158720949935323,0.0221437847275759,0.016653047799284,0.0212996805473823,0.0218760120427173,0.0214199775370045,0.0101282684425752,0.0216122610155083,0.0259271863935344,0.0243150967638924,0.0199053330360143,0.0180700998323074,0.0309070584502659,0.0161208019980761,0.0292844108616216,0.0260027112834107,0.0259580518173051,0.0244058255088098,0.022884366453205,0.0198418532097642,0.0177812306084868,0.0284556477213548,0.0158779636700027,0.0355062572761138,0.0127769727758129,0.0241205045279251,0.0370432429349334,0.0237318089237434,0.0213265130833714,0.0262658869652786,0.0366173316555815,0.0208662867733327,0.0185926527717259,0.0263519750013196,0.021547738054885,0.0211365781463421,0.010071426268659,0.0192063312767184,0.0178997562197564,0.0187916871922943,0.0227425255558125,0.0196300245377686,0.0229150809582464,0.0118938736758569,0.0285767991425499,0.014542942491563,0.0164286131085883,0.0158483281427001,0.0289061142358868,0.0295524655612029,0.0158135436632027,0.0159090118967039,0.0142224355650681,0.0221543640052041,0.0297350569610659,0.0210333345698489,0.0233096736469277,0.0208896159066546,0.0216093648804643,0.0260931250289181,0.0239516207140487,0.0186114053127099,0.0130399542058199
1100.14679301532,0.0317471004425525,0.00965973306623094,0.0218060516122991,0.0193390929544711,0.0214222958491038,0.000317517455821108,0.0212510194733939,0.0190707091658536,0.0213367432386446,0.0219383847773836,0.0191414511697233,0.0131188003151498,0.0189971047720803,0.0158356329480179,0.00763901958672245,0.0202460472957178,0.0227450998198505,0.0133658987591012,0.0250142647927755,0.0157577512128473,0.021921731277383,0.0142374645533882,0.0229704329418702,0.016315036797291,0.0154844811938261,0.0289058684241155,0.0181465307787182,0.00982360564810792,0.0125497507864061,0.0154395829530546,0.0220344481059689,0.00764343215847675,0.0211659514618045,0.0145504969236099,0.0153231266975086,0.018715109695331,0.0135942654000236,0.0130845903343987,0.0183325613929837,0.0163454024324836,0.025361170990016,0.0162819705304483,0.018838505942579,0.0116916790224922,0.0204680960538581,0.0237990940654216,0.0209513788847844,0.0120878364377885,0.0136184014956671,0.01778762176626,0.0206500851477622,0.0210165094738293,0.0198854019160233,0.021704241362128,0.0240414844982834,0.0192230586687848,0.017003029471365,0.0110638044904665,0.0189887385589206,0.0194957480965331,0.015042337468837,0.0155163853716013,0.0161182212853123,0.018136154551852,0.0145231237855497,0.017957266913912,0.00874988804117766,0.0145097930215209,0.0204790412271711,0.025053235989296,0.024659029013207,0.0232555224307603,0.0178572908538226,0.0207716261852875,0.018708418350978,0.0183626354729966,0.0134358685718746,0.0209318000263014,0.027310590311378,0.00879715143546089,0.0170289545460028,0.0204116289178917,0.015455644461455,0.0164755508246142,0.020346163941083,0.0176051349938598,0.019444723206917,0.0212060036828537,0.0144875578289573,0.00778052545492287,0.0162862992960044,0.0134056085004078,0.0114675846026742,0.0143891785228487,0.0213189518739238,0.0220562807528369,0.00374130607766801,0.0196429213728432,0.0137423941117286,0.0225163673192665,0.0211770792011758,0.0198080040788272,0.0223995667508334,0.015363980090721,0.0099641144895775,0.0124052216969808,0.0193668367505205,0.0177885750344859,0.0150591236903106,0.0187418177053071,0.0155928436277634,0.0228209314515893,0.0108278864536012,0.0202888101825618,0.0273700590956592
1103.17535740627,0.0252330869561416,0.016382989795996,0.0213527820983218,0.0275319420153683,0.0156107541472938,0.0242954679238464,0.0240820623306932,0.0135379428189272,0.0214394469799166,0.0182236662810623,0.0253079236903779,0.0126596295723416,0.0222954698549448,0.0262761758433139,0.0172984552791699,0.0203554746681546,0.0217651313840865,0.0250357236623887,0.0267746623144783,0.0136748568238275,0.0231046026271859,0.02221382941672,0.00912966578178316,0.0246908287496737,0.0321004541181153,0.0256858419518363,0.0171565776543127,0.0264316471831381,0.0121025737957078,0.0182727808251112,0.0142760613808106,0.0211535822354463,0.0196203583485292,0.0244938868776457,0.0126859627174464,0.0232994562921563,0.0176262788495591,0.0253148589534161,0.0156759737853924,0.0269511482602518,0.0248992743289414,0.0228926629072297,0.0261198406538767,0.0219983906974665,0.019511311199723,0.0177098551371447,0.024327823096949,0.0269620279876506,0.0300776830948733,0.0305031715422429,0.0142200046243933,0.0171869138409986,0.0227833931889962,0.0234861062714551,0.0208003336300425,0.0125440002494298,0.0233778370819069,0.0265795461656145,0.0240066893182446,0.0279210980746884,0.0283087462307517,0.0206080767790653,0.0273003450136744,0.0249954851946133,0.0217628155308655,0.0220560984216507,0.0189574110623008,0.0284166155316742,0.0255865614373298,0.0284806521720959,0.0247600600734063,0.0133711205317776,0.0229047797599441,0.028607502008104,0.0209878313705399,0.0184578558130812,0.0146444316658193,0.0237628714755631,0.0268557201544498,0.0211297708038771,0.0325458481596054,0.0215949681729881,0.0247814434770188,0.0160038511501304,0.0193256759152057,0.0182320045526479,0.0293853712398679,0.0223837495267171,0.0264875828495497,0.0149864569435806,0.0186084304398631,0.0276884945620758,0.0261000733842594,0.0243865139509547,0.0280080906668932,0.0227065085572093,0.0243371177388438,0.0197290382925513,0.0243056028123503,0.0203711716820308,0.0234660011648663,0.0378823714210227,0.0306189341615573,0.0168336450374422,0.0222488320098081,0.0321486353822458,0.0244090040476824,0.0306577766308859,0.0196129336229292,0.0316955458701008,0.0245200295660874,0.0311011308291254,0.0251244638886783,0.0301196731970212,0.0167167719158303
1106.20176941133,0.0225807400407585,0.0242075792543674,0.0279483042175525,0.0168505047889831,0.0179146320750554,0.0144294989816115,0.0269127385261119,0.018727116851423,0.0237242486707419,0.0117752144425397,0.0130537172532168,0.0173108114837903,0.0112274591030796,0.0161143847655695,0.0124084627816581,0.0155042944653453,0.0218838524201255,0.0169345967962249,0.0191816524758441,0.0296459961280457,0.0144222478038539,0.0191309724669062,0.0258385381417969,0.0248293356877499,0.0322388589286171,0.0224654497544549,0.0106739514866592,0.0221352458019046,0.0210225070642772,0.0286859199492595,0.0206233062488159,0.0136592827173736,0.0239841046439632,0.0180206963134903,0.0188677030570987,0.0334488667121613,0.0216581503703601,0.0187810267925863,0.0391449638422538,0.0320345825380266,0.0172241746240411,0.0251500993608465,0.0162648454267666,0.012924356565317,0.022891539622119,0.00879549812182399,0.0178116694351087,0.016075630973785,0.0236044100727649,0.0250993329833265,0.0175454789880246,0.0217449249942857,0.0228938424574673,0.018601864594222,0.0214747791720347,0.0156412831368272,0.0280644778871938,0.0266818995133295,0.0279266526784409,0.0185908766547441,0.0168746246220397,0.0234769801118621,0.0185228953072352,0.0216637426052747,0.0191131113553597,0.0233248404061485,0.0202209129821038,0.018027662009276,0.0273506894129111,0.0168939052810905,0.0259765383661109,0.0101354551889265,0.0273995363610636,0.0159345249029023,0.022716355081173,0.0179966594164998,0.0164028116447665,0.011816754357797,0.0143933376542458,0.0223324967111582,0.0282475980549481,0.0168230189638732,0.0308406324186908,0.0172116966935093,0.0188596789586842,0.0265784936793664,0.0163328260601886,0.0274415022105073,0.0211520012267899,0.0271242701346815,0.0254285603094029,0.0201167145701471,0.032636413338004,0.0212475372665973,0.0203355086158655,0.0222374963818656,0.0183387658869749,0.0170296486549027,0.0254833996630932,0.0154718575662417,0.0213023785735221,0.0265012673463595,0.0219587844858108,0.0142743206871312,0.0174569630937788,0.0174835845401672,0.0261486690053789,0.018521959898874,0.0258367679545778,0.0250727257658555,0.0262520233042394,0.0184767245485113,0.0257109421689009,0.0122282037728009,0.0119107845818667
1109.22603115951,0.0408934544335762,0.0380907177249436,0.0296636003091576,0.039602960578796,0.0386141019539463,0.0306396623524514,0.0363236955210327,0.0312524177488805,0.0358298704162582,0.0233672803164915,0.0243367255269406,0.0342271276581339,0.0405968960567346,0.028723098629127,0.0271036293562232,0.0332504693860317,0.0373884249590357,0.0362926948945618,0.035796291444622,0.0352221434086231,0.0347867695650526,0.0360597295193936,0.0409393768118558,0.0271642853999465,0.0351234468452745,0.0371173804565607,0.0382439303997672,0.034342098936769,0.0371056213319606,0.0374745946692751,0.0222685914525751,0.0236687841788374,0.0304967580312215,0.0323414461375366,0.0355220884930413,0.0330242194757052,0.0273706810842579,0.0293555620248634,0.0398236026045812,0.0293869881662846,0.0334078276437696,0.0404666584999372,0.0296266328993686,0.0269993329531541,0.0284402837037436,0.0411234836789476,0.0316300584109739,0.030401502967796,0.03897133211341,0.0422071247428353,0.0311686424758073,0.0419601128795933,0.029693714615532,0.0381585080023922,0.0428477055558892,0.0348416649197993,0.0203767532069598,0.0289861418326899,0.037884170445888,0.0242416589404492,0.036727741532631,0.0446816573342637,0.0402389688110224,0.030787101481618,0.0285500152927583,0.0364756700145454,0.033222108233254,0.0264126630148679,0.0369156395305421,0.0314425168879408,0.0333286836501538,0.0279545964698033,0.0374184622839252,0.0387362234495262,0.0271989005151078,0.0336623979232998,0.0313626189384353,0.033802631480493,0.0286740171324635,0.03299535388674,0.0344070778538161,0.0255854791263682,0.0309112441596036,0.0402560398053149,0.0383636310938177,0.0305136359874539,0.0383172807277222,0.0358251086631519,0.0326100458016721,0.0359741090892233,0.0344978298455678,0.029482372515421,0.0310767537054368,0.0291433948073326,0.0375195798555091,0.0329588205433814,0.0289617751681841,0.0260282271967585,0.0354943451974926,0.0331560691580259,0.0441842473828621,0.0303934592176459,0.035623296366133,0.0303505528298346,0.035078561267246,0.0437808319914118,0.0416478747897414,0.0280570499572251,0.0454219924386915,0.0307551054030328,0.0307515478716034,0.037209386504491,0.0367174068355822,0.0312999579050863,0.0368724978993798
1112.24814477697,0.00624124195387394,0.00515721106791288,0.00426718762208999,0.0143614984524254,0.00899548669914507,0.00912251159845033,0.0117353912799538,0.0093536771883801,0.00537771093823614,0.00981175592641445,0.00594240804508301,0.0112821065697232,0.0135663639059077,0.012597393641998,0.00878350074222182,0.00855771694086823,0.0155269587084041,0.00567489015017112,0.00619585429388448,0.00468976848420796,0.0124030372705245,0.0092790170333578,0.00726751023296864,0.00423903688354548,0.0127428306096164,0.0132316007752754,0.00320079890255461,0.011341923382966,0,0,0.00771844512617758,0.00167182580654105,0.0182066296042294,0.00835746925778871,0.00918320009913084,0.0120081868486814,0.0056328016420883,0.0106805471831818,0.00715061497318767,0.00962083937853037,0.0090873642764249,0.0100762252508087,0.00263562997021788,0.0114652251644973,0.00417017048733448,0.0113052821756285,0.00368041779395157,0.0074571217581161,0.00410564218026727,0.010448144105798,0.00631125436690859,0.0040201336354754,0.00416099501601637,0.00772196745703636,0.00436216396449294,0.0137811564736795,0.00143970499668511,0.0169782399518176,0.00942043473733093,0.0121371739476774,0.000593431582727238,0.0108787495236702,0.00651237857503737,0.0138674978082712,0.00996774723562971,0.0168068628369319,0.00709570600927895,0.00829349369173991,0.00970531792410468,0.00372971763885772,0.0122339715100689,0.00532650735714698,0.010424478707226,0.000566145003688818,0.00689596676531076,0.0115128813456604,0.0144187955141826,0.00653219106213782,0.0189403104377044,0.0124952325369676,0.00534014614271931,0.0132344066460875,0.00376092006125815,0.00227019677218898,0.00627842018977318,0,0.0159581631570329,0.0164935427284915,0.00723044574423232,0.00317609363333986,0.00814537368534098,0.00770544862340323,0.0117058942049579,0.024954154340149,0.00609533726555962,0.00339486127179972,0.00357218430759769,0.00661726503798077,0.0112768931281158,0.00622451920797104,0.0108534490641874,0.0217400766962437,0.0160735826634134,0.00160219076505464,0.0121433918763319,0.0100002032237679,0.0142172577209777,0.00758645276800596,0.00543785358642825,0.0174205661433727,0.0120053670117479,0.0097321741473741,0.0142713997326774,0.00906030785132707,0.00867855666978276
1115.268112387,0.0328297669632041,0.0140835678911871,0.0358056510116185,0.016622394410363,0.0291538787579059,0.0314358444214071,0.0315655029684718,0.0297797561705832,0.0229395155472419,0.0312443462404884,0.0228542460980596,0.0210443220508202,0.0333584728756231,0.0322542969468965,0.021240454150906,0.0312646526478309,0.0310316609688493,0.0233856898948124,0.03051302141771,0.0283204537239976,0.0229028807884622,0.0167290081853248,0.0250483299207281,0.0345801542707718,0.0266126877269025,0.0217398847807151,0.0362633230655617,0.0323508534533509,0.0318027341250335,0.0187753625880163,0.0307840377904612,0.0221842298550424,0.0343898265287251,0.0303394578380811,0.0363105837231912,0.0266101024069674,0.0315135849045767,0.0267744216880613,0.0267292895665093,0.0329278569750943,0.0330395177637213,0.0248490073757893,0.0320285315056859,0.0228488765942023,0.0362850033416656,0.0323341472903737,0.0339867515039388,0.0256200255194454,0.0249328999468651,0.0352431710836021,0.0324005128446003,0.0270316659265159,0.0366042788798642,0.0317224956906451,0.0313293495541926,0.0197518261300482,0.0353716386881326,0.030292383735578,0.0259647549076688,0.0233368150548563,0.0336206340580868,0.0276386116260131,0.0271200134046061,0.0314831807054621,0.0281952241497362,0.0231666364795696,0.0200964006182075,0.0277224987383128,0.0214994925747489,0.0238394081872122,0.0296267681791624,0.0264705532895557,0.0276251794750915,0.0316827851867511,0.0372663568532436,0.0338520422032424,0.0271786030322088,0.0241398945468301,0.0272174775210378,0.0237148697647774,0.0258105729156257,0.0284938256705371,0.0370419699519224,0.032593768425329,0.0207901627768138,0.0400386847487965,0.0313736126041366,0.0276491650579892,0.0262730725385485,0.0344944483795091,0.0217133861942703,0.0301845379546597,0.0355148128723503,0.027070943025641,0.0343273163699192,0.0297830783213351,0.0308170670889121,0.0250859645131603,0.0240486141212286,0.0310699941534957,0.0287269467941677,0.0392697070514462,0.0232048363237376,0.021708876932639,0.0228285876036986,0.0341132475256794,0.0258641261514904,0.037681592816743,0.032817668867107,0.0259000757704736,0.0353238345116058,0.0268152475273167,0.0236335787675619,0.0286763543755606,0.0251363371374921
1118.28593611007,0.02245347791817,0.026865790093046,0.0304724807074967,0.0307473175881662,0.0341629802911005,0.0276732609121882,0.0327511455388715,0.0315833121922139,0.0208595511624558,0.0275296482000748,0.0218577000604842,0.0175198480712144,0.0238867115786393,0.0269721863945728,0.0348168553899066,0.0313745891449783,0.0306011427718323,0.0240720704365616,0.0251207813572382,0.0262378132412262,0.0273745074685985,0.0247060629035637,0.0299663286052134,0.0347191462365322,0.0305965216176846,0.0207536356047858,0.0193455100760852,0.0368568323226092,0.025845629940099,0.0178185256716771,0.0282506194343364,0.0171918453628426,0.0306960959440577,0.03043336567789,0.0254057589617918,0.0222905129377925,0.0254625374900407,0.0257604513348495,0.020738744683619,0.0275200761193663,0.0303592005749671,0.0303719520984004,0.0254911929268974,0.0159290845623517,0.0255693984601647,0.033024581672269,0.0346161534702378,0.0256962561158961,0.0359323942854814,0.030389031202582,0.033017091478798,0.0287945914095235,0.035600355965767,0.0279493172204427,0.0202559242869225,0.0245717638029392,0.0304950123139995,0.0265423194171586,0.0254942945226292,0.0317625685095277,0.0326166413002447,0.0271742174574273,0.0310952481528355,0.0343792301528868,0.0370833089799407,0.0278286682107581,0.034215007773877,0.0156780676931776,0.0327369023121625,0.0333841308553603,0.0330754280289576,0.0271143289957755,0.0337775646715869,0.0251081720438471,0.0389960201201061,0.0306105987635526,0.0344381281927814,0.0214980851810725,0.0305828816156264,0.0332654388009758,0.0231639782428006,0.0237227592709384,0.0262252590143873,0.0310028362646461,0.0353022881238438,0.0230208966921208,0.039125160182671,0.0216217496726235,0.0268972238896282,0.0285492513446074,0.0257236723498538,0.0231604406091997,0.0274795457176992,0.0255102393667513,0.0310747360889993,0.034909972492703,0.0292522136068988,0.0340851591425166,0.0252272358283398,0.0399423960533362,0.0193294070843022,0.0284354003460227,0.033059194544903,0.0262031597379996,0.0292453415803344,0.033649367308872,0.0342090956397716,0.0327703730428325,0.0284646467099005,0.0265494955717542,0.0243273690663525,0.0400480964147686,0.0302544190342095,0.0314421650722573,0.0299005359461543
1121.30161806379,0.0308359904818068,0.0352422568365635,0.0321888708295576,0.0373231309605185,0.0353850685116833,0.0388911457773464,0.0322920764361513,0.0333873492165015,0.0318746910235504,0.0238154098099809,0.0438873069642811,0.0334157283260348,0.033570013403915,0.0314493649563181,0.0338445873940406,0.0386501150849182,0.0329185687245527,0.0357426861465317,0.0411859110047679,0.0263440768875295,0.0334908506224614,0.0205714094962978,0.0354207528020122,0.0277198626633781,0.0367778882271974,0.0225603738244757,0.0386778633647622,0.0237597861196315,0.0402768240066645,0.0347298108242217,0.0413908733946359,0.0317042922212836,0.0339869299349807,0.0381887567784737,0.0348957125569492,0.0402325368989278,0.0300562175206945,0.0286102968952754,0.0325365651582376,0.0381271664295637,0.0382217602730559,0.0288217371580664,0.0405129172062515,0.0273137638653524,0.031119096339248,0.0382352217054547,0.0308495276508749,0.0394753967951159,0.0354662521378142,0.0365167434830311,0.0352602462077014,0.0311172993494524,0.0435163055889989,0.0352861336157879,0.0365946849406482,0.0293914258860807,0.0306802988656212,0.0376556200523051,0.040392893295022,0.0340854566003168,0.0387489697669964,0.0367117188722505,0.0345166430513906,0.0321803617335269,0.0338851677042949,0.037017435240275,0.031005970856597,0.0334516786030978,0.0361740577791205,0.0473779965974985,0.0348513757700016,0.0277587157881437,0.0360633964308675,0.0434773260032239,0.0324644511454867,0.0384917429083021,0.0433483460057717,0.0336336347904621,0.0432269719151785,0.0316868786657547,0.0348286053504177,0.0335694476109158,0.0377305935488755,0.0344516807072994,0.0381657626819303,0.0346772505225406,0.0430451269487748,0.046636139068357,0.041065208178888,0.0352086903546222,0.0353572466650426,0.0276107244587972,0.0383359805256444,0.0334086068050023,0.0338988621930677,0.029966076071533,0.0404310232679379,0.0297156403234121,0.0424165626726348,0.0383500214255096,0.0338648509176125,0.0334204564794319,0.0336577991620255,0.0397641976958312,0.0361966317709628,0.027178280835251,0.035399629460806,0.036750401912739,0.0380303398113119,0.0311148287153021,0.0338102790818256,0.036778080635996,0.0385213336574028,0.0385573092162664,0.0272237954865332
1124.31516036295,0.0237709730558346,0.0210372171686996,0.0349903887965211,0.0228685332682367,0.0219992175862774,0.0340200688514562,0.0312851999301383,0.0227767912920756,0.0177922447703617,0.0261153388139553,0.0234482019557525,0.0247822144457376,0.0240991574902661,0.0294212191981603,0.0345516512330355,0.0277381918896527,0.0214990758476051,0.0237989423945132,0.0236906835807527,0.0297335956270971,0.0242623391130284,0.0169641222187116,0.0226530171562833,0.0295073917110832,0.0253840853867104,0.0282772870701183,0.0223103638461333,0.0255164182150784,0.0271576245770994,0.0224037038321588,0.00855735237660742,0.024212987709878,0.0136405573031848,0.0278868493861743,0.0179288814305632,0.0192183952841138,0.0273678698913886,0.0259421197600474,0.0215447879572955,0.029407430976056,0.0183424435093302,0.0321694206736178,0.0201574856785736,0.0182419027272463,0.025284010869938,0.0225427715362567,0.0287324240030007,0.0258505688108265,0.0257186560593464,0.0322128908262959,0.0282904830007487,0.0250529741335641,0.0296919988415201,0.0348468007066087,0.0260816233289357,0.0232832348439774,0.029178378988646,0.024548864170403,0.0251039866462907,0.0103308628132981,0.0185349737407345,0.0223576749440458,0.0246325037925206,0.0322466919217141,0.0224467272768026,0.0184798385788364,0.0289151622951927,0.026930416037003,0.0329255166704511,0.0213353432140421,0.0260302015687396,0.0267416440121155,0.0322731014750855,0.0191669067315822,0.0248321144761456,0.0219047981634851,0.0236559071226697,0.0205943350016254,0.0345861755495225,0.0278830723220298,0.0178723743026963,0.0282583318352991,0.020382320385353,0.0227836540454261,0.0199504463696828,0.0259319973859266,0.0305422348695389,0.0300782924028995,0.0292307660746636,0.0139208799979333,0.0219393052722338,0.0173099897080694,0.0313818189164895,0.0265951977610228,0.024571657086617,0.0183086580441625,0.0194761312204983,0.0192192235741604,0.0220656526503169,0.0169291647343874,0.023355819606166,0.02204223489447,0.024456300998912,0.0271364105114091,0.0298077766648346,0.0190694482841041,0.0184282052561202,0.0290622616432494,0.0275547043188094,0.0216977853205857,0.0239224158577765,0.0197559625940745,0.0391115432739153,0.0266482117839295,0.0282690548888684
1127.32656511951,0.02884445276251,0.0266612591902607,0.0253213101463678,0.0289065470187603,0.0215993200882417,0.0180535099045399,0.0231501798324828,0.0358688367604453,0.023898165253596,0.034976274535308,0.0331990749092377,0.0253484426465268,0.0321874385192901,0.0225143729972293,0.0307828080433312,0.0328106625768747,0.030961342949049,0.0288807844876911,0.0271029534268562,0.028747125963381,0.0254477443293673,0.0375823338846047,0.0254289989430196,0.0329431150290909,0.0299192586977837,0.0233830944225048,0.0421933352563334,0.0371758809278654,0.036080092325898,0.0349847917112087,0.0352825171658686,0.0282251353027343,0.0341243424594042,0.037832593543985,0.0246643046309393,0.0377184930680897,0.0297223979807165,0.0326568829460614,0.0305651369478873,0.0306284859416954,0.0378587003212522,0.03878275825764,0.02136142587089,0.0242447188140286,0.0384253308065588,0.0401840792744019,0.0326616472355303,0.0264770469953679,0.038358185421882,0.0421855878135097,0.0245735432706382,0.0424753523186868,0.029805006242553,0.0310753058143691,0.0295548709377054,0.0148745255703346,0.02430209300941,0.0351133391036556,0.0306732056464319,0.0354043198399043,0.0323536160254553,0.0291184859242403,0.0369263767407333,0.0334460805493862,0.0274909769725153,0.0265373247578597,0.0346502734147324,0.0314535775369119,0.0313494788619776,0.0319943503178646,0.0278078955763002,0.0279417827085487,0.0290360135979525,0.0408636166438051,0.0260134390548888,0.0336800534317601,0.0342177655754611,0.0338258391992743,0.0259460933338555,0.0335403188463193,0.038895432677312,0.0278204897043863,0.0280785111636139,0.0307133983796031,0.0283626733738576,0.0287673389320508,0.0372011025341175,0.0234988989257356,0.0390664282173879,0.0331860268854546,0.0304503323980918,0.0403385611522109,0.0292863733316374,0.028715706052268,0.0378925451808518,0.0351875872545117,0.0350890684499702,0.0287774549926829,0.0353920891740015,0.034066382558956,0.0395629033478643,0.0281200855949173,0.0299573712959621,0.0291158679311771,0.0303575310361951,0.0300772457905553,0.0212714442081019,0.0280430192576578,0.0293279116072024,0.0318580951807738,0.0323003232418961,0.0258400245117032,0.0325736074801203,0.0353959961914826,0.0319733495186217
1130.33583444261,0.035573950270088,0.0322862795922928,0.0362581308724973,0.0371025502882214,0.0385139564217424,0.0281641570236685,0.0429831293192483,0.0303389844997987,0.0349154692242074,0.0279842037296711,0.0296472939178166,0.0259157440388716,0.0365520221504639,0.0231986239887942,0.0331702495921747,0.0312702704831891,0.031082996205184,0.0334143973200642,0.0272150068066362,0.0359681117864302,0.0337588875442451,0.0313438804403196,0.0330295722179149,0.0341832292589307,0.0245690023058485,0.0285430686498948,0.0379107525272118,0.0290323272680418,0.0317790225925976,0.0394451137352857,0.0358868129515165,0.0292378346856542,0.0417157653948754,0.0373823050353558,0.0280934982218551,0.0339585244982847,0.0511253553868171,0.0283351100278982,0.0379190450458122,0.0439993469887692,0.0329625076993707,0.0334262004884814,0.0430193326643189,0.0302485778467521,0.0336762239236152,0.0273181907593727,0.0338440408531187,0.0369702329912672,0.0307964205285256,0.0428251527774043,0.0392850793918242,0.0352946212067438,0.0304764485793823,0.0445245382980395,0.0212810606606978,0.0283215327405484,0.0289877199158236,0.0319170417411403,0.0296568978134708,0.0382845819085183,0.0379398806296837,0.0342133656126611,0.0275985963828875,0.0335140864666878,0.032536176935605,0.0323318765150382,0.0353553590540193,0.0304560883391822,0.0286600811746201,0.0298647059229929,0.0452046792598319,0.0385622449520839,0.0313241713660152,0.0326297515988056,0.0437196833976929,0.0365585135141259,0.0376297475796978,0.0257138417924469,0.0304056124627246,0.0275124128029651,0.0279954517986736,0.0371284577467934,0.0325092987870991,0.0280058663808274,0.025681430601977,0.0338093797510074,0.0367441189176508,0.0418643942893694,0.0331928610307859,0.0464242450580441,0.0333400335980201,0.0311327102365165,0.0244934086227678,0.0423975666850452,0.0357481900294952,0.0386390664999166,0.0362979947439312,0.0310949913957386,0.0365739555492568,0.0324770509583949,0.0385177142037511,0.0325626732803682,0.0387266538443043,0.037140615896724,0.0282403935154961,0.0427245783339837,0.0428287322111135,0.0342484916302495,0.0333290713508243,0.0224430687707392,0.0240751393695215,0.0253238709944417,0.0331662795647787,0.0359913384106157,0.0330212258689683
1133.34297043855,0.0334769846769072,0.0313030110971024,0.0244221947737493,0.0291219195170663,0.0235073815189282,0.0338373960202871,0.023334159335949,0.0208599401468047,0.0235637051898981,0.0204465131228731,0.0240499688676209,0.029039491780672,0.0324043849204775,0.0260525329417784,0.033320412955715,0.0286287304587464,0.0185671833713484,0.0264162018693739,0.0399821824410738,0.0300598173073115,0.0228892509167416,0.0245800044656275,0.0256242236739353,0.0304822026440551,0.0203183819105393,0.0270018617820749,0.0215460029885725,0.0252907958937301,0.028581119215982,0.0265802610537664,0.0255210620350695,0.0307519746068214,0.0251332151516272,0.0270833483416543,0.0315237901898564,0.0268605452888471,0.0299531387371746,0.0278777644499967,0.0308217758082346,0.0319694488814423,0.0297321424323633,0.0215412213646671,0.0342755691043395,0.0303317856634928,0.0235065518211327,0.0370520243515371,0.0284326834876574,0.0337622468355358,0.0232357875083511,0.0341317360780184,0.0296086458652976,0.0275559197081017,0.035051236290146,0.0374220535357317,0.0286721389716558,0.0233643115800743,0.0387359007171946,0.0397314008961826,0.0423636327512915,0.033952875342254,0.0287071366548202,0.0265298123603426,0.0321327100695698,0.0182971095900467,0.0353848928428864,0.0262442626717209,0.0355022663329565,0.0327728864988852,0.0343299297591754,0.0232876521981591,0.0363868133909443,0.033669856498719,0.031403685514123,0.0354829952092056,0.0250748511803616,0.0344330770979946,0.0278413021356954,0.0378527315127695,0.0294083385282312,0.0309458667064782,0.0297560534124349,0.0296549339139124,0.026052905096295,0.0269792554500667,0.0296580078435936,0.0250672476486654,0.0269816205905017,0.0330700890868797,0.0338212097198458,0.0339076596651247,0.0356688515339045,0.0301236462497512,0.0234799792262136,0.035062624709162,0.034709826436143,0.0269846873276083,0.0330758408484437,0.032299545180443,0.0322362794302096,0.0308890359111436,0.03524763084339,0.0337337330681623,0.0338847847866201,0.0235098735898061,0.0255911062089616,0.0236955872605918,0.0275114665726492,0.0298975812887205,0.0373314361297179,0.0292497418192314,0.0319021213043211,0.0325108110223094,0.0266311113080014,0.0208243383445584,0.0186553755815844
1136.34797521083,0.0153813816668842,0.00553570613317818,0.00879188627218752,0.0189855169557891,0.0101250812696892,0.0101067509891025,0.00917012417167707,0.0147681347908441,0.0203973027671045,0.0112699809515706,0.0107787760660745,0.0147890657269383,0.0186805270288861,0.00830558310182516,0.00940979231245274,0.0094538195059974,0.00934956903428366,0.0117306545504428,0.00818603839192672,0.0153991925101263,0.00599232767993771,0.0162376141080592,0.0187560586741834,0.014701417558897,0.00453489358735661,0.00479671118960575,0.0101256161949188,0.00999821825848785,0.0220783651057069,0.0104679383248328,0.0198585273590562,0.0147639179113796,0.0160732280326987,0.0113135695383953,0.00629310657076366,0.0019550160853809,0.00710167136400533,0.00865784387970786,0.0126086699031281,0.00834435448498875,0.0131867076118519,0.0161871436754022,0.0194526256427843,0.0169576000715835,0.0133380771722684,0.014019109104272,0.013679818837443,0.0119203979087933,0.0129464036532678,0.0215961486642857,0.0107198978575711,0.0103124334543516,0.00729464741674132,0.0164337589458571,0.0131279796280521,0.0166822192819435,0.0192379571866763,0.0156196836500153,0.0139059502711938,0.0207447885958587,0.0139868084729736,0.0110686752718741,0.0128277617142189,0.0138382307968062,0.0091168528850439,0.00770880160288493,0.0132916740048543,0.0196302002142876,0.00991216168681866,0.0133754880229495,0.0147412991997859,0.00883218071577631,0.0138066246730061,0.0161660444174178,0.0207520709667162,0.0139573371456415,0.0125534711323798,0.0116823488428678,0.0153134923311726,0.0210250257843172,0.016656725977175,0.0189344797478814,0.013609293289394,0.0181152295632088,0.0147752982677768,0.00860665920364925,0.0117459331438029,0.0187341042832954,0.0198240899322522,0.0186524459512348,0.0143845234907279,0.0154568923665981,0.0127526902376831,0.0135419689205171,0.0204160022362686,0.0125340304832526,0.0132338040765744,0.00899512925344486,0.0229312858115368,0.0188370005178475,0.013612458374412,0.0190875802604001,0.00835341352444221,0.0103845404454536,0.0133378162784947,0.0221451809917206,0.0176993435905916,0.0133234504484357,0.00960186104998306,0.0024982274653825,0.00762897528878857,0.0116431136246749,0.0118714415344383,0.0100074215758533,0.0181118143163963
1139.35085086015,0.0243212583088013,0.0238326226750451,0.0387107513135803,0.0314993646023204,0.0297483223023371,0.0368655856295574,0.0366838810691971,0.0335082180918454,0.0248708024895408,0.0343493470170541,0.024116415074736,0.0281365985508788,0.0331578925184765,0.0263424239292707,0.0319457437273108,0.0371286599354049,0.0396973319337681,0.0354895628220327,0.0187549748433145,0.0291891641919399,0.036229668340228,0.0284349763856188,0.038687460150409,0.0357141132392945,0.0272000521367202,0.0289497736412246,0.0272669718589537,0.0282638484362497,0.0337607392258213,0.0327995087367921,0.036662219804402,0.0297840259434142,0.0215199045720728,0.0338500281656039,0.0345298870034103,0.0310340144516744,0.0369120436738489,0.0330381478742603,0.0227462622362367,0.0449123333612248,0.0205015516245175,0.0298791569040465,0.0355869380699572,0.0267339397877523,0.0286525332877506,0.0299702241746479,0.0379487869807333,0.0268023002462301,0.0337808749941873,0.0337699643833687,0.036275220120406,0.02438486423868,0.0285959345647704,0.0298865077270083,0.0277940477955948,0.0151771569183318,0.0318000055827446,0.0283911455072057,0.0304575524750051,0.0447134169046129,0.0272618403595571,0.0395039445075318,0.0306709854100634,0.0320267688729927,0.0262525312624555,0.031046937008303,0.0352401031511773,0.0329934189751061,0.0311865520544024,0.0362730857585558,0.0343734508431882,0.0205649013231307,0.0288044195507262,0.0295538538342011,0.024692768540831,0.0279615806880092,0.0275205331252864,0.0265602702567502,0.0317836805869551,0.0266871657340451,0.0409868755099717,0.0304119372803023,0.0267551718773972,0.0277297635496154,0.0409435434308439,0.0406720562547921,0.0255267613850705,0.0226917838595162,0.0312897880516001,0.0351827831734346,0.028523886483671,0.035759140375321,0.0381897532997141,0.0282795728265376,0.0315327280040212,0.0372511962469067,0.0260818943274774,0.0308132631893233,0.0423355873353847,0.0282683750957377,0.0320515520459238,0.0344439286534156,0.036184746601117,0.0284876149960113,0.0288359927690466,0.0353426868472767,0.0332063233970186,0.0373143343807911,0.0330924418704313,0.026087614769147,0.0326168748045075,0.0358870680145583,0.0404377420830355,0.0269144560756115,0.0276697718877893
1142.35159948438,0.0338143285364382,0.027810719844976,0.0350126188876876,0.0310725820501086,0.0358466316870653,0.0275630740027944,0.0318450536908864,0.039270320490005,0.0298914009050972,0.0284558278788007,0.0379673714697602,0.0450631096296533,0.0380593347851707,0.0357061933291988,0.041053255830883,0.0344915248908157,0.0414725677661625,0.0350858260257593,0.039228600450861,0.0254735139013217,0.0209800226554073,0.0227288510113294,0.0457572509002135,0.0342137639641853,0.0300939530765654,0.0302051333021872,0.0295804266674175,0.0393796241375065,0.02781201585935,0.0432207938268166,0.037794366085876,0.0423054000434074,0.0436223083234759,0.0427078010011947,0.0451299227553714,0.0322882836341162,0.0375928900667391,0.0281704263657908,0.0312180180755476,0.0373046469068219,0.0317020959820444,0.0364990720130862,0.0262950672125012,0.0413570739214422,0.0309566068663622,0.0295389012527829,0.0374882607868782,0.0383972675706217,0.0322306381930271,0.0316696590837788,0.0423208664389529,0.0362222331915098,0.0393070769285769,0.0405633396956755,0.0385456141521629,0.0332279041420526,0.0426758091139568,0.0362100023768862,0.0327399742170775,0.0342826483931829,0.0394407769287029,0.0301577687359075,0.0324374422781104,0.0371954090066409,0.0236114965898467,0.0323181581209602,0.0337134281615942,0.0364191973920225,0.0285028656397047,0.0358172634065019,0.0395049048982932,0.0284207810079897,0.029440537035848,0.0296404312999063,0.0319399585732089,0.0258402530217768,0.0336881271088557,0.0381559486391357,0.0433433096232165,0.0306814637558526,0.0405499564060519,0.0391841367012156,0.0371806757326279,0.0328666553665713,0.0432602991833932,0.04020564282198,0.0414990483450917,0.0355200663817351,0.0319224359405938,0.0336307754218649,0.0342312778444989,0.0353012434571338,0.0409594541865045,0.0293572217187476,0.0327085146783627,0.0339940151342442,0.0344993582760593,0.0403778551910085,0.0341378731528305,0.0327441836604982,0.0438137090807741,0.032346948525539,0.0362483746610498,0.0345050700398142,0.0368650618459561,0.0398032021197336,0.041559922476707,0.0379690216004232,0.0365425991740811,0.0323395819750396,0.0437696693850269,0.0436292436487177,0.0344562745409777,0.039474675485422,0.0324456965709991
1145.35022317861,0.0333781108699351,0.0213256416143326,0.0389075115521067,0.0268727078285673,0.0278791038121114,0.0415644662173563,0.0352334981972982,0.0371335565144041,0.0316399662852861,0.0313109742456292,0.0318646035104918,0.0246851168156203,0.0328529265293906,0.0326019255086878,0.037292059061668,0.0291003802565131,0.0405019476697394,0.0313886776847931,0.029444012800703,0.0266834789568102,0.0303946718931287,0.0291368331857796,0.0281743735263935,0.0250271857111011,0.0274971347257664,0.0258769607804353,0.0324447936115762,0.029042804767568,0.0405997480306072,0.029278715312505,0.0305692320715034,0.0288232420523998,0.0227484170041711,0.0318677123326979,0.0298254069742095,0.0251964028636775,0.0220293277783372,0.0310309168657605,0.0235716071918533,0.0319076187290121,0.0306977344950839,0.0289733205413736,0.0324829127760934,0.0344480228345106,0.032177996375287,0.0251545362543225,0.0298850053104956,0.027522166466685,0.0306821470264513,0.0400033477023524,0.0266890541173719,0.0301674934026913,0.029393948940641,0.0318000243990693,0.0235652780658587,0.023672781118657,0.0198064481913187,0.0308193096233123,0.0361218984686275,0.0288473239839097,0.0384480031801083,0.0258140193309276,0.040858833457851,0.0327412122436366,0.0314107019373166,0.0398149631970568,0.0277164826159671,0.0365337760188357,0.0241493790901846,0.0214614075583285,0.0273468859579011,0.023534787985666,0.0372599648271558,0.0374889858702156,0.0243176174969097,0.0431843368335012,0.0354569096668343,0.0377128493380086,0.0368937875720542,0.0252173088182964,0.0296568617534819,0.0349650696475019,0.0318197900193641,0.0335260568562194,0.0394768548850255,0.0314698143674459,0.0224361115754749,0.030612375732848,0.0330985453882591,0.0298885867067625,0.0500612408136412,0.0255570291033887,0.0269991030052581,0.0362169574078846,0.0305719469912779,0.0363338011970588,0.0412565625049159,0.0349037976105938,0.0314626850318275,0.0212482723540669,0.027193088630492,0.0346156297955393,0.0276019625743622,0.0339772413595637,0.0310214037485735,0.0306113966588918,0.0411091377497093,0.0302905928012009,0.0355407666025339,0.0318814765067938,0.0355527382519798,0.0348697903361755,0.0367029928154087,0.0379038750156632,0.0276556944938074
1148.34672403512,0.0219093227143964,0.0330183552444307,0.033586293041346,0.0302243133374823,0.0437196552171777,0.0306010957319877,0.0358818828110843,0.0248407681811765,0.033935936264785,0.0358080074892654,0.0421375346118814,0.0339497063095593,0.0377576525752709,0.0354631654009919,0.0368901564059734,0.0347342862870863,0.039533124948208,0.0342836243415969,0.0350662076815622,0.0344605102949787,0.0365229312580287,0.0350201509704373,0.0368555556056502,0.0306690982172309,0.0430273189696385,0.0410986650543561,0.0287201301271565,0.0319105413191343,0.0318995377290183,0.0369961996001294,0.0296152067125897,0.0238449693771228,0.0351845916480366,0.0286904869063824,0.0327122229663213,0.0392544356114282,0.0417613777972385,0.0300302521773078,0.037605975363421,0.0353479947210733,0.0291405476304206,0.0399499852059212,0.0381199995317724,0.0340011161997862,0.0388227873560784,0.0411108042255706,0.0327257881940023,0.0341879936337085,0.0400557030437189,0.0357104131332555,0.0354484258802148,0.0325025266468916,0.0345341222935491,0.0269268490260815,0.0410333314431158,0.0296477918303793,0.027872680342233,0.0408438077477007,0.0274304501013133,0.0284075949489763,0.0253814666476098,0.0364742382042736,0.0354214690926238,0.0413103597336405,0.0309708201102133,0.039391346886013,0.0379309847934536,0.0383068739939512,0.0387427624026813,0.0343550485632582,0.0369445138460869,0.0192048476868813,0.0417666547428217,0.030373740497777,0.0315687307752997,0.0349493369901328,0.0311768391144502,0.0323459267160738,0.0413616477424807,0.03811901247684,0.041882952340938,0.0334548039600303,0.0308163351743271,0.0291482094196752,0.0362500412346099,0.0321099947957563,0.0285579720033009,0.042890197138289,0.0250670953215697,0.0371083798852277,0.032158101485482,0.0360303949200036,0.0243754337346081,0.0357225172197147,0.0356181970734861,0.0369969537305787,0.0313944831286913,0.0299886725875845,0.0304456616209038,0.0378460088338794,0.0267149583953998,0.0368863526595791,0.0347481846224556,0.0369773476249472,0.0305164799820785,0.0356217844926482,0.0241487478330578,0.0292821319984287,0.0339841664617962,0.0319846928179706,0.0301052912081078,0.0365648127868193,0.0301774085346669,0.0374223053204966,0.0324361230771181
1151.34110414341,0.0314077337179208,0.0353497671296045,0.0385695827046853,0.0346564533231582,0.0400841305604778,0.0351745392417661,0.0370806093941291,0.0458454316105009,0.0433268095718146,0.0315600264774848,0.0355271272054698,0.0416832594492755,0.0314906760004296,0.0383263144712228,0.0432051867172713,0.0354098610395722,0.04241275406319,0.0360822055481057,0.037389257851118,0.0405982644016789,0.0294999520626171,0.0277400312597249,0.0353554000324885,0.0319198929320125,0.0245062947604665,0.0267209228337843,0.0321375375679525,0.044132207898008,0.039180982158622,0.0398426159918236,0.0317978114647114,0.0338721022873803,0.0390272956884887,0.0298930091326855,0.038908209216451,0.0332795582769704,0.0441288942957936,0.0323430499564619,0.0383018014900816,0.0360293799678746,0.0375729093512591,0.0378695503761054,0.0398897995577916,0.0389398059985348,0.0340841201973527,0.0333405425469806,0.0311720526557918,0.0425001814840546,0.0467012752960328,0.0336157857011557,0.0377061435984698,0.0365172593062213,0.0341017414897449,0.0276104041153499,0.0344480616991655,0.0269970352734842,0.0410024276047219,0.0371085830468696,0.0461848659662786,0.029634484544088,0.0320774226786349,0.0454695973300535,0.0444013353833139,0.0379923892064018,0.0343787245589438,0.03727178697556,0.045352417540537,0.0306951570007813,0.0410797903928534,0.0405779072542,0.0348308277351589,0.0431348082347129,0.034674284019602,0.0288036153399526,0.0426775879049516,0.0395067736191338,0.0401002924525283,0.0346430624300939,0.0321869037297077,0.0526922350440934,0.0425523403840184,0.0281569685874901,0.0456033565544081,0.0370905129080902,0.041900858235666,0.0388178491001084,0.0346819254096455,0.0374323491121637,0.0408738645890423,0.040494289734371,0.0401209629982689,0.0481450579711299,0.0428039534184646,0.0436377497177111,0.0401142451812762,0.0315074690007063,0.0414801400492677,0.0406730109839305,0.0327431736912821,0.038472327347689,0.0401532179779497,0.0369773813169617,0.0364516733475842,0.0304105533188868,0.0369513855247899,0.0379034285077212,0.0319576823064081,0.0460570752862653,0.0413372671032971,0.0292934243958956,0.0473526317685983,0.0410127659981304,0.0302350913461738,0.0374865410526469,0.0340296728030706
1154.33336559018,0.0243567039252274,0.0167535454466248,0.0251190708736434,0.0250700525839036,0.0332042941787378,0.0197768528008205,0.0212818537214917,0.0126767368996965,0.0194374421019102,0.0245807400894674,0.0156152949665735,0.0259109724340356,0.0374634296307247,0.0205894879129894,0.0243411818626547,0.0173483482667178,0.0233144607706084,0.0159154861001646,0.0259599182566719,0.0193832065747582,0.0186428370772179,0.0188823066960303,0.0220661667712837,0.00846169052606082,0.0252110624386741,0.024074130611655,0.0284169794157371,0.0266500650454473,0.0299339798940237,0.0242820003008682,0.0167421385061066,0.0158957387322473,0.0149365179462418,0.0152286109518816,0.0269168436228332,0.0289764616105753,0.0168072791479817,0.0236205331813407,0.0162095377377046,0.015728783687182,0.0138260872992948,0.0363354725399694,0.0272896402119436,0.00834967655778748,0.021215112073784,0.0165330126779864,0.0279718585029473,0.0212175342660597,0.00966846315232965,0.0166985744212211,0.0117830683110189,0.0164893042447747,0.0214074431307813,0.0188529000670143,0.0245083261982117,0.0220472684473463,0.024324570342949,0.0229166236774582,0.0221291484280835,0.0297538708041447,0.0135263586531188,0.0155728544743309,0.0190089078029621,0.0284489668403471,0.0311960338125951,0.0249687458862945,0.0158843137542951,0.0269509582304705,0.021688160660971,0.0206675908200539,0.0171014850074204,0.0238492842756116,0.0347656853396231,0.023910108190224,0.0234951587624732,0.0207098593939684,0.020972646302826,0.0139560185859208,0.0246515691265416,0.0283138523973605,0.0283626954887401,0.0239441001909803,0.0211942290703364,0.0231985371975226,0.014270501822129,0.0179572333784331,0.0287641467060588,0.0275423504334493,0.0214702513154353,0.0164824420004498,0.0233471031460599,0.0154600786733167,0.0121183595185108,0.0210790194218009,0.0247273115970553,0.0198654997997927,0.0244199888783074,0.0157082689280084,0.0135120810785874,0.0258814541460173,0.0185303994723296,0.00761531358843347,0.0283565760181293,0.0253573843044094,0.0236438984987406,0.0238023754382954,0.0254588480937561,0.011157559971355,0.0314341635278704,0.019892538835555,0.0241985902669617,0.0223580981494924,0.0253596308749804,0.0239637807723486,0.0233999615178207
1157.32351045935,0.0537212724429571,0.0554413038448378,0.0550497195716365,0.0516162665958843,0.0517561486225808,0.0581984544446061,0.0526455739015983,0.0613380867417885,0.0533852111342132,0.0476715198377516,0.0535256906128228,0.0540909781568565,0.050887391106391,0.0516491538365463,0.0480076023628826,0.0510979114152523,0.0536734648454739,0.0600058921526807,0.0524951544973505,0.0490507458582043,0.0560170347823961,0.0595294488784267,0.0634475389234373,0.0525494685645704,0.0467895091391034,0.0437702614177016,0.0505128887547079,0.0526290449940951,0.0509954906384331,0.048249057389669,0.0565446767561419,0.0559341398169811,0.0461825677953875,0.045985122165579,0.0568187145686968,0.0502759439112034,0.0550334006110434,0.0551878753497251,0.0508179797942844,0.0478911342153995,0.0516705176313387,0.0603779869657148,0.0622310793793172,0.0531308891269296,0.0528055766947945,0.0624390011708375,0.056649847535485,0.0607756813827275,0.0529010958606791,0.0481015062518145,0.0454804729280842,0.0562966713408563,0.0588868653562517,0.0456483186481285,0.0498145640917543,0.0481570399232412,0.0419574274471561,0.0461592216828128,0.0579032964973777,0.0576183566983051,0.0570032631320668,0.050131854034658,0.0523882627352556,0.0523107907781483,0.0532878970333156,0.0607646038477152,0.0534935920392032,0.0524744454264745,0.0669345252380285,0.0591473051267724,0.0612887880145584,0.058311369554538,0.0475653304029975,0.052276579417154,0.0544374119042049,0.0641991916959186,0.0618042345585485,0.0556625995511332,0.0525942044628621,0.0534648514440116,0.0516034328154318,0.0527575646358153,0.0452412903281996,0.0569014261564952,0.061530133745592,0.0610631440598767,0.0562434203358712,0.0514675301900309,0.0535334707634669,0.0576850816410178,0.0532429615723475,0.045063289259739,0.0548402277439293,0.0468649634705664,0.0585037362296697,0.0569041032621803,0.0588883549824278,0.0514644297487041,0.0583238768638028,0.0562566984023713,0.0520100103920957,0.0497124402816429,0.0540230883755566,0.051533541329309,0.0519636335002301,0.0561276405292287,0.0530861655223043,0.0518308205528811,0.0582772929604386,0.048528299302077,0.0580551805660281,0.0471656552628938,0.051746093508013,0.0479502297410517,0.0526401399450957
1160.31154083208,0.0130200991160822,0.00931067710305612,0.0166612385058166,0.0263961745166093,0.0134996630731999,0.021722641317401,0.0143681812896521,0.0197093448132766,0.0256812136604456,0.0100824766939646,0.0198034634868965,0.0183928539123065,0.0132344973347274,0.0257845012671807,0.0213141445060651,0.0170577737425266,0.0296343143380981,0.021720781514847,0.0223643552292389,0.0114274978891729,0.01063738081558,0.0148664127478675,0.0206849986416533,0.017564086634804,0.0194875539554202,0.0109682196556192,0.0121950471789885,0.023049293392978,0.0197124769589281,0.0218641532891728,0.0185065001159451,0.0139579756484857,0.0156501542681128,0.0110787801859427,0.0321545466340111,0.018707890895194,0.0193136336471116,0.0221876574050453,0.0309543461074224,0.0237299505374647,0.016276888490478,0.0245684823574745,0.0153636603432748,0.0257758103006288,0.0231341645293216,0.0303822205070679,0.0193806073266025,0.0186703805808026,0.0202412131055454,0.0306400676288247,0.020104394941151,0.0290043556081781,0.0105199934170885,0.015231756051307,0.0180618959766421,0.0133033972691619,0.0196590805320979,0.0209627540411295,0.0173861673551077,0.0205673382884922,0.00991454003412986,0.0274631753779742,0.0247830736863656,0.0195600857495596,0.0220907641262833,0.0190415414651742,0.0184401416239264,0.0106352726783304,0.0124440826032884,0.022559746915168,0.0145597277932199,0.0207464247705551,0.0134107464817205,0.0119136361590424,0.0192871197076451,0.0192699798950001,0.0140780173649361,0.024034371275939,0.0106792635829612,0.024639505315772,0.0148515450287182,0.0171497249726909,0.025192692795857,0.0138990393539815,0.0233649176926321,0.022010827623267,0.0136511976777451,0.0122043332170817,0.0178827014167154,0.0238142084300225,0.0246671558775621,0.0145689176560542,0.0128253135036148,0.0159044188298744,0.0177129007206821,0.0223267462438727,0.016901341645711,0.0214910549243785,0.0131502892637465,0.0183335234837013,0.0248269101761797,0.0241737887534372,0.0274202731716684,0.017274262357305,0.0199840685284637,0.0190925867687977,0.00971648803939542,0.019159025405771,0.0210996505122206,0.021793346902915,0.0205160027896715,0.0279662854848932,0.0243914222682001,0.0105153770521312,0.0202221813288224
1163.29745878673,0.0208726139968715,0.0177104084117895,0.0249076353396711,0.0200527415542456,0.0136604587104985,0.0140997926072222,0.0227052005035279,0.0102500276881217,0.0258059929055947,0.012950854305299,0.0152497007350017,0.0159153631449491,0.0224066299352809,0.0210665408855101,0.0153277559831866,0.0160897007861219,0.0182362283711648,0.0207829608304592,0.0202952189403468,0.0208574509240244,0.0332193540499124,0.0260280084487572,0.013298665644842,0.00729238406554106,0.0218475091328131,0.0228500781990451,0.0205650181591159,0.00942541215571639,0.0281056413849029,0.0144323281434754,0.0254005174726644,0.0144936164906319,0.0216519385589364,0.0128382717054244,0.0185168991240949,0.013299243978637,0.016089169389713,0.0134730291191091,0.0133169866443786,0.0188990308382062,0.0136224230370781,0.0252185168770238,0.0193548299797692,0.0188807224285576,0.0292479363776017,0.0135821588756903,0.0194856695516451,0.00835720726427613,0.0241664938650269,0.0203191339638853,0.0142424137059117,0.00674747640586559,0.0201315803880938,0.0153691075751696,0.017639536781613,0.00548361689661756,0.0164858886079717,0.0276964150332258,0.0130975340853578,0.0190296897959315,0.0160717134670748,0.0186879670803697,0.0243475674281891,0.0219133991507868,0.0255082279623061,0.0112715369243987,0.0169267271943158,0.0113162678413667,0.0214775309877018,0.0276803445474807,0.0124562783355287,0.0180908790266482,0.0129571174147749,0.0164510871534167,0.0177380171111597,0.02328075772663,0.0175103145345421,0.0263408520783485,0.0200702333375232,0.0169632041791902,0.0199336431834469,0.0118616309544113,0.0193019052711202,0.0229711106132541,0.0207046566904423,0.0320371477706799,0.01759520670855,0.0172884482781707,0.0152801854086864,0.0217300894103305,0.0101506396684521,0.0168592857026853,0.0156118419364198,0.0164742404763342,0.0139335997565494,0.0190851646648433,0.0148082337195981,0.0188158269233644,0.0126973331384225,0.0140129090079659,0.0199092810302843,0.0128201731670441,0.026956364076173,0.0258286391947501,0.0130889590829803,0.0110068988265103,0.0241397597834396,0.0253864823423742,0.0195550921392501,0.0179935327711923,0.0228299855365744,0.0181219241003056,0.0206212706337032,0.0252665552998632,0.0138538380982942
1166.2812663989,0.0237623671870233,0.0272145118317031,0.0239388432755441,0.0234187303618764,0.0262681020652303,0.0281174760613269,0.0304965916688795,0.0228023690659925,0.0248422585989983,0.023475586017828,0.0224674394760997,0.0144627952202487,0.0166832819573193,0.0233992914393999,0.0210952906443377,0.0255964327907902,0.0238753587040255,0.0242413895963325,0.020429491844002,0.0204423897200277,0.0179883574723882,0.0224470596819401,0.024673804896433,0.0173414163906725,0.0132253281742688,0.0280324493706024,0.024543820096856,0.0365125469708667,0.0249301606936445,0.0243293936027808,0.0202812102317114,0.0230339487620376,0.0292683324218093,0.0156950087202791,0.0291346376372633,0.0151282444595565,0.0195902247492359,0.027940374987605,0.0118026656839376,0.0245630602946648,0.0192937062856301,0.00900328604737134,0.0139516826778634,0.0297540264173384,0.0342800563261619,0.0159937250166544,0.0179448771494467,0.0232591792767221,0.0171744478925541,0.0160407226755215,0.0278946770131605,0.0253140638696645,0.0169244011124892,0.0249523091082106,0.0272895105988948,0.0339001766646131,0.0195018916905373,0.020120631870676,0.0208869944252551,0.0169400000883911,0.0134494208960943,0.0232507468303915,0.0128263541119173,0.0214388067204447,0.0228850996871924,0.0221768881239263,0.0204464917457853,0.0296697397949638,0.018812590871156,0.0305795050639932,0.0215114747866838,0.0187626671353933,0.0147159896002861,0.0348487911973611,0.0156410737490951,0.0300748135590969,0.0137945294060589,0.0242717033673671,0.0245518450204062,0.0215323670270815,0.0239176408993961,0.010907353023307,0.0215804185400694,0.0214077389231222,0.0169377738805115,0.0222154157869966,0.0188047918152834,0.0306900821051553,0.0224316069921421,0.0125248321141586,0.0158783586161389,0.021338062871621,0.0286564784068676,0.0244035773049077,0.0256235716456544,0.0236796904974851,0.0310014833934544,0.0300696703698734,0.0188721068041867,0.0240164680502339,0.0227866137862955,0.0221973896892864,0.0194169792772584,0.0197803419672168,0.0195382089688276,0.0187627809553327,0.0242558665419966,0.0205035728409501,0.0213537405273161,0.0186712355936499,0.0218261122304335,0.0148821167320662,0.0300160406342415,0.0177341382641832,0.0244987236698072
1169.26296574145,0.0338272972179348,0.0235027304156152,0.0305643052284643,0.0397298419338965,0.0318448067037249,0.0471314269067467,0.0371941357829447,0.0387436782157825,0.0440690370411955,0.0350965811711056,0.0353166761389943,0.0319218833553681,0.0380984965810651,0.0354936948749872,0.0229486326585103,0.0295945887265235,0.0421558538068402,0.0238584211124703,0.039272692859939,0.0348019515836347,0.0312592865126365,0.0357210287389842,0.0424834000429377,0.0367286171779099,0.0298713865691684,0.036010271835267,0.0345671262306941,0.0333465191532415,0.0393903132349805,0.0401851660256714,0.0235237765453843,0.0285768087422538,0.0299038607201307,0.0333294300544486,0.0347944884902799,0.0353255768196372,0.037659977920986,0.0324769349801099,0.0364170981665615,0.0307822941538919,0.0332908921554593,0.0276154948550305,0.0245822681069823,0.0411686882014284,0.029556087092702,0.040441903223331,0.0334441611382316,0.0365198580894379,0.0363937304048826,0.0304334992847925,0.0345042069188555,0.033818380597664,0.0343461869582822,0.0439815158713139,0.0263132680953393,0.0421890855261023,0.0264574903289346,0.0345667650368337,0.028679427645869,0.0320537734475656,0.0218081518357616,0.0300390137744864,0.0257029811648028,0.0351209843650153,0.0356479933648411,0.0370457455689307,0.0334712831992346,0.0314610384972712,0.0345383859074434,0.0329255992915061,0.0367054057532425,0.0310730503549299,0.026421560645409,0.0332951512209566,0.0355789644601913,0.0329790189005426,0.032634245938935,0.0369823189406953,0.0377687683989481,0.0372341827708402,0.0433160877004583,0.0440627499432263,0.0325728078336545,0.0383244588122437,0.0253777759905856,0.0327990582798228,0.0419155061476578,0.0335629540563659,0.0306694098064805,0.0312706191377408,0.0345411677919422,0.0280053990764698,0.0325286649705602,0.0465235183822485,0.0334500403195793,0.0366699965276763,0.0233739403619433,0.0363130034343498,0.0416120816456382,0.0351247888522739,0.0356853203266733,0.0353959875035133,0.0418283057948266,0.0268304556170784,0.0318609081652492,0.0401757296483792,0.0309795386921938,0.0334049831196085,0.0309495430110661,0.0361317886382155,0.0346623033949942,0.0286993240796065,0.0278975360735638,0.0270556752678133,0.0346154807982615
1172.24255888445,0.0234816779268293,0.0203448393454742,0.00791218535383517,0.016678191251288,0.0260622913057153,0.00622855561094488,0.00879877710648388,0.017442435008735,0.0185586373179533,0.0166528319965706,0.0236084519967889,0.0166771954866806,0.0121619744011819,0.00530265951560462,0.0197687720988129,0.0137542552564043,0.0109843039714947,0.0207325783156721,0.0141045864184342,0.0174328133210631,0.0149383905830818,0.0168742346180798,0.0158110248148316,0.0237198025801771,0.0223537049698496,0.0155067588144354,0.0116391893493373,0.0158807013475093,0.0108739141576171,0.0111040127921705,0.0100513735639022,0.0161191894407533,0.0155002754275903,0.00828449132342556,0.017307109270245,0.0165691436545099,0.0131565532807248,0.0061113488746862,0.00933938541681441,0.0226470385799452,0.0201034916978656,0.0141270405945569,0.0252660651685262,0.0213622311251995,0.0210399531418759,0.0140462839392532,0.0165213130882651,0.0114171089237558,0.010297527474468,0.0129835542736323,0.0102239334493231,0.01268907917662,0.0211108002397581,0.0124651041467655,0.0141515382695423,0.0148216083836608,0.0159801254739622,0.00993247436485565,0.00628679865536316,0.0144342327290878,0.0126053448805436,0.0068262227570782,0.0114157889984317,0.0154034498364245,0.0127031883307462,0.0185323859478743,0.0157560629694521,0.0200033588521926,0.0185067812163376,0.0219291076023904,0.0173199001072014,0.0195614487912448,0.0044318830821063,0.00735599388523999,0.00925348143550268,0.0158664301658094,0.0173730610456431,0.00536524154736349,0.0247911811595642,0.020663114769829,0.0164828415346732,0.00954917690456172,0.0201582367349121,0.00709199044701276,0.0121867077717478,0.0130580755355273,0.0152111030154359,0.0120495446591905,0.0150740857245282,0.0111115355746608,0.011038313383211,0.0068113306190239,0.0131952616901352,0.0197794224275898,0.0103470534992301,0.018330353358204,0.00799301628196587,0.0174921391052322,0.0207414277633563,0.00878095472021781,0.0168632620581121,0.0147786089363004,0.018504921596481,0.0212928117088948,0.0143028273051518,0.0173525013896788,0.0140398219883132,0.012969767514243,0.0143824524830555,0.0105274195695217,0.00709801684032826,0.0117131414179709,0.0148143174562451,0.021160389941215,0.00752654735584116
1175.22004789522,0.0396216558792816,0.0237996247907975,0.0400290836253327,0.0313778387599261,0.0435481502743734,0.0174814464312752,0.0270184513171976,0.0350831882965752,0.035609153233602,0.0282800588747005,0.0333941085019414,0.0320984999254891,0.0303906998380329,0.0233668407450505,0.0367370085918621,0.0232704032033295,0.0210284449186971,0.0291428594638333,0.0263517941808951,0.0241392959450225,0.0326002873807453,0.033314426310619,0.0255873884725594,0.0403674808990258,0.0214302013134597,0.0234907764617382,0.0282595764007774,0.0319749109568451,0.0325037049721653,0.0307559711429769,0.0300181223768484,0.0316709292498461,0.0274241949662751,0.0281141692243539,0.0284851358672431,0.0278684027496382,0.022269475097159,0.0305222903785966,0.0356280956169326,0.0227983154057458,0.0313330574700299,0.0273043482454981,0.0187671297578178,0.0225547180023287,0.0304182619064758,0.0334161405805056,0.0336758785708084,0.0405789324886208,0.024063143712549,0.0295789434172995,0.0352673801565034,0.0273510401463943,0.0346367409659781,0.0242792435073779,0.0294047580912056,0.0415204550938329,0.0375646755937706,0.0397983002256811,0.031100794044385,0.0378772144973272,0.0253618300954021,0.0319567398977306,0.0320608739634474,0.0381505321763511,0.0144844475545884,0.0237874948875769,0.0299046296347095,0.0317403522578664,0.028667061678072,0.0220573821391744,0.0302893405519047,0.0418517048276884,0.0266399735427917,0.031306461279652,0.0253424854338202,0.0276745944826173,0.0246676774838536,0.0290278823173172,0.03146482207565,0.02746763624188,0.0210263284795554,0.0318833884351366,0.028979584124209,0.036333256566176,0.0367200933221664,0.0446019975246764,0.0339486244925986,0.0321125232533906,0.0314441426655619,0.0298638067901487,0.0223987720359127,0.0369790322285426,0.0257100991956509,0.0277190385904807,0.0330941173559521,0.038600843586841,0.0308444643549018,0.0354398976474839,0.0302381064763471,0.0281582153614785,0.0225335484221013,0.0296202295520327,0.0305775578975301,0.0192844690397593,0.0298345206780531,0.0333101799338985,0.0306767734348006,0.0369910546558132,0.0423566379367261,0.0229606052311782,0.0243687734636462,0.0255373173420059,0.0258646320821392,0.0228785831575246,0.0335974714485072
1178.19543483834,0.0397651298425704,0.0355195942387164,0.0401575311736831,0.0412275467249227,0.0448056042543164,0.0431629023249647,0.0392093772504495,0.0414408300419438,0.0253823856490316,0.0344437602288263,0.0365314067948271,0.0398575432061219,0.037449061519495,0.0392656270601687,0.0385998881212438,0.0427108094263839,0.0514074117392835,0.0375564992717385,0.0402528462834306,0.0396027605084888,0.044785121496216,0.031852948228244,0.0337592027112919,0.0405443808803958,0.0402829264375739,0.0404143926399815,0.0360954965868608,0.0326694106261076,0.0387083124578857,0.0477039684136143,0.0379721280005741,0.0347236519679521,0.038277207026518,0.0331725759336292,0.0247841801268033,0.0430667518661473,0.0442709087699027,0.0356209124445109,0.0380181949486162,0.0395195209168461,0.0464501540329607,0.0339555077147075,0.0493080468660518,0.0442079510789107,0.0408841549779187,0.0381003084810363,0.0392927218021765,0.0450799756548265,0.0438382785403311,0.0379417462752152,0.0370090761984554,0.0308328209567696,0.0420340404629877,0.0433179294195225,0.0474584096877405,0.0469418636867081,0.0462161024024699,0.0437953520305721,0.0356098037623737,0.0435682647815168,0.0397685223136759,0.0359766293592182,0.0438385698675479,0.0314612764748631,0.0333003729319843,0.0414943017607137,0.0356719454933065,0.0423765036232492,0.0449600667369494,0.0405395220106516,0.0449356937495491,0.03090102100755,0.0477465951588561,0.0391860840546649,0.0276652219791057,0.0339250467029466,0.0358160824875069,0.0390115214969113,0.036504390090004,0.0431793390412548,0.038783060626532,0.0466417256872227,0.0378044848004103,0.0487806698804617,0.0385132669930064,0.0375503773687323,0.0417405219675665,0.0377670507066186,0.040775051861069,0.0327275293060912,0.034325197783298,0.0354610672004742,0.0333708778428574,0.0414424070596432,0.0403783768490806,0.0409701552316003,0.0287674852530671,0.03890773450497,0.0298009251546919,0.0392768331049019,0.0460175706754824,0.045010852010264,0.042653833780727,0.0379297941168746,0.038432581373251,0.0476327760808236,0.0324567770350289,0.0254533637332094,0.0430547809548921,0.0365159591982542,0.031680559209278,0.0338639973076693,0.0319830231433057,0.0387333067872992,0.036815171083121
1181.16872177565,0.0283259926781932,0.0279656510229582,0.0348672032742325,0.0338245290586402,0.0260474261452892,0.0350042535809036,0.0294688507256026,0.0280505833198408,0.0282537851033793,0.0214769118627132,0.0258569820944914,0.032799836145967,0.0439786999412582,0.0394451948063272,0.0359896027923213,0.023022706795976,0.0284882780130878,0.0283996791807255,0.0299494875976513,0.0293560752437093,0.0295708159449854,0.0340814481219842,0.02639155523232,0.0324876891844331,0.028381405249147,0.0305326843637629,0.0373440518954871,0.0273162398768545,0.0294878868201982,0.0283785911765026,0.0260769739753836,0.0197763508171593,0.0287192986581773,0.0322152457509157,0.031008241107288,0.0321118976143503,0.0371448065517248,0.0313412399308617,0.029294719750707,0.0286334900277417,0.0332734112603599,0.0248304215447047,0.0301024495785699,0.0303337210364939,0.0367150941359099,0.0235792155029627,0.0218307741413425,0.0287570429920359,0.0204824143766929,0.0194038701188343,0.0257468331480087,0.023134574788343,0.0249066791919733,0.0362525476028413,0.0246775352135771,0.0172825333528328,0.027873565008722,0.0301808707611828,0.0335358821613361,0.0342818069399412,0.0239894631294292,0.0349993917341873,0.0262351820815104,0.0191141658740153,0.0422306896899916,0.0326095423785027,0.0324992074518199,0.0381076051520701,0.0233668911511826,0.0289973516660337,0.0255608525858263,0.0205080620487135,0.0351584224547893,0.0337664669614834,0.0162218421091313,0.0184908417536549,0.0299160055777662,0.0314852562979169,0.0300859799763516,0.0327399316953663,0.0372788013966657,0.0262141254473441,0.0411888537040903,0.0253973943437275,0.035872243484417,0.0282967409577845,0.0391343962577463,0.0273503562399145,0.0208559598831473,0.0284708599628274,0.0277011018413603,0.0257513096283535,0.030780328064573,0.0378295876071178,0.0316476110840465,0.0248789190130131,0.0228158796411997,0.0329092601035241,0.0321277185988274,0.0327730954064401,0.0316590867802411,0.0276768821343781,0.023697366766772,0.0278709081287566,0.0272896191011939,0.0226351110180352,0.0320388083034451,0.0300336125749294,0.0164770306940501,0.0243459624713936,0.0290335214970511,0.0366933344574434,0.0298791949137605,0.0230644025204656,0.0262163399080415
1184.13991076622,0.0533038290192009,0.0358374003497158,0.0350029571752177,0.0409851668571824,0.0375917717765933,0.0346167064577129,0.0400218568931493,0.0440092157385236,0.0316744256597728,0.0303811910359108,0.0387236188504595,0.0410772017320893,0.0388061951936003,0.0293272790731782,0.0244296565560553,0.0391635149176567,0.0412902860756243,0.0423123508049104,0.0378056447728088,0.0420912679213061,0.0379267113312057,0.0389468339195372,0.0447538239624838,0.0431052159998127,0.0302147056825296,0.044670836422246,0.0385962501992441,0.037369884636563,0.0406589637658079,0.0339632145791627,0.0439643498670187,0.0343391813596915,0.0385054104299067,0.0367337723866104,0.0455038783821042,0.0367434939294972,0.0305827703465442,0.0353436486936209,0.0405862441460738,0.0508841810441335,0.043404386890698,0.0401950259501926,0.0484897957658443,0.040688987199414,0.0417663351386415,0.031660473194367,0.0340500404938779,0.0354577934883056,0.0348048043636501,0.0349117834787068,0.0394195626685438,0.040603529166268,0.0295239665742333,0.0358565372674466,0.0472136572408105,0.0342131514002069,0.0410309842781963,0.0396900046684486,0.0386010873250952,0.0394252995053098,0.0493815971635637,0.0351371408111783,0.033584822595824,0.0316814889289022,0.0451213230545004,0.0378743482397627,0.0399502128540515,0.0343946882785681,0.0374385156524931,0.0369214984366267,0.0368680641063544,0.0422551955091494,0.0413566278814375,0.0344479503175483,0.0367283380124012,0.048661054652143,0.033920716158884,0.0474961911950412,0.0351325373690236,0.0495719598108364,0.036878993466738,0.0317762922310751,0.0391328413724048,0.0423315154467067,0.03878219302203,0.0355893428459076,0.0452912689686781,0.0479786826586545,0.0377782823693712,0.0494259852539575,0.0345751308410536,0.0450027819810467,0.0481641545878272,0.0347462562719902,0.0312062321486224,0.0440411580494833,0.0351515375187378,0.0452971833114892,0.0416352245421107,0.0455517794865238,0.0384540326197039,0.0452568917058323,0.0406818789013538,0.0419915683691892,0.0353620560687661,0.0429727695813678,0.0464849159516568,0.0529546131087832,0.0466889519771254,0.0423834111387213,0.0418877302559936,0.0378763333893935,0.0431348362162127,0.0438189076493827,0.0448575924995549
1187.10900386642,0.0170447743094169,0.016724551407636,0.0215867154578561,0.0195689618765953,0.0188407624972423,0.0209174802847231,0.0275469727617232,0.0148254757650093,0.0154568115892349,0.0256220942707833,0.025498522867112,0.0238061575879066,0.0150147264364658,0.0208395210158501,0.0139926615515267,0.0211365253486761,0.025522020338778,0.0199825213511724,0.0192569821833835,0.0110623233634156,0.0205279447979679,0.0243311383756295,0.0239945183026384,0.0312119115718252,0.0155744516347638,0.0146899504414331,0.0211781495043307,0.0287236046159485,0.027588971775098,0.0211424273417616,0.0101341813206284,0.0244009230226286,0.0171363734485119,0.0188205252394329,0.0247266989694713,0.0163352414066215,0.0145010663614961,0.027760540500365,0.0279796078017883,0.0179171108873376,0.0158093143337027,0.0223714559688447,0.0259754222667428,0.0165937920661885,0.0186288787403739,0.0250565043469906,0.0100008560973191,0.0229791529228418,0.0125485931477306,0.030108110732432,0.0249131489793858,0.0183742922234067,0.014076577309836,0.0171334775565601,0.0199647685483927,0.0120373544226783,0.0165083999707391,0.0216793933936397,0.0173241235754255,0.0146105085818575,0.0143988679785911,0.0174985152398627,0.0281865273050178,0.022739063109114,0.0177989776078932,0.00240174745287809,0.0222516100320939,0.0218509412203089,0.0219823140545946,0.0242748771529935,0.0230789531191276,0.0224507347897381,0.0282235726438232,0.029036284513064,0.0148277721271928,0.0248927188731138,0.0186769893721468,0.0186328855659418,0.0188973627100792,0.00853364094695017,0.0183193203348716,0.0151458571737092,0.0321810224383842,0.0155964976363851,0.0178429405016653,0.0318575980665817,0.0169624669394759,0.0181690617541982,0.0124493411177266,0.0199689676361218,0.017276407932378,0.0265590076315791,0.0234521758332883,0.0190561496757103,0.0241404152839904,0.0234814118063916,0.011478348474984,0.0186953908110431,0.0202305394299437,0.0236331347956856,0.0241037016213755,0.0252033656300634,0.00920993580179965,0.0284156266650736,0.0183573000916732,0.017436495064615,0.0196561024240052,0.02309149869512,0.0190054265904481,0.0134414074643198,0.0215374011456627,0.0154082912517315,0.0212965786235373,0.0259836061355168,0.0231045678470488
1190.07600312986,0.00892723456784942,0.0246041824901538,0.0233570956440883,0.0218841032393172,0.0217357150751948,0.0166541037996267,0.020011449339008,0.0149909282180659,0.0210676172360343,0.0115732700312915,0.0230227988582475,0.0208483884894938,0.0199590855038129,0.0264517194610513,0.0080362560664091,0.0240575277316547,0.022396173647636,0.0152306187443461,0.0221692143458168,0.00520395844367713,0.0201230196162876,0.0107727669531023,0.0171742248957765,0.019322499106142,0.0223587585264439,0.0198995678066013,0.024635040028356,0.0211815528650117,0.0216862767124092,0.0137399341967313,0.0222823872496619,0.0224685725354425,0.0194094791009649,0.0310079559558449,0.0144261802983366,0.0176355327166268,0.0219525899078812,0.0229409995678802,0.0125978216275228,0.018087060741622,0.019290216730582,0.0230524251901773,0.0145208425172251,0.0204968415800654,0.0209768644857831,0.0218463637122965,0.0112365317202726,0.011600745133163,0.0186888154127379,0.0236612443081937,0.0190825398009311,0.0229901218148857,0.0220465191573164,0.0217444764226313,0.013977931079445,0.0191975055523363,0.020111452031469,0.0218384405737922,0.0207506296639068,0.013103647691794,0.0216854290980537,0.0126434709620583,0.0150303015281287,0.0234253284161648,0.0168516465210525,0.0218200027130779,0.0230025234456955,0.0159373948367317,0.0260323233937094,0.0138566242076261,0.0193341457277312,0.0198266738020177,0.0272480214399252,0.0208573696879856,0.0248773870072619,0.0178115541817461,0.0204891762261311,0.0220637627391611,0.0179479215287641,0.0131310078023323,0.00636853277183333,0.0109710686770608,0.0181558544310667,0.0252598009664965,0.0163230452562003,0.00386770871180086,0.022032366975767,0.0210676871494985,0.0217951825398738,0.0179160459737946,0.0162873926596985,0.0152221323819732,0.0203341028040677,0.0264904668807393,0.00934557531980571,0.0141161076219486,0.0121872015913615,0.0182790153812357,0.012631748553379,0.0160398766915456,0.0186627031496638,0.0253363950912563,0.0131347720628747,0.0163551329052632,0.0189673048837502,0.0197585876176989,0.0120947370557612,0.00990245015907909,0.0152651233878589,0.0230970475131866,0.0139212368032516,0.0138491995234077,0.02139898868405,0.0152189592839043,0.0199607177283427
1193.04091060743,0.0532269342648551,0.0407497580747419,0.0441098980781892,0.0387633548824666,0.0403251876302271,0.0473481760874944,0.0558016510890466,0.0394267706872858,0.0452333244420096,0.0538373109955199,0.0476703565373933,0.0582673542938252,0.0440620787819011,0.0434532291188394,0.0535654019537339,0.0446197366047314,0.0456504106685119,0.0456307606451276,0.0509439268706759,0.0469474119798448,0.0443848717094773,0.054620410136908,0.0484114738335643,0.0530154105013802,0.0428783341030858,0.0491295078431103,0.0484178365306362,0.0483006609954688,0.0516041377469541,0.0420767725069797,0.0506301902393234,0.0495467048887872,0.0394153869030763,0.0475772814298499,0.0548398297348377,0.0395314653250421,0.0462149051650385,0.0528943339951943,0.0505833685757936,0.0513941806306572,0.0510729795487982,0.0455028793930886,0.0384485464903508,0.0529366384085447,0.0498947643372585,0.041804003448552,0.0465505295404053,0.0402373804451024,0.0461275313431879,0.038632104517527,0.0506529479779458,0.0443858307211692,0.0467444312184748,0.0513561275274845,0.0510708514189816,0.0464914608907966,0.0569022613720474,0.0566814862184509,0.0488807604879578,0.0521053692573256,0.0498343963133459,0.0411305733677899,0.044569257582257,0.0399681023782835,0.046125257348718,0.0587833970357084,0.0489106456221431,0.0376368219618442,0.0507031047556799,0.0384751822233251,0.0367895004493824,0.0537757546205445,0.0500311960057383,0.0487117326823342,0.0442948138834536,0.0368715270144415,0.0448580644537982,0.0484849981669386,0.0421084198448269,0.0461132364724407,0.0577193512026736,0.0441553972196724,0.0400669477046024,0.0461255753751204,0.0492001867619831,0.0442574988357137,0.0500995064347261,0.036165355520866,0.0473970818253424,0.0476513745172229,0.0439778350441905,0.0525161034472667,0.0431280226907097,0.0407602061297123,0.0448206603205326,0.0478380061397621,0.0511293375913276,0.0468334656770774,0.0475468100199521,0.0618800435989477,0.0460634423582304,0.0516563126797415,0.0382995276652302,0.0521463500197356,0.0526680034260209,0.0499391976982326,0.0414132484842627,0.0361698451322376,0.0516132065201343,0.0405875319897536,0.048927118171514,0.0442016427240759,0.0407001799985216,0.0446831958837635,0.0407418107806808
1196.00372834731,0.039048789286502,0.0475363102450123,0.0448043433895283,0.0324587997068839,0.0426871540955538,0.0419836520980475,0.038403835470219,0.0362149063738839,0.0437595016434234,0.0397968422730453,0.0380397642175171,0.0430529460996587,0.0436937317539421,0.0338930821478862,0.0431406857932774,0.0464469814965977,0.0496763354208456,0.0463790900555044,0.0401099845413731,0.0421916847508157,0.0461808610956175,0.0421238957468389,0.0282004312199666,0.0350937274306047,0.0403338495878437,0.0437356568144482,0.0376028836110092,0.0435176292877054,0.0440568754942767,0.0509257542754589,0.04659106300806,0.0396215712444821,0.0395483719400724,0.0477346179252893,0.0489571739402879,0.0375010527644148,0.0318267790823846,0.0508429755878377,0.0413248903810916,0.0394238830313795,0.031258804507768,0.0385745384149275,0.040269529211679,0.0476963283129842,0.039781176801831,0.0459469486102472,0.0411998728346077,0.0414736716901246,0.0315280293747294,0.0497638096838154,0.0426630340559851,0.036149153930232,0.0407863870681413,0.0343117343923928,0.0506865597774962,0.0433066712362289,0.0425149870304078,0.0386834791287997,0.0309096348761478,0.047832745692616,0.0390159895865363,0.0496192300158684,0.0358570347464316,0.0406631139717116,0.0473839303414549,0.0335076943636709,0.0479927523856003,0.0433276063971963,0.0530901585264745,0.050308451253401,0.0447669810625026,0.042849251205686,0.0347008896122136,0.0449760178103907,0.0538024388778416,0.0420331013180784,0.0543794734605156,0.0409782972259062,0.0537201314544746,0.0384765583391825,0.0424743778156806,0.0459441644666873,0.0407499810724736,0.0378803598085302,0.044360503859574,0.0466040809573078,0.0480610476228891,0.0512674687312383,0.0388741346830847,0.0445110291950952,0.0345641447228465,0.0395488622243284,0.036780401418508,0.0366436003096124,0.0432914415138817,0.0491121291660209,0.047414554028912,0.0380698101369027,0.0465814752539782,0.048236642862396,0.0439709102423574,0.0468887930694254,0.0525788236243671,0.0426135511708658,0.0372778238972264,0.0413464489037917,0.0366122813382217,0.045771760628298,0.0373037117182661,0.0401839939610056,0.0413198106296064,0.0437519297052212,0.0397149410827451,0.0502346047423966,0.0349496899001156
1198.96445839494,0.0552194882466501,0.0521241954101743,0.0568902257453583,0.0520430790156495,0.066154477942878,0.0549324624724573,0.0648804324544871,0.0567094186467649,0.0553847649905606,0.0689490576818712,0.0488809226120435,0.0513510692001305,0.060888092620885,0.0628304814805835,0.0590206796343239,0.0521368266269418,0.065795631539498,0.0619598648126832,0.0727445545910475,0.0565888960552781,0.0551061537997922,0.0554363882056,0.0519428396682646,0.0594598503574551,0.0531726691891156,0.0500750660568669,0.0679851873928707,0.060193393603093,0.0580039219278356,0.0668178061485536,0.0587518222721799,0.0412035386416078,0.0509677455840555,0.0599351157997396,0.0557564116977574,0.053840476027121,0.0667422819647858,0.0554188171772075,0.0504145739741176,0.0639043554350885,0.0619409492662481,0.0621221034184451,0.0487285255478721,0.0613027747952595,0.0611172536201721,0.0534841858323225,0.0605849520321107,0.0629939351243824,0.0589756127494971,0.0554093115262208,0.0634027237326473,0.0586723113125204,0.0632632735210319,0.0467121351236248,0.0603762905370353,0.0499034195370144,0.0691899498888662,0.0487640962681391,0.0579508614444241,0.0585456877556953,0.0561959711045888,0.043665919024432,0.0537618827201076,0.0487226976627508,0.049196436198252,0.0467137871024755,0.0543456301970167,0.0468142553182218,0.0571533778995459,0.053249090765066,0.0611158704953515,0.0551984190201518,0.0536258217441084,0.0451250070579874,0.0594591398068667,0.0611017716113717,0.06225508042629,0.055367670386473,0.0445964901682197,0.0670158176610682,0.0591577557776195,0.0585648931579248,0.0577703320616747,0.0548357032335616,0.0622689794031059,0.05612361690506,0.0580710592797283,0.0619397225060009,0.0585256409828436,0.0611032220372738,0.0600150244244176,0.0620999923192921,0.0536463682957108,0.0551264182316134,0.0467381549161504,0.0464741218033356,0.0592175724688251,0.0499215201874943,0.057766269934597,0.0566304987006133,0.0541275611410619,0.0563080941956635,0.0576063098481286,0.063304900622031,0.0629833589531748,0.0562432025617229,0.0576838214778847,0.0509329585075944,0.0502782406729604,0.0537681952759387,0.0575166513299018,0.0625612709580866,0.0540899352680198,0.0601392414816326,0.0562721969049588
1201.92310279306,0.0493260081311107,0.0512088553241213,0.0434957060077522,0.05491495191523,0.0409313664025921,0.0473577753279777,0.0387176965422411,0.0518138520776965,0.0413708034777122,0.0510907439676775,0.0494931925532933,0.0392119690351002,0.0435019899710131,0.0500260727131153,0.0480453308289478,0.0523197645316557,0.0505979014160461,0.0369053943543113,0.0470646919823934,0.0518422142780108,0.0464983945774996,0.0497951789953383,0.0510354587109514,0.0371538967703043,0.0632698254393481,0.0374294627225839,0.0472929005264457,0.0493682080191648,0.0410984042217928,0.0464375142782808,0.045840063289732,0.050291916506215,0.0409028234250114,0.0518934501532846,0.0416146894234878,0.0473669065187627,0.0428398711770728,0.0412354383426185,0.0478358746095962,0.0425554897419822,0.0388070433801467,0.0421437348533974,0.0461367165697706,0.0523032055024603,0.052638882924871,0.0384274478319602,0.0459006564720812,0.0450560863350386,0.0503913650284255,0.0451365061230352,0.0467503185045033,0.0521225757406423,0.0478375293567091,0.0474520024554597,0.0532878196162973,0.0317732032198692,0.0474993501688986,0.0434361223439928,0.044928773563704,0.0448496502886411,0.0470335429010366,0.045496107268408,0.0450588429679151,0.0443317425508236,0.0455195641130221,0.0412513126063897,0.0528774876748898,0.0525143142926093,0.0450624094161832,0.0495215444940014,0.0523692005617468,0.0415108214843497,0.0543251245819913,0.0502674362238098,0.0430888877797974,0.0456963915202556,0.0486827398200835,0.050606310129354,0.045847157956714,0.0605013053508597,0.0466737463497598,0.044121364474007,0.0448521449695361,0.0477195621740161,0.0441251013746471,0.0546195699589783,0.0467350259371502,0.046009987552066,0.0473029854405455,0.0497520423037209,0.0314944508461228,0.039307497153609,0.0440698055674167,0.0431376896942641,0.0573704317745198,0.0449598120500604,0.0422150569909762,0.0584355483609083,0.0452165779440045,0.0463014232780677,0.0492619123829102,0.0553681594980293,0.0414031231091282,0.0583150191262839,0.048670326520226,0.0432901727964813,0.0440857948879064,0.04331862725656,0.0543498401211232,0.0494586754894769,0.0526861856797939,0.0505687602469268,0.0399526826308879,0.0385212913892002,0.0441115051033406
1204.8796635817,0.0539198423014662,0.0547045722885895,0.0534221047061246,0.0610271208674647,0.0497992038254896,0.0536582160990439,0.0487524423889904,0.0514377943328697,0.0568245992644053,0.0490910650673723,0.0521570447771163,0.0567182376638496,0.0607052827070177,0.0583704241379017,0.0622558345582602,0.0469959470235836,0.0601323578565746,0.0459051981284711,0.049998817604014,0.0574951780793628,0.0576255315686197,0.0515315138548366,0.0560283881394051,0.0510955491955317,0.051951104852424,0.0566240341591334,0.0502225547898378,0.0578016761617306,0.0467895426647214,0.0634214803166515,0.0564426038865502,0.0498832763792454,0.0491085473966582,0.0569896754004537,0.0577934541404355,0.0620461070937867,0.0497542677026241,0.0563067280619036,0.0541559386861323,0.0471655797420047,0.0584018092827164,0.0564505017623373,0.0490776694569913,0.05246040127115,0.0441650995675991,0.0499289039255281,0.0466095069644276,0.0567201085583807,0.0549161139007862,0.0529876372107799,0.0506980822641906,0.0472553216042875,0.0569448026232523,0.0565287501174139,0.0517982816096122,0.0579335300367906,0.0488732276308843,0.0546271405586085,0.0571597993234306,0.0417006430805995,0.0576363282111273,0.0534430493950271,0.0590921795853029,0.0608932962479222,0.0440450177784091,0.0420176933817293,0.0570035504382184,0.0587714111895449,0.0574932474004108,0.0591445869846422,0.0664966649702231,0.055531791413276,0.0555816333969963,0.0615120413747725,0.0575679982342199,0.0575449778649832,0.0549173820497686,0.0606265187101839,0.0552891616883375,0.0495397566476942,0.051807639472299,0.0578341456319975,0.0569823553209112,0.0501267691796201,0.0576052596191434,0.050914730583421,0.0436155884714883,0.0539203558597798,0.0469196637377798,0.040597678083374,0.0518951168734693,0.0493018432743741,0.053928940481686,0.0569014278064146,0.066902880462206,0.0552002238149685,0.0601221701686653,0.0541421758344739,0.0437131711830025,0.0536033834258309,0.060541705621606,0.0571604472076647,0.0595084820247145,0.041746354636032,0.0535737626658117,0.0521884490904809,0.0635155681524578,0.0557131107986738,0.0528590080613525,0.0485099946866356,0.0489676281678142,0.0490336687920029,0.0515957181252637,0.0538713803940053,0.0510923374512312
1207.83414279818,0.0651391198277978,0.0499434427906169,0.0606422863050598,0.0542019938622816,0.0516380494157136,0.0499769327812003,0.0576953638607111,0.0544527446753404,0.060825392641349,0.0503763703352413,0.0573843127134786,0.0537875764006253,0.0656755462873285,0.0591292670425568,0.0619220847254043,0.0427794031364104,0.0581321112289946,0.0549098609699536,0.0606402860567624,0.0604175447681634,0.0594407632758022,0.0506397286478687,0.0653138874190929,0.0617471642400491,0.0505236752949361,0.062419069378015,0.0657895398310088,0.0348837184687669,0.0458733598949355,0.0527965097738632,0.0571235994123161,0.0549809293399525,0.0519470897172198,0.0642797148685677,0.0519291625246334,0.0483473477313605,0.0617156869458799,0.054826631041377,0.0526989748915065,0.0567505481410762,0.0563623524959579,0.0674974278033187,0.0459431498823451,0.0515458697727511,0.0584668376822694,0.0546557331906831,0.0566662537559419,0.0513981709656724,0.0534397504080233,0.0613927433554064,0.0579027295798671,0.0602870923346862,0.0615973370897974,0.0533897900664053,0.0592643770707378,0.0553412162308336,0.0491268225487001,0.055364124666949,0.0655536492893067,0.0596410607352696,0.0446414975776179,0.0652843672035624,0.0542799252442354,0.0689676867878876,0.0530138975424207,0.054105714148382,0.061134366094698,0.0556465584025495,0.0593422358469242,0.0476418559009052,0.0482776666472824,0.0479488920443625,0.0601576611970407,0.0572416218018616,0.0582823611961387,0.0693984462592709,0.0540060332111638,0.0629894422557436,0.0630985953837829,0.058616590640779,0.0536438752609802,0.0596415112425881,0.0593180030180169,0.0581380978922916,0.0611053630137798,0.0549347190709206,0.050902710807095,0.0540754800090779,0.0595427515396328,0.0665203202125449,0.047561865586911,0.0631257907108929,0.0459817219298474,0.0669922112381371,0.0554503460912348,0.0559337649726478,0.0614130095831364,0.0637800131760619,0.0604331544918391,0.0526482069551102,0.0567995090306267,0.0529575660992227,0.0542054688537799,0.0503657596244665,0.0536796775815462,0.0660070901272832,0.0631364395695975,0.0503313921688773,0.0574971138129485,0.0509223046742126,0.0574306612964383,0.055755665082541,0.068179694809486,0.0578114653880587,0.0612680132721369
1210.78654247712,0.0691910521174111,0.0672187948270375,0.0651564044889379,0.0694915001653465,0.0670080978299934,0.0751510627057496,0.0534823788315624,0.0653734910786321,0.0741065986443501,0.067520613986035,0.0687569085544606,0.0697706234531334,0.0679902739143606,0.0842901167747501,0.0621529235291938,0.0606142290620529,0.0638298335059646,0.0677638385204533,0.0674354932276487,0.0666275632195712,0.0618092487275661,0.0718712025239031,0.0665649360602129,0.0735019773371832,0.0699726043602449,0.0793894632455374,0.0681798166858402,0.0757837238914718,0.0719623087255842,0.072497313068646,0.0703480003786463,0.0675854478972901,0.0596259148210407,0.0661027609173921,0.0559913752572476,0.0736105143440638,0.0630382329063373,0.0699082218645057,0.0651438593456792,0.0740716268100679,0.0770771338408305,0.0741963996234096,0.0682417962363335,0.0721704474288437,0.0651831956615818,0.0571278154882802,0.0628810825169553,0.0619760593116531,0.0710787732154284,0.0763917015680766,0.0710743226417759,0.062140379552635,0.0690422623632261,0.0663647289018068,0.067854315959846,0.0688576990775456,0.0679456947246028,0.069868036471489,0.0640728369499438,0.0670443266920555,0.0706236295663109,0.060461797552229,0.0722043500760765,0.0640258692882396,0.0707781656261103,0.0650669087258852,0.0641521712351338,0.0608094862461443,0.0578531702792306,0.070064714163181,0.0674355284672485,0.0641963461116188,0.0630814752354479,0.0707137990040127,0.0661622771028642,0.0701348111656701,0.0652010739725234,0.0615262803430463,0.0692756091838831,0.072706911600779,0.064291698842625,0.0684917922139375,0.0660142529429422,0.0700739673180854,0.0635011362815786,0.063371199565124,0.0806405220307697,0.0692021011318571,0.0683787119053492,0.0699800454458919,0.0685354868219584,0.0611103171747924,0.0553115363099189,0.0665792546549032,0.0622312252145052,0.067303292776913,0.0699116001223032,0.0650671641609659,0.0661167918550714,0.0654686610235295,0.0764383980372842,0.0727605836458238,0.0657872847006065,0.0605016745835446,0.0633967090569525,0.073822959038679,0.0572585404044556,0.0738494232787163,0.0671508586184726,0.0645263293227276,0.0697732863969359,0.0641334454885641,0.0738009341380809,0.0802383338089203,0.0719808832906468
1213.73686465044,0.0765584268478168,0.0685266140650758,0.0740136698942847,0.0756188204075605,0.0710210237236776,0.0703704689942855,0.0712096068078414,0.0695276397094857,0.0742982722946823,0.0737362816066023,0.0765530686671244,0.0786042126603227,0.0724382863395281,0.0752999744917241,0.0763784493246904,0.0768008498662805,0.0667851636863938,0.0624998194441968,0.064882803342297,0.0701072877334824,0.0702117004961946,0.0746762036092296,0.0721088576647691,0.0671403770071329,0.0674568572376587,0.0745828767526172,0.0738706795206705,0.0869829389377049,0.0660972605696859,0.0700039201876201,0.0814877061020733,0.073193931030731,0.0780546712865871,0.0690255046975987,0.0716338311482722,0.074391708832638,0.0828532932441908,0.071198141444384,0.0731472062955855,0.068757057566226,0.0689448972709529,0.0776358334096438,0.0817013763708479,0.0728813623339386,0.0610613513428378,0.0799439328155409,0.0806424370314124,0.0720111074586758,0.0663367656286043,0.0886505397451239,0.0755794875684665,0.0774195142763186,0.0803946502794841,0.068235224589206,0.0736522798165011,0.0754773672918298,0.072708484602893,0.0744686872409691,0.0680860508660441,0.0694591414265327,0.0735573456625069,0.0850930210274739,0.0685113443987485,0.063052523834606,0.0803066788329943,0.0732039002083919,0.0800311515987924,0.082542960684091,0.0769859461385825,0.0741424686220925,0.0732119362185629,0.0793409736837548,0.0671153885004461,0.0736598785273324,0.0768015513333024,0.0669836149468517,0.0841021435460043,0.0759397233743239,0.078186600755112,0.0728904400470802,0.0694405109181642,0.0692265893476676,0.074893561495143,0.0786556824294845,0.0708946882302872,0.072364421136773,0.0775363630016579,0.0865513101522127,0.0777615473628755,0.0761850353416718,0.0670245187175391,0.069481134128976,0.0662660153305971,0.0698500390784331,0.0800648652553201,0.0708448121200169,0.0845100050766855,0.0775005740289726,0.0778785084885202,0.0766420654937032,0.0771596586459347,0.0822049596720263,0.0768300599314077,0.0726579044207592,0.0715184096412536,0.0794593529904235,0.0706492965769257,0.0684782713793871,0.0712426231092559,0.0630338719406241,0.0743726440548674,0.0598640039029339,0.0744920755378921,0.0803839912210582,0.064626459217429
1216.68511134738,0.0938620071222568,0.0874649374363464,0.0910098807446857,0.0914581385503808,0.0896475572132621,0.0861233823713778,0.0988129628044745,0.0928744739851581,0.0859531125258815,0.0952645022194693,0.0858897447466236,0.0843768538808797,0.0854046276441502,0.097218037109377,0.0889305432341343,0.0940951985130131,0.0812852678582149,0.0896431137157748,0.0865432817687485,0.082345964066782,0.0961574422353045,0.0806463795589551,0.0862335149758762,0.0964778357864478,0.0940564530483438,0.0837445406578038,0.0932978022213114,0.100387963826922,0.0927478603115485,0.090797815612916,0.0931550479848482,0.0843091615520077,0.0884305737530674,0.0943893456176528,0.0878327428772038,0.0829696317109405,0.0920297870450264,0.0807718237015369,0.0933851079917057,0.103207451951681,0.090780302850424,0.0919633196542011,0.0885331672298401,0.0832879957352775,0.086763570615758,0.0914661604133474,0.0896159379175187,0.099042470516876,0.0970906749348325,0.0877371547703388,0.0941816334241736,0.0971776767559537,0.0872927565268031,0.0917747187117966,0.0900846102101748,0.102807317145255,0.0915373496560794,0.081276632917255,0.0946086072502393,0.0846410131071885,0.0852789090968988,0.0902824987706803,0.0908818893475578,0.0813338784508397,0.0832477786679759,0.0819119327114635,0.0797054900009711,0.0932384145043889,0.094452582332624,0.0893471318740343,0.0912651689325805,0.0900584822785304,0.0866227823947892,0.0937945701571872,0.0913019226372633,0.0910869960902736,0.0837562683980492,0.0744869400407696,0.0947437481778366,0.0875479783365274,0.0856028639431963,0.0905390130791811,0.0837783850104926,0.0878027753832557,0.0988184224896522,0.0907371741676236,0.0892188427024042,0.0878311272704838,0.0904000649984389,0.0977394550483826,0.0913829895731488,0.0844138298290683,0.0804645365662572,0.0878393046519867,0.0857518934531844,0.0956534943884047,0.0935734593522143,0.096066933732538,0.0973746753629156,0.0872702019551123,0.0973663661877738,0.096564037512369,0.0846114427141429,0.0762578791650012,0.085515997862771,0.0856472410168521,0.0934019483170295,0.0853392036961905,0.0909280971473724,0.0783266987150639,0.0817449404898571,0.0924584359918155,0.0861571019911202,0.0903195272936446,0.0987397623594612
1219.63128459449,0.0808265617585668,0.0805219033925505,0.0792732050958422,0.0922037370312498,0.0796035509330343,0.0846826026174518,0.0979063983821144,0.0851888860496367,0.0894292361853651,0.0801701624233365,0.0834634174679021,0.0855555585600257,0.0824140130615975,0.0801059779205719,0.081902765313475,0.086041921775525,0.0880977755567275,0.0756028795997685,0.0829009824638744,0.0716119603446662,0.0771682786059238,0.087675394413441,0.0832127899402074,0.0879302842338416,0.0827635416603553,0.0806243187256629,0.0841700070246599,0.0868430602520033,0.0874447700610254,0.0845248115120464,0.0813180582709253,0.0769262428418229,0.0821581499187944,0.0852844470587722,0.0808868005493797,0.0820921054094982,0.0956098129791348,0.0776579047448561,0.0863913217254925,0.0824417281311786,0.0915369500992681,0.0877958678957116,0.0809983993914473,0.0721662211251278,0.0848208740932072,0.0798303755167295,0.085405081976135,0.0811356909661897,0.072157406340497,0.0840839518216554,0.0932780055673717,0.0705291137402066,0.0919665728366057,0.0758806234490347,0.086942537205134,0.0824055429935533,0.0861865368971635,0.0842368209194056,0.0772266325544452,0.0787439458209927,0.0887726176482128,0.0793641819433706,0.0799923131396401,0.0707472892292818,0.0823485998080876,0.0855327025683253,0.0905644371576829,0.0829568621553062,0.0796070509138382,0.0778659051940767,0.0892438305713861,0.0858216187656968,0.0713325139024632,0.0784603710395747,0.0821238757595774,0.079605029256406,0.0790153191650331,0.080154377277873,0.0851087860040835,0.0832906816908127,0.088560717018663,0.0912845854455195,0.0834136735863919,0.0767986790440537,0.0862529340150807,0.0843018912870812,0.088315433723339,0.0935510657425492,0.0992518997599651,0.0836793901865703,0.0758272992059272,0.0851466506089646,0.075777827135199,0.0706288232806681,0.0853685284195838,0.0729085796771502,0.0799267632793042,0.0834439643908393,0.0815437208367263,0.0813795747304436,0.0897507312899586,0.0945645875195907,0.0798750734904346,0.0773455919247085,0.090981140986581,0.0787326649853856,0.0963462997737533,0.0855358727277619,0.0827829028436167,0.0863539187009028,0.0763929799957814,0.0865502423112324,0.0841178080278155,0.0741691248401682,0.086081777922279
1222.57538641562,0.0986928952646128,0.09616674102215,0.0979074205055068,0.0913372186297005,0.107979811430899,0.0987823081212849,0.0981022851583548,0.107418542782993,0.102186382505681,0.109909775277911,0.0999750235960482,0.100027054979341,0.11082123011919,0.107456383824001,0.104538397636922,0.102796400880951,0.100410850929307,0.101109680830984,0.108423763827372,0.0986334948919885,0.0970968873826908,0.107875697742747,0.0962765983269991,0.102451958360524,0.0961923020468945,0.0931482046474359,0.106354390318843,0.102459715196011,0.104739246889384,0.108578165083338,0.105012290659978,0.0995555273460843,0.107050733578261,0.104093064562127,0.10812060983874,0.106820459408704,0.108719355361493,0.102695804820598,0.111643519179642,0.0964713172981229,0.10339651261092,0.0977815647711446,0.103872433976215,0.101964742794209,0.10944956281904,0.1162224014007,0.0982370223737489,0.104341659054685,0.105106666295308,0.109536908468696,0.101593817725642,0.113225440300982,0.103893066794282,0.109985282127914,0.114014992326714,0.11089645526897,0.108963113838875,0.107019737091065,0.103760478257118,0.10336959367059,0.110385747426484,0.102345177990029,0.0996020147524539,0.115083208229688,0.101782742049196,0.118583017809777,0.110372304832842,0.108020233562491,0.102099915905502,0.106427678216345,0.0983840525992241,0.105415713255058,0.108528964344553,0.121332629985965,0.117565936523429,0.104831760541731,0.10013294936455,0.101698868125799,0.0967648029317767,0.109089232213287,0.111889436573001,0.111525323743982,0.107009415217444,0.104994148730058,0.110304906329033,0.107648793972673,0.107126044179878,0.0942880589177251,0.0983581513388902,0.111273085877491,0.108069276851533,0.0973589415362911,0.0975443711273097,0.0970372392140507,0.109847620676611,0.102764229226373,0.0967582507029734,0.0992362982837189,0.105467774161236,0.100832305474,0.105516801072818,0.105662204992401,0.112170663513689,0.0965709822939743,0.108192598328214,0.104593568382003,0.111404766174033,0.0974073095458798,0.11528432916063,0.106132786179484,0.102595043002356,0.108704284994443,0.101827230390359,0.0993362650807678,0.106386852572877
1225.51741883196,0.0944962730362853,0.0958446557309014,0.107329518974536,0.10072241017553,0.109308996273056,0.0934693727702888,0.107078018609318,0.113852970151971,0.10349144730161,0.095920204633502,0.0939786620981462,0.102750275883872,0.106777479846127,0.104451504975819,0.104236978448548,0.0975104981123503,0.115477140495498,0.098064545552794,0.108644077003246,0.107059450078986,0.0885325731634379,0.105963789139322,0.102378642685687,0.103250900384951,0.0975434100551765,0.107353431074081,0.0944917813192067,0.105429633519607,0.102202808931508,0.104482028887535,0.0973659255016322,0.0916844464159821,0.107774126956374,0.107585650355352,0.106146701135891,0.09704996765854,0.0927036684791059,0.0957305413365663,0.105773281365392,0.105536783782251,0.0969518930904202,0.0979787433621264,0.0957968111871612,0.0951613726932541,0.106975796086551,0.0927339631175026,0.106128635452889,0.0968602293193827,0.102025326026088,0.0976591931813288,0.0990758752752152,0.0983316379977233,0.0996590834953206,0.104101180998906,0.0974581023872844,0.101433436273466,0.0850627440148546,0.103936279795132,0.100660882395405,0.10691660714734,0.0946797087563109,0.0919940691811093,0.0981493196103044,0.101111677170931,0.0997962196032828,0.1171223745078,0.0972071827620017,0.0988547193276979,0.0939525295186784,0.103299213481438,0.09916350257818,0.105069075022098,0.108718334612501,0.0921530989590265,0.0869188016975392,0.10670780165254,0.11025503910782,0.0909588026898518,0.102968685028406,0.100948208583945,0.101098249765608,0.109575379027992,0.103389948066128,0.100160774996367,0.0960868570708907,0.101776650133841,0.088168205249825,0.101682706821242,0.0963866763641704,0.0955805893193497,0.0925258476246426,0.103020778871364,0.0944888266913036,0.104009909299262,0.0978762971759367,0.105768811193935,0.106947152007621,0.111135116722622,0.0890963492844691,0.103215759700675,0.0917911478826735,0.094946880671774,0.0971007656587447,0.0941455871311456,0.094992368258948,0.105882854974533,0.114360608949629,0.105950731237292,0.0954595044694612,0.103544534438598,0.0961479917526075,0.0929061360095809,0.0976065186878282,0.106571394800792,0.0974624782498717
1228.45738386203,0.131684359540384,0.103239551443598,0.117299885303767,0.113888365737465,0.118759740035262,0.127554221217949,0.118253261560145,0.12255084528918,0.117351510971737,0.116377833677914,0.106920538866689,0.115700307782342,0.118169618556917,0.109042594804841,0.1184905841041,0.11923727664753,0.116811782237749,0.129624058479355,0.115472444728077,0.108926172790089,0.116694113363345,0.114063741551864,0.109022569441592,0.112292693103603,0.12526421837508,0.118772018001838,0.119983267597016,0.116657188023515,0.109039732455354,0.117717876668496,0.114802324217119,0.104823976750487,0.115487632027925,0.104517741195427,0.109139416376575,0.117337866288969,0.131035075736207,0.116365517215694,0.114917523196343,0.114608225020673,0.116036689977495,0.121035485748114,0.125316436834869,0.113128109488786,0.101796988665547,0.118968537243953,0.117873380934492,0.122270437361459,0.110962193123134,0.112691673459392,0.103067761785518,0.123705367619669,0.122189169935025,0.119331205665324,0.115032016544595,0.119583094972976,0.120786710613263,0.116822538812892,0.106898208753897,0.117127879397898,0.114658141769464,0.131655923114957,0.116107637450591,0.113189292242123,0.11869271517624,0.113970040476391,0.11814454063895,0.112886593980605,0.114228589553445,0.127424374906067,0.117798240780546,0.114147774430577,0.119409911800561,0.116746001127624,0.125677774761085,0.117487501672596,0.118732821391352,0.108136530271576,0.1091783915932,0.115629054568995,0.109577401756255,0.119000245478747,0.116653727755964,0.11661010786528,0.119596018018476,0.118518603011139,0.120129534223525,0.122941151029559,0.110673038470525,0.11387014100577,0.115222072470532,0.122894211794866,0.116807351285035,0.117294357152062,0.118500908285911,0.124445964656479,0.119358314416144,0.120254674828625,0.121313405702866,0.116070856976689,0.110909097212952,0.115329470355757,0.119607628437551,0.116909315361877,0.110615477690427,0.122470659326856,0.117322423338235,0.116167268646221,0.112941251476804,0.11997947746138,0.118487878610557,0.115072718704215,0.112038011013839,0.119791973860645,0.12469084057919
1231.39528352165,0.153982117641527,0.1464415960444,0.15764157680904,0.154023309402527,0.159056420586847,0.157761511389749,0.16069198658843,0.156649788193275,0.15031405808831,0.155975563927682,0.155174527236251,0.156252807518738,0.159895861432893,0.152132825077117,0.156252646779373,0.168528019451558,0.14672645380211,0.15844368615926,0.161919724131437,0.155661156817432,0.161851636121411,0.160086628145144,0.15801368796284,0.163074748425937,0.159032768206191,0.155888456887758,0.15756403862727,0.15979728888178,0.166576731675458,0.155324617022151,0.157844047658515,0.150976764638442,0.159201619660675,0.158913196413749,0.158438632753216,0.155997231171544,0.159288890900682,0.154666996542218,0.167425467203039,0.163997566362663,0.160651037031825,0.152804496231642,0.155395177614764,0.159095179367282,0.162767769978186,0.168937837455952,0.16095048294339,0.149331079091309,0.160309786232812,0.161223273188584,0.154760263194798,0.157473185647416,0.161449189042672,0.164007680862146,0.157786081933199,0.158443849317087,0.167202881231983,0.156137634684423,0.156502916085878,0.153423468363662,0.163185498283556,0.161878177025751,0.152368252322124,0.163205358129912,0.160669950061488,0.159486505180977,0.160887376121311,0.158950778959721,0.164599837395405,0.148219311405955,0.15930847256345,0.152044537755253,0.156071926822424,0.171276950211835,0.156731935653809,0.160527483912047,0.15857024928612,0.171840121323299,0.166697449723027,0.164818051953195,0.163196450601448,0.1522517208684,0.160955898022977,0.162740953582918,0.155315263590778,0.162286107958861,0.164140964953679,0.153629080880921,0.155844127645411,0.156825865258934,0.159852717889704,0.163535764546688,0.165579557410996,0.152654416363756,0.164540784982675,0.150962562290932,0.160585963082457,0.161689335008251,0.162921872953133,0.158125457301539,0.17233236628281,0.1542642733113,0.155733365352422,0.141190606652485,0.157730297850097,0.164188071102045,0.165421815900816,0.163619568861281,0.168286424564256,0.173895519521459,0.163526595244611,0.155949921643856,0.142928221701772,0.165089746814185,0.151925926987098
1234.33111982401,0.121666073631391,0.119700280516638,0.118823348305084,0.114354385847397,0.131727505748119,0.119178223259502,0.117042320060806,0.121342781087889,0.11890065029015,0.126150316620954,0.109285919994066,0.108400761985617,0.109579285365651,0.124206352217133,0.103928441881172,0.109247354297206,0.11345475580821,0.115875329376799,0.117043591250544,0.121431704588528,0.108365635727885,0.113430513453569,0.116433183765557,0.118862456762405,0.116462396783127,0.124313628339619,0.11386384559122,0.112725484193449,0.124936276095627,0.114428023196144,0.109465383935276,0.114618772499035,0.104609653920064,0.118100265888276,0.114040611096999,0.111183899438417,0.124805015460558,0.111848312877893,0.119884267219824,0.122829736432573,0.113166152604675,0.11438679910714,0.114171804382941,0.106012318948394,0.12019181902154,0.112135048639059,0.115001734357488,0.119396295371893,0.115750498812541,0.118616228762773,0.117574046782264,0.114639055695242,0.124901039355793,0.117036318208117,0.11495446349347,0.122541992356001,0.127571863297804,0.127200427185598,0.117744924599193,0.126471940975927,0.12279772836815,0.124875223089099,0.118777268207845,0.114717805948666,0.114200641007471,0.130883278883512,0.117556457209443,0.122195233173476,0.131954227954615,0.124534813911434,0.114926275845529,0.113485514024007,0.119266858232109,0.116619120043767,0.118392627569338,0.120157733920774,0.118654665714482,0.109125326073262,0.117795413924936,0.111064058287767,0.121600198920653,0.110799456520088,0.121423308964931,0.122651876526772,0.126692980400767,0.125002071283328,0.121113620218862,0.120023851620886,0.114344352698609,0.12251983593864,0.112280372260527,0.112394285484678,0.119363724676622,0.12233904438643,0.127179324728812,0.113140757483009,0.126470114372999,0.110659833473875,0.117861189071038,0.112606899387398,0.128571721746492,0.121748724836016,0.114546563965577,0.113602395364896,0.127472941635952,0.11852546117345,0.115008812744088,0.118838071199329,0.12175734422877,0.131054518666032,0.118355120013747,0.115415827243551,0.122274741897449,0.116355464750754,0.117506827618399
1237.26489477963,0.118597400940121,0.145289955561831,0.129897206589041,0.128078386569761,0.133080615567033,0.148288656176195,0.137558894915384,0.146989852144961,0.118047883145453,0.138426321347613,0.126340425837678,0.136189703474228,0.136419658227549,0.127189096115439,0.141703117300305,0.13319773549533,0.139535407847846,0.140314043568643,0.137645070870708,0.124411423633628,0.132162038025684,0.128922226181032,0.128991376090308,0.137807015885057,0.132118404941562,0.133516907371851,0.130036936809878,0.134974074867572,0.129037011604147,0.136345157380999,0.126919991441029,0.13177864259554,0.122549886232112,0.140770324246571,0.123666139165758,0.136499298279731,0.139626732062495,0.139125212428908,0.135162328887271,0.142412105694227,0.136709122757087,0.127123978513689,0.132102551554694,0.127766494845204,0.13563332641858,0.133868948885241,0.128963893467311,0.125094061807955,0.136172571819957,0.123235253653077,0.141638295797899,0.126611734833455,0.133513567415162,0.133951427213585,0.131987613396214,0.134958482580983,0.134067074859993,0.13184850413147,0.126745628007119,0.130043872358535,0.138952998568253,0.137330039338315,0.147288700451922,0.128513497415214,0.133665295153169,0.143593170790626,0.137953394431437,0.138454916885677,0.135533349194143,0.129772612347609,0.148082822625802,0.139205580660868,0.138263843684662,0.13901437771328,0.133486861904173,0.137629479781866,0.127150997082909,0.130699886281673,0.132210206259978,0.122981581174187,0.133950755380405,0.127280815062805,0.123817881990123,0.140240178153591,0.139126690637686,0.135697651880811,0.141597299325272,0.136867124315369,0.128107526878616,0.135896302382809,0.138370145260618,0.129008678687231,0.138463292546473,0.122506890708393,0.135118738442559,0.125122663309117,0.128927662270666,0.142637386719375,0.142368204762768,0.126032173003945,0.139917678514701,0.137786599496607,0.141428993707655,0.12732065400642,0.129774898250121,0.126393289853416,0.131749038696437,0.140187176187465,0.133134077316386,0.136881450264454,0.127430937891315,0.130450800177124,0.129048442819421,0.131769609722929,0.136782440466146
1240.19661039634,0.135397062321915,0.132882091213001,0.132301956675368,0.132641571431881,0.122536908126776,0.129136916891408,0.125728035726346,0.136526664172246,0.128113889040946,0.121734462144567,0.125492857447021,0.13383349292067,0.130809819526873,0.149695877291658,0.139754088464541,0.144478152537513,0.128256505300446,0.149382051108637,0.127993252071815,0.135057102655947,0.132398802275961,0.123882358545618,0.129228929116171,0.128202925533831,0.145034682384689,0.132673450847954,0.137428741958202,0.128623472573695,0.137001504582308,0.125240553059044,0.136544402009905,0.131941755680648,0.119007839231388,0.133897635373137,0.132746918350606,0.127873141791895,0.133727234624781,0.139918541241122,0.143776755042179,0.123898130942279,0.134735582411841,0.125176211848923,0.130692807820358,0.131223425240028,0.137527157523396,0.125101376732937,0.118751123689534,0.117096099815456,0.129300942376795,0.13499870085918,0.123434585862197,0.131880964002931,0.12485146720813,0.134208681305075,0.135601107344308,0.146806253491745,0.149005235298594,0.137604130217925,0.135204092497534,0.136951540321609,0.113398680223886,0.1314556094486,0.127571528749029,0.137786847498695,0.136105219755903,0.133675712856783,0.133762560019261,0.12656039738758,0.136890349818564,0.134461013362269,0.128256562702067,0.129471617395657,0.137932342634676,0.135919069004273,0.13206406478439,0.136200160720424,0.141154443814521,0.133125671246532,0.126983319175199,0.130453909591384,0.141354062872902,0.137813525238527,0.134385527603412,0.124240500720013,0.125495062816647,0.13261457052644,0.139641984941829,0.125447482802783,0.147836223304399,0.135031363293449,0.121735592805071,0.13415607580403,0.133821025407049,0.133716225993921,0.132569872734763,0.135432642193561,0.135270204226993,0.133399769272515,0.131549169523454,0.137811755358473,0.144035250991458,0.129284926973441,0.145993729039639,0.130972917133443,0.122478186002588,0.130990646494095,0.142441615620835,0.130425827711554,0.129485868734734,0.128731924350159,0.133746129763021,0.132839947829435,0.1347322725819,0.139036848647562,0.130550328040965
1243.12626867938,0.145031058613765,0.139758440111257,0.132002335599974,0.139368504497124,0.137429212592682,0.12219784104415,0.133097060276292,0.137356963474776,0.132184853931749,0.125823381818312,0.129257263411633,0.125862432759279,0.128930973180197,0.137511014457888,0.11710725597821,0.1271052382934,0.142261231675855,0.134841717930135,0.131552393982176,0.145162401050554,0.138123022379867,0.13148821352015,0.132688940844324,0.140570812440058,0.136537035308064,0.143007038146984,0.142630267592182,0.126130373015246,0.126789069639588,0.140673213774289,0.119008598039817,0.122609837278537,0.122993899945397,0.129220597854901,0.134117544570988,0.135392956108212,0.129515304671448,0.139615014286711,0.147951156491269,0.130792823899448,0.128884974398536,0.132485460558219,0.134265050846535,0.136840537911732,0.132921557783101,0.133854546812995,0.147565463736757,0.135413400161616,0.128988211933036,0.145121667498494,0.129084880405988,0.127091785708168,0.145741487729845,0.14224931811329,0.13642416143107,0.131053714739713,0.135827944281096,0.129604694246251,0.136533960020984,0.131104313897805,0.139447628071199,0.143368202705166,0.133919254750777,0.144236469263015,0.141848231621004,0.140174464608948,0.145788241988304,0.137311839089471,0.134353773544706,0.142492677402804,0.132979771510666,0.140245221954718,0.137055183575386,0.132830729223844,0.140011665908952,0.13088480952029,0.128211414396005,0.131727024532914,0.133770183456299,0.129585816889215,0.126197052100436,0.127780576053687,0.137882543524971,0.134563488747177,0.148481950577188,0.13119258970852,0.139883226728209,0.134544081274402,0.137234583832478,0.128693176334833,0.138843430678131,0.130568456933911,0.129185713484274,0.134948948205518,0.142732394889498,0.136237575507605,0.13220085090537,0.143665694171102,0.14944472130795,0.133073789618898,0.137585212982344,0.139336068251427,0.144575938572904,0.132617787533376,0.14027003339297,0.143240959665486,0.132776722442992,0.138452616464683,0.130298227665411,0.132894431566463,0.135086940860832,0.131935489400106,0.130003452499142,0.133808733056758,0.130704310279115
1246.05387163129,0.134810050255279,0.138930708771064,0.127914027614824,0.138013443697387,0.116618653609927,0.129690839979558,0.126763681072653,0.129729412116035,0.13135215571061,0.128825762925458,0.140192192032225,0.135784730761333,0.132911565097269,0.128043575612313,0.132518749939578,0.142257465687199,0.138688718140814,0.132939474153286,0.137869256981328,0.132843501710978,0.120287919112276,0.116982928984505,0.128116327343569,0.131529111354608,0.132989395425158,0.148320846254814,0.130812248555511,0.130245482062607,0.124297844116433,0.13824486984874,0.13387053645323,0.124787438914553,0.133970994346118,0.127286576499316,0.132738934987135,0.128449941694571,0.143237350405124,0.129936559039542,0.133789077086494,0.130515577916177,0.133583643026616,0.135992707713721,0.135633295054819,0.137619444164558,0.128864770259837,0.13865992832781,0.130771500234397,0.130717683414497,0.130320469333687,0.126151020755566,0.127696351324859,0.137966890383754,0.14211021422339,0.126411179831958,0.132219232362233,0.141764556586934,0.138968075626187,0.129869252825507,0.132382011888989,0.142464491994191,0.131471865473534,0.138618755500108,0.132511922182362,0.127481112408937,0.13715957643706,0.150640968884981,0.131549593093909,0.128744165176409,0.139067833175977,0.134405219934921,0.139383415324223,0.141606567150561,0.127898478422316,0.144161073508289,0.134196508406683,0.1261324316403,0.12737656190101,0.145112039399364,0.134560187081066,0.127055253645461,0.13471457807915,0.130747449769185,0.128864849175741,0.130895693118216,0.121550718893955,0.137497422915133,0.132467015690739,0.136996037713386,0.140183006826434,0.131129903057698,0.130094880789223,0.142832423908304,0.129954926404739,0.127256122284031,0.135226141762363,0.126418576799316,0.127476359618995,0.139455204854414,0.133118675275417,0.145968966811057,0.139490888016824,0.13739379466272,0.136086773191428,0.123693315602776,0.139391513292667,0.136928505384223,0.14843635064098,0.131483516487005,0.138911651072683,0.134267311878755,0.133667427383452,0.128287701022051,0.133507998141618,0.136197689202367,0.129802690204909
1248.97942125198,0.152733585699586,0.154633568467763,0.150944560371505,0.145832782450785,0.145050750518194,0.144958299145635,0.1423723654224,0.154275812215743,0.149077249033317,0.148235728786826,0.151134285004404,0.141114561141848,0.1507328540974,0.131052560963346,0.156330935416144,0.164030644731606,0.145014126286608,0.141478726389064,0.137040781641249,0.135303306944173,0.145756401450583,0.14408784567513,0.142309418641751,0.148852765262417,0.140982857964364,0.151966128320856,0.154701651621141,0.144269614003004,0.144405545219792,0.141237764432936,0.143514899435087,0.146976487489401,0.145492557572275,0.152173009702834,0.146249521493776,0.140435829234825,0.151364465564353,0.162760200052423,0.160768147555336,0.144602972678652,0.137179816293782,0.143860083996908,0.145853293331048,0.158324354163167,0.145959067900775,0.153076842057341,0.151356197947093,0.140279468183363,0.149678080684096,0.146720125647436,0.138780503105029,0.14102063904026,0.145175527115137,0.145575207898361,0.148160561226663,0.15305746990143,0.15055163627059,0.145003626598536,0.137019175369415,0.151057460617485,0.155339325971694,0.15054537022847,0.158278640835081,0.1447021217717,0.152256197435838,0.14753415761705,0.149178674074178,0.157731447430392,0.144903447610295,0.150792085828513,0.144678722153539,0.144637278414513,0.144713136595691,0.139978550949639,0.135548881525856,0.14585576355682,0.151851555524829,0.148105413651657,0.146818459861306,0.150686522683444,0.153146457824807,0.150503925220204,0.135098182632055,0.147391843728267,0.152872503524151,0.156491950561939,0.149145791016794,0.153312854239647,0.150180862116512,0.148369695594175,0.151715504420281,0.140898018932704,0.150162098411107,0.143741644215137,0.152583705293024,0.151856386153824,0.144366700113694,0.145278695459596,0.14881995608741,0.14785505084051,0.142517101940041,0.145822565551188,0.158096908154702,0.144995546553402,0.137453139265377,0.155746549378312,0.15144418103452,0.15563879270905,0.150872491760534,0.154664441337335,0.155501126820935,0.14885268009173,0.154020582026728,0.153270339841645,0.143260893242873
1251.90291953874,0.145836969511313,0.144456765772905,0.142532750396441,0.13856008414352,0.137239234429804,0.146362643394671,0.150311070687957,0.150613184530061,0.140074521437234,0.140865189978971,0.141104855859835,0.144918340096266,0.152598835969546,0.148164590179787,0.152730814285342,0.140065124947666,0.151346602568381,0.14398404130132,0.14997390159918,0.144335478349715,0.143281429292675,0.154874758892612,0.139358808727341,0.153004161287746,0.147884924206309,0.141655680270178,0.151685537817043,0.154450148017027,0.140826568033645,0.143696160409196,0.15055401853519,0.144167719680827,0.146276994110541,0.141497994409439,0.138821690990962,0.148533187810999,0.137650554906057,0.144818104460698,0.143285422350978,0.148205431087706,0.145222181024842,0.146837498763616,0.143366784329379,0.138660322433593,0.141373864636149,0.159026554758157,0.159307787355624,0.142175161523092,0.148294695420384,0.14698097009358,0.150955860701721,0.13513481646951,0.142116013377694,0.148637474138961,0.140053793449848,0.152279462565334,0.15089340918304,0.150236697106562,0.151543352516659,0.150225120064775,0.144084590668114,0.14247645819477,0.148569211748132,0.144946127390412,0.150878097727594,0.150658811483968,0.147810230564876,0.135926006326024,0.145731537316368,0.139938688474664,0.15053920021524,0.149891580896282,0.148829103786233,0.155203633934261,0.145170522997091,0.137780939207161,0.14277976527992,0.141801884098054,0.14816814829174,0.144831480285681,0.153421776565606,0.159981333962986,0.147871920200373,0.142618674710344,0.148699274157291,0.136343366352049,0.145028536611179,0.148019055423995,0.139058264588994,0.143148678114109,0.155913865132153,0.143888186464015,0.141230631069118,0.13711460334257,0.138463567745317,0.155480180504667,0.157940070836583,0.147210044969187,0.135268600426823,0.139833824309638,0.150559955516684,0.155894992561471,0.145266457684891,0.140619151509326,0.144594360670575,0.153817468543968,0.140699599101908,0.15090688927861,0.152819515611432,0.15213650319972,0.160184417127586,0.139168576736498,0.143281485391238,0.150238037702767,0.139185418872223
1254.8243684862,0.141706211293653,0.153564779195488,0.147141985996794,0.143158375984832,0.138632727405027,0.152767686273004,0.150031582257445,0.147522432260504,0.153994781441147,0.156462775463194,0.142851521030413,0.150773526521366,0.143830403383865,0.149018948331187,0.149137986113143,0.148074037079763,0.140651794839659,0.148144174169752,0.145308601540972,0.133132304665337,0.139169813722232,0.151976937723905,0.144990897839755,0.148376534462475,0.149301780755076,0.158719861074875,0.139339662663737,0.148134692814163,0.151030484476556,0.148327425014721,0.140882248902638,0.151368607863733,0.155127376197356,0.15217162654637,0.154551295979673,0.153855221553018,0.157557112113176,0.149510669635842,0.150824082046138,0.142427536902088,0.154381767956034,0.149822290776117,0.145862878936541,0.146997833500301,0.146554654865516,0.155379293672938,0.15022977389389,0.146818692516738,0.154562834886276,0.144503808226433,0.147421137388754,0.144913738298793,0.150770524549061,0.151151547590226,0.145939923337153,0.153234151757049,0.149555024025363,0.154926649563855,0.145766525790729,0.133309367769278,0.141619657333753,0.161085294810865,0.154945576129906,0.14576395041543,0.153353087081013,0.162278476652011,0.157069329244353,0.1577497318314,0.14823869018367,0.149667411289078,0.153060508703376,0.140193346713876,0.151295165176877,0.14272176363064,0.152596516740012,0.14139167717106,0.159018115525726,0.138242032559562,0.146250331474876,0.149000569091797,0.151502663519,0.148352306316952,0.156842171323261,0.153530466667105,0.154518464594615,0.144875804546348,0.152962595138474,0.156036114451838,0.132818470239442,0.148895022127265,0.14100336088547,0.149617613370903,0.158754063848039,0.142580717448395,0.145340965528552,0.154075694050199,0.153791504739653,0.155833372270182,0.144911703821308,0.149997007058505,0.134678290680879,0.151792570577263,0.142244597317648,0.147834599267543,0.149075090749703,0.149164820734784,0.15417921962574,0.148960804036704,0.154217188198489,0.155209287193379,0.161554358099646,0.141044760099571,0.144615062822108,0.147756780773523,0.143622910647891
1257.74377008637,0.159099844764507,0.157172459564568,0.14470974329437,0.157470776308107,0.1497724310329,0.16417357858891,0.142082429913225,0.139924757443457,0.143915588392822,0.160040699395234,0.142047419033637,0.158680265921636,0.156352149062978,0.150964847646533,0.144993022739664,0.143965060649794,0.155241362246959,0.141877183322799,0.149453596638114,0.154215463166509,0.14219059370256,0.155406136170181,0.151166384663677,0.156386313799975,0.149627539939891,0.150099779785862,0.145126057564321,0.146227605369111,0.148017427715248,0.141595607157708,0.154204927069922,0.143073976350698,0.15485262133408,0.16066398662993,0.153752354012414,0.148054189817273,0.151141228270683,0.158074075992728,0.164484891302585,0.156536888773983,0.15023254429437,0.141387843711165,0.153894510478522,0.157496280149683,0.151742685304428,0.142135211852666,0.159295516131115,0.15146974451801,0.1570165055818,0.154662627322291,0.149855759748707,0.154141178691232,0.160547483855603,0.150340186389305,0.150714652598885,0.154771417639486,0.153285912147887,0.149165130499673,0.160305657035063,0.148582696410654,0.155080351809927,0.14691936966536,0.146914355183395,0.15847875486815,0.149792187255702,0.150140091002232,0.142859541986477,0.159702776039072,0.153539464166235,0.146614061141052,0.161167358377685,0.146016773625449,0.148244455162368,0.15574500250054,0.148463536782281,0.15335148932164,0.146110493508188,0.145088102787789,0.159075915104621,0.148725387245433,0.153443811197764,0.151347815287839,0.154387166756233,0.148772357510938,0.155907433402112,0.155070106597808,0.159809239518556,0.151311772349537,0.140671063759521,0.154100869728831,0.148590938738612,0.153169159742353,0.15739425565213,0.140698258901138,0.163273400015889,0.158833462748559,0.155745007687525,0.154994355700536,0.156218564807756,0.157964591200577,0.147745817008534,0.145515807074346,0.145219977873462,0.143977663064071,0.152496423857314,0.157081342265678,0.1561082629885,0.159802639197383,0.152838762821034,0.148221812315324,0.144113765844712,0.150080414503088,0.146504906900445,0.145826718809015,0.152852598041161
1260.66112632864,0.158846109588351,0.172905056680915,0.159094492405379,0.152377539129221,0.159837430442659,0.149510928438214,0.175269033151386,0.17014493490366,0.163852634544086,0.172373197285736,0.164276652916181,0.166594526271938,0.159303925425964,0.167014227687607,0.15876223229185,0.160256544861104,0.161046447627504,0.172413206812034,0.167910818763793,0.167646858067019,0.178102505227064,0.157263189496093,0.16110119996882,0.162206990210296,0.170282913837003,0.167737597467535,0.162454018961762,0.154230143554372,0.172012060642649,0.161943371770144,0.170669596470954,0.161792852926897,0.169628055794093,0.169164071751078,0.160677647282689,0.165078334857931,0.168822448807488,0.169956592848599,0.156474796600516,0.163475050029511,0.155523648582732,0.161800061116173,0.149772880990814,0.154543694214629,0.173745089937568,0.164491676286632,0.166720234449554,0.158868935478801,0.161661937535864,0.172515982799866,0.152840059115267,0.156666254395906,0.163642615664333,0.16620078393534,0.170042004250077,0.164368293662561,0.17783452443949,0.170384413474111,0.169912611523124,0.165528255576331,0.166902084155504,0.164432187297672,0.166057784152748,0.164407744547293,0.164918372340796,0.167433347635515,0.178404837492542,0.15614181296514,0.173892469586931,0.171928143582217,0.166493129873921,0.162375347923109,0.163984106600545,0.175427613578118,0.165268516134804,0.169767779146831,0.16236375114794,0.16671857782211,0.169725852747711,0.167378365605941,0.158144543067076,0.164636997417928,0.165006093897404,0.172577461252849,0.16340606640287,0.163066524540314,0.152429746893474,0.172647641454445,0.171825617463432,0.179042373425847,0.167431671704795,0.157274802482467,0.164678176260081,0.168774758500115,0.174585207360601,0.164158445992102,0.156598169778527,0.164746976139444,0.157043729870283,0.168694062312118,0.166387007638711,0.155065389589037,0.162360252781375,0.159267662484806,0.159661335736282,0.162274592035559,0.161897617920603,0.158983337761969,0.171510083487767,0.17144571144603,0.16321041226135,0.157473754784948,0.159370912915118,0.157493798760361,0.166343074832839
1263.57643919976,0.150324349663594,0.146785863945547,0.148002101598399,0.151066883032968,0.152596289739596,0.147062008416423,0.145400543141797,0.149583594957917,0.144513417032493,0.152458948985594,0.14660286423388,0.145386925346873,0.130870844445417,0.150541646606456,0.146238910785301,0.151753862419926,0.146527704214393,0.146390798818148,0.142361530521941,0.13895940872409,0.149351915032789,0.147542449454198,0.147997332106584,0.151561194427138,0.143161644027254,0.14852114245753,0.140244613043288,0.146837368195683,0.15468797832714,0.141690381851583,0.147436611101225,0.136010460778086,0.154864077253159,0.15468918583488,0.153279479201876,0.14426646477614,0.145615940518942,0.146526677363427,0.148472648739839,0.159928878021219,0.146396541381348,0.146851547667011,0.142342620908109,0.148907206780277,0.14262326051139,0.155782956675454,0.160962875093799,0.142707933775873,0.14119893762591,0.155785991019724,0.142824639597778,0.158080974113485,0.148349430192606,0.151517788024917,0.141826075018913,0.145215758657419,0.161332726554658,0.138766152345644,0.146594887019679,0.153629214243194,0.1425044375136,0.146392390411835,0.144735826908008,0.146566578609439,0.154780111644489,0.147388577421073,0.152472271827105,0.144858297139575,0.161378428209896,0.144423257879006,0.145053231589444,0.141618905671166,0.144928434779449,0.141906373267282,0.155092629294849,0.146708302057841,0.151671591150167,0.159897524853883,0.142178792824409,0.150980829286055,0.145239730085594,0.144909913495908,0.138612185358267,0.145998500128716,0.155935052059971,0.136883178322089,0.140678421277285,0.154635705070284,0.14014700853896,0.154123671602932,0.15366991988176,0.15264647985063,0.145522781822362,0.150093791758111,0.145029659626032,0.13815820189885,0.149702624404867,0.159467051818667,0.152356008033534,0.154094013843673,0.152755697767779,0.147713215255443,0.156095059577593,0.140317556654836,0.149224097924062,0.153275279119325,0.155035932882545,0.15094836362788,0.144537841226217,0.142660198856309,0.138590395916135,0.156623483931587,0.150308781517372,0.151774402294655,0.134659349042171
1266.4897106839,0.116983195460649,0.122877765757048,0.12119293470481,0.137361237181806,0.127508097895218,0.148504772443106,0.130346173101515,0.122258481215122,0.136639951953039,0.137472770554395,0.138659062452856,0.131852801578548,0.131177426142959,0.126486511741956,0.137080972930837,0.128377964739786,0.128719778091714,0.126417287140151,0.138827272243694,0.127787059173088,0.122801672792509,0.128877167321774,0.137045205025302,0.132136963619678,0.130877831110747,0.137131857562547,0.123535460606494,0.125699757820715,0.129106560351524,0.13173250564738,0.1263010298672,0.130740522334591,0.132049870229537,0.133655797357025,0.14147952690465,0.119010284065526,0.12745951373787,0.129175581562531,0.12046748150989,0.136510847584688,0.129509611295306,0.130822750435881,0.132156663499757,0.134126778500486,0.126689613813833,0.12391871077978,0.126635302640501,0.130939652110949,0.122928001098158,0.125886342814108,0.137695052414388,0.140491561357476,0.132506770375965,0.137398165505568,0.137673283683979,0.126646296418047,0.133027496572007,0.126972849565827,0.137555940858244,0.124537655967919,0.127994986960885,0.13169439006119,0.132292701970115,0.132696770387021,0.136408829364581,0.139234546996494,0.135490992154292,0.128613245607902,0.133827970429168,0.134164661627622,0.113581347511865,0.140817165341106,0.134719665928567,0.136662148985033,0.132807430190385,0.135334991197315,0.136586750986141,0.125172377414884,0.131558701402897,0.126800579748798,0.124636950064909,0.133311291760834,0.130192317369041,0.140704214909005,0.127392585349843,0.127250343386849,0.12619777064782,0.124991431073134,0.121477757839581,0.129760913154005,0.132045001738685,0.133274318722197,0.125296066926847,0.129319261199587,0.121005905312672,0.142939515208934,0.127855957106439,0.137483579128779,0.127249575498015,0.131790666977696,0.130227707208579,0.125095840945587,0.129147046022488,0.122886837062874,0.132391446677785,0.119160265089351,0.125066065607729,0.130141227036678,0.12926477862859,0.126187923259777,0.141652300222445,0.128275513858821,0.127544773399906,0.131386550514051,0.131156965379262
1269.40094276256,0.142132102712988,0.142489768344986,0.141024130247543,0.146312487169217,0.141924640415796,0.14107866460549,0.135041457112766,0.13783065837477,0.139686785771193,0.126868131664824,0.136863652787602,0.13876842673608,0.135748411587433,0.140932428687537,0.138563120654097,0.136977262690288,0.136196833165374,0.144345624455659,0.140802852058236,0.134129971664488,0.136267763471233,0.14181733268755,0.138964241909472,0.148963557980319,0.134530124890065,0.140830614152471,0.144182504911741,0.137576882119926,0.143757798136083,0.135318560382268,0.133907286272988,0.134980897873981,0.139865881801179,0.146010463732951,0.138506649133748,0.135501635086486,0.138442601769385,0.138874967964657,0.143054219543451,0.150099356656691,0.132050830582641,0.1343908358809,0.13524578135005,0.13927341340501,0.138414017498635,0.141779613430402,0.136832003428128,0.129593273939503,0.137425687441677,0.132782168922035,0.133115593303561,0.153106481953203,0.146775056863595,0.133840694479784,0.147514156244317,0.13971784839969,0.123853159629059,0.140509392375158,0.135111670380937,0.148165402303756,0.142036427524232,0.134229155572327,0.125956425605736,0.134687640477877,0.145515428571031,0.13674711680942,0.148142706850207,0.141641597126915,0.134703076147636,0.135591791490568,0.137338489304618,0.140023634136598,0.138882272808563,0.129763402483566,0.134765409493282,0.132867472802587,0.14021204083739,0.146826310348999,0.14332354260344,0.140469377247445,0.133764447240439,0.129299908309325,0.134846839567789,0.135418146788236,0.147119184670835,0.144645054869544,0.128696264700672,0.143580104109029,0.118526683415287,0.127326270270309,0.139665838413116,0.143414074549894,0.132604499246809,0.137978695408285,0.14449417947636,0.135419555485882,0.138706038926112,0.132776811626714,0.137483965938332,0.132079004882263,0.138875782949552,0.146669751048208,0.134877396642314,0.139713104160727,0.137980484134623,0.133115674287921,0.140786115076608,0.143237854918492,0.14628985767902,0.140486813331698,0.146936368237545,0.138444543444316,0.127822354963686,0.138185665754301,0.14945735601378
1272.31013741468,0.113772625239686,0.143383366965141,0.128871821884662,0.123455779029759,0.128755474932999,0.12811271636462,0.136454845415098,0.123501918403616,0.127464713801856,0.123378620019918,0.122284658995275,0.120139925550381,0.124897203752772,0.128820553459971,0.124944798811389,0.118027059997513,0.129944506414032,0.139765494292685,0.117478429498955,0.130633333766638,0.126723983263145,0.128961381605382,0.134459910413913,0.121318206851894,0.129402628346324,0.129457684001731,0.121447960715218,0.12415714732061,0.124805051412077,0.128083712069139,0.133162510678381,0.13122807834931,0.128350225852079,0.120068699059761,0.122864338651413,0.130853194065421,0.119742716347089,0.13368198584235,0.132853362584772,0.135533064889872,0.127387386327396,0.140687867024093,0.141660090214079,0.138506504805459,0.127375629771071,0.12801082023496,0.13824372477825,0.135380389582384,0.137735536129799,0.128155841622904,0.133422268671859,0.12658690252499,0.131506291337703,0.124736635421865,0.125476069328196,0.126341054716483,0.129872809292699,0.137540013371098,0.132675718465416,0.131851905011509,0.138521466531349,0.137327865865289,0.130162574118137,0.12536413538862,0.119468895901159,0.134267988618589,0.128382957930966,0.134800020248458,0.127228507059822,0.123681538355912,0.132099268510757,0.122062181110036,0.13310942466129,0.126198904759573,0.133427070788954,0.132076515322567,0.134494381348597,0.145502080199516,0.122349628960859,0.133556665005417,0.133543040037417,0.130710406753283,0.131343397149651,0.130700359679682,0.129687673361683,0.121794893118011,0.124633562474927,0.128918788222468,0.12804354612081,0.13585988782487,0.120869440447577,0.131161173413472,0.132365019890195,0.122475713801047,0.12766790801286,0.129586456732736,0.133497214064745,0.135319988745445,0.122883361818489,0.121910273296298,0.130835598406496,0.134432748344732,0.124825732263959,0.137409297286443,0.128636059162682,0.128509646297912,0.132297516195947,0.12355872304265,0.119341982624234,0.135217654640679,0.133964127841443,0.132668726558462,0.128108557448882,0.124337299384218,0.13162054190438
1275.21729661658,0.121283110908516,0.120050868682167,0.122150350735023,0.117324439060948,0.11884078040211,0.115710028541155,0.117586899902819,0.122725706959642,0.123435189141919,0.0985766764050575,0.121529554827362,0.121961470002931,0.11937484499711,0.118885420515426,0.12420519125266,0.118926928453576,0.114908448290184,0.113775414888005,0.113968792245134,0.105261107978322,0.115544642630024,0.116113903910767,0.105845559986898,0.117293861635216,0.119889453135896,0.116976127857946,0.122338974332333,0.115696798163305,0.124595454617737,0.110028104706938,0.116230294164768,0.10847990858293,0.118454879633275,0.103438010062944,0.118805383853576,0.117308689387675,0.115617047239291,0.107526085212173,0.107652715378859,0.114900757588472,0.112190308193517,0.120875005419565,0.123760750340628,0.107600486188621,0.115261043157267,0.115945435497976,0.114932752239653,0.119800284018339,0.106931476953981,0.11804723385924,0.119645858434802,0.120765815572655,0.120148185381834,0.117862848619584,0.115753679652108,0.122750144507957,0.115652917523543,0.11366107921426,0.122563974677551,0.112217707521858,0.113607964877815,0.124321699268108,0.116081043245978,0.118880173447039,0.118702967341445,0.113690242415123,0.120369784139311,0.112506053728935,0.124220084318693,0.13124233379321,0.125195305353831,0.120177376604039,0.112981820222072,0.106568627546826,0.114471945395918,0.121284032971598,0.109532776823973,0.119557959015053,0.116120020422575,0.126095982580071,0.120670399438227,0.114805127922763,0.122948679903617,0.12263162870591,0.116147698051705,0.121009853208224,0.107987825887136,0.120917719924878,0.117524601638993,0.119741888619894,0.126258827289689,0.118916749414203,0.117561137671276,0.115914208862524,0.119688113347629,0.120964215965768,0.118324107604988,0.125059428720744,0.117676448082546,0.1156058170257,0.11946483777804,0.117840409613785,0.115327215595607,0.110435382476033,0.124103270783599,0.132104366071742,0.126018831853054,0.120002414972663,0.119682031709449,0.112058575077367,0.113805250846179,0.121950642144191,0.119629009546308,0.119194651129996,0.115919059796086
1278.12242234198,0.119422895283113,0.124266175378743,0.120317637562738,0.121447532713267,0.107311227794984,0.109973706214322,0.112436963025408,0.120829642046456,0.123779084334325,0.111504626949528,0.11617804075599,0.126346640661687,0.123970153860555,0.106247752328435,0.110044157797698,0.125346962597342,0.115816323056155,0.127884385032346,0.124222132734577,0.122024076027713,0.127392389951278,0.126446394740026,0.124404505577794,0.117121792844904,0.119721887039347,0.111763848056539,0.119393813251554,0.116046764071482,0.117231178058516,0.115804313436088,0.116024306590622,0.120747853904984,0.112328904172772,0.108704416148469,0.110896434654312,0.129372905473644,0.115981867304227,0.120010648095178,0.115812638163917,0.129066585129098,0.109208744643846,0.115218162559062,0.118584168957068,0.121386056877265,0.119419567472069,0.124227473492229,0.125154883818771,0.118479191735214,0.116540606538532,0.122771929896795,0.11996957849728,0.118867814885817,0.122735164644209,0.112664008276211,0.11722829681965,0.111690968349081,0.12956344239776,0.118415279897279,0.123438373809944,0.115895987123318,0.116696912207595,0.1074347206139,0.117532092187617,0.12089741999962,0.117945567783698,0.120847597403877,0.106775566058432,0.134946820373143,0.112305087363621,0.116012818008962,0.11885789308799,0.118301237090616,0.121036845462495,0.113553126098947,0.118658875845969,0.122734442615984,0.117033343403829,0.121534168822275,0.114810818538199,0.113635618659408,0.129822703276209,0.111901295694708,0.135795154967689,0.114571572952618,0.108718306242436,0.116373604367947,0.112153860765872,0.115696906027652,0.120015622629619,0.115140449280988,0.124910181882586,0.125803750565056,0.112481382335722,0.118294334477031,0.10840282232773,0.129695683387541,0.115348603284052,0.113136301687176,0.115238499041451,0.130241058694111,0.120347444113275,0.119802668566582,0.114005005977588,0.120740832948792,0.120646741186214,0.1264227334502,0.119748678404603,0.115899163813831,0.119473933014513,0.126942362832707,0.115240663562034,0.125544690871163,0.107319531960637,0.126019322351674,0.112984291092381
1281.02551656198,0.123088498426216,0.123533147992198,0.124458305632574,0.123422285041017,0.126089116791463,0.109794276486944,0.117714948999697,0.124021493944573,0.12958777549985,0.111320750464426,0.134884309868153,0.132273493907201,0.127509718574064,0.129400946135243,0.107642984347972,0.122406100184515,0.118381273896494,0.124428008721854,0.115227890679485,0.107063969534788,0.118971005821536,0.126255237509485,0.118317771696375,0.113663384574606,0.112971957500022,0.121640230935883,0.123048146150703,0.129608082369122,0.111528709256623,0.111842946876514,0.121573518589062,0.113020542799115,0.112121360602111,0.122187788574578,0.12945344452092,0.124193463851869,0.112434093745808,0.110980715757142,0.123981413845318,0.117839132925237,0.118997702772471,0.122629229203631,0.126683283448772,0.110416309536053,0.118164899151518,0.120089096867639,0.120547090341006,0.122647766883334,0.115784406923638,0.126956238881394,0.125179884717798,0.131517579981183,0.116411543113693,0.120249851978891,0.128221800674214,0.127672332506022,0.126609383249649,0.117673459728727,0.129810309023495,0.125686402001881,0.130223716342151,0.132228957944376,0.122872883761289,0.118394576818333,0.115548659796354,0.121789434477942,0.121697069249437,0.116535495486042,0.123244244053785,0.125259310835112,0.11699168090131,0.126961314798333,0.127995779578838,0.113340806790655,0.120100737995901,0.119188591938894,0.119041850642051,0.119687898949002,0.126608883489065,0.119548016247184,0.125223246966856,0.126330069617453,0.117618341753025,0.127237057946771,0.131252742754102,0.118363177667976,0.111948961864399,0.120462488672203,0.120348274059987,0.127535725408766,0.124695217355003,0.123411314200549,0.125222033835007,0.118581659040046,0.123640138623157,0.12724552228294,0.121246592832092,0.13297382181838,0.119434178454558,0.128360716942008,0.117343221428616,0.121773659016072,0.119770254500368,0.132566433182518,0.123069448596009,0.118565027837792,0.12669641472204,0.12903037251763,0.11537748980303,0.12337720719751,0.134396180252525,0.124746903288505,0.115858628572118,0.118719859832165,0.121753272162864
1283.92658124513,0.10579764157075,0.0952697635729301,0.102580658577245,0.0979037345850215,0.10700187535648,0.120720028939587,0.101615315148003,0.104649322499223,0.0988493098814528,0.113332429605716,0.111641891209355,0.109590535534555,0.0943447066578213,0.100515486249458,0.114763501143068,0.108451023660578,0.108865943357965,0.101758874999136,0.101841038314648,0.110714086259289,0.104530082565447,0.100795182542603,0.112775800650254,0.0953869329844539,0.107878496917279,0.105833724613568,0.0992493813942569,0.095318594396013,0.103631053496384,0.105182926671746,0.114592782422804,0.109803260639593,0.108162326730702,0.0968281193431481,0.112742561689739,0.105666196761301,0.0971308578560297,0.108582411147249,0.10436597179583,0.107172709746877,0.097169046717583,0.106651512256242,0.107152527210936,0.102685558778559,0.099569635564644,0.0967508724188007,0.102208684061915,0.107093852352007,0.103025009744742,0.0987544957468132,0.101674037791976,0.105033452781447,0.0905857382811553,0.099515069330958,0.107896375465019,0.11260486471107,0.103978700064183,0.116390023371731,0.110942879640312,0.109407536827283,0.103140993457533,0.105358290137717,0.112144160436578,0.102313396920546,0.107666620208103,0.112554992769042,0.105325652928673,0.100893975036673,0.0990885860208227,0.111159724361896,0.0984009868052419,0.10127778982483,0.107894493189752,0.10593182325774,0.117145305127367,0.106753886196891,0.118858829482297,0.104168033175887,0.102394104136863,0.112670276880098,0.109624244572083,0.107202216436374,0.108705709998617,0.110236234282817,0.107754103957589,0.096650919223263,0.10518346565364,0.105282050821253,0.104437682829535,0.0982918147438443,0.107059704064215,0.110100492218286,0.11098467556347,0.109419945062647,0.107401422500759,0.12088763637877,0.0977892328622214,0.108813204793304,0.102659976511015,0.103905974293662,0.108226068953716,0.112844108607688,0.110298593459667,0.106627403286679,0.117496715654528,0.115085365832786,0.0995291937583128,0.10160712986541,0.103495779960849,0.108634502110966,0.099320017419913,0.111305613871608,0.0997286042597498,0.104362887633511,0.111395619696713
1286.82561835737,0.0686539006776197,0.0741756068277335,0.0850499917128101,0.095043001300963,0.0884644351420052,0.0939275090489675,0.0767508157518909,0.0773858188167194,0.0883074630891423,0.100045838996325,0.0960838209926358,0.0889605906596198,0.0728940256574434,0.0819397322183745,0.0838414895439512,0.0796237853219142,0.0867209777892231,0.0884348154049798,0.0901136933112617,0.0799059276114713,0.0961269950173307,0.0832435263295727,0.082588446351639,0.0787666560610673,0.0813733328426696,0.0777488723076358,0.0880920281892321,0.0753409792064911,0.0841710027728897,0.0768738470767681,0.0862008081160494,0.0855908094275564,0.0778884375622041,0.0840634113347685,0.0844653735879339,0.0771304058078828,0.0835174913554322,0.0813586212081432,0.0830920876877355,0.071665510870062,0.0858918016547656,0.0770795321467061,0.0821032484683974,0.0734298798334955,0.0858625367733046,0.0926306055351064,0.0706893908291291,0.0723656843410148,0.0760785342532551,0.0875827712774084,0.0727574104283248,0.0830320559027683,0.0697861217588006,0.080455688523465,0.0881393521481322,0.0820176090118216,0.076857412695016,0.0754815497969012,0.0772648717150183,0.0842600309722831,0.0875942235692066,0.086275551516229,0.0859004965156188,0.0828447461535465,0.0926514099035793,0.08295919337742,0.0738713282134088,0.0764267522725006,0.081071291594892,0.0781627843535413,0.0759150186888253,0.0839144880182589,0.0811731020487251,0.0791319242117931,0.0817022734809058,0.0820938340546276,0.0812803603256145,0.0788057645622307,0.0836459594070501,0.0807599204345139,0.0863283210970393,0.0723832948379937,0.0807473941174941,0.0820463164123369,0.0742795311757529,0.085976105821756,0.0863829862337084,0.0873392551723191,0.0787847715266377,0.0800169105086024,0.084373384428295,0.0831396008585383,0.0892001589411068,0.0803002100863507,0.0751531643127937,0.0837652399001283,0.0721247954059774,0.0751917567045839,0.0803740914497267,0.0811128466539492,0.0785254761998682,0.0848320953851892,0.0817786663666672,0.092785538699813,0.0852510319804877,0.0843063752805671,0.0850297787213941,0.0825280243444679,0.0938499957184932,0.0877483339533605,0.0753225374572465,0.0923725518364919,0.0901888555555521,0.0889278806629881,0.0787221173655885
1289.72262986205,0.0861392975637988,0.0723681045804405,0.0837956329332505,0.0851810597270237,0.0932011989159096,0.0776856608524384,0.0798626859545291,0.0851201263066172,0.0799572015752276,0.0840349240668903,0.0866752212108201,0.0882703895749127,0.0727351771638231,0.0818062196780795,0.086503451799321,0.0822216665613969,0.0876640575006217,0.078964120433807,0.0893990487248604,0.0923277798249097,0.0915696777992671,0.0878192127372417,0.095287297747343,0.0835715959678048,0.0795932570954528,0.0831841994041583,0.078042245340998,0.0773769532189756,0.0784956825965504,0.0810602906309015,0.0907311990558024,0.0838924700407767,0.0825436820944291,0.0734968070550065,0.0903713491938656,0.076986579061893,0.0839188998552085,0.0971909709563476,0.0829503650641531,0.0786880869957858,0.0812821474138689,0.0839736034591486,0.0797273971015877,0.0797144717030518,0.0737907835266176,0.0811750731476293,0.0749021460832051,0.0847827694528776,0.0829937863215933,0.0764201774648183,0.0747429709944464,0.0912360934441638,0.0908051916331192,0.0775143296215073,0.0924467124722592,0.0767459711790407,0.0716803566131209,0.0907304635869902,0.0897016954157628,0.0868644532998539,0.088523648927983,0.0788703300931761,0.0890507236569901,0.0832009596083282,0.0902814527569969,0.0794016174877698,0.0927326861201033,0.0856513982295798,0.0775505660893823,0.0846562822096472,0.0740764844125166,0.0815204538181212,0.0765582135565351,0.0839360395414085,0.0793161904520124,0.0852482785975905,0.076714729594643,0.0862900745841362,0.0856464677912687,0.0794654196654665,0.0779025737387597,0.0776352432625885,0.0865526231192962,0.0880202728132634,0.0829731631645972,0.0935072855252758,0.0900372421654378,0.0810462366840395,0.0861864965848798,0.08093117802244,0.0858736374045567,0.0889698823688193,0.0836172815005873,0.0743100371243685,0.0804753675248763,0.0813422666298792,0.0780500912967753,0.0789019328758422,0.0923259559456403,0.078158395936726,0.0855676898047894,0.0813754613220147,0.0853936810873871,0.09909945046136,0.0855674151795476,0.082483111746278,0.0837487088283531,0.0895744691993068,0.0769759685243529,0.0819732622093232,0.0850964393849652,0.0712485996070103,0.0812070493769449,0.0789378917255236,0.0800784083177122
1292.61761771996,0.100875360449162,0.090948979054114,0.0912264475635795,0.0968987293942974,0.0892901588209272,0.0986257102048794,0.0890161105736932,0.0928640217452281,0.0847109194155583,0.0942742439915313,0.0987666349066023,0.107009033957409,0.0842909683885528,0.0914405590791449,0.0914130115321397,0.0842777555656548,0.0864183129395279,0.0997078877286104,0.0831918959561896,0.0850633448439933,0.104011619161774,0.0939841495728048,0.0876287785793039,0.0993683177986078,0.0822163267486185,0.0919799586819474,0.0971113210879104,0.0898743343423779,0.0860542262317967,0.101499073316499,0.0884788809032092,0.09620661260522,0.094729656424334,0.0908473953554446,0.0951840555596289,0.100226127884381,0.0854502710654847,0.0893019040973928,0.0989381737626614,0.100629766682556,0.0899984819350975,0.10175966448172,0.0906278658388962,0.0940836601806743,0.095884213327221,0.0844180873440037,0.0840705197627871,0.0824106563916599,0.0877344314384023,0.094367361279841,0.100043117280867,0.101127247494599,0.0884203150002492,0.0879137495802623,0.100119907301002,0.0916138260632525,0.0974467310540311,0.08617166029243,0.0961102683676436,0.10002045816678,0.0806800946234616,0.0948110685814335,0.0977545830966238,0.091493036891044,0.0901183684291457,0.0928288867713523,0.099306260600408,0.0926767367711728,0.0952130014298491,0.0950517162288111,0.0884232558801052,0.0918795443934127,0.0990218689116199,0.099835553638236,0.0896078606712774,0.0884120332067135,0.0963610734541994,0.101992941829322,0.0827440806604981,0.0870840849524595,0.0942545950607151,0.0920997450547954,0.0809343989345541,0.0912041125301,0.0927856359270514,0.0878139695859457,0.0778246402917267,0.0913919122283449,0.0941391032134101,0.0911707555185732,0.0856969244963633,0.104097757344166,0.101792583986794,0.101958710381119,0.0869117929229481,0.0794881794992359,0.100052050804028,0.0943195325710701,0.0915894886906882,0.0983476660031199,0.0954024613404135,0.0915649335613998,0.0971857637166159,0.0958537519824648,0.0944318843114305,0.0872229937351914,0.0956861347963924,0.0949634060993203,0.0823802573815669,0.0913094402985213,0.0993076133012467,0.100745578716986,0.101300548503814,0.0993975309831421,0.0968600093974852
1295.51058388929,0.0968624384826057,0.0979728572760281,0.0894488356104039,0.0892125634428468,0.0972914989580989,0.105150118159958,0.0921470110407828,0.0932813897611468,0.106388050119761,0.10452297836683,0.0919355317955768,0.0976494861964845,0.100112501497226,0.0978310906335918,0.11032151774594,0.0935083920543814,0.107161913668451,0.0935508845805148,0.106703826102116,0.0898445498948809,0.108242418826963,0.112270917368106,0.104098035530905,0.116272521563041,0.0914396731936466,0.0979926203841356,0.106303510486359,0.0996306064817387,0.0875610439705094,0.10137212912476,0.0966844242144204,0.102529188538082,0.109074246079286,0.095074476327288,0.0989036414725932,0.105109708752312,0.0847504629864642,0.102945888026507,0.104930027894199,0.101044419501774,0.0992793206652138,0.0994223354265261,0.0904824781651032,0.0971570151940613,0.0908787274007323,0.09501524953978,0.10149215189113,0.0915580004601296,0.0913926381426871,0.103538921896988,0.0987956326621835,0.0998444024275455,0.10053890228779,0.0961006774919518,0.106683694700097,0.0944132632964614,0.106349311478995,0.0997879180244923,0.10307725753445,0.0993145883035442,0.0975465139914501,0.0996486882313748,0.103695803387834,0.100927331311478,0.0987550658151175,0.0932512944580711,0.10756623394752,0.090876828694286,0.0933829144423251,0.101564220980809,0.0966440743449477,0.101140062899284,0.104369681320541,0.0891388306907483,0.0977060167384265,0.107156239324384,0.103365276215091,0.105664689046302,0.106594235401846,0.106954966682077,0.100158079623916,0.0887081198354538,0.098191552742497,0.0949574561586714,0.105935994241021,0.0892986574581461,0.10120595808892,0.0912153925261086,0.103184471225158,0.101967781430388,0.0973375034020078,0.097926893808625,0.113500667367264,0.101242513357862,0.102195766013843,0.102262470557335,0.105996301131798,0.098605610248766,0.0958311872223421,0.0921074273885723,0.098011794498002,0.0990365241728157,0.104631551994772,0.104705681912068,0.0872968077570676,0.101803153319311,0.0977260864321546,0.0970279954860986,0.10839283617795,0.106248467770303,0.111867966523161,0.0911938407123985,0.114822990847726,0.103559480136919,0.10408370103895
1298.40153032568,0.0873419029115616,0.084076551456708,0.0752095402426592,0.0804574802577087,0.0695926560699952,0.0706279749292929,0.0733526893916785,0.0852437302399505,0.0833346009621136,0.0808866951281607,0.0958594782276494,0.0785895088614231,0.080294340643174,0.0760386675999914,0.0716027722518073,0.0823559139928983,0.0823064577997485,0.0797147829412224,0.0856608676778592,0.0782223683991011,0.0905608453474106,0.091070761013532,0.0798436028193775,0.0788216472231754,0.0732102064659546,0.0766476056065189,0.0776078344489263,0.0769399253022971,0.0885265003291214,0.0730993843539737,0.0928831781011154,0.0823560493539983,0.0772272168251199,0.0796116689334883,0.0767264084512757,0.0793938904743223,0.0762174697140981,0.0669303117260336,0.0681300680055225,0.0733055984073029,0.0669559336340636,0.0736969735653414,0.0859247518650835,0.0819361459873935,0.0690755396660011,0.0796337468600253,0.0711098539026704,0.0705698221718843,0.0743122940488861,0.0786779805753998,0.0791304016252413,0.0745264402821283,0.0769897379835096,0.0759677371858076,0.0696219746027488,0.0851444520593082,0.0713911550028854,0.0831377766851198,0.0760236198570666,0.0858567051235155,0.0694129611081981,0.0839375871429392,0.0708367058155677,0.0809318762420415,0.0760857543025564,0.0795373113073945,0.0711190135063199,0.0658952929745539,0.0776324898820266,0.0797267508305333,0.0764276846825203,0.0716251380284777,0.0754764229569511,0.0690290440304611,0.0804774946923455,0.0814215203528072,0.0795753905527259,0.077602931975912,0.0780588658406851,0.078421552841492,0.084604912404227,0.0750397867800386,0.0691824521745348,0.0819232071537788,0.0786012627899824,0.0687365183102132,0.0797056850214892,0.0805168304691717,0.0672755550632944,0.0804423704292834,0.0758151909624788,0.0824774868049649,0.077181560594281,0.0858234674565115,0.077718919655695,0.0847610255852367,0.0726131679997475,0.0739346819395344,0.0813120504453236,0.0798179981381577,0.0822645652077372,0.0759713522290058,0.0745166631549905,0.0873777507775596,0.0748352865689561,0.0776151275318022,0.0750083511534586,0.0846551062603613,0.0748455091856026,0.0747731349742461,0.0724112865693612,0.0750507068125111,0.0795471286447719,0.0908803153751054,0.0794240734781918
1301.2904589822,0.0739690576010674,0.0889167217384377,0.0924297483243372,0.0781832427806149,0.0776128530717356,0.0843844660359744,0.0721162491463838,0.0777804586554691,0.0712031383340644,0.0917014048318364,0.082396253327948,0.0902018113852637,0.0775120084281442,0.0797371392327136,0.0798985545234011,0.0734178800510223,0.084386152880662,0.0807163751537336,0.0728803263360683,0.079193230169527,0.0882348277129962,0.0846258467591019,0.0738216473605116,0.0820163305191456,0.074213968089588,0.0765360190749245,0.0873685146488001,0.0806643254996645,0.0806854301592382,0.0735326421418797,0.0755079747263561,0.0921992062183427,0.0872938827703214,0.0811222853202488,0.0815673802213305,0.0770618969266244,0.078898786789232,0.0739714889861913,0.081367835461366,0.0748439561650058,0.0867987555469083,0.0719232294268475,0.0780604014984871,0.0764153750911283,0.0760163632874949,0.0817760817281212,0.0819560257256424,0.0775442191544233,0.0818121668179534,0.0790838059851329,0.0768184022679506,0.0794145316084136,0.0757487782238484,0.0802856213127176,0.0778833811134394,0.0741601539269363,0.0758135038568653,0.0841125238808476,0.0758747594758262,0.0840605696234431,0.0720275670335165,0.074903920926907,0.0756885283935132,0.0722696691512491,0.0726550610712318,0.0828086636870933,0.0754857738164495,0.0762627542655862,0.0702500089519457,0.0851467304631503,0.0757437711568049,0.0731482325042083,0.081948645234844,0.078861014847523,0.0808843220821968,0.0773847330894412,0.0766975445724775,0.0758208407534031,0.0844630516947958,0.0760527432875761,0.0844729352155511,0.0765395930108961,0.0815594321730643,0.0784173481532688,0.0806767127567585,0.0768578671182847,0.0790183871843275,0.082577271799861,0.0703809183854302,0.0835867348881785,0.0767933136389211,0.0861607070536995,0.0845915390823146,0.0893309379076897,0.0665088820137301,0.077900273337149,0.0785769782486417,0.0726697088731199,0.0822607751054271,0.0791056207758091,0.0804416392188523,0.0752802712826701,0.0749038222678722,0.0866806308492639,0.0890663244236397,0.0769217801959727,0.0704630177121805,0.0806271232946141,0.075268165557732,0.0768672811384654,0.0855447905851231,0.0743211926188598,0.0717018021259732,0.0858210684565966,0.0808214508196722
1304.17737180936,0.0677784060627778,0.0667783758080096,0.0673656565154752,0.06783003811861,0.064000556063792,0.062088031147507,0.06869637163331,0.0731490472730217,0.059081577989514,0.0746449531907596,0.0781533469417079,0.0660506775241068,0.0699505987982028,0.062301009972658,0.064701818627398,0.0661432862544755,0.0606491032853625,0.075686728334702,0.0661616431374578,0.0708733024382569,0.0689292420771626,0.0755578160710506,0.06673762469372,0.0605095554967478,0.0642425866437786,0.0736417971204564,0.0702263867966,0.062394181730762,0.0585277715753091,0.0636880557128028,0.0717256917216728,0.0760470534502052,0.0699721627320181,0.0722459113102927,0.0698821709481399,0.0630527040046418,0.0715063617257788,0.0760558446376017,0.0684900258113664,0.0736310917704848,0.0644827998020434,0.0603650586231382,0.0613617775949062,0.0612142712290415,0.0753765252931701,0.0624597828412194,0.0576389460925829,0.0620567081813216,0.0625677127292828,0.0707144613802982,0.070180494915572,0.059149440985724,0.0683857322927626,0.0601722957240368,0.064896559693459,0.0729634225716806,0.0746213365121369,0.0718858290211896,0.0768336504172865,0.0695127229257198,0.0719076791814435,0.0725478440335607,0.0644718878579328,0.0653163124857536,0.068684864493014,0.0742073378945912,0.0798625275587844,0.0739402004817069,0.0734644384604044,0.0766749303174538,0.0672610090802231,0.0719109898349252,0.0724103493368043,0.068194407989661,0.0730393667968019,0.0650162638830506,0.0738294708203069,0.0729539331481422,0.0799613539848408,0.0770328813681152,0.0700399773295649,0.0807560247248186,0.0710806682058024,0.0631634023261036,0.0716677044969016,0.062932694036976,0.0717715407511404,0.0585953792592545,0.0713290986072837,0.0675609738503354,0.0738460773930546,0.0745556589538386,0.0887732068136048,0.0676267295392417,0.0718800257196744,0.0609781421634374,0.0657133129395985,0.0613877728909556,0.0677614056831901,0.0646329395161011,0.0641584072731834,0.0696898701817548,0.0682226395413852,0.0824683459728093,0.0798272079205289,0.0718688857826281,0.0785863995220649,0.0688299368083099,0.0634528092106636,0.0621916719725372,0.0676936662630723,0.075802537015494,0.0638667723451239,0.0704439075340778,0.0880766659818718
1307.0622707551,0.0638046436411254,0.0611736716812345,0.0574943249539714,0.0666542731130555,0.0563496505772347,0.0708713101828551,0.064189961060298,0.0640133792295045,0.0589735398424375,0.0575985223219073,0.0662454857172428,0.0623512167796624,0.0650593043385881,0.0589707415075039,0.0651833864497811,0.0539184079689586,0.0561545027665517,0.0574865676036166,0.0616537202438975,0.0581866324648363,0.0584028570290596,0.0680797938424437,0.0698469287612094,0.0598797503113543,0.0559288651292801,0.0618214089771424,0.0547419753412436,0.066138535813579,0.0545639307839805,0.0684722162923929,0.0637736102734903,0.0774088784518423,0.0634053038676278,0.0633797157357705,0.0560020414449618,0.0685319546522714,0.0607629389250755,0.0698722399565999,0.0622928048534421,0.0608316912809822,0.0615969870563664,0.0537141832288724,0.0640208316239934,0.0643271634444706,0.0682404961612436,0.0567128725446633,0.0668564964322172,0.0619259173259251,0.0668117693495312,0.0629042188042593,0.0711404406643884,0.0422497968938138,0.0604753496160054,0.0583998287949237,0.0591923115829707,0.0602740866743074,0.0548786953543548,0.0679262852326685,0.0476144999360902,0.0555298315707744,0.0668578546414008,0.0696462833668839,0.0565919228434704,0.0521458582958133,0.0542861778338214,0.0542993418089657,0.063008916557622,0.0589277821541847,0.0532865306925769,0.0582040112204463,0.0632508282899916,0.0623728221357994,0.0562530282225598,0.0586467290747988,0.0613491272418199,0.0559945091106041,0.0627203632907532,0.0575092115074309,0.0607334559141108,0.0707889386736573,0.0567177621185375,0.0638686591200937,0.0568011339792246,0.0669566458799411,0.055457452510774,0.0578403821066153,0.0634398306423255,0.0634477001535754,0.0625359993573743,0.0674372790739361,0.0568530604289127,0.0613216364702808,0.0632793583832196,0.0643238857659487,0.0617950653873938,0.0569350875156465,0.0606164131562989,0.0556864602294896,0.0598970271800252,0.0595343514844583,0.0668088667387024,0.0646550098367967,0.059373772407039,0.0712154743325206,0.0764687019255829,0.0597257707995945,0.0542471695724197,0.0531533487714948,0.063895477666221,0.0615094195449301,0.0609222849240413,0.0607907625920793,0.0560421917301955,0.0610562389241863,0.0666383975027405
1309.9451577648,0.065358228554822,0.0561299997075458,0.0666115569916379,0.0671064878673643,0.0703508448661409,0.0696782235523663,0.0635325422854152,0.0695607904036732,0.0517827537834549,0.0586029370599861,0.0620232134862593,0.0699047655432145,0.0639024232131865,0.058361149557418,0.064555980391048,0.053829245474303,0.0560659882463456,0.0760920116546518,0.0720108241500205,0.0657528580005925,0.068164999491993,0.0737776102411327,0.0713585051429599,0.0598090341644809,0.0580608871736851,0.0544794107314749,0.0700250497037988,0.0599910925409505,0.0676920189133634,0.0624373829506526,0.0704596164046689,0.0632778998282195,0.0772635429680369,0.0610903892921139,0.0570142393517241,0.0606647260700129,0.0780407672101526,0.0692178767241754,0.0683349712410833,0.0557734797419731,0.0553924650108743,0.0742801775750049,0.0606098232349398,0.0663736182965322,0.0605721996486531,0.0549310904325226,0.0711380978815239,0.0678344020828402,0.0557779612682714,0.067732681302663,0.0569351323719548,0.0544383032419715,0.0598222193623839,0.0671916618691307,0.064127337717024,0.0677252520970169,0.0627058113755736,0.0738854620024935,0.0513382285494119,0.0654159527882919,0.0667584164883834,0.0634212278352111,0.0731170577859523,0.0604998482834804,0.0635217400563806,0.063825802522476,0.0528731477149042,0.0660126319805705,0.0609791412276434,0.0580938393020191,0.0676178795083762,0.0639264705813756,0.0682800405208183,0.0734983586091642,0.0601343831645535,0.0647784008005281,0.0538215815160736,0.0672500256804855,0.0606179230266527,0.0656683174341499,0.0714766972224889,0.0643153828805096,0.0604979242084086,0.0606818421338927,0.060891719337149,0.0593754254929609,0.0600453959048298,0.0583328956774672,0.0678379670667076,0.0695157836378427,0.0668589836074735,0.062849765347756,0.0620843444631182,0.0699643412597502,0.0705010699296104,0.070247418416032,0.0666106914559791,0.0594652820917027,0.0669488919075539,0.0682165314327857,0.0661306111689415,0.0645396089505851,0.066870395495662,0.0806230993321711,0.0741881315214295,0.0552390174986001,0.0524838660992381,0.0647147122482427,0.0521004339307469,0.0625154915683464,0.0674447040935478,0.0507407637049552,0.0657772670693425,0.0685297179734281,0.075510098304693
1312.82603478133,0.0840253810206399,0.0780851891860586,0.0860417419580541,0.0810505088104167,0.0838210848806811,0.0829207375987102,0.0738531371834582,0.0858411347069114,0.0762478309027309,0.0809384701378276,0.0818604337196707,0.0815568359295271,0.0686084024845205,0.0810744114193214,0.0812859253434935,0.0840641092989102,0.0774182270043958,0.0787813098059143,0.087880065859263,0.0853656331052366,0.0823222075782759,0.0894916843262853,0.0841356380733597,0.0954422504445102,0.0772297509011246,0.0873610288618178,0.0831214774921458,0.0918116706870899,0.0714631671988895,0.0780703686294537,0.0776780491767354,0.080164043139423,0.0728667105572941,0.0817944268757104,0.0855964356167489,0.0811906674284572,0.0785227218680816,0.0785079632597702,0.0882842680304477,0.0855152120215404,0.0747217842393353,0.0681941004076212,0.0748984609020045,0.0915795144829896,0.0989976706669026,0.073498594486212,0.0677359925846251,0.0836189696754369,0.0676869645763331,0.078611207200462,0.0768851119568651,0.0699925657799006,0.082035365766701,0.0782157553376859,0.081380063743335,0.089565639479929,0.0761676877570275,0.0776531048921461,0.0797718442500694,0.0769770430955709,0.0798429919965088,0.0810988379470527,0.0702476132242558,0.0767908271416994,0.0897989411228294,0.0767579339594933,0.084110963228544,0.0891209811712025,0.0814979323385276,0.0746763489948043,0.0775733889164761,0.072693569062577,0.0847369706458576,0.0844806026964662,0.0771063935924899,0.0835825939404368,0.0795870339721812,0.0873996196609063,0.0817980288657345,0.082261051816388,0.075237580410676,0.0837204729330091,0.0848933058396925,0.0712148882586628,0.0929631643513602,0.0774634437087856,0.0840339807723428,0.0765095401076792,0.0829012950414683,0.0831126479585316,0.0757512869338525,0.0780474630244093,0.080870381395858,0.0840227893788474,0.0703797106794856,0.0802130609055465,0.0759396880304734,0.0727243905184193,0.0718028764236005,0.0818665832680099,0.0804904087159063,0.0846170101200118,0.0869011545068669,0.0829904412466198,0.0815240093980505,0.0802553428934722,0.0821027814840901,0.0818432720677658,0.0815134008256239,0.0954136715262932,0.081172830406396,0.0764595023833533,0.0897817012123627,0.0754700862215624,0.080140445376628
1315.70490374496,0.0486346897840459,0.0537849951274716,0.0496323623488907,0.0529429164705298,0.0502299090731225,0.0440213316995026,0.0562173231786177,0.0496497492845399,0.0368868095101227,0.0404154778694362,0.0454235893905756,0.0543797818651647,0.044592540220013,0.055003569998171,0.0381511944474492,0.0476196330110203,0.0432812921937951,0.0386444746519023,0.0327867442160956,0.0579383508704323,0.0471651820181201,0.0641398676503436,0.0481505240034267,0.0426748375593987,0.0480753477441357,0.0482045503021464,0.0418538001093071,0.0499278654673528,0.048244848086871,0.041734878090414,0.0394545757801738,0.0565524320092091,0.0539755464459568,0.0488823856746128,0.0447381629425993,0.0466309313175666,0.0409207479622122,0.0480732749940458,0.038761147082444,0.0506580789141133,0.0613254480282791,0.0479711440670929,0.0416588200560735,0.0511173329706102,0.0496031715377851,0.0412298676549353,0.0539024217925068,0.0440566022570233,0.0490302010995398,0.0565562629914057,0.0513191283342274,0.0402635742066448,0.0440534418884458,0.0453674697380252,0.051651649548931,0.0452752188829693,0.0485819761716647,0.0417972036856304,0.0396065406629164,0.0424957375926861,0.0495751918917025,0.0460019391291206,0.0507558810510326,0.0506315522939171,0.0391711270335338,0.0449989320474002,0.0533147377853211,0.0526051057699058,0.0446354443962378,0.041222956753042,0.0445901878341668,0.0376994625640038,0.0597721359693496,0.049467493154112,0.0527796302936995,0.0551282372666598,0.0498064231632235,0.044620920439993,0.0462272571445757,0.0459985375041357,0.0465344390168157,0.043584468398016,0.0505015931240502,0.0453643594809585,0.0429461898527204,0.0508975441614777,0.0439809968969939,0.0459178732393081,0.0481356387655631,0.0375359348362385,0.0452968339490404,0.0506391971978498,0.048391674771372,0.0429191371847855,0.0371268759571374,0.0443086783025824,0.0487124170521225,0.0414299701854413,0.0402305829105897,0.0382425196359968,0.0469966784069998,0.0468849765069376,0.0443251134882091,0.0536386391383662,0.052049152052327,0.0566734104822548,0.0412830491222396,0.0439717770932354,0.0502539075162479,0.0332369891702444,0.0473126298208385,0.0400254977297929,0.0436008282012814,0.0514372798830865,0.0539515340475033
1318.58176659346,0.0386336346837282,0.0405112017277677,0.0419722352628046,0.041023722631813,0.0453249779225946,0.0400859503840781,0.0325602268669819,0.0371711724783129,0.0477327705058484,0.039264579688227,0.0463502192207635,0.047143943397343,0.0365492534295334,0.0403283848637507,0.047068145545093,0.037641391639659,0.0349814164365064,0.0375104416116924,0.053078583247499,0.0414637209872264,0.0481907632213313,0.0514377192191795,0.0437978988792301,0.048675363566868,0.045844510094242,0.0470379289298309,0.0406911087312531,0.0471126065033965,0.0443229998911491,0.0373549467757841,0.0425139270788784,0.060957617451605,0.0463770882309468,0.0400584376228256,0.042474120610817,0.0348993983972545,0.0554297755311833,0.0419322738042421,0.0437235829542196,0.0439745905976527,0.0390623203942986,0.0397298087697442,0.0388330830495469,0.0472736346665123,0.0457605734458681,0.0434348780491193,0.0373316819007411,0.0390348450686689,0.0336602866091857,0.0400026171170351,0.0425652983611949,0.0295578509962977,0.0540237893334016,0.0458585997552855,0.0504645525818253,0.0343541180495218,0.0440669823334687,0.0450355407013333,0.0455576042819802,0.0396518679450051,0.0506053569959531,0.0459206692322422,0.0479077067968846,0.0476956546784236,0.0336044803333571,0.0330554820728715,0.0420929330522353,0.0403956458591015,0.0473452010867113,0.0433690280770936,0.0395071645995661,0.0387309586842986,0.0458667080833247,0.0333112399282762,0.0367256454670564,0.048928838601377,0.0497397722045283,0.0363321824233773,0.0461427287311941,0.048700668366454,0.0387575227963245,0.0478518281695489,0.0449751274605968,0.0464003907928407,0.0423103530978113,0.03206228763423,0.0351435075384669,0.0375093467595979,0.0431757154639853,0.0538939452860751,0.0469020781736222,0.0434571895037141,0.049387873860777,0.0543721359451112,0.0370270743186307,0.0475814011601808,0.0564006499373773,0.045240497700004,0.0428975545421285,0.0431010474370303,0.048577617699557,0.039709996067519,0.0409640449092562,0.0419258686975021,0.0492677698798651,0.0434791040514254,0.0439542825823886,0.0322273624389775,0.0462846076353684,0.0499361504078286,0.0444579318372848,0.0382602972176395,0.0396584240490077,0.0464403711873395,0.037873736214771
1321.45662526205,0.0711256170752563,0.0784712651673234,0.0766173951951361,0.0695596947735477,0.0739759275756606,0.0700051213181134,0.0664934365650103,0.0817009644779893,0.0651368973592575,0.0752991800560565,0.0728718440077328,0.070070375259202,0.0705503492744033,0.0755422766462691,0.0699854193431972,0.0756246389401579,0.0695532701231824,0.06823993754341,0.0689798004801292,0.0698620805024181,0.0673132692093007,0.0871956717064191,0.0748296641133527,0.0761027346788163,0.0793253206296833,0.0743665353038098,0.0785350792939466,0.0811656024500789,0.0762284130001467,0.0714280572598368,0.0701382552809448,0.079876911692938,0.0785445086636405,0.0706446591570128,0.068882918561356,0.0805008757766125,0.0845154824124421,0.0700189899099618,0.0731550335049194,0.0726437127807328,0.0700761839688041,0.0750299177954514,0.0664214057051667,0.0865087672600786,0.0804219283917881,0.0818086753320686,0.0630896390858224,0.0734866958707656,0.0718100638749977,0.0761700985754938,0.068509191261877,0.0775777437562285,0.072366917779913,0.0780228595169033,0.0705464086345778,0.0757822760840935,0.0721843460729002,0.0725054959027893,0.0723768801148526,0.0784329735424201,0.0752490597098579,0.0791882827260468,0.0827715136895003,0.0827032104257102,0.0709015693868014,0.0629957740251536,0.067773504228562,0.080101471336522,0.0790404920055,0.0755539871620217,0.066786756397504,0.0702474691360287,0.066222979470264,0.0703780486187043,0.070804888724793,0.0811116504837296,0.0782871030707303,0.0751212918466701,0.0766325660906463,0.0753425491505651,0.0854821990570349,0.0689124918878101,0.075935991654835,0.0776826024274811,0.0694216023591037,0.0700337502942273,0.0553318503546839,0.0712391674192587,0.0663964797829065,0.0740987544898911,0.0642618006764377,0.0685216394954677,0.082239903542013,0.0789726901276961,0.0778136323883863,0.0732457932966528,0.0713023580339918,0.0663304863484639,0.0775956485009819,0.0815703012640357,0.0768849208749073,0.0789108845364492,0.0806296060692929,0.0881445514901733,0.0726463687364663,0.0734424264400768,0.0636982064229632,0.0788387098641727,0.0707191018699143,0.0783921205393985,0.0687345510326676,0.0695136913972488,0.0746641949899417,0.0860275458776753,0.0850633369704012
1324.32948168341,0.053973950601128,0.0470434321411089,0.0467476856065993,0.0495734079483576,0.0420395637398078,0.0555502239920147,0.0494389778094723,0.0528793301566867,0.0498152732916572,0.0468356479840837,0.0543768162351534,0.0608117064004567,0.051886691157053,0.0522136487468248,0.0543025521480775,0.0447243731837764,0.0557799078849918,0.034725475163333,0.039227136853586,0.0490324333339397,0.057948120158143,0.060296695943949,0.0458443914282943,0.0414884376180526,0.0507521644872398,0.0480885568058955,0.044439780541114,0.0470157761314887,0.0491855835739733,0.0502844654584086,0.0601576710356033,0.0632999597529923,0.0537771487880283,0.0465208354308606,0.0440411808326276,0.0431907910508727,0.0452660610415573,0.0390655177063908,0.0475669979685087,0.043893228426654,0.0494998183502771,0.0526630228200434,0.0448235705022424,0.0439257854119438,0.0543718242686119,0.0473130472828395,0.041045015682367,0.0416301850324973,0.0488181165805648,0.0453624691352129,0.0489375703810511,0.0490004417296336,0.0528138220675822,0.0529836924274435,0.0576331953190485,0.053955843031907,0.0406940835646726,0.0531962089973414,0.0410263424583611,0.046758525195036,0.054894143627206,0.0480135567672191,0.0583225143158844,0.0390273560612447,0.0527205593310601,0.0425869521815256,0.0342153095762377,0.0474835122855255,0.0544693681636629,0.0443577558023154,0.0477813839659775,0.0435973062949088,0.0545492852522195,0.044821227915014,0.042655666430151,0.0549142329034239,0.0512888194477031,0.0509825551782682,0.0465515096148176,0.0569204068310654,0.0402986540467545,0.0477565537134271,0.0524656006872909,0.0485055106875205,0.0532755135054796,0.0473607224562216,0.0399466558296117,0.0484408359487333,0.0522485337147091,0.0581464633211352,0.0473355229407974,0.0493414757205573,0.0438571898560718,0.0547170769021541,0.0468032992987444,0.0457668604695824,0.0452159015212436,0.0478808641067018,0.0493683969360773,0.0484446929000143,0.0478775723074691,0.0466660019193254,0.0620448268649954,0.052279213844352,0.0618829261478762,0.052077112811964,0.046026965739846,0.0510022105959463,0.0417190071644316,0.0419773142069677,0.0409954792720345,0.0358641978244875,0.0482596401282942,0.0506124016244762,0.0519989548685843
1327.20033778769,0.0434539812666908,0.0514277798376073,0.0477966323652792,0.0571003960109803,0.0539394015913914,0.0350035749083353,0.0537824247099242,0.0477709765762686,0.0596029332857423,0.0462642382487413,0.0645471683553716,0.0607627454568976,0.0555809498891123,0.0440762324027775,0.0447861778989597,0.0397396429063267,0.0436660316828158,0.0599849810045514,0.0479981111845667,0.049003690976725,0.0568152028396982,0.0602666313219388,0.0511718842219293,0.0530124002421025,0.0458075439645549,0.0452794625298094,0.0488022084753115,0.0524850629391174,0.0486029582089019,0.050267986474752,0.0585467982626702,0.0527356331529839,0.0580314396937591,0.0535993154322911,0.0489749740765085,0.0543095888742969,0.0463635633794924,0.0555852367831207,0.0525627911874056,0.0598833333671825,0.0450255414834645,0.056425641906095,0.0558512250705053,0.0465753352828198,0.0565248980863714,0.0552011374369109,0.0492385896414214,0.0486994905794731,0.0449476957616721,0.0562949479830944,0.048346484467627,0.0528673305060454,0.0488807893883218,0.0551741249663377,0.0587167230706663,0.0453691833448756,0.0502730981665271,0.050412218974205,0.0552437545751322,0.046167112813242,0.0422350108247552,0.0618563098324569,0.0582795202016478,0.0531105488590109,0.0526807415566123,0.0436917155042767,0.0526517578653766,0.0513202585461479,0.0477400175291188,0.0459810821411769,0.0438475871191328,0.0502028317258785,0.0522781655077174,0.0469903838058272,0.0448114154753216,0.0632065828116627,0.0463040519002728,0.0514829621844641,0.049774024191485,0.054091071900762,0.0573227889557332,0.0547631245616598,0.0486057099016601,0.0389365890415615,0.0460162250952259,0.0506154877154919,0.0524926863769686,0.0528148668703914,0.051113081672635,0.0619332905758851,0.0506620702151509,0.0558516780718959,0.0594600346375111,0.0641021298116436,0.0550225217435804,0.0641797242770622,0.0529373139468141,0.047825110275944,0.0631098908388572,0.0588447901432235,0.0533887948153209,0.0591608716291707,0.0565394439074291,0.0612506439698561,0.054332923362752,0.0492923328307076,0.0470798682645167,0.0637405214082346,0.0544844009432997,0.0531165210905048,0.0547784176878207,0.0434854320899569,0.0586099331683477,0.0494537102535547,0.0582820275222209
1330.06919550253,0.0494967799869778,0.0470108787690047,0.0531948711158588,0.046303877540562,0.0463723051966256,0.0483119389630915,0.0581373321770482,0.0477532125339353,0.0453949415487093,0.0522643102796961,0.0537501216447269,0.058169599542956,0.0523691699137491,0.0451664314479273,0.0487110039659385,0.0402778149467989,0.0513453123773617,0.0479109667276613,0.0441262414280249,0.0533630147785208,0.0567899483306494,0.0576148148369051,0.0452553590355848,0.0464258638976907,0.0452680038882164,0.0408061514719712,0.0542743281841292,0.0480636101064118,0.0469296267854693,0.0405164337498233,0.0543345999977714,0.0496844018756741,0.047254942453469,0.0524810285958491,0.0484078564531532,0.0431785305658408,0.0513941047816273,0.0384516441727343,0.0570141407733601,0.0549004167862148,0.0433370147321728,0.049316933424344,0.0602571181040592,0.054081351401669,0.0440505360817284,0.0506714329691355,0.0590922538195745,0.0470105948297781,0.0454567540102,0.04857042503694,0.0450567902885821,0.0589825316509426,0.0488613180824495,0.0562648589876164,0.0491824674992124,0.0471467455789434,0.0514268370207911,0.0470890148405979,0.0486152424937745,0.0600132433656857,0.0487986817244638,0.0545963885417471,0.046604847978768,0.0530518208040155,0.0493558018013937,0.0482031322375453,0.0571256018266485,0.0546161822264825,0.0504945446636897,0.0570690614630937,0.0404831006803859,0.0490627212249114,0.052780592394921,0.0419653291631999,0.0486310336428796,0.0498220599877728,0.054531932027539,0.0519944896666159,0.0453666923175044,0.062402832172063,0.0495894351310131,0.0444567136548532,0.0507458819616736,0.0556949279168503,0.0581836324658518,0.0483675530197609,0.0436992720657723,0.0472228417139146,0.0570312225985903,0.0558673489684467,0.0506269169440682,0.0645586637880628,0.0513257358727641,0.0467004922384455,0.0621484694224967,0.0333662033702214,0.0540215643797436,0.0394249185683832,0.0476028165132561,0.0494269733448664,0.0539026959143093,0.0389387248516968,0.0499565925772278,0.0566352074678722,0.0473282752153427,0.0514341287699429,0.0519966994514951,0.0503740823241529,0.0500026130220833,0.0491653179218277,0.0514149930663086,0.0450670946644158,0.0574553274950187,0.0597214621872728,0.0619193736769005
1332.93605675303,0.0522406650028769,0.0481132905400694,0.0553512638768862,0.0468431968985339,0.0436858427448669,0.0605221841417973,0.0542782404156055,0.0601624695079181,0.0541140921585875,0.0500754660673595,0.0547333320647718,0.0586539126227637,0.0576816642656656,0.0468098534153026,0.0509684939143392,0.0474413539074948,0.0513428711110571,0.0501271136997354,0.0507191938804685,0.0544511604008166,0.0551322330553283,0.0539212633025481,0.0607887689645464,0.0579719500854107,0.0595693649723218,0.0598020341949735,0.0553639106164629,0.0535555713474625,0.0551861674397567,0.0459364012089774,0.0522231568093803,0.0651487315268648,0.0515325108890934,0.0415244936940828,0.0517103211552206,0.0487546358648859,0.0469126542343185,0.0456125046498559,0.0381307442357259,0.0455111222404784,0.0444343905869991,0.0503816783919822,0.0558302834160143,0.0459866997729566,0.0413461560298958,0.0574526462433985,0.0519203758517696,0.055198841753148,0.0536214896923941,0.0611727381644237,0.0504502677457457,0.0449787672635663,0.0494108020059041,0.0429245401888259,0.0430161944964564,0.0506615312703546,0.0537169393554045,0.0492819495105837,0.0518780295303745,0.0561154861161582,0.0537271645192374,0.0562381190331714,0.0488023482524182,0.0490420441575665,0.0449434779250389,0.0397118101995484,0.0549034951075997,0.0557149112631815,0.0571610689193205,0.0503742785018149,0.0466126435778573,0.0357445344707754,0.0510848332699154,0.0424949135965318,0.0585210201650063,0.0531321915076865,0.0523198688933116,0.049233531179714,0.0475199683479879,0.0412325605231457,0.0523252013592539,0.0563579644297094,0.0425535598920243,0.0517481259974841,0.0548303227426067,0.0532996130570275,0.0469612297677368,0.0593802652298045,0.0467086378967937,0.0514568024912175,0.0494792364971187,0.0579788752653989,0.043203095416321,0.0508543234934405,0.0482959882497896,0.0467662246316973,0.041266236804485,0.0499759516404427,0.0569505160795603,0.0532403181704522,0.0477497385718056,0.0520017325080155,0.0575424436434058,0.0555572704915922,0.0574122094940133,0.0421177212155479,0.0574753064076804,0.0364636026758541,0.0477591592784816,0.0530562459557302,0.0486166080227988,0.0560127441501129,0.045344383394706,0.0455398402402886,0.0522799254047786
1335.80092346179,0.0329273897876466,0.0442702523335803,0.0423367919627667,0.0425407639660392,0.0523728091385614,0.0422293223952405,0.052076043705197,0.0375952833804278,0.0366554478595725,0.0457114147054655,0.0587983979146979,0.0479065646912437,0.0411903271517987,0.044127217151673,0.0403671788480956,0.0397353114618933,0.046955862104567,0.0424693659063694,0.0413685354691883,0.0396849860059078,0.049649989043861,0.0591919420233919,0.0575749693457928,0.0404251141057095,0.0431243664668942,0.0430644829276355,0.0476772028573187,0.0425557611140369,0.0458216684094597,0.040538700788993,0.0443760545290875,0.0616208878416918,0.052061361672109,0.0541097631209131,0.0440002049780423,0.0359768720465902,0.0491656299652555,0.0445069317453088,0.0409377953110362,0.0416554958633945,0.0388853061043497,0.0416636632211717,0.0514153608816276,0.0475939632819785,0.0446167745967376,0.0399520949053875,0.0299214333796161,0.046955875333389,0.0415956746795077,0.0457842291893417,0.0417638080735018,0.0337828099534118,0.0432824165902946,0.046815651012654,0.0486094254741732,0.0426853868843289,0.0408328073544938,0.0487340784797499,0.0502126094971607,0.0416871059521932,0.0427492495846796,0.0456676065007997,0.0404773289370635,0.0467428859013431,0.0410921112632203,0.0363250089008781,0.0420728687914791,0.0441252841704663,0.0415511875191451,0.0464715804083367,0.0449450231572764,0.0434928649020664,0.0438764508967129,0.0446992526627793,0.0507974130152027,0.0458878929421957,0.0336173106507145,0.0399164801301397,0.0371316702078731,0.0334296241859174,0.0479170080139789,0.0466155155818219,0.0430837206887511,0.0472531449476966,0.0415036812254302,0.0383924930416111,0.0376432995005092,0.0493771835401201,0.0358556977170806,0.0382897872854216,0.048343693569099,0.042668851823499,0.0550627214564818,0.0534436837847511,0.0410837120326452,0.0506660571187458,0.0379413127339605,0.0399277246210617,0.0502997108077853,0.0300754505486952,0.0466179232537714,0.0481666873970664,0.0422711030635051,0.0509658377395991,0.0525660234648904,0.0404590065935315,0.050857010245072,0.0425688143057676,0.0466407407242552,0.0418570675765541,0.0386347397677837,0.0488164573121692,0.0398263076042194,0.0460464125851809,0.0474369229162953
1338.6637975489,0.041763410810782,0.0365834859365735,0.0347565427561927,0.0317789557249616,0.0432164520888018,0.0411475110382143,0.0389182865174607,0.0308414052405158,0.0426698649563409,0.039718994940503,0.0480366820604549,0.0443253308337161,0.0364160095231689,0.0376608289597054,0.0292179941670151,0.0364503139294407,0.0431299411959924,0.0364707900199506,0.0353306799727415,0.0418906261673034,0.0469200398583757,0.0418296957095553,0.0281106148891771,0.0355198366503087,0.0272401723251986,0.0375090630428843,0.0301158794634168,0.0365186665524712,0.0326118136684485,0.0421911481610713,0.0490787436644485,0.0406013366212719,0.040783247017771,0.035515844001558,0.0329944105446822,0.0360108855179758,0.0374251924638773,0.0373426063442547,0.0393098027265188,0.0367070892759039,0.0344578675740356,0.0481931244445221,0.044248603173315,0.0443678534703647,0.0354290454583346,0.0331978045866052,0.0469546030075115,0.0447536966190783,0.0366798366629517,0.0353490092526122,0.0433867678335114,0.0410520179508715,0.0427404292984761,0.0323876579927247,0.0407882103233726,0.0450739672891845,0.04202147775355,0.0388398760784629,0.0386792486557046,0.0350384656787999,0.0372721286886015,0.0484441148423096,0.0438070714494061,0.0308684393809322,0.0317584908673675,0.0278576501284065,0.0331668688192842,0.0314431125314235,0.043226487954721,0.0398003918466544,0.0416160315459387,0.0390634229556312,0.0311555988969894,0.0264068544047012,0.0414333719151651,0.0453286304503199,0.0248274662882306,0.0355366349728307,0.0376705281063285,0.0456719770324411,0.0314112838700625,0.0439224772387529,0.0447145849044142,0.0343713785071259,0.0359550052922065,0.0317685035838483,0.044213216237444,0.0371688024935227,0.0423497001670553,0.0344504763473395,0.0275415424737755,0.0328342556568082,0.0296921069957138,0.041332308847131,0.0366452059408488,0.0394706565828413,0.042384812160794,0.0343476952178401,0.0403482395430066,0.0410730327644143,0.0254620220243423,0.0372522208310714,0.0438912720201233,0.0413501005383062,0.0477320017579583,0.038811833384979,0.032141961238677,0.04201798400562,0.0410802605194005,0.0345850380050623,0.0358599311658554,0.038331670919358,0.0359655809931082,0.0264525125552063,0.050579891394533
1341.52468093191,0.0439906699729139,0.0487368983028011,0.0543000756769722,0.0447563771299694,0.0443517160112474,0.0361939706731753,0.0367401005016091,0.0376436780301097,0.0410576050455756,0.0348317937855581,0.0541724823064577,0.0560870821379076,0.0289928445193653,0.0490971871585087,0.0387851741175306,0.0397911389488609,0.0442612638009982,0.0431152667893969,0.0502115051581828,0.0441081411636003,0.0540672649392581,0.0544968551466628,0.0511825620624023,0.0432562662262604,0.0443224425949057,0.0397848283192844,0.0372820914002566,0.0524978859580313,0.0442098639852997,0.0508938905684228,0.0396870671861366,0.0460994864552058,0.0483202485512204,0.0355391327292023,0.0385361698027361,0.051082933172708,0.0430635931078881,0.0329497936136431,0.0443642122267513,0.0472325467471682,0.0416944507073418,0.0498373191086465,0.0365412861928578,0.0416920176417206,0.0408911951581576,0.038884827472215,0.0469626826924707,0.0453038934694649,0.0383281219597903,0.0463392104707769,0.0488155089799909,0.0337945816829461,0.0455551535166001,0.0496338670445733,0.0363354380131813,0.0388476745323886,0.0409723524438493,0.0366641548878834,0.040879779265036,0.0478216701299842,0.0515673136217454,0.0423424831618467,0.0432677356223717,0.0529385736811865,0.0444125980315974,0.0420363894144438,0.0421596818455627,0.0436207422047512,0.0460282267910778,0.0503794875747211,0.0438770315787262,0.040186729415328,0.0427537506301395,0.049144188475698,0.0408941235530004,0.0408885258507765,0.0413522705848189,0.0481345870953582,0.039858416605617,0.0429013236372041,0.0407867054942167,0.0401583472656593,0.0479907270856758,0.0472575725985471,0.0409580642724498,0.0455589248058534,0.0294442881317508,0.0543507765332283,0.0504805712623456,0.0355550136306329,0.0320532860569757,0.0355779929924284,0.0464334876725266,0.0544550535451145,0.0344282527697281,0.0540251067252919,0.0496104932681674,0.0421488355327643,0.0436584550250203,0.0465745059071495,0.0521830064034073,0.0372590331263441,0.0536910914777923,0.0513892272042066,0.0455785347593871,0.0388148422118498,0.0371052635916547,0.0414792360643016,0.0299644196599554,0.0373929014122985,0.0413992856967992,0.0350108496520363,0.0376012116042905,0.0460079926939529,0.0457621496109572
1344.38357552591,0.0269198143585227,0.0140856559956442,0.0234279204941898,0.0205370150235227,0.037382923164883,0.0240399697743388,0.0203164180530366,0.0207565534710825,0.0285451481211731,0.020116221841687,0.0398533299805915,0.0412862542191785,0.0322228479612051,0.0334372619936194,0.0254215458933977,0.0266093685074067,0.036062965030404,0.0228615162268145,0.0232907707205805,0.0195297951819006,0.0283434718219864,0.0334723338051856,0.026029734158451,0.0197036717388852,0.0279125679999584,0.0247586749322196,0.0137029433185257,0.0233800050040076,0.0238607769734072,0.0314531839860834,0.0303069769955714,0.0331060210524534,0.0354549638305219,0.0317441123634282,0.0203882681810399,0.0244274399706703,0.0363895355504092,0.0236022979287652,0.0233051552071332,0.0229803165418457,0.0250845613194399,0.02483110718297,0.0211074190797033,0.0250311665499708,0.0322688071514286,0.0248102736421656,0.015656694153451,0.0179133579089839,0.020878331537217,0.0211030506536748,0.0293251165691282,0.01368821322562,0.0160493156267922,0.0346742911142321,0.0173496769295835,0.0297581199481738,0.0219372720298385,0.0333994973335753,0.0140020047533622,0.0267708016653717,0.018669339268738,0.0329191928786463,0.0294341920855195,0.0268985522102871,0.0175221658838811,0.0205791726266992,0.0159501627490987,0.019919145078134,0.0259968138359774,0.0203774461538319,0.0249544794721241,0.0241459009957018,0.0217705801829304,0.0192362064518497,0.0221909448753617,0.0325677317870631,0.0298356895153059,0.0295487220349935,0.0273220581292964,0.0240048507477098,0.0303591079295405,0.0293681298817125,0.0240578469793053,0.0232018075736793,0.0204559982027531,0.0213139346133607,0.0228991573343654,0.0205487372105379,0.0266610878769435,0.0246155266149316,0.0320796005946131,0.0252210170371511,0.0270244147918986,0.0224008804252107,0.0112334803708362,0.02159200975776,0.0191733242467699,0.0204383534210094,0.023241591998394,0.0206916965848878,0.033278268062537,0.0247320087815722,0.0101421369153143,0.0443166718929235,0.0247598706477819,0.0218985969595632,0.0261194270234155,0.0165034946853792,0.0199740654826938,0.0223144809903094,0.0292395513922993,0.0218003796945146,0.0255390734623709,0.0258945906830592,0.0234157512466443
1347.24048324345,0.0368952778355357,0.0350759226989569,0.0332357341571665,0.0319208648207108,0.0336723523017171,0.0318715503476451,0.03406572387658,0.0360487468184035,0.0362325397070274,0.0316537770712288,0.0393619231844931,0.0428507952720111,0.0290797785687034,0.0356803786635115,0.0378108169689646,0.0409976685558006,0.0416142206605353,0.0432596318054867,0.0376456428904677,0.0436555045942065,0.0448324526247491,0.0493236063109609,0.0459100160512133,0.0357007437763596,0.0389769960215052,0.0354365537808824,0.0379196336722204,0.0300315206186654,0.0393403264245655,0.0385550693882198,0.0402687995180985,0.0436299316117519,0.0408678772542328,0.0334335314020244,0.0380801042594593,0.0400800913522681,0.0381311667328826,0.0313755534883932,0.0383896337981538,0.0418130742990835,0.0367846142900422,0.0313967953373183,0.0366417854186335,0.0385301221843489,0.0361279465681266,0.04464603826301,0.0371228182228182,0.0365749196276334,0.0351093167429038,0.0398043208974338,0.0423658718712961,0.0416843227631316,0.0300375987818814,0.0425015512283299,0.0302633167450546,0.0333343714679478,0.0389106347190308,0.046661189154882,0.032693251506752,0.0356943246594566,0.0351844913190698,0.035732117282348,0.046660852807711,0.0337080772117617,0.0395401975975382,0.036480397421778,0.0439722461420046,0.0392994049071958,0.0371811238720333,0.0393221464156706,0.0311447131226782,0.0358210863429838,0.0367077897773192,0.0425526686999357,0.0332430123575393,0.0442789975468515,0.0364832274121339,0.0388868102850883,0.0322626779160423,0.0490829100197749,0.0326030334518639,0.0402449362658286,0.040424623335673,0.0461909403909883,0.041015752611104,0.0329232772381525,0.0420964875099693,0.041635482494311,0.0451086552248496,0.0257441961765475,0.0377412201793244,0.0356381618099171,0.040552025602547,0.0444812458664375,0.0438404202216316,0.0378493711571339,0.0386123440699469,0.0349484459583879,0.0337530660948436,0.0388864678035381,0.0377619065794148,0.0373088132918285,0.0433802215937172,0.0473298694910644,0.0445110462157337,0.0410411763385089,0.0404633946117722,0.0421055912705147,0.0383888597359766,0.0486385450878638,0.0381242433167141,0.0394094119700426,0.0414583232738873,0.0514537713938939,0.0398863509075833
1350.0954059946,0.0557105300469277,0.0544262079437494,0.0625764968339723,0.0546414614066311,0.0467464975227506,0.0546955374050973,0.0571499434002707,0.0553039701322665,0.0510252404664632,0.0585108683895336,0.0496283370992555,0.0602698057242347,0.0573410859853181,0.0612482710675208,0.0552486381208865,0.0565006816056683,0.0504746696826454,0.057628907313327,0.0591651816178012,0.0502863513328515,0.0509210097964031,0.0588678341141794,0.0599069793184465,0.0473167504031985,0.0560952829283875,0.0578556962192701,0.0610501221659526,0.0520984691879546,0.0614445335241579,0.0500004695759514,0.0627809925423228,0.0571670539683637,0.061335780368812,0.0559294635756023,0.0524768561495907,0.0652059583208929,0.0533305840894282,0.0529584202463302,0.0634921544841753,0.0463004533419164,0.0573748761239032,0.0526664336097572,0.0560582980870637,0.0568866010987761,0.0524687603242992,0.06110453914319,0.0520063608309643,0.053056464924373,0.0509908179771625,0.0541253610486087,0.0543350178835108,0.0545950655009345,0.0590897054420432,0.0620062097427326,0.0594126229130406,0.0478511625106262,0.0648954780405175,0.0621370819100066,0.0508480646345535,0.0568370337372182,0.0539076498814266,0.0480032449264026,0.058355603295382,0.0569489403207327,0.0505826157415539,0.0608820392049169,0.0619455621908836,0.0570355490037702,0.0578503792800148,0.0438214382010514,0.037347544674372,0.0569279932957602,0.0549720540988026,0.0536873745001478,0.0613822299401365,0.0493293447180968,0.0568945231588291,0.0455006060806658,0.0541346450271203,0.0602613895715948,0.0524723525437909,0.0608786263457415,0.0415599985729264,0.0557546967229296,0.0516029391257421,0.0506107032604377,0.0552841223784919,0.0466598636068479,0.0456911916234402,0.0493531853388168,0.0574721154773729,0.061912283337885,0.0546319467538081,0.0565905895628155,0.0637553897380911,0.0468453817660012,0.0558476049287898,0.0477997823604535,0.0437248461792148,0.0609494450437712,0.057285615818542,0.0618982848881286,0.0570288777602758,0.050859557334148,0.0546693383348645,0.0427186331846431,0.0630754155589407,0.0554956142315813,0.0495785706079253,0.0559579757074766,0.0542165955232369,0.0515300775336226,0.0584871236074206,0.0623488309572542,0.0558385694990972
1352.94834568695,0.0491592324424395,0.0429450608462127,0.0344529788605082,0.0396264737906138,0.037649637742726,0.04368845090667,0.0456992823089465,0.030554430506683,0.0418235131047617,0.04492557177438,0.0368818598992623,0.0424389086102381,0.0478372140701166,0.0429134038450918,0.0575902442689524,0.0472142098235965,0.0324219303951279,0.0374117964042407,0.0482366631761819,0.0465347848660209,0.0378404074566157,0.0563123311547224,0.0417585442650777,0.0358812168980963,0.0424681028704664,0.0328134750241281,0.0386062797925881,0.03787055032726,0.0328673389686317,0.0517119757172683,0.0492570363414387,0.0472119674631691,0.0388383366859872,0.0434164937614802,0.04759396800099,0.0441525247375735,0.0455738998996314,0.0353703775485383,0.0413588043695507,0.0419647683993733,0.0419123396950874,0.0369476070058498,0.0450847303556283,0.0488764784558353,0.0438822477391163,0.0340733702834047,0.0443695989614247,0.0465305771256046,0.0248423898606658,0.0410055496253131,0.0451793585574356,0.0334082787826281,0.0379829959612434,0.0570822557278083,0.0471770245234072,0.0336236961494408,0.0374611351083824,0.0357894897548421,0.0410227840944523,0.0419267068033213,0.0435517524559106,0.0391729219126425,0.0451136066584727,0.0332124316241095,0.0517483655184332,0.0422922116325912,0.0430401436107254,0.0394450946476218,0.0367420287564852,0.0416604941821477,0.0441209126866925,0.0420327059205192,0.0356835718484473,0.0382289084929199,0.0509786207902509,0.0443822849053466,0.0355132897795617,0.0499375524135817,0.039451579588955,0.0419589117629185,0.0387787665211887,0.042545450260173,0.0459745264845841,0.0328562436513114,0.0450063083142867,0.0319174218256916,0.0433013379642732,0.0411651037772751,0.0392434816071773,0.044478577676588,0.0401072991549673,0.0559633353266465,0.0428169697947078,0.0487453888498593,0.0350745158325103,0.0480206736933351,0.0359745116794052,0.0422809780505396,0.0404593955280949,0.0450188088552007,0.0434284776384437,0.045589860932979,0.0429207473104661,0.0493657001598543,0.0392254726164751,0.0515085060612941,0.0350645644397172,0.0472274236316689,0.0541000731063234,0.0381203326312896,0.0387733936544891,0.0488104648149477,0.0338498069697931,0.0444469628940606,0.0537310426062794
1355.79930422558,0.0497928762015406,0.0535079913892967,0.0502632984286203,0.0505085045266533,0.0583230823259007,0.0537770310598904,0.0594867035680959,0.0543502142965036,0.0550045402164804,0.0466601151418381,0.0492205446501934,0.0624377190545233,0.0601606709463236,0.0538673535730048,0.0616232194772041,0.0467589449230676,0.0572427282569195,0.0616913046058573,0.0444731183086123,0.0488139479578618,0.0505313706617786,0.0548227931017596,0.0509568604524462,0.0519148005514546,0.0464292438691768,0.0580504859901074,0.0529739659715958,0.0478601457830513,0.0560988535185407,0.0501870692559757,0.0451491177512626,0.0592743938758742,0.054496943175059,0.0533519775555319,0.0609129656299663,0.0592858890952179,0.0501548768042657,0.043733656243656,0.0548135759971626,0.0536559106012567,0.0508762247414267,0.0533452665300542,0.0578937117496127,0.0462625317176953,0.0504885120960106,0.0590318830010415,0.0405926137704933,0.0460463841573066,0.0418413550201929,0.0471156489465133,0.0457920380877008,0.0530550171723707,0.0520089668009377,0.0493935403573279,0.0528556727560774,0.0470162927317681,0.0617840285167252,0.0446847778753135,0.0509697974080545,0.056436370808127,0.0491266256412056,0.0548031950175046,0.0512892735349658,0.0457228548971973,0.0556737198269017,0.0520077648262247,0.0593621223646339,0.0533412872528155,0.0468498582307808,0.0422927053420542,0.0492338289989153,0.0520835166324566,0.0467916120756053,0.0549322836154509,0.0516037396150122,0.0577994217398764,0.0575995549126029,0.052745092285464,0.0580735894710227,0.0598406587496673,0.0564712090640345,0.0583314025431228,0.0602014406080659,0.0592427918058714,0.0489621762665533,0.0551444954952359,0.0581563713167462,0.0534210148917859,0.0517687998522198,0.0489325715834929,0.0559287176979271,0.0571298092980991,0.058001967571043,0.0545750179629795,0.0539102669287799,0.0469705949853038,0.0515729252868896,0.0507011566283519,0.0581854148833162,0.0555401127287716,0.0574126937574023,0.0494764702210073,0.0527835460068432,0.0574543974430551,0.0510107126726988,0.0564876579572297,0.0516474051822611,0.0484183721089905,0.0547371414360673,0.0577703433097893,0.0504633114468921,0.0422531598342585,0.0481624943594176,0.0542801431112115,0.053231694736333
1358.6482835131,0.0349911919241484,0.0260795883368564,0.0134897565990964,0.0247337695429446,0.0330194585988318,0.0267059594120629,0.0250301957378825,0.0239836295725254,0.0223669603187202,0.0309134286067677,0.0318948081387436,0.0313445122535688,0.0187570062892806,0.0247139485180162,0.026498299509088,0.0209633411579445,0.0199826014119433,0.0189827224425807,0.0236668293480011,0.0314103054944424,0.0106220825631869,0.0301747683167455,0.0264021877922231,0.0245791088283117,0.0328271165100307,0.0173953855193836,0.0294569559181332,0.0265061765822872,0.0292002915391458,0.0167293389355013,0.0222457678574088,0.0283408124806654,0.0218182407328285,0.0184290586620732,0.027943981262823,0.0237880378352521,0.0284187626691934,0.0294827912719686,0.0138065354666631,0.0156602673578165,0.0176842230778866,0.0420050134191243,0.0215183887641212,0.0183589830377999,0.0202401897928252,0.0207272355784941,0.0241880995067937,0.0285840930930219,0.0200867422798173,0.0285305280303106,0.0236542650927248,0.0184738451404452,0.0181062646150736,0.0261641881342983,0.0244222412324938,0.00348288743749627,0.0073782551912539,0.0178120820808827,0.0225083733909099,0.0310093182875832,0.021231556349745,0.0259957440344651,0.0253209275731342,0.0237115410631914,0.0228022764355649,0.0142053989289855,0.0242726952288692,0.0186589982285489,0.0274388590926511,0.026255675421327,0.0298172477156586,0.0222539180197686,0.0347104406781671,0.0234254397865617,0.0340656906177383,0.0200675474953501,0.0120405941070429,0.0320316650752686,0.0243132210352956,0.0304342893980952,0.026840710758361,0.0275715102397537,0.0281652628514921,0.0234921344255533,0.0213117273202061,0.0243458926756987,0.0264905970096449,0.0324315020024999,0.0263854560392694,0.0232592656779073,0.0295944476139611,0.0222489511977922,0.0251629462233884,0.0257376189549489,0.0324360232549345,0.02523115024043,0.0272930678213495,0.0173553479205635,0.0245814429915636,0.0280681049851645,0.0263285273387083,0.0233749059074962,0.0267223512708377,0.0297969969761098,0.0233192615598935,0.0347173387490036,0.0286153522027811,0.0162824623957308,0.0264373133544722,0.0287718679852419,0.0350457885510963,0.0214060074487133,0.0246482248432618,0.0358602700441681,0.0410516512123362
1361.49528544963,0.0301333423884687,0.0333636226696815,0.0499310609880525,0.0318667128479222,0.0331580090350789,0.0323819562536076,0.0404889312319281,0.0336977506190257,0.0219334601982286,0.0343136958388008,0.0396545415717918,0.0288824928354311,0.0300412999975662,0.0264761338503127,0.0333548901975353,0.032108226213604,0.0316408201808076,0.0306564185841056,0.0309326192231987,0.0266028924961004,0.0310121846563485,0.0392435645446369,0.0302664991514803,0.0307533262274567,0.0296734114015562,0.0348390625820281,0.0394563501305131,0.0370715813581335,0.0397841909145054,0.0265997178827686,0.0354030507898469,0.0489312574030438,0.0337426214669785,0.0409764356984414,0.045146591517303,0.0411730887902845,0.040869042568363,0.0406316716750599,0.0384046164307503,0.0295858227437035,0.0344422260914802,0.0393838614598492,0.0210870936366572,0.0378431851965807,0.0436784122658098,0.0327176831270336,0.043519413904478,0.0286737715728591,0.0283756503018108,0.0247830915369651,0.0373002858469327,0.0308775519316287,0.0327155835270042,0.0362765463827149,0.031245524107484,0.0289802846588892,0.0300398425539289,0.0289349332929267,0.0313835899031219,0.0266797374754403,0.0240878191098641,0.0416519784865082,0.0337401107478999,0.036249029226613,0.0377412611230125,0.0386595496391411,0.0339133236374388,0.0314767150239261,0.0353439224639576,0.0430400394842759,0.038860930372927,0.0273440548061379,0.0281666668518675,0.026852200060959,0.0281074681798276,0.0351788030143246,0.0248011527192469,0.0293916715136939,0.0336822856574924,0.0377689357829953,0.0396048094757405,0.0293069124194314,0.0386071897511289,0.03758669547334,0.0352785861438855,0.0382250255240273,0.0457508971558292,0.0303015797311907,0.0335187324700882,0.0310268918348321,0.0381334878813867,0.045295840827849,0.028499818802127,0.0321190753275499,0.0303078581976907,0.0376354135110513,0.0312824520867099,0.0358283102322517,0.0290835182736842,0.0364122020291727,0.0253122820300101,0.0371056378498599,0.0262658916539639,0.030861284046214,0.0340638213776139,0.03917562770932,0.0298130883452814,0.0302798403357507,0.0382346053981435,0.0389393299041999,0.0345851996998819,0.0225771861359194,0.0230836176800955,0.0294120624390588,0.0363272752204165
1364.34031193283,0.0297023042815146,0.0301958762786504,0.0489713947504727,0.0346986777859677,0.0403430568824691,0.0336326342961706,0.0395097623442484,0.0417323991610356,0.0280604232153247,0.0421005183371311,0.0392407116853004,0.0422756779320504,0.0354854871888059,0.0315039603450446,0.03406917207217,0.0283850478758724,0.0378169758829932,0.0368512124180987,0.0288584758358381,0.03439186124126,0.0377143029982287,0.037793100292032,0.0496868101377081,0.0352928977831228,0.041911490945129,0.0344233815586253,0.041779444376682,0.0234451688481016,0.0305444888773739,0.0386485711133535,0.0527524337963585,0.0480305198593329,0.0467548664656687,0.0290627334789176,0.0314950240784524,0.0296317644128343,0.0438090191060129,0.0308223599908065,0.0385578820117375,0.0286145299684984,0.0340130699320904,0.0443936978797615,0.0383582291715712,0.0352681854162434,0.0329731504300864,0.0351170177973146,0.0348352083353894,0.0298727534377603,0.0312177449789632,0.0336772263029432,0.0292801193232782,0.0231639924080514,0.0367463390273454,0.0402917247971972,0.038081929600243,0.0286098138003248,0.0420283143379095,0.0367680071181256,0.030941116492692,0.0312409732473395,0.0346418281502571,0.0367630070751604,0.0316382851190639,0.0425726336164188,0.0323656483060822,0.019557034014974,0.0374187085351832,0.0404423737264214,0.0432622381185137,0.0387068856187697,0.037877840871508,0.031339267344918,0.0415236723975455,0.0369438702996656,0.0337292250277201,0.0325077655778916,0.0392248150795673,0.0398996271032913,0.0436100216004667,0.0323177369323127,0.0353190048819622,0.0386344306552079,0.0300075052368789,0.0365769102061764,0.0320622386361782,0.0289580195472524,0.0486006346399403,0.0364995671519084,0.0347058196632027,0.0349715513084393,0.0219470352855521,0.031749331207998,0.0383269236302715,0.0348357470512427,0.0342690529129131,0.0455766833158407,0.0291905257448115,0.0398311001938456,0.037463242586648,0.0260418288317666,0.0326581145425327,0.0350307462442996,0.0372573013863339,0.0420122353059314,0.0437546216262621,0.0365466539638012,0.0348765599214353,0.0276205943456324,0.0383537683601315,0.0362555097022997,0.0402260688826206,0.0419159997095712,0.0385331536269745,0.0333049442158148,0.0358693565358006
1367.18336485787,0.0331465125399029,0.031447696416839,0.0426027856947454,0.0472505259826342,0.040507353983085,0.0376707292077271,0.0423826981108314,0.0362368267661638,0.0385655534360522,0.0362333755983019,0.0388403490621447,0.0500603107320783,0.0377500901152158,0.0463034804610736,0.0443095677413961,0.0395564050219481,0.0280707078353348,0.0370180677301728,0.0400018872234879,0.0317991740458549,0.0378533181446405,0.0368825857257531,0.045001938756204,0.0360014274662091,0.041529961551827,0.0401647206167569,0.0490588657848288,0.0296359865389307,0.0400528293376488,0.0382570447902062,0.0403356392983113,0.0391415931357086,0.0404405123214902,0.0390508876920614,0.0382507250746458,0.0281210857219797,0.0400399262873675,0.0403423969588392,0.0409479909200537,0.0442228788505692,0.0380362074650736,0.0417989703627574,0.0285567373035124,0.0375516169499758,0.0385455788741868,0.0448743646810384,0.034957620466653,0.0387583168308633,0.03352724740158,0.0327013758429144,0.0369906995248094,0.040068187807312,0.0424627988538837,0.0465420684088697,0.0449316110107722,0.0248022775298376,0.0388443127243689,0.0473666564260499,0.0255721161511538,0.0474674515977074,0.039171271892197,0.0430000558038149,0.0378661626787175,0.0409840631733389,0.0379911954038946,0.037814104526685,0.0375838144209418,0.0334082896541761,0.042835908973039,0.0427282267549865,0.0296570592493582,0.0314693374600423,0.0361113822840955,0.0442776545818482,0.0266962048504266,0.0398599327458269,0.0349593721263864,0.0383802140121971,0.0420893989090284,0.0357836956671747,0.0547140402605831,0.034981899190549,0.0399315894420171,0.0400598291057979,0.0460556805123017,0.0340412383550477,0.0399670416322398,0.0288533351641792,0.034280720468172,0.0350933936441879,0.0400719511310579,0.0324215984706974,0.0400713763957077,0.043346004967097,0.0321676276501705,0.0395432780756297,0.0309902242595184,0.0455183556802732,0.0348147857952278,0.0366158465875424,0.035565206404042,0.0378782876511023,0.039550207006707,0.0370600254154223,0.0358487393335694,0.041576999988869,0.0405036140738154,0.0388664130617655,0.0462803181772994,0.032466417247496,0.0342572937497369,0.0260608106625111,0.036995691993879,0.039385436272245,0.0418042975569803
1370.02444611745,0.0189491318225405,0.0200448996296159,0.0232340945235304,0.0274602795700671,0.038520534144836,0.0328452992463312,0.0151086801833974,0.0217258207799274,0.0239859483144106,0.0232726635889245,0.0159396947646068,0.0379272718058348,0.0166164195222962,0.0231648706214609,0.0187501621381596,0.0138137455395325,0.0265801931893256,0.0174274711635808,0.0275010205913995,0.0319553763194005,0.0226604928048553,0.0259797355734144,0.0231795674126166,0.0224454793169168,0.0197410368910435,0.0241373920301246,0.0206511486026094,0.0242878468867147,0.0258807241004176,0.0124306179829087,0.0268868623887187,0.031766627465803,0.0260814752847857,0.0233336529479692,0.0196645127642115,0.0316324625008376,0.0290017013811118,0.0211781989759834,0.0044411033259159,0.0217415857320847,0.015439975303388,0.014187596778002,0.00881896438390688,0.0183144985296463,0.0224445341819535,0.0173575893175884,0.0208043617379906,0.0175121328241064,0.0216541235693705,0.0295426154078729,0.0132797103966059,0.0239941519087808,0.0214346667203377,0.0266982769863736,0.0154321275645165,0.014106976342732,0.0294870369779911,0.0205465037979106,0.0185699992913408,0.0209835454869672,0.0113291735554867,0.0181351804202107,0.0202670553525054,0.0241235201316676,0.0194566720182008,0.0125148357943461,0.025465422629262,0.0302528903116773,0.0362939008842971,0.0217398459075539,0.020334377633779,0.0116662700652323,0.0196639959532691,0.0327792636656651,0.0290402953164783,0.0166396537942353,0.0197058657387983,0.030853802988127,0.0105640163519869,0.0225687328632774,0.0179801191794128,0.0237632322577072,0.0340809059500926,0.023959416434877,0.0295528632293826,0.0264555068045632,0.0242298964164468,0.0251008620527902,0.0127412384562265,0.0242685591403737,0.0132305302185389,0.0238190593888149,0.0229384873605106,0.0271735153720942,0.0162705599325465,0.0234519869615849,0.0244927390751079,0.0228094628056336,0.0250028128228021,0.0163577572253419,0.0234589954023509,0.0352844567608752,0.0173542406166752,0.0396765162343367,0.0247548118548054,0.0296894227199787,0.0301828843192197,0.0256766131547082,0.0236003990826398,0.0247755714967168,0.0244276974861653,0.0212219856675817,0.0140841217083057,0.0155827483464053,0.0185176489212631
1372.86355760183,0.0356614669640738,0.0411520088025019,0.0423778142285152,0.0373427691816546,0.0452038221558561,0.0385749887826031,0.0399440276991516,0.0456031626415899,0.0301531811727668,0.0475001852217152,0.0462675165773041,0.043183011827485,0.0359335860233363,0.045038570278419,0.0357324596545966,0.0443026572098193,0.0481820985229289,0.0258588014434848,0.0436230239216245,0.0430671154649595,0.0321440526875146,0.0424748520800351,0.047999561990723,0.0402034882119282,0.0517915580910761,0.0354910313932697,0.0361959654962828,0.0497594632472199,0.0480896477914987,0.0407617808772525,0.0463646743092468,0.0314069329810032,0.0423582409385344,0.039915599415986,0.0407777528765618,0.0373834111773178,0.0426268121527931,0.0412114083937285,0.0441013717776321,0.0362722436296513,0.0450137732225559,0.0459002341825702,0.0371870088120397,0.0308535961630021,0.0453922612668239,0.0378766650229628,0.0385404623957109,0.0401270311566256,0.0332730447145754,0.0406730766819532,0.0405286229591143,0.0448402681729673,0.0416721884901199,0.0529728348830051,0.0396509817879953,0.0425356347294546,0.0381415657197136,0.0421814852361848,0.0395742376127961,0.0355724950991938,0.0493685143516908,0.0505141586442205,0.0270763729634995,0.0463416268431888,0.0371958551154195,0.0421167304467141,0.0413088903058968,0.0442285109945081,0.0459244990071389,0.0335734706262521,0.0495127094104785,0.0406353973305161,0.0430053966749461,0.036260610204976,0.0352537150446783,0.0356970849127993,0.0473706925392862,0.0457797686922462,0.0445456864884669,0.0388611173563751,0.0412546240873751,0.0358370477458184,0.04348775129529,0.036428202151085,0.0380262667807826,0.0392858696202282,0.0380687373847483,0.0374370556000234,0.0448465105759493,0.0457892535529271,0.033070385048931,0.0299819621900639,0.041982099837216,0.0451695732771911,0.0357389001350709,0.0291955798363292,0.041278706014739,0.0391077726075392,0.0411518777145737,0.0374245312880469,0.0380819419361754,0.0354314711726135,0.0452661473623961,0.0307230301818441,0.0499629142503721,0.0331077603867237,0.0396894748265018,0.0313931621399305,0.0404614772818332,0.0400307997756346,0.0483738417732903,0.0340011383666661,0.0378011807330359,0.0483254953262187,0.0473384456869028
1375.70070119878,0.0358359535630969,0.0292257600031834,0.0376770568143414,0.0402285965221967,0.0394562718047882,0.0359962736288064,0.0275038652392456,0.0288629697452008,0.0308780218535506,0.0378467766056015,0.0269763252109863,0.0433416855825234,0.0307886268938643,0.0419862456698914,0.0560859347503635,0.0345709177623897,0.0533125313070951,0.0304593894170337,0.0355508769726605,0.0323085595430074,0.0290363607225051,0.0358123907909114,0.0331718734297264,0.037656819253978,0.0366204242921754,0.0289859286877363,0.0336295646093053,0.0279351976035446,0.036149026530546,0.043658338153617,0.0376440551540342,0.0380626616655439,0.0350110548871072,0.0324340979889402,0.0293838192874382,0.0286782802654155,0.0316164009776959,0.0397351548325487,0.0242979505594106,0.0254145375260988,0.0352068681611808,0.035728428001112,0.0390356693252542,0.0234874948587518,0.0325706092733596,0.0363760007066779,0.0337574657828,0.0271295453695711,0.0268875941911186,0.02491295831672,0.0390661788116834,0.0327084624843763,0.0229013079566966,0.0192693157826284,0.0403877418142386,0.0301433419091954,0.0192504217335721,0.0274989106866391,0.0249153359169388,0.0412975118699676,0.0336295740045509,0.0367894322126532,0.0294639970223674,0.030075906278365,0.0373680299955042,0.0406112423147151,0.033130995409383,0.0361309238946687,0.0360668438656408,0.0359677183679424,0.0446801122181005,0.0369279885139308,0.0392914855538974,0.022018670680671,0.0244064680393438,0.0314117649389781,0.032694122003855,0.0328073258410584,0.0386988408507834,0.0306821208702411,0.0359211429653839,0.0322243730124918,0.0300426241710334,0.0438716572946577,0.0343095846884761,0.0411018327874548,0.0283807195523992,0.0442440937281752,0.0287511066919128,0.0256755305528887,0.0371814406302475,0.0323340165139211,0.0275756380343275,0.0369068165393761,0.0298121401938156,0.0321553456027815,0.0331464826563207,0.0359230584849429,0.0374400410615199,0.0353709162981109,0.034909075528128,0.0339557094590766,0.0432444789948704,0.0243020143269928,0.0394307731849294,0.0294394269515596,0.0393028054656655,0.0393462840729455,0.0417479550943735,0.0368420874343096,0.0263952406991455,0.0269901567372118,0.0297246846927606,0.031073077206578,0.029928006212031
1378.53587879364,0.0536792366350635,0.0586222791631104,0.0503418456463514,0.0663163624404069,0.0542823105346833,0.0622818448899538,0.0611412578466995,0.0663126430659208,0.0621710221410563,0.0571815979117248,0.0563087947815333,0.0516906162247743,0.0591778286034281,0.0633444899385435,0.0669403758500667,0.0711502332834011,0.0661496674196688,0.0663773200653652,0.0550015472733155,0.0543898318631598,0.0610184205872047,0.0691871177095086,0.0655228145978472,0.0565399538802855,0.056614670480762,0.0543302352362833,0.0546941907449225,0.0545345476925886,0.0567325885379446,0.0628116621427833,0.0644624985606884,0.0617360663257707,0.0663583778350104,0.0561576597720598,0.0709183536116243,0.0600568372151863,0.0665578394379365,0.0603482699017742,0.0656536368489464,0.0670311409017456,0.0598149729562037,0.0625715098702599,0.0619042129389667,0.0629716987442981,0.0620509913798477,0.0563581078740623,0.0542691469073896,0.0678591324918573,0.0603747191059843,0.0673676437632451,0.0636327458758419,0.0580563029000084,0.0598903393375526,0.0600139042592884,0.0691096153063845,0.057450484105751,0.0599919581069852,0.0711802811053367,0.0640602777984768,0.0570238133482978,0.0579741445579914,0.0636398778021055,0.0706754808618248,0.0619475658081352,0.0683202461869643,0.0549638154135661,0.0663303397739123,0.0617298877228134,0.0590981988068157,0.0567263830251879,0.0649619847928637,0.0626004848408969,0.0632131671309516,0.0693172292379311,0.0570859777769945,0.0549456804941877,0.0647866279161298,0.0559698787623891,0.0607004636365745,0.0670358261845145,0.0548195143897321,0.0578596181967766,0.0607097777281104,0.0642070973814985,0.0666638931572765,0.0633341953210211,0.0619553261215965,0.0649228748953798,0.0543826537875026,0.0664036711413603,0.060423620882294,0.0674818842222283,0.0730946287009007,0.0638638207277732,0.0598034622331311,0.057509818464229,0.0549465353862145,0.0756452083718658,0.0613457644596482,0.0597704502203922,0.0629181885774188,0.0657674800811547,0.0559384427972741,0.0586912782887148,0.0646673170510844,0.052000589048767,0.0647979794489858,0.0756523511700099,0.0513991461814647,0.0610743647785453,0.0675269413982821,0.0645534180455496,0.0600510033866702,0.0649306409055702,0.0508047325143918
1381.36909226928,0.030157684979637,0.0290988522171236,0.029944468938556,0.0406493561558965,0.031789339448175,0.0247779183745144,0.0377619775770576,0.0281567126441868,0.0394624611870845,0.0399023593320027,0.0227188877455932,0.0345009639638701,0.0333090245839152,0.0391749769035222,0.0319231708170285,0.0267236334227165,0.0207535905253005,0.0358575504541725,0.0376042609750585,0.0431120196528073,0.0327286926543917,0.0341151026709689,0.0346439660900561,0.0227196856111694,0.0293875607695757,0.0327732345206778,0.0362276189611806,0.0288873182650313,0.0282893369364482,0.0305413446877474,0.0317365677414099,0.0334127884842248,0.0284177855722462,0.0311935662755203,0.0325430978964492,0.0380227478026125,0.0376489452402725,0.0313062469773833,0.0358727804284765,0.0214114359344544,0.0234033821694809,0.0350154118201799,0.0206646204311995,0.0346378938469929,0.0291963749067208,0.0300272617441317,0.0225846118291121,0.029677223005853,0.0343612125682702,0.0335161122933812,0.0258853537780524,0.0302958421163503,0.0255386084578004,0.0257827769195426,0.0223232252615054,0.0261075378998236,0.0321300297503041,0.0345065631310755,0.0252789158655736,0.0355888880290572,0.0257962443529059,0.0249397773732797,0.0265190513972536,0.0394835036694029,0.0355564481862855,0.0291557878367375,0.0374992923992444,0.0254993947590467,0.0381246611350166,0.0291208796201757,0.0300373944049255,0.0339878659373486,0.0280388003905218,0.0429094078382277,0.0319464170920941,0.0384539446656625,0.0352858077667538,0.0293426134411181,0.0237715405866849,0.0310608960715038,0.0313498645505117,0.0331605636736996,0.0298711871812113,0.0263259351964904,0.0274730341273297,0.0298878629405556,0.0276596373644727,0.0301851741857033,0.0334390178120319,0.0276856470734806,0.0319530381659843,0.0277916413592454,0.026871711697657,0.0319840054649874,0.0284959633043667,0.0369977582114165,0.0268967381109212,0.0262532397466966,0.0422038075904053,0.0395680971820679,0.0408510846600112,0.0386822913559282,0.0310761262553671,0.0321529902140135,0.0290824881253442,0.0385286710441276,0.0336175649644601,0.0252890146510299,0.0298877456328993,0.032184758648393,0.0317395073513886,0.0289650648861386,0.0399382020357625,0.028681055169463,0.0291714665891822
1384.20034350613,0.0336844346558962,0.0359414321761882,0.0307085918831798,0.0236246232269672,0.0228365579739124,0.0277896794499298,0.0319450940733616,0.0216178083955814,0.0347732869129365,0.0313842339680629,0.0305894326556244,0.0301012690590939,0.0287369611660502,0.0258623587814303,0.0366503692082527,0.0319153310175698,0.0297720685001899,0.0344586776571122,0.0246225848573896,0.0209063605204065,0.0258276324490928,0.031181251738408,0.0257537435990882,0.0333932281838639,0.035678391579713,0.0168156593578073,0.0331538059431274,0.0302096705581152,0.0202481049639853,0.0345615349521706,0.0303704915801566,0.0281087531925181,0.0280975572341961,0.0281322474399734,0.0283559178342124,0.0237940965365665,0.028362054068134,0.027113308357381,0.0227821543745176,0.0244008237956288,0.0330590373858266,0.0248857425982373,0.0297425813891779,0.0246221653747384,0.0245478863775068,0.0370437754874588,0.02279003923641,0.0293279653028103,0.0110920784489551,0.0199941301599688,0.0369305331195764,0.0327459208479955,0.0313382205345632,0.0293384175100941,0.0354094536156051,0.0241117623567888,0.017218583755692,0.0248201300365022,0.0375573216424824,0.0496788755911597,0.03315325863553,0.0279264212242221,0.0367107752172069,0.0170343385036194,0.0280790287211974,0.0197719950049276,0.034953852865871,0.0389788108936003,0.0288667126729655,0.0298894099095652,0.0336144288741146,0.0330932340598785,0.0304441071241711,0.0303733538739834,0.0310561497152977,0.0364351842957615,0.0239510485994572,0.0377560588060173,0.0359768429709199,0.0273763417512502,0.0260578191658933,0.0393338542716395,0.0257236238276262,0.0354916566111164,0.0321195971293411,0.033952096677162,0.019108359265371,0.0276116545046935,0.0287612349360893,0.0333697644423608,0.0259874181920454,0.035103023820761,0.0233028042558654,0.0321715140771821,0.0336592208367083,0.0349640714876098,0.0376442158612658,0.0247819010191699,0.0263884844011544,0.0408618565100536,0.0254774514100343,0.0377938059028063,0.0247412503066634,0.0247681884506614,0.0271320587961281,0.0343554528277588,0.0343735178626172,0.0249498362359938,0.0317729269464365,0.0318350989716761,0.0253006003985671,0.0313498053851615,0.0324533462822466,0.0359316970594307,0.0261579132580649
1387.02963438217,0.0355703223156996,0.0306810922206121,0.0314871984266911,0.0341163525913906,0.0306704410526202,0.0285966023181306,0.0360135231920141,0.0292018965008869,0.0333721269159893,0.0272538782727919,0.0328460421603092,0.0384916794256616,0.0263071007184167,0.0309970088260752,0.0408322886218648,0.0360190906589512,0.036057191402135,0.0308772226018758,0.0303613246100803,0.0370119833214748,0.0277101150696166,0.0488000405703812,0.0275970584392559,0.0276066360801282,0.0293506549399417,0.0332664737707949,0.0240526188302424,0.0265953070201766,0.0293029189078262,0.0320982674553251,0.0311079286506925,0.0273202229488764,0.0304781077725501,0.0409545314689426,0.0302459312805346,0.0207101957912621,0.0291736493515948,0.0356282037003166,0.0297171005882663,0.0412098166170991,0.0432840762950298,0.0403446399144138,0.0366241145997509,0.0388465131670327,0.0280456965361049,0.0288207556549374,0.0334518869366521,0.0284449387567502,0.0298800121470489,0.0311943784423044,0.0409442519088698,0.0290596154849039,0.0326925466384442,0.0395741290999989,0.0362026918671729,0.0342089946214566,0.0304436633553323,0.0432220811502036,0.0383237545263283,0.0410341662204956,0.0328400684317771,0.0242599050457696,0.0258485619819156,0.0330984761141292,0.0349002098212374,0.0171932073385272,0.0257154793697352,0.0281769251944154,0.0352249301688007,0.0317845586523653,0.0338593415667532,0.0299967456123281,0.0256822633801672,0.0411321718907218,0.0329343870412591,0.0299819181598416,0.0285822469097381,0.0286702588014564,0.0296396868861962,0.0276016694925583,0.0301369136782725,0.0346936353056312,0.0221349068785226,0.032913722430084,0.0334522580878753,0.0413393293438081,0.030827106936128,0.0322586526318545,0.0322234770181386,0.0292041037631762,0.0312818311967351,0.0331404971422121,0.0294637953177959,0.0413064078353351,0.0349704038924557,0.0245519689730929,0.0406494574266566,0.0400364778851597,0.0354308084531972,0.034458662842797,0.0340509310036403,0.0352831390019249,0.0391119699440966,0.0375443339421995,0.0385375744873914,0.0236423193627846,0.0241360453365557,0.0424064420358226,0.0297753289691683,0.0348558422896344,0.0415686521727385,0.0282481915539105,0.0271768378510522,0.0383045188497618,0.0252858300884721
1389.85696677295,0.0396775238923079,0.0359001693972453,0.0577654915765,0.0419262422016895,0.0428469005094256,0.0327469805007838,0.0411934298568308,0.0384938985602013,0.0385328070438432,0.0400852462355916,0.0371640672526566,0.0433188918816102,0.0435780558491521,0.0410251049911522,0.0349562033773781,0.0357281257526039,0.0533466241980972,0.0426873039928211,0.0410661606384515,0.0482081596039219,0.0394724067149522,0.0385224146410939,0.0417819538176784,0.0355625364240322,0.0428100092699579,0.0407955848511728,0.0352876371996578,0.0411490491289216,0.0345151210458286,0.0442680247248914,0.0485772681898573,0.0435499800957034,0.0339479107979817,0.0444888437264742,0.0492372212852012,0.0432408906145987,0.0518484206857494,0.0430540349021833,0.0405576923257525,0.0475410378040484,0.0385427441471625,0.0433029948604468,0.0457316176267151,0.0423183618381314,0.0413164372960509,0.0426460918162604,0.0397315946081846,0.0484039568631207,0.0394004617530224,0.0374674422097043,0.0428045019217317,0.0382493988180343,0.0496702909353195,0.0576010225305576,0.0437235272739566,0.0425959350219883,0.0470580680540241,0.0330138491433346,0.0319693775498419,0.0390622200204985,0.0462638657771816,0.0378325950019973,0.0443855344483699,0.0248333555973049,0.040637038385851,0.0434876120699836,0.0422040736059626,0.0383721853806836,0.0427121797463725,0.0448157895647055,0.0541992699432696,0.0407666992126874,0.0308788100874117,0.0341684715145172,0.0496987354923884,0.0396702540744215,0.046979296840326,0.0453214930817241,0.0451480112712484,0.0400842824413323,0.0391839903949405,0.0500985238742874,0.0397932845399091,0.0432283853533459,0.0347995094586596,0.0388157574898608,0.0414653417620851,0.0402461719813501,0.0367833789911161,0.0382048445039529,0.0332178204610068,0.0344706260774722,0.0442753520830569,0.040472399185265,0.0451341666101694,0.0359756617499403,0.0425611366783761,0.0374799465405865,0.0422793352511972,0.0319257910045496,0.0420828594355337,0.042605335790533,0.0431518980181691,0.0432842937652603,0.0350158645975229,0.0331514663054716,0.0419825549310138,0.0415408059412902,0.0461640912705862,0.0423657935279531,0.0534234571969918,0.0372642684383608,0.0334317643334061,0.040691847573406,0.0425022130368881
1392.68234255156,0.0294546633104304,0.0202040703791319,0.020074833034375,0.0281804116282107,0.0296081300277203,0.0358024546473767,0.0376142306434174,0.0263564889145234,0.0306134436404578,0.0250501518722809,0.0261465483036716,0.0266964684880963,0.0241500606381897,0.0315496507695719,0.0246180762024898,0.0271844931686271,0.0459229805739125,0.0303476426785377,0.0303286597819044,0.0265929565332714,0.0282313174148129,0.0319458332172632,0.0393665265987182,0.024862053955204,0.0348631593159439,0.0271157769689096,0.02896158473203,0.0282118188565975,0.0177011606359418,0.0228823947989173,0.0357592991137657,0.0282879702639137,0.0374326667924244,0.0245078395664598,0.0285566727837733,0.0307249185420873,0.0274799510590731,0.0273156741707249,0.0291784382521868,0.0323503076230939,0.0304871238735577,0.0288637687145564,0.030531787441626,0.0253475695875934,0.0285775919544,0.0406672378939423,0.0234931109771558,0.0256262778105504,0.020543318730851,0.040460670404612,0.0322137687034712,0.022849974750909,0.0276405487159398,0.0345370596929229,0.0355951325395474,0.0337438528112581,0.0327531229448154,0.0255725440200655,0.0223364772078738,0.0287821070456721,0.0311596180331509,0.0236383823466365,0.0302258787863126,0.024509724426052,0.0271595786772861,0.0364122290618871,0.036908102731036,0.0314647121444381,0.0379557345855331,0.0222731379973989,0.0304890536100723,0.0288343614335459,0.0250414910178127,0.0322083426965141,0.0273715974207517,0.0221240069537726,0.0323869305477984,0.0280549992573649,0.033927464260938,0.0286529186882254,0.0333843157244581,0.0238317288510669,0.0275230884764946,0.0367604961872738,0.0295048247651589,0.0352041718581704,0.0285776179713435,0.025521934219658,0.0386489666540305,0.0302320971091648,0.0289842703561687,0.035815364885783,0.0272569714386166,0.0317714659446498,0.0221705687595898,0.0244737324870332,0.0328525760088334,0.029924637649799,0.0220909138583878,0.0343650229617315,0.0306502135863743,0.0215775567225921,0.0335941823998335,0.0329224592459849,0.0304419191425515,0.037759486519484,0.0328748071347535,0.0284653879261231,0.0358446614087478,0.0314327150149483,0.0342982876646541,0.0319923554806244,0.0270883280920177,0.0316787525003413,0.0320929484075183
1395.5057635887,0.0291774685777098,0.0326128128754148,0.0371648666604213,0.0273915293245454,0.0272048810886622,0.0355439217430479,0.0291147017463144,0.02890687121634,0.0270737778511422,0.0253370236226259,0.0238425897889371,0.0320634053286434,0.0403854183592717,0.030763049491975,0.0344396274533772,0.0136952830238497,0.0308209282673874,0.0268095796262909,0.033910602773489,0.0367242925385269,0.0328989604097619,0.0338100449722316,0.0364298476819583,0.0311991755937377,0.034620287459135,0.0246211799750415,0.0133131838480775,0.0279418845288229,0.0190857459737115,0.0372464201587574,0.0417632718915408,0.0260437097705525,0.0258901791483224,0.0187692633116413,0.0299384688967833,0.0332498343868331,0.0333782051959684,0.0369788921908594,0.0172582137511969,0.0282185478406705,0.0257756141137538,0.0362046375037672,0.0197693574326869,0.0256187614901224,0.0277806184255374,0.026839108005037,0.0320006297304108,0.0346528240880719,0.0290015014274174,0.0330363555896426,0.0205538318563631,0.0253596209896007,0.0312688057219763,0.030929653373136,0.0330757926389675,0.0295084028687164,0.0308368631442002,0.0346601409119288,0.0308313811370102,0.0301687551774619,0.0292437611313627,0.0305731119637639,0.0349315740182741,0.0247677849086664,0.0367715196618068,0.0186010915231749,0.0305092851383804,0.0251242355098908,0.0226273569420627,0.0403387345430097,0.0307786569738177,0.0374176578916792,0.0429736658763926,0.0241661162426223,0.0348022965918037,0.0246124156172716,0.0348610974318753,0.0255799843961547,0.0369117653614012,0.0300356304050621,0.0226454811264164,0.0300620000878838,0.0288783583330946,0.0291877257216022,0.0231155895437507,0.0194764282766925,0.0370552771821638,0.0191272866797877,0.0378203884456902,0.0354260502443867,0.0253283889466576,0.0300721066851776,0.0291445594031834,0.029391088537598,0.0218690964949898,0.0348079022705873,0.030361408241867,0.0346392917560788,0.0162711991718957,0.0324126477167429,0.0253550956862973,0.0196559501248754,0.0273184959287997,0.031641651874414,0.0306860141797688,0.0347357066135849,0.024332147501784,0.0315192196164984,0.0260967013674713,0.0350570263833264,0.0279179475939492,0.0377381996407643,0.0366638951326603,0.0427927483845921,0.0296727997819979
1398.32723175259,0.0388460922631321,0.0351223830868859,0.0385451789247891,0.0427952953636807,0.0421299489334133,0.0425130012833509,0.0359848520969466,0.0207504037917177,0.041008654026082,0.032199020603407,0.0399742617987572,0.0451105800225654,0.0438654826593808,0.03270170250071,0.0370015361915855,0.045967038281171,0.0399116525190224,0.0419586224788771,0.0358569549993808,0.0381169394265548,0.0342935393071972,0.0414820921738217,0.039403636338577,0.0441404650266997,0.0448277719814157,0.0383385994890541,0.0344785856755222,0.0359385078232469,0.02819962452725,0.036464465579913,0.0462142771873422,0.0368173512655368,0.0337031184163737,0.0376702869352039,0.0401540366272148,0.0435809408746877,0.051056207284168,0.0389309202851758,0.0364814604744382,0.0268626607638316,0.0355054444744328,0.0386632706897035,0.0322390167384329,0.029673348024895,0.0400099873276731,0.046359111025002,0.0284323149420616,0.0420500183217224,0.0369287807842937,0.0410007516840699,0.0381758547626064,0.0340355895956938,0.0382568235275178,0.0473344366511076,0.0300119912605942,0.0304648976100082,0.0362474897743487,0.0432121270333943,0.0431834586009856,0.0360092026705643,0.0410653445921947,0.0353003566187705,0.032999071352171,0.0374968612135519,0.047497149004401,0.0279660971092553,0.0414534952186336,0.0397813574736928,0.0379602452338583,0.0322839923588717,0.0461436680588856,0.0354885953116638,0.0393760778203536,0.0283335532234581,0.0334354492701092,0.0343451741582623,0.035699780022608,0.0362547205568547,0.0420938845809401,0.0342158714179271,0.0421940959680853,0.035224132135041,0.0264376895991205,0.0345080108821995,0.0339378246684751,0.0351944538235383,0.0417156057862663,0.0354743653103269,0.0310474019514387,0.0335108271593587,0.0239370952898601,0.0369101726287865,0.0326665215162187,0.0401623546383001,0.0287635522993257,0.0518712931671854,0.0400741764532471,0.0438253439875547,0.0281327824145063,0.0414916480300074,0.0373289423235941,0.0548412159128227,0.0319480000757644,0.0344054896506409,0.0394838352376887,0.0344573951195873,0.0383700826824055,0.0501467893130257,0.0341788282964374,0.0386963885142459,0.0436916903212701,0.0385484302209529,0.0396738916689971,0.0425066199074849,0.0363050471014094
1401.14674890907,0.0402540052855661,0.0459088378684724,0.0421096833241243,0.043654150959704,0.0451665799284853,0.0556002173659365,0.0439671023106902,0.0453405656019141,0.0565954718038416,0.0439962330330253,0.0438409291974629,0.0484626000644338,0.0521488658651517,0.0444138210779477,0.0395785089461114,0.0451845426030641,0.0501162786969858,0.0439421030281611,0.0389187640443438,0.0367891459867409,0.0406360452334329,0.0507491513277885,0.0450722601984371,0.0461137191901793,0.0468114006735393,0.0487200996666352,0.0446742274335314,0.0494512833554993,0.0455939693107426,0.0568134582161333,0.0407534638960771,0.0441055732786113,0.0361592048914831,0.0505672197885756,0.0454236058567828,0.0383442666137863,0.0446602863454291,0.0370350855335869,0.0518288497604005,0.0404315586377574,0.0430311516397909,0.0400487458943159,0.0414074600150291,0.0434333258522568,0.0479166752128055,0.0512053185959676,0.042465739689274,0.0412408850133916,0.0405032579464854,0.0467838966134221,0.0411794156402368,0.0527923352595824,0.03634063956942,0.0470899174591014,0.0454243154602903,0.0366135044995466,0.0433607631053631,0.0451734499868173,0.0456709558900023,0.0424196170299892,0.0358862037940988,0.0450434963773125,0.0488233650467615,0.0355218832255236,0.0472498938860509,0.041873537771479,0.0468234875221931,0.0467231624025124,0.0332490498640163,0.0420388178705838,0.0364236953850608,0.0418858422739828,0.0374510177124873,0.0330706932323039,0.043099769386433,0.0440930454447919,0.0426040201401542,0.0557010146466922,0.0352836683433703,0.040637311815232,0.0479972355585613,0.0517699354113166,0.0381672123681314,0.0448827453048868,0.0481036008310009,0.0443107760351378,0.0392740325563681,0.0435221282584302,0.04324981837042,0.0447626035986119,0.0354933778011533,0.0492269555789554,0.0469986243470094,0.0367616704407288,0.055558589871402,0.0465690375818678,0.0437075925559954,0.041885512449989,0.0482905675882237,0.0461793433067336,0.0448659097903541,0.0480401708706364,0.0436713417821872,0.0412141241966086,0.0402924591122755,0.054948119766823,0.0518726391060613,0.0471187427549014,0.0439461754199232,0.0395543203542505,0.0390019647697444,0.0432251470475877,0.0399573257641963,0.0406048714516691,0.0461426731588171
1403.96431692153,0.0251255958910007,0.019257175029862,0.0207467768291086,0.0170260534580589,0.0200833112913269,0.0315302322097249,0.0289331348388785,0.0321364077185529,0.0225468482576466,0.0230074073544214,0.0252091507062893,0.034964979233003,0.0343753882346289,0.0160209466415274,0.0276215902020396,0.0218199199240209,0.0295639241703776,0.0212272545434304,0.02163920635247,0.0245345676764091,0.0272641247945704,0.0215881175002418,0.0175262845831292,0.0321768624694058,0.0175029935045346,0.0183452083080245,0.0246769290253982,0.027222024194264,0.0282892722674312,0.0241156543894784,0.0154546669650351,0.0264040045962197,0.0241257369464804,0.036666181586278,0.0187386850096811,0.0169834341652668,0.027635779539063,0.0230133102117716,0.0282810564368157,0.0357924013058724,0.0183907806746426,0.0273020398231538,0.0240580662216044,0.0302910720954721,0.0308986905163726,0.0329034010351273,0.018593284173915,0.0338698570501189,0.0320809817601204,0.0207363761402347,0.0301066475411842,0.0279481747264222,0.0266353257809181,0.0179756999548181,0.027845862843901,0.0283994806852538,0.0257421661566199,0.0333881113688925,0.0157900988083116,0.0227671156576025,0.0301734442952484,0.0347992062962237,0.0330604918659521,0.0137476557303264,0.0283383536217551,0.034860473965895,0.0332043560787995,0.0371150123200673,0.0257672262683135,0.0256736105432272,0.0261614470631507,0.0228110356472334,0.0195208204693605,0.0295090315996779,0.0208335262245636,0.0316119068641922,0.0275207167902555,0.0176965931043246,0.0246679806406183,0.0225889061320787,0.0312484353781178,0.0315170360016529,0.0248685778302486,0.0183187299963294,0.0301107820324199,0.0153949013546366,0.0215189041032644,0.0321845875987734,0.0310892422354076,0.0264374740248662,0.0290734040680743,0.0189424085303601,0.0257232024763418,0.0233928400390433,0.0309986791944813,0.0278536008556297,0.0285188046554035,0.0254776421077591,0.030922615298642,0.0294006069767857,0.0184682578083752,0.0330721811513841,0.021106621214517,0.028395997706204,0.022972733731417,0.032852976794153,0.0186077204578897,0.035771175487733,0.0264492074127338,0.030919054831117,0.0221510706289285,0.0264629129509368,0.0292882304701005,0.0327390506465342,0.0304815261607957
1406.77993765095,0.0276675094547314,0.019609390929312,0.0351869488178995,0.0233080605415248,0.0231498844887002,0.0352164366158848,0.0232371945335985,0.0307990251305332,0.0272520976473454,0.0162477805221003,0.0301302613205527,0.0306811716430731,0.0368356916488177,0.0180038669735183,0.0179183642162283,0.0221704609263508,0.0408978061018591,0.0347739310911219,0.0346348932866083,0.0330851407952572,0.0325418351694023,0.0245664650049155,0.0248332868266536,0.0369256085899487,0.0195167345736141,0.0226138504016689,0.0370999821295627,0.0270125555216044,0.0269796447612141,0.0298753167290209,0.0335329478087377,0.0147193190035212,0.0330598389249382,0.0353665494742341,0.033959786764323,0.0251337858881537,0.0291140742572363,0.032186196943873,0.0358771863160182,0.0273029668451368,0.0270572381110536,0.0265416537423388,0.0260717620105891,0.0354681060594564,0.041003691106456,0.0372157314821864,0.0222153443144357,0.0281584941298774,0.0285883378505725,0.0281971979159116,0.035308713063895,0.0215728877797198,0.0269797476305476,0.0299823510843819,0.0304221161361828,0.0213518929360791,0.0356987743918837,0.0216180852732521,0.0270904602767889,0.0342019038922321,0.0327095929510775,0.0323492817134623,0.030064862878161,0.0321863077961176,0.0171337154594603,0.0250341647309116,0.044195222009326,0.0258657647944804,0.0316738234049782,0.0293425681129336,0.0198193593757619,0.0320095075589694,0.0248083006434409,0.0298431268412856,0.0266733501767665,0.0347171795254319,0.0234538436919585,0.0295109885940623,0.0266203997856133,0.0279283728291419,0.027724717511093,0.0329342597244332,0.0235627422898904,0.0354433535647679,0.0287751684667569,0.0217851588348809,0.0262246658540299,0.0214169495288134,0.0232776071498947,0.0245676473761516,0.0294165208783492,0.0301970255563825,0.0282120345526268,0.0242270205078328,0.0302062426197478,0.0315343902247131,0.0310748406138266,0.0224544468225149,0.032340561506693,0.0302634844493629,0.03494198285975,0.0208468206506521,0.0225155630489071,0.0286887330066546,0.0403559240872421,0.0277040160524148,0.0370941947530403,0.0338854974575642,0.0362470980705171,0.0301298675313955,0.0357568594834404,0.0344720943086626,0.0301514842667994,0.0265193608514821,0.0201523174763435
1409.59361295591,0.0225008875489291,0.021629527678386,0.0138553131800486,0.0225952246687509,0.0208211152820433,0.0206094199851693,0.0197505701146961,0.0131121321390683,0.0106940387055283,0.0149705121130378,0.0176700298088717,0.0223241469065802,0.00898283164814799,0.0162067267961877,0.0132668892043259,0.0247412173395146,0.00773749235827442,0.00879454169059195,0.0201371938625131,0.00937234190501574,0.00933653595197743,0.0207143303660752,0.0107171992098104,0.00324996324235621,0.00561762236738597,0.0280151702114225,0.0204288734805299,0.0141660234168624,0.0141141740576202,0.0145336991181259,0.017667727671383,0.00505082775171533,0.014074023622433,0.0165718460647429,0.0227386625727198,0.00658627162982569,0.0233253864757038,0.0181958080301093,0.0184750525307385,0.0127545385657783,0.0135452910042771,0.0127376537486759,0.0159402192533257,0.0148199090148816,0.0120881119758908,0.0189452103513235,0.00496886444680776,0.0175298205122122,0.00545514228823727,0.0115145798175037,0.0210149263556316,0.0196869839033638,0.0100585281262735,0.0120086500494153,0.0134340873052094,0.00166744118964751,0.0107999117530264,0.01371683308578,0.0131581638531475,0.0162449503424721,0.0160498758647216,0.0193579914182307,0.00934307516750517,0.0144076630143803,0.01913009741348,0.0101313862334171,0.0149567600604601,0.0146320939172726,0.0169795911637147,0.0213496920147836,0.0107041613859373,0.0140740071346477,0.0124336557188244,0.00746715797234381,0.00994640290309982,0.0228231370342819,0.0227026581659278,0.0117868985202725,0.0073026585414756,0.0115807167430012,0.0110063874179325,0.0229977780922499,0.0222725373563408,0.0201088237178575,0.00970407029365208,0.00778880093565184,0.0052155552075239,0.0162081303621618,0.0154812072564934,0.0172332448845312,0.0140327108607512,0.0125097581147939,0.0107461645086644,0.0150933572403513,0.0200392544871623,0.0111714297557214,0.00926853773740914,0.0233462081098455,0.0138994209138113,0.0179224635814023,0.0197076548045769,0.00590952591642559,0.0157727789320831,0.0153988509626752,0.019332461007878,0.0105546811032983,0.0115654141989852,0.0114559899666036,0.00486285657816721,0.0164918270768599,0.0122953314118151,0,0.0140300260118257,0.00455154420389091,0.00505554021724695
1412.40534469257,0.0129361884606242,0.025868522223745,0.0180245963239207,0.0148876974213289,0.00930977659666079,0.0176692936604226,0.0212152894389715,0.0157572623983428,0.021432306705438,0.0164423186318025,0.0149476406662061,0.0170486859990768,0.0114734706254107,0.0144247853449692,0.0242993585733971,0.0201626816998766,0.014156725778011,0.0234704706548975,0.0216103942046287,0.0283489882294219,0.0217709072344245,0.0179311930240765,0.0191272218285788,0.0206592408185963,0.0257871870124675,0.0189108501013026,0.0158566105462169,0.0139876945724499,0.0205502064626024,0.0289867329103978,0.00442976411283323,0.00990131586639525,0.0122954991588575,0.0158509710082269,0.00381615047834854,0.0186632960084239,0.00914943747833181,0.0213296845614778,0.0166529321446883,0.0285935551533972,0.0222434005482519,0.0152733355009126,0.0141164676734325,0.0184131487946971,0.0260184998863769,0.0170746245090179,0.0163163661074479,0.022263462361625,0.01455226139247,0.0266934077734177,0.014324556177549,0.016139573464141,0.00987686676066181,0.0157143419169767,0.0199576187732314,0.0176584304422304,0.0241629357930116,0.0212444379886654,0.00802369158315672,0.0277110256618362,0.020812932685944,0.0208289673790197,0.0113685427314157,0.0272176582541188,0.0172963565887921,0.0167471014284383,0.0120054973138746,0.0227402532579751,0.0312757778962556,0.0189333930342529,0.0161073524421066,0.0133306089272022,0.012228359002716,0.0167018096625839,0.01636868726013,0.0176181010329284,0.0236171185057284,0.0154227021162475,0.0202014381194642,0.0130564069100588,0.021824188640157,0.0195731687972417,0.00902079442262209,0.0182280249670632,0.0222680114060749,0.0197248286067181,0.00393036675045111,0.00713506321244869,0.0163678997892452,0.0153944303507514,0.0183441531734246,0.011775489495143,0.0235217574029987,0.0212139210809694,0.0264592404477497,0.0176811557773935,0.00686949094163247,0.0175691050599419,0.0181089947520073,0.0221217279939735,0.0133946059431945,0.0318981453352113,0.0291924561088088,0.0257968569737613,0.01807008559549,0.014174973519051,0.016873739542931,0.0173812630654313,0.0208158641136352,0.0179714138599965,0.0187373098435635,0.0136807657112585,0.0165705248169952,0.0266290267332823,0.0112378548114839
1415.21513471469,0.0149733764839164,0.0130490509910665,0.00973849020039839,0.0190596645484872,0.0194560857683912,0.0202932564265027,0.0210510149489991,0.0167257469320634,0.0130900208967893,0.0168365424282418,0.0168464495329809,0.0209874798461258,0.0171719484034309,0.0169954606695874,0.0140835720422117,0.0117419443814315,0.0249876183300508,0.034317758213735,0.0247499960892625,0.0134212661413651,0.0150395265660891,0.0093711202371327,0.0152258458061618,0.0166676380003073,0.0267487203145653,0.023226886255706,0.0228341070078452,0.0182260520625148,0.0170837644565075,0.0115098913477296,0.0194186323879792,0.0107670392747217,0.0304105541235906,0.0184293676028506,0.0251465174473994,0.0185124499946633,0.0117961031945802,0.0189608159882748,0.0142908986802814,0.0162852167322509,0.0248541723446255,0.0172807493054048,0.00788671229039967,0.0144853473956436,0.0258680354455446,0.0203048147934555,0.0133906124822344,0.0242724715994691,0.0182053310735576,0.0210234936613487,0.0168637001406641,0.0232328993655181,0.0191879387674909,0.023879715461958,0.0281753070777574,0.0146863018476958,0.0133571680130323,0.0111726703374169,0.01113831989138,0.0242118900518562,0.0162605984905812,0.0184264780983873,0.0250528515307895,0.0298536076881932,0.0132808343643069,0.0126282068994793,0.00739353846371208,0.0192686296392705,0.0238570337521304,0.0143088043700476,0.0248733786800786,0.0164816881381203,0.00982933640556991,0.0176382738371419,0.01729910006677,0.0274438277436972,0.0261973742427581,0.0152430814018728,0.0271122240450958,0.0123221973836434,0.021649330995763,0.0123744227540006,0.0148398106506223,0.00852447849855189,0.0248628993720484,0.0217514293559608,0.0212743432315174,0.0241304807906058,0.0210622469387038,0.0141193469212942,0.0192985761374879,0.0230770762834426,0.0185019198904207,0.02262151032927,0.0174289136311872,0.0230877398479558,0.0227697635222165,0.00902264879552272,0.0223344258739387,0.00871087311658725,0.0276908367150166,0.0169921396375153,0.0181256904947226,0.0216052423947826,0.0088192747659731,0.0118029940638876,0.0155932164067793,0.0116536410052404,0.0245367263137324,0.0166703294191736,0.0213208701602804,0.0200883457957249,0.0257081582092353,0.0204564509384474,0.0105266701309051
1418.02298487361,0.0131645101489873,0.0118120867731701,0.0112287907763743,0.0081483716201282,0.00310640291161009,0.00573408465858895,0.00390341797246363,0.009245796215218,0.0102198816287949,0.0210735188658769,0.00699285459299771,0,0.000538828303344315,0.00656981886241176,0.0105987369606859,0.0116045987827194,0.0155027931815468,0.0116804820097438,0.0125006065325212,0.0132812051355809,0.0149011703908278,0.0129394074297937,0.00544479079122821,0.0061019745137028,0.00410840354011018,0.0130375902262262,0.0106041811324604,0.00817746596420279,0.00812317100618452,0.00866754982195584,0.00621124499191889,0.0166500452410527,0.00610102900154854,0.0150045937241482,0.00735757857170132,0.010586097742226,0.0144590556177559,0.0121931191731734,0,0.00620158036438755,0.00806126625256681,0.00461260698811652,0.00941227693044559,0.00842015246699185,0.010552542889925,0.00716723922096449,0.0154271208744605,0.00218133681654658,0.0115004372876837,0.010427903218542,0.0026173546285309,0.0124486385884266,0.00956144744904165,0.0148412235148662,0.0157103242673206,0.0105807021106451,0.00650476800532617,0.0165300600663167,0.0159156862411705,0.0223933422188962,0.0122731971345822,0.00270491799438291,0.00437860719103176,0.00986035784461868,0.00763307894981156,0.00513087441443975,0.00950545908805272,0.00753042013933381,0.0175688475343715,0.00302749637876302,0.0202688325583722,0.00967554579361861,0.0124183556242658,0.00805953943742697,0.00888224011604812,0.00892413183875205,0.0056907062582689,0.0167211143892045,0.0116617386355083,0.004369891864583,0.00222576306515725,0.0138533510153651,0.010875285307106,0.0145146139559093,0.0141605472672678,0.00670036306909256,0.00414464089431588,0.0084379897561048,0.00952032045818388,0.00409213226162432,0.00565104921575136,0.0114472519660771,0.0113393239929399,0.0119598830878467,0.0194621692850927,0.00389151043511025,0.0143081493048771,0.00829096478161372,0.0144302512067531,0.0145946825535267,0.0125057361689251,0.0130114268880603,0.015242674886231,0.0103789603071603,0.0166616185851227,0.0252854597330465,0.00662322765437139,0.00316390525931578,0.00433437434531354,0.00923276623255897,0.0117440129770295,0.0127594507357173,0.00744178577890979,0.019735631773824,0.0199321047733268
1420.8288970183,0.021854400772948,0.0243609216275681,0.0165310646735403,0.0306872009538262,0.0305978737498929,0.0316925939735321,0.0273519700339876,0.016455051354988,0.0253711216829045,0.0346202700920336,0.0201812399557329,0.0166468819923677,0.0259552968482079,0.0227255998917965,0.0239174655997934,0.0346320201875799,0.0175734363278811,0.0236579224282135,0.0239250812083258,0.0295702560138216,0.0246443282774588,0.0159972811591021,0.0128306608901013,0.02795105390585,0.0177341937674673,0.0240881943447021,0.0154166985142614,0.0151984263186642,0.0344441560507645,0.0264157455552014,0.0212309796834258,0.0220493274329669,0.0178021973156703,0.0230875703734583,0.0298218159824805,0.0154758789624523,0.0227406087887719,0.0225501462664084,0.0257353684883626,0.0226403214941029,0.0279050745176141,0.0311381574612639,0.0104016098161541,0.0163682048400081,0.0299510360925634,0.0251191707920505,0.0339672620305607,0.0190210091691795,0.0239221388195477,0.0278507490217985,0.0236159777945136,0.027403440748317,0.0378584433960317,0.0335928573000482,0.0261979373255501,0.024896711037384,0.0261034960006148,0.0340139192098199,0.0267469536000303,0.0355720514074983,0.0209266463895582,0.0320058907405245,0.0258570602648548,0.0227208326581462,0.0278230715961051,0.0231134539137155,0.0222541456576013,0.0189997139758144,0.0229982350079682,0.0206782829055643,0.0262786377953326,0.00898048093889484,0.0183382749809558,0.0167888988546904,0.024716655854871,0.0260114591888156,0.0325054237726524,0.0225934151722327,0.0202415112456646,0.0259275425029057,0.023548697766258,0.0321307512623948,0.0297927863571548,0.0143620414024578,0.0184519947996016,0.0230962901183401,0.0215205563950209,0.0160427538704039,0.0261642764431696,0.0214809822586191,0.018446294490381,0.0205954361291316,0.0209250942072362,0.0286384399112183,0.0248259848571233,0.0305920894097092,0.0213759379308262,0.0281863836140459,0.026416877721267,0.0215963990059071,0.0268352506232365,0.0254108681450339,0.0265330685522784,0.0203227548309343,0.0271887839612909,0.0174833506552853,0.0158319665144102,0.0180284293228331,0.0208919528850797,0.0163539588748176,0.0226620099254201,0.0252516510164474,0.0155155384673588,0.0190309664056204,0.0187234254827567
1423.63287299533,0.0145607540359001,0.0170978214557618,0.0153429971328577,0.0208868143844185,0.013197823595172,0.0171660847956557,0.0266886433260486,0.0163448430585223,0.0258071644023304,0.0230356638047965,0.0226408884916284,0.00938987396438764,0.0189310458421594,0.0269696766600987,0.024941693016077,0.0190948406835998,0.0196601855747929,0.0153315757417374,0.0139089027166497,0.0196147899888151,0.014126087689497,0.0180182711774775,0.0213046873018836,0.0229083366005388,0.0280805313388241,0.023984875255304,0.0164007630568487,0.0244360816574353,0.0189038879208518,0.016024619804178,0.0164137465114328,0.0209637747525972,0.0219988383435901,0.0273565289900457,0.0197814060702821,0.0309558366117303,0.0220752989348861,0.0207823022258869,0.0100813422048835,0.0263942178936678,0.0205775558410358,0.0195907662258792,0.0307549602342921,0.0114121728696381,0.0303896649163955,0.0216189542660019,0.0266933810367496,0.0205303425609017,0.0177960714241367,0.0271706353544412,0.0175317470285187,0.0216850361533957,0.0243623300691022,0.0279196981397932,0.0199191577198632,0.0162240942096471,0.02434611255775,0.0168341936343035,0.0227749761577784,0.023798617244086,0.00270040562994488,0.0185395569554398,0.0185215449355297,0.0220108398865654,0.0156149248587048,0.0184791318567416,0.0238402736819953,0.0161288057700272,0.0217576390393155,0.0311165830463233,0.0111091821885105,0.0232618301102047,0.0110162930076575,0.0271977717428628,0.0229422030017747,0.0258758073014285,0.0279825604879523,0.0246507420996548,0.0135554653106347,0.0246858711909583,0.0162661934801765,0.0146932340618085,0.0138835614752767,0.01870522939464,0.0244240362776854,0.0251719305600424,0.0208466994280242,0.0109149684184724,0.0303643782300558,0.0251859937802546,0.0200134279727597,0.0221107528004667,0.0208120203447929,0.0279935163546649,0.016949423482465,0.0164640898190968,0.024581754122176,0.0141180377559218,0.0251700540871025,0.0142933418957243,0.015579692482648,0.0263715780742527,0.0166044790266039,0.00862623597931832,0.0275933806197894,0.0206205045227861,0.0206538442711719,0.0212405167886615,0.0112997193507451,0.0251695483892696,0.019205983177872,0.0223573209809257,0.0247028034752395,0.0210604808027622,0.017532015413406
1426.43491464886,0.0227316281653566,0.02307003920846,0.0179672101433582,0.0294376254996355,0.030982364795025,0.0309516529049623,0.0254936941794798,0.015687274918665,0.0284421397539932,0.0136542041099385,0.0169303535103528,0.0246348860442975,0.0135190040102143,0.0198443559653965,0.0203865448801792,0.0283762010793628,0.0256096957928233,0.0311857016309696,0.0154629587556431,0.0206177414555381,0.0189702288534258,0.0221622602823145,0.0196117775763137,0.0228238580463344,0.0230641545855025,0.0294832922840913,0.0267382403989277,0.0248883590065174,0.0259720126666254,0.0213513255317292,0.0267629920638785,0.0233956445705729,0.0165421991213379,0.0245283540379108,0.02133223812004,0.0247475704377214,0.0208665203608442,0.0228943188435114,0.0194577852749436,0.0257466664997441,0.0232540711604715,0.0298251373527753,0.0256972696831347,0.0118560959764078,0.0227118086707832,0.0226551661200723,0.0183368140279311,0.0176713663496801,0.0133246662982123,0.0138783733072717,0.0304333144647715,0.022693685219287,0.0259341576455462,0.0194855986422895,0.0220482428342956,0.0276988541965003,0.0259801374047876,0.026093535656096,0.0199173187214807,0.0186999203232549,0.018522358286875,0.026759481902937,0.0239543317347695,0.0269796621741457,0.0253990532707774,0.0110327092679161,0.0204125743039946,0.0259743899370722,0.0216480587463174,0.0120996361356645,0.0199412330726546,0.0237078953664016,0.0241509058598144,0.0215489950956269,0.0261415625359759,0.0218638943900331,0.0311767919184648,0.0278188804026204,0.0216217022722874,0.0217913973795258,0.0205585801852606,0.0200096274836815,0.0246676302587211,0.0180258376602824,0.0226465288206948,0.0283670534093932,0.0278535368084504,0.0196615240207424,0.022120774147993,0.0201393225328216,0.0294692529773445,0.023096107873641,0.0266527744144046,0.0200089401950367,0.030079555412981,0.0191381832730129,0.0294661845068319,0.0256905607293136,0.00792956482037255,0.0246329563730698,0.0221512142133075,0.02789407296932,0.0246611072338859,0.0276695124777409,0.0114717896226277,0.032512412426732,0.0210890113209162,0.0239136058720243,0.0267764984686106,0.0144252767671527,0.0196408119235816,0.0200301409501294,0.0256807978439486,0.023106448434934,0.021142083487329
1429.23502382069,0.00222976427253786,0.0108829808779567,0.00813680199996429,0.0126598794672277,0.00603990007996565,0.00480732261447311,0.00896116845777896,0.00883921515635132,0.00817804159332979,0.00538266891171767,0.00356146791568181,0.00872230410430368,0.0145079923111124,0.0073135318434544,0.0141692411565578,0.0161791133436299,0.00629858532081453,0.00751481192547546,0.00603006712077413,0.0123365712471522,0.00958189483535058,0.00367817217152494,0.0115038313236303,0.0134202302584219,0.010923901221214,0.000928903270136454,0.0112780442051528,0.0143549647112186,0.0203833186432158,0.00990933938688108,0.00473706418711361,0.00183929832780463,0.0100280631943303,0.00748944921797798,0.00636342602465728,0.0068687114890074,0.00398859320981375,0.00405165741196432,0.00606048045892568,0.0107579196475215,0.0109663492995371,0.00851645738480755,0.00683708089384837,0.0112399294340226,0.00854409939438845,0.00901912719111114,0.00999687584567202,0.00934804392593208,0.0154221445387225,0.0055442267875331,0.00703862830683104,0.00414780836778075,0.00633919264031848,0.0132900270645574,0,0.00813330115621262,0.0175071711387929,0.00839621497437003,0.0104898661556577,0.0163921283179713,0.0162472986557532,0.00665886077338087,0,0.00648917472425043,0.0126744841375815,0.00247189002937232,0.0125301673089329,0.0126452840943503,0.00873956363558733,0.0075573490517044,0.00257426152579199,0.0175217911647092,0.0146525836256082,0.00815708958604768,0.0144863251984118,0.0117514455864901,0,0.00199687713986964,0.0100561739189661,0.0105664747443493,0.0105565765047565,0.0107250888413204,0.0164135598788731,0.0128839303889636,0.0036893298357925,0.0194478550562074,0.0239277976235689,0.00348108079740864,0.00901785795565144,0.00305311409081455,0.00295808754099012,0.014263430961321,0.0173975670638299,0.0136176257480252,0.00953193853793038,0.0167932567944195,0.00555698190098713,0.0116553921603423,0.00671581667142028,0.00744852961946741,0.00592079412870477,0.0190690762913849,0.00823205194132589,0.00543029563645588,0.0103093723710149,0.00728142636554986,0.0143856987393357,0.00604393514969456,0.0122066930128902,0.0165622368944408,0.0117901603619844,0.0078179559698155,0.01077196268179,0.00886176162587761,0.0178594384194016
1432.03320235022,0.0198131498106031,0.0091776193381521,0.0156748611997803,0.00290921400062801,0.00816651985053211,0.0175168434506338,0.0138323089621908,0.00370142510690584,0.00975521995411397,0.0107950125344904,0.0152818969228983,0.00866844592571797,0.0208340099716416,0.00672643365099686,0.0130049074817808,0.0117150200132953,0.0122810608417789,0.013516560433757,0.0125691477075186,0.0204851194811808,0.0243251449792882,0.0157549677526128,0.0210993804981061,0.0172121769158187,0.01417900397783,0.0165142210958332,0.0123116589451482,0.0109897197674254,0.0164645124627415,0.0136440352470227,0.0151183376206697,0.00780573271703294,0.0078288533301158,0.0150919838052509,0.0073957273377643,0.0157197553224345,0.00953636252699778,0.0117163255580975,0.00991184054469426,0.015665549916726,0.00923782026965829,0.00735744606220814,0.00623581265989942,0.0149473209365369,0.00957314829441939,0.0174337622567039,0.0170620105697406,0.0218690344160941,0.0169905621336832,0.0109534028222261,0.018889512265544,0.0214069574599576,0.0179788074776426,0.0121105337257703,0.0106926297098923,0.0133166163247677,0.00905129335523249,0.0160373163145905,0.0115079358596487,0.0124365538956734,0.0106956368741105,0.0149123988672678,0.00881173774879784,0.00809619239155482,0.0186461137364637,0.0148648627852091,0.0119313948535834,0.0208677621370949,0.0153500989721266,0.0208263115573883,0.0192492392424806,0.00747403960709926,0.0101430722720317,0.0169539299067566,0.0138639323071643,0.00944128603917452,0.0112113999398087,0.000819575287652671,0.0154263527934877,0.00937520623675485,0.025339685695757,0.0139085993157873,0.0049097862287276,0.0223166465811977,0.00194543467891944,0.0166111789949052,0.00852217852894909,0.0161415739636827,0.0148919772052959,0.0122875670942912,0.010199624749965,0.0163747749365698,0.0151759752317059,0.0124979210113501,0.0149626464066349,0.00998898193984051,0.0126910053047184,0.014905628758446,0.0149040802144411,0.0200250155717606,0.00473494369417742,0.0135335182794685,0.0163225259649348,0.0169530984341487,0.00756320532949536,0.0131982233085201,0.0137532706140147,0.023198085665358,0.00600445958831025,0.0164787632107676,0.0205606272149536,0.0088260265741961,0.0128809272002046,0.0120282352462228,0.024694198964759
1434.82945207449,0.0318962432709981,0.0218096017033371,0.0199766044345057,0.0239131388166729,0.0184254908461576,0.0219211729855719,0.0170755449913082,0.0290548344671093,0.0266264819202174,0.0178642713571496,0.0167858834666115,0.0152746421264675,0.0154708155394664,0.0159145738923049,0.0185724395569613,0.0238025759332384,0.0138842400693623,0.0371089930069723,0.0180248073345893,0.0177085499591516,0.0193556722331923,0.021529267122366,0.0226723043438211,0.0221188539354952,0.0229431845406749,0.0220632650553991,0.0254453313390136,0.0136925529502719,0.0213790237508709,0.0184780031355151,0.0218587811650179,0.0207907824706595,0.0330454777499111,0.0188811133987672,0.0227757004091595,0.0223614614584039,0.0184626361267877,0.0144312002438523,0.0137802094240487,0.0216943456205385,0.021397759696035,0.0274365195419436,0.016707474239424,0.0283619179629275,0.0306785570481953,0.0269954949711062,0.0197474208882559,0.0278297932260985,0.0234901476693943,0.018026599773331,0.0188336501052875,0.034209907183828,0.0262906478494616,0.0292787791230133,0.0223823422406437,0.0248443438476953,0.0281722240839553,0.0286494889574394,0.0257160619813419,0.0212595761913748,0.023823463632168,0.020960441685358,0.00985936125442405,0.0255732188180365,0.0240852128046528,0.028407152845723,0.0264418711704319,0.0268984775424519,0.0253209210440441,0.0246591077802099,0.0247857057502694,0.0129573839708468,0.0178041394828687,0.0141279104191345,0.0204189826259984,0.0143774614940377,0.0249063467348169,0.0215506609986854,0.023542085157769,0.0176612619767867,0.0269295309796949,0.0317258132180447,0.0157443702280071,0.014969102944036,0.014641379598217,0.00993171083378197,0.0210534850929923,0.0315907260463605,0.0299921080487089,0.0264708040272975,0.0236435587103891,0.0212348011933608,0.0280842818192707,0.0282100236700213,0.0242770459828563,0.0267014908763984,0.0181798333701022,0.0170587325722853,0.0258696266174425,0.0304152716771793,0.0208200741984481,0.0205605588207259,0.0244301508264708,0.0128800362926877,0.0176419263402421,0.0218624113786068,0.0279980199013799,0.0264777534374418,0.0243149651927234,0.0203275997758708,0.033222400239696,0.0230545076210903,0.0177492371620059,0.0157551865199373,0.0193209478983286
1437.62377482814,0.0197207979475104,0.0228921840285565,0.0145353633854807,0.0185104444849355,0.0249137787428055,0.0163560222797776,0.0263682741791252,0.0216947664132558,0.029328923862051,0.0156568559001379,0.0126787001542341,0.0234305855284536,0.0234260680667855,0.0278300355782432,0.0252761786376927,0.0177190777244055,0.0253952894595392,0.0321605913780069,0.0223971991411149,0.0237026054033544,0.0248166990207049,0.014681759821,0.0199745025828087,0.0308860890384573,0.0229361971254003,0.0186932229293715,0.0265127368060322,0.0197130593822729,0.0246575998398198,0.0135825002116948,0.023913665401655,0.0212904936657786,0.0190619627691043,0.0221402602213511,0.00730535943852771,0.0201156592942509,0.0268460551014396,0.0232340749086386,0.0298947624785799,0.0205612085979562,0.0241424578974118,0.0219584518146381,0.0155882229504528,0.0159527950282804,0.033367000089494,0.0326197885489877,0.0240986586284421,0.0244900019609246,0.0196328445834578,0.0218223741419278,0.024214628165554,0.0196301929703032,0.0307174063887693,0.0220229956957968,0.0279354950489747,0.0185605838687907,0.0298749240720029,0.0170578143692691,0.0240239545186971,0.0239962805602256,0.0166591366125022,0.0275813065457802,0.0125873259785519,0.0187237188424102,0.0180040009898312,0.013674891665715,0.0258778554089772,0.0274245350764325,0.0275081158970149,0.0296212744007915,0.0158371020305252,0.0217823473983071,0.0183008246246227,0.0240679945810316,0.0258897279165492,0.0265601247449898,0.0160654802446655,0.0209541546279316,0.0251252454851445,0.0231821625142535,0.0318386650462825,0.0176184844950502,0.0189741639795278,0.0283555134444427,0.027354512942402,0.0181577087218859,0.030864468700479,0.0143530386076587,0.0250648814153289,0.0187509393775187,0.0163018372592424,0.0255654640022346,0.0269765662901044,0.0302775989831225,0.0242184182156635,0.0193717687473225,0.0192533986768536,0.0186719072161487,0.024154552319066,0.01823927839228,0.0241218815604176,0.0232407377302904,0.0254765693708358,0.0158756655718483,0.0250699071021614,0.0119737333058704,0.0251978310205546,0.0225510624525127,0.0231571074892536,0.0241936124307839,0.0237622273607503,0.0257480833508487,0.0253770450023223,0.0184120394197337,0.0299125911895834
1440.41617244346,0.0296312477504889,0.0239920036735473,0.0215829337339323,0.0142034466733084,0.0200567805479811,0.023568920831022,0.00716306298758815,0.00927349246716035,0.0233188207315052,0.0162000333696721,0.0208692954616024,0.0234265616081271,0.024481077998199,0.0229552502208584,0.00849470878909759,0.0210224988034997,0.0193393291657783,0.0151471011905204,0.019084329433308,0.0111124497656082,0.0215264284030345,0.0173307158397543,0.0172938388114987,0.0248434065783305,0.0169044202659791,0.0164575519207192,0.0286957409910489,0.0202496108934396,0.021892222668346,0.0238641216090662,0.0171036368926187,0.013805966005692,0.0217500532510472,0.0215863086150614,0.0172069227247268,0.0201130338041144,0.0145189953198731,0.011082882656392,0.0104512826344767,0.017236236779463,0.0224657521122642,0.02248306764756,0.0211199671330537,0.0202497253861857,0.0317348263399642,0.0128381013459671,0.0213225644031523,0.0162345631188546,0.00869485144254082,0.0179483484503154,0.022025019785288,0.0190477209126715,0.0256846378075508,0.0258940233421874,0.00385641118689353,0.0151707046630011,0.0220337136869048,0.0142908223433394,0.023995807129769,0.0278599324793908,0.0139032390718834,0.021995590631145,0.0219856373875612,0.0147230841497761,0.0174339243616469,0.0198969125880744,0.0264493783831466,0.0202373882074597,0.0202402261485349,0.0268157989663487,0.0219662054018093,0.0311787115465367,0.0248916457092973,0.0157340322120002,0.0275223536952616,0.02207683183226,0.0154925199719576,0.0154489897718063,0.015263955728596,0.0142519115882089,0.0213531810593809,0.0246416745028749,0.0205879782157392,0.0188029447100097,0.0173413329965938,0.00710160465837063,0.0220791260291526,0.0215222900828251,0.0212379860647127,0.0154321568867545,0.0123515528572069,0.0146150341555124,0.0210285956898096,0.0176498851108318,0.019205872640348,0.0226901833157259,0.00704715437366509,0.0175171001880272,0.0147276689673857,0.020952635221559,0.0113011363018296,0.0248470311735137,0.0303519470724554,0.0239255242685433,0.0175734049452778,0.0266793112971042,0.02296513931751,0.0203087941654728,0.0253567505121589,0.0196870543682701,0.0226214740501747,0.0152565437563734,0.017118632668808,0.0194553683790223,0.0187284340650464
1443.20664675037,0.0191454872822451,0.0118903721883298,0.0232257084088027,0.0120708133188499,0.0119704528284601,0.00472303733264081,0.0186845059416704,0.0154929827091973,0.0178717319208733,0.0222273908622659,0.0198672693358955,0.0316161672117726,0.0175718446415967,0.0240610345031539,0.0185904814730138,0.0122178901672498,0.0133005292750299,0.0278068493627376,0.0212906451320921,0.0264417136769238,0.0303111344188539,0.0257899335622742,0.0103427525600255,0.00783490602991069,0.0235223648757581,0.0220586081792489,0.0204604955522523,0.0202533595292711,0.0290626627714124,0.0200850110750286,0.022848771384746,0.0153409309091067,0.00995074672114538,0.015030565852299,0.0194087332004565,0.0284755292311729,0.0223773819084688,0.0149538725928774,0.0132598544471053,0.0271816416457,0.0130386716118111,0.0192161372516572,0.0205889118108533,0.0197188742338146,0.0127703049530012,0.0145427402549735,0.0240596728231369,0.0156697879991135,0.020706734523509,0.0261710506505961,0.0247305699230203,0.025193229774128,0.0290312076177638,0.0181173560080956,0.0167167633492697,0.0238771854653474,0.0232092721963214,0.0148439331141128,0.0190452572356159,0.0234181505852295,0.0161048203743085,0.0247618629818915,0.0280747378824656,0.013571475434016,0.0157823753474599,0.0193468868357232,0.0180952991239348,0.0230067672554251,0.0297059605816251,0.0134624701642707,0.0102638329288138,0.016767371145329,0.0215562330745054,0.0162864425595529,0.0308249462022474,0.023172011396489,0.00998608547685782,0.00996095168662007,0.0228847555465618,0.0231466951543254,0.0152881123637325,0.0208543072556645,0.0145973041185704,0.0271850789925891,0.0217684519206447,0.0225309847323382,0.0182381100778251,0.0203945176208965,0.0125525206000622,0.00993859760045141,0.00841933553461218,0.0140628574819123,0.0107802637832477,0.0255326290124118,0.0131061492211588,0.0209903372906786,0.0136957795705492,0.00969510539489883,0.0196720627873479,0.0192769536730845,0.0168649656827329,0.0231977027695585,0.0238104166129509,0.0123507462160819,0.0255704860588102,0.0173706764381001,0.0218504792533201,0.0230850870910954,0.0147690276239582,0.0124013431962597,0.026479430635102,0.0185360005881959,0.0275238534881125,0.0134495706341056,0.0150045050491124
1445.99519957643,0.0489526080683429,0.0323025977888749,0.0324774847991485,0.0401541170576995,0.0433981946824563,0.0358280511041347,0.0433847754347965,0.0465610101208032,0.0391771934316049,0.0413926983773514,0.0429319633416465,0.0423780497470872,0.0436682665131318,0.0479544571228537,0.0382166342079346,0.0414606384248958,0.0380510743029804,0.0525660151891626,0.0378191614460561,0.0319406655795421,0.0434981906612264,0.0421660509196705,0.0452142986676941,0.0419131022161785,0.0389454576085758,0.0472253981415987,0.0424507698825896,0.0472300158850182,0.0373527313611671,0.0433950980647874,0.0442838368418347,0.0343973291071701,0.04061024205754,0.0424196232278892,0.0491875309982233,0.0401945547527098,0.0537826629304876,0.0475404834682183,0.0377647639758639,0.051502004556258,0.0408045310447441,0.0366437653752686,0.0482675953878217,0.0466613703568043,0.0426172969292708,0.0377338595754944,0.0460496817135531,0.0430753023758859,0.0403804368932897,0.0464906311114383,0.0496748639476807,0.0425403604638695,0.046331865626343,0.0542410937700842,0.0525310905771059,0.042954758833876,0.0497125172794425,0.0484428376865216,0.0333230137456973,0.0528400576888926,0.042475478630956,0.0481041989627376,0.0430522000881867,0.052068844457489,0.0476614904690111,0.0414490096594303,0.0438557801272688,0.0379415203567055,0.041418185144974,0.0496173065049498,0.0420865270596739,0.0472536572670475,0.0348114689299927,0.0423541130923623,0.0468135251119816,0.0420801676683172,0.0424512983486477,0.0526519545720548,0.0387095193392508,0.0387370001648288,0.0439163472638119,0.043070143705465,0.0445561814199733,0.0512624232318858,0.0467379782855552,0.0440436523110527,0.0352177239721764,0.0464455247204496,0.0412637139280401,0.0389864585596439,0.0376783469425001,0.04248552326717,0.0512854132922849,0.0512986971332795,0.0445852751218201,0.0405698044028884,0.0447398609854752,0.0419983780477299,0.0428523988679549,0.0407531556595969,0.0469357295947684,0.0461119353943636,0.0466896808722099,0.0486410409052707,0.042657531037832,0.0517723420862742,0.0361639828209137,0.0442160369350968,0.0554174324665395,0.0526760217733113,0.0408710136754388,0.0443885535625187,0.0456247007586476,0.0493165686242684,0.0362824840879071
1448.78183274682,0.0208470265761847,0.0279471910967541,0.0292757161530462,0.0240358926576493,0.0256073366114728,0.0303331225063148,0.0258782127180318,0.0325009555292728,0.015214555621691,0.0223075259229362,0.0240568372490588,0.0332263645603174,0.0288121136743438,0.0236128688416485,0.0259643196911865,0.0332424657641534,0.0265520413181709,0.0317601673098937,0.0197041101552356,0.0232326596151636,0.0199835719614104,0.0274892054753401,0.0222193277075413,0.0221931697470483,0.0280221083032406,0.024936057821041,0.0386444317455369,0.0274648321229327,0.0214156011029006,0.0385671920390746,0.029687685957825,0.0379683656701011,0.0207884523157415,0.0205774898143009,0.025517544508641,0.0335657191080985,0.0151789169067546,0.0321312677036322,0.0228210408426131,0.034975827681054,0.0186514282976851,0.036676843135206,0.0135001899095133,0.0413205570398143,0.0242290263921821,0.029304839273565,0.0196941704044704,0.0337761761922933,0.0382317077049036,0.0245497048259094,0.0220644873927123,0.0213217291691804,0.0223982472257592,0.0303907296898731,0.0240293223442072,0.0269671839989041,0.0295512974595833,0.0270120095976875,0.0168814883693452,0.0301232999870599,0.0244030532137548,0.0203461141705181,0.0231183429580822,0.0181175267438437,0.0279149507520334,0.0324480030257461,0.0232405848619389,0.0230765477910161,0.0286312935390363,0.0262901869530209,0.0287465698805881,0.0334318050441862,0.0320640284998461,0.0202164765166045,0.0237136662826317,0.0215224435231956,0.0199275356033658,0.0258542029039945,0.0223506089101606,0.0259645314675233,0.0230247812177974,0.0176621051896589,0.0277123731594272,0.0216061226020696,0.0290116124280559,0.033040720672745,0.0270320189995658,0.0265069346540511,0.0196111626757155,0.022019785007823,0.0326582231586978,0.0299483489407808,0.0335162991354553,0.0292661638739106,0.0213976728927395,0.0305124516305177,0.0392347538405599,0.0247418232099185,0.0274052701379916,0.0330539278007257,0.0302733827832252,0.0319516255405368,0.0260268007529418,0.0109124358265073,0.0245419419722089,0.0184669513372049,0.0185727850812362,0.0281353676109472,0.0354004465670478,0.0196967032395945,0.0320342983537431,0.021298553929957,0.027000282810961,0.0362794446653141,0.0203698570383564
1451.56654808439,0.0208968434550063,0.0203049194071979,0.0250074940738277,0.0208776488793264,0.0202781574956112,0.0109857802969715,0.0149702948137286,0.0291815307883727,0.0278257930179149,0.0152672329637565,0.0149217030617882,0.0169373884331044,0.0203581791624735,0.0215170554286778,0.0271597577800858,0.0211840651883453,0.0145211197426392,0.0263491566399311,0.0236140704715684,0.0172779390934631,0.0206016208673647,0.0270490252382452,0.0292560839763031,0.0217103419464274,0.0248057129200984,0.0294734780612543,0.0183786794115331,0.0170692998490358,0.0132106598192012,0.0245519971809927,0.0213778846410206,0.0145517726396383,0.0197877913789143,0.0162641183053174,0.0239128750371289,0.0163805457737197,0.0152482057711969,0.0189476410001916,0.0262387689530883,0.0322726913068743,0.0192653700386899,0.0242127127612802,0.022973464456197,0.015001926348035,0.00965315197565162,0.0220238434504775,0.026331408938017,0.0228505704948795,0.0290029027872027,0.0218438168297901,0.024280908645133,0.0247254888172511,0.0157637806174624,0.0215561431826246,0.0223978075892778,0.0179001702938895,0.0189697651705381,0.0215626127725237,0.0158264409634064,0.0146374999984102,0.0255599200566517,0.0231657906859885,0.0181718606025082,0.0317416171622276,0.0235692906828981,0.0296899158112162,0.0277968898004263,0.00767724084655161,0.0231060271196073,0.0257800422179096,0.0176558692948346,0.0223982569942336,0.0116567699557187,0.0296916096627729,0.021561999418785,0.0159974670032073,0.021624125583006,0.0215130315878808,0.0272947054583953,0.0182184412028129,0.0285706169491014,0.0117610455684056,0.0195972374350277,0.0182836534649705,0.0135220915874252,0.0159902556206409,0.0259809050187487,0.0198897535406064,0.022354003797046,0.0269908145808246,0.020909582466515,0.0228925833520357,0.0136062462269242,0.0224899742755074,0.017561026706033,0.012639695880308,0.0243287447157723,0.0102884086980744,0.0219132853388274,0.0165595914798524,0.0230910508030851,0.017263496061,0.0124604910539636,0.0270930482585401,0.0197858024186665,0.0195873648476755,0.0142085165255273,0.0220746963916227,0.018741562704431,0.0242101999056515,0.0293036967164685,0.0218822031512405,0.0215558755527939,0.0145629172457286,0.0177651040151743
1454.34934740963,0.0115854129424842,0.0236963450739032,0.0261797940655983,0.0279832475814096,0.0160486786491646,0.0182876040516117,0.0161449226419676,0.0366028934953166,0.0137200492243445,0.0175385366750695,0.04827422326727,0.0200856253698761,0.0193707617181912,0.0281131962526246,0.0127048842454616,0.0229225943937287,0.0283344896854632,0.0209559116457726,0.0220402506689034,0.0272070497963212,0.0201419279202859,0.0166210574393207,0.0261274204214354,0.0102622875358014,0.0227054692928988,0.0161564664683531,0.0135094730427217,0.013293015019478,0.00943193243312613,0.0154272176546665,0.0183097041515759,0.00815696293217188,0.0134332064517848,0.016893798495312,0.0223258019482352,0.0120133078623509,0.0181368576412777,0.0234424536671433,0.0213365917776576,0.00528980707183923,0.0221169163899461,0.0204726850099884,0.0175400710800935,0.012926999013995,0.0297930323826032,0.0119362668348053,0.0132016867187523,0.00865435489743609,0.0159702203882489,0.0142142129889134,0.0210954246613167,0.0219965733564499,0.0169518025560787,0.0182943370984577,0.0174277759910332,0.0151787420430962,0.0174056423712266,0.0161310813285788,0.0246692616024097,0.012486214440883,0.0223435948841287,0.0137796516183025,0.018787623838778,0.0210401453712352,0.0104512122170128,0.0184628958493704,0.0139258890207976,0.0210089915335559,0.0164844888126149,0.018059092671989,0.0182969299468518,0.018585757859294,0.0150222352715932,0.0236649194899249,0.0199793222904703,0.0243931772553447,0.0244385407113608,0.00952748864780125,0.0180661989283649,0.0116034997845715,0.0159705165290348,0.0188705927389288,0.0180332313032329,0.0284172077184229,0.0119187575703163,0.0166032494039732,0.03096962494933,0.0155079934612511,0.0164467457819404,0.0210196541415429,0.0254850087355858,0.0185865467855205,0.025559158111816,0.0152065814378082,0.0264470533652636,0.026118061764401,0.0188594666410225,0.0186921308110189,0.0125747612869254,0.0149553608164543,0.0192666842529309,0.0205937185389818,0.0239594261619908,0.0160948298757325,0.0225191415078021,0.0163560695699907,0.0186682563785266,0.0338134762445537,0.0171321511332154,0.0058093942688846,0.0254841626541624,0.0213841855527354,0.0194202882717452,0.0211302533943263,0.00880061444376109
1457.13023254068,0.0243607932822252,0.0177425745408304,0.0219480666572766,0.0205469675877263,0.0161653728630718,0.0211691594077502,0.0167896398982987,0.0242914427944293,0.0181832862707545,0.0209212829141848,0.0898319859994688,0.0125195477022525,0.0215934125816853,0.014667023249015,0.0128172307495598,0.0164119481411178,0.0212847500479112,0.0232691939940508,0.0270867397834309,0.0130818615650271,0.0229890942476154,0.0177969499103421,0.0214089124758571,0.0175024981825255,0.01952454245386,0.0190547044753456,0.0190938217431031,0.0260381305804088,0.0249571470350925,0.0128173349342017,0.0267525377241233,0.0147832483109512,0.0232139256080019,0.0197306261813939,0.0180004900704489,0.0276990034680533,0.0109600568583785,0.015262346706171,0.0281257911423943,0.0202933045412453,0.0344193198140424,0.0189273240560864,0.0215225024920101,0.0108701927179303,0.0212159088800274,0.0216408918654659,0.0165775599461345,0.0185923764194982,0.0182440768595658,0.0219764872595515,0.0228058509011504,0.0192861815063832,0.0103535914453567,0.0100513540834735,0.0270209660044091,0.0205285005045906,0.0254215293735788,0.0211765523747105,0.0126730314328383,0.0231147402759794,0.0109119391513515,0.0155244304095222,0.0277379250698733,0.018283858779,0.0171294898987805,0.0208351309652065,0.0302573571297514,0.025524094450303,0.0160104744244814,0.0337114971333735,0.0139363443341821,0.0192240895843148,0.00956709959873268,0.019319584778769,0.0233721343842937,0.0272459855302676,0.0250705480306436,0.0172623635328457,0.0170422578223936,0.0278227100580054,0.0149469550711617,0.0157116974578008,0.0197539640730728,0.0223316359805261,0.0197639769241758,0.0194402389902723,0.0195527329703796,0.0150247282874944,0.0138076367413874,0.0276704839113712,0.0182719411864193,0.0252258769520568,0.0256560781637545,0.00899250669783504,0.0198850535051263,0.0200314165450204,0.0150704599751907,0.0204294271880435,0.0148479035608139,0.0177758939428509,0.0238095148758861,0.0261237751407164,0.0224087102830636,0.018713860105441,0.0177999785167792,0.0273427974010099,0.0269987002166564,0.0233440309538483,0.0199945924064476,0.0187491148838285,0.019468893086932,0.0187044127832115,0.0184000415053871,0.0195620608843037,0.0253702232470865
1459.90920529334,0.036602713339052,0.0454049900590058,0.0437621036073273,0.0406310919505478,0.0314494657136282,0.0329461366448729,0.0317107116827526,0.0385223015007013,0.0461261651309902,0.0401761735942784,0.0418643594525118,0.0341008377654899,0.0483092663405065,0.0489485311984721,0.0470822868881009,0.0391309152191167,0.0461241091094423,0.0365842727336285,0.0431551215440453,0.0421957945441365,0.0406524452832031,0.0358430723514421,0.0370752353774464,0.0511190240950995,0.0394299022354015,0.0415194464803062,0.0334841624578837,0.0360509052368908,0.0427047943967295,0.0345901651939541,0.0456616546872531,0.0344307793058467,0.0442950597905668,0.0379078299331907,0.0440088929807592,0.0500811395186134,0.0486191288572831,0.0380061533820373,0.0438271938933413,0.0458069920399879,0.050069339672865,0.0435186020440079,0.0376848147527015,0.0416709865435843,0.0386802492238092,0.0404035243370421,0.038107925096777,0.0312891235524052,0.0292725356904143,0.0336004037691992,0.0505496492938121,0.0423170159216727,0.0377787836202183,0.0329335135636644,0.0383107665236436,0.0420016342921429,0.0385180657592335,0.041102959618536,0.0391165410477844,0.0420843898370816,0.0401170697756457,0.0345122415226673,0.0367064913971496,0.036494382873482,0.0403078955594115,0.0458603319121648,0.0404589807897996,0.0411009770674608,0.0367286261765162,0.0349244557201084,0.0441770258431965,0.0437059947090019,0.0328568819312831,0.0454788979387094,0.0383501086009597,0.0367903962186797,0.0493732925151577,0.0321300722991021,0.0487831738396232,0.0357131596333021,0.0387100046520289,0.0320602242596195,0.0312926700443332,0.0392208864031528,0.0442693049738482,0.0349782597908456,0.0464757346238244,0.0395037784978798,0.0426068786901272,0.0299554313456497,0.0341303047041241,0.0406252597911343,0.0398047776261865,0.0327480173897263,0.0277031402803268,0.036903402686178,0.0373397936820499,0.0405677554169107,0.038118111030711,0.0288770499429566,0.0289278008397321,0.0354902283205935,0.0415675374686803,0.0273954892943366,0.0515221591987717,0.0317934552996573,0.0485565246915253,0.0445659494984064,0.0418038799476135,0.0300292465837351,0.0339505804588034,0.0451999689233032,0.0524965804332831,0.05062663349932,0.044085390374513
1462.68626748106,0.0201737269264843,0.0196597138871116,0.0211314910882774,0.0148966720240591,0.0218631264424019,0.0225491022949034,0.00771597416894185,0.0149621372589494,0.0173438559871361,0.0211813430842329,0.0118241969090403,0.026570475539448,0.0266242440330919,0.0252369084319322,0.0293247195059972,0.0227362511516501,0.0187791265294512,0.0230074276753315,0.01632801851547,0.0204478455824362,0.0128460032770979,0.00914482004225732,0.0206020699084374,0.0150132184614626,0.0093719882996329,0.0243480626010667,0.00999540938192141,0.0180263752491931,0.0185933235606414,0.0141481815863108,0.0201812841102281,0.0210900251465849,0.0159701342852537,0.0150627808196321,0.0237348116710997,0.0168288760302001,0.0179505883116629,0.011651132239864,0.0150779368717636,0.0216394218603398,0.0263433842070635,0.0126268273908509,0.0162769269255923,0.00465814917380631,0.0198376187382093,0.0190723045157316,0.0151405973809168,0.01714767601624,0.013565262774936,0.0238290759857025,0.0214036699146872,0.018954259329532,0.0172809433796815,0.0180615122406541,0.0188507085497096,0.0169075680639489,0.0178870545976884,0.0153584248317832,0.0150819868518111,0.0155743909908759,0.0111574086735269,0.0174024831610189,0.0301694827142444,0.00999840372783701,0.0129601967207402,0.0171493510769154,0.0232903987992297,0.0312962834990846,0.0140035113504743,0.020029902854575,0.0136378324597944,0.0116908920158308,0.0125231648237466,0.00791351995552462,0.0197483404725702,0.0352311414719165,0.0258386386278307,0.0130838062631242,0.0128654076100931,0.0152416027164162,0.0234118572818696,0.0218993037747274,0.0188952361568052,0.0124556598723514,0.0105472530365639,0.0196556908990341,0.0153869544743719,0.0157767669668338,0.02429350898796,0.0207506367445267,0.0179593304140551,0.0227146723683793,0.0199683639982459,0.022367553147344,0.017864026795661,0.0230202890457157,0.0191823866022304,0.00669060843285698,0.0216574630427728,0.0135576086441933,0.0179247751570808,0.0126921235962569,0.0160959777948379,0.0189718117851496,0.0110861935528779,0.0176925777817992,0.00518736732368519,0.0196863841431456,0.0135262979664719,0.0195141842428523,0.0229908137413467,0.0150520444625911,0.0147705074292469,0.0153934245039695,0.0155110735474338
1465.46142091496,0.0429352548768389,0.0407497675130758,0.0326804774286853,0.0339392191696803,0.0388066143860382,0.0415759152722252,0.0489967232121925,0.025845201141055,0.0376852656654014,0.035552946304596,0.0370643001341808,0.0369447760016369,0.0326251698993181,0.0411208793651832,0.0485180707128306,0.0344691910432796,0.0403580624537622,0.0500887508833065,0.0263815229827301,0.0408451207244047,0.0469888509895567,0.0425000927967245,0.0379131381089176,0.0299951435304965,0.0441433496560293,0.0390308608051963,0.0447443787720829,0.0302764790420389,0.0347250611136759,0.0272937625342551,0.0412156622321734,0.0357739781078792,0.0494452532246193,0.0436743718455633,0.0365507259709872,0.0370215990262364,0.0427623319327409,0.034432437332158,0.0280372052667084,0.0378020314442464,0.0375920195018934,0.0350786095574503,0.0462966370051796,0.0381876893907399,0.0389643017172021,0.0339177543815869,0.0455013044606736,0.0309775766022797,0.0437414090959931,0.0294500787079226,0.0329248874143488,0.0420229137042654,0.0319217308750292,0.040980712602658,0.0452821054531632,0.036119290765206,0.0456448906134486,0.0413768168932654,0.0443071369621152,0.0423490658311021,0.038203993559709,0.0330937833950925,0.0375117478065704,0.030512486324094,0.040570690498124,0.0427790819166718,0.0396785274195908,0.0424928095867964,0.0420026437413109,0.0351820366128696,0.0355493441337846,0.0317774423977657,0.0380600603775914,0.0374363117067442,0.0402717082439856,0.0431443288964892,0.0413768056707517,0.0340082415126679,0.0391849692786232,0.0381945405372096,0.0312493803032999,0.0323288539180545,0.0408151398189384,0.0333016609600214,0.044520156264881,0.0313712457266281,0.0303027177261134,0.0369674300124703,0.0466282274891132,0.0417043037178897,0.0287958796242641,0.0294090471947107,0.0395519106678541,0.0367024099392532,0.0367669154805632,0.0393698655316693,0.0315159700298686,0.0407923569633869,0.046620897766092,0.03295823236992,0.0431176154578654,0.052641608431202,0.0331142921229389,0.0407864006619458,0.0416443802254099,0.0402029010272221,0.0438438786276551,0.0409457597090135,0.02869175105251,0.0369841447238773,0.03363525764263,0.0377349859626156,0.0373882906198807,0.0426899190909727,0.0353284622436183
1468.23466740383,0.00944030012326754,0.0177957778322912,0.0100875873419703,0.0184879443869372,0.0178946797825781,0.0106883208424097,0.0124273924049703,0.0102241324284336,0.0127596468796997,0.014955253747554,0.0208773365149925,0.00951994708202429,0.00778397883698376,0.0136503003835244,0.0100932923821615,0.015907305949557,0.00590645292699904,0.0261142448622691,0.0149968247659273,0.0174931136235113,0.0126438743928745,0.0100464207178042,0.0091499570270416,0.00820318960995374,0.0130236031288631,0.00849267202493324,0.0130541777251939,0.0122891353800274,0.0156102402042714,0.0220483826520293,0.0105467194005717,0.0134691078657399,0.00987664108642192,0.01648930706903,0.00969881354607161,0.0115977017640073,0.00877044189543977,0.0163934504719938,0.0121103278154098,0.00814919689570522,0.00502615190356475,0.0102096258813199,0.0122129978320527,0.024899536499584,0.0169048543729256,0.0194040086130466,0.00663343591787499,0.0185176788061356,0.00841559892871104,0.0048910823268715,0.0162816917741443,0.0198166577810611,0.0092315265658641,0.0200357839996619,0.014670998128755,0.00186241283696808,0.00367934132031483,0.0217245672206227,0.00933262231268935,0.0125472980042126,0.0164173628349091,0.0110209215870051,0.0132703205062239,0,0.0121614169920781,0.0158046507790424,0.012486895860075,0.0178167485678972,0.00594229208494369,0.0103158328341993,0.0150882037050865,0.00644876844925718,0.0138970139603793,0.0121033771310302,0.00959025050682416,0.00491942216001621,0.0123782549265729,0.0133569033185348,0.0054870817434406,0.0166477626637698,0.0110342745361187,0.00433896535324819,0.0104891780798398,0.00993357939411775,0.0113904127997747,0.00726378333138937,0.01786439807872,0.0116152580079734,0.0110159953906059,0.00897247325377271,0.011539183476263,0.0159065317779115,0.0208327109999372,0.0132233981366931,0.0126039052428752,0.012095694985911,0.0150580294868275,0.0219930375508522,0.0180519450271455,0.00996491401320212,0.00877745724788791,0.0124253624892178,0.0131255327325846,0.0107439012684313,0.00871767598797117,0.0168537725926732,0.0076667989671333,0.00165668579800123,0.0154828999321559,0.00581153954749159,0.0216059310206563,0.0153273090450329,0.010120084326768,0.01075540985947,0.0110460487026442
1471.00600875413,0.00299837711290212,0.0268062273664379,0.0108299016404326,0.024625841956426,0.0235128723726755,0.026424116111719,0.0197472566200375,0.00534479377655867,0.0162247925356526,0.0107770001563229,0.00675624322756157,0.0168645708809485,0.0154177071111325,0.0149324363192431,0.0125368062941267,0.0127967309687095,0.0247750687788219,0.0235766787474599,0.0184858849036742,0.0198736421687541,0.0112015422044444,0.0139485935817578,0.0147072775040058,0.0210251837787729,0.0192711326960375,0.00925045713951047,0.0126893356979355,0.0218261720528447,0.0185552297535365,0.0184456362311943,0.0258703797423217,0.0086870386142775,0.0133054438631567,0.00847571136797936,0.0236539493717037,0.0218102374042547,0.00785050225194239,0.0210007580335128,0.0106549057521676,0.0215879239842126,0.0257453584666853,0.0109337554410405,0.00799883008700232,0.00301666531336295,0.01655016789019,0.0246832367633537,0.0199947404184632,0.0121056748689938,0.0113294100454874,0.0149420289401034,0.0240465235015265,0.00937260048170578,0.0149907376614262,0.012441265418351,0.0170848883491943,0.000983916043542932,0.0112278408859474,0.0164033813417535,0.00236980900467288,0.0216042805450139,0.0105676898320541,0.0117480329778575,0.0162147474395472,0.0251756161725782,0.0189323620238266,0.0216690822005378,0.0143806046053523,0.0246335220146882,0.0139200528449099,0.0160526942655746,0.0119375976268938,0.0204783493596326,0.00743086391402268,0.0156128311965689,0.0158310600065632,0.0200997076944842,0.0180523149636292,0.0146159048226716,0.0291147946638822,0.0168229371258887,0.0194592730529084,0.0191362860357094,0.0139364323067783,0.0168197788120804,0.00934419431221741,0.0261857814954168,0.0213209764619217,0.0245293814943036,0.0128017575850329,0.0217434232117517,0.0235393401683467,0.00843283796351924,0.0167056396847728,0.010781813564891,0.0144213537154795,0.0228877926418875,0.00914581127184437,0.00599792550530672,0.02097005649785,0.0123281007197331,0.0128597313386913,0.0180473943488085,0.00949091834486292,0.0230276544298358,0.0120983352742297,0.0142773778053189,0.00893459368688673,0.0196201432296035,0.0145408001087704,0.0166074245463911,0.0256463489576714,0.0187948509427216,0.0190660890568038,0.0168900168981936,0.00910915201260583
1473.77544677,0.0236096391784684,0.035284952502484,0.0213516950312807,0.024311642025371,0.022657060861879,0.0327472345587105,0.0232478973596307,0.0208009333554333,0.033349327559528,0.0268451470911592,0.0192618086446768,0.0272939834183392,0.027858619445933,0.0227389250926076,0.0306676166030973,0.0328538080884612,0.0233309793074959,0.0221563020068637,0.0241947416316431,0.0299325667352621,0.0311528395214017,0.0215562084957395,0.0331466910871346,0.0151950823165113,0.0376207740662079,0.0290169998385214,0.0332144810616407,0.0242307341744468,0.0336417984741881,0.0229830049416697,0.0297186823528552,0.0294296079896178,0.0232003923725477,0.0294835457780006,0.0288085737798871,0.0236937439455686,0.024876833786764,0.0289386416958095,0.033676655459976,0.0240011450481528,0.0253993747825216,0.016574122604531,0.0331015092538293,0.0258358432237944,0.0308522892511788,0.0277219313403328,0.0262305246303303,0.0314730969601129,0.0300966888310125,0.026110041842672,0.0312883436881249,0.0229929848680471,0.0257862056356411,0.0148644331389587,0.0312657976687131,0.0277325240588992,0.0238577911294284,0.0298171937437952,0.0289076128223881,0.0279060483781362,0.029437501351555,0.0308302077291288,0.0324844732520997,0.0231033118900802,0.0218765191129373,0.0264217337329165,0.0257961744000393,0.0259475991681333,0.0258174397504803,0.024589132171899,0.0238665377860667,0.0234455998710996,0.0252909460956116,0.0219131440637399,0.0253958932707366,0.018615869640381,0.0215448644127743,0.0208193198889317,0.0271095574371389,0.0242516512345272,0.0201972393719045,0.0350349601554227,0.0244802966132717,0.0192459078565405,0.027287188169606,0.0219676103581937,0.0291760782548893,0.0175077136730569,0.012980972984782,0.0219292280685201,0.020940667659341,0.0272036524432922,0.0271708487111968,0.0151904781751619,0.021781736595706,0.0303418592860609,0.0292926866044899,0.0279013997711635,0.0123136599572433,0.0334381587249327,0.0297626459868091,0.0253246811305846,0.0320116128365518,0.0353309241643956,0.0272387207804306,0.0237352364470033,0.0272832091935421,0.0220442642604758,0.0230819783284481,0.0318970719506603,0.0169758763368906,0.0189813232735356,0.0225474531975567,0.0322844017963008,0.0242023164610769
1476.54298325324,0.0127921686683068,0.0052279396018137,0.00206995305973647,0.0186240124161491,0.00883474912202266,0.0207808049251698,0.0141554793642802,0.0176540154949674,0.0106634141507178,0.00903782719194842,0.0169481177972692,0.015767110414918,0.0142465327334469,0.0148414037780415,0.0174810636097918,0.00773529192234129,0.0169603521849275,0.00318092231144924,0.0194694332565348,0.0142969543337773,0.0144040096364882,0.00706494537267256,0.0173035177448226,0.0187189688990471,0.00161391769737297,0.0203185219831137,0.008721194623162,0.0107011936047122,0.000257754197614141,0.0064226324475106,0.0111205886417294,0.00918296613939265,0.0196842474926846,0.00782825826613134,0.00531975215515606,0.0144657379245831,0.0116710096334742,0.0225470292471128,0.0083574463807614,0.00986684445017211,0.0150854304825379,0.00971864537729467,0.00405134770239772,0.00614457754742244,0.00667952999953495,0.0166559672822494,0.011051810157992,0.0163297654963895,0.0161229210615035,0.0191779606124802,0.0174119725618213,0.0047593822378781,0.0137450935530323,0.0134184528203855,0.0107816432472183,0.0171170781128652,0.014009792607406,0.00857027407206691,0.00441923999696648,0.00814884774734501,0.0126481137509111,0.00937051517893813,0.0177253880845307,0.0142574008751466,0.00176515915612688,0.00742889759950279,0.0215805143471337,0.0167895617019084,0.0160032523891669,0.0153506044872247,0.00290563672004931,0.0153506719695244,0.0149963893919041,0.0221358110283523,0.0212103078916075,0.00491691590424246,0.00470394915475772,0.0193795645759939,0.0136618244656913,0.0138923091260001,0.0071937756556494,0.00818362506601328,0.0219772481286849,0.00881344899030343,0.00752832707499463,0.0128061133148146,0.00803518672615413,0.0116140750410475,0.00721993565546376,0.0139140430132499,0.0166751716863898,0.00938704916148681,0.0133670600765814,0.0154149534115746,0.0164570081670954,0.0126367818059355,0.0139999668309966,0.00971644177122346,0.0125096213908351,0.014908805001321,0.0171874870452354,0.0129839924281082,0.00826917773697517,0.0144127370834841,0.0135817664605795,0.0184654490071823,0.0197828521230148,0.0189311584229903,0.00937327586692684,0.00861248738288149,0.0177337289027185,0.0164370023946103,0.0139834336349537,0.0025811892588037,0.0175217247517691
1479.30862000336,0.00916635318454557,0.0236593728006927,0.00558164193746096,0.0156519764072652,0.0193788003043142,0.00883384342937104,0.00837301678393688,0.0201703389833539,0.00982137867912415,0.011477211417732,0.0228409178139484,0.013457863505567,0.0134230477746993,0.00967341901686718,0.0155054629284333,0.00964282656292644,0.0155543490185979,0.0166266650521218,0.0175144066871991,0.0123581384377629,0.0069918919899619,0.00944497452386774,0.00576731656028656,0.010729823492114,0.0101149817301582,0.0149906377191263,0.0106105794226219,0.00984348432067463,0.015934022421778,0.0174946726621968,0.00978148089699972,0.0119607404196197,0.0118900196537666,0.0102698039260246,0.00224414474907275,0.0180570194016169,0.0231343563639653,0.0172787703511066,0.0208564650222436,0.010661512245699,0.0125590015288204,0.00560317969003092,0.0142683897629296,0,0.012344397997273,0.00391474433060936,0.012929480776265,0.0149080962924216,0.00762878549212762,0.00348005880288116,0.0230662384813555,0.0100313444150153,0.0212344977573444,0.0253233414156447,0.0104561826639795,0.00537184741371952,0.00755624507255506,0.0242242618250376,0.0134317898605666,0.0183731748934737,0.0085027456530726,0.0162675836452201,0.0190640452619747,0.0133579606304906,0.0135380927763943,0.00486585907803033,0.0151488496769642,0.0264248014921677,0.0134522162004956,0.0166969787068273,0.00204465655578221,0.011153716581324,0.0124554173583042,0.0162809855978446,0.0175950842092893,0.0168182678576389,0.0131850096710297,0.0168643024827821,0.0127861070157291,0.0152386801449422,0.010171356643972,0.0127510320839136,0.0102384031415091,0.0163176795267351,0.0155251096233052,0.0268236012026225,0.00552691099442943,0.021814908383131,0.00852035705942377,0.014686039613448,0.0101807540072525,0.0150834238879506,0.0114571448131309,0.00987902059420293,0.0144660404290727,0.00726052620579689,0.0142398136596644,0.00714832626345095,0.00996455126371473,0.00300868596148416,0.0035191775026769,0.0192084647793079,0.00687085048467273,0.0106385868560242,0.0287615666536881,0.0121222693346835,0.00679787745424723,0.00472433593971388,0.019622994977148,0.00939839841067588,0.011315757776843,0.00180997670550986,0.0158589085824924,0.0104039660243568,0.0108615472963502
1482.07235881752,0.00997375710665396,0.0134695016879677,0.00802856721976046,0.0137779113327817,0.00938189738616194,0.00633834262039092,0.0124811586328288,0.00916287900031507,0.0215479678260222,0.0101092208044689,0.00777461075346571,0.0132117548001648,0.0190034170376706,0.0148253417644245,0.0152280883831736,0.016530306700682,0.0196626210465916,0.0180095704177019,0.0144785627204382,0.012627175968335,0.000695805208578233,0.0160575225385754,0.0226566199988985,0.0219794097773133,0.00819952051848553,0.00744833255856373,0.0125193586200716,0.0128559781563104,0.0167522826234675,0.00909360005883085,0.0246566297869438,0.00575634462878003,0.0105624001120156,0.0203919913317126,0.0140699325355611,0.0127631956136208,0.021172336020945,0.00209637726043279,0.0128080640574739,0.00650550377936495,0.00949743250055195,0.0113015968700103,0.0101330895562744,0.00827311105281632,0.0147751836280474,0.0211364959580533,0.000537519510673792,0.00418829617445448,0.0117125331898764,0.0180001748415515,0.00380873710905293,0.0214742653120153,0.0153644432195884,0.0244717158649182,0.0129474087592734,0.00572532337569293,0.00112266879574969,0.00466734478010748,0.0136819419226481,0.00586796668759815,0.0137081567968664,0.01484979708004,0.00767032640766545,0.00285448194572897,0.00994736488686569,0.00911338650832051,0.0126499114481849,0.0206186592217668,0.0120352471837957,0.0036051303204387,0.0145903261504018,0.0141793299064703,0.00938170615265944,0.0170975174273494,0.0233630687391772,0.0159487026389481,0.0139843707889478,0.0149155621290771,0.0135669367974079,0.00937048499824308,0.0131681428769838,0.00650994870765376,0.0039633503661424,0.0322402595071681,0.0135565064428971,0.0193556234667311,0.0117972368450876,0.00820025961447238,0.00767294512776365,0.0149293553670845,0.00483109668916667,0.0202528277519719,0.020361770464566,0.0054137676114625,0.0135995072188984,0.0102966066787732,0.00951276464921435,0.00515682254877147,0.0240011686772848,0.0214230145471393,0.0110204343070302,0.00854261549562811,0.0131152643649325,0.00738806252113337,0.0124760937472306,0.0183599508726198,0.0064911039384449,0.0122081417257489,0.0209845277022879,0.0130005472059839,0.0115590289212269,0.00865781593829661,0.00678612067883662,0.0204204915468637,0.0164478510576427
1484.8342014906,0.0102490741977147,0.0154165696148164,0.0153754695544958,0.0119234525763879,0.00535582722130268,0.012184827492469,0.00893207842861262,0.00438330331804366,0.0120153803917765,0.0104008777994347,0.00245014138613095,0.00276384231030719,0.0150255483593388,0.0140325556618394,0.0138511868231249,0.013516660469759,0.00510729205638051,0.0122724673545986,0.0120125912443742,0.00963322090924339,0.0119575777115673,0.00794435339879771,0.020270782848834,0.0151266278169024,0.0200345046512488,0.00215989531907024,0.00675835036685992,0.0180884926660505,0.00546779380287013,0.00233589829753744,0.0155185055770186,0.00957393219112609,0.0140898625319634,0.010287187548199,0.00166229426898351,0.0186193795325765,0.0113872626419414,0.0250137394369629,0.0131173613651026,0.0178309789298975,0.0147785376065192,0.0170196672066607,0.0104401359727506,0.00209903052097912,0.00312880250852113,0.0101299099668935,0.0161938828474288,0.00828664833786888,0.011448085142882,0.0149697154218578,0.00950199711925008,0.0128065652481703,0.0100715771318541,0,0.00035389000738869,0.00955050623516572,0.00539558419430006,0.00604791855890336,0.0101097353958478,0.0139120566174924,0.011797543388132,0.00733984002087751,0.0140379366136297,0.0133192599862323,0.0129689906472648,0.00545962671486447,0.0129659363048978,0.0115191216720724,0.0123097012256296,0.0105517274771111,0.00651789232537696,0.00503507263286724,0.00798513691895798,0.00573966154267977,0.0093223648490357,0.0178793659581096,0.0181034569466354,0.00970244418929403,0.00781775029194558,0,0.0161842841648518,0.0165293558729665,0.00424108789099309,0.0201871031157324,0,0.00694477914303337,0.0191819649390536,0.0123433093868331,0.00359438472933777,0.00971213350735093,0.0174939854005256,0.0134217268505101,0.0136337268581401,0.00779936897905197,0.00225779885138696,0.00775718526648018,0.0153321910161448,0.0159972096431764,0.011557901961582,0.00956224729750488,0.0101935178013777,0.0142603393445951,0.0117565525169994,0.00466131590670442,0.0175566135672241,0.00768577343832324,0.0095061559493838,0.0102655292747708,0.0112311255613248,0.0177411059504635,0.01071501969873,0.00727411087891228,0.00815313179146888,0.0157800827140959,0.0071711673619663
1487.59414981516,0.0188199393475291,0.0168326731038491,0.0113554470685286,0.0203346561527285,0.0186628700871941,0.0213801243770557,0.014177165025546,0.0171183466599986,0.017779784473192,0.0150857695276388,0.0130078223548668,0.010732812761212,0.0137273083113205,0.0132589551777039,0.0320794112582337,0.00997169908699271,0.0152990607743147,0.0230305272686603,0.0233209392933547,0.0110358215070878,0.0155667984861916,0.0230223939042245,0.0125450209045132,0.0225706492600364,0.017608539472421,0.0147639518255087,0.0131002774648762,0.0139888436278698,0.0195501582564452,0.0134650503246347,0.0126686188442774,0.0164121807619647,0.0144141582074764,0.0204491963902082,0.0168338739315133,0.0128081248512354,0.0128266355520771,0.0264277502762903,0.0273431554237136,0.00763958157727802,0.0184150998394309,0.0287429974847544,0.0162952443990156,0.0131719225247053,0.019694006088897,0.018917225063065,0.0170313343400393,0.0184338015290666,0.0161177224390822,0.014704274295322,0.0200928211566211,0.0181387345936594,0.0187350868189664,0.0122735080651188,0.0151920438110197,0.0168475634762537,0.0158756312436925,0.0151547814428576,0.0197304876422147,0.00644002854904291,0.0181402140825225,0.0226307744424456,0.0165443250974852,0.00965111582672313,0.00996700003404724,0.0193678490234547,0.0183329275068815,0.0134828730172563,0.0192905608061558,0.0225229569439817,0.0135257709164665,0.0164114648297494,0.012132886290285,0.0126935835030104,0.0123762812512564,0.0203859829350562,0.00959056898557711,0.0209276390533372,0.0206446203455297,0.0205096752658383,0.0181191034591624,0.011950931181294,0.0127050375398192,0.0154327790172479,0.0152260431124795,0.0182647935238826,0.0260388846184707,0.00985470091127495,0.0157871686775412,0.0171185468226662,0.0155588253089966,0.0126203446000039,0.0150218172049125,0.0270196524922768,0.0246306379112111,0.00747568813778637,0.0184011972398896,0.0162734890902025,0.0256339459999293,0.0142458449645024,0.0116133000983968,0.0199976477056752,0.0164073835260899,0.0130352209719215,0.0194554884105388,0.0210622015486118,0.0196958714038785,0.0177892367038787,0.0243231469469289,0.0118743685858429,0.0170860297100327,0.019663878685482,0.00844352766464344,0.0214873505197777,0.0127990857526851
1490.35220558147,0.00699718758849264,0,0.0003065347410088,0.000185088494468632,0.0103473005579359,0.0017451704334315,0.0101202175011382,0.00447917103600092,0.0181080708108395,0.0121369323620437,0.00874701496305253,0.000834592134686863,0.00393527694710694,0.00654094115628004,0.00500150660505479,0.0284929881072109,0.0167185407082196,0.0107424692009923,0.00659016273142036,0.0042518348423174,0.00933139938470701,0.000730279809361903,0.005911053872342,0.003126422246696,0.00202026566593232,0.0095155773692508,0.0101250057444961,0.00440796073075667,0.00885658814171478,0.00891164354135662,0.0145398028227579,0.0172693470717607,0.0109982144367738,0.00929009755947337,0.00887471827821523,0.00423400966235162,0.0120454230401825,0,0.00934882325277007,0.0151388326583251,0.00542621745763628,0.00892661072387976,0.00116510914617399,0.0108060078274713,0.0151342370443281,0.0045612028048332,0.00634751622152363,0.0028404599971497,0.013709433548515,0.00841894585833691,0.00739827602652791,0.0190177953973461,0.00679261799656442,0.0164806571504408,0.0194211557666806,0.00863689448950763,0.00500340976431421,0.0110701098065875,0.0178449189050276,0.00342681044046483,0.0140737710101599,0.0073819983833105,0.00354664967819925,0.00317322301235528,0.00863309691683548,0.00896555424971436,0.00415675478344597,0.00442308996544045,0.0168190821493683,0.0111592569951822,0.00549370613551871,0.00675310577344749,0.0129861986969634,0.0080277159553932,0.010493235372763,0.00956603388433171,0,0.0102808019314073,0.00947678510497736,0.0113626518006585,0.00851489551368244,0.0187609023522071,0.00703398213776426,0.0179774399308169,0.00832474655094273,0.00920263145399344,0.0143021785564081,0,0.00795541534250147,0,0.0192669282769947,0.00255058630798463,0,0.0031727104884308,0.00725301591407267,0.0122498651251003,0.0104092800291774,0.00654286449885,0.00936589475444648,0.012890526933629,0.00303552722930366,0.00775413797953342,0.00855488638174847,0.00883821806158869,0.0187065182637071,0.0208040517914334,0.00293659982749672,0.0153311670338973,0.0112689668816319,0.00602769174152496,0.0135144336394085,0.00401803540688896,0.00710905273697162,0.00384077977627107,0.00834838286764875
1493.10837057749,0.0134012066240922,0.00485375412547015,0.0142207623518782,0.0161858768108363,0.0215293588094756,0.0070970833575426,0.0132126247056706,0.00709761296329623,0.0140916167794089,0.0223286265555508,0.0183219455026449,0.024684908085043,0.0207665327567435,0.0242395540587568,0.0193526958230526,0.0161696619140075,0.0132123867035828,0.0231876723988789,0.0157379480862234,0.0319551935534122,0.012981543502343,0.0232211757109241,0.023951449826611,0.0215921421208468,0.011167802545842,0.0238355550913286,0.0225484008643992,0.0174016666042294,0.0257342614274253,0.0141237177347166,0.0211322026377024,0.0141460043267035,0.0183473105102562,0.0277007132062943,0.0273926843996349,0.0112625667213162,0.0180072354861828,0.0182788861569478,0.0119416668028577,0.018792438084206,0.0274134518047896,0.0130721528143987,0.0142473423096716,0.0122286265605945,0.0133047528261153,0.0133891847221752,0.020414984472477,0.0179604477199602,0.017873559614676,0.0158802577953597,0.0164030491108471,0.0327786630413483,0.0115941287557395,0.0157086162966256,0.0303835395963069,0.0188521919126422,0.015524520473838,0.0235195955290626,0.0110396972936252,0.0209633458976391,0.0138697259026956,0.0210463814171104,0.0238347475448376,0.0250240273933532,0.0111650192168785,0.0229157300877303,0.0157134273869516,0.0169182101796554,0.0177110942543902,0.0281755540294432,0.017562328458345,0.00598014537685453,0.0188317055226715,0.0133595663403632,0.0207479742605807,0.0165616576112718,0.0267278198142858,0.0182617490715452,0.021797335487625,0.013922108776632,0.0143420678753737,0.0147629735405404,0.014993676978464,0.0143833661126591,0.0130928827645113,0.0122919222995824,0.0272208274521064,0.0165786211883653,0.0158535715175138,0.0155508074986961,0.0218713983617571,0.0132627237745949,0.0205573234350338,0.0145517362245871,0.0202760286923391,0.0187227506579175,0.0196128133154156,0.0141009976511284,0.0140967228230681,0.0165127524446655,0.0184107614099965,0.0255314286492339,0.0159687471052104,0.0147348636071777,0.0147762079022479,0.0211117418629427,0.0197707190635065,0.0301190229861931,0.024957584298325,0.0180996768511581,0.0116233909147709,0.0186496213210663,0.0178600577138576,0.0182851941360953,0.0203972804778679
1495.86264658887,0.0187220314666882,0.0217522116488285,0.0243598183271259,0.0230394895550411,0.0219101808208469,0.0235656644029976,0.010293555681574,0.0153802384830834,0.0204621038999752,0.0216067730850222,0.0125670153557971,0.016359056854019,0.0104816802358237,0.0327410957688805,0.0186154398732013,0.0121339789784787,0.0223647689192837,0.0296118405140395,0.0177537137496971,0.0186462831577055,0.0122679354726282,0.0162415484054041,0.0205734555841502,0.0192104051924806,0.00825182028974649,0.0236545108963537,0.0179655667632032,0.00566054869977939,0.0145301771230979,0.0198968635470802,0.0214747793588706,0.0135436732789825,0.00906303090264556,0.0171295669110725,0.0211266221682589,0.0166416171606727,0.0127853127518407,0.00650878870396758,0.0217810831983667,0.0125261656877156,0.0244527385893637,0.0232234095340559,0.0223752730558485,0.0115180836394529,0.00390463066827844,0.0148931777930627,0.014168174692968,0.0199464031300037,0.0149600665829116,0.0167729180129346,0.0107944717261499,0.0163641828590381,0.0125137595460594,0.0182897306557246,0.0156327257275037,0.0198866876906737,0.0159424830752608,0.0161721710178872,0.015781263885859,0.018545379689749,0.0230172146076028,0.0113945873044328,0.0264013706344209,0.0202870774114086,0.0181123151585224,0.0193458775573906,0.0217012815045787,0.0123161798557466,0.0241955629985506,0.0229693730336881,0.0151490992386108,0.0168631057594271,0.0191733555855263,0.0248092504464747,0.0128470146688029,0.0219092655693799,0.0166241140240278,0.0240735048330788,0.0183101950935324,0.0131631501584038,0.016336300600442,0.0205296058510939,0.0109963631366097,0.0175286715626829,0.0206550324598268,0.0165045220994452,0.0144292545000192,0.0152596218281386,0.0145621230499575,0.021372973060074,0.0244969002651751,0.0103358573280498,0.0160691694660495,0.0185948917611488,0.0150913009008469,0.0162636240720066,0.0255123348546517,0.0183371462101669,0.023816453889324,0.0289683806280327,0.0148837256891044,0.0166006584238376,0.0119685846966692,0.00957186512005091,0.0114002430005786,0.01543144891015,0.0250669013974007,0.016588485753941,0.0180675483275762,0.0234801074071069,0.0213756310413836,0.0245001605412674,0.0182119696190151,0.0126375209476555,0.0181153808873623
1498.61503539899,0.00916687355230936,0.00452242637792949,0,0,0.00120989363183409,0,0,0.00675404933580018,0.00393734301930798,0.00887814961216586,0,0,0,0,0.00390905332968987,0.00536296256259872,0.00186429108880808,0.00255579674613468,0,0,0,0,0,0.00147271931485431,0.000412665073501745,0,0,0,0,0.00349055873373844,0,0,0,0,0,0,0,0.000830052792533924,0,0,0,0,0.00399061963219511,0.00329103365673229,0,0.00116381682896791,0.000247621687773081,0,0.00333108562112395,0.00176295505037137,0.00629018308590229,0.00108891637910167,0,0,0,0,0,0,0.00846809153426214,0,0.00364239210660825,0,0,0.00991010756964909,0.00475228972046945,0.00278293433420549,0,0,0,0.00499410527794642,0,6.28824477382971e-05,0.00351509787970227,0.000250795833697693,0,0,0.00709056229921026,0,0.000652857384270797,0.00463406301032185,0,0,0,0,0.00493935494224359,0.00529813840720379,0.00220538070575416,0,0.00895680453593447,0.00200732360245536,0.00352890828675216,0,0,0,0,0,0,0,0,0,0,0,0.00581106249262044,0,0,0,0,0.00474558008043719,0.00284695378215962,0,0,0,0.0021324537292858,0,0
1501.36553878894,0.0327353204251676,0.0280713128647311,0.0327707953694823,0.0357294433066827,0.0384225043039907,0.0399201763919647,0.0412590547127935,0.0342661170988391,0.0338102321459194,0.0366248658632327,0.0364252846950028,0.0268524129247043,0.0256206774367252,0.0302859394676326,0.0311917989697085,0.0311307760604599,0.0390817003098741,0.0337338432733806,0.0306496387020997,0.0281982892135978,0.0300853737346343,0.0355209833339011,0.0197741879885379,0.0436108631356642,0.0321394073494367,0.0239128038737205,0.0313797211675555,0.0394510243604385,0.0357142916678651,0.0455801828476865,0.0384143452492095,0.0329053911614367,0.0238651239992333,0.0338068214413206,0.036214407728768,0.0302431732243134,0.0416189623396229,0.037115162929738,0.0348511363783843,0.0398138642154396,0.0219224733790555,0.0321605288365378,0.0298494302551451,0.0279238518234083,0.0382956845555262,0.041692036369994,0.0363595747899645,0.0316528980320631,0.0419555800860932,0.0334440462413808,0.0326993639856447,0.0199449814702362,0.033925739045541,0.0351784747896501,0.0298278176187955,0.0179948689084112,0.0410262840262207,0.0417228039694674,0.0313638063024959,0.0376296384580344,0.0402757768255294,0.0332696528440651,0.0338136220548882,0.0318253717009283,0.0353644956275916,0.0320751303600005,0.0275914309368381,0.0318865526137956,0.0271967211416744,0.030969332226289,0.0315808004876215,0.0287173998347803,0.0364916111084852,0.0294795187099061,0.0340103104153364,0.0398953965302227,0.0294809476199725,0.0363048488982573,0.0375938686165969,0.0384184988635856,0.0324943236915219,0.0337469341268366,0.0308288763590419,0.0311600705118327,0.0280750086059275,0.0305059203076911,0.0277761962464107,0.043170575000797,0.0342503312786433,0.0330781054975688,0.0399322017036394,0.038964200507482,0.024966330714306,0.0178106137933107,0.0285357214849893,0.0321091085578005,0.0290620758306746,0.0263139696172417,0.0372444416908583,0.0363152160761603,0.0451827911629566,0.0260733667084887,0.0323443752174489,0.0310388363377935,0.0351289299588335,0.030346808162942,0.0329683223591899,0.0245963290771342,0.0332982479328881,0.0309467084160105,0.0337463368787839,0.0291129722154392,0.0480439974470389,0.0438022311438798,0.0401943485721005
1504.11415853751,0.0127387724157015,0.0125351953642806,0.0126070281674852,0.0129854079511788,0.0128931632794951,0.000414615898774439,0.00604875613250509,0.00085203222249106,0.00968828648754727,0.017923831166241,0.0071956093450863,0.0185865105124554,0.0137995959227234,0.0149922661944049,0.013169177185907,0.017787235282814,0.020820022428112,0.0105628896119661,0.00961972759964503,0.0209690225637407,0.0140892161255986,0.0238635750059323,0.0153856857499966,0.0138323470820718,0.0133558606911383,0.0154161792881879,0.0153242509341734,0.0129183525256504,0.0152047489366041,0.0156777575580934,0.0163512627624348,0.00836037434301528,0.0135692863271055,0.0145425522248332,0.018433583048655,0.0145353294708438,0.0151715088645261,0.0243037370799794,0.0186268091615905,0.0159376179209321,0.0195789570136547,0.0140785933405686,0.0170347968263241,0.017584632934859,0.0154012800213889,0.00936071044849529,0.0208315349286908,0.0167095136516304,0.00798201627220463,0.00749379766679191,0.0184804914803237,0.0130996493508049,0.0131663684816328,0.0261562719163574,0.0151389164702132,0.0133434559905717,0.0173226045456988,0.0223262275879289,0.0235432941841115,0.0225117440863422,0.0231378213252028,0.00812226637400741,0.0270165590574063,0.0169626518153151,0.0105083012667207,0.00933113471872753,0.0196685884493656,0.013541831974921,0.0114552426145244,0.0247132289321459,0.0236523402626523,0.0241482971083101,0.0147982952372016,0.00773454931728146,0.0184606069341382,0.00971399400474464,0.0122871323949461,0.0142655127610416,0.0123362614403346,0.00822829823431936,0.0191377421277405,0.00925670181202167,0.0176381994437749,0.0102914335519725,0.015174505361157,0.0204440898166215,0.0161407158839081,0.0175244357215089,0.0156838631834401,0.0181373444034894,0.0128222555955011,0.0153367557200102,0.0205404607203593,0.0135089395441041,0.00187086473945399,0.024116601634183,0.015077681023372,0.0172427710605132,0.0105889650769748,0.0152330784784141,0.00665587413807547,0.00793056871261697,0.0273175951433566,0.0118366474495027,0.0131383065254819,0.0214498875169201,0.00915543514427434,0.0150178151731946,0.0214590760626345,0.0168127118956415,0.0175468970702355,0.0218242169532815,0.00897342444575131,0.0132115827419328,0.0167150138506758
1506.86089642123,0.00986632263505733,0.0113403726189523,0.0125270516438224,0.012371774471176,0.0166011669493108,0.00919887768791948,0.0218585448242378,0.0126057804019211,0.0155959318597042,0.0107240253805206,0.0102229142533711,0.00829670245237069,0.0168969014254329,0.0100198291842021,0.013074004780377,0.0132831015506368,0.0124699799910392,0.0176178129087405,0.0139189651511558,0.0115721754621155,0.00359493007241966,0.0143335619745571,0.0153056721553079,0.0164731567470846,0.0127179171415216,0.0147598226493622,0.0218082999707469,0.0128118036250517,0.012899849084776,0.0182822193051337,0.0120710547917975,0.00334055633789419,0.0102786711865967,0.0166405912314557,0.00508275276366886,0.00663953440430924,0.0139549773949775,0.0142728387597566,0.011873117788175,0.000917452637141507,0.00948857255064199,0.0145180214864876,0.0257999391977724,0.0121114023748374,0,0.0284624457247839,0.0185143165295883,0.0176816791089693,0.035182385165227,0.0183517166737982,0.0172899709336448,0.00739399434508346,0.00970919969732174,0.0138220817240461,0.0155754220420473,0,0.00545157654583709,0.0299235459816957,0.0102550166917626,0.0157375548874051,0.0235854806674544,0.00744374131563194,0.00859733640482308,0.0128787628473019,0.0109451574383639,0.00811119320020642,0.00673652374536896,0.00294841053268003,0.0113364908106877,0.0156978083843261,0.00793606585133198,0.00685646542146491,0.0174330572381714,0.0187140018332052,0.0178034174231292,0.015144348413156,0.0198667246677783,0.00866554057478399,0.0149340390460598,0.0142306112132797,0.0162595693311513,0.0183521945067351,0.00827940264005454,0.0230385322184556,0.0156083689352841,0.0131604251884809,0.0100004664049743,0.0157345949492806,0.0123063151454162,0.0158212656192455,0.0211559884298354,0.00538919893948319,0.00642029816878789,0.0150084167375725,0.00781688297465553,0.0015974946655901,0.0210597080831731,0.00485019778513191,0.00934971116593546,0.0117979946634816,0.0143453027265072,0.00399064844425861,0.0163224059056897,0,0.00290923801796804,0.0125733821823549,0.0057274789041919,0.0132396979250822,0.00574359474230026,0.0161235243162265,0.00247528553047372,0.0074053988373909,0.0143451622003201,0.0136255186897526,0.00814138218569935
1509.60575421434,0.0252215590546216,0.0338503418413115,0.0287353734331737,0.0301138880445312,0.0235760827007613,0.0357583413247427,0.0387865026430059,0.0300244971646604,0.0269807739882959,0.0281460900822181,0.0296452778879841,0.023579584744895,0.0242712487113227,0.0197060467270248,0.034263920706748,0.02974396827162,0.0239227347883948,0.0252426900808947,0.0138378433283798,0.0251744885356667,0.0265535155416122,0.0216765088998391,0.021678154852558,0.0350593604758152,0.0291272336908017,0.0347897753540927,0.0266655436672869,0.0275791936754197,0.0359630217638873,0.0284872686385996,0.0297533657030197,0.0243474591143419,0.0188284746024478,0.0269680160123547,0.0275802809035851,0.0277039545689139,0.0239641205490668,0.0290979022428139,0.0351572088881913,0.0284387237585067,0.0210587269806878,0.0198756573931982,0.0235309674241262,0.0314232485141596,0.033106166265333,0.0261168221966962,0.0211643421596283,0.0312809821035068,0.129016880191491,0.0248380021987925,0.0258760584669312,0.0235180465493661,0.0252267644618275,0.0298383878892003,0.023864968762161,0.0230871076537203,0.0211616816951653,0.0265322728450797,0.0282738371839873,0.0311785951578652,0.0372277178145384,0.0306785978186257,0.0334445024827014,0.0184415641206561,0.0146993519402746,0.0391665581137235,0.02345098501314,0.0210890641450597,0.0268406182780747,0.0333950836762993,0.0357483831891292,0.0239383498013813,0.0234036409458873,0.0236176507083386,0.0276325472613352,0.0239324126466427,0.0230664953414451,0.0288090597259748,0.0241018955923467,0.0158023093799905,0.0260616087435877,0.032340596497372,0.0316070885028694,0.0234887882170832,0.0315956452350457,0.0307116736506301,0.0208521219478051,0.0267150644648994,0.0241178353783496,0.0294180228800554,0.0244512443368603,0.0189562645183302,0.0344212340284807,0.0328183297501818,0.0309075795690699,0.0272181336345171,0.029832956215412,0.0236735769052933,0.034630977662501,0.018849515052977,0.0365270809230189,0.0284360064674867,0.0244059904949865,0.0198325536574658,0.0225858950916913,0.0184638737955316,0.0270876747806689,0.029819751448832,0.0245659590931031,0.0344725631526668,0.04332583779203,0.0309666407284212,0.0274160308526148,0.0287369309418145,0.0314835719786855
1512.34873368881,0.00639145804398033,0.0150726230111977,0.0151421572066481,0,0.0100116923747974,0.0079673320068629,0.0124144570905769,0.0147339760460818,0.017653582150037,0.0127880353943476,0.0117364692314576,0.00157672543497374,0.0258133672616235,0.0088107444131973,0.00791060200559721,0.00984971832351372,0.00517388200178527,0.0120193960683855,0.00882633637283028,0.0141784343603998,0.0111698203275021,0.00639592655106341,0.0173524371364432,0.00698960286700338,0.00930710213987937,0.0129523043277812,0.0183621335492661,0.0137618884087093,0.0177208399942508,0.0159721602279294,0.00409367354507983,0.0108684936481426,0.00591078546176072,0.00776738681272547,0.00324680214576376,0.00760637051887013,0.00486353617788955,0.0119352308105217,0.0251106524717418,0,0.0104561178845694,0.0100187576169481,0.00470023170500979,0.0130717628175657,0.00810419944061321,0.00797365131695479,0.0161413791517311,0.00872721533628071,0.00665387482017396,0,0.0111779795262354,0.0161779083211933,0.0195821106298402,0.00699232540721012,0.0170713040965239,0.00699984928361671,0.0104588394309362,0.00444593649360573,0.0111858788152478,0.00336213923984533,0.0157616159758133,0.00448345094249998,0.0161762567180746,0.00930673871303895,0.011332501158928,0.00856682721271065,0.0133570583541258,0.009985636863437,0.00837668203374051,0.00551573942239482,0.0156126470674579,0.0100133659617568,0.0144799493762726,0.0130227000482468,0.0104941992057347,0.013277956621224,0.00703487282502436,0.00847379352819971,0.00272687861700438,0.00960464632776956,0.0171704447555322,0.00574641511429465,0.0190240323981237,0.00828288632439377,0.0193133485558626,0.0190593321906233,0.00873172399102627,0.0111101972051823,0.00940522385914275,0.0200197153240957,0.0153988729869983,0.010143369473258,0.0138667510949222,0.0112404243099355,0.0120395556662976,0.0103364959722354,0.00760091673373435,0,0.00914264391052708,0.00664375898641479,0.0136490084843717,0.0109010009678035,0.00909744805295859,0.00673867776219896,0.00759706986915944,0.00744398561913504,0.00829087471335408,0.00974736455906137,0.00443865772210018,0.0120120373398366,0.0105851726324231,0.0127404704810057,0.0169269297237888,0.0150599495137215,0.0091337917803107
1515.08983661433,0.00137560727658474,0.00567958957886891,0.00536613721428855,0.0111965642103443,0,0.00460959947199668,0,0.0107520263757234,0.00452848626366563,0,0,0,0,0.00986359796864329,0.00787890633482352,0.00485805179957693,0.00897563058389623,0.00595659464642452,0.00108531315748189,0.00265655385372456,0.000740405939537226,0,0.00232867060215659,0.0124378868492918,0.00214056072656956,0.00230666405890793,0.0161215543186067,0,0.00556128938614813,0,0.000396790607454674,0,0.00268491575759991,0.00226856490295025,0.00704522436052825,0.000886553319563757,0.00483195818104032,0,0,0,0,0.00453623648553931,0,0.00227846714822058,0.00101422151356222,0,0,0,0.011532135305884,0,0.00246293289694193,0,2.23682402182922e-05,0.00360939319051036,0.00246710061431455,0.00531388657210711,0.00652717023848834,0.000546377693892017,0,0.0121874433141299,0.00145251075650009,0.00775832023833726,0.000592583235414428,0.00925277425397088,0,0.0102427298343939,0,0,0,0.000456886990993787,0.00219197609283175,0.00165055239069843,0.00392050076879036,0.000232291046554606,0.000537715459048703,0,0.000375321621502626,0.010051269501591,0,0.00899337498383849,0.00499780351982595,0,0.00156253166158141,0,0,0.0041200526728177,0.00867644921982689,0.00162426168884588,0,0,0.000746082948242829,0.00299076162195901,0.00196966157654364,0.00702417063293736,0.00203097069999798,0,0.000903402506146103,0.00957843588041396,0.00465439958337888,0.0016200170475919,0.00136764782414002,0,0.00306697103046725,0.00172505117741095,0.00330296142385958,0.0111913898499865,0,0.000254154558918168,0,0,0.00886052405282926,0,0,0,0.00115862527938709
1517.82906475833,0.0107258767244554,0,0.00591428969076934,0,0.0143268498713363,0.00515717659351026,0.00470242067284401,0.00622789883628713,0.00615645325676767,0.00728345140939755,0.00719630875777045,0.00618260990156073,0.00235624293579199,0.00931078502807296,0,0.00815524320129401,0.0149966087413968,0,0.0126220831298977,0.00811619096091001,0.013899323904181,0.0101294252623416,0.014660451561467,0.00417866485313564,0.0087262500197397,0.00787966024629329,0.0106069098674317,0.00324459265526736,0.0110559701806215,0.0137447384468519,0.0144833633448963,0.00698020543453779,0,0.00499958846847426,0.0207862032284035,0,0.00538241042946757,0.0052688700949671,0.0100846380195063,0.00620749387075693,0.00374188252398404,0.00941370053853356,0.00579895409161766,0.00819545679851557,0.00858340986339305,0,0.00890744034996426,0.00862737345266633,0.00605796023239187,0.00324378268888983,0,0.0110692526316374,0.0167190695796752,0,0.00970201128729227,0.000775052220133298,0,0.00767759727990249,0.0143980687224627,0.00882742907870495,0.0102186080474533,0.0127217156872665,0.0044353360268415,0.00469221614228258,0.0118048927181527,5.83802037364089e-05,0.0127987161044205,0.0104820137359687,0,0.00709722195367844,0.0183557222142987,0.00439080108332607,0.00774597170800337,0.00908109456467134,0,0.00204324312998673,0.00363805447743038,0.0193120254173555,0.0140723312310683,0,0.00825789063773895,0.0143375832007328,0.010254882763326,0,0.00590777404744855,0.0051935073315134,0.000978120536879234,0.00989785726922429,0.0147136083875318,0.0116986072309297,0.00466996526064706,0.00733317547380923,0.00304805325322275,0.0117624134807397,0.00419619386421249,0.0130062405981837,0.00807843246003392,0.002284576683973,0.00681248762009871,0,0.00858817748507408,0.00480432853120621,0.00522570929255828,0.00277721186368115,0,0.0084058303071118,0.0114893681276211,0.0135648866698495,0.0015484046043375,0.00239299178235209,0.00162258461561277,0.00276006548176097,0.00588539610156343,0.00244640107223202,0.0017110548493674
1520.56641988599,0.0156840193237834,0.0194544670574447,0.0184134738120576,0.0144745266122742,0.0143519211891175,0.0118294727020166,0.0123952527712959,0.018655945796316,0.0209007996559062,0.0242441575171061,0.00623822847625757,0.00877251507315331,0.0289685425395615,0.0201642644859897,0.0157141938076536,0.0186391316160256,0.0232369671211632,0.0125671369398056,0.0346339369141475,0.0300103974652924,0.0161192150262363,0.0265107000263465,0.024869911089819,0.0228481481844573,0.0268673351688911,0.0162670424623,0.0254355896346927,0.0153466835144036,0.0209805231996424,0.0148281632626803,0.0165746086477651,0.0105699233960338,0.020474209640213,0.0225271487891975,0.0213196234290176,0.0186763920570289,0.0194000155922407,0.0130060759787317,0.0184462358875926,0.0161423959129701,0.0198373458410518,0.0175775816964164,0.0174370150016888,0.0200558899213014,0.0253902964917366,0.019210657106911,0.0187875680435115,0.0190235344931891,0.0164398629150349,0.0246399371987897,0.0149061489678477,0.0149786016383065,0.0222882862147055,0.0135725689948099,0.018077482270167,0.0250164614360505,0.0122287118479121,0.0197845429044538,0.0231721206935676,0.00937304001256685,0.0190063230321752,0.0188181575060939,0.0232692406954974,0.0205358529645417,0.0178420245804655,0.00630628168002901,0.0150681236690609,0.0160082017355383,0.0177500171419847,0.0182079510058845,0.0166922842714137,0.0248831525985887,0.0176700387110233,0.0190604933234902,0.011534435643236,0.017590390321534,0.0278244961656592,0.0209320135448481,0.0162293701461583,0.0150704049652414,0.0148417609013226,0.0164992513106832,0.011891396664403,0.007027865180022,0.00866786422272007,0.0167657007658393,0.0108197497056047,0.0198562336526694,0,0.0144201077319842,0.0148010812912179,0.0111507119569688,0.0176418199750991,0.00548795126101365,0.0113545726754653,0.0219270541760838,0.021369547747662,0.0161803571680979,0.00954425253118786,0.0186273327249342,0.0175007036718228,0.0118791882990096,0.0166628161841115,0.023493954410009,0.0182611419764265,0.0187493662894204,0.0202757493994425,0.0130058729837494,0.0187857531878032,0.0129974682806148,0.0148849047971871,0.0187078413925968,0.0163014263869962,0.016555937855052,0.0139806054444388
1523.30190376021,0.0184570581319204,0.0090247957510102,0.0146676134489576,0.0290882205260905,0.0149393846868497,0.00742740465159796,0.0146265393529739,0.0226415245785575,0.0165705605139806,0.00733197732034468,0.0145124576995111,0.00882834904438397,0.00824738189715292,0.0207378319511044,0.00567488632343902,0.0148147680434699,0.0194098404278462,0.0175521692965735,0.0126533156285659,0.018006147244441,0.0128807920460258,0.0139495895127092,0.0061590002797579,0.0124346132926584,0.00548409162501442,0.00792087473245492,0.00623317391911171,0.0115172416933993,0.00833505609721368,0.00835246654818486,0.0134623570382178,0.0101808039819135,0.014628338534178,0.018735440537587,0.022976749351452,0.00701211015900388,0.0211149889764279,0.0213171982306054,0.0218268923606844,0.0277554608328402,0.0226383173537162,0.0143364595010419,0.0152778322633054,0.00825068653642037,0.0151102020328087,0.0141492107019074,0.0133011645575833,0.00422910923774929,0.0186536671029647,0.0208007033809231,0.00733964702410122,0.00996321008236519,0.0139428713638989,0.0130319958100584,0.0169646007504782,0.026850421204512,0.0134256427635636,0.0153989178696869,0.00562202543737672,0.00938558886393416,0.0179356336057171,0.0199358372072693,0.015512329528472,0.0148886982842818,0.0211538902246672,0.0125770407400417,0.0156830287293398,0.0116170147601638,0.0188750782171866,0.0159948964814091,0.0133775905971672,0.0127070216957332,0.0154626050094727,0.0179762357962283,0.019268904151779,0.0242616594707902,0.013527911771766,0.0149113839994524,0.00640068836234848,0.0145247302443663,0.0109892287242166,0.0143511633854055,0.0097387659064745,0.0187846758546759,0.00756681682316517,0.000237747350023228,0.0031644616403162,0.0120987972738419,0.0108972387531364,0.0231911792896667,0.0193322464865248,0.0220926427403663,0.0128268471985892,0.0155246813132259,0.00472569271163383,0.0191197764362383,0.0224934604345364,0.0128293971171201,0.0178185057637527,0.0164228153643342,0.0175306643522998,0.0151572666771638,0.0155984171450214,0.00948085973220043,0.011898650839704,0.0165524278289992,0.0191768508498162,0.00969055134981212,0.013775779567841,0.0185898881849603,0.0126716553962376,0.00607174262950616,0.0152230716063827,0.0219899646329428,0.0082000028059552
1526.03551814165,0.0333898044178542,0.0239531833046562,0.030464384319047,0.0334778906283416,0.0339441659752266,0.0335621805863826,0.0300411669342143,0.0260853965632155,0.0286306797695706,0.0385501219630951,0.0248556315539323,0.0257699819318328,0.0375625783138768,0.0365130984744799,0.0337090146549029,0.0236889694965147,0.0315399104149577,0.035190159881499,0.0259061354599486,0.0366613630842481,0.0315869989098673,0.0303746517720164,0.0282031920351597,0.0382853914202693,0.027512806488256,0.0331078277463794,0.0342870517481,0.028063757857918,0.0419973861605625,0.032760356387578,0.0239544979312011,0.028317737574988,0.0265333062960775,0.0439680739875931,0.0345768777721142,0.0354394794297457,0.0290146137586184,0.0324099177147342,0.0263412706238743,0.0283458583245461,0.0315648344678817,0.0356032170613013,0.0280661423261499,0.0357669073410737,0.0254534940096046,0.0356634165953857,0.0270720401617114,0.0333040812359005,0.030171766352481,0.0334552499608186,0.029604002821689,0.0228641521327361,0.0323775419008116,0.0402873564587374,0.0332158976345175,0.032158601459956,0.0281436673763488,0.0369072928590917,0.0237709546073968,0.0371628270059582,0.025669239320523,0.0305213623349098,0.0294000116141012,0.0324768134750637,0.029432193536009,0.0415046920366682,0.0224690457319469,0.0243651469705814,0.031723510807606,0.0277057798555127,0.0351854915386321,0.0288107042672022,0.0315075754932279,0.0368687788956046,0.014357284915351,0.0359598753490053,0.0273061640767352,0.0368243179393994,0.0315235952617613,0.0262438609332195,0.0275235953850423,0.0344209238288265,0.035373711093461,0.032243344962509,0.0358881803899937,0.0322564628693844,0.0289255843943964,0.0320788777087406,0.0390872971398247,0.0374639709240431,0.0283841946492526,0.0281390683151868,0.031242910487745,0.0276854253491796,0.0235279491893753,0.0375962160099326,0.0236392800758059,0.0401382533114175,0.0388123529082229,0.0274598859790554,0.0287145207266362,0.0353666197874868,0.0249016919349845,0.0302422535944541,0.0295726761340285,0.0269387168523773,0.0318593303622075,0.0352919382881075,0.0271595378056457,0.0353908734902463,0.0320659201928357,0.0248151733859376,0.0344581444909901,0.0192922057626119,0.0279574294115744
1528.7672647887,0.0262759169408178,0.0245832602857547,0.0115804220770944,0.033575528146408,0.0318694866722981,0.021437009401646,0.0229949527321645,0.0114935234921644,0.0183428467096319,0.0211351334606454,0.0301043856465415,0.0320011109333533,0.0248653590622536,0.0181537616242039,0.0276307689014026,0.0232156304955885,0.023909788022018,0.0275873875502495,0.0287276999158797,0.0290778223153431,0.0163363011805547,0.0152245227581009,0.0186474966552779,0.0323077671671324,0.0160591956764855,0.0275986174950932,0.0327040418194192,0.0330799331653504,0.0277430207044498,0.0317417506416858,0.0261088081789224,0.0204715050577595,0.0277162436998747,0.0270877094045192,0.0202923679317787,0.019923112110245,0.0234914816641994,0.0280722800558742,0.0203163619869697,0.0300625008479919,0.0277520184172122,0.0215234532126861,0.0220824941488821,0.0207755563084121,0.0303965634001698,0.0153925801139999,0.0249271045210289,0.0158131064651731,0.024239946487904,0.0247181716045689,0.0280431119264367,0.0273998485266534,0.0240763107526954,0.0192381143231497,0.0170427427926044,0.020235968587514,0.0293858256648887,0.0281615725512166,0.0315134541367221,0.0216834798644494,0.033424915234076,0.027793938404591,0.0300034578495297,0.0342359647483545,0.0207012222521578,0.020095164544422,0.0298367222478343,0.0222266367248748,0.0217488614223658,0.0233128210489466,0.0285687460741343,0.027760281280565,0.0221629884771984,0.0269606561195765,0.0309489195239776,0.0282164870991933,0.0196536653286679,0.0242795880142385,0.0233756258582178,0.0179519182321715,0.0220631771170369,0.015533116551995,0.0310874799986116,0.0306066842113258,0.0165255736968241,0.0113616688803187,0.0207664830502893,0.017714239467839,0.0228769646206299,0.0238105886402515,0.00990858504290374,0.0156309912219045,0.0334889898964913,0.0277830048001394,0.0103150537875323,0.0169284069438103,0.0159424598501025,0.017891702047423,0.0184227540408892,0.0286044484665792,0.030459557590467,0.0195966845612193,0.0255152688418321,0.0192960345413845,0.0264569710728201,0.0204155130619997,0.0230987691315873,0.0192408229666322,0.0199664482004981,0.011942531744196,0.0182736628519396,0.0210263758449589,0.0235532663449876,0.0198778909982449,0.0339175072838571
1531.49714545752,0,0,0,0,0,0,0.000616919966251981,0.00200354654955976,0,0,0.00723327994951895,0.0029917061718747,0.00474072721762788,0,0.00198940996540746,0.00898565149449318,0,0,0,0,0,0,0,0,0.00572590284522701,0.00256373487793031,0,0,0,0,0,0.000645205826068611,0.0090444482929228,0.00694651492964483,0.00492722279292644,0.00108961046829266,0.00286509829472409,0,0,0.00198141409286938,0,0,0,0,0,0.00305383716827279,0,0.00492144597535072,0.00631843634645405,0,0,0,0,0,0,0,0,0,0.00524799686117291,0,0,0,0,0,0.00265268082635941,0,0,0.000232066235661253,0,0,0.00133650306269655,0.000136646396213363,0.0122884307959664,0,0,0,0.00212190423417703,0,0.000513482619568784,0,0,0,0,0.00547617664639352,0,0.00537754524414646,0.00168035706780837,0,0,0,0.00551239411531367,0,0.000134522846023013,0,0,0,0,0.00346617264262392,0,0.00112893078618496,0.00495588058921879,0.000575886176758815,0,0,0,0,0,0,0,0.00026238616956924,0,0,0.00609013205557733,0,0
1534.22516190202,0.025356191379148,0.0308673870340001,0.0405749940581017,0.0354552808328862,0.0386067172180149,0.0455227722542867,0.0424215175019846,0.0376829730026605,0.0371183078324723,0.0339335835548605,0.0258309298960216,0.0266417150226519,0.0309283756539327,0.0237882661913214,0.0429605799322807,0.0261940116293038,0.0295966576843383,0.0338661718764688,0.0327873366319476,0.0298433340460901,0.0253632025446207,0.0271209848774435,0.0355122690903658,0.0248106534718808,0.0316648173856861,0.0278179403280568,0.0274075828341793,0.0349272038541735,0.0235463138089644,0.0243548736722334,0.0263020110169725,0.0358531026720952,0.0349852969793043,0.0399074278069002,0.028718954132931,0.0390440126020943,0.02819916620429,0.0387805065469904,0.0305681685935827,0.01920419049586,0.0357298210256997,0.0304317617857715,0.0284252977864368,0.0376960302148942,0.0197453313449078,0.0268956264264931,0.0283981749132723,0.0411881997164654,0.0381062367250208,0.0331165724646205,0.0314916530893183,0.0320659979390564,0.0370863313807146,0.0327545273118148,0.0379088909312404,0.032696039325252,0.0341886240678539,0.0377096674756987,0.0322460630517101,0.0329606544216396,0.0270471411864097,0.021850789086322,0.0401479338538171,0.0270678102004436,0.0291275856259854,0.0339309957063979,0.037374311388161,0.0246425074704452,0.0325131186436188,0.0340568741720132,0.03269443486169,0.0224021676386123,0.0339251027201079,0.0354812923747027,0.0294997524321853,0.0367093300070293,0.0236667025301106,0.0288098840794173,0.0273394631379416,0.0275903404643137,0.0304726660325694,0.0341259238097835,0.0285706491444129,0.045317968118092,0.0239096952068801,0.0341551789289742,0.03024488350962,0.0289626343580615,0.0322350924779789,0.0256140472509851,0.0315011527774204,0.0229168326486257,0.0277934914316847,0.0254185013213366,0.0248320841528929,0.0282546114916302,0.0388446028685947,0.0380836057187636,0.0434070644180423,0.0359180243969216,0.0273397917052735,0.0399426214768725,0.0349774788542476,0.025172802701061,0.0336349400456059,0.024911747007255,0.0205044079176109,0.0327706316555439,0.0379368048689521,0.0299948938039793,0.0239645744075008,0.0316716785562672,0.0221026719502278,0.0227465640302733,0.025708696866257
1536.95131587387,0.010585388019613,0.0244044703004666,0.0163365573108242,0.0140495999706768,0.0209072904045099,0.0146015115171857,0.0206376579152364,0.0124381309307136,0.014894364819521,0.0143988031352179,0.0111922282329635,0.014540437440521,0.0129757551624132,0.0109156047318827,0.0151258049666309,0.0103555603587056,0.0154389204782697,0.0219362613226118,0.0125687376542804,0.0135732007387234,0.00744081651297085,0.0167777259457207,0.00297699933752105,0.0271354117835143,0.0169816553259457,0.0184668263033108,0.016554341472219,0.0174557101680612,0.018175680481747,0.0104066741093736,0.017549508481426,0.019072814223979,0.00507752200983395,0.0154338801369038,0.0145001644526604,0.0135766928961445,0.0227442404602695,0.00194976560745787,0.0162726247904582,0.0215393819884969,0.0142295130777197,0.00934542130192142,0.00592689224583319,0.00662124826150544,0.0101151023841194,0.00951780273117449,0.0109320433458093,0.0193794880977229,0.00712595631957398,0.0151121274204294,0.00831830250142063,0.022690600859567,0.00711158788905241,0.0139944574788799,0.0190060473056447,0.0168189641287536,0.0124397844310283,0.0147183084241916,0.0208454677244395,0.0136645235077306,0.0238919629855832,0.0164128383662031,0.0219678527420689,0.00908241567926101,0.0215623766606078,0.0080652285626521,0.0190988251456042,0.013736308328452,0.00310403187903566,0.0180541131619734,0.0177790491691675,0.0147703367119382,0.0130472916616927,0.0134471056015921,0.014764015956466,0.0140183838335515,0.014430115177963,0.0157841072010036,0.011616743294542,0.0138014634265927,0.0118684807768821,0.0163864132500211,0.0161853373308652,0.0196728663798043,0.0129355469112568,0.0182909847852106,0.00901348372227067,0.0185460154583672,0.010131451331902,0.0147671533059947,0.00634814060263208,0.0159391226334462,0.0133753121323764,0.0156003277600908,0.0221819852089641,0.0110112038427346,0.0101612029026013,0.0136762186954798,0.0153555172536316,0.0184022772603343,0.0152399665844139,0.0176933666344346,0.0100673738862888,0.0178207287142293,0.00977547190912808,0.0222773748606984,0.0118105441065394,0.0245666898115024,0.0168924000818276,0.0138852654284078,0.0190950718685744,0.0158494022259831,0.00907253506180738,0.0152454970618233,0.0157926135826572
1539.67560912248,0.0228714313764546,0.0284291766916162,0.0262818694578934,0.0212472385407851,0.0292006837601907,0.0291978393285525,0.0323277713293957,0.0205120999164369,0.0205194007778869,0.0293279301390163,0.019602114416862,0.0152373288468808,0.0184565004490647,0.0295101449180288,0.0287227140889193,0.0281603776431092,0.0287786458069358,0.0221108728898668,0.014930230631984,0.0235864937010417,0.0191366161478463,0.0169896322439594,0.0187010860761336,0.0239908867210021,0.0314308009853285,0.0286866814763488,0.0205531036019563,0.0462161569185839,0.0243992635264574,0.0268013539488261,0.0328508709431042,0.0173186011473383,0.0181710189969581,0.0172493832216831,0.025658629766508,0.0243060881094,0.0245951659344061,0.0203301780945914,0.0242344181780205,0.0250014161148993,0.0260433520990224,0.0296358193234498,0.0238046516289033,0.0326341846990653,0.0167717040232715,0.0243660606287463,0.0259139110259718,0.0200652675572584,0.0302233535262822,0.0234854051506456,0.0144345789051787,0.0166934787340512,0.0251011635786485,0.0196982087843638,0.0219435451575675,0.0170701262023672,0.0216484793933929,0.0231264300376319,0.0248362386782082,0.0265726801747341,0.0256995449642329,0.0304448898161214,0.0298685465271156,0.0256561069720007,0.0211619496410996,0.0223984226087255,0.0148207002535827,0.0260441007040531,0.0238661076072972,0.027097511138307,0.0307759512230374,0.0138101916411757,0.0148421084152894,0.0241391827594707,0.0242861098547922,0.0213799580329049,0.0343692396277812,0.0438276713689014,0.0221138690737451,0.0289726584943129,0.0307147595093871,0.0284447625252596,0.0174333423881082,0.0153272845659727,0.0313845735069133,0.0272633873598535,0.0233890592710018,0.0314332210618264,0.0297633687464504,0.0269587494842988,0.0222632221171333,0.0248285579081229,0.0162517645449068,0.0215687977315507,0.0289450661146692,0.0217665073317422,0.0269320375126945,0.0227146658208786,0.0270759147539593,0.0196370278214617,0.0282089141218447,0.024376497273911,0.0232952358168603,0.0180466169270855,0.0248954149766352,0.0273114916700596,0.0257049528451684,0.0302772851712734,0.0186962773571798,0.0129002471292434,0.0186760589224495,0.023155606351537,0.0284215614424439,0.0170078005360694,0.0260997330255158
1542.39804339507,0.0263528272191392,0.0302736027145962,0.0172720366375989,0.0317032161526697,0.0315648722027373,0.0210697788950255,0.0232029443806675,0.0269166465151314,0.029986633511866,0.0153054169707082,0.0126847516104278,0.0348650798431188,0.0314085193221093,0.018308089965834,0.0333891604845516,0.0305556929939028,0.0256559355296675,0.0316442239735169,0.0244669592181091,0.0270573788939165,0.0314037999900395,0.0340763178403692,0.0323040642869071,0.0252616740842388,0.0288757433951676,0.0244081316965687,0.0201806874185658,0.0221886784076834,0.0190743198439178,0.0231847205731284,0.0241420084738668,0.0275899842237889,0.0286016591405585,0.0245600537159795,0.0307762833471867,0.0200318881220627,0.0135843183324621,0.021625351794546,0.0194342208196308,0.0157850297792259,0.0079181508159978,0.0319926873433953,0.0306501512988979,0.0301373958086777,0.024534759361507,0.0205936421993438,0.0216832310604479,0.0311876231387528,0.0227674195148709,0.0280379250946417,0.0368330560364143,0.0308503608990464,0.0291771752737122,0.0209810008993221,0.0204285848135356,0.0311491153069814,0.0190694286360057,0.0249515458984138,0.0304966217162344,0.0234129006062441,0.0149052863574204,0.0178295687321811,0.0228224751096587,0.0167770771151959,0.0339698186838507,0.0260045298804776,0.0200684069008086,0.0157355641849669,0.0179054416534236,0.0217060499225486,0.0186956853972753,0.0234004025989483,0.0288135018445794,0.0287572983832078,0.0184090637791041,0.03432550214562,0.0218770857527014,0.0149753184291591,0.0288130403101413,0.025246514229277,0.0204116279368216,0.0210358423836418,0.0236040374231212,0.0216430592482423,0.0210109850752786,0.019165010752717,0.0279331168599376,0.0299315252922773,0.021789323451548,0.0249249375890862,0.0230211216743997,0.0178960677343941,0.0310255797104069,0.0217803395249702,0.0263409116310949,0.0196757436679792,0.0182396779743299,0.0239773095546521,0.0228089979678834,0.0258520418359001,0.0211651007781709,0.0267184157873165,0.0283786599859812,0.0329017672169621,0.0197600373689166,0.023629318552892,0.0286143680543514,0.0254533419747599,0.017739250071266,0.0337519092976764,0.0343306950320695,0.0293850970078224,0.0313415979031241,0.0204235709386869,0.0273943415036691
1545.11862043658,0.0254434692309519,0.0244300501290264,0.0294326161210129,0.0227688432875799,0.0258357903803406,0.0168485585311004,0.0261657989440481,0.0175437057276719,0.0274734632733449,0.0177064417348074,0.0211410859944082,0.0141425766303416,0.0321451967536923,0.0255617207625918,0.0196124178233386,0.0230532225062709,0.0231054591704058,0.0280198164114845,0.0230231724208115,0.0141382122343713,0.0212241802731009,0.0243283187155035,0.0159159570164013,0.0254565617469464,0.0235970260113507,0.0179187016782333,0.0181834348455237,0.0262397728283032,0.0170785775656158,0.0222975911572469,0.0300834291666779,0.0238816399817428,0.012731614928049,0.0143831621183605,0.00670301002544766,0.0213457326828774,0.0160420055356029,0.0196324898967205,0.0202157203111406,0.0264711458252614,0.0242171088316189,0.0262105581174551,0.0275691067197858,0.0249718160769802,0.0214768607396347,0.0191044326222653,0.0103309562158746,0.0154763198744928,0.0355370054766286,0.0117487913306985,0.0213156466969155,0.033846995428514,0.0221270741212518,0.0261751789205152,0.016699017790456,0.0182208399588387,0.0260755126481583,0.0212947521095137,0.0180672235848131,0.0285989519413,0.0304811306910001,0.0269070873744492,0.0185714939047375,0.0169806758092598,0.0209789771442181,0.02397633514265,0.0197501536920016,0.0220152287137201,0.0136395554691246,0.0174499217323687,0.0228145213074603,0.0147292717586818,0.0256827383119699,0.0234215678928984,0.0191647650248131,0.0250498239092897,0.0209589029475475,0.0162467511290152,0.0191614458668605,0.025438999990285,0.020589002415763,0.0147321139696909,0.0232646774919221,0.0162238894606976,0.0256380724709008,0.0281837289177324,0.0253830738434655,0.0240186076557784,0.0192551034522072,0.0251058882931523,0.0327989310823655,0.0295628513169454,0.0258521267287474,0.0193878443894321,0.0171315225196163,0.0209651328501193,0.0261915876865408,0.0174643022580143,0.0180129723944986,0.021073823611898,0.0258328330405216,0.0279920982727524,0.0182392892004929,0.0185684826298548,0.0290565859385114,0.0216081237352722,0.0150351012999799,0.0217639630348819,0.0307232100522561,0.0171517884735035,0.0295296726209912,0.0273864485159608,0.0167359805758028,0.0331030114997173,0.0196765962358218
1547.83734198977,0.0201435099841955,0.015304951070616,0.0302296504862883,0.0327315984335554,0.0277041487311252,0.0187535876176773,0.0192815130822155,0.0166595764988102,0.0200730012070633,0.0250507279024363,0.0152938384477522,0.0159285437278391,0.0222629054661821,0.0247054037367246,0.0338378701346652,0.0276993753610717,0.0238748703928743,0.0216723445790355,0.0293051064395865,0.0302384254428793,0.0231254260883245,0.0246093176326102,0.0183096407594496,0.0256739695517796,0.0227349949899646,0.0287666352783692,0.0288416877535827,0.0237125854203909,0.0239224023109802,0.0252230022014663,0.0193290378900548,0.0256978269217579,0.0248209532930887,0.0200987627979474,0.0157241918985705,0.0343695661470753,0.0381307576948676,0.0259412678533608,0.0282466619098194,0.0222702742089749,0.0255583856539887,0.0144661125123598,0.0283811829006471,0.0284429394178742,0.020067872190303,0.0255482433329479,0.0193363316600481,0.0222599610774724,0.0128394996847608,0.0179943702836324,0.0182868620954577,0.0245651651176627,0.0229046453545833,0.020282949580641,0.0180275162990767,0.0116438482186736,0.0274810113575385,0.0237161317096031,0.0210296499488588,0.0371372919778732,0.0263197557940784,0.0265621583988888,0.0226600363877387,0.0217378585767399,0.0211967348309118,0.020274929475337,0.0300759718379831,0.0216919223972359,0.024441481025459,0.0176657163402955,0.0118966325261708,0.0238117633156355,0.0198131994542609,0.0236522965342894,0.0226978124142574,0.0135729245643139,0.0162130558344575,0.023561237126699,0.0269976534565132,0.0228724694602354,0.0147346301131336,0.0209026346673629,0.0240373441857493,0.0181069137276935,0.0153109322471286,0.0223376334369697,0.0228559764024705,0.0186833843729819,0.0167435391472434,0.0220217441086558,0.0178615465829665,0.0248616425399432,0.013145625276411,0.0222733135030697,0.0256213148048193,0.0312300228264244,0.0297342609005562,0.0165450254363236,0.0160004293537384,0.0262335097030768,0.0193931396667765,0.0314705209159042,0.0288143195617079,0.024908604988443,0.0277037754118319,0.0256173688080341,0.0185407200659013,0.0342122366428685,0.0214612012577768,0.029100570536235,0.0269656839025356,0.0133089649859755,0.0257354571077178,0.0284110848852092,0.0204881770793193
1550.55420979513,0.00824623162442642,0.010609447812351,0.0142409414599933,0.0173724668505314,0.00687108285090325,0.00348282833499746,0.00967911019004704,0.0146708248701576,0.00887662471318969,0.00891070007636439,0.0140753179862878,0.00956040647343597,0.0177240348861922,0.0135706513473725,0.0161904915736967,0.00260641496913488,0.0169743076648449,0,0.00975200079986296,0.0053294008581911,0.00532045719161174,0.0217539193439149,0.016438814690251,0.0176770054143678,0.0125586504100967,0.0167388729257294,0.0153566453842584,0.0190081570419333,0.0115038592084265,0.0097618760122144,0.010164286687722,0.015034906207617,0.0122215960632728,0.0127047999099894,0.00823226980503087,0.0156944527197413,0.0120645862546456,0.00964644490483533,0.0185132831052898,0.015331327404824,0.0213746491762482,0.0147158677184956,0.0120808783896046,0.0141717838553847,0.0170549716012934,0.00772218440439006,0.00693128525207169,0.00714309154129109,0.00654576856966512,0.013281785751225,0.0141972932190707,0.0158662988391118,0.00642435146448533,0.00997021976349353,0.0182605639058616,0.016019464050181,0.0109124046753775,0.00799502338593526,0.00809810611220608,0.0151819240131421,0.0227305567418189,0.0112386063978116,0.00792126978288201,0.00783661020360344,1.12589452225833e-05,0.0047152341275634,0.0085649752829639,0.012004924487395,0.0174363754277736,0.0129003486919645,0.00658023035368371,0.00743025473573438,0.00733801656394184,0.0122666130065431,0.00973059071529381,0.0188025907321336,0.0191910324858952,0.0111961660347783,0.0179376152156095,0.00641741034682336,0.00449990149356488,0.0184338623195756,0.00577851509458423,0.0149742353689719,0.0094450315335508,0.00714102649579599,0.00666563664394447,0.0122630871982327,0.00612880244936618,0.0173166567794109,0.0147556556955564,0.0158126402851369,0.009638231322673,0.00521497884110408,0.0153540455251998,0.0264112225325549,0.0144627149731258,0.00840745396121423,0.00904249331123074,0.00828232736566708,0.0185430974842636,0.00988027046987228,0.0121878442097784,0.0146519319300206,0.014100815486556,0.00452584222082445,0.00830987795902607,0.000563917669820874,0.00442821775739219,0.0186996904637264,0.00505329141999718,0.00695717749778541,0.00678983467100889,0.01232726914511,0.00909835132451847
1553.26922559097,0.0140273626828291,0.0263164576609931,0.0259299279430378,0.0176752178736242,0.01960634087341,0.0292919108133703,0.0187453489656094,0.0155279100389662,0.0238931561161258,0.0245019031070159,0.0226024770689577,0.0216126704348126,0.028106078196725,0.0257714569257241,0.0226285450183167,0.013913263757139,0.0194384403926735,0.0194811509123561,0.0215826153835232,0.0285885507487612,0.0269994526815404,0.0241882255815268,0.027454478765882,0.0239803929911551,0.0199811924980846,0.0276339506034102,0.0282583636772441,0.0192780845202104,0.0228027635138073,0.0322245896513128,0.0240092515975126,0.027900611707118,0.0286563834981702,0.0266757506863589,0.023362361694735,0.0176340564797683,0.0269179966136715,0.0303514326268479,0.021588295846878,0.0216687330824728,0.0299762292125939,0.0209745199973441,0.0267602444253437,0.0149978295155629,0.0297874772417607,0.0226879449047759,0.0126858632461329,0.027127628090125,0.0346742124245822,0.0245154232213359,0.026932508498984,0.0211710107328004,0.0228577244339115,0.0196782390443633,0.0263491064317141,0.0175443868503556,0.01124113335538,0.025876037879586,0.0237317223207384,0.0221024733547346,0.0279471617354369,0.0337217059645104,0.0253627430421515,0.0171722378701194,0.0195045130545448,0.0219993094713767,0.0211747346253102,0.0299500671122128,0.0243849801580276,0.0231725930817463,0.0219256717783791,0.020438226841068,0.0153265024112233,0.0258478846260368,0.0298346548922625,0.0357340134336349,0.0243923450632767,0.0256715739568865,0.0269114604890338,0.0256009895130535,0.0388717593064053,0.0333120244577964,0.0278305141192494,0.0236233473583694,0.02079915735662,0.020090269468955,0.0337473710887391,0.0219413862984756,0.0155810937036168,0.0340068052400972,0.0291039573370911,0.0259097259989933,0.0239659693497824,0.0197077433802536,0.0205767837909718,0.0143421586701198,0.018052064422819,0.0275889142096477,0.0186701753977692,0.0272593054135698,0.0305181942924261,0.0259506874977638,0.0298885898744773,0.0175141679310396,0.0159975339561051,0.0255118876713617,0.0250711315420963,0.0325076746770309,0.0275027325821706,0.0306954246258422,0.0285494081379691,0.0270353728196519,0.0218693602218991,0.0180098023766012,0.0264374944394151
1555.98239111335,0.0259009854890702,0.0139570511488826,0.0219179485903383,0.0293259381760973,0.0123457433180052,0.0229455311208803,0.0185132886724056,0.0175380023894232,0.0274755088024635,0.0166090957793464,0.0311535515192832,0.0224448510518514,0.0188243288433317,0.0222725344514399,0.0274114520062399,0.0191810294473611,0.0230249101143252,0.0219901695866957,0.0273849374856601,0.023422060500839,0.026232264473927,0.0166403533157751,0.0283103321146516,0.0297576082801544,0.0153434888837267,0.0234728761673979,0.0137216611375373,0.0256227414234849,0.0120844983203025,0.0184333919102582,0.0201139653007452,0.0197857233822931,0.0273867328808627,0.021518117947642,0.0192236629541611,0.0257188323043406,0.0333921300962296,0.0262455968755307,0.0263545562925846,0.0191939808861005,0.020291462114061,0.0272567657782249,0.0176941737840608,0.0266144302887242,0.0289888106672577,0.0190338017362185,0.0201127604311596,0.0263081440431879,0.0185999054817731,0.0275365288599111,0.0142180335609833,0.0309732964612118,0.0231484567816578,0.0210777071217118,0.0305453821580317,0.0242708072859919,0.0245302775069649,0.026715810733052,0.0234716738350329,0.0273820729055304,0.0150736958552205,0.0228906040349552,0.0306303484244676,0.0265327267998494,0.0241875957961869,0.00931832474671255,0.0148041025393006,0.0263839841025845,0.0207705019571334,0.0223471799234129,0.0261393460345611,0.0174017613396124,0.0156047880670548,0.025595886574629,0.0273800277039219,0.0304448246886659,0.0208158682257341,0.0199204323119897,0.024447169842004,0.0264444805337754,0.0182255255703086,0.0243926419630152,0.0139741873512982,0.0233376829360614,0.0233014701388814,0.0187265734193608,0.0214358466088867,0.0188944694727312,0.0261399497551717,0.0222242751029559,0.0288581113301139,0.0218247316533275,0.0124098837898937,0.0195115733258148,0.014775940276275,0.0325107954588987,0.027205413931541,0.023397899520172,0.0250089870265827,0.0192700094861976,0.0174722295668679,0.0218619701419313,0.0241996381538594,0.0254370098764523,0.0307258452371681,0.0235821141489692,0.0258946898079336,0.0205778019738839,0.0199808603565457,0.0108332492025519,0.0227348421522428,0.0207320372515522,0.017230210629379,0.0258901264732035,0.0150971456554141
1558.69370809615,0.00690217070091529,0.00988319143815399,0.0184722126368767,0.0172730007811994,0.00132105502489037,0.00164307860050195,0.00953145941521405,0.0167509567840432,0.0147133262702338,0.00381979028202247,0.0182381406656334,0.0192117300307778,0.0244637906487527,0.0150015252305481,0.00256030992646208,0.0145517686730856,0.0183923571583001,0.0118913667033365,0.0106537528853319,0.00569597482681986,0.0128840515263964,0.00437667303650297,0.0163267062987144,0.0223786711797497,0.00908136144385589,0.0210113091939473,0.00964411758338642,0.00668594058106598,0.0140635589965775,0.0117039916409528,0.0104946318268716,0.0141953423445129,0.0132478400679393,0.010912342395989,0.0145570119287265,0.0104530130461594,0.00851828229274623,0.0144374334100276,0.0122452201311754,0.00514613818156717,0.0145146547977219,0.00581200999040483,0.00201901438161708,0.00864551327906785,0.0108639883922771,0.0154037771364803,0.0220675632128361,0.0112619174661463,0.00800968399462432,0.0141092631533474,0.0134508021856963,0.00668948886079373,0.0106414595970682,0.0102804205505955,0.0146262331258733,0.0120428236948699,0.0209706766754826,0.00776212725929697,0.00896474231208744,0.0138203729576796,0.0170442189729069,0.0120834256230693,0.0142989564372404,0.0064784047388266,0.0162582443854422,0.00911095319968027,0.0229909049109285,0.00958944193119137,0.00659309388666168,0.0137606991097324,0.00193006101568632,0.0138350829958244,0.00541086839788215,0.00929360815607616,0.0183398692198402,0.00960846049881557,0.0200130901229079,0.00160499088427541,0.016548483868226,0.00839155360518772,0.000905173709361704,0.0106240462785664,0.0110301161908413,0.00683854798096651,0.0102954436841111,0.0179382918614222,0.0140749499920756,0.0142086299998819,0.018303174291524,0.0132052564096138,0.0134560195788984,0.0068360025933281,0.0116725869054905,0.010932099746431,0.0178369735370071,0.0176915709000599,0.010896473612524,0.00920379156825931,0.013153098771865,0.0113045453045385,0.0122426378372036,0.016705760261669,0.00927815872101281,0.0122306310219039,0.0145267980872643,0.012936938630883,0.0052768649598535,0.000336966379663613,0.00914226207059106,0.00665607295677842,0.013069667996847,0.00675145879858128,0.00438910502580871,0.0120510813297261,0.0144129970091936
1561.40317827101,0.0182717285854401,0.0207044503938148,0.0248108719464288,0.0176468521800954,0.0162903864995294,0.0230853689373931,0.0131866198124502,0.0126026013954569,0.0221627769162185,0.0129218034283932,0.0114871109285627,0.0165128621946469,0.0210812509680506,0.0256449289360911,0.0163441651175688,0.00939529259660521,0.0253229539048639,0.023234457536268,0.0170540642247761,0.0153487274018956,0.0181941482899688,0.0105686991921548,0.0145502054066076,0.0347918893386914,0.00998289393810634,0.0303027069949442,0.014927407974164,0.027380954303864,0.00725026681707295,0.016909536744563,0.0150040150953895,0.0251325694025138,0.0216968320837408,0.0183886711670229,0.0220400825344131,0.0252633160281523,0.0178418839846279,0.020313668056899,0.0181709698962944,0.0159716417141851,0.0254075981553232,0.0246569395919005,0.0272740362383573,0.017617943081604,0.0242077003263066,0.0214024422485492,0.0152529312293176,0.0176152030161698,0.0138238505463213,0.0144324078701974,0.00999744085569501,0.0321976150963944,0.00986511538337472,0.012283108373617,0.0216675012294771,0.0113432625026391,0.0224976514384732,0.029567165703214,0.0290610679855627,0.0180379477581025,0.0124518413944922,0.0235256375939184,0.0157331236692834,0.0119260431381581,0.0171430771706913,0.0174164307618484,0.0200230891038893,0.014905749170138,0.0186283258604767,0.0191001432718016,0.0167899948933252,0.0241442684745568,0.0256248513459116,0.0201759093857065,0.0258476532076867,0.0216063719161541,0.0192338415715691,0.0139615271548081,0.0174058566434486,0.0142915759832148,0.0171835880050391,0.0244889839262914,0.0206317221025535,0.0138797992247926,0.0228307508378038,0.00835152591294445,0.00564284243734709,0.0217416959264676,0.019699236948064,0.0288699258593934,0.0155085883491657,0.0142720042994368,0.0131183572503056,0.0149877398847374,0.0220268614332901,0.0280746744966398,0.027299969691475,0.0150875067383523,0.0195395025578543,0.0275989406409011,0.0259608544519214,0.0186642748110354,0.0205168450543835,0.0156691906342922,0.0138278865035489,0.0214308828736575,0.00889966776293996,0.0173497863793611,0.0100186542510824,0.0259946181870935,0.00176794284381314,0.0114996255576617,0.0310576829520918,0.0129123562389003,0.0259798894316202
1564.11080336739,0.0241481655578749,0,0.00894220399271748,0.00618102804850728,0.0107232580630412,0.00349563146701261,0.00480207603677448,0.00735040883197934,0.0061750403579409,0.00947400318768564,0.015505735175614,0.0102600312146936,0.00761270925687902,0.010830189247666,0.00944757379706849,0.00481406592118938,0.000955804639733469,0.00274849864372259,0.0130251113009131,0.00915958925493898,0.00379880536682354,0.0125718424422924,0,0.015927763010433,0.00926030013596103,0.00666587544905909,0.0032082562351497,0.013993033469381,0.00982847725606474,0.00643650476187978,0.00281845765551721,0.0125891317639538,0.00599512620623449,0.0116617798394146,0.014113185737536,0.00893195009468503,0.0126242931292198,0.0195916446073442,0.00633315505593004,0.0124632711316557,0.00414330611999952,0,0.00667286861785855,0.0153090456881042,0.0110088046597218,0.00256704509273283,0.0167060538387804,0.0163191753140579,0.00710416233611558,0.0136813313965975,6.42238521231198e-05,0.0152321698767821,0.0163598982327247,0.00819962158519235,0.0108313497726295,0.00836882312566594,0,0.000752561546753838,0.0140535178651726,0.00674365656891635,0.0128235817989669,0.00887733502618774,0.00776601766272337,0.000980657225497493,0.00541577952807232,0.00141580706854475,0.0148441918421251,0.00368085346316046,0.00951407046615355,0.00611344249042418,0.0110362711207596,0.0156391020197462,0,0.0133453641051987,0,0.00359863503166846,0.0041766155011756,0.0159432348990906,0.00136773645615364,0.0107557036604127,0.00211213928516496,0.0140154438374409,0.0090248928948917,0.00918717644803931,0,0.013125851009069,0.00161420877910343,0.00768109247389443,0.0108259420764132,0.0133223626716145,0.0125258012798807,0.00370181480890199,0.00487302157407194,0.0111858358140471,0.0046986027876005,0.00994637793632488,0.0154712595178635,0.0104113823362699,0.00828358289785721,0,0.00797970747720671,0.00482787171349201,0.00891079123177459,0.016614010151205,0,0.00427863160571736,0.000988298843565397,0.0116046781474488,0.00980551966594336,0.00396715963874507,0.0109688789137592,0.0195732895345165,0.00674879203207649,0.00781824311079866,0.00727307836728202
1566.81658511252,0.0118421283662908,0.0110246007803478,0.014245177488769,0.0109171028437129,0.0138367264780737,0.00723245062157068,0.0112483306639591,0.0134097712302001,0,0.00823709158269487,0.00880361204512447,0.00607488273580561,0.0143865712056388,0.0171831104908331,0.00425393223565863,0.0107290555754912,0.0101321291351626,0.00919659834420871,0.0106709832089933,0.0161249988611308,0.00861013748303011,0.00459341371059752,0.0116052001942159,0.00697163998303873,0.0118569422249793,0.00260155249288585,0.00744109796270551,0.0138318922929407,0.000859533485965874,0.000859934581773292,0.00946384288412935,0.0125727637147985,0,0.00988422367750412,0.0144779305487401,0.00653773134922083,0.00294955225679856,0.0128233979735759,0.0111955392577818,0.012844319536887,0.0100912921955546,0.00691760213934894,0.00986599857907026,0.00817916811587211,0.0135560519980598,0.00578989115292974,0.0104892075867256,0.00463351646181546,0.00259297489838758,0.00142393107861166,0.0156282589300619,0.00723840355253962,0.00058059366133641,0.00525134605749424,0.00897030897408141,0.00657054021076274,0.00144116771873047,0.010495086675692,0.00565684143259368,0.00157699133726544,0.00827941886685634,0.00869986889977798,0.00592177968964211,0.00761144356045989,0.00854633097851342,0.0109037630902501,0.00913125534241725,0.00738884192011375,0.00432462871570624,0.00427260819961396,0.00196038834289194,0.00438788286697965,0.00756811827714345,0.01208235229134,0.0106426207432341,0.00674723399699116,0.00289481108589393,0.00700297136867024,0.0110051823843007,0.00613133950155688,0.000824874631996418,0.00952066640792569,0.00724192475071447,0.00563879275875525,0.0130266054861677,0.00855058315602589,0.00308410551695851,0.0130456906320377,0.00305980572400806,0.00108676087254874,0.00563232326854832,0.00954663031152586,0.00798667116156294,0.0058320187034983,0.00507059142814264,0.000235126227074062,0.0136395006037808,0.00631659446366848,0.0103015971725954,0.00628037570513795,0.000598219151693715,0.00356120213293615,0.00713018748542791,0.00599947988291971,0.00663361466007851,0.0199198992454613,0.00796133206797996,0.0114406702478356,0.0118433567428174,0.00265909361217345,0.00635707923888084,0.00401665054588644,0.0142721787732939,0.0125325718705643,0.00560167420750573
1569.52052523145,0.0359738157838578,0.0400944472938173,0.0304174775055704,0.0226878400277333,0.0234667262356239,0.0381796781770695,0.0418479051988232,0.0352954769425887,0.0261057429069161,0.0272518931096709,0.0251517673291379,0.0402417838040727,0.024908670335797,0.0219331708788291,0.0326595151311943,0.0409193247701451,0.0270255512322211,0.0315951768383471,0.0358502417380717,0.0329625095155294,0.033724411568326,0.0487749461935934,0.0318755593586189,0.0326347868052398,0.0358980853515621,0.0281631946751403,0.0298230375136989,0.0307484602775389,0.0282824408186334,0.0283350874317163,0.0307608178446722,0.0275841438137747,0.036446952285774,0.0382278843777475,0.0402215651501641,0.0208634433385048,0.0375566095654587,0.0386408224188563,0.0355375979172662,0.036442513630313,0.0227221170555819,0.0367177765070834,0.0396174829227567,0.0382197340471648,0.0361868827161886,0.0367207923742822,0.0339741111259645,0.0390120481372414,0.0368729428049422,0.0325669565574207,0.0377203161458495,0.0339390171592225,0.0422440996976886,0.0312124077824066,0.0300701449661587,0.0352809511240701,0.0345395902579318,0.0323721895782254,0.0368037663926237,0.0391585250161595,0.0284600202931236,0.0291053535358644,0.039585257280161,0.0357816186251082,0.0232385040311052,0.0356952205886664,0.0280376884919403,0.0315516095075306,0.0309203174566386,0.0380449968882442,0.0431098911190247,0.0380411284078515,0.033379800837277,0.0346786342063607,0.0270364373037269,0.0288278945517794,0.0203391509652219,0.0287351364135975,0.036494290539021,0.0187825849351406,0.0303847588858494,0.0359081250068273,0.0288935584665774,0.0323501895209131,0.025635022803446,0.0337763279056897,0.0314033699730487,0.0300753457727904,0.0234875635002394,0.0453193344013833,0.0319370935137741,0.035631162724458,0.0300158470718352,0.0362338615740223,0.0286666758321311,0.0364288801899458,0.0206967561114661,0.0323270080571338,0.0338747972655605,0.0358671943537549,0.0405497691470465,0.0426834472778897,0.0380442128711767,0.0251253322019168,0.0369602429144333,0.0334003278685003,0.0265166163490384,0.0340835075005423,0.0350609558129052,0.0315791224451752,0.0399594936440902,0.0280938389897858,0.0256591927681881,0.0297733691095161,0.034254865641964
1572.22262544705,0.0143374520851747,0.00915325850861517,0.0178760888571794,0.0199230658272951,0.00931439252689403,0.0175538694681202,0.0143447894482102,0.0137531504628929,0.0194667391459395,0.00856973205509706,0.0164524459254239,0.0151512175906809,0.0136395700246097,0.0164059772599941,0.0118464723271219,0.0138138739538709,0.0131711794613561,0.0100830518498245,0.0181401396626381,0.0180926909447724,0.00789453137168239,0.011354634749051,0.0119730330852273,0.0209805371691111,0.0171221024674195,0.0247066875791079,0.0154304179037317,0.0229344373878982,0.0188115182736132,0.0103526577029565,0.0081965458434871,0.0106135248338874,0.0175963425808915,0.0140639803284023,0.0158302823928883,0.0174045789107726,0.0184078118704994,0.0230918793282459,0.0143233077938147,0.0142309413037709,0.0098544102137268,0.0181146800413446,0.0130104132398508,0.00422116055700565,0.0230588007511411,0.00553035942311411,0.0162648525856582,0.0114804239961659,0.00729481265433932,0.00882774508895074,0.00618050261574462,0.0231991954349167,0.00700276496779909,0.011648710966965,0.0103566163531429,0.0231823048287788,0.0074821879956961,0.00748341093207197,0.0240652535867183,0.00574316047370151,0.0151822996245354,0.0061961647655792,0.0217113681322375,0.019817869648113,0.0143310698282513,0.0146788890306234,0.0162264996818166,0.0104605607913663,0.0151932509150931,0.0167908930215044,0.00619430562277606,0.0129871480165532,0.00618279679442299,0.0146194295758406,0.0208724775986701,0.0153422957933578,0.0191054522352682,0.0209376761165551,0.0199824336349229,0.0153205967628267,0.0137340670046737,0.0184679888639197,0.00320487759249043,0.0159731358746045,0.0149697396497558,0.00443676966887101,0.00938120704389931,0.00888257937114901,0.014685797398602,0.0112120649489568,0.0082266319830292,0.00710343990794213,0.0169864948408724,0.0135893420413095,0.00367896081089663,0.00662387915609536,0.020021869788521,0.00544214903650574,0.000608921142573665,0.0153543996629523,0.0193045267145233,0.00764579911018111,0.00908790888161737,0.0211081094278711,0.0182162566695364,0.0124963763286121,0.0120732094713536,0.0200772670512128,0.00931115581434741,0.0129810109480595,0.0104900534544527,0.0175386029150298,0.0173284458607702,0.0079011397240971,0.0156248645152115
1574.92288747995,0.00596697773284438,0.00522521880159127,0.0010217489516523,0,0.00708942815057458,0.00139139892511817,0.00660830946748391,0.0023941928737756,0.00521391341715677,0.0101395877141224,0.00726643571628248,0,0.000798257720015461,0.0011438366218758,0,0.00712591155166784,0,0,0,0.00488878049802728,0.00620429343282606,0.00397646887859229,0.00335031808078252,0,0.00990449138428373,0.00563658963379989,0.00216081908425398,0.004692866795878,0,0,0.0039412152067599,0.0106713792217083,0.00145699492282442,0.000321986939862852,0.00303826850265091,0.007848349821005,0.00544642992159421,0.000945290693214344,0.00647448241093361,0.00861021591202166,0.00366984721622921,0,0.00467030100305358,0.003624885265075,0.00670164951692016,0.00261325634038219,0.00297688030339596,0.00754144399282929,0,0.00158502853598075,0.0163978637921979,0.00353757070168305,0,0.00599671211269922,0,0,0.0063224424011123,0.00188565891815471,0.000922909370338394,0.00342434694753563,0.0035759106264026,0.0122047251428854,0.00663423217724336,0,0,0.00443961174223513,0.000527981802089169,0.00264632710573357,0.013978318478766,0.00279060607895994,0.00332863852090227,0.00956682790115477,0.00828960081077238,0.0101054594004828,0.00426834878639364,0.00410585859370195,0.00799488396158709,0,0,0.00242332838410684,0,0,0.00585091254885944,0.00410024871354686,0.00876707126324782,0.0104126778270948,0.0043545494234456,0,0.00753336676707833,0.00617323774919798,0,0.00974304923820803,0.0029025170202784,0.00252978023458671,0,0.00481956289671947,0.00330433962804302,0,0.00214829203624893,0.0130432512143607,0.00921597296806778,0,0,0.00704295274639123,0.00269927412189521,0.000355165939418635,0.00591005174013794,0.00109496643140574,0.00529814354622951,0,0,0.00535839007627305,0.00847436789017477,0.00725288107178598,0.00712044628966621
1577.62131304863,0,0.0095837890074855,0.0042551942680286,0,0.00272458333390544,0.00300795625468324,0.0126065014291086,0.013069666468898,0.0182665966923904,0.00134713758103373,0.0170377258103949,0.0161465897212156,0.00128297227903519,0.0092185819054912,0.00946520670734645,0.00321858338249268,0.00366927714480021,0.00941942280687208,0,0.00210452539512828,0.00947190026124842,0.00399585945831289,0.0102952769522569,0.00268640652470868,0.00380972784265522,0.00111296426591852,0.00264686711421545,0.00517979185859526,0,0.00857066024389552,0.00336672537617953,0.00225248819254217,0.0127414981255022,0,0.0156255888651983,0.00276891417504217,0.00483499265312492,0.0135923575488862,0.0114354067784513,0,0.00971711799236097,0.0158070683891632,0.00298891151248339,0.016512121831073,0.00554906916394083,0.00706590661638076,0,0.00856006599073799,0.00499827893806565,0,0.0114644033074268,0.0029135864452957,0.0135239765041292,0.00481341249725923,0.0073666415949386,0.00136486822522297,0.00462583319144,0.00126678547985039,0,0.00667891121560829,0.00461897187225563,0.00490309247891574,0.00544256355479415,0.00665146192341136,0.0059298855853541,0.00328001151711199,0.0038596983250748,0.00645253482889874,0,0,0.00271927820496332,0.012820320738019,0.00931661688317507,0.00894247215291056,0.0163305289415284,0.00457255112501144,0,0.00705778760179562,0.00449680816992951,0.00401971324061914,0.0107784672992817,0.00369098834201501,0.00579966982672858,0.00681008271115534,0.00647244677004824,0.0114509239728695,0.00154230162091889,0.0103621978505439,0.000946956465249327,0.00937897466735592,0.0137344399825209,0.0107681897859124,0.00125761537680075,0.00515715251994143,0.0040439487583396,0.0203852099971387,0.00434097213460598,0.0213782080365371,0.00426451528619841,0.010206176665841,0.0119539533211367,0.000918340324536128,0.0133232086082292,0.00760903135455593,0.00908711094839007,0.00790012436225026,0.0102288278840257,0.00658695988919066,0.00966067563345718,0.00494421976328349,0,0.011357728843588,0.00732322897234951,0.0115214863416555,0.00502083830243961
1580.31790386938,0.00364529427603486,0.00570557159439679,0,0.000452588509875517,7.38467647895139e-06,0,0.00546917438251489,0,0.00297250214210853,0.000779892244668102,0.00534375937387298,0.00237128332841801,0.00604859284676261,0.00539004034756826,0.0071927878872541,0,0,0,0.000370382581959872,0.0102871765152039,0.00509222443180916,0,0.0049379342047024,0.00153818040346842,0,0.00722634674248803,0.00480547607182242,0.0045913612953415,0.00487441632437245,0.005820829639155,0.00072641110443228,0.00686153186499938,0,0.000821072329194306,0.0045358835557329,0.00160989515165998,0,0.00253374222337776,0,0,0,0.00544037467209619,0.00962474028622308,0.00573689686150425,0,0.0036343923701348,0.00120661378728266,0.000834094907773502,0.00170376329352242,0,0.00330388332214192,0.000637522993158382,0.00232815042089582,0,0.00283237078465223,0,0.00239252053009441,0.00727835941982606,0.014540790852647,0,0.00239357986244146,0,0.00815680518471004,0,0.00259066261713339,0,0,0.00973150036563656,0,0.00767354472977743,0.00548194842237498,3.07447107145174e-05,0,0,0.0102417381010902,0.0022837482908401,0.00234908904503526,0,0.000611311441228877,0,0.00245732358726898,0.00906130082853412,0.00522899465751966,0.00618562950930368,0.00198406377361313,0,0.0135360429897667,0.00254800373326811,0,0.00767740992835612,0,0.00307625585830004,0.00989297289540365,0.00150425880463011,0.00122610756651945,0.0063213312040159,0,0,0.0036453025527074,0,0.00414293512510495,0.00413714910039229,0,0.00920785472254448,0.0106975415374699,0,0,0.000990891654822495,0.00625388811182467,0,0,0.00472996985963755,0,0,0
1583.01266165629,0,0.00350484825862671,0.00212218749956802,0.00371900284414326,0.00651273533955511,0.00742624569149509,0.00548633740863457,7.39985808409077e-05,0.00188953083033986,0.00898469030173212,0.00646724193481723,0.00292962758981316,0.00126132708727262,0.000501535207680844,0.00550507075112029,0,0,0.0170922690659451,0.00641788229193535,0.00645869676711877,0.00457459177402142,0.0135889912937154,0.0060371807784937,0.00206180425885666,0.00707274790080941,0.0161576558674954,0.00863679744455267,0.00732861547253602,0.00101362267057214,0.00688545621759859,0.0137832859354941,0.00799518716717854,0.00154167476666768,0.00411822824985036,0.0050458915787083,0,0.00256787671397318,0.0119201557231574,0.00475650352696406,0.00956657156187955,0.0185582964024335,0.0103344929058446,0.00854731049814511,0,0.00385880053416517,0.00531307786533251,0.0116254572275027,0.00299887253872922,0,0.00196810972280616,0.00113015347189373,0.0101299928860212,0.00397911556282241,0,0,0.00668604479076743,0,0.00395681590483416,0.00684234707589994,0.00105632944807507,0.00678005675043883,0,0,0.00151639217140191,0.00257287031020743,0,0.00780563235034687,0.00254423737145566,0.00714091593753699,0,0,0.0022263951011151,0.00481730981773238,0.00613852987998226,0.000322755688419886,0,0.00506384235192583,0.00422229276768687,0,0.00784484553879102,0.0172782890522124,0.00362858634550591,0.00522788513020875,0.000547308336700979,0.00806070800319395,0.00588343477923186,0.0124157970458438,0.0124970053996266,0.00518300892368118,0.00216469460061615,0.00304035081740863,0.00360473649964956,0.00991777094352905,0.00680949186384587,0.00285255734865296,0,0.00815127846111287,0.0117901023453695,0.00691568416071036,0.0084630070632471,0.00860219656187433,0.000289621013048812,0.0100362903685488,0.0138541883123697,0.00272789039241038,0.00503999791351623,0.00738284641021596,0.00375516060580517,0,0.00763491191120853,0.00300193086932732,0.000878669990907465,0.0111297329044804,0.00382610388862221,0.0110001400910068
1585.7055881213,0.00142410412092868,0.00408334078936992,0.00272062950402517,0.00215731057060587,0.00492706303647297,0.0135571682013448,0.0159483925639947,0.00856991567133647,0.00956171393817972,0.00573426409183548,0.00608129057285034,0.00811190716292814,0.0108646830166427,0,0,0,0.00471325091326404,0,0,0,0.00627498992416474,0.00999748894736457,0.00180196086668473,0.00865051345857626,0.0059951567387037,0,0.0020577458043241,0,0.000484316513726727,0.00310157581887793,0.00753419526221938,0.0156557122139063,0.00108395715398995,0,0.00723422046202344,0.00270580693132804,0,0.00808695034084994,0.0109046480036173,0,0.00026806406303378,0,0.0058373610652869,0.00794920199588361,0.00169492254728704,0.00136777054261042,0.00173500713741451,0,0.00447318784396341,0.00470814463634231,0.000607505376246963,7.6748564928903e-05,0.0101151283786261,0.00641353885269857,0.00334991412984079,0.00967468233088066,0.00531546515585614,0,0,0.00327658347615178,0,0.00926443474186745,0.00589863728664089,0.00946250538403115,0,0.00901316544881475,0.0112149729229762,0.0069778681896463,0.00324088550038553,0,0.00606379099143489,0.000568908502862946,0.00481561203347934,0.00449788189500076,0,0.00223072408319413,0.00945366209325269,0.00147364095839853,0.0114713172805375,0,0.00845637819487206,0.00904805643419937,0.00144110389507648,0.00501287574076398,0.00917028336357426,0.00313790920255221,0.0124155039373606,0,0.0127553783241727,0.00928099659863459,0.00476067804894075,0.00525102591275282,0.011047517470435,0.0137166107421355,0.00395212474494194,0.00288807014850123,0.000952470613409137,0.00174201618248573,0,0.0101080294453144,0,0.0019217407066323,0.00734200619121522,0.001905701433377,0.00705785916572379,0.00555849116927144,0.00297030921700067,0,7.21157120995691e-05,0.00538262053230719,0.00465182734662745,0.00750568418766914,0.0144424569480577,0.00110319333047012,0.005258772746441
1588.39668497415,0.00973077442498334,0.00633963118306465,0.00714041573933589,0.00385653489711263,0.000661055827913568,0.0058433299247013,0.00230790754489082,0.00129085899267541,0.00689277969534702,0.00742937585102983,0.0108378972720094,0.0107636336954195,0,0.0119423687023924,0.00500351305434749,0,0.0041954935124107,0.0111353307703081,0.0180389367156857,0.00763112906893204,0.0118377411202038,0.0159106369692428,0.0099192369336797,0.003732105779529,0.00494251621689967,0.0151073447955692,0.00703799406937254,0.00517722594058665,0.00604175647794011,0.00475678084074768,0.0164601469484316,0.0123395731782676,0.0156944892033062,0.00531709262650553,0.00338426500902159,0.00718714488446742,0.0116076916301676,0.00262380057647238,0.00262577650981122,0.00848791869279904,0.0097461815727513,0.0125808110513701,0.00702285039332032,0.0155535379906139,0.0120253962551858,0.00253297182374331,0.0111053059824575,0.010692774410018,0,0.00582624983349501,0.00823987686232676,0.00458827526019192,0.00958714688408591,0.0031093047069065,0.0111991572690582,0.00636393849612176,0,0.00124240727620131,0.00743930500271341,0,0.00355311346426279,0.00539810792649312,0.00258981462724407,0.00950929998072314,0.00755761519938195,0.00739386777684913,0.018004272430743,0.0103325352378481,0,0,0.00109434365778497,0.0138969519945653,0,0.00399166642667055,0.0125074944225239,0.011696196664258,0.00781780624515447,0.0135269774353422,0.00274854419932396,0.0101027237135804,0.0134198493291404,0.0025820418238132,0.015645743865733,0.00614461456371547,0.00697711216346004,0.00262372600792209,0.00477605842763675,0.0114080754693151,0.00626760473520067,0.00765444147669444,0.00988086788795057,0.0123861999498409,0,0.010140264398576,0.00121074508178716,9.05227624701303e-05,0.00652203511529219,0.0095450702283632,0.0035949782444379,0.0156342527989452,0.00479798542592572,0.0128519550365533,0.00902937979986106,0.0131511639577852,0.00554358391066331,0.00555567222146766,0,0.0110274261156464,0.0123289958805683,0.00818979273450903,0.0068805802200313,0.0174595886517259,0.0112001247679443,0.00384132019853789,0
1591.08595392242,0.00371836839154696,0.0091723014845733,0.0202618166110242,0.00665979502820628,0.0153570160959188,0.0159092844511366,0.0133703602859576,0.0154826891708287,0.0124336938901236,0.0168036125807734,0.0115269779816824,0.0231500424646995,0.0200363893754515,0.00929644592180042,0.0123453689232579,0.00335051163400609,0.00974753587170885,0.0145103360011092,0.0115088620857358,0.00770844670547166,0.0174266101507021,0.0102637120029825,0.0105584938283188,0.0109195744710696,0.0138014013969634,0.00456751597021534,0.00545283859825523,0.0162421079634302,0.0176860954504175,0.0140169967322033,0.0154842949479821,0.0115497654046911,0.0163631758148537,0.0163521823742202,0.00782728804221731,0.0150329735717361,0.00832343808832604,0.0170542556497037,0.0171629735023202,0.00798638992765921,0.0103724506284852,0.0034037273962155,0.0132094938192,0.0113397090085609,0.00936877725440622,0.00880883620240714,0.010608668049253,0.00142366751099715,0.00789141614294254,0.00532257612362143,0.017523631149679,0.0074483409661923,0.00295278346503504,0.0114957661084151,0.0101233075713639,0.00308057041983814,0.0134052374744259,0.0156116655304363,0.00585524017333068,0.0133421021410436,0.0118580487084209,0.00878076726260243,0.0137216415487932,0.0112814963256222,0.000473732514288054,0.00976244369304474,0.0102869344323407,0.00874316933406119,0.01669153333549,0.012183850092683,0.00897988929062261,0.0117366086563027,0.00212728404604997,0.00406574591648698,0.00707185593537606,0.0122896097071693,0.00125655198894604,0.013017816632935,0.0153364418977258,0.0162787191176316,0.00244653138661448,0.0156305324266557,0.0195319314238188,0.0117814352016841,0.0125758107951741,0.0148179187267923,0.00318394693535315,0.00535921220953923,0.0176820082878331,0.00934119238465002,0.00996726281552412,0.0151758240595428,0.0230993673201107,0.0234043485124896,0.00401885254384587,0.0180208138238296,0.0121171224351098,0.0212731396178449,0.0218474903202327,0.000805954118116058,0.0121186140108766,0.0107160956784002,0.0112870589370652,0.0118313369430659,0.011526405404265,0.0159549713222241,0.00743032696072113,0.00831209386381133,0.013476810926648,0.00822600989557504,0.013009198926549,0.00323446343020562,0.00414492848153929,0.0131277847562299,0.0113978278922037
1593.77339667152,0.0054557421811046,0.00707365398209885,0.010093110165326,0.0116457588374506,0.00789500352440833,0.00269894576402948,0.0189753142911085,0.000920296160159835,0.0103618574550986,0.00488271399648617,0.0173589240991545,0.0074539232036869,0.0153484393658873,0.0207715957869528,0.00852133351184324,0.00180011027277834,0.0125775199816846,0.00912377706561322,0.00335407077620073,0.0187534285848955,0.00824424651716455,0.0172814718204554,0.00747163092353672,0.00989503759912023,0.013348354321065,0.0102506327963182,0.00169633521820644,0.0097290554938485,0.0177848046678133,0.0103074807705134,0.0077414084697144,0.0157869673832422,0.0122230273526163,0.00990246991036429,0.000720357220116115,0.0101041685510945,2.33543445972767e-05,0.00833167480602974,0.00782375677310055,0.00198809471025176,0.00492129265406551,0.00894392899825867,0.00891959497212603,0.00984330614950165,0.0105322204739452,0.0032465493896286,0,0.0141039782058159,0.00636341822828987,0.00813886773498765,0.00840557241758417,0,0.010838199761098,0.00379910524269988,0.00683561207306922,0,0.00624104960532356,0,0.00978582299165384,0.00343231620269648,0.0141507932079631,0.00385484766798052,0.00658300733381487,0,0.0131937817851693,0.00932889550297734,0.00371402881588518,0.0149099300070226,0.00506794790352013,0.00670301936632469,0,0.00516951026059418,0.00386041536289369,0.00250310980870049,0.0159828139100925,0.00234279566699027,0.0172732321665394,0.00596652868951014,0.00448113125609885,0.011351058789361,0,0.00596630149768567,0.0114665463632907,0,0.00433232822411195,0.000570192442402018,0.0081867724878419,0.00266217518967593,0.00907751654412611,0.00940939331133054,0.00445776479908966,0.00761002403552138,0.00541544673415882,0.0109470276329537,0.00851001300652595,0.00856041808870082,0.00499488252950954,0.0018321547641496,0.00534507233359379,0.00142628002051784,0.00777789216937405,0.00751467665906289,0.0097591907968857,0.0150705875807723,0.0164681155396593,0,0.00969857763031668,0.00228876263658339,0,0.00325411818112972,0.00532658462389551,0.0060895746580079,0.00205154565000361,0.00395828093909654,0.00839485102267031
1596.4590149247,0.00115010883818295,0.0127118948458167,0.0075418552660593,0.00641164139374294,0.0101973433135746,0,0.00651031350973778,0,0,0.00665480101820438,0,0.00864741433437924,0.00536494364428359,0.00245310539948589,0.00136569443011842,0.00688950007658125,4.70842313750278e-05,0.0070579070806911,0.00732918711234735,0.0101286412334817,0.010049425599721,0.021692033769108,0.0145938630457013,0,0.00248503228572059,0.00758210962617822,0,0.00874288834437691,0.00468497301166887,0.00445727021025897,0.00942718921706996,0.00704754015229808,0.0113326006897955,0.00293166394206554,0.00190670198262297,0.00241836113271372,0,0.00460219167228083,0.0051808351640896,0.00429859269650712,0,0,0.0146061828046638,0.00621933400173142,0.00684128886907204,0,0.00419678618840076,0.00488635110384609,0.00595359491250734,0.00823555018478257,0,0.00821470738347346,0.00592802253485045,0.00890440434396461,0.00413334650929288,0.0104000994675309,0.00191575922169382,0.0108480522724665,0.012644691797798,0.00520037371716454,0.00110022525989849,0.0172908761002876,0.0111131841490458,0.003018220129875,0.0127541243090097,0.00382999980958755,0.00108051959975554,0.0133720880052982,0.00851491872892051,0.014594026772536,0.009769187223063,0.00195284450938021,0.0061721306374162,0.00152107569544726,0.0150056157025742,0.00521239303428952,0.00581220202873803,0.00824475240264862,0.00292961360170858,0.0103449440785559,0.0169033682388893,0.00553071594728621,0.00614917643281735,0.0192136842254801,0.00110740537478983,0.00950802812009364,0.00281362895814341,0.00498003757548377,0.0162085718773,0,0.00797113963215505,0.0153681413131713,0.00179089036729428,0.00587222091618626,0.00916068360993247,0.000804502546462564,0.00011464096502944,0.00748443196901546,0,0.00427581393942546,0.000680998904775806,0.00652067345121764,0.00226792535503169,0.0193434939301146,0.00916226806322549,0.00952095437952371,0.0119925235798729,0.00462653220975389,0.00137448436555344,0.00669810389941537,0,0.00622070397695702,0.00327490479197972,0.00296813959156351,0.00329280557292152
1599.14281038303,0.00293940746209665,0.00460656249143238,0.0180305569848729,0.0200775323471511,0.00711467836859379,0.0102002260288423,0.00284585989247729,0.00855715632620268,0.0101155398469569,0.00298598018747607,0.0214264327246754,0.0159987097958786,0.0113690366815943,0.0215688096086444,0.00430854895520313,0.00704454952024852,0.00677491253107202,0.0154523002589885,0.0212336491914985,0.00918922298644357,0.0255825812838639,0.0182293306063198,0.0126306388210963,0.00517597638335382,0.00867387866303554,0.00996650369756609,0.00744245897325712,0.00558220156671142,0.0136521140756423,0.0110855128481343,0.00852572428924846,0.0163381644191327,0.0179898646531847,0.004195300271883,0.00863048747260891,0.00588886837898315,0.00198926830230316,0.0086253682575654,0.0197957881394188,0.00332148871892674,0.00907853284625836,0.0113959683770476,0.0175554629466329,0.0101582365176948,0.00480206822654207,0.0114098057744916,0.00927348034962719,0,0,0.0116524995910562,0.0113841242830453,0.0145091033984417,0.00661857463327348,0.0129248311140948,0.0143240020338862,0.00835015296291654,0.00661636589339327,0.0148353442413513,0.0089432372463244,0.00532991101077102,0.0116782813366732,0.00686091326540668,0.00846176549343349,0.00940143498978011,0.01234042787877,0.00231946831965207,0.00238656534864739,0.00854718872583986,0.013659720561421,0.00416087870228092,0.00992445449898509,0,0,0.0105427442257349,0.00964834689052142,0.00588367087958439,0.00647819589443735,0.00507573485762221,0.00413266878517232,0.00380031357484985,0.0170148091788431,0.0170308060950711,0.00847978401812045,0.0232490632985509,0.0106673185384313,0.0146122563862401,0.0111526169279545,0.00178112090534989,0.00928007798226048,0.0112667508600669,0.00926245895390433,0.0155029625371808,0.0122258484755163,0.0102819052220576,0.0125994511087792,0.0165744777826755,0.00855741720483456,0.0109346189604066,0.0121671760953017,0.015964490850233,0.0103078264061462,0.015370830525608,0.00895993454260628,0.00752599235747364,0.0130895073622881,0.0036112170940971,0.0115603964118492,0.00143395180757832,0.0115070766425967,0.000100346747644974,0.00941067584743902,0.0140803139569172,0.00946038170682353,0.00309103367509199,0.015759612523904
1601.82478474544,0.0157892490341335,0.00533999224052899,0.0144476104506636,0.0186703221255893,0.0181250958644823,0.0114936598993366,0.0184012219930597,0.0104408853918537,0.0135782011081205,0.00918363895052378,0.0217090220275823,0.0157097315679784,0.00994958254170582,0.0249872971893425,0.0235054416430783,0.018800101413893,0.0179246417695234,0.0266184963471915,0.0269117073379509,0.0192179236072647,0.0109994079415208,0.025325279675989,0.0214127769769521,0.00807137879653566,0.0176346493117812,0.010143250516582,0.0174946273541435,0.0156502580271654,0.012176125586239,0.016114800217848,0.0128737183010337,0.0211542536745137,0.0230621171558226,0.0153351664980439,0.0120727154631821,0.00604614674504832,0.0167373009805977,0.0121231282147669,0.0133141039526828,0.0156234244928869,0.0286746049770875,0.0268086055050137,0.01776758988383,0.0184300673863517,0.0201373900372165,0.0223108302629568,0.0127275690773762,0.0166743091327981,0.00903509354919177,0.0128992073781587,0.0234810356313665,0.0157975420030734,0.0134674681713619,0.0153050589060147,0.00887708488887078,0.0143802753839235,0.0192181501523836,0.0243533392166059,0.00746363147608879,0.0154730308482607,0.0305159591872305,0.00812561115429985,0.0202516009168307,0.0220398992631531,0.0245889643343387,0.0240362545116472,0.0221653131489365,0.017552785646107,0.0171592865377134,0.0104363105771406,0.0246086842862565,0.0116662313964572,0.00811247433443524,0.0079509193319429,0.0142317853462304,0.0110300634143607,0.0154209173381456,0.00959465086328152,0.019551844900594,0.0189849984931973,0.00834543382498533,0.0106910070803119,0.0217250616940458,0.0200319985202061,0.0208083120208103,0.00926605282591798,0.0271819001462736,0.020780923981092,0.00779452522754508,0.0218242166987305,0.00664511619248712,0.0162101239913667,0.0178295036700994,0.0168198396676975,0.00777907734821181,0.0189422101660892,0.00816162320576771,0.0166392769843101,0.0161694357832947,0.0183155567648516,0.00883033344225127,0.0106100376226005,0.017311858017111,0.0254506935470025,0.014908797288151,0.00701186049211119,0.0106038818838224,0.0210500459189303,0.0194387998801566,0.0192578899991545,0.0217311585704995,0.0208666161960392,0.0129304195954887,0.0146550398209967,0.0330379622247492
1604.50493970872,0.0104587541355573,0.006650561643393,0.00275775661678103,0.0221427127162408,0.00643708614828511,0.00782027617691683,0.00491960882254228,0.00896581741274196,0.0192497424816356,0.0186876856129286,0.028670131024369,0.0185125787327735,0.00270295407953924,0.00132338179454168,0.0164283635901354,0.0129450197897466,0.0115164004498179,0.00815464148204174,0.00290653859619431,0.00355921339078153,0.0106925768782053,0.0150690731389919,0,0.0109924061717307,0,0.0176072897141993,0.00615272238427795,0.010891540892267,0,0.00438483467521375,0.0146347569455566,0.0249966969482816,0.00882102656010231,0.00734920987071968,0.0133359278347568,0.0112382466078941,0,0.0156475062746354,0.00685879191705798,0.00917599723671845,0.0072380696397196,0.00905549702889609,0.0191121809349444,0.0121927411164617,0,0,0.00796422154372829,0.00808312967473004,0.0103426929354252,0.0213099455601321,0.011214929877254,0.00816587761705069,0,0.0154897611069968,0.0040160579474883,0.0158374554834844,0.00147535325609274,0.0135299587237547,0.0147925414619603,0.01620996672888,0.01370153408016,0,0.0121082948575132,0.00922934121273264,0.00719635254838708,0.00390814396851265,0.00843354104612264,0.00725857297755695,0.013441736685729,0.0206308027992656,0.00194799872299601,0.00797436919277538,0.0033219566049226,0.0092659030590399,0.0122322849279431,0.0178711895689926,0.0128382238234684,0.0146868456714682,0.0104368524962574,0.0136064270352978,0.0173152319978776,0.00924928354898483,0.012130899824245,0.00508335363607212,0.0132246729301836,0.0166289903756837,0.0142222453614418,0.00322306516482856,0.0101268665798806,0.00993970700794384,0.0147378769180166,0.0153043120693517,0.0115853611447134,0.0112988471636097,0.0101660614500472,0.0101459290449724,3.54968881623087e-05,0.00231651429320662,0.00584408236682538,0.0102275319452037,0.00348400645113599,0.00642069334479041,0.00663282581796875,0.0126793417923503,0.0098174624658535,0.0153537200904504,0.0168285035076152,0.0173548417734603,0.00345754436913933,0.0121535264471823,0.00419018979898793,0.0144770924028627,0,0.0126558529455562,0.0173871625294325
1607.18327696747,0.0239131539284183,0.00908920759862614,0.0209176098291529,0.0116208216265975,0.019663534737076,0.014715020596055,0.0123032457532267,0.0176760014730757,0.0123987891916919,0.0254847148522554,0.0157025596721113,0.0198079896480866,0.0263424501093043,0.0156362619352311,0.0155331693668094,0.0142814934243972,0.00568385757068139,0.0199222138513903,0.0157899388812153,0.0202058138230159,0.00986473762661281,0.0232711500289328,0.0165454209229311,0.0188814298431407,0.0191564923204509,0.0195128886722724,0.0206513662019434,0.011660313534771,0.0142627730844165,0.0110896535998564,0.0158987345588293,0.0163632241321623,0.0166332135405808,0.0218256528125891,0.0234442074444302,0.0175696315278483,0.0227846315210716,0.0158873634237851,0.0187735364653308,0.00772466252999158,0.00913212111782311,0.0152706798727123,0.013850465216093,0.0172871903577048,0.01022262993413,0.0136851235602528,0.00927271577150959,0.0170573730522758,0.0220512074983997,0.0176675563922643,0.0125247195844456,0.0156592516422027,0.0116358474256519,0.0145900494313478,0.0148455340305993,0.0184733057820825,0.0175062927876551,0.0236508237385205,0.0155615864713085,0.0225219506100506,0.0221628827570857,0.0212917582123379,0.0239508270035158,0.0179604188449283,0.0205963614488199,0.0177587665451468,0.0277077771204472,0.0234951665841041,0.0147656950080927,0.0208426891100466,0.0178013477687426,0.00929576911115402,0.0167884534915753,0.017813595156249,0.0234785565161414,0.0214022406242473,0.0179824934131227,0.0219943476706618,0.0177214052005798,0.00825463259632948,0.0186053401960142,0.0181195487192301,0.0167182512610564,0.0114380446751683,0.0106602048610021,0.0107847285367309,0.0204497079924539,0.0111900730124857,0.0135685920171909,0.0101374107364443,0.0144242538274801,0.0258984553448601,0.0199409308636243,0.0210428223928006,0.00705605697913076,0.0276735931423961,0.0129894484732702,0.0108594174719002,0.0170760277574936,0.00767421181905335,0.0193143771522315,0.00662124386363778,0.0166715306898399,0.0321687639599768,0.01542602371487,0.0127981849172435,0.0247305743145174,0.0186873650609878,0.0197926451660669,0.0162622802177151,0.0132425247750148,0.0202174858102306,0.00843434048038346,0.017205901920975,0.0256844234766479
1609.85979821418,0.00760145264995421,0.024222566468875,0.0163305133252589,0.0124499318920819,0.0231771474259808,0.0149788114180004,0.02464943151245,0.0100481392678252,0.00666579804797402,0.0208278856862809,0.0196474127827456,0.0160187934149193,0.0154230373161309,0.00395135285391927,0.0141050383975982,0.0172981103450676,0.014714176866754,0.0135929525009362,0.00944381789218294,0.0177305033333819,0.0145446581416629,0.0378193591721772,0.0130795457126005,0.0119697038096007,0.0056761577619772,0.0169772348937507,0.0247410003949252,0.0168565047700226,0.00900937383195025,0.011322959526286,0.0103965487758176,0.0142579889646713,0.0223236247882424,0.0149877332995432,0.00822350700243305,0.0105707575692992,0.0112831560993129,0.00842779705924585,0.0112596914960849,0.00132967458667402,0.0121627595659664,0.0122622394764139,0.018013228458257,0.0191781267085178,0.0158760498637418,0.0150624302739878,0.00840947567493659,0.017288686660752,0.0103083299510605,0.0118553782567297,0.0122350503265967,0.00975934599355858,0.00908769495533689,0.0181608708751028,0.0133944445744395,0.00503365929342932,0.0189412911494791,0.0161829785600047,0.0125153002571745,0.0144343604355668,0.0169283681009894,0.0193026935349099,0.0175238041695332,0.0148304095645837,0.0147940597647568,0.00277929585088795,0.0168255769704911,0.0104931152155073,0.0133304687185276,0.00662354096519547,0.00802357990433401,0.0078735477033879,0.00763217025623075,0.0208454554648701,0.00776284245779526,0.0171745145505588,0.00995145617165212,0.0134566471069757,0.0124792687091386,0.0107205332939959,0.00616136195064534,0.0129400039199956,0.00935493670247173,0.0122204849108311,0.00423949007361497,0.00772444850095002,0.0130172304953761,0.00200046824462781,0.0116190695935506,0.0141974678498362,0.00964018262207647,0.0201280476629563,0.0105118444814026,0.0103208677134677,0.0106013454347709,0.00885916954622742,0.00491632578491495,0.00661686964020957,0.0106682231997175,0.0106557469348082,0.0184752531913402,0.0101208954897602,0.022381099139577,0.0229770498223123,0.0242635683363573,0.00917635680327875,0.0139460438528651,0.0144901490941178,0.0111016192365684,0.0203977739501527,0.0112519111589205,0.00563078448550827,0.00924305321607975,0.0152595335254898,0.0127471980105608
1612.53450513917,0.022212737798365,0.0217576168768003,0.0280375527190137,0.0235516788215941,0.0213065043820872,0.0208177103542294,0.0320875823453315,0.0221994334021286,0.0293315282964529,0.0167444647442188,0.0348763654692631,0.0260538148404158,0.0178315835258714,0.026448423130718,0.0244549064377995,0.0247508043822841,0.0204739919872259,0.0133312129140806,0.0179794175851208,0.0262239182046215,0.032405274380306,0.0265899171661727,0.0294710267641404,0.0308934357631303,0.0229798827191404,0.0278730204620201,0.02226644221081,0.0215292656179667,0.0236196240436268,0.0175381223747335,0.0252950842834269,0.0221818803571838,0.0167595580515037,0.0169322340683733,0.0117697113777787,0.0381030714592217,0.0149347005549149,0.011481064030053,0.0254513934998323,0.0258852485781923,0.0246529445081183,0.0201632195044612,0.024414480280084,0.018942400499578,0.0210132717917494,0.0232465330461546,0.0163662881513839,0.0180948167907491,0.0198868230245472,0.0274833974274539,0.0228116653193326,0.031846060519691,0.0182730906497721,0.0262023784684299,0.0276341657640815,0.031307698908437,0.0265907877013387,0.0280082603052934,0.0259622552024782,0.0235740731640393,0.0237963664532047,0.0206744098899647,0.0188855019333756,0.0236177977350508,0.0287967519368156,0.0268715056358931,0.0260935978136031,0.0267830435215624,0.0303099338115811,0.0152303841598582,0.0272778039359122,0.0153434099113966,0.0189429364600871,0.0250131298952019,0.0328328695845721,0.0179786210551798,0.0322002919590256,0.0142493592383027,0.0225454161853169,0.0260126320714376,0.0251173393172641,0.0202382495022893,0.0161734367876143,0.0242281645750043,0.0244724540795821,0.0162709386800289,0.0192976351175741,0.0211075692255274,0.0189052035282096,0.0254080319880839,0.0161289371269477,0.0285897234091952,0.0200007094274622,0.0290515116279022,0.0252210360766475,0.0202856308160584,0.0295584966968641,0.0163274749590376,0.0219535074307945,0.0202739192802397,0.038256575661905,0.0218290374112754,0.0123271705919775,0.0299295046778069,0.0261909451449172,0.0263349474270692,0.0263042315781825,0.0308795632733284,0.0347272521635984,0.01784824182156,0.0286597076083383,0.0152769809858698,0.0166598689382046,0.0144269492444527,0.023226785055408
1615.20739943063,0.000989334937152537,0.00720236116718427,0.0197091249544436,0.00825666278403243,0.00214857222016554,0.0178067055227626,0.00610238476790973,0.00559776124045102,0.0203787981133005,0.0203415347939373,0.0158500622664949,0.0105627081604526,0.00643243034714678,0.0110205061247949,0.0118888999652091,0.00301918938322119,0.00482993606145358,0.0108993479497228,0.00563526593744306,0.0161428245797636,0.0234386708861792,0.0138075827585852,0.00354819546359895,0.00810905225613481,0.0161432268333725,0.00919460479679541,0.0121293675237397,0.0190774133691268,0.00739972041601383,0.00537028921873357,0.016187315479323,0.0196307329890681,0.00423898296999011,0.0172622908960799,0.0142398881131381,0.0200268766933941,0.015252290865038,0.00573144956650977,0.011320973068938,0.0101556170369747,0.00998247803696455,0.0117671605423317,0.00486257613930177,0.00635152087267921,0.00991175902500119,0.0139440640644478,0.00731295976619155,0.0145430701936195,0.00492221729358122,0.01458676329518,0.00469000763951373,0.0097845873130422,0.0157788796473436,0.0103852745893812,0.00497895175496843,0.0138996409196136,0.00614610356972513,0.00462999919142043,0.00979700271148936,0.0127659676222643,0.0175177017806932,0.0142944044575696,0.0158386515613642,0.00639065675982932,0.00821433407815647,0.00572439304811853,0.0102361502998713,0.00334331818395359,0.00552629257351017,0.0105186444847126,0.0103032966409294,0.00621810599565874,0.00652636685199026,0.00592796678152072,0.011663450216077,0.00824372248612487,0.00882036252251641,0.0101430238601352,0.00316596999345726,0.00738649116535658,0.00777258341667419,0.0113214741953058,0.0143081141793826,0,0.0125585953944951,0.0132649333337339,0.0135607603409644,0.0103093035139086,0.00400670444416522,0.00595721061938516,0.00577796338827376,0.0163162211179411,0.01224496400904,0.00734917744794791,0.0139065222449139,0.0160725305552086,0.00436363195093874,0.010467678391655,0.00676617243911821,0.0100897456774521,0.0140970768227303,0.0101084927363617,0.0104679221710956,0.0172668885180913,0.00840076614611845,0.0102038585182363,0.0051157580509049,0.00117605984221539,0.00604755175299239,0.0125291212034639,0.012885793760037,0.0150487004644508,0.00436136605278088,0.0130775734503989,0.0241665471904437
1617.87848277462,0.012344374618435,0.0169087575153178,0.0255061996508753,0.032354524253773,0.0235962572057411,0.018706672804402,0.0256599075516946,0.0127258606676517,0.0218198954569396,0.00756501982388481,0.0301104003690261,0.0155397016292841,0.0280482943720723,0.0194738478732171,0.0166970076161373,0.0193444917921865,0.0100936996226621,0.0288141532078489,0.0125745714963509,0.0148423606001292,0.0144997352477181,0.0315964408117171,0.0301768242718632,0.0166517811217967,0.0175718467989948,0.0179108558583049,0.0239887811879925,0.0194030998863379,0.00994172837292817,0.0251739414359937,0.0259132466060142,0.0196074366888501,0.0153839813145062,0.0274694973874719,0.0167365791877487,0.0259081631792019,0.00495327344891811,0.0248439040566157,0.0205639953317022,0.0137803024286426,0.0191980609882562,0.0121042961893193,0.0135301464751421,0.0147833132086674,0.0216072879976557,0.00749394114248001,0.0290632581905256,0.0274611637020346,0.0167393621099558,0.0247778259549603,0.01477836709704,0.0157100430964319,0.0138693279315143,0.0168145032992867,0.0147975875455558,0.021826992249389,0.0206006762980448,0.0154079325043073,0.0194561918243786,0.0175209037723417,0.00907049391308264,0.0234994073463037,0.0172542546597745,0.0146688469047936,0.027764883291939,0.0236492880298806,0.0184419682215214,0.0158219636846266,0.0203313694205791,0.0202921108102106,0.0273811552577851,0.0237155560591519,0.0145771537181833,0.0212363854921878,0.0142054852144998,0.0168875243173733,0.0234214960810614,0.0142728155063039,0.0187432166210184,0.0182813511309829,0.00916857639684668,0.0289585756345753,0.0179141316488801,0.0175300587113903,0.0095475811274914,0.016903271841487,0.0171574399575047,0.0239279017501308,0.0183882298918373,0.0117412142753599,0.0196319734313859,0.0253778560342857,0.0207087631566172,0.0193033963534829,0.0131143459184869,0.0113270470224259,0.0251814053014092,0.014104931184611,0.0181053995266267,0.00819495745201053,0.0194633576186418,0.0191425711025206,0.0211595094221322,0.0222597045794107,0.0242579360525484,0.0110303355584261,0.0197291286612442,0.0153973840343702,0.0169222295924937,0.0167457452697945,0.0203849258711678,0.0258507129732308,0.0244464367669418,0.0204523325031285,0.00971946908610321
1620.54775685504,0.0204163687397914,0.0222361409964332,0.026450699371255,0.0127996663287452,0.0245106297731257,0.0279562775568744,0.020020009787224,0.0176247630986481,0.0243795668138799,0.0172298475024038,0.0193260278973857,0.0205431279165777,0.00872094930779374,0.0225320232682416,0.0215323691026985,0.0257762620954346,0.0192309175895227,0.0231408600886664,0.0189910494908933,0.0217755777676841,0.0340875205552405,0.0146555317822224,0.0134195164173615,0.021926206702111,0.0223226782321474,0.0138087183987873,0.0210458866655131,0.023606698569676,0.0235315027939612,0.0271363369163815,0.0179024114217618,0.0241125646031806,0.017423872147335,0.0278543946720718,0.0170551464784057,0.0340425391847335,0.0310959425665358,0.0147341503875169,0.0220521902760306,0.0240584765463986,0.0184537652717022,0.0217189100031958,0.014486622586576,0.0221655959706292,0.0186908617928482,0.0174554923516191,0.00962211751642128,0.0250598058698343,0.0111118120371844,0.0163277244663616,0.0248938164276202,0.0227816666792263,0.0203490235747685,0.0282703562100294,0.018489940501202,0.0159800950197263,0.0103360291450583,0.0218091074910202,0.0296916708323539,0.0278516471179007,0.0171174375515405,0.014395971693382,0.00982618705566358,0.0207111528007184,0.0176751947690634,0.0201007516323731,0.0227631567737619,0.0161799715252523,0.0195621982540676,0.0289809002409413,0.0149240125579339,0.0240640696920765,0.0209981820946432,0.024378094719612,0.0162242221295307,0.0149926265705407,0.0275982396675673,0.0266388848493567,0.016336568120145,0.0258648563470838,0.019398027901541,0.0184706660367645,0.0150143225249624,0.0128223607238498,0.0143301167759263,0.0172606419878292,0.0240658364276983,0.0303680225215781,0.0203365897761799,0.0230321716283744,0.0222691094006728,0.0142509786874962,0.00976928790432127,0.0202505099265357,0.00185461862721269,0.017239720961715,0.0260807934951249,0.0283534885925307,0.0107013359282232,0.0184454118946257,0.022631426765272,0.0276580480517385,0.0128210526798965,0.0303021563803114,0.0300035108902882,0.023899049031183,0.0129045833357697,0.0207555965120353,0.0261538163681752,0.0232270223452829,0.0196090924253738,0.0174264924984263,0.0198808228375179,0.0202441230301864,0.0261315305540349
1623.21522335369,0.0136194002517539,0.0209815233778296,0.0106136045464501,0.0153817299227184,0.0146308079702715,0.016150528971488,0.016053192444681,0.0135226795771717,0.00896154110272464,0.0138015159823562,0.0116394918291856,0.0127969999954558,0.00272215798014747,0.0131471161933538,0.0135247726761123,0.0145984621735725,0.0185042274558198,0.0120027734424539,0.0188328855466568,0.0238122346245142,0.0186277153411571,0.0224932776872262,0.00955263981490554,0.0124006222764772,0.0117215098236542,0.0114097829033543,0.0192287384087542,0.00473291596753886,0.00408749688078741,0.0107161785083874,0.0140973220901544,0.0206436362636268,0.0151938507301442,0.0217004047606343,0.0201565088014324,0.0199429794761351,0.00684697651374894,0.00851525861129035,0.013006385767366,0.00896173704689727,0.0110788662582466,0.0101397501874074,0.0149183034982616,0.0101946339499293,0.0141745043464498,0.0144506611723555,0.020435323689572,0.00624296177154463,0.00769598701493845,0.0111992476792577,0.0193190187469957,0.0103097406104129,0.0140346507437573,0.00531394858634785,0.0171750125100812,0.00728686247413066,0.00966116034948768,0.0166775259236152,0.0163530387900037,0.0198995920593827,0.0103714770650647,0.0203222174130366,0.0229392906071379,0.0137608746040901,0.0147549865069868,0.0046983429458156,0.0243177967522698,0.0160131514643459,0.0143629958907045,0.0171226189677474,0.00472578330767264,0.00670972536950446,0.0163982658605238,0.0297648141995738,0.0133134674415128,0.00923246361293734,0.0213507421866587,0.0111200636488837,0.00577022987848716,0.0184510119063231,0.0109404228141243,0.0199197609696036,0.0154084612908053,0.0171008678346727,0.0202496778292712,0.0132343675170919,0.0112930559475794,0.0174350651502516,0.015810980536979,0.00695019704323397,0.0260591195554481,0.0146249531561771,0.0145099180868725,0.0143943220250522,0.00443174871792435,0.0103108872152396,0.019804946751593,0.0214615893191807,0.0187826720834122,0.016605388353941,0.0119135969829861,0.000744921372258428,0.0186672368437285,0.014700766182055,0.0133637492498115,0.0105786612668231,0.0171149139939323,0.0128055360205133,0.0142571007874169,0.00736274153326716,0.0149862558635835,0.0106808103478769,0.01808506702107,0.011909520084121,0.0154627202526815
1625.88088395022,0.0752629805427093,0.0715282662637753,0.0712595174020785,0.0702993221405536,0.0707865837403368,0.0648472448568364,0.0653068064361235,0.0698322161900313,0.0754129924962801,0.0776431700033643,0.0597539718047999,0.0561821334343402,0.0739010273601886,0.0693901375644383,0.0766115319997143,0.0778543614354995,0.0782498536672539,0.0722861533368469,0.0781216997535202,0.0783979561821111,0.0706069011974065,0.0724883532069434,0.0684209962421621,0.0715438407884528,0.0692538688459776,0.0648903351995069,0.068518152258683,0.0750045766952966,0.0739365833294425,0.0777051761910182,0.0677867302908876,0.0677131240103576,0.0624167555582621,0.0730314231352044,0.0684829644149679,0.0732104363918638,0.0660981500513505,0.0751726292304263,0.0668008719324203,0.0767246556392097,0.0680948039843226,0.0622515964497778,0.0689978232560395,0.0773885582918781,0.0774550424602053,0.0679703770238752,0.0664492695331162,0.0756967068238973,0.0731049500072538,0.0708879355261623,0.073931651306297,0.0677641411559731,0.0740856447476304,0.0634851511388864,0.0656765572137824,0.0739671122703136,0.0601967897172707,0.0699234029741587,0.0628696349339625,0.0774479734270372,0.0667763381961807,0.0718381061432768,0.0693455712887044,0.0827038162651436,0.0689994964173107,0.0662801662097807,0.0773252743187362,0.0738521325638814,0.0676978842133661,0.0748012102566887,0.0692987065799767,0.0730482134485213,0.0703839644124959,0.0750884938897595,0.0759749190580326,0.0752377181210485,0.0739871811148172,0.069512948918506,0.0743692889227195,0.070052245569438,0.0702108071594984,0.0717437507185618,0.0642838565088169,0.0628405904383521,0.0739031697133327,0.0754056958905134,0.070811430721003,0.0677209214737684,0.074153214700941,0.064327552962055,0.0759825047922928,0.0773119526581623,0.0737922354838136,0.0737225412992625,0.0711115225795719,0.0733495869458205,0.0650826309585716,0.0641748822046107,0.0710573766959389,0.0709761409821487,0.0696814921405779,0.0627707562383734,0.0740907584925076,0.074675405770999,0.0666598300711789,0.0622787278434211,0.070336759112563,0.0748969860396135,0.0680812769120129,0.0754250842403081,0.0685059418062169,0.0705281581514331,0.0706096634953927,0.0731799213816119,0.06807860263263
1628.54474032218,0.0315562108739853,0.0163520116270164,0.0289087489801102,0.0297958685773428,0.0290387990785783,0.0192534573038716,0.0246552828375809,0.0251554748156106,0.0240400276378763,0.0228813672897024,0.0163058188988575,0.0229373355486514,0.0179410348753082,0.0383724580548982,0.0339651758974998,0.0320090277772645,0.0209792570473119,0.0211120408014771,0.0296032601120601,0.0230442685013358,0.0245123916304232,0.019819893841454,0.0179802977674827,0.0208868202386161,0.0317938640503817,0.0223339517356837,0.0294078087645214,0.0220789216817812,0.016527550322866,0.0131500143488985,0.0253742078365101,0.0217909578387217,0.0194137603412443,0.0242506974330672,0.0242354760225091,0.0202087212381671,0.0211772537302903,0.0232033628266266,0.0150087947177686,0.0219228576230756,0.0319232444062845,0.021344511638444,0.0285801873931807,0.0267115547379813,0.0269084985837425,0.0243441328844891,0.0229090204339509,0.029530272693786,0.0244263540814399,0.0268306808263224,0.00825174478033709,0.0217974301790106,0.0249023351435802,0.0289190538424098,0.0252574514014771,0.0262233292635215,0.0235828385755347,0.0252125661163142,0.0117141324020698,0.0223885303682256,0.0139780631144985,0.0150334944525186,0.030951965213835,0.0259905205443877,0.0183368923276337,0.018116950696236,0.029748326755001,0.0312230333331032,0.0157492521902869,0.0190688772923722,0.0223426454417748,0.0274915637021372,0.0166734588878869,0.0173421817079464,0.0296072408907463,0.0178150377577719,0.0210386530124479,0.0201164995865189,0.0234696559398021,0.0259663584749412,0.0348373834506843,0.0104470389925175,0.0146462923963044,0.0218219915203325,0.0288438095499583,0.0218078917896344,0.0257936326762375,0.0210310241185386,0.0258013981906933,0.0241881885242265,0.0213552682223336,0.0252895957137877,0.0229950668738039,0.0201055204797153,0.0207168710574268,0.019476443283367,0.0156465003517764,0.0283717490977607,0.0201220219658866,0.0256770712189202,0.0178347874866454,0.0211843833037851,0.0211865841386008,0.0248817711314912,0.0233938642349985,0.0288042549772445,0.0179124077819916,0.0275505528757231,0.0256196180165618,0.0187854173453711,0.0163392337218796,0.0242305348806048,0.0228037383734873,0.0186963394909961,0.0282318896720623
1631.20679414497,0.029256133649655,0.0278486147850718,0.0245425995652547,0.0211364389236152,0.0246510596688474,0.026395043771365,0.023515142210526,0.0352473798334617,0.0239825676628491,0.0260961750759438,0.0158669931158308,0.027025868076713,0.0311778825687037,0.0231043962576329,0.0243619685525644,0.0286306279178552,0.0219832759014656,0.0298267795230001,0.0163242353860437,0.0328232422628773,0.0222907861465257,0.0298473195050586,0.0259874244004766,0.0207774131438526,0.0317099146483366,0.0323062637636138,0.011745477443646,0.0252923463955758,0.0219628959556882,0.0195510807346986,0.0148570463945177,0.0169055112763968,0.0247895460875322,0.0209166349030912,0.0257645748628168,0.0223307353624507,0.0239029825087957,0.0347286727642165,0.0293924980338943,0.0212657639835782,0.027406453673914,0.0180103907487136,0.0180411436850657,0.030974008608996,0.0197618772849428,0.0361128141424615,0.0288589396341426,0.0277872256926158,0.0194565133875455,0.0212357284713179,0.0146831778766031,0.0301001552493129,0.0287056648603248,0.0293760835221971,0.0257043339220139,0.0319978741628184,0.0252435868694429,0.0306223946495654,0.0330383148151939,0.0211778763033862,0.0298198954656133,0.0271554079539625,0.0330594038586499,0.0259216477731973,0.0270368956296003,0.0299628929388804,0.025799079245252,0.0289304603569075,0.026792641605356,0.0206401222216382,0.0244999236614979,0.0240725042279401,0.022101307257971,0.0228133598714122,0.0366946226521735,0.0238164790594417,0.0236739781372526,0.0232876422188928,0.0200804348902206,0.0180800445771302,0.0215079431352426,0.0255115914763073,0.0178456746687098,0.0194653575811892,0.0320734088523744,0.0316509235564635,0.0355487814638833,0.0214853448557949,0.0321917468259035,0.0262724213386395,0.0156729904655216,0.0328487345295253,0.0369949870612645,0.0232659042382098,0.0233777788037903,0.0238212286719574,0.0310612449783609,0.0237914261522789,0.0172448506611671,0.0283268505791392,0.0283519151340767,0.0281724100835018,0.0271165600974056,0.026489107949386,0.0265835547891979,0.0188420623078193,0.0139494885026847,0.0302420268804969,0.0299505157753815,0.0253776007993603,0.0156736306397147,0.0247218796809352,0.0205439454892803,0.0256644352548086,0.0240290023832375
1633.8670470919,0.00160507238372313,0.000818300277508425,0.00610664705999671,0,0,0,0,0,0,0,0,0,0,0,0,0,0,0.00177369796394574,0,0,0,0,0,0,0,0,0,0,0,0,0,0.00154609164838205,0,0,0,0,0,0,0.00211438786591268,0,0,0,0,0,0,0,0.000762741294962336,0,0,0,0,0,0,0,0,0.00329380837713976,0,0,0,0,0,0,0,0,0,0,0,0,0,0.000552766416284008,0,0.000180827125244053,0,0,0,0,0,0,0,0,0,0.00162434410657567,0,0.00481891529557615,0,0,0,0,0,0,0,4.57939262617071e-06,0,0,0,0,0,0.0114404844318433,0,0,0,0,0.000404741026178365,0,0,0,0,0,0,0,0,0.00323716153732138,0,0,0
1636.52550083414,0,0,0,0,0,0.00470003652179669,0,0,0,0,0.00023589543219778,0,0.00505818332370888,0,0,0,0,0.00230613184336919,0,0,0,0.00364370332908335,0,0,0,0,0,0,0.00150984205069621,0.00373824979655397,0.00173991317409473,0,0,0,0,0.00272746923578836,0,0,0,0,0.000702462143630742,0,0,0,0.00771885805777905,0,0,0,0,0,0,0,0,0,0,0,0.000530065480292109,0,0,0.00385969687916215,0,0.00258833258681393,0,0,0,0.0062125039508902,0,0,0,0,0,0.00014259599545344,0,2.95019710933392e-05,0,0,0,0,0,0.00350547327273536,0,0,0,0,0,0,0,0.00141530791703906,0,0,0,0,0,0,0,0,0,0,0,0,0,0,0,7.38113573192423e-05,0,0,0,0,0,0.00229022333359632,0.00114294063856635,0,0.00459323581051655,0.00163401817357053,0
1639.18215704078,0.0159040350058676,0.0189951790522314,0.0121568601558142,0.0147397221402952,0.0197691348896143,0.0185844253525654,0.0142347025324401,0.0166005339243139,0.00870235143107668,0.0200548956607066,0.0167680782566275,0.0179911419037264,0.023165991286349,0.0143305554765667,0.012508483180885,0.0092946244670279,0.00757814221024347,0.0133010778766433,0.0102173856187964,0.00652426134413913,0.0240190083109224,0.0163887935481648,0.022842661870622,0.0206132909796524,0.0250325913460415,0.0227387262093793,0.0165963357320659,0.0130961211890302,0.0158462937168832,0.0215915330251244,0.0205601563789184,0.0109209885830445,0.0153017465992643,0.0105374290913789,0.0139810028450098,0.0188462995899009,0.0244082584487617,0.0087679933291716,0.012679028453667,0.0271919420863009,0.0168004709214493,0.017426812327457,0.0164463909883595,0.020780612016424,0.00824436871404783,0.0235680630280439,0.0155508481430436,0.0161491578930951,0.0150916031927409,0.0232867074043822,0.0168016929601319,0.0154781752594248,0.017986562030308,0.0192511573875719,0.0154665972621104,0.0167192860921534,0.0270254688443669,0.0134402850391551,0.0110069750002625,0.0143855014833109,0.0187816008774737,0.00646083896727254,0.00961081414548228,0.0168343906762422,0.0236376909930264,0.0124891574427387,0.0174790915392637,0.0155949545520667,0.0199740174398418,0.0132902649712467,0.0188714011703421,0.0112142617554053,0.00982885155663799,0.0211066657156885,0.0173682190904582,0.00751135166391356,0.0196445536464693,0.0209270581706121,0.0122622359320905,0.0179638802295778,0.00480315408273901,0.0253940686692431,0.0134574784753796,0.0159249558853784,0.0225166487538975,0.0255083843679622,0.0200901232641033,0.0180298126922049,0.0108979387966752,0.0233758797402087,0.0173551086872168,0.0169013931982221,0.0203326481241868,0.0134752034842357,0.022692583714432,0.0152032167756975,0.015974854822564,0.0196895086174239,0.0236876461700063,0.016065002505229,0.022230489920859,0.0274839154122707,0.0118619686475761,0.0118400917414008,0.0107089729073108,0.0191592975863729,0.00718160633337145,0.020705472483966,0.0208418325729644,0.0184757272704924,0.0160589261185238,0.0060147968366247,0.00680644707742083,0.0146653810410445,0.0206337749474421
1641.83701737876,0.00875150485469503,0.0129796814425525,0.00519369677011476,0.00511446984421467,0.0122458967381464,0.0130789768195748,0.00608094828139278,0.00818614389694111,0.0153056142222701,0.0146353647790761,0,0.00328054086356307,0.0131015735400328,0.00947303498579612,0.00413741672985591,0.0165012688260551,0.00814437927200293,0.0094961129955224,0.0102560397292266,0.0240753124549923,0.00930744104770478,0.00757087948207121,0.0079158584173873,0.0107293306853879,0.0113283091426042,0.0088088102892771,0.0210159370173575,0.00982068021433368,0.0103745443125459,0.0188975189990804,0.0148531131010066,0.00114834865699948,0.00897354385335216,0.00458128307147556,0.00404548960402169,0,0.00988188102645947,0.0115773036054114,0.0216171222844195,0.0100798088916108,0.0101781875559703,0.0114848942849279,0.012103272647174,0.0224640046654231,0.0131347557323713,0.0156776524595391,0.0117210077037495,0.0189034973914055,0.0118739442613502,0.0090189346328697,0.0141316941693499,0.0104756464452688,0.0129839093599568,0.0064898944487645,0.0087544934586251,0.0151381866200617,0.0063053385756668,0.00244793046825312,0.012136363124926,0,0.0100357336560823,0.00758384979983566,0.00628661792217116,0.00499540744052539,0.00552990492631615,0.0108740109901779,0.0102925998660854,0.0150716097911245,0.00884301441506863,0.00830248597620067,0.0172386391661782,0.0112330224238525,0.0142659805087965,0.015052494757442,0.00529178293785421,0.0114016527732744,0.0146901535776973,0.00888545909145626,0.0166253403140966,0.00852228488156333,0.0163535896407487,0.0107930374029824,0.00588134034475701,0.00808307551670795,0.0114371254810354,0.0189230341615034,0.00477430265595206,0.00363187082654279,0.00873109049685133,0.0025557701223635,0.0112274733804652,0.0174697496290511,0.00745916234363551,0.0109694301697495,0.0105533536699241,7.79246555675391e-05,0.0126647584366703,0.0107660746121772,0.00601722661098524,0.00891326454689263,0.00781845304406461,0.0160372674441807,0.00483778143077472,0.0100366639308991,0.00867698076951063,0.00766896695539388,0.0154392439983958,0.00406273171246599,0.0180475506880421,0.00840145534293741,0.00997119234732526,0.0104730895076888,0.00795172840902878,0.0108742003838607,0.00804436479138648
1644.49008351297,0.0010758904852688,0.0130514517438481,0.00422404353480606,0.0154703164101316,0.0134075992808762,0.00260900794518071,0.00344013938206441,0,0,0.0119778114615568,0.00540295243620772,0.0059732315195114,0,0.00301678909483103,0.00306952794757893,0,0.00104591721352455,0.00571941974146537,0.00757252958292772,0.00499923729364589,0,0.00352120233418829,0,0.00691370799955859,0,0.00216849585207938,0.00514221635655285,0,0.00327844541029209,0.0081095769465853,0.00760616718091667,0.00840812990177631,0.00052557051074323,0.00139007017816325,0.0046107122909796,0.0010812687172642,0.000986694864037335,0.00392976940919113,0.00501408306006204,0.00956240283706631,0.0141269857627463,0.00502743945260654,0.00834215643223232,0.00371866539113107,0.00124587212813503,0,0.0101180497576269,0,0,0,0.00227644143401178,0.00550230517210896,0,0.00653334061512012,0.00486827778786109,0.00266007114633514,0.00361286635487706,0.0135028632888264,0.00176814212831616,0.00389596563483736,0.00900300141806068,0.0015124572687502,0.00798081293182498,0.00394344663008233,0.00613013499226714,0,0.0109610896121873,0.0085029029381609,0.00665607697447421,0.00278747907145608,0.00336360182373862,0.000753104370239965,0.0143125768887654,0,0,0.00308631094375454,0.00316315696380237,0.00234502559841233,0,0.00411796356479624,0.000961972938487974,0.00434055532961069,0.00377805127268711,0,0.00316002042262973,0,0,0.00256617969971078,0.00930089853388326,0.00149197232463877,0.00231818276212626,0.00167550460756251,0,0.000610654968891737,0.00120481287137285,0,0,0.00131429613372917,0.00714585340936443,0.00564590017071946,0.00289744263675093,0.00407335789790241,0,0.0143061570157364,0.00400583090423068,0.00330672654065355,0.0105160793798036,0.00578579281055105,0.0124980826878353,0.00730511840163469,0,0.00285812512043739,0.00364197121357971,0,0.00398993916387166
1647.14135710615,0.0237735218427082,0.0208629962908607,0.0179238148878352,0.0183052544103839,0.024877553588931,0.0260116464482323,0.0276990288988305,0.019098223995284,0.0133213366230438,0.0148158216402382,0.0189520143786307,0.0132932282538308,0.0175319460407177,0.0161061520953513,0.0176986829337621,0.0249379350190327,0.0176044289270126,0.0200942979097826,0.015921477023418,0.0308140341321324,0.0177879535525475,0.0147723479410352,0.0199531119127757,0.0228949658021236,0.01531113185739,0.0251586030574307,0.0189559769307994,0.0226093199524234,0.0237622696151172,0.0200901836025919,0.0171047654145486,0.0161970130393856,0.0216543565438878,0.0140970142275584,0.0134720327762498,0.010606781833893,0.0212519171385743,0.0272166808353338,0.00845095569520439,0.0223265740425571,0.0269824574408529,0.0209081467689525,0.0129021203557872,0.0275316384698021,0.023541036384352,0.0141083123611922,0.0239320862583531,0.0162765322628365,0.014261667973779,0.0162581253367206,0.0164649249267135,0.0223665443884966,0.0130992023670057,0.0238254827476535,0.0172342867030287,0.0201203595463287,0.0200730902528613,0.0218339587024434,0.0199704171398709,0.0122882270055912,0.0250148254680295,0.0176953441330562,0.0158024063362941,0.0204724732753514,0.011703621772069,0.00264191362727974,0.0189257583543481,0.0223933443747091,0.0228858097998183,0.0189883001494329,0.00736683898488507,0.0274250104098206,0.0215698592165321,0.0246488755714691,0.0252891172632248,0.0203807320859143,0.0197177154327987,0.0155355127567332,0.0167038807861453,0.0164372132967091,0.0197243173172345,0.0244435678137606,0.00932545504770766,0.0255207690530584,0.0209838512785244,0.0130075716195641,0.0202139286407496,0.0237017999506083,0.0201917535197653,0.0158006298819376,0.0181778406936279,0.0230626384115734,0.0163422298786456,0.024961002308868,0.015637147101583,0.0185916378969619,0.0221975819427474,0.0236432794107651,0.0248653846486814,0.0161777324244858,0.0224948341886532,0.0248660637484627,0.0224571076352694,0.016086617185116,0.0180415706971751,0.0268269533550468,0.0204818293952802,0.0169841834452359,0.0236789360195003,0.0235767624912084,0.0155927209709262,0.0161773364814381,0.0251365645347927,0.0191409546189221,0.0212281186444646
1649.79083981897,0.0018109752988194,6.26672801598031e-05,0.00291435930548052,0.00660908130655485,0.00391266308589487,0.0028390245378336,0.00592398985754037,0.0107728994892758,0.0107358350780118,0.00893568793829804,0.0069463803051837,0,0.0059553799784726,0.0129588008799973,0.00717562526278062,0.00522432267593011,0.00341952564682062,0.0141778516083849,0.0110951701195031,0.00741871605038177,0.00316450390019057,0,0.00296843493542415,0.000464854507461169,4.37867762317942e-05,0.0057306317723167,0.00368891302891087,0.0139187059586078,0.00460158892677032,0.00935815891138304,0.00103164036707438,0.00301062606336606,0,0.00111421024985265,0.00306977158266301,0.00179555354854403,0.00961417279665134,0.00307096961859642,0,0,0.0104598491699626,0.00580222216809887,0.00698879004650215,0.00992055033477587,0.00249131586638318,0.0068705191123133,0.00150258828373061,0.00705887491756653,0.0111312407662944,0.0081158356579756,0,0.0118601840386382,0.0065108016832984,0.00892881573175724,0.0128466383487388,0.00367819094010073,0.00619146051039001,0.00322056297449654,0.00252484152052033,0.00350892321182457,0.00812161320214588,0.00945952107759073,0.00313900502913632,0.0087244638450045,0.000824059665043757,0.00394714257180533,0,0.00815175900499585,0,0.00852678622704693,0,0.00425929634079057,0.00896883070237541,0,0.00889339442242796,0.00767440174089346,0.00549718001108251,0.00522095838889882,0.0135111792671044,0.0109782365418157,0,0.00343016480002368,0,0.012726690981848,0.0177573140215073,0.00981786253121311,0.0104581306363361,0.0110538980207889,0.00673298283899951,0.00602586044419996,0.00539246764693013,0.00514011319512795,0.00193638189508586,0.00467669592652177,0.0096609599984711,0.0108265163459612,0.00124415848006993,0.000880144962179371,0,0.00360429786750515,0.010954403195255,0.00586789141557644,0.00735239402445822,0.00580878483239718,0.00702526687988865,0.00122067767510011,0.0084609400832231,0.000428569186174231,0.0142897199647811,0.00519919222337446,0,0.00587105298432328,0.0115624083217718,0.00130256669908958,0.00819763945364626
1652.43853331,0,0,0,0,0,0.000223782302629671,0,0,0,0,0,0,0,0,0,0,0,0,0,0,0,0,0,0,0,0,0,0,0.000347650801692786,0,0,0,0,0,0,0,0.00360807942617394,0,0.00262678587796017,0,0,0,0,0.00202875810887828,0,0,0,0,0.00530016193132977,0,0.00319564572399442,0.00529777479538626,0,0.00128252441151065,0,0,0,0,0,0,0,0,0,0,0,0,0,0,0,0,0.000401181044633702,0,0,0,0,0,0,0,0,0.00387919714510968,0,0,0,0,0,0,0,0,0,0,0,0,0,0,0,0,0,0,0,0,0,0,0,0,0,0,0,0,0,0,0,0,0,0,0
1655.08443923572,0.0125933339832853,0.0169326219656686,0.00443339045342399,0.0172771619603982,0.00427081352467803,0.0226045816231647,0.0178488784254307,0.0184785507245732,0.012199887972126,0.0158499202593156,0.00144407998978084,0.00935876762616645,0.0126835361023876,0.0165076811970054,0.018113022682524,0.0193467167501053,0.00755666724286691,0.0161609334301807,0.0180356386239915,0.0187078066626699,0.0222356989526946,0.0065703131346021,0.0269702178110234,0.0111523544464196,0.0217731567001086,0.0122027302524142,0.0111391600029585,0.0103772505005782,0.00108222531348602,0.0166753476046936,0.0149435380948039,0.00723232198146633,0.0126923854556109,0.00916386289913987,0.0110129580952565,0.0120859288056959,0.0138778893398981,0.0166785695026633,0.016712353742289,0.0182702385478398,0.0130133780813436,0.0110462583534009,0.0151514284662993,0.0140850493139377,0.00710242650643129,0.0156472494208533,0.0133376808149232,0.0215963043689264,0.0164248456452563,0.0166260303183207,0.0142189156112638,0.0166591087719467,0.01460516053654,0.0136627811163446,0.0192636302158135,0.0168992631009797,0.0111400556567927,0.00791633226676517,0.0198648070066044,0.0198838435586287,0.00735627062907206,0.0119673782625391,0.023916854029613,0.0221203209420101,0.0137640333923385,0.0123083533457593,0.013374536974666,0.0128862066383447,0.0193732460863459,0.0166075948182496,0.0145329201904522,0.0112066502999244,0.00816206579196391,0.0162611150311979,0.0174995611115455,0.0246134862934102,0.013996356557374,0.00383330650400145,0.0115781989008807,0.0018180446162318,0.0123349824634833,0.0194158161368942,0.0103534910040031,0.0101829650679307,0.0136110647848604,0.015657788853134,0.0249751785180831,0.021321919002569,0.00969615710262626,0.0161547217785521,0.00858708113125029,0.0136372742305948,0.0185509228404677,0.0125381250705305,0.0143677122385582,0.0228002038196605,0.0142747148594929,0.0105895584720135,0.0158134918535209,0.0137971084116857,0.0135653487760586,0.0137772180827792,0.00935653455470954,0.00649531960821124,0.0133647310846688,0.0123561669732543,0.0120250651006839,0.0140813074151273,0.0173103556902972,0.0233456871429933,0.022581216007424,0.0106538483527683,0.0201492327095534,0.00756784837663832,0.00933788661115318
1657.72855925052,0.00892519238027887,0.012743563474917,0.00469513267369281,0.0105217868513946,0.00990359488099897,0.00617797734895399,0,0,0.00751995652717627,0.0209909736881639,0.00590100047520791,0.00708196501792448,0.00917350015134165,0.00856592482462908,0,0.0107439965792809,0.00115149668399031,0.0152737796642263,0.00504467772025101,0.0118129470933056,0.00989398221287921,0.0142517903291131,0.0122167405226558,0.00583075607867464,0.00549333110214036,0.00906024017012393,0.003648690500243,0.00177393670389478,0.00956057004027856,0.0103598600102482,0.0120153095899408,0.00763713236737735,0.00385517605647354,0.00885538623379797,0.00565725188633392,0.00336150616373249,0.00176886572644257,0.00586658717511632,0.00692514073100939,0.00795636215178622,0.0032374300516908,0.00908710690581969,0.00711649677539276,0.00517501756180522,0.0116192578526779,0.00115394722504016,0.00693353038287249,0.00643704227094387,0.0051929236256955,0.0113161849117768,0.00467605932074216,0,0.0186964935467167,0.00829715161583045,0.0127264231045634,0.00975359835176337,0.00859788563308077,0.00975735890153796,0.00634956150405284,0,0.000979614259981857,0.00326422282632506,0.00967759865386217,0.00197247709313813,0.00571888596330441,0.00352095736673179,0.0046907098917865,0.0130886204870023,0.00841742341748946,0.0101269566648848,0.0164231515251266,0.00308892747848478,0.0100128671044999,0.0131551466813814,0.0105557535564759,0.00921456631811556,0.0119635090292644,0.0111186305056533,0.00956353655255316,0.00980327861902501,0.0069940212233737,0.00714991006582997,0.00785111602768805,0.013714688086648,0.00936332049209192,0.00979953677838777,0.00435715574420592,0.00987112668761721,0.00444913721506623,0.00756262917338334,0.0121977902186563,0.00399713039911251,0.00261407727644887,0.00285129890439128,0.013451199709147,0.00784911821816565,0.0044895744186908,0.00239769416088092,0.00714986999694402,0.00792126969348374,0.011576685416592,0.00795675633956228,0.00523017693154588,0.00184674073504947,0.00403843607464931,0.00977442525037048,0.0110988717180872,0.0165067675485121,0.0208129163391018,0.0123273209622646,0.00725784051293503,0.0163911746024291,0.00556720521364518,0.00394949717719756,0.0118145840274521
1660.3708950067,0.00252801215475957,0.0058301274627059,0.00390225088254954,0.0145810332688845,0.00961376508156726,0,0.00905546581049116,0.0127615789825914,0.00723456634979637,0.0059340671180207,0,0.00278961342820152,0.00675638129433856,0.0104116597161158,0.00230808461645245,0.00382430531578582,0.013458546982288,0.00947312104685681,0.00693819025670582,0.00604174676576581,0.00306296950244075,0.00985051807416173,0,0.00218529517812996,0.00626909199469873,0.0154423396587286,0,0.0141042399803453,0,0.0100288823146863,0.00493586378781981,0.00107022741126317,0.00310642744245759,0.00310459316892912,0.00418881398784604,0.00412726986594137,0.00985756214777159,0,0.0105082183806704,0,0.014575694593597,0.00498093163769472,0.00408673635819003,0.00436968402602918,0.00532147968566818,0.00194470122492538,0.0142983818491465,0.00610575359193802,0.00381897715523809,0,0.00817011784916644,0.00368393510419581,0.00776605802944873,0.00573852046731861,0.0123725696867356,0.0101165434610902,0.0111482149769316,0.00722388049938662,0.0120746815009293,0.00752386035801285,0.00231699592324062,0.0173717425033184,0.00156649872680324,0.00167102454243774,0.012536886213415,0.00381830543872497,0.00274489431922667,0.00172483836325438,0.00640658067947471,0.0120171684058549,0.00830316840099716,0.00331194712734739,0.00415947050425021,0.0134049186522973,0.00419252185682889,0.00107465456039726,0.00995972405731508,0.0025616115404812,0.00594065903891737,0.00891463077653112,0.00663587119463175,0.00574031883354185,0.0113669182400405,0.006077955564692,0.00847363246448399,0.000111200373523974,0.00402415027475326,0.00787335357851057,0.00410658968918855,0.0110557365173922,0.00740523972139063,0,0.016392742626281,0,0,0.00859413934146552,0.00526069607437501,0.0148463313351235,0.00403644594862965,0.000973375357532428,0.00683557490403965,0.0119838702863036,0.00548957442973664,0.00377564539603605,0.00488143343019943,0.00886002036483183,0.00745006953531929,0.0156280492068688,0.00541618611110603,0.00860982149832403,0.0013729990437945,0.00180435533954795,0.0107578033697787,0,0.00794349995175144
1663.01144815449,0.021539532664493,0.0209777804686689,0.0329622959839022,0.0143558292808524,0.0223383532857897,0.021128085066717,0.0285583992351095,0.0215176989393484,0.0195280499529137,0.0182411074936446,0.0200215166411957,0.0225451653649246,0.0251190843617819,0.0242136681676826,0.0182322644708234,0.025594446460269,0.0307404631754015,0.0311611012054861,0.0226159718831681,0.0183544425410507,0.023665036598347,0.025490573315253,0.0192437341586398,0.0320659940995272,0.026846816518803,0.0324662174705148,0.0272027245563491,0.0204128762701397,0.0299124241071592,0.0232627822964587,0.0208720766184377,0.0245395397376877,0.0254886406386766,0.0340469048386019,0.0341676208053502,0.0271834808448011,0.0325419771667505,0.0185489252577696,0.0269058739807677,0.0177880506352494,0.0337118406816858,0.033552335374044,0.0270679495169067,0.0229745376619377,0.0391724081836624,0.0219744236399269,0.0233415909908627,0.0233430567021144,0.0292293839799134,0.0293360854697667,0.0263271889255142,0.0246417658448938,0.0241809310866359,0.023762375249549,0.0277124363702641,0.0294911536597497,0.0232907228978364,0.0228854293040457,0.0266116760320726,0.0188662459192301,0.033873394332418,0.0276197271777195,0.02841395604782,0.0229145734341953,0.0270760350420805,0.0182931801297662,0.0287777639457055,0.0174471942336234,0.0222561180101744,0.0283951816953958,0.0197357327256521,0.0157543772051542,0.033139260376185,0.0275421108658904,0.0242972913113566,0.0224381642741165,0.0288875644807021,0.0307024812290856,0.0296360912468446,0.0214115753152622,0.0277730766178652,0.0211423292253012,0.0230787426243142,0.0247869598702067,0.0309121810989729,0.0285004353811056,0.0283559366620815,0.0280778066401064,0.0260040712510984,0.0288261961669698,0.0234467937398297,0.0225040078178962,0.031820499682103,0.0229762847601133,0.0244120867826539,0.0244758989871847,0.03265548733204,0.0211971813055512,0.0224834872912341,0.0276549253006477,0.0310663052791726,0.0187675868874759,0.0226583866465709,0.0268881290536195,0.0132256384153585,0.0227210332757716,0.036303359651964,0.021447256706348,0.0195553375440074,0.0194645799603254,0.0198706981282273,0.0252063966809937,0.029688697346293,0.0207182245772832,0.0317446950413695
1665.65022034204,0,0,0,0,0,0,0,0,0,0,0,0,0,0,0,0,0,0,0,0,0,0,0,0,0,0,0,0,0,0,0,0,0,0,0,0,0,0,0,0,0,0,0,0,0,0,0,0,0,0,0,0,0,0,0,0,0,0,0,0,0,0,0,0,0,0,0,0,0,0,0,0,0,0,0,0,0,0,0,0,0,0,0,0,0,0,0,0,0,0,0,0,0,0,0,0,0,0,0,0,0,0,0,0,0,0,0,0,0,0,0,0,0,0,0
1668.28721321542,0.00723913132730337,0.00509686629123721,0,0.0102200625945846,0,0,0,0.0086487098586407,0.00764902217158322,0.00248978763624717,0.0112373054283246,0.000306718623371748,0.0113847564810398,0.0139535228045612,0.00932090481396279,0.00418803943957225,0.00439843641530157,0.0070757079253919,0.00619600570003526,0.0222794902189018,0.00522263893269911,0.00841119626962506,0.00227124365344674,0.0139373336153959,0.0203058301642326,0.0107528022392349,0.0195689727554546,0.0111149734241816,0.0200778464019201,0.0108334896180668,0.0110353847227338,5.34604285853061e-05,0.00641435238746668,0.00792096992117514,0.00932868152679535,0.00493189634458105,0.00741454183432065,0.0114840495610824,0.00364855844800286,0.0255286001431456,0.00826635834403219,0.00807664107983423,0.0089993978884582,0.00374698169092362,0.00557696811711233,0.0112780283990502,0.00524506222892863,0.00419387745117541,0.00315378598659466,0.0123343422697897,0.00690625773744324,0.00457925721042363,0.00971660118827611,0.00935135047002662,0.0109312359977768,0.0154234624533425,0.00323573536144139,0.00695675254430671,0.00473037731453697,0.0183367948377594,0.0125453133200209,0.00597790550005249,0.0018062119220856,0.00208734248992581,0.000205311588801354,0.0162161066329588,0.0127428210539784,0.00977698109527285,0.00556878851025862,0.00674645117682075,0.00643565617726243,0.00138997161688464,0.00998200298608923,0.01599861290665,0.00841634928110755,0.0129810914732948,0.00797468363333611,0.0044315166940658,0.0105301455088671,0.00698578247377622,0.00518706430144216,0.0119718887970708,0.00848237379435253,0.0124632496275452,0.00376551558425704,0.0142369473536333,0.0190782550450336,0.00594053241418553,0.0108380046563664,0.0112996924288663,0.00726880050858905,0.00288355067875089,0.00123564501760506,0.00959227943718882,0.00345579278396681,0.00429388672338718,0.00276581720080985,0.0072503636333187,0.00757216551842948,0.00509532074502262,0.0145020049880096,0.00951358043724694,0.0113483026877508,0.00168538329268806,0.0102601447589815,0.00683751938487188,0.00438639164879715,0,0.00505493374894279,0.0138570468821763,0.0115703971971357,0.0071882766451994,0.00676816149007822,0.00770884650705133,0.0028962528562647
1670.92242841862,0.0153063196644468,0.0153774602483472,0.0162148347790432,0.0219482834662784,0.0206504167168575,0.022695916529758,0.0176069722794309,0.0129830338571724,0.0173047585050471,0.015979926802021,0.0235204980539824,0.0242378448606784,0.0112124933511822,0.00832505865115226,0.0197392651152862,0.0265993795154711,0.0124278292590672,0.0156720805591587,0.0203135734409025,0.0237399372443512,0.0133112620022617,0.0188750478993355,0.00964088981787657,0.0219401206099053,0.0113125279650396,0.0250749003853489,0.0155223972792173,0.0158628419453113,0.0182364543581365,0.0171158063639818,0.0202660588504787,0.00861025346860217,0.0181435998132639,0.0050269489164676,0.0289227675411484,0.0175031597772086,0.0195460915949182,0.0135160097200737,0.0240272513057489,0.0208840434435059,0.0114024482801733,0.0215022210294215,0.0193585024692772,0.0132896231311694,0.011322680792704,0.015580076836554,0.0165763388133015,0.0182323101241026,0.0139129118647646,0.0247428086495737,0.0105191969842631,0.0200369647361095,0.0223195457404743,0.0280208652201857,0.0202078729546052,0.013614437766413,0.0132215463393874,0.0260103181911935,0.0259443703740076,0.0247754645473011,0.0205888379601093,0.0179833805537865,0.0121105253086952,0.0104042625164469,0.0186799377220231,0.0177715767067743,0.0304841464454306,0.025036897749871,0.0142652498913484,0.0221029774102389,0.0174015641615146,0.0183552653904723,0.020822463683924,0.0208042269277066,0.0302642149336359,0.0233127031376746,0.0187401027903365,0.0222625955419652,0.0157577666741207,0.0206866116138573,0.0176062846924308,0.0171754345512679,0.0191952702283657,0.0217444361137183,0.0251851453236107,0.0223146695388637,0.0199586419552562,0.0373219058533368,0.0176550056769995,0.0154590592298241,0.0155318525679682,0.0201631331850001,0.0135154502117279,0.0142430497511216,0.00987037902798281,0.0197061894871913,0.017507284291652,0.0170337478134941,0.0200361642969531,0.0186473874185532,0.0210152038934416,0.0240225248831256,0.020984733608795,0.0148161446364904,0.0224312319748955,0.0202402331103091,0.0245228216285527,0.0246388925429984,0.015943108079508,0.0231240654369827,0.0135534642202924,0.0152793363100592,0.015918943337634,0.0221766057011494,0.00446615067701503
1673.5558675936,0.00464542888779204,0.00310618679475349,0,0.00674382758379513,0.00698138980846772,0.00423069080149657,0.0032334263224446,0.000983087669127126,0,0.00927286824130021,0,0,0.00787729489244075,1.5177331986218e-05,0,0,0,0,0,0,0.0049891418414088,0.00514461120232799,0,0.000319048565707689,0,0.000331413581412989,0.00601359249774778,0,0,0.00122826894570142,0,0.00219441078256686,0.0019678945066604,0.0043523347412594,0,5.19810850574072e-05,0,0,0.000522953835318897,0,0,0,0,0,0.00300155528175378,0,0.00155791758033909,0.00708863852225573,0,0,0.0049485381954803,0,0.00485008012365998,0,0,0,0.000178669276212148,0.00435893148132621,0,0.000172574365108711,0,0.00501589594839323,0.00193120972108628,0.00233475716680671,0,0.00294951351984393,0,0,0.00293289875661928,0.00468175296691004,0,0,0,0,0,0.00364494377331712,0,0.00126579989482683,0,0,0,0.000212076303442752,0,0.00362051377942974,0.00780465366018342,0.00285224898407529,0.00280307235751969,0.00277134811015691,0,0,0,0,0,0.00368609542946112,0,0.00717285738954601,0.00457678430152928,0.00679368398365824,0,0,0.000844495024269938,0.00801494295011123,0,0,0.00848435710973914,0.00745666830525117,0.00341055010672563,1.79477319874678e-05,0,0.00557381055574684,0.00449719318345898,0.00139666431874767,0,0.00297280343627866,0.0055362238819322
1676.18753238021,0.00835965196685001,0.0101428349856074,0.01550514157801,0.0206896707031706,0.0106559578362154,0.020194562525097,0.0245352704757628,0.00933038565709056,0.00560773616491127,0.0140765959117527,0.00929140697815574,0.0123960492503169,0.0162773931697285,0.0117946820163026,0.0182838070045936,0.0163975506032823,0.00329964255503204,0.00494624465855642,0.0145290275694848,0.022921937845796,0.0114955961475465,0.010929635110319,0.0175033343815321,0.0116757338385879,0.00769559740712744,0.0124807497965835,0.0168568846310574,0.00729554337399241,0.0196041825870034,0.00756945114187568,0.00590102995849266,0.00981217789068949,0.00784946502360451,0.019577559814587,0.00977316389436951,0.0126833662486856,0.00860791118867117,0.0171199733082089,0.0204065275934149,0.00947585560416588,0.0222052246460584,0.0217818493105089,0.00423892053297947,0.00608657485070119,0.0196493485644975,0.00789261759159433,0.0134993577933317,0.0135143121184981,0.0224189839169314,0.0183534273238436,0.0134996577873437,0.0113430257718357,0.0180714378252606,0.0193463703940855,0.0248670530882663,0.00204224972470814,0.00854000356043533,0.00971088358962075,0.0229072071299563,0.0133302395478759,0.0115173788874339,0.00374735210673786,0.0150682150702864,0.0209064053952732,0.0172622209006891,0.0136227234352212,0.0129594908089676,0.0103692493909777,0.0144765133928923,0.0195434100456262,0.0176719674506175,0.00860536693894993,0.00668732813343107,0.0177592080452722,0.0195232163626856,0.00903251461046709,0.0167077928816332,0.0158730525605426,0.0121124983958125,0.0170172167113453,0.0177658133200761,0.00655756982985388,0.017846260558068,0.0152025536940611,0.0115342674996787,0.0142997719496531,0.0250942749363733,0.0186934181266793,0.0118757165465925,0.0129077516667302,0.0164089939937222,0.00837141686206603,0.00848083188125741,0.0157544224043634,0.0128486090505749,0.0142531740171477,0.0110681393921132,0.0138527288939885,0.0224199897954232,0.0116921271895812,0.0174382860335988,0.01603806970542,0.00495676415934296,0.00440339772199802,0.0127123970007194,0.0165493877010708,0.0170026499520766,0.0248818071529301,0.0166543562709797,0.0137830937361176,0.0225915920850243,0.00844986402819961,0.0145701300088283,0.0147829908842931,0.0135484813398299
1678.81742441625,0.0220354032130017,0.0232687252128573,0.0252279474004543,0.0308912325355119,0.0224763587006115,0.0173255585807515,0.0189980050084428,0.0267385153150578,0.0235393412736201,0.0161774058973753,0.0206437286592966,0.0205733076742559,0.0247073002943757,0.0192665890531928,0.0299126901186604,0.0251213974514352,0.0262558836309941,0.0180263230845054,0.0254372251255489,0.0304915868287299,0.0202255042845095,0.0204316221951205,0.021748181902166,0.0159234207265855,0.0163677390456368,0.0268950381565329,0.0145489208462181,0.0192857789169305,0.0250176918270712,0.0247691731952831,0.0209659618768575,0.0249623426085712,0.0218205746542494,0.0217005850877865,0.0184326711256881,0.0314668317191756,0.0286751007564923,0.0203479274496175,0.0308710088586211,0.0259056017259873,0.0193299981892068,0.0200629729457526,0.0235357347617233,0.014643606788217,0.0233149209347641,0.0241516875020637,0.0293183889875433,0.0232590500586381,0.0256263083664856,0.0198713134540347,0.0215391927009201,0.0308081568856656,0.0224041511489957,0.0181101903387314,0.0241658725477841,0.0267880773877427,0.021994958283694,0.0216988356881134,0.0261001560532607,0.0254087965582655,0.0191031129505067,0.0258461838559428,0.0171471671169122,0.0157319952361958,0.0231918047580798,0.0237624308500234,0.019615895998246,0.0279289538207967,0.0171356799369106,0.0260948126403832,0.022594749607129,0.0251082295005177,0.029773579909361,0.0182232442224029,0.0227362068415969,0.0277973320243199,0.03361378973514,0.0244902801247256,0.0228880105248003,0.0180112382731125,0.026422118207174,0.0302569265199295,0.028650436063386,0.0178568537556249,0.0236155127205884,0.0191612096525262,0.0315396341054255,0.0202343895904677,0.0252828328426872,0.0215413858496368,0.0208307280986295,0.0262878489141532,0.0230114723293228,0.0173444345547538,0.0154886189483197,0.0224831585170495,0.0214682916435587,0.0253988674303257,0.0382875510880198,0.0220307439103249,0.0234888264772119,0.0197275700048837,0.0255751894531126,0.0261889724344073,0.031913621498796,0.0163872031924724,0.0262220459996867,0.0214376850433731,0.0242929093696357,0.0169891289016157,0.0213448093017085,0.019935457372806,0.0232651028227017,0.0320593057840989,0.0231874728608502
1681.44554533749,0.0037423180619138,0,0.000278792008127027,0.00553244637511317,0.0137668991425408,0.00505566825488648,0.00800838006326562,0.00580402941292704,0.00985632538722517,0.0095618962086318,0.0018380883197312,0.00271706779552344,0.00496722032206618,0.00670844826001779,0.00519957690651146,0.00852283694317595,0.000886516694010301,0.000931534158801972,0.0121684359057448,0.0019833412534144,0,0.00363329127503794,0.00565703963662463,0.0147096633447361,0.00969116130450256,1.01400029056356e-05,0.00403299401683017,0,0.0100742704796702,0.00463904517074392,0.00523654787919174,0,0.00788719481978511,0,0,0.00186293112811674,0.00171534995902276,0.00815424431990027,0.0063467831243131,0.00647162544052448,0.000395018195732506,0,0.00582766576491257,0,0.00911896796322096,0.00145937387112241,0.0077965424433278,0.00837023157310642,0.00265636410033785,0.00165338453082932,0.00901395782886016,0.00501061497636818,0,0.000240463293416601,0.0083911525964965,0.00555543648136061,0.00567242820255765,0,0,0.00200741497671285,0.00201910595583494,0.00185848145823107,0,0,0.00662680372910243,0,0.00841730519943815,0.0107323610156258,0.00589572496232964,0.00376143262702681,0.00914177055700287,0.00784344649159214,0.00427693508862229,0.00652410876241996,0.00339768778445942,0.00321668171430049,0,0.00960427276872134,0,0,0.0103401266226205,0.0123002721638908,0.0079087885641676,0.00374481463625389,0,0.00420276905484553,0.00845296905855157,0.0123831746076353,0.0110917219561899,0.0110253963511372,0.00897889792700239,0.00271096669546685,0.000330863235671175,0,0.00214089777743758,0.00612508064424227,0,0,0.00339507409175452,0.00265613445554438,0,0.00599229379240289,0.00157556357626589,0,0,0.000416300189192531,0.0118054647231709,0.00302166938918954,0.0108064810569487,0.00176824255823501,0.00131047436289477,0.00174608914037268,0,0.00588016105417871,0.00946999402942225
1684.07189677761,0.00479025986989968,0.0182182125851616,0.01711295308385,0.0190310546417248,0.0240246445602873,0.0089064769035936,0.0085661484955869,0.00747457430005751,0.0103902419176464,0.0051639538251495,0.0137645160050795,0.0145313960717966,0.0150534116441948,0.0180352464670575,0.0185688692626231,0.0200641627601454,0.0195077336114863,0.0129741337271163,0.0198374610947618,0.0178209757197758,0.0169535256808225,0.0116170898969017,0.00674751848207991,0.019017323096692,0.0156775398876095,0.0144866557558478,0.0127711405497283,0.0114518042198102,0.00783533288248135,0.0181084070792706,0.0125239493931001,0.00884596593157525,0.0133254199321319,0.0101707302995802,0.0159990065875369,0.0129160473542085,0.0128815994609472,0.0147557389339259,0.0140935937921466,0.0213055265614774,0.00978871221024437,0.00746727941995095,0.00473454067984531,0.00600905107112912,0.0226031825635915,0.0166511158202599,0.016532500569866,0.00666646362148625,0.0141160940150074,0.00927223529173919,0.00681707928809271,0.0139140755949404,0.00551917324432241,0.00517635531256091,0.0234158284889041,0.0131132499095484,0.0135667886300626,0.0165912724760592,0.0155638316730515,0.0102636421734361,0.009117434004071,0.0162405359342274,0.0152984788758976,0.0151051315380507,0.014266046956559,0.00962289053888438,0.016814252383584,0.0106839797812665,0.0119601632390635,0.0176038968451431,0.0135692063086506,0.0094481730967109,0.00698552265806705,0.0186908490083738,0.0198918628178243,0.0175944799498584,0.00700972977616164,0.0100729447152372,0.010145996914437,0.00673706765805419,0.00914972927859996,0.0176529148979073,0.0165968765461157,0.0187792818585218,0.0123687142510901,0.0190518991655874,0.00838993357960934,0.00955189861927847,0.0115575844581072,0.0147879516282347,0.00671733914379445,0.010307523517136,0.0149235049926962,0.0153629348106801,0.0153380217164098,0.00938110560434448,0.0135504351852049,0.0146037122336143,0.0160116971066226,0.0141580949305861,0.0201011162040231,0.00974251952502988,0.00918806764195349,0.0149557052619813,0.0106413636060671,0.011783757137501,0.0144814353143329,0.00464073080644545,0.0134957500480767,0.0128666709254629,0.0206037319763826,0.0198964461724477,0.0171671899719661,0.00799758220850981,0.0138579492720098
1686.69648036825,0.0152484683724422,0.0143625171838783,0.0182536846947389,0.0163829051516489,0.00455491973435743,0.0077952152226162,0.00860723495566997,0.00296954988433829,0.0213219595537947,0.0210243898243657,0.0124187185323829,0.0135996940937033,0.0134642213727062,0.0131274025784701,0.00958599402631095,0.0128972599895417,0.021674660550567,0.00802263584753649,0.00938177307009131,0.0227475974067279,0.00659611727652085,0.0112060097225132,0.00733296795630786,0.0107250712286625,0.020595883236146,0.00553682598683811,0.0116539136178089,0.0257347695461389,0.0127908194344182,0.0164474285165882,0.00625771995330496,0.00858624509594686,0.0204069270034331,0.0173121807449487,0.00711091934265481,0.00953021534134347,0.027440632017989,0.0136622456900682,0.0157569502612988,0.0168424901882869,0.0125554662466515,0.0118264581043942,0.0108592502364693,0.0141201829269656,0.0149731999279775,0.00475605874773014,0.0176052888386831,0.00499365193915349,0.0146870631594857,0.0125294099174178,0.012780777410849,0.0172573423119939,0.0194217286458385,0.0140317311326306,0.0132976369192373,0.017253606882487,0.0169937738355916,0.0132578746582679,0.0172033907097978,0.0135572343533705,0.0151489394144026,0.021208108938066,0.0141432802682893,0.0219175996340745,0.00875074599401944,0.0153338357223221,0.019653659891168,0.017292653386986,0.00524019239336153,0.0064543946794328,0.0191436614583894,0.018841086179326,0.0158022368550293,0.0137061086613988,0.0116316627255725,0.0025297840426561,0.00695498414806957,0.0144033040701473,0.0150093604049993,0.0150590486491138,0.0118428136806091,0.018704809790501,0.0127942607401996,0.0153679831109562,0.00790155513759069,0.0102215573498484,0.0143796281255948,0.0145122458081245,0.021804984665314,0.00707318873831132,0.0146084593923439,0.0261303223245369,0.00363977961452786,0.0228263080531796,0.00923350517345761,0.0171443680495383,0.021272757623735,0.0156588582648322,0.00933674973144945,0.0124715822256536,0.0206813217672411,0.0162506849697474,0.0102978411823329,0.0151782731403384,0.0181964401108701,0.011165937648394,0.018288987122311,0.0185157277304981,0.0206696563098035,0.0144876992061635,0.00727283445710563,0.00782203193371529,0.0111491307823056,0.0117765531953111,0.0129628190761049
1689.31929773902,0.0069795165791396,0.0105380396776459,0.0112924287577701,0.0143051434171955,0.00838112617271998,0.00727017346560166,0.0141639096711144,0.0137335952333195,0.0180990971874395,0.0101283014748971,0.0085461215057474,0,0.00871298832468237,0.00716550294015637,0.00511098125770073,0.011824303705054,0.0112339491367843,0.00639707779500318,0.0105111680654588,0.00965106439291425,0.000655004948196993,0.00398006784639946,0.018668775937697,0.00740539687910367,0.00522274479254809,0.00834734201643034,0.00342765422013274,0.0180443649786117,0.0117163804429656,0.00723647652618115,0.0052457367511028,0.00935816243427031,0.010866167023906,0.00533272446731225,0.0225060002519203,0.0189753777149658,0.0151409515457032,0.00818520775298074,0.0130045965423068,0.00247034258980379,0,0.00642243486129513,0.0120407883356334,0.00880370195057603,0.0127950688727718,0.0109715788190387,0.0115646400667489,0.00828478814594777,0.00546143995326592,0.0130722555871082,0.0128136724282028,0.00217930738129812,0.0104997663251894,0.0151416835004406,0.00712678901282708,0.00762407929758129,0.00526719031661439,0.00995540564466434,0.0122878243868632,0.00911407101820663,0.00858691485778013,0.00898249844464575,0.00858376753896327,0.00441850557290832,0.01700146327439,0.00693161723757264,0.0113460787760078,0.010680271653242,0.00913848404762288,0.0103502894013265,0.00968952700344904,0.00721050825346718,0.0136018585044169,0.025381772521154,0.00450450874813641,0.00529179318151249,0.0102313254024901,0.0105550691924296,0.00898789474979744,0.00560511355398324,0.00410879394052266,0.0132905998257272,0,0.0153475960274874,0.011786636451874,0.00307696010831639,0.0171155012517629,0.00952655997917602,0.0109553830226993,0.0114452665326065,0.0101622628162979,0.00810937433719993,0.00102330184605479,0.011404671563958,0.00371279037529054,0.00535569958599941,0.0151750981568719,0.00950364125657973,0.0131823165482138,0.00090163880823812,0.012388588194089,0.00860734633331051,0.00926103695337113,0.00787770879368119,0.00817282991262808,0.0105785901785616,0,0,0.0133997260300453,0.0116654133396012,0.00947035562624529,0,0.0111951813442641,0.00797645457804625,0.00944256516014244
1691.94035051744,0.0147417431882581,0.0221669009969584,0.0152075599682457,0.0203475305136304,0.02576444933739,0.0162085235911342,0.0104302287613205,0.0239656709863283,0.0132708815733474,0.01894420854171,0.0139155085590024,0.0133603044497174,0.0103771986378579,0.0158722889184462,0.0202526610520518,0.00416885773354311,0.0101657591828642,0.016884586683514,0.0166236558580666,0.0146400908512944,0.0117356140925681,0.0115308976988498,0.0102051668286549,0.0183937514950102,0.0173426377136846,0.0212428085192022,0.00841430602164699,0.0153361744442257,0.0200407541684232,0.021338014450402,0.0188920098317447,0.0136623947905389,0.0185485666972003,0.0147261347672332,0.0147815087741901,0.0173210500455552,0.0129569487688018,0.0264707383940751,0.0197332912593717,0.015739921374555,0.014854365898521,0.0113882386638833,0.0132543298281766,0.0164388733037598,0.0155267745230084,0.0194788035260324,0.0121502419351935,0.0148957433555794,0.00773365169119677,0.0158425131432464,0.0134196978765751,0.0190068044024488,0.0155457564180335,0.0251707373109981,0.0160919173916354,0.0158577655401975,0.0160706557451626,0.0204458290756148,0.0167346850944922,0.0141347912281466,0.0212675947407272,0.0151243338645123,0.0163617793978663,0.0112969243091173,0.0159437126640113,0.00818194914018958,0.0148090599010573,0.0167991591614956,0.0113967286662125,0.013721707891142,0.0214629742013996,0.0177743343089363,0.00756615031572163,0.0215691341346843,0.0161359220112897,0.00752914824630474,0.0234396633965773,0.0143998682789555,0.0171876512105288,0.0156597646031624,0.0189725938726572,0.0154862148922065,0.0172600341422318,0.0103196105901136,0.0173674380869081,0.00919795822087581,0.0122180788382672,0.0195387871845281,0.0174718542309655,0.00872432776390052,0.0181180724147493,0.0223550428838942,0.0130113780161832,0.00947281643402243,0.0158994693762158,0.00758639589653557,0.0201895490039669,0.0150779370534912,0.0154029464036908,0.0158021940177135,0.0197118663744955,0.0135407170978406,0.0115228077814645,0.0172295076325662,0.0211278685257416,0.0165758263592305,0.00508256849540054,0.0102421891587821,0.0100580102506016,0.0155864857410723,0.0205547315003153,0.0167767519226677,0.014015049010393,0.0156225487755949,0.0133969984443002
1694.55964032904,0,0.00298334633622558,0.00342972454194342,0.00215475035186945,0.00909232492710171,0,0.0144059433954641,0,0.00465501948511076,0,0.00140801762265093,0,0,0.0018389779111692,0.00297018051277075,0.00481228425324681,0.00583173685386172,0.00433740274760691,0,0,0,0.00226136118622347,0.0119562558140979,0.00470165754463208,0.00203115713019495,0.0101538749369089,0.00848917878046901,0.00660813343050047,0,0.00298344410593998,0.00331197963043428,0,0.00423674497499287,0.0115654788780208,0,0,0.0063231700028953,0.0067082528566715,0.00759410718151288,0.00142977568544668,0,0.00441461755045859,0.00565554964414659,0.00526324279141514,0.00365066382008687,0,0.00342438482108844,0.00180674635248349,0,0.0043683684341231,0,0.00567041808780986,0.00166975244348584,0.0130122169733674,0.00383061231254526,0.0039953180659093,0,0.00124196513378526,0.00529583848085716,0.00420595363232967,0.0059859037866944,0.0062958239382494,0.00920165233903047,0.00405480815202094,0.00173187556392086,0.000977910590225913,0.00433056832519509,0.000310340381293331,0,0,0.00649465756305384,0.00122016669119437,0.00929632359089744,0.00226835215659779,0.00301342231456959,0,0.00147495780960072,0,0.00467883274533757,0.00682584217602095,0.00744761489436764,0,0.00211853066348109,0.00308373506980065,0,0.00211682049327031,0.00680440129962054,0.00851915735146055,0.000724699788429973,0.00493852450189761,0,0.00439636465193064,0,0,0.00878496731360155,0.000336810680014699,0.000303461672116656,0.00620051697760262,0.0143425721449592,0.00815087888709795,0,0.00105006011319623,0.000748304565228003,0,0.000495114448277651,0.00512659447439222,0,0.0130988274805553,0,0.00164072560324217,0,0.00204832918602073,0,0.00318765752036817,0
1697.17716879727,0.00829225430956986,0.0130230464910834,0.00849316460183821,0.013652731156612,0.00489551043198566,0,0.0156721024117449,0.00671751397845785,0.0135305211257537,0.0169897352878216,0.0140048816089278,0.011709928834503,0.00422053208844264,0.00572759664050193,0.004745115938059,0.0148570462703483,0.0196625368023141,0.00939544581425827,0.00968745488611379,0.00994090262457991,0.01755181126021,0.0140883559586298,0.00998714054637133,0.00751442966098747,0.0136637564620849,0.00859168352951968,0.0179326020687848,0.00891382496474245,0.0147436454278118,0.0138975412732873,0.00970461219321752,0.012364108171894,0.00607393621187981,0.00570070998821518,0.0121026666250161,0.00798432034071505,0.00924515714008962,0.0178831001665857,0.00938318683907816,0.00813506077366317,0.0172802982493123,0.0110759160033473,0.0119085812584385,0.00542451849320177,0.0118651943607254,0.0089061032623915,0.0117671243040287,0.0117692311210833,0.00691368229955187,0.0055541813575836,0.00334417747131039,0.013056165456672,0.0156984843404999,0.00588475184811544,0.00670558900969363,0.016323003174305,0.0147155892973239,0.00959310409581217,0.0141972382149583,0.0176126611463772,0.00939831976617793,0.0169463280987563,0.0187059175859089,0.0155290217161285,0.0216141630592055,0.0153095209376139,0.00562295490231729,0.0191922163331238,0.0199089320455826,0.00777028204614105,0.0110808725621577,0.0151718068864953,0.0110584934546522,0.0101599512215006,0.00754820774598056,0.00820608172676711,0.0136453289156573,0.00740599887134304,0.00802887679863894,0.00414522587402598,0.00310919527543847,0.0113076897220722,0.0125965463184698,0.0199559263880208,0.0108731811417971,0.0198812826497068,0.0145609410189904,0.0086176002766615,0.0138037291918197,0.00502000691324885,0.00657715003909323,0.0066845609416377,0.0117148841400745,0.0114844329614318,0.00612130720719381,0.0121425611205413,0.00925915916259198,0.007938812063954,0.00944927294074605,0.0159540680851357,0.0138628913540306,0.0153186430186473,0.0172306802290719,0.00178075527550478,0.0129806041224987,0.01282400383839,0.010714247536311,0.0248780298236211,0.0173867166302411,0.011777729665323,0.0029675185089538,0.0187093086239404,0.0131698467006374,0.0103528757218011,0.00705286663836955
1699.79293754356,0.012839228622409,0.0104265279129678,0,0.00469065487649205,0.00289413683368359,0.018802656521182,0.00764837406118145,0.0136616332802446,0.0115257288623867,0.00348622839683495,0.000538304792614865,0.0104198685291645,0.00597728873812851,0.00368332497775498,0.0093497792688518,0.000682786062154419,0.0033023004356905,0.00954223769175339,0.0125942487341912,0.00134719189588245,0.00187465901035922,0.00909528804374358,0.00965760836977574,0.00761247188487644,0,0.0109712225475255,0.00433970840419123,0.00740041110901611,0.0154490118827605,0.00426759874279726,0.0041116533540197,0,0,0.00315130221088817,0.00281750936391869,0.00531095585714024,0.0133198303724795,0.0119817393697066,0,0.00879734441747478,0.00245053701668208,0.0128718059646651,0.00271624201559381,0.00184907410361659,0.0081830098576242,0.00225572478064594,0.0102491255746209,0,0.0060058363014832,0.00677159638844757,0.00567049603751203,0.0115273811651781,0.00801823186447503,0.0076768444890447,0.00849370440421669,0.0039537383972521,0.00705689608423107,0.00586537865261511,0.00282223244189281,0.00774729969921162,0.00680458683674331,0.00484794159856253,0.00384707721221529,0.00835382161338039,0.0124101803558276,0.00760677526523972,0.0108609282153506,0.00552756032629217,0.00108907227074182,0.00956918913947692,0.00677474737622467,0.0108709357843905,0.00456634530816564,0.0114323622116714,0.0104626833637165,0.00775817837784134,0.00934510953893724,0.00368243143755825,0.00540671884485496,0.0126264117844056,0,0.00764072639848802,0.00405154033516678,0.00662499405238297,0.0182137231674049,0.0073500724383628,0,0.00486799434548392,0,0.0089689240461306,0.0061973581239618,0.00463334292492852,0.0130036389816902,0.00702090908803771,0,0.0116707389517933,0.00771974026166761,0.00859491161023042,0.00293149211940034,0.00836628286087651,0.00291720587576126,0.00670879032344787,0.00706458466826203,0.00568872476814918,0.000416964235990189,0.00853687845126448,0.0124765960053878,0.00835048102235625,0.00411830352882901,0.00796348766408891,0.00916522046006865,0.00349593547365713,0.0177311913181122,0.00450387978369702,0.00579114806291425
1702.40694818732,0.00693556642212813,0.00841277134332237,0.0094986582324975,0.0016923019352353,0.00471151362963394,0.00290216041905206,0.000754021139561343,0.0127381408434735,0.00846180747856948,0.0146154979538232,0.00552455490242487,0.00405033596557357,0.00616896891558597,0.00275436877336649,0.00559271109120792,0.00527981386922857,0.00455768678883385,0.00477792907889756,0.0122320707468276,0.00865124411812802,0,0.00676730383616284,0.00239239535734248,0.00444679700474556,0.0156021300973709,0.00500528648241854,0.00341109366061915,0.0059188178838572,0.00296194666605971,0.00279029879652432,0.0126550916204373,0.000191660032421273,0.00178719622858543,0.0028229861478303,0,0.00600838742292179,0.00678281779182679,0,0,0.00617785585668812,0.00651800360635337,0.0108907025512753,0.0123510411402268,0.0133792794302379,0.00615828471754108,0.00241738905545619,0.0137092356800786,0.000548169206747276,0.00240025805750234,0.00472637218550407,0.00911252792983888,0.0145046658615107,0.00761702830555077,0.000613323090826989,0,0.00369691430784913,0.00674302090297713,0.00547216703060811,0.00629901908530401,0.00679157405241088,0.00259603952799517,0.00500565415467603,0.00565292960250937,0.00800612156567423,0.0125778040995952,0.00842554013170146,0.00271686816555928,0.0161904240250687,0.00570389858333603,0.00472743780793987,0.00975219279714212,0.0104806467829386,0.0091551257868204,0.0149543864458155,0.0090030379725361,0.0106789758296459,0,0.0103889572606052,0.00772811539491564,0.0050019014740817,0.000581068050574575,0,0.00152712456668042,0.00620421978207985,0.0100541938429591,0,0.0131976202358434,0,0,0.00856542463046937,0.00978638847733797,0.00479924252036385,0.00730789477181569,0.0152005046822318,0.0058615841959351,0.00675476167291017,0.00399600033428526,0,0.0124557043041988,0.0063186374190922,0.00981440056746415,0.0106762391074133,0.00945417150452538,0.00459258780670869,0.00763069330752254,0.00810410954729358,0.00161184919150938,0.00741376578173856,0.0176043911178919,0.00865590614126306,0.00653914536793748,0.00426888670006163,0.0119051873378317,0.00466592786809339,0.0066891378169169
1705.01920234591,0,0,0,0,0,0,0,0.00394719510404877,0,0,0,0.00180028721731451,0,0,0,0.00494858002640933,0,0,0,0,0,0,0,0,0.00261273101231944,0,0,0.0011685332987786,0,0,0,0,0,0,0.000325847205737617,0,0,0,0.00104527766108489,0,0,0,0,0,0,0.00204670410364652,0,0.000192470904663084,0,0,0,0,0,0,0,0,0,0,0.000477221992956808,0.00142913268526967,0,0.00130628247316299,0,0,0,0,0,0,0,0,0,0,0,0,0,0.00139765232867249,0,0.000161118661238414,0.0029860509268877,0,0.00349248450556466,0,0,0,0.00525531776730425,0,0,0,0,0,0,0,0,0,0,0.000751895741420843,0,0,0,0,0,0,0,0,0.00527136150603951,5.64125027203359e-05,0.000685868468989542,0,0,0,0.00283810713093244,0,0.0028212843428792,0,0
1707.62970163467,0,0,0.00304269686130542,0.00388073036288467,0.000866249311476896,0.00726117856458409,0.00406340560623191,0.00704044462076152,0,0.00690253313140843,0.0028027839570799,0.00418091268710115,0,0.00370083446055389,0.00153260082112521,0.0107123522627655,0.000569922421014734,0.0184104422101629,0.0187569430500894,0.00694263263309515,0.00710483226796234,0.0164266475250552,0.00886068219559794,0.00479895012693845,0.00558309472747474,0.00601671502240383,0.0142823737739281,0,0.00783974793585977,0.00209500945011156,0.0162509958483867,0,0.00461512356462364,0.00883024105219112,0,0.0113944503688669,0,0.0077170554394586,0.00407422478690937,0.000481831223692764,0.00420798231932172,0.00593662607865405,0,0.00154322697992407,0.00166019163415177,0.00340368443213473,0.00698615814112956,0,0.00675276430435211,0.0133602890612011,0.00850469808243712,0.000986134225019535,0.00858384407550531,0.00991314492306393,0.00230360271930537,0,0.00115326611418647,0.0130384671446615,0.00950751988479014,0,0.00799762806758489,0,0.000489987997202041,0.00514786216886041,0.0091635049733322,0.00733593826897242,0.00665102822301598,0.0022732555992744,0.0111302580756139,0.0057065411942996,0.0124580955541959,0,0.0106961778211367,0.00602197986302316,0.00838419073822049,0.00104639715005173,0.00818510769172665,0.0118568070547099,0.000458940469071732,0.000980055245713882,0.00863734134469811,0.00494795852836892,0.00855200978575488,0.00769955582722051,0.00326252383417714,0.0046897448086355,0.0103191292959637,0.0071166301587614,0.00413339530466442,0.00675777621866679,0,0.00631934047931866,0.0078877453116808,0.00696038424604434,0.0051788767061215,0.00820978075759256,0.0104957457932924,0.0024004115084267,0.0161423586003337,0.000116667542485061,0.0136898303656492,0.0072512844052604,0.00779649874199228,0.00149088160059649,0.00401205997155212,0.00296349080123545,0.00639650350755821,0.00730468729419659,0.00514499989373966,0.0112561615288496,0.00193658667666965,0,0,0.00671651871947357,0.00858614430766217
1710.23844766691,0.0159004606106491,0.00807272951302965,0.00772618916137812,0.00852855696110073,0.010353401287971,0.0119862176180948,0.0115255843025858,0.0169390912592201,0.0120132065199882,0.0181283595534381,0.0247724765663623,0.0142586285715533,0.0143814102083838,0.0169618749211063,0.0191364395245194,0.0181620364777087,0.0222525711792292,0.0219795428937469,0.0129901964677144,0.0137961493976986,0.0140293806392421,0.0163019860705451,0.0290260488037754,0.0121610209414038,0.00638827211660542,0.0208136150790929,0.0156470590055606,0.0132187947718111,0.0020620485809773,0.00666742190749206,0.0102588787934212,0.015182838323278,0.0243441905909872,0.00531632306049569,0.0128427519986041,0.0138572773458003,0.00585487943152453,0.0113276826284858,0.019920458300113,0.0117632038846952,0.0205797814183701,0.0247292228227142,0.01160259925113,0.0158617070270429,0.0116568192254041,0.0115731696607665,0.0132907103582874,0.0215014515514392,0.0158031694915488,0.0119602937778871,0.0207145895946381,0.0124498830990544,0.0121820046760456,0.0185000906260258,0.0182067950978538,0.025565221193662,0.0155630875198204,0.0182459174516691,0.010886166478496,0.0179890663698232,0.00498341744478727,0.0117854034275731,0.0212428723536331,0.0122621725287388,0.0264589322655758,0.0173106699672048,0.0142578807087005,0.0124804684213469,0.0108276911115729,0.019868783402252,0.020553630066401,0.0106118494412271,0.0231168308868598,0.0157394729009671,0.0103268787636355,0.0240841243341878,0.00786204842303824,0.0170169827385912,0.0121540975118419,0.0101478498269919,0.0132637250085403,0.020354634852235,0.0115685373480227,0.012415524653976,0.0101779112139596,0.0110365964304092,0.0122126713257986,0.0112572225182922,0.009785246344412,0.0174099261239407,0.010632756755447,0.0136838541137621,0.0179418323992031,0.0173392298969747,0.0148290627100205,0.00730733531256162,0.0140710178246201,0.0204542222959145,0.0163779021757034,0.012487083008631,0.0217996423469229,0.0118595292637127,0.0189955406431194,0.0186244206432667,0.0145258783749137,0.0173716562596345,0.0170927567189137,0.0225798813081371,0.0226242948794191,0.0154016053021221,0.00881601576165953,0.0183387274815384,0.0187529576664804,0.01023608402566,0.0196851257019323
1712.84544205395,0.00957456374423859,0,0,0,0,0.002318889897942,0,0,0.00253185361040288,0,0,0,0,0,0.00487677483620287,0,0.0060519432456929,0,0,0,0.000161079280800673,0,0,0,0,0.00660055378749842,0,0,0.00127621189365908,0,0,0,0.000591068059883294,0,0.00536902455641092,0,0.00617162304183376,0,0,0,0,0.00220034822848353,0,0.00168016733469829,0,0.00621657366184951,0,0,0,0,0.00152189295315673,0.00549372941299872,0,0.00156766961889268,1.78861670419116e-05,0.000141394246643005,0.00244711962299198,0,0,0.00107195116520175,0,0,0,0,0.000933955327780855,0,0.00233477144982087,0.00449842816205248,0.00164266579246145,0,0,0,0,0.00276412662581658,0,0.00322213389254522,0,0,0,0,0,0.00276911414312106,0,0,0.00547690116468605,0.00418238787737911,0,0.00101871280292427,0,0,0.00198595856965528,0,0,0.000952598490342989,0,0.000282787812636907,0,0,0.0011879066152549,0,0.000445075296612417,0,0,0,0,0,0,0,5.18128619585633e-05,0,0,0.00549147438876797,0,0,0
1715.45068640504,0.00548828785530167,0.0186572048895361,0.0161076133974073,0.0141470413096804,0.00832270239508073,0.010438529198164,0.0155823653754652,0.00184903016108933,0.0132709875203058,0.00678307239845354,0.00740942642316723,0.00589038252122301,0.0171770972877683,0.00454347757941155,0.0152713917138753,0.00560155504985097,0.0162596866589187,0.003402676253883,0.0191606987032736,0.00681103906708524,0.0109886592695117,0.00719799970590679,0.0104982987694779,0.00556409155381838,0.0174317776131719,0.0119686011473858,0.011882990257021,0.00779521905368939,0.0154007607763746,0.0115755570425945,0.0129965687876344,0.00583659695190845,0.0128654049110916,0.0186340243237616,0.00895123320728473,0.00663622459630793,0.00988283491562715,0.00761011156821107,0.00946509639873299,0.0161993392811677,0.0112531625878653,0.00691074167560832,0.00684734183103694,0.0122953122958473,0.0100584811428413,0.0161472665647062,0,0.00731424271251593,0.0154386484170475,0.0141991108564245,0.0159645613949649,0.00863626675837878,0.0161317884340296,0.00966460522020483,0.0103924983647523,0.0167383294456508,0.0129875115041968,0,0.0120952647642354,0.0180336650693418,0.0138728311391113,0.0140612415138909,0.0135021422507664,0.00394798421671223,0.010053550087599,0.0186907779515952,0.0122449365048704,0.0158750920238227,0.0147786767368305,0.0076986120212259,0.0117434875975099,0.0101236752634166,0.0165684694145056,0.0097764507573996,0.00604901046900527,0.0202081912918421,0.0172133738928134,0.00718410280320468,0.0138097532457567,0.0146702753599886,0.00775176719912676,0.00795327020860533,0.0127995566525419,0.0146672415376492,0.00968437765592967,0.0227262569524206,0.00295778157851281,0.00910531931839371,0.013600433220618,0.0196309214973468,0.0175498868820797,0.0126652069560285,0.0143997764965798,0.0192789897064299,0.0176569302719002,0.00895751946375086,0.0168867277844964,0.0120959606876156,0.013634179084114,0.0108867502449296,0.0175269988223051,0.0162631513146848,0.01263364759136,0.000610851083254834,0.00790315207554522,0.0156983912795776,0.00831130131845997,0.0121099035217618,0.0148123306032144,0.0114854582166467,0.0104958719301087,0.00147974665095384,0.000815387805901042,0.0157416100277685,0.0122181406893407
1718.05418232747,0.00198663407492459,0.00637360047643775,0.00462328345236631,0,0,0,0,0,0.00985723318455982,6.61721931253239e-05,0.00645294916116655,0.00175397230852821,0.00957766387066119,8.50844006539282e-06,0.00443484272959358,0.00322867957435226,0,0.000478517837771175,0,0,0.00760036268653379,0.000852086471086872,0.000747519277400769,0.00313723040737951,0.0100945527778511,0.00955061517928708,0.00840225244048655,0.00265695076330968,0.00200726016655231,0.00433136095472916,0,0,0,0.000991668768088669,0.00374646759914254,0.00863969407401094,0.00466393196915986,0.00193786449646595,0.00261904839769468,0.00935440103309314,0.00830403322960871,0.00240373795257377,0.000650502336648869,0,0.0049697425432206,0.00238281886285075,0,0.00438041892606011,0.00493201816767164,0,0.00279881904306892,0.00398372851649966,0,0.000574665925382791,0.00457688185755589,0,0.00331414957330312,0,0.00973052004608121,0,0.016445496175277,0,0.00552265182734859,0.00323970421410081,0,0.00387217556240281,0.00542026182693082,0.00906280520561167,0.00343086356279066,0.00416546337450529,0.00655159747891132,0.00106380862072823,0.0114105445587742,0.00185631067430842,0.0108446101695048,0,0.0043354735573985,0,0.00813679485880238,0.0050168712102877,0.0014666162283989,0.0126280843811142,0.00829223654120869,0.00660419078569276,5.68750384321288e-05,0,0.00440106210949359,0.0122363353773194,0.0106806040585484,0,0.000537098138179809,0.0113850922402638,0.00566161218811398,0.00611110487081588,0.00144464933758536,0.000320079283816111,0.00726278295478174,0.00239571095649711,0.00568656350026645,0.000221194743239658,0.00347516883125108,0,0.00541851736190478,0.00374165443072014,0.000906205494748328,0.00344040387858453,0.00974845285815992,0,0,0,0.00142227072334062,0.0162058677523015,0.00121940350267858,0.00576923475312415,0.00268902182551296
1720.65593142649,0,0,0,0,0.00696215943539271,0,0.00661241422284829,0.00156721815070468,0,0.00103582495421325,0,0,0,0.00472225897403416,0,0.00144001176439948,0,0,0,0,0,0,0,0.000742500055842813,0,0,0,0,0,0,0,0,0,0,0,0,0,0,0,0.000333171228101842,0,0,0,0,0,0,0,0,0,0,0,0,0,0,0,0,0,0.00416978806767319,0.000263613708471996,0,0,0,0,0,0,0,0,0,0,0,0,0,0,0,0,0,0,0,0,0,0,0,0,0,0,0,0,0,0.00129230731032979,0,0.00155055891665276,0,0,0,0,0.00178703420306744,0.00487430010387067,0,0,0.00170660745464225,0,0.000613850975777757,0,0,0.000346518229457021,0,0,0.00232826111568241,0.00100700353188252,0,0,0,0,0,0
1723.25593530534,0.0121858731492085,0.0171558637110542,0.01537345984855,0.0171589231699595,0.0063306759917472,0.0100299928243244,0.0257582396463323,0.00599222185558647,0.00476620952209072,0.00203857442033035,0.00566383320240031,0.00379820360369448,0.0120339503600274,0.0110946638655558,0.00412508682390272,0.00905419216385818,0.0141086650130488,0.00845786524074865,0.0132594750652933,0.000409408171434583,0.0162705998137752,0.00932437101764952,0.0183262941083706,0.0132066982671083,0.0119947823493676,0.00984148526669795,0.00263802707527208,0.0111829550580134,0.00507492551682506,0.00834824818223962,0.00950296200788957,0.0133203176758781,0.00637441995621571,0.00247019651521858,0.00666272305100725,0.0110752748676122,0.00609125121417985,0.0171838436777865,0,0.00349340395381733,0.00528004211841315,0.0114451893984046,0.00549425820592626,0.00127012450353126,0.0187435131242169,0.00715770833622085,0,0.00573689760121853,0.00804333713268845,0.0125865272930816,0.010168750723417,0.00931862232247858,0.0050230655867581,0.00971274683052453,0.012065850196244,0.00922793178382842,0.0127546660455566,0.00458588755102843,0.0105895929400892,0.00697301037685329,0.00632064741388271,0.0124451720715923,0.0140573907012825,0.0041923758393486,0.00244830548922294,0.00998832236538524,0.0108781250084686,0.00658064409551228,0.00925243719113633,0.00609630434678663,0.00686620303782213,0.00631469703463127,0.00506201124337958,0.0238084980655968,0.0150279003448828,0.0129737031143837,0.00508035285859376,0.00718172175821734,0.00289236465414398,0.0036177863995826,0.00110315716946148,0.0101641353894161,0.0108096062841901,0.00793530864752823,0.00641894947813937,0.0079765748679748,0.0106705798362097,0.00640373839562138,0.00873011928501812,0.00484840288722634,0.00934535461232733,0.0116549484765795,0.00123883388607813,0.00877526032799578,0.00944294141285257,0,0.00639717145371323,0.00927610348583868,0.00148384247564358,0.00818254998951753,0.0133197755099046,0.0102931768849658,0.00796763579843359,0.00607464557537885,0.00622424108810295,0.00305250457152837,0.00611662630022925,0.0111013226783047,0.00361799372477029,0.00753682707696033,0.00994071952812799,0.00340067397099275,0.00541839760374292,0.00440447936535887,0.00606017657967643
1725.85419556527,0.0264387900014523,0.0220461523099051,0.0273058169903579,0.0225432468267927,0.0241277284416415,0.0199473487531889,0.0230031394411809,0.0223025168553545,0.0221856472348167,0.028222142867873,0.0211818792867866,0.0227552580172888,0.0252824111687584,0.0375592526194259,0.0208075668902051,0.0288271547563057,0.024996905657411,0.022107601341687,0.028047891417926,0.0271557111714787,0.0283294444910721,0.0283558442981887,0.023681657253424,0.0350386269728573,0.0250772504872915,0.0304231671221492,0.0272674710566569,0.0259477524535167,0.0176792505257431,0.0206925137548301,0.0219854036119376,0.0275509114171144,0.0295280142176806,0.0341772336528511,0.0318711206236652,0.0220816817886745,0.02674316250607,0.0187865334514147,0.0278604499884317,0.0249096227019942,0.0285093143750445,0.0326117924338759,0.0303546574025852,0.0351663082220578,0.0283895839732661,0.0290871444461448,0.0237767590498239,0.0198931774385818,0.0265756533201642,0.0179717145008792,0.0252849098387549,0.0293716950653,0.0300030855008187,0.0318294270897349,0.0186576569005684,0.0236669750871287,0.0301815483653309,0.0331091023181795,0.0247912259537419,0.0212928698499908,0.0216172140893019,0.0290127942124005,0.0244732210315454,0.0251027409347987,0.0265336242524126,0.024699090410712,0.0259557830881903,0.0285806243018873,0.0247505216752354,0.0276866879448007,0.0212975562307947,0.0233961227982186,0.0149203279151886,0.0265209101828225,0.0320412588060473,0.0256437440677977,0.0231039331236921,0.0267665965199973,0.0235150547864386,0.0268974378809783,0.0262895877098812,0.0181841918260559,0.0162013288728711,0.0279680819062073,0.027401335308372,0.0327196487660086,0.0242563602983233,0.0223842068706251,0.0313690007150813,0.0145998860072573,0.0188613624991619,0.0235861535398893,0.0249852043188484,0.0293367054993282,0.0220540751159997,0.0244038821786098,0.0240204877516257,0.0286423039248707,0.0245515715356486,0.0251573209313756,0.0249721336765919,0.0270964356714813,0.0280776838416388,0.0203867151519106,0.0260105838562029,0.0225691717485236,0.0252648006196324,0.0271316348734108,0.015169663682515,0.0269823031307447,0.0247656927414799,0.0165785969412164,0.0333435908068424,0.0227967332104069,0.0253394884951024
1728.45071380552,0,0.0148526829482653,0.0116180495356484,0.00585141760494757,0.0138228850196906,0.00881549802968806,0.00986312172769757,0.0093023033660594,0.0123581343671206,0.00742408760815411,0.00859146888532628,0.000350129157213864,0.016216393877477,0.00929833572186697,0.00562746683756271,0.0028877038504368,0.0144877767877965,0.00558519382671765,0.00215675111731164,0.0123558842850555,0.00918332384276826,0.0105573204499672,0.0108476276960431,0.0113248946831302,0.00798406630347117,0.0175276856493199,0.00524506904306609,0,0.0115824680041049,0.0108700385396554,0.00837806455205443,0.0138093474822796,0.00866312677367355,0.00681928597259978,0.00915821572002445,0.00863408337918229,0.0160569604587378,0.0104891615201793,0.00613904784032953,0.00936040614129065,0.0129326091060937,0.0135461026962467,0.0132379621718547,0.01041583782851,0.00608061405816553,0.00924318022771536,0.00777902112486151,0.0143514811014159,0.011289390460999,0.0107616637433614,0.00791542692474976,0.000809806465219276,0.00428793942764529,0.00676399031003154,0.00794100234845312,0.00708434005860397,0.0138967703853922,0.015425826148599,5.6378545454892e-05,0.0184457365220835,0.0138934681208073,0.0106093111520308,0.0205073112468228,0.00188873141285272,0.015491001247533,0.00662623478579082,0.0131200275743844,0.0103053161034525,0,0.01539041450229,0.0106625090366129,0.0144696903844674,0.00823955845789671,0.0159643416462178,0.0171423915337404,0.00553711684866053,0.00650649845117127,0.0108105329342266,0.00323727473407835,0.0112571516394227,0.00637517579206639,0.0170334829920494,0.0085603507458168,0.0116404104890428,0.00792267737982021,0.000700877278964657,0.0165246332084006,0,0.000409263104659252,0.00301245839138972,0.00592184368819803,0.00877862612971407,0.00612567594601639,0.00999718727612219,0.00818522762597912,0.0080663274232046,0.00732651267936666,0.00570626046291278,0.00790348494871586,0.00801509350020147,0.00883074014783392,0.00629520519222964,0.0106509472385634,0.010053746577523,0.00687466794311034,0.00771024355029183,0.0103224523096061,0.0143012284707332,0.0100528717899441,0.00842720507590322,0.0180384506180469,0.00723594031405891,0.00701040170531057,0.00371558534882193,0.00425525456248906
1731.04549162334,0.0169768491404355,0.0220132535693328,0.0203648313838937,0.0134597294104331,0.0235700373729653,0.0171359694513876,0.0181440163365192,0.0110093356965021,0.0118397949530499,0.020007448715898,0.0159906053087524,0.0188611678632312,0.0204850088120647,0.0217319053598469,0.0246154218248558,0.00729547167655904,0.00840792568663349,0.020399597187059,0.0181129329885784,0.0205677715841491,0.0163781771062904,0.0143839116288419,0.0125181189986352,0.0211411384037887,0.0194846184006045,0.00857578411882027,0.0167596228255352,0.0099183261618828,0.0165398396815755,0.0259865824704627,0.0136106435767839,0.0246067744391571,0.0157682242717356,0.0172528142144304,0.0217547636396926,0.0213764982106293,0.0121274413343214,0.0143671276668327,0.0194706916012252,0.0137241212043339,0.0195839204916553,0.011382089001161,0.0199251176767555,0.0260750778118352,0.0222976591188882,0.0165516929772909,0.0280871714385537,0.0263822903880392,0.0216994325051111,0.0145663278975918,0.0176784249049609,0.0108659644075936,0.0193010524524798,0.0189493543932199,0.0179568508711549,0.0204454416175411,0.0128327219456531,0.0170424113523321,0.0176187648093967,0.00952884609283274,0.0149856226251993,0.0105755594486118,0.0149116454796227,0.024002165271469,0.0231613756959623,0.0197105269520449,0.0182057741093472,0.0191200442999837,0.0157293543544999,0.0198101913052009,0.0112172068822637,0.0127799503540918,0.0308716270610804,0.0215163309827256,0.0088869367526554,0.0138256397669515,0.0157951202986559,0.0151374673655588,0.0184683821268957,0.0134582953110861,0.0217203046390037,0.0224120565005206,0.0129302698479854,0.0177430497531662,0.0278631519261432,0.012829168031818,0.021965067402945,0.0156451947442193,0.01227916306804,0.0144742479840195,0.00988468797320821,0.015312633525469,0.0326382184987954,0.0169643004182236,0.00981657440810596,0.0191788532766974,0.0200303067964802,0.013441717641368,0.012819772106888,0.0217521308352974,0.0127601775982707,0.0160734245905883,0.0188495506442131,0.015368100129478,0.0149888426966596,0.0223769688770554,0.0174287970152791,0.0248426140425796,0.02278464089518,0.00892290287762474,0.0146655541067813,0.0160817823013838,0.0147125117606665,0.0134772411239376,0.0220101162313788
1733.63853061397,0.00595179142666275,0.0220474293427688,0.0107097879368707,0.0221802638845619,0.0236114053798955,0.0166134355813318,0.0259110311474461,0.0206518317012904,0.0179027228247793,0.0173172986152181,0.0208655560800668,0.011852707141766,0.0184016655918663,0.0217286092262825,0.0106219420014684,0.0172486057253466,0.0106039978493746,0.0242636605363988,0.0142966400570705,0.0140416890751526,0.0214152962769618,0.0124514655329697,0.0195819055856984,0.0106722490013143,0.0255258533452952,0.0236741899354527,0.0195200120473049,0.0176321352815128,0.0127147794213236,0.0259754501739997,0.0131287638552218,0.0189347587688749,0.0143120810282418,0.0145873735961226,0.0123365265519537,0.0141174182953367,0.0194364771872864,0.020486723459323,0.0161601915206905,0.0131512117456331,0.0168367755600295,0.0255757656907907,0.0155911561716115,0.0148505602015387,0.0163188570717207,0.0227645914753027,0.0171028886231599,0.0115902164923652,0.0228615057566486,0.0079723186628752,0.0150094025017057,0.0164830858203445,0.0271011090266271,0.0156151988208762,0.0168182065350078,0.0211898048419475,0.0219276054564967,0.0142887004635969,0.0083202410760565,0.0128525314677995,0.0155625687983131,0.00946456849718218,0.00824080309396635,0.0138806934459858,0.0171305482437691,0.0158552157441625,0.0182958041722785,0.0152684665656488,0.0196277356851891,0.0131425721484898,0.0112483287132363,0.0166648329305557,0.0264687251629222,0.0160168097800416,0.0144353418564926,0.0121381513269889,0.0102652947829206,0.0233287893558277,0.0239087859974319,0.020145441519498,0.0167334581179574,0.0175374087233606,0.0184227821876387,0.0132414357689735,0.0156637264493378,0.013963284631646,0.0153949915483358,0.0217499387143732,0.012264030015339,0.0188454203736498,0.0166937180517782,0.0147773485997183,0.011147752648285,0.0118799193983378,0.0159008925414418,0.0219324184050578,0.015592436978127,0.022882213184199,0.0105928204578212,0.0129395801939907,0.0178374558214171,0.0144300314113868,0.024904159430603,0.0171911293891959,0.016199870955088,0.0168686405556243,0.018514454151422,0.0209708362021952,0.0127242875420844,0.0167237070551408,0.0174145300009644,0.00900880329689044,0.0142227371707895,0.0156623798356997,0.0196010412610863
1736.22983237067,0.00765019217176405,8.41949304614804e-05,0,0.0039717882340258,0.00474923832294481,0.00447398578998545,0.000810278808463775,0,0.0152699516580931,0.00318059709008743,0.00479602605204902,0.00334399763556475,0.00837029363686726,0.00278270263664618,0.0106519295670221,0.000780239979243599,0.0045911537931446,0.013333233575832,0.00501265827349505,0.0119262549693136,0.0155259563199832,0.00370689390787386,0.00845675908943192,0.00353119081302572,0.00853207476656198,0.0119980963549501,0.00693554253357942,0.00942653125879523,0.0094747888206588,0.00975390460704078,0.00536526258026647,0.0172977450746216,0.00859266132710765,0.0146922267014196,0.000746712886184347,0.0141267677142866,0.00997346320500357,0.00898038233409575,0.00676911421357954,0.00322410502361703,0.00247191954289532,0.00878785076943175,0.0090807085406964,0.0041982353277567,0.00224054055860726,0.00641336781806774,0.012747420104941,0.00943811285470114,0.00494764875388458,0.0085498687715602,0.00749625291116574,0.0154245849298554,0.0104070336544412,0.00176098836514745,0.00844119016096925,0.00759216822020802,0.00968498254131865,0.0132200373608735,0.0160709872721938,0.00178395648944489,0.0150755601692099,0.0122771782512902,0.00936576954462239,0,0.00673840182577573,0.0142992304513438,0.0100365161346769,0.0158681114554192,0.00517259567102441,0.0142941549605466,0.00796710662987114,0.00839414934998372,0.0138136646259458,0.0199746684205442,0.0134084413533068,0.00436754776794044,0.00201855666833175,0.00254713650697705,0.00809725607374959,0.00293814567388754,0.0117800506132267,0.0154027080601793,0.00543882298332455,0.0160528534529425,0.0112645658211148,0.0107203458837935,0.017070301817591,0.00627098318092165,0.0111986283929486,0.0150301248285305,0.00948149276787467,0.0109974758820811,0.0129002717043749,0.014711514648929,0.00876254003256589,0.00905343427677959,0.00232369816955606,0.00394718896029966,0.0155766605696655,0.00416098862733586,0.0112617818029305,0.0122745792528858,0.00703494040387111,0.013508376632577,0.00196956253096854,0.0113934479839257,0.00422306859511365,0.00935401162376142,0.00603798112211937,0.00162619498006325,0.00636040777505708,0.00747185952095271,0.0132189265820436,0.010271151545313,0.0135065561366915
1738.81939848471,0.0115895845112456,0.0161591653892567,0.0202411845207696,0.0170742484987475,0.0189247856573626,0.0162258175842954,0.0124853587836458,0.0197262515420226,0.0175819195362705,0.0257058737990606,0.0189500808556285,0.0147990565966587,0.0281682860199526,0.0153150236512282,0.0157522496177009,0.0146595369380183,0.0200425234271724,0.0205596087935116,0.0238219979813451,0.0246164995398905,0.0151519622047657,0.0255404414367391,0.0268435528365415,0.0271748628086263,0.0250756802582907,0.00929268563317612,0.0147067827658442,0.0194085030060895,0.0161873659076471,0.0119744923801462,0.01435236271732,0.0231966161626372,0.0184874812203591,0.0312477932752013,0.0139940610842405,0.00303934296736251,0.0179116761071464,0.0168242886891274,0.0190907958979154,0.0143148007271556,0.0158840558278165,0.023593605921537,0.0197412118391785,0.0129604548983191,0.015845454862544,0.0126953587540186,0.0194175609400307,0.0155413825035722,0.0154605811922609,0.0173972578724222,0.0211542321025754,0.0244661621317209,0.0149306090374915,0.0212696733925678,0.0258319458395077,0.0187624715044142,0.0137884423497339,0.0176898759630593,0.0150740157933676,0.0223761425702677,0.0217582097071956,0.0129015909864637,0.0243853950669289,0.0203543115209842,0.0238500298825408,0.0110818127090429,0.0202581614496135,0.0170539153954208,0.023069496954742,0.0266015231930139,0.0197805751858505,0.0156717072209669,0.0199757129265305,0.0217499668590497,0.0234317428703878,0.0166509551363041,0.0174580634611617,0.0201095547868573,0.0223372605848166,0.0230496124661111,0.0200701286618431,0.0219632341170436,0.0246098492876119,0.0222580828515134,0.014665818659672,0.0146801940822332,0.0182319068024974,0.0124443472547143,0.0145004141458892,0.0139885061970737,0.0214211082842271,0.0203641088179075,0.016846018750024,0.0170519453440772,0.0176772027026359,0.0208273878279443,0.0195612551819966,0.0218116650898232,0.0200424318900928,0.0135933745554777,0.0102867629479806,0.0194256791092279,0.0180585063437043,0.0169113058495984,0.0187253168848071,0.0168747997390359,0.0147327331969075,0.0222207557195051,0.0149737868937154,0.0162071073581244,0.0174792465502483,0.018072549183219,0.0188305204644794,0.0125237808920605,0.0202051829205665
1741.40723054537,0.0232872889029223,0.0102370313043185,0.0199074912792915,0.0199649822916095,0.025559214338575,0.0224639850956835,0.0307758848688941,0.018187739546613,0.0117441074598708,0.0340514717611715,0.0101132483291248,0.0135111764010331,0.0182035152163777,0.0164952420057465,0.0225655734632414,0.0158965261024198,0.0179437833725808,0.0173852809835475,0.0184578998378051,0.0160040435764425,0.0170051382989313,0.00896490123653143,0.0173943793757127,0.0162563345262098,0.0246262677054571,0.0116484969756772,0.00987965503135602,0.0233733498522929,0.024036337401738,0.016935491643543,0.0233722429717659,0.0266294321144657,0.0133748123388279,0.0226662148757276,0.0134950147264917,0.0181425220041844,0.0197222347115485,0.0213914725369163,0.0214411551268585,0.0215737530424599,0.0154593738045886,0.0204772283618697,0.0155116074656968,0.0158349805985218,0.020266826530718,0.0235318467420261,0.0305184918109399,0.0233230623496127,0.0205480544080124,0.0147482971346851,0.0229226254419031,0.0279507957556288,0.021160926374481,0.0197045158798707,0.0158453854856366,0.0282442727556233,0.0201771642116915,0.0210927017536293,0.0228934893355399,0.017479293039066,0.0224371286691469,0.0130048555104744,0.018925341504635,0.0143037361201167,0.0206681667935041,0.0294028092694545,0.0215718458579798,0.0271086303298785,0.013140743391619,0.0239294513160427,0.0204730255040001,0.0196591732144307,0.0184383404448954,0.0218971488741161,0.0213721196532446,0.0133977526779366,0.0241302656059523,0.0229288891870116,0.0251496732116999,0.0214928741029021,0.0168352831841548,0.0161054812287629,0.0204049016929673,0.0234586215641378,0.0203204155959404,0.0197774307576738,0.0183325041511348,0.00978335746226594,0.0167522279645225,0.0261327073451727,0.0182152743903745,0.0117346034706417,0.012190325207332,0.024681375782786,0.0255216088530937,0.0186476524759238,0.0257520734150197,0.017985530514472,0.00853226387719442,0.0214075763136703,0.0271569371693894,0.0217012555014362,0.0182265410211355,0.0223635439104578,0.0205736859128584,0.0202049289064851,0.01867178143043,0.0195634727587259,0.0250570437150285,0.0173985408883989,0.0253113238000983,0.0188062095380234,0.033251300521391,0.0186153984510211,0.020029352301793
1743.99333013995,0.0157093373078123,0.0126110663502842,0.00713717159587302,0.0115656268036972,0.0111263455963909,0.0143116290223905,0.0156507369325821,0.00314085833453067,0.0179442862563181,0.0101768956897588,0.0192200077165312,0.0158339309187991,0.0173175260101728,0.0144558742010937,0.0243770901552283,0.0177190888896648,0.0125820762403806,0.0104006299835377,0.0136785303739104,0.0118026910314308,0.019441474782483,0.00769577471875389,0.0149469980945635,0.010862620922298,0.0198166240304155,0.0106879460808101,0.0160715063024507,0.00536802834086876,0.014838181896203,0.0105595162718834,0.00787053257128318,0.0135934187985713,0.0168927529280337,0.0097416561078404,0.00862005155205059,0.0165839686269135,0.0131644331222671,0.0182670381743529,0.00826170749863855,0.00843464624796957,0.0128499358378452,0.00923323731344874,0.0151865545880275,0.0187437990940434,0.0203842473369441,0.0157594314542481,0.00922843989330342,0.0114076801237004,0.010382105747776,0.00883911394613079,0.0128015842841334,0.0191684224682256,0.0118169161685048,0.00817524069648527,0.0103688100213504,0.0187834263351734,0.00747862190299215,0.0162725287108883,0.0126346715172279,0.0126168400930317,0.00997680403154751,0.0103645980303204,0.0112818618509241,0.0156493755836666,0.0103784615838824,0.0155070179678905,0.0123008488477983,0.011245484865611,0.00491821312644928,0.0135070297197233,0.0122757494156261,0.00872116588950267,0.00533468940541543,0.0254049788577289,0.019347156893216,0.00573021208677449,0.013784369097612,0.00553237354856004,0.00616482857641607,0.0177449645509625,0.0114326766052478,0.0205673766613658,0.0140566167913749,0.0106960601527202,0.00825851300602649,0.0127782794254272,0.0162773393798412,0.0149173421373546,0.0130786420830099,0.0191308959711678,0.0139204789050173,0.0140664429577483,0.0194435007041524,0.0186835514210868,0.016829590022486,0.00922860490547599,0.0103694942788378,0.00973749375187939,0.0185872165653936,0.0176890861688373,0.017903989054388,0.0180105171359326,0.016251189012985,0.0167702791157542,0.0101830552096654,0.012645374813745,0.00613347583459808,0.0152738959451056,0.00399793440400607,0.0107939016690881,0.0115920964007183,0.00417179485879826,0.0153509035865001,0.00299817737266672,0.0241419848782351
1746.57769885376,0.0186485863000847,0.0304416158259888,0.0242246539051953,0.0247710278156433,0.0270263727827722,0.0239480682541174,0.020850683024403,0.0236822885380921,0.0323633315590117,0.0235114395165723,0.0232449552217007,0.0197232881571369,0.0292349817810425,0.0211245419345392,0.0223061128529099,0.0217808433854803,0.0253880362263227,0.0270650818752906,0.0298406268960431,0.0251429631785383,0.031230005246317,0.029632524733379,0.0275410044671443,0.0214274313747107,0.0342644372574107,0.0254007264854536,0.022846983539718,0.0303056911441175,0.0310216225009721,0.0247918856321826,0.0247929518336515,0.0255974021128567,0.0161480337265318,0.0274957390048467,0.0247243249380631,0.0234074946915065,0.0312911130543019,0.0245594500314581,0.0256892875495175,0.0185226506312546,0.0230369199273818,0.0225096566627161,0.0160023096581524,0.0276088979449671,0.0259567567125996,0.0323155875864929,0.016001456420487,0.0252870960292423,0.0215453191434182,0.0271231039584192,0.0325238243887034,0.0277559929189858,0.0270357613586076,0.0250100107777321,0.0183531445457009,0.028339585527726,0.0296871296296195,0.02524838744294,0.0320498639128072,0.018886010381193,0.0228002011179999,0.0260949795653343,0.0236321903782239,0.0311851851176448,0.0319881472969439,0.0197548923443746,0.0215112588326128,0.0357254317416869,0.0206901404025618,0.0153529940026884,0.0264248179429219,0.0282918257349355,0.0138107536764742,0.0295021598103766,0.0272712679142991,0.0220098774248553,0.0177741013402529,0.0231966226558985,0.0221439807426904,0.0179273420330118,0.0203748266393161,0.0277698084264556,0.0175424410933594,0.0192448948810185,0.0250769203003718,0.0201507513462594,0.0241105151544375,0.0234120077831071,0.0283994182207694,0.0231232047735988,0.0282157369258236,0.0257206818539303,0.0245724314248189,0.0216532190538165,0.0208768325397738,0.0267010188824515,0.0282638755002566,0.0249202074107927,0.0220517606757695,0.0272246996521882,0.0253834188802232,0.0301724182719004,0.0252005898242986,0.0268252419713286,0.0217069520016107,0.0204121110571169,0.0178462844765209,0.0315787019868914,0.0252841153958796,0.0142917527186634,0.0161719511409632,0.0214798068979443,0.0232606066291482,0.0216603828781424,0.0261645160489313
1749.16033827016,0.0332086220764188,0.0284786502378077,0.0337559267806063,0.0342362460892518,0.0218594033244235,0.0297357416986902,0.0206023213039753,0.0312799915183751,0.0304488843046852,0.0254001907321069,0.0267933557020396,0.0318229755450245,0.0310768557479904,0.0332484467717977,0.0258656578762918,0.0236726979618665,0.0310848326708913,0.0360752119096317,0.0300824163187066,0.0324997621927414,0.035929237435775,0.0289592756941383,0.030522247822261,0.0265346485677031,0.0361136393808347,0.0256271340370305,0.034050898997061,0.0305229362973701,0.0279541590468711,0.0331020122492625,0.0255530557303606,0.0321351606179187,0.0396137872941224,0.0305101446774896,0.0248778661879377,0.0252566302241986,0.0343271582271372,0.0319906460974367,0.0231404531397978,0.0308537308494216,0.0354782770768788,0.0363648668967011,0.0323312939218592,0.0316634530690896,0.0299364134731525,0.034217902154108,0.0321519430885841,0.0271430536381188,0.0371116525860382,0.0317149383198939,0.0251814501731812,0.0363789328551195,0.034485007764712,0.033547404514666,0.0263723802618955,0.032756882427116,0.0316838147594723,0.0326072124599366,0.0339359453012205,0.0290738569412649,0.031267015225188,0.0279695081171199,0.0260374131478132,0.0326038463031505,0.0267120509355791,0.026302909208934,0.0363471525737549,0.0364965130497534,0.0298105614426817,0.038364646107938,0.0383778795238342,0.0273965848200084,0.0339229387947764,0.0319716848147346,0.0253160821072242,0.0338755110972693,0.0333492986546069,0.0332330346176076,0.0310622348513738,0.0270484993302778,0.0260486898610085,0.0290509128243564,0.0368511759448546,0.0311881532097884,0.0319452446096712,0.0330723819931624,0.0325254913713499,0.0214098597574125,0.0302108603259909,0.031533787077966,0.0284905212576095,0.0292137979448671,0.0237990816123072,0.0278105170010728,0.0393205960312386,0.0251845355540729,0.0312336719158167,0.0289967217465178,0.0371444313193167,0.0318376955540366,0.0284459912155644,0.0292771894435133,0.0374519042558747,0.0278496155901533,0.0300641452772787,0.0320358634203949,0.0389500323345531,0.0429175421670615,0.0315732172497643,0.0262142699710617,0.0285350038588725,0.0261706554777305,0.0301086290321899,0.0294855305578179,0.0298180240820569
1751.7412499705,0.0191142760080688,0.0199411415590594,0.0210908125246857,0.016773367176359,0.0156445526761863,0.0172496598515077,0.0275183975604796,0.01972651323848,0.0242045490102049,0.0196701038328321,0.02372521409129,0.0112495713882475,0.0233753711009069,0.0182982578971551,0.0171493122293971,0.0200878725207476,0.0148361269435441,0.0204064132805821,0.0281585024652771,0.0289493474764568,0.0209340642013732,0.0230546734221304,0.0179952868694571,0.0141034502599471,0.017125706020829,0.0158354514916827,0.0200245962791525,0.0230733312056831,0.0249216593160496,0.0230368371387623,0.0122407371812114,0.0247050684123565,0.0212113661505505,0.0242571307769934,0.00963202290974646,0.0132271145784709,0.0205920773058873,0.0251081099707536,0.0150678126380865,0.0183694758899938,0.0207669546230208,0.0235924495102097,0.0210568611869571,0.0190639440881929,0.025275276542958,0.0214665308524491,0.0203085502031582,0.0142352417089265,0.0161307705365316,0.0105353403021853,0.0265453854117973,0.0137230497777547,0.0235730884499402,0.0149013048471128,0.0165251189339298,0.021107755493355,0.0224678630568769,0.0179816893420364,0.0259773223491071,0.0159926933528148,0.0183615767857526,0.0232115504033843,0.0118445579807595,0.0159424759909822,0.026415268562665,0.0147807823274399,0.020476271302945,0.0229458276041361,0.0267076027236473,0.0219303124277871,0.0219192206090497,0.0171170578981588,0.0198196412817776,0.021727907692199,0.0189896768048474,0.0240879793092975,0.0291565316403395,0.0159392520094751,0.0165463425141906,0.0167279975338899,0.00753875138643532,0.0217039603651844,0.0240737787798715,0.0123714645207332,0.0177691940368575,0.0206641530405164,0.0168870589921136,0.0227686981945314,0.0168879262279157,0.00983881907787799,0.0192430149942929,0.0207213876670379,0.016044123207638,0.0266464833789219,0.017476544160706,0.019786305686999,0.0154007378877533,0.0202960381964874,0.0191475263205006,0.0172070542303728,0.017073731477185,0.0229615630056091,0.0181573114458532,0.0193399011710394,0.0245818548808407,0.0147469958884228,0.0248638571870275,0.0209517427813797,0.0189683219806429,0.0102054591579263,0.0182402541385904,0.0215452153655944,0.0243785807769967,0.018320156030947,0.0154349454599522
1754.32043553419,0.0271236377505864,0.0340207943493189,0.0328616205028711,0.0365541608771987,0.0251546113548932,0.0447453597705977,0.0361153332058209,0.0313466069405632,0.0365461529094123,0.0363890640740455,0.0293910557019652,0.0361930415827611,0.0332664410942508,0.0256104956784346,0.0252553948780161,0.0352773563100353,0.0348890250103276,0.0283871695007283,0.033422064585246,0.0385642237174494,0.0410501280740881,0.0340369517785856,0.039268875179131,0.0258682428414073,0.0311267977517909,0.030653814504412,0.0323965185931608,0.0398634204381728,0.0279854988494839,0.0330390075509221,0.0287407976199256,0.0333135477097416,0.0329292115305855,0.038833430775438,0.0341065147821285,0.0340672609545632,0.040505379707602,0.0320579263283332,0.0342674688627711,0.02635170361715,0.0249558944464326,0.0369732949729211,0.0291654227218803,0.0355701626131171,0.0342020798435255,0.0358690164478304,0.0332311921192087,0.0304112345514535,0.0273996403080849,0.0294722470598642,0.0355318164976612,0.0336008819170825,0.0333222719457101,0.0357292780228017,0.0257334616791644,0.0365281453592384,0.0414101751797073,0.0452267208054434,0.034520161972769,0.0351280529073458,0.0373270816536003,0.040158484118862,0.0387141919733054,0.0321546885115372,0.0261533908923429,0.0366806447526576,0.0286768762989065,0.0298604466660646,0.0269830812052245,0.0344469768736073,0.0305962894052748,0.0251570460596377,0.0339256933648966,0.0314740915046759,0.0347302296332476,0.0276821058180674,0.0392998434509334,0.0298756435152716,0.0331744393867151,0.0381623522314789,0.0303442147234993,0.0338806310624004,0.033652665195628,0.0277445609955554,0.0258172469461199,0.0292449716102006,0.0297507966687142,0.0263800637273232,0.0263519123887545,0.0287303897884633,0.0325218004892108,0.0319327548158706,0.030993456951126,0.0349758505523864,0.0271527389093825,0.0373633647684032,0.0284128728643912,0.0350265633497521,0.0332057197031115,0.038414353208811,0.0413574484733855,0.0423174839428074,0.0348349034797658,0.0320190432201276,0.0319425601150923,0.0264389359380724,0.0262231308844274,0.0356950165400794,0.0281103996278005,0.0333845078789037,0.0256915595314729,0.0296084565283483,0.0334909513524663,0.0332810518399399,0.0260717968818671
1756.89789653866,0.0340647595286934,0.0354675824898001,0.0381611468341473,0.0401923084132735,0.0346991938230925,0.0362135845628092,0.0409095480674971,0.0373597055921129,0.0456493977185068,0.0296355922620679,0.0350924904859685,0.0361293832624763,0.0378710406121626,0.0372940971912573,0.0389924575139001,0.037825442755865,0.0439867163561566,0.0402469505462964,0.0266170263781723,0.0350837937955756,0.0420201515048179,0.0382083166849798,0.0466424522957115,0.0382163726328712,0.0380221788588791,0.0337788473916826,0.0360156418430295,0.0429357482245519,0.0465131780242303,0.0425338135066392,0.023854616007524,0.0334556306000041,0.0280288167915516,0.0414065645941058,0.0437331160478545,0.0388029531811228,0.0369252814801441,0.0362838180413231,0.0368263467320367,0.0293986532470278,0.0419418675705251,0.0422272827169786,0.0378626314591868,0.035960968288536,0.0464159202934551,0.0361830901274291,0.0373955879529453,0.0356604104329448,0.0365200120126634,0.0385609084721127,0.0396753222026952,0.0417716698925362,0.0419918189970991,0.0393726775735173,0.0366554366869338,0.0468101775498481,0.0429533390745129,0.037826844954078,0.0381584807471422,0.0443111999029966,0.031627251509833,0.0365824394273352,0.0356797965543456,0.0370809858135927,0.03856266647538,0.03824730647056,0.0413855201647813,0.0362579345804901,0.0456816113425692,0.0431065584450997,0.0337311035718211,0.0382189509420176,0.0276273415738878,0.0368216308329082,0.0499554162123041,0.0363164548104514,0.0395766196352179,0.0263333954422079,0.037830069214736,0.0373729422929415,0.0394240112295363,0.0379709157907342,0.0459887729041055,0.0392337085597924,0.0300176178771344,0.0373098564819633,0.0415544293167839,0.0350156387259461,0.0342250874703608,0.0350526982823947,0.0413388862081683,0.0306125303446935,0.0432794145942312,0.03756055564584,0.0368643291994119,0.0387495738546721,0.0364736413784759,0.0336378947818522,0.0329450986736158,0.043132389145383,0.0384056955485805,0.0398891981473886,0.0303123863825949,0.04020092520681,0.034002431567979,0.0425345006173309,0.0292684321916111,0.0399161504206043,0.0356172128069095,0.0280732063084545,0.0436938926860799,0.045409453262535,0.0420905054943175,0.0406667809259276,0.0356822980008724
1759.47363455937,0.0421446606350313,0.0457622367468053,0.0380740128470104,0.0411693924936517,0.0421142372277232,0.0415876797638029,0.0375142089179262,0.0451022292690829,0.0406022068816912,0.0486115906801304,0.0423647094742805,0.0406993288693641,0.0371893176490472,0.0446746830828407,0.0421328259158919,0.047022724775744,0.0443273453971128,0.0351168525001167,0.0385535065077,0.0403921664471213,0.0413820455842888,0.0418883717665499,0.0444038706052294,0.0396161488957853,0.0438536920213461,0.043083212245058,0.0440638085445476,0.0504441050089576,0.0364232147398038,0.033653759699116,0.0393772506894538,0.0441354398814504,0.0425044751750973,0.0401848436855969,0.0462287107376699,0.0435735882912693,0.0406637664536288,0.0455122723425433,0.0388646425366038,0.0357937054358203,0.0406532653081042,0.0388104316136612,0.0360930511910368,0.0380020199562336,0.0429413181395125,0.0421826713110751,0.0393968582477201,0.0365600325187779,0.0456760643401064,0.0388996004669117,0.046021811094517,0.0415906723152468,0.0406625395864715,0.0419405300021437,0.0425781145313708,0.0433268609928976,0.0405960549524435,0.0420218658345972,0.0385390570128957,0.04354228150714,0.0468207217738775,0.0374870052206568,0.0404425693172402,0.0397799190557609,0.0405686341776698,0.0387196895282497,0.0384797922243692,0.0366167086615164,0.0449135881951695,0.0406802742175756,0.0313238163729824,0.0446673898959643,0.0467764938305046,0.0444221590290833,0.0470400274345774,0.0388690620892342,0.0431885175905812,0.0386974531074826,0.0321507201624953,0.0416275513141226,0.0358791085304397,0.0453438508431228,0.0447495702783544,0.0429196848526724,0.043683790768186,0.042101891351082,0.03861179269975,0.03592654064078,0.110390925721858,0.0309978886775351,0.038385134336228,0.0336981702330504,0.0464252516035673,0.0370280283089574,0.0372212016148277,0.0379330461627488,0.0395831920355138,0.035626937914267,0.0360321240471691,0.0407251535565759,0.0404992754465866,0.0396775423096877,0.0399823781303445,0.0373382151532241,0.0409009056587131,0.0319025387153126,0.0384029736358437,0.0425059059505259,0.0409321877036646,0.038458408327599,0.0362714929679086,0.0403420931114066,0.0435965127931873,0.0431953607547752,0.0416088046463051
1762.04765116983,0.0463980425931196,0.0439751121200002,0.0466984664050302,0.0432603663811475,0.0365788286623193,0.0431137736813707,0.0423806783082387,0.0427234461484949,0.0437748007209516,0.046848888334401,0.0414859629838788,0.042237354958683,0.0461194886525987,0.0461259255621618,0.0385937134999343,0.0413742886611349,0.0441535589266139,0.0453989763401058,0.0461241849523537,0.0435475148586667,0.0522892837052115,0.0487636163937544,0.0454163992278003,0.0481891777504989,0.044227524869432,0.0418115841160314,0.0384163429572888,0.0502862137049766,0.0406953553220074,0.047007269322933,0.0371709859147073,0.0428484242296495,0.0473461389209232,0.0384516854398437,0.0443494271506488,0.0528315242890253,0.0483596973842297,0.0382200811808505,0.0470528722970371,0.0389104241426329,0.0510522969428715,0.0468557531489407,0.048179135161346,0.0330798896164531,0.0367902804342027,0.0436985490457744,0.0414334776673702,0.0457163887974179,0.0417637932065219,0.0365281894444162,0.0502355818337257,0.0464784796373679,0.0376964695846795,0.0489877737667628,0.0412639533196017,0.0519598316632925,0.0438999493746499,0.0390958827767431,0.0406019212543849,0.0433636752741562,0.0461315148183007,0.0400941744868506,0.0441318256932824,0.0385532004884237,0.0426099610733667,0.0522441061025617,0.0534974669209751,0.0463977731561383,0.040280830279816,0.0399579299717693,0.0507060100755578,0.0472728789728323,0.0455215471577021,0.049841509034832,0.0436095741617841,0.047574409642053,0.0369341799009727,0.0385087957124158,0.0368761781437791,0.0414661336344448,0.036222028596053,0.0375928097292505,0.0440901991941442,0.0410422832789593,0.0440723091428536,0.041966987534971,0.038988968658815,0.0401990400297574,0.175215143943596,0.036842095246182,0.0461508291380747,0.0362725414079022,0.0361131919459156,0.0428366217590913,0.0359566680352941,0.0321163424938992,0.0466063557631343,0.0460072960889083,0.0386024415841754,0.0455139714872948,0.0470817798978602,0.041137194407238,0.0475100463817888,0.0400515954587562,0.0398306176220684,0.0436978758938715,0.0481230795798822,0.0356851528448389,0.0496227111205253,0.0516757842421895,0.0416143228072016,0.0386118340551759,0.0440416007089249,0.0392362191264261,0.0385358724689276
1764.61994794158,0.0473767744253542,0.0466298847478701,0.0418030510237403,0.0513186979767231,0.043522613245108,0.0524430976466068,0.0467351350040239,0.0448960420677747,0.0502568295486883,0.0456683981477645,0.0483184570992634,0.0453430101033408,0.0476353388364396,0.0557440814839865,0.0457222593381793,0.0478869065644038,0.0407180096495543,0.0502244192715202,0.0493292134308764,0.0494738809092753,0.044050944251169,0.0414557063525087,0.0550398213317579,0.049658093317636,0.0462840126366638,0.0483951438266617,0.0410428837653311,0.0468631092420804,0.0521664865094648,0.0414447710462594,0.0485821559834066,0.049098812246062,0.0484634470436784,0.042226558477538,0.0397490028372033,0.0398636667086243,0.0516100008675673,0.0420014490607617,0.0497180481301992,0.0453755444917998,0.044286762097611,0.0505835899782439,0.0453765022310768,0.0486505118562262,0.0469385759203606,0.0520301730590429,0.0473526635112665,0.0423020997148192,0.0411635485465553,0.0451734500225345,0.0523167845851048,0.0469291043662183,0.0459153125456078,0.0416282912910611,0.0455798484567936,0.0502786514056816,0.0404915208368848,0.039508014781795,0.0476404778383475,0.049324071970104,0.0410866290280074,0.0421815728199155,0.0439755807231564,0.04981932758373,0.0452361943139213,0.0409090412894369,0.0573727684581195,0.0462752116821979,0.044599142767492,0.0531732578115054,0.044466172668547,0.0504681553504287,0.0454074579454071,0.0453197728823508,0.0396642091687054,0.0457494728154239,0.0516172715357843,0.0416390346437586,0.0487319148757564,0.0469055238336523,0.0470578688209372,0.0417867247128279,0.0461885009682711,0.0492791446890578,0.0389494370764752,0.042419436160396,0.0519927984928782,0.0389643955305949,0.0531768024815362,0.046009473198942,0.0472062774173505,0.0443458054113088,0.0441881078526999,0.0492064752469809,0.0391469338109544,0.049275535189059,0.0481245597592974,0.0436112171007523,0.047281069075751,0.0475843353769461,0.0425696026021831,0.0409954823418874,0.0403720526475275,0.0392754746245829,0.0468011162459948,0.0462432018866382,0.0419174150676474,0.0483485248655658,0.0483275650086109,0.04870841665338,0.0420113154021144,0.0457200336371238,0.0527488374008875,0.0412917098444932,0.0434735812968473
1767.19052644422,0.0368052597590835,0.0361016172908302,0.0418238899942788,0.0432349875067241,0.0315646648058394,0.038506264152289,0.041255385062477,0.0386406312747904,0.0507730532159955,0.0385100393489916,0.0367667130953587,0.0341740591027666,0.0454615341792444,0.0464213960996085,0.0388970874460149,0.0329402489786739,0.0296248546128511,0.0468474026867588,0.0426669653993891,0.037381658995705,0.0363971629362686,0.0357634278180711,0.0448682402447899,0.0440230442923161,0.0428831185363328,0.0438445029082915,0.0365649431618661,0.043475605371532,0.040530638494522,0.0451214831058834,0.0380852237612765,0.0393818447651068,0.0426331986496817,0.0443958792099416,0.0368371534797971,0.0402878248032721,0.0431320348378411,0.0353331713315019,0.0385223667092104,0.0380705363446855,0.035892698706977,0.0521706188387822,0.0381881202637141,0.0437995355587271,0.0403145533187178,0.0372345676576127,0.0417663019277167,0.0279616009693967,0.0345933751239411,0.0395785450472158,0.0408839613610288,0.0373508555321735,0.0363313664385817,0.0487471185778409,0.0337084376479631,0.0382834913513576,0.0427445904455073,0.0350013329411389,0.0387976199311984,0.0347906384188378,0.0399196766311123,0.0415268261551308,0.0444094033665764,0.038477189931098,0.0413053436920739,0.0465872578441306,0.0461931337486923,0.0351448314289637,0.0350233865658519,0.0358406681114316,0.0377047541031689,0.0293200861597219,0.0320711822499194,0.0474858067109808,0.0467707209362924,0.0345066197611854,0.0316816046050279,0.0376897769849338,0.0442495443405789,0.035686586652879,0.0359124512136999,0.0460154784463368,0.0374340622876689,0.0368353584158598,0.0416286584403027,0.0429079764920828,0.04094411805527,0.0361029019513279,0.0368110983630703,0.0360321886714453,0.038740371268439,0.0322389715717269,0.0415041370456826,0.0366958817438031,0.0362971512688056,0.0356970069546829,0.0341651926544489,0.0406939570822439,0.0427456302886377,0.0309627856389557,0.0414335348599938,0.0370706753576017,0.0398040314776286,0.0410538328240705,0.0410003393904033,0.034077035857822,0.0335457044394665,0.0371544543754281,0.0376036268321752,0.0340310668837419,0.0429973760142762,0.037461549400245,0.0532661704602758,0.0374033541090849,0.0356912479551687
1769.75938824539,0.0262697058131564,0.0360741747117176,0.0353742169233235,0.0324908246817883,0.0342504190556799,0.0329277819191712,0.0270383372860683,0.0324222916019253,0.0333201806554905,0.0335742558764286,0.0344615545157551,0.0225288576269228,0.0348095620591689,0.0322541326115015,0.0253928983278974,0.0378711210234082,0.021864236272894,0.0396615640541112,0.0321895561604113,0.0362672413484003,0.0391930775185562,0.0369531394405708,0.0325885980316404,0.0285385094063116,0.0351234837758507,0.0309524000481229,0.0249826771118127,0.0219702252486305,0.0289308260837211,0.0374626959532014,0.0286675447278768,0.0307012301267514,0.0277066502764216,0.026901860472873,0.0234877249141037,0.0223821824432415,0.0341302581941148,0.0325643053032213,0.0195804907769223,0.0252787869673496,0.0264251135398978,0.0347489249804539,0.0393280700270901,0.0233722600286705,0.0320988608049292,0.030384949592824,0.0323686799300863,0.0268111233615296,0.0313355351833908,0.0186455070673337,0.0321967080120918,0.0339602452572582,0.0239961754114703,0.0297944842436069,0.0246702761114922,0.0395554060790383,0.0332237085524997,0.0316311790778286,0.0310886362497824,0.0225125406978571,0.0332995547228799,0.0225724049902058,0.0227019406547958,0.0345328750349612,0.0379597037347392,0.035894014043505,0.0233124966779125,0.035093713166222,0.0265981773341621,0.0279974855553189,0.0382308845568145,0.0215057922002089,0.0187712174391028,0.0330595872367141,0.0329833152426521,0.030529177336284,0.0266329770009481,0.0293976344315507,0.0332532594356041,0.0261733929328139,0.0308569567591947,0.0270000728116955,0.0281710667026869,0.0283471315814169,0.0265929145692475,0.026890356699731,0.0365004166393307,0.023300129880623,0.0334820566880753,0.023898384673545,0.0359341016951454,0.0283631544728253,0.0323793623075865,0.0310523210932973,0.0334835262076099,0.0227139494435291,0.0241198955374388,0.0233294243615321,0.0321732195303796,0.0281475131373777,0.0292031023379068,0.0353630926224145,0.0354606449735476,0.0307809077736508,0.0347023118977877,0.0301383737118481,0.0246592477490946,0.0276636004582367,0.0241317358693505,0.0266609512003401,0.0301822970672279,0.0253890702185949,0.0357224358046427,0.0308327477827893,0.0332620702562185
1772.32653491077,0.0284597391381041,0.0217624363046246,0.0257075942064849,0.0395781292270074,0.0326431723016052,0.0279404181638562,0.0271158241536609,0.0251125251454412,0.0300894278161037,0.0264877122983972,0.0234943739294327,0.0298272317387301,0.0348342240107329,0.0262542254137758,0.0287121995721475,0.027405736805364,0.0212827960197433,0.0248227605667149,0.0233989185355693,0.0308120132719072,0.0195555675462934,0.0302796092231451,0.0310641534502309,0.0262683012964351,0.0323424204880027,0.0303840711840533,0.0310118938968456,0.028556355543005,0.0283876002328401,0.0282145449083885,0.0265984962450901,0.0375601393836868,0.0214124075868979,0.0357103226163203,0.0267094474507742,0.0262167322560931,0.0262854692110053,0.0265205537487571,0.0273560935686736,0.024671331016316,0.0319748799806055,0.0315106656361918,0.034977021669639,0.0266682743729455,0.0212073273257495,0.0275267168197469,0.0268540785962269,0.032273701719453,0.0292061560818211,0.0312412373144226,0.0289650772483878,0.0306063958686173,0.0267485587460605,0.0275423764935212,0.0307728223323563,0.0356899693998133,0.0293646454138113,0.0233425153245002,0.0184760565033512,0.0263612613835711,0.0272642852612005,0.0281020937244317,0.0276429129839493,0.0300604501915975,0.0264091026107249,0.0235414699694326,0.0267402883920553,0.0284524666382196,0.0260100880501646,0.0324242113700956,0.0287534111838912,0.0275794860372966,0.0331292296743717,0.0330815012658487,0.0247401724441989,0.0238073955027583,0.0265704045365844,0.0298977537108136,0.0146516604868285,0.0306086938425223,0.0280386470757531,0.029133445008698,0.0227550427723276,0.0210150646330372,0.0376653889112909,0.0219374084023132,0.0266178941978867,0.0288258154927138,0.02856309563402,0.0304321796359255,0.0207955339378043,0.0261621259874884,0.0276087527426704,0.0312250286569402,0.0307062110863223,0.0231954249432874,0.0312858234748796,0.0238266601838948,0.032126147474294,0.0215126162389469,0.033706590272807,0.0260544265090583,0.0240750535362949,0.0286029403155891,0.0359118794261283,0.0251425924216397,0.019110871583869,0.027655390651015,0.0257271825571968,0.0310728149166466,0.026812193375789,0.0265564712443028,0.0264413111429668,0.0335386628679322,0.0298074860724697
1774.8919680041,0.0494443933804351,0.0460417912290887,0.0442737481332741,0.04454453866561,0.0462209774934009,0.0329761428190492,0.0480684774567951,0.0449278685170021,0.0361704410048036,0.0440381622851915,0.0432645868003145,0.0381827765136869,0.0497922554938842,0.0387228111243393,0.0410210230604653,0.0478412823683077,0.0405191657444958,0.0523070021418665,0.0355514175361953,0.0368819852644828,0.0459916012650787,0.0410207849011671,0.0413669794502248,0.0481952594515384,0.0422295019447531,0.0410226349952543,0.0392741129366346,0.0384791987534722,0.0488194729840214,0.0336204751138768,0.0402371997315618,0.039954554241901,0.0398673857045046,0.0472913764452428,0.0360297527785991,0.0451133165920755,0.0408859768335996,0.0370697708296883,0.0485086080405765,0.0390093898528158,0.0431096570472942,0.0424559845377543,0.0400601697276592,0.0445358031427801,0.0363745895808614,0.0461739183300569,0.0422596422893477,0.0465418593930534,0.0440395686849942,0.0356369749064868,0.0474486492271645,0.0474201018737207,0.0401289997662783,0.0447683318220626,0.0408277657684539,0.0473925115508384,0.0536651147136804,0.0464666201715121,0.0404790179943373,0.040233562781312,0.0338897510025953,0.0403358343009152,0.0398275279534447,0.0431768495754658,0.0401667992526598,0.044046362187776,0.0385899458356829,0.0411733732647566,0.047746520921877,0.0413359974950382,0.0354883331346325,0.0353517202969805,0.0353703839801369,0.0359116132456094,0.0473778671182046,0.0449272278943468,0.038094784393949,0.0430213238836579,0.0490264144617097,0.0373065214499581,0.0335122023074442,0.0377986026166993,0.0369743813477627,0.037795608866899,0.0371251462282127,0.0473487462022797,0.0392167544407618,0.0349423327655005,0.0388480055265035,0.0348097493038363,0.0377427879329982,0.04421242478775,0.0439244173874261,0.0330105116221329,0.035146143630964,0.0371415818695463,0.0401499470017542,0.0394005632434364,0.0348755553378699,0.0468611491522767,0.0376907125477635,0.0391456610316774,0.0372283552666308,0.0400602505622677,0.0398263762672383,0.0474903007499425,0.0372648679382164,0.0415752772910085,0.0351527121838206,0.0338430072168213,0.0367615354460613,0.0354627034262804,0.0468107881769631,0.0351933466619586,0.0396797633778183
1777.4556890872,0.0572242667921596,0.0565879391242991,0.057454323529953,0.0511650044560837,0.0457671287761357,0.0435966063601036,0.0564456862641684,0.053494199983442,0.055928265022564,0.0457710079075458,0.0548847647233314,0.0521950395240672,0.0599970823260203,0.0528531535560529,0.0516875044442148,0.0545343414033483,0.0499005382966271,0.0567613850898359,0.0477404588140681,0.0572128055646715,0.0510906297575425,0.0586444070855234,0.0597454927092016,0.0470939370417288,0.0532507379565735,0.0539319974939316,0.0563603311068135,0.0555896788372583,0.0428388659540435,0.0504319753930857,0.0481639172354511,0.0468865029460285,0.0492265277412782,0.0616451769745537,0.0547559671137753,0.0590371685883367,0.0544029192833333,0.0559339048320608,0.0558008765619802,0.0555921695147332,0.0603844535930317,0.0561582848569771,0.0540248906066272,0.0511342730032333,0.0569987126083802,0.0501689864775839,0.0522056570138778,0.0504325044572775,0.0518116566274608,0.0417160329633092,0.0497088974666119,0.0620341423902076,0.0496437330800168,0.0464773773823952,0.0447656412419646,0.0574088987647822,0.051006261500366,0.0525621366038711,0.0542854396528923,0.046929137843138,0.0553716958325938,0.0609406802700436,0.0548205251561481,0.0580300590346916,0.0479174181957662,0.0476144456586881,0.0577437131513013,0.0555870510785017,0.0561467042349881,0.0502844258123291,0.0534157505729961,0.0426063562465618,0.0498017744205331,0.0531901621802445,0.0595871597282226,0.0521809147144504,0.0573558349667769,0.0512551677658516,0.0594227642373436,0.0429281378516908,0.0582860191401155,0.0459578148682588,0.0474190806585855,0.0518132497506573,0.0577009325603104,0.0474317702510797,0.0518516148602527,0.0477471968952306,0.0556692519844627,0.0479912301739341,0.0524786074506724,0.0448150540700991,0.0537997351130996,0.046392572679728,0.0479082136012581,0.0466479961250252,0.0484962482435331,0.0472122492024464,0.0470464575530318,0.0513151253553841,0.0606353185192864,0.0500908080143333,0.0580412365106618,0.0530653441925127,0.0544506504931743,0.058950257291306,0.0510518938225756,0.0527535329889986,0.0518517560858682,0.0455988568474635,0.0522818252979446,0.0499074444270948,0.0480228483485117,0.047211997775493,0.0559687873020863
1780.01769971991,0.0523512237948372,0.0644167036697686,0.0603693606625627,0.0497330492815832,0.0588754751658489,0.0520345817876169,0.0571829615936672,0.0632268848907844,0.0582632178649682,0.0469936039846674,0.0511915502438965,0.0539776097776717,0.0564035959871232,0.052922821691027,0.0523180935343823,0.0485873723476653,0.0527240558344088,0.061251843495165,0.0572153057946854,0.0595258004568762,0.0595152618356068,0.0573462001874762,0.062081508473338,0.0608547893380841,0.0467319499949796,0.0640856704782742,0.0559073225573936,0.057333432284576,0.0583846859973672,0.0591572309704455,0.0556031553626982,0.0593563476957863,0.0537877896140092,0.0596195084768428,0.0580844323693556,0.059640546413142,0.0617945135138271,0.0571747080444444,0.0603503169087763,0.0584055706622902,0.0555019287598102,0.0628233561305767,0.0470212552978098,0.0529240143358383,0.0554296537432744,0.0491164699571922,0.0522956246134378,0.0505228993170423,0.061258672392943,0.058263600143498,0.0617610685404836,0.0559955723912333,0.0536205331923598,0.0621100146172731,0.0476214110537861,0.0588375748797242,0.0573843402054534,0.0641985564796602,0.058797716226598,0.0642034561196225,0.0554830554085152,0.0626908260665565,0.0548803884121076,0.0570696046931208,0.0480129226777819,0.0619723200294541,0.0489872632248413,0.0573371457612011,0.0512107848582353,0.0548210759119375,0.0512999085789809,0.0487894727937282,0.0620603633229445,0.0594199727574979,0.0591650257413707,0.0655884103604533,0.0530001338562066,0.0578831836257746,0.0567564394910065,0.0624987133725517,0.04841985148421,0.0568594823626696,0.0606223593502219,0.0513100242934177,0.0622265292289632,0.0591313364643747,0.0486465082865494,0.056154448524286,0.0524821816305946,0.0486047960174186,0.0672521587014758,0.0498247424074462,0.0588540765700252,0.0529804267626235,0.0540786312826853,0.0545124085687635,0.0552167928388963,0.0533894160652036,0.0587017128393938,0.0513991128474103,0.0569024210247151,0.0637992452193261,0.0581998793578692,0.0625818501561295,0.0552371222018426,0.0502378317061874,0.0577201819053129,0.0650799501081859,0.0557824224768552,0.054594689391798,0.0606432810865221,0.0544874833594344,0.0558527479093524,0.0538311273166602,0.0552860782750312
1782.57800146015,0.0657215478634945,0.0612664752798139,0.0589835898056335,0.058044310843668,0.0552472003472794,0.0593998474024826,0.0590544340772455,0.0594535542196377,0.0677279551819503,0.0602798785094355,0.0572573650893474,0.0532404788676948,0.0645514863686001,0.0551966974156129,0.0580216039755805,0.0713371768218251,0.0726183497269535,0.0619342286366214,0.0447198870046909,0.0635166759320095,0.0542759556228479,0.051345082074715,0.0574865488462256,0.0565298657817396,0.0638666534718181,0.0569623935520472,0.0598847194105633,0.0552629217108146,0.0508244493374713,0.0560062810694532,0.0552409492650461,0.0648616314322102,0.0583863573822405,0.0658389962699444,0.0553856227249621,0.058054116023855,0.0574587616918178,0.0584525194892275,0.0632688071173097,0.0546285417913454,0.0584242849148226,0.0613630855906119,0.0627189848967382,0.0558270127312366,0.0517274995613762,0.0543158135259029,0.0535213107139176,0.0616116990939827,0.0718347637718021,0.0545321968660061,0.0575902116185912,0.0550270433123729,0.0676683948395404,0.0611150859517765,0.0549894616685808,0.0718087320165417,0.0559263404869279,0.0665132866608222,0.0578581252757665,0.0548814656325713,0.0633155332707269,0.0561434278611919,0.0594122149194427,0.0663385209319483,0.0585835108534268,0.059393706209505,0.0626271599244525,0.0547064059348148,0.0613562245819644,0.0610628880774582,0.0542412439042619,0.062766388780245,0.061097687172875,0.0629155437553468,0.0659401370647691,0.0590128938122132,0.0591317136945877,0.0530542710709238,0.0584925457592575,0.057621134752479,0.0573038337426062,0.06021761724664,0.056985156925021,0.0564428471867429,0.0568040288849251,0.0576339859156435,0.0597114575852459,0.0629357675755818,0.0542065514151601,0.0552825758337543,0.0623847352795748,0.0570561814559708,0.0547696660402242,0.0632833332644848,0.0520004426020163,0.0529017141025024,0.0580955614598505,0.0568181159383424,0.0554875961810807,0.0548246606164626,0.071017195639961,0.0535430881816044,0.0507724207817071,0.0625660898759778,0.0592626275353705,0.0590384166563723,0.0545179676888707,0.0596621359580282,0.0586360517795875,0.0563560529625011,0.0601856236598425,0.0657065817733531,0.0522032229389443,0.0501587189146691,0.0620835490457281
1785.13659586393,0.0653358270586137,0.0553991684219915,0.0663107871490719,0.0588427118292939,0.0576066793172207,0.0618088642284343,0.064802126248591,0.0591042024501895,0.0548596238407643,0.058842372229029,0.0567086373128028,0.0510058829915789,0.0519844046851483,0.0564219814364698,0.0587257470712498,0.0599521953831951,0.0557326111627507,0.0643005460231665,0.0548187560039777,0.0544139172027442,0.0534586728258643,0.0595995545256403,0.0566800262944128,0.0549864444481034,0.0689540792630106,0.0593710821157446,0.0633495396053872,0.0565297296416554,0.0565256418539783,0.052349589027663,0.0528242450950928,0.0709040712846551,0.0614107076428167,0.0606042164496347,0.0472108852797301,0.0592867594070062,0.0593226965753577,0.0647344196936713,0.0606654532142458,0.0569621860245551,0.0591643245489783,0.0534100211535038,0.0524736532649957,0.0549982823874344,0.0621572110800345,0.0606824912358992,0.0586307695076357,0.0530058617303054,0.0595158003982422,0.0552298915905824,0.0637535595728267,0.0641613693429493,0.0483056956848696,0.0518249222979644,0.0551220567791484,0.0577879191204245,0.0674426657161677,0.0578550626096233,0.0569555717028067,0.0622419125424078,0.0678913344307665,0.0513000123011607,0.062317458056798,0.0631909903078726,0.0516101710614768,0.0534590680948204,0.052269878186677,0.0499036767076866,0.0425642127131527,0.0551082248804857,0.0583354208448639,0.0634824838930119,0.0612770985865652,0.0597969996942754,0.0523730384119307,0.0580353858275895,0.0597989073472246,0.0597548299909282,0.0564445364244731,0.0605715193723766,0.0557662684414328,0.0571151180546996,0.0582845245450964,0.0571334900142456,0.0497544183244523,0.0633421753469953,0.0593163570568875,0.05700519070037,0.0532582812041429,0.0433647476528028,0.0592421128580829,0.062138604104704,0.0561196591421845,0.0562832222606603,0.058244849474768,0.0462922131684853,0.0538084513806725,0.0608408007437103,0.051206062314852,0.0511264523710569,0.0567850856983231,0.0465959902986354,0.0569944852416316,0.0630912621108501,0.0569216841314909,0.0547670358309599,0.0574064981008143,0.0570597773860107,0.0581859008463658,0.0581543275655623,0.0486951055165915,0.0544085184132086,0.0595590940276095,0.0530457116560402,0.0678563980519799
1787.69348448529,0.0511942181806598,0.0506704230769384,0.042225779078668,0.0526676624946051,0.048640369547683,0.050384779071725,0.058523365759493,0.0531497422505618,0.0480301634950795,0.0476014141268471,0.0531272741021827,0.0442077039869827,0.0527552167897072,0.0490086142502199,0.0465965582811733,0.0497065295721788,0.046576462488185,0.047481902261405,0.0401967836291538,0.0491777394633116,0.0526791304177114,0.0594650724669223,0.0446551336657572,0.0452419771671309,0.0460662766875575,0.0500882916707504,0.0520217744688544,0.047381258319693,0.0380190511616133,0.0508945192063329,0.0347698517654105,0.0524786024061251,0.0537281570005679,0.0455569609134283,0.0467890625565865,0.0366254022691135,0.0455380945367451,0.0578084937012253,0.0475376391569357,0.0499446248949231,0.0555027902807507,0.0487586756543741,0.0428188275836403,0.0455928407695202,0.0509363456488509,0.0478779375336291,0.0461905082238591,0.0488216207493681,0.0499642431563221,0.0515717987377933,0.0526102211803254,0.0576762139131884,0.0523933676119401,0.0470156787804366,0.0496976212368464,0.0495584905756054,0.0559373805889328,0.0525363064983105,0.05005258397098,0.0513291652076482,0.0489014147347766,0.0498276257661784,0.0502900230723732,0.0487594788360416,0.0562110083538041,0.0560513274101819,0.061514458466193,0.0545247419507678,0.0494406986682711,0.0569758170999184,0.0485224253063319,0.0537082768297929,0.048787988513178,0.0533902357720428,0.0564685385266548,0.053758347302052,0.0407002442341207,0.0495258476090308,0.0489752250539562,0.0507601847421566,0.0438073100021423,0.0572968921107263,0.0547210093543982,0.0505825572431755,0.0538364516491549,0.051442448444768,0.0518409769424781,0.0472317677699868,0.0545130943010239,0.054499409844365,0.0499529074174186,0.0443103102146937,0.0445530236342579,0.0545748333717834,0.0518220099920294,0.0425173127073363,0.0473419964915019,0.0426185821533949,0.05910698798067,0.0513209206770139,0.0587312688017779,0.0511401423405825,0.0469187664531091,0.0425004806517661,0.0551518479269702,0.0472547726139687,0.0471225361155677,0.0494937471839958,0.0494216121861542,0.0460065380573359,0.0460969875263156,0.0502999461733101,0.0521454082214762,0.0483593373428606,0.0508108294707255
1790.24866887635,0.05033098324166,0.0520374432582787,0.0447477692777405,0.0589325685649079,0.0575652734108544,0.0473202651860434,0.0517341518989723,0.0540055401402707,0.0488765548433659,0.0385842479323272,0.0500951815622663,0.050221593268215,0.0535622287226716,0.0443420568698853,0.0462557067497749,0.051623429435379,0.0544915330036731,0.0488230513975262,0.0487195761899794,0.0450727995680723,0.0502933200713737,0.0483086871532702,0.0471382345813793,0.0432215202222751,0.049578633548092,0.049779256484703,0.0451248718746136,0.0432207386762291,0.0493047873163599,0.0489340018876458,0.0460074161254928,0.0510940378862528,0.0433972510404015,0.046416261680681,0.0381356345231143,0.0512879961613248,0.047477134769143,0.0454012322726203,0.0539021380105762,0.044620314609642,0.0590917393545772,0.057203554385857,0.0470213557287186,0.0512981674338313,0.0424622750839339,0.040195782128216,0.0480763521935415,0.0380972775011351,0.0464562783690059,0.04740152333081,0.0447556355430027,0.0545840089012973,0.0492713427905218,0.0394662920096538,0.0543801580040515,0.0563229001174964,0.0439082110425354,0.0434010362332783,0.0475779398738975,0.0454472319530095,0.0392797630951588,0.0439475804816089,0.0471704211773351,0.0558808006453691,0.0449164124783408,0.0484977435011197,0.0501159428394252,0.0503480432734729,0.0479965162325076,0.0433108178139884,0.0459982031352868,0.0439713085658376,0.0418607212254029,0.0520097511524688,0.0517887716766119,0.0500746709975275,0.0408903065108236,0.0453537217619226,0.0590075037227178,0.0465511922504891,0.0428931770241152,0.0515597053952832,0.0484724539757426,0.0513478604092066,0.049080295430691,0.0445429162677983,0.0465921557933532,0.0452560672449741,0.0493034524023555,0.0475867656396228,0.0541961222843322,0.052197885706432,0.0492159053652847,0.0550055835342687,0.0459889173235862,0.0449342701051173,0.0514393147658397,0.0500578915059023,0.0449620676042064,0.0460443798844035,0.0434621450768235,0.0420840861150381,0.048314874549663,0.0486408412034301,0.0480831641554507,0.0430557279069394,0.0445807671197707,0.0514114291976196,0.0356836831210107,0.0506757156283126,0.0485170895391518,0.0511805349092078,0.0529953899501408,0.0486019413543632,0.0582558238297385
1792.80215058734,0.0439879158070023,0.0578480285869855,0.0516453112836879,0.0582243278810421,0.0600341640682642,0.0548347221967477,0.059240713642587,0.0486922178049075,0.0497603966376538,0.0514717004807076,0.0537526564021338,0.0516721918239138,0.0575980299320091,0.0527234471784637,0.0470713253057427,0.056884562783602,0.0476070160352527,0.0595371747445025,0.0490271649258973,0.0563238068769335,0.0534261042504165,0.0535148255274156,0.0544821494567703,0.045630410281803,0.0591692381195642,0.0590026431624365,0.0508975286045743,0.0478990862138115,0.0639340474446013,0.0410537538404595,0.0468319424204281,0.0532477097857718,0.0508327104963712,0.0560685355635282,0.0504641021668851,0.0526308760315752,0.051694815873924,0.0540030521120468,0.0525217956264052,0.0509292724545225,0.0516211904830882,0.0553471784791474,0.0468396827229096,0.0618857943472173,0.0508313059440611,0.0483704922171643,0.0554951613638726,0.0493337832694989,0.0517220854451341,0.0520533122030475,0.0542814512195539,0.0582400130209724,0.0467441922773949,0.0530624647016337,0.0501494327077624,0.0573761568695777,0.0589148080973726,0.0519177900797899,0.0550205378188741,0.0457059670836137,0.05823790885883,0.0558852842384187,0.0535132248543985,0.0494538676061388,0.0539866147205878,0.0506030726143765,0.048258326418858,0.0578041306215404,0.0521618638664699,0.0580430147856985,0.0518784710800566,0.0497857601548101,0.0504391889684926,0.0534385388514603,0.0554084397067759,0.0453161934538644,0.0504681153225631,0.0483331810745492,0.0527031891460939,0.0535095090147103,0.056876898545083,0.0518139629763136,0.0504274524172254,0.0476714448595326,0.0582296943479481,0.0525691642098949,0.0578037917616551,0.0527411541102016,0.0370877793790762,0.0407109434454626,0.0506063080127361,0.0524732510971796,0.0593136429271381,0.0517956160490135,0.0551072903240753,0.0529837185666384,0.0516954617486726,0.0530781961440362,0.0556975569522621,0.0545754650387538,0.0560594236342078,0.0417922263856735,0.0513819754817449,0.0553225892575158,0.0559943361275396,0.0525471350657203,0.047029426105007,0.0511440582588402,0.0587264865707313,0.0587382097645889,0.0454395363033237,0.0554000781335367,0.0577219384747862,0.0434457752820232,0.0636135493415965
1795.35393116651,0.0658198595008331,0.0741609543662798,0.0694253690178824,0.0785844596670596,0.0690324589945533,0.0695994285686137,0.0656887576511321,0.0710695857763926,0.078508003184572,0.0687699894378676,0.0835436507803728,0.062868885908744,0.0622024015489306,0.0779480432021152,0.0714267596047192,0.0710016339052996,0.0627395094219215,0.0697390900999383,0.0625766274223548,0.0725360459647854,0.0763270573367763,0.0771901250847851,0.0741905119174968,0.074434185981543,0.0748382422638911,0.0766415784163026,0.0654952403404273,0.0696681021277488,0.067580461204397,0.0689450481848291,0.0680673059718392,0.0754432084545726,0.0717368889477163,0.0756083612563207,0.0721995188718256,0.0729326701097544,0.071076230411504,0.0714727360982515,0.0650754317778537,0.0633494984437597,0.0702664131230263,0.0687638537446063,0.070465695779236,0.0682039500525893,0.0695376671906896,0.0797467678849171,0.0684470886221884,0.0666366151557906,0.076681944150764,0.0666254464606973,0.0714321655590985,0.0697627498113222,0.0698976934437353,0.0739174076450102,0.0733681040620566,0.0762993040268873,0.0773349108166863,0.0698296481782473,0.0674406586855952,0.0693059788393799,0.0722932974811436,0.068416319130103,0.0737540034079597,0.0736384712925308,0.0757302399695924,0.0776453088795728,0.0738284797098668,0.0713714273033117,0.0719665301869024,0.0761493566023805,0.0650478162276488,0.0700436408571105,0.0695516773064383,0.069316834311964,0.0717340312214369,0.0611711749823432,0.0765846390898303,0.0683156220834947,0.0649923226294994,0.0699658458057816,0.0692462702175872,0.0710528193088606,0.0638526879383707,0.0753876933215991,0.0735186996489652,0.0755213515062824,0.0657677643786739,0.0741216302317363,0.072039246011342,0.0722320312462349,0.0723565313211474,0.0604347570595139,0.0770053547480571,0.0743705779377503,0.0753107103068484,0.0711419580625681,0.0680561036075538,0.063934741147509,0.0786159625689438,0.0730586345872245,0.0670254550010466,0.0600831616946841,0.0708216978459682,0.0721152666499351,0.0676789492665897,0.0697213579928708,0.0726312832558967,0.0731409464704613,0.0634345917156216,0.0696348484697442,0.0639847529203582,0.0728608931803104,0.0701640517136329,0.0638746792530458,0.0695419616238954
1797.90401216025,0.0501727295238472,0.0607691548378543,0.0585050111878324,0.0558415244013061,0.0531792465012707,0.0555517002715016,0.0568207377135889,0.0556758008133001,0.0521866544754644,0.0560380609607584,0.0555529882881766,0.0536602098998656,0.0577981699912419,0.052246278544937,0.0577683781405184,0.0564962457902973,0.0597757209490332,0.0547156101026986,0.0525062199668877,0.0592424546263849,0.053229789730179,0.057193487523229,0.0548110444726193,0.0538523990757394,0.0466045238091674,0.0568979304524708,0.0460776940840742,0.0573677196114773,0.0519788830643154,0.0616789664769023,0.0501559307458719,0.0546675603971351,0.0561479548754524,0.0574285985697358,0.0548368227848648,0.0515322457119167,0.0563226378868212,0.0575231480543671,0.0587672621639896,0.0548226016924073,0.0528840810474778,0.0517467347144441,0.0565410685929543,0.0573324239757276,0.0541243600512842,0.058054566337496,0.0594532567091759,0.0521875403211128,0.061821335422957,0.0499382332310769,0.0598951965809131,0.0595155996084716,0.0585264933926067,0.0542601480510749,0.0591432349577732,0.0578787511523974,0.0547360069507815,0.0553009132003434,0.0541014609291898,0.0468907386437145,0.0556479125005565,0.0509811056255963,0.0607666226169572,0.0576661292892671,0.0546585176858132,0.0571963841659537,0.0603103393865541,0.0606805675907844,0.0611629066049727,0.0509199914408973,0.0576171984087952,0.0498919049201703,0.0544514750507704,0.0553016218371659,0.0550499691830538,0.0553757593263843,0.0576330279688224,0.0494774711728262,0.0571247078782038,0.0475064346241376,0.0464263097541081,0.0535147647344617,0.0528164477183766,0.0538697358509807,0.0511244400776441,0.0703893808413588,0.0611775372826378,0.0484240375008397,0.0468954009700131,0.0528263081608205,0.0486031052893761,0.0487643391459266,0.0585721913389455,0.0612523480955852,0.0557814535432778,0.0591238339664287,0.0578601480103727,0.0547751950998569,0.0524374501835233,0.0453110193465811,0.0585503937436076,0.0467738406950804,0.0576292719285794,0.0642670314095551,0.0553875560594562,0.0487008772608446,0.0525886907180532,0.0535010334815201,0.0542619308348366,0.0531622304823691,0.0521262373614424,0.0634043674114762,0.0502882200735414,0.0462906990205848,0.0584997494180461
